<?xml version="1.0" encoding="utf-8"?>
<COLLADA xmlns="http://www.collada.org/2005/11/COLLADASchema" version="1.4.1">
	<asset>
		<created>2026-02-17T06:55:56Z</created>
		<modified>2026-02-17T06:55:56Z</modified>
		<up_axis>Y_UP</up_axis>
	</asset>
	<library_animations>
		<animation id="anim_Waist_transform" name="anim_Waist_transform">
			<source id="anim_Waist_transform_input">
				<float_array id="anim_Waist_transform_input_array" count="56">0 0.03333333333333333 0.06666666666666667 0.1 0.13333333333333333 0.16666666666666666 0.2 0.23333333333333334 0.26666666666666666 0.3 0.3333333333333333 0.36666666666666664 0.4 0.43333333333333335 0.4666666666666667 0.5 0.5333333333333333 0.5666666666666667 0.6 0.6333333333333333 0.6666666666666666 0.7 0.7333333333333333 0.7666666666666667 0.8 0.8333333333333334 0.8666666666666667 0.9 0.9333333333333333 0.9666666666666667 1 1.0333333333333334 1.0666666666666667 1.1 1.1333333333333333 1.1666666666666667 1.2 1.2333333333333334 1.2666666666666666 1.3 1.3333333333333333 1.3666666666666667 1.4 1.4333333333333333 1.4666666666666666 1.5 1.5333333333333334 1.5666666666666667 1.6 1.6333333333333333 1.6666666666666667 1.7 1.7333333333333334 1.7666666666666666 1.8 1.8333333333333333</float_array>
				<technique_common>
					<accessor source="#anim_Waist_transform_input_array" count="56" stride="1">
						<param name="TIME" type="float"/>
					</accessor>
				</technique_common>
			</source>
			<source id="anim_Waist_transform_output">
				<float_array id="anim_Waist_transform_output_array" count="896">0.006834810901965249 -0.9999650823560913 0.004808266684579773 -0.3139016109081503 0.9714296850248734 0.007780330664291402 0.2371999863137218 128.1893310546875 -0.2372291137537927 0.0030496759385138655 0.9714489420778943 -5.506255959740507 0 0 0 1 0.014576557749784502 -0.9998885848618775 -0.0032158711229817866 0.05382050417231188 0.9683648118135904 0.013315567973588016 0.24918323958639538 127.33513640658919 -0.24911265565080665 -0.006746370316932537 0.968451016459867 -5.2006871310835265 0 0 0 1 0.024045461186035122 -0.9995143282535357 -0.01982229583660919 0.6223074515314986 0.9776651977046078 0.019369527817516774 0.20927394149615586 125.56887262480714 -0.2087883545448857 -0.02441165721555215 0.9776561225699093 -1.4270119562641597 0 0 0 1 0.0331736213252396 -0.9987560456080515 -0.037227304623585804 0.5045011445078433 0.9908366072124912 0.02798542453590558 0.13213490765571598 123.20939536577433 -0.1309287159327894 -0.04126956959931586 0.9905324295394261 3.988346729378975 0 0 0 1 0.014438650738355263 -0.9994705688157923 -0.02915660192636401 -0.9052736686825291 0.9996848364494291 0.013830563338996904 0.020950973504928555 120.82917064964485 -0.020536629176523033 -0.029449916617244512 0.9993552667961996 8.447055291318236 0 0 0 1 -0.011259607841477726 -0.9998765921351611 -0.010955443004869128 -2.7428440117932404 0.9947837864480176 -0.01009008053321403 -0.10150570671138825 119.08693023923789 0.10138263880665786 -0.012041211525841436 0.9947746326548484 11.38690702846251 0 0 0 1 -0.033128412579401134 -0.9993946260030715 -0.010624960995242738 -4.248580253883677 0.9828653929684266 -0.030648142234995346 -0.18175893563333928 118.3200933052308 0.1813232681841739 -0.01646429147351751 0.9832857161177951 12.393486699332563 0 0 0 1 -0.050209076187220925 -0.9984892475482435 -0.022321989135572 -5.182708851740127 0.9844070471950747 -0.045703501120978984 -0.16986452077452546 118.37359990511169 0.1685877044778188 -0.030502664077542832 0.985214582404804 10.849665100954489 0 0 0 1 -0.052494420387622975 -0.9983395422314578 -0.023716961130184032 -5.219116981946113 0.9942369338615316 -0.0500261822091812 -0.09481719484984982 118.50736640481388 0.09347328588312337 -0.028557652401010464 0.9952121408602063 7.666157173639284 0 0 0 1 -0.05590499863685805 -0.998221200970901 -0.020713885671821284 -5.2555251121521 0.9982387563093665 -0.0562943759035992 0.018717068241404376 118.64113290451608 -0.01984984960502267 -0.01963102579685159 0.9996102271869878 3.1035951535943838 0 0 0 1 -0.05421891309338167 -0.9984659766805858 -0.011225100189169501 -4.418138117414413 0.9857150688166055 -0.05531492940768579 0.15907879083176918 118.77489940421827 -0.15945567588156712 -0.0024396712703326356 0.9872020742650642 -3.0417335116182045 0 0 0 1 -0.05334144625627424 -0.9985625453290959 0.005247206605994953 -3.580751122676727 0.9516062792280847 -0.04923909596288989 0.303349634518385 118.37578384796396 -0.30265521545971985 0.021174382981194728 0.9528648729281588 -10.35042062580262 0 0 0 1 -0.05145456489295697 -0.9984714330587195 0.020179819556763706 -2.7433641279390404 0.8993819830765885 -0.037545411587097455 0.43554837915664285 117.43859937147899 -0.4341249546719237 0.04056031847042757 0.8999391003266153 -19.170974428178774 0 0 0 1 -0.05281805649215987 -0.9981436955823909 0.030321871273365164 -1.905977133201354 0.8392906809799306 -0.027917790502122397 0.5429656985424808 116.02149345320532 -0.541111269267824 0.05412725692853024 0.8392072654170466 -28.654592616921697 0 0 0 1 -0.05233851843782711 -0.9979743801246598 0.03616374016241297 -0.7922784360075212 0.7825000654343125 -0.018484891455569752 0.6223760570452344 114.50228820658752 -0.6204468769226179 0.06087236978036176 0.7818824895815821 -36.39067665484856 0 0 0 1 -0.047387434615655755 -0.9980797732120562 0.03988981505995148 0.3214202611863115 0.7323544012989917 -0.007558665331258485 0.6808817059345958 113.37045982339302 -0.6792727448812754 0.061478718947130084 0.7313063005185156 -41.48049469296825 0 0 0 1 -0.03328609518176995 -0.9984624340210404 0.04432610648736984 1.737956584272081 0.6858195062125183 0.009442834652732768 0.7277104079042287 112.23863144019853 -0.72701006923286 0.0546223463657563 0.6844506983790224 -44.19865924069472 0 0 0 1 -0.016928763272519687 -0.9984118099144859 0.05373336763449632 3.2514945685495142 0.6510777998476558 0.02977816859715654 0.7584266340395329 111.10680305700403 -0.7588221896594743 0.047823827725102186 0.6495396569741686 -46.91682378842118 0 0 0 1 0.005310747614773681 -0.998316233619156 0.05776238959941932 4.879068017793554 0.6206604324915477 0.04858125649783884 0.782572992797794 110.70277362933209 -0.7840614921670221 0.03169478205563364 0.6198733881134668 -48.3478046102037 0 0 0 1 0.03191194966842681 -0.9978608931763774 0.05705493263165412 6.5066414670375945 0.5941663862223213 0.06484203644865882 0.8017242766641773 110.29874420166016 -0.8037088608145784 0.008315538373044662 0.5949646366547336 -49.30745050673755 0 0 0 1 0.05940419962559451 -0.9966480269519522 0.05624812387647865 8.075051704696907 0.5802823495724465 0.08032643526323979 0.8104443587147622 110.3208566230395 -0.8122459823486503 -0.015504004988443842 0.5831089863720114 -49.72885588482005 0 0 0 1 0.07843785213386556 -0.9955950521567455 0.05136142008972561 9.419031825443604 0.5676564665950569 0.08695634908395034 0.8186603259513713 110.4079413442742 -0.8195203714889834 -0.035058315347397895 0.5719766387183669 -50.15026126290255 0 0 0 1 0.09862466631524769 -0.9940252879749477 0.046764324655966916 10.7630119461903 0.5579655427108684 0.09414915278566915 0.8245061492657937 110.4950260655089 -0.8239827840079988 -0.05522376206003504 0.5639172880506186 -50.23464219761338 0 0 0 1 0.11811419956621072 -0.9920699366360484 0.04296832186367566 11.541885874525509 0.5473100883661679 0.10114507290387842 0.8307956074750797 110.49065817980433 -0.8285533797127684 -0.07461176214388848 0.5549165540118017 -50.31902313232422 0 0 0 1 0.12374078563194757 -0.991636508665061 0.03667768604692778 11.787120637270117 0.5424788870552245 0.09855003774588178 0.8342688698253162 110.3738172372073 -0.8309060567058791 -0.08333621507396338 0.5501365286786841 -50.28906540402451 0 0 0 1 0.1190671741335505 -0.9925783976615856 0.024721095028548523 11.666453691444563 0.5403825328113452 0.08567034533418505 0.8370467789572561 110.3830989943295 -0.8329524153733194 -0.08630594664263436 0.5465725544681805 -49.53213346898533 0 0 0 1 0.1169314524295294 -0.9929713711353423 0.01830004203053348 11.545786745619008 0.5528033625190205 0.08038361100682367 0.8294256551790331 110.3923807514517 -0.8250669535379449 -0.08686962177368018 0.5583172852352976 -48.775201533946145 0 0 0 1 0.11464002686247698 -0.9933361252800076 0.011874613874654105 11.0329522258604 0.5650835192771756 0.07503758286517981 0.8216142509712655 110.71423932930657 -0.8170301588572437 -0.08747973120359287 0.5699201840137392 -47.13152084123573 0 0 0 1 0.11975296548385594 -0.9927873613373543 0.005699335631127012 10.520117706101793 0.5989866142079818 0.07682729174689973 0.7970649931106594 111.03609790716145 -0.791753915846004 -0.09203707085544721 0.6038666362127224 -44.81279267083865 0 0 0 1 0.10800632537511101 -0.994144289646213 0.003430020815167134 9.689622250295955 0.6435125714015916 0.07254185492369836 0.7619903212852122 111.71489464493595 -0.757777146743736 -0.08009251305868698 0.647579327360646 -41.864952206147784 0 0 0 1 0.0939902573425131 -0.9955713740250508 -0.0018629939776270144 8.859126794490114 0.7054487927337173 0.06527960782311748 0.7057482367197249 112.39369138271046 -0.7025011262305769 -0.06764770524069907 0.7084602710247333 -38.41681767885187 0 0 0 1 0.08163488463888613 -0.9966510415432357 -0.004737826588180227 7.806671773464209 0.7772459466074755 0.06068649218206967 0.6262634335077255 113.74173010828075 -0.6238785812097138 -0.05480739965934828 0.7795971170100202 -33.76737824673783 0 0 0 1 0.06589824649074294 -0.997800419490983 -0.007193328371760677 6.754216752438303 0.8400824327510216 0.05158903562569739 0.5400000718391953 115.34283321185907 -0.5384412013326718 -0.041628046637203875 0.8416342307918565 -26.39178553935073 0 0 0 1 0.050097357642548745 -0.9987050085184718 -0.008863448389541256 5.4300010452319984 0.8966193346976926 0.04106359496362533 0.4408940346783232 116.47902948075813 -0.43995911560450907 -0.03003476533590413 0.897515397900067 -17.11887003964906 0 0 0 1 0.03543860225782525 -0.9993193262829522 -0.01024644267042188 3.910048295156368 0.9391766764471098 0.029797680940746307 0.3421392532702357 117.6152257496572 -0.34160104784349343 -0.021748156886045922 0.9395933917308525 -8.122564231247978 0 0 0 1 0.026615524919097133 -0.9994997248834018 -0.017085484812713853 2.3900955450807375 0.9734831902477389 0.022030503371784804 0.22769526834405435 117.35915845022727 -0.22720495623635953 -0.022692661350981705 0.9735825342427028 -0.1977465050329812 0 0 0 1 0.013713926860333014 -0.9993659414075146 -0.03285792696963605 0.8701427950051066 0.9959364319902052 0.010726914804972676 0.08941787703466567 115.65895893972672 -0.08900871667813871 -0.033950676774393736 0.9954520580630046 7.325637661965985 0 0 0 1 0.00359545535084016 -0.9986547762428826 -0.05172727122223426 -0.2912765585658583 0.9996659633507712 0.004913371945586942 -0.025373618072699843 113.2784612307407 0.025593640202109517 -0.05161876270701175 0.9983388547571421 12.557255614037608 0 0 0 1 -0.005183900795540541 -0.9976129363206387 -0.0688589606242777 -1.1486880249168374 0.9961360215896022 0.0008853940402494542 -0.08781937467913088 111.48326020616592 0.0876707115528446 -0.06904813801332603 0.993753591677892 15.123634338378906 0 0 0 1 -0.005009619434353629 -0.9964738895585004 -0.0837537529981579 -1.4425536472937273 0.9953649449736344 0.0030749045397286956 -0.09612060798655601 111.36696524928198 0.09603921090240469 -0.08384707741015816 0.9918397741465192 14.861504215756497 0 0 0 1 0.007355307019848434 -0.9950894011184671 -0.09870655115205967 -1.1609107543431332 0.9980408597361822 0.013438376513917105 -0.06110525618743916 112.6156345750735 0.06213164858352096 -0.09806372325360997 0.9932387247917458 14.599374093134088 0 0 0 1 0.021189760346793318 -0.9933477430518135 -0.11318681650401505 -0.5465235571171134 0.9997579670702031 0.021723094930033326 -0.003480578445458439 114.06468065756177 0.005916192703055892 -0.11308566894407474 0.9935676273628139 12.299619150660153 0 0 0 1 0.033096610808130644 -0.9920078253704114 -0.12175832109914454 0.06786364010890633 0.997648739867784 0.025475676992822494 0.0636237512410273 115.3974317831661 -0.06001338345100933 -0.12357776614595616 0.9905185154862768 9.999864208186217 0 0 0 1 0.03468441760942298 -0.9920423779982439 -0.12103268744717245 0.42024232888827484 0.9914268622573374 0.018889022576531023 0.12929029979342646 116.44490537369124 -0.1259752672934887 -0.12447941629720592 0.9841926167923842 7.347606662719102 0 0 0 1 0.034372420796208614 -0.9932730581360822 -0.1105765285655298 0.48603702133195004 0.9826370980831318 0.013403238219714342 0.1850531995832206 117.2702992754251 -0.18232627391401945 -0.115017325591498 0.9764876571951175 4.97096021760926 0 0 0 1 0.028835135480339225 -0.9949217803521777 -0.09643228682699503 0.5518317137756252 0.9759748374121293 0.007179252000447334 0.21776495374389798 118.09569317715896 -0.21596678378907816 -0.10039476740133142 0.971225637521083 2.9587994668124864 0 0 0 1 0.023195048453654943 -0.9974945947467111 -0.06683205202840331 0.6514339556962883 0.9719275283811919 0.00684343077216476 0.2351808815148332 119.02059297509986 -0.23413429757739473 -0.07041094308671911 0.9696511897541191 1.7465100616178013 0 0 0 1 0.01995791755906262 -0.9991851549672626 -0.03508144266921573 0.811759757639078 0.9750016018909378 0.011684286799837573 0.22189040932876025 120.20146907485183 -0.2212997013934074 -0.03863293329566049 0.9744403207114132 0.5342206564231162 0 0 0 1 0.018325988002215965 -0.99974511858144 -0.013185447900066385 0.9720855595818678 0.9799233746298431 0.015340926101252816 0.1987833892467281 121.38234517460378 -0.19853044607264386 -0.016563630608614405 0.9799547479977115 0.04291391230797359 0 0 0 1 0.01559747186438476 -0.9998411590301426 0.008624127822624686 0.9648039335406704 0.9843391456951271 0.016869210319930716 0.1754761408151248 122.56322127435575 -0.1755937502407967 0.0057520824440532164 0.9844459093438956 -0.26565068917898316 0 0 0 1 0.01229678968641057 -0.9996875678834578 0.021761332281484413 0.7490857620702016 0.9874277399873657 0.015570164504036699 0.15730234671091442 123.88232275713332 -0.15759202792924418 0.019553429279137294 0.9873106988869178 -0.8887714378128209 0 0 0 1 0.011059701343843042 -0.9996283721080489 0.0249158721059011 0.5333675905997328 0.9874725236193987 0.014840740384814088 0.15709158959526415 125.1597928292893 -0.1574029799683645 0.0228663530420391 0.9872696854434636 -2.012186249051709 0 0 0 1 0.009198396971033196 -0.9997661826294763 0.01956960816286475 0.27703701674472886 0.9835996810729682 0.012571575096941845 0.1799267153391542 126.43726290144528 -0.18013066614632378 0.01759362299433312 0.9834853367201846 -3.0696940580312573 0 0 0 1 0.00730306184328422 -0.9998728948664836 0.014172487397472538 0.020706442889724896 0.9792013787728221 0.01002439724639037 0.20264296501297857 127.20737574973077 -0.20275927869549612 0.012397805094649245 0.9791501260438653 -4.127201867010806 0 0 0 1 0.006805966569299993 -0.9999473587185409 0.0076784510723868216 -0.23562413096527912 0.9739143226378727 0.008370046972230094 0.2267616247835954 127.97748859801627 -0.22681395675723093 0.00593482143759437 0.9739200207997744 -5.184709675990355 0 0 0 1 0.006834810901965249 -0.9999650823560913 0.004808266684579773 -0.3139016109081503 0.9714296850248734 0.007780330664291402 0.2371999863137218 128.1893310546875 -0.2372291137537927 0.0030496759385138655 0.9714489420778943 -5.506255959740507 0 0 0 1</float_array>
				<technique_common>
					<accessor source="#anim_Waist_transform_output_array" count="56" stride="16">
						<param name="TRANSFORM" type="float4x4"/>
					</accessor>
				</technique_common>
			</source>
			<source id="anim_Waist_transform_interpolation">
				<Name_array id="anim_Waist_transform_interpolation_array" count="56">LINEAR LINEAR LINEAR LINEAR LINEAR LINEAR LINEAR LINEAR LINEAR LINEAR LINEAR LINEAR LINEAR LINEAR LINEAR LINEAR LINEAR LINEAR LINEAR LINEAR LINEAR LINEAR LINEAR LINEAR LINEAR LINEAR LINEAR LINEAR LINEAR LINEAR LINEAR LINEAR LINEAR LINEAR LINEAR LINEAR LINEAR LINEAR LINEAR LINEAR LINEAR LINEAR LINEAR LINEAR LINEAR LINEAR LINEAR LINEAR LINEAR LINEAR LINEAR LINEAR LINEAR LINEAR LINEAR LINEAR</Name_array>
				<technique_common>
					<accessor source="#anim_Waist_transform_interpolation_array" count="56" stride="1">
						<param name="INTERPOLATION" type="Name"/>
					</accessor>
				</technique_common>
			</source>
			<sampler id="anim_Waist_transform_sampler">
				<input semantic="INPUT" source="#anim_Waist_transform_input"/>
				<input semantic="OUTPUT" source="#anim_Waist_transform_output"/>
				<input semantic="INTERPOLATION" source="#anim_Waist_transform_interpolation"/>
			</sampler>
			<channel source="#anim_Waist_transform_sampler" target="Waist_bone_id/transform"/>
		</animation>
		<animation id="anim_Spine2_transform" name="anim_Spine2_transform">
			<source id="anim_Spine2_transform_input">
				<float_array id="anim_Spine2_transform_input_array" count="56">0 0.03333333333333333 0.06666666666666667 0.1 0.13333333333333333 0.16666666666666666 0.2 0.23333333333333334 0.26666666666666666 0.3 0.3333333333333333 0.36666666666666664 0.4 0.43333333333333335 0.4666666666666667 0.5 0.5333333333333333 0.5666666666666667 0.6 0.6333333333333333 0.6666666666666666 0.7 0.7333333333333333 0.7666666666666667 0.8 0.8333333333333334 0.8666666666666667 0.9 0.9333333333333333 0.9666666666666667 1 1.0333333333333334 1.0666666666666667 1.1 1.1333333333333333 1.1666666666666667 1.2 1.2333333333333334 1.2666666666666666 1.3 1.3333333333333333 1.3666666666666667 1.4 1.4333333333333333 1.4666666666666666 1.5 1.5333333333333334 1.5666666666666667 1.6 1.6333333333333333 1.6666666666666667 1.7 1.7333333333333334 1.7666666666666666 1.8 1.8333333333333333</float_array>
				<technique_common>
					<accessor source="#anim_Spine2_transform_input_array" count="56" stride="1">
						<param name="TIME" type="float"/>
					</accessor>
				</technique_common>
			</source>
			<source id="anim_Spine2_transform_output">
				<float_array id="anim_Spine2_transform_output_array" count="896">0.9934867422806958 -0.00753148962880443 -0.11369859091678133 11.724998474121094 0.008008549651060501 0.999960938327685 0.003739645879270412 0 0.11366598455552512 -0.0046258494124924495 0.9935082513357582 0 0 0 0 1 0.9950020569432529 -0.01578930001878401 -0.09859819817629709 11.724998474121094 0.01456189877156132 0.9998074192185007 -0.013155819237434665 0 0.09878693123517063 0.01165429022111953 0.9950403608580808 0 0 0 0 1 0.9971358608914122 -0.029128357410357738 -0.06979694634378157 11.724998474121094 0.026002065289108017 0.998635478010233 -0.045288791769866756 0 0.07102089498903284 0.04334421361436661 0.9965326445335893 0 0 0 0 1 0.9981213103593142 -0.02924427941707746 -0.05383885147346264 11.724998474121094 0.0253730795668927 0.9971368876911508 -0.07123365804798558 0 0.05576788179497051 0.0697337746503164 0.9960055943784257 0 0 0 0 1 0.9982880170189034 -0.0019070496288854063 -0.058458517242388944 11.724998474121094 -0.001174091582456444 0.998613557374396 -0.052626842362142746 0 0.058477829862450634 0.052605381756687074 0.9969017089085621 0 0 0 0 1 0.9969200992768793 0.027720112462997156 -0.0733615091367119 11.724998474121094 -0.028544548475096635 0.9995403429463681 -0.010213303824416757 0 0.07304467407094052 0.012275919016341601 0.9972531160152743 0 0 0 0 1 0.9951149494024742 0.04562624529812814 -0.08754703430560143 11.724998474121094 -0.04430734304497572 0.9988741340679609 0.01695062365449067 0 0.08822186139504173 -0.012988842518730326 0.9960161610847575 0 0 0 0 1 0.9931402550386802 0.05749173263071809 -0.10181912639982413 11.724998474121094 -0.05487461326461053 0.9980914716997127 0.028322975468001593 0 0.10325313864849228 -0.02254140189561454 0.9943996553498073 0 0 0 0 1 0.9914479939535986 0.06037806307603679 -0.11569513725550964 11.724998474121094 -0.054447482828938555 0.9970686241873956 0.05375528136515073 0 0.11860163109745808 -0.0469962568747789 0.991829120837245 0 0 0 0 1 0.9895491074123609 0.06384628781230639 -0.12929120446491343 11.724998474121094 -0.053098011944089904 0.9949702041497949 0.08494053203094946 0 0.13406403375620624 -0.07718772173541334 0.9879619883711677 0 0 0 0 1 0.9865953623474022 0.07357570828435835 -0.1456578392845822 11.724998474121094 -0.05662211220637086 0.9914809282509044 0.11730091783108144 0 0.15304746781272577 -0.10748108701152949 0.9823564976783798 0 0 0 0 1 0.9829541561453782 0.08817167686091336 -0.16132849195372226 11.724998474121094 -0.06389211373797142 0.9866284321858867 0.1499404368558175 0 0.17239177683004972 -0.1370769572245968 0.9754439927947808 0 0 0 0 1 0.9788672971190451 0.10156558182517128 -0.177491541261463 11.724998474121094 -0.07234915152004584 0.9838107051413199 0.16395760648310445 0 0.19127052806217854 -0.14765137668797243 0.9703683094871565 0 0 0 0 1 0.9761279066483111 0.09819465771542044 -0.19373208061273056 11.724998474121094 -0.06850021880911411 0.9856260867713305 0.15443101080721192 0 0.20611169274325414 -0.13747372938850952 0.9688234843574578 0 0 0 0 1 0.9741225609403767 0.09437156114779033 -0.20537586205172895 11.724998474121094 -0.06514375440297987 0.9873289054062527 0.1446994257472196 0 0.216429035781353 -0.12757602045768535 0.9679270796268353 0 0 0 0 1 0.9733019463830337 0.06935292151837442 -0.21880012212945504 11.724998474121094 -0.043605112888943684 0.9917686718829221 0.12038893471381598 0 0.22534843087303874 -0.1076339804543675 0.968314520677351 0 0 0 0 1 0.972265055890234 0.024934239120441924 -0.23254880093056754 11.724998474121094 -0.0031699722246876488 0.9956144261686498 0.09349794479540682 0 0.23386024110749312 -0.09016761128229392 0.968080156549441 0 0 0 0 1 0.9704085667651332 -0.019551918515100568 -0.2406759980372343 11.724998474121094 0.03724207488235887 0.9969092107358674 0.06917408046694 0 0.2385796332617198 -0.07609039382450837 0.9681373923985864 0 0 0 0 1 0.9660750413941974 -0.07222570812904952 -0.2479565717629947 11.724998474121094 0.08558430108698808 0.9953803959374533 0.04351085830974277 0 0.24366850802401932 -0.06325594413694331 0.9677935439589853 0 0 0 0 1 0.9591259159567591 -0.12478738758644661 -0.25397949767541805 11.724998474121094 0.13356338396553333 0.9908850901629402 0.017537404496030962 0 0.24947605056153835 -0.05074294031815503 0.9670505954726903 0 0 0 0 1 0.9495798973057755 -0.17707993401580685 -0.25872903896105354 11.724998474121094 0.18103002157685388 0.9834392952161851 -0.008676630254713547 0 0.2559807608408036 -0.0385985698394471 0.9659109692335587 0 0 0 0 1 0.940629503553084 -0.21507749223318662 -0.2625981899788388 11.724998474121094 0.21501519559857357 0.976170112030991 -0.02933220140237669 0 0.26264920085008053 -0.02887186713889476 0.9644593369244387 0 0 0 0 1 0.9357358078924933 -0.2303895588940663 -0.2670564527967458 11.724998474121094 0.22767895337502933 0.9728507872053307 -0.04151674389953554 0 0.2693711046453093 -0.021954429770913372 0.9627861709619638 0 0 0 0 1 0.9295890690956944 -0.24563244713345284 -0.2748251508378224 11.724998474121094 0.24008830953895582 0.9692373729446973 -0.05418965316357284 0 0.27968154433306264 -0.015608196644497096 0.9599659462486051 0 0 0 0 1 0.9291279135311169 -0.2368750645676692 -0.2839216865323533 11.724998474121094 0.22975645886185986 0.9714805563288146 -0.05863018238343888 0 0.2897124262239572 -0.010757902263887082 0.9570532783655823 0 0 0 0 1 0.9327139782473408 -0.20917084464962496 -0.2937553276633151 11.724998474121094 0.20037930578545085 0.9778750087722936 -0.060071632502600995 0 0.2998212277257231 -0.0028328372966394885 0.9539911983021074 0 0 0 0 1 0.9353588308521705 -0.18138606572878785 -0.3036493910850019 11.724998474121094 0.17082852290436612 0.9833972052401555 -0.061217256457340934 0 0.3097119198693732 0.005388124468054832 0.950815173840607 0 0 0 0 1 0.9390717798321684 -0.15244662717157512 -0.308065282345892 11.724998474121094 0.14246382506602187 0.9882828151939631 -0.05478262260838618 0 0.31280705054458297 0.00755665642369141 0.9497866318670173 0 0 0 0 1 0.9482711833113128 -0.10777246655412594 -0.2986082020879576 11.724998474121094 0.09880867728514324 0.9940883638510715 -0.045001890505401154 0 0.3016929037854936 0.013168914485997052 0.9533142039730329 0 0 0 0 1 0.9627884827332989 -0.06258246478007953 -0.2629101987716762 11.724998474121094 0.055315921064846806 0.9978567483393429 -0.03495795575231591 0 0.264534471086208 0.01911399737583281 0.9641867914006377 0 0 0 0 1 0.9738485656430123 -0.016750732885125047 -0.22657975227910132 11.724998474121094 0.014082433061835216 0.9998112076021787 -0.013387838964224302 0 0.22676123185876956 0.009846933577731818 0.9739006015117811 0 0 0 0 1 0.9841042091920561 0.02878799603229024 -0.1752431360565164 11.724998474121094 -0.028095499616232037 0.9995845508379474 0.006431844790829363 0 0.17535549136480497 -0.0014060620697020228 0.9845041770544521 0 0 0 0 1 0.9897099706938403 0.07411102455706135 -0.12239987723972835 11.724998474121094 -0.07085223898243657 0.9970120758642342 0.030771428502202863 0 0.1243146577856916 -0.021782484247512664 0.9920037244081462 0 0 0 0 1 0.9927311126515594 0.09875908168939926 -0.06878649400473369 11.724998474121094 -0.09528161560804632 0.9940844398286156 0.05213003182185971 0 0.07352789743163612 -0.045197016212291774 0.9962684768799968 0 0 0 0 1 0.9918202141155739 0.12275093888455348 -0.03499814101774288 11.724998474121094 -0.12009791006170102 0.9903012067060074 0.0698570826433311 0 0.04323372376454252 -0.06508246307252238 0.9969428860922099 0 0 0 0 1 0.9919544090306034 0.12656602696560285 -0.0027370098444417902 11.724998474121094 -0.12607145688176283 0.9895817622927779 0.06952642301477707 0 0.011508178155385573 -0.06862198303504644 0.9975763556138857 0 0 0 0 1 0.9937425537282989 0.11165804163775644 -0.0028668183025782517 11.724998474121094 -0.11117335995342875 0.9912544270908004 0.07109954155657087 0 0.010780581905644605 -0.07033592617226443 0.997465105426383 0 0 0 0 1 0.995481708255715 0.08659457459317939 -0.03895572075202579 11.724998474121094 -0.08517680967465639 0.9956899863457536 0.036692808347691355 0 0.041965219193170936 -0.03320889552242498 0.9985670180995614 0 0 0 0 1 0.993452032772011 0.06097110800478282 -0.09662081851147944 11.724998474121094 -0.06105849207871007 0.9981320746198149 0.0020547895800617677 0 0.09656562082974063 0.0038581865964905384 0.99531914242114 0 0 0 0 1 0.9867810119653424 0.023501800184986734 -0.16034618739689338 11.724998474121094 -0.029401170984280297 0.9989714977947274 -0.034518368132230456 0 0.15937002719899312 0.038776435909248105 0.9864570859640921 0 0 0 0 1 0.9738177305181329 -0.02602975830435013 -0.2258350712602679 11.724998474121094 0.006435095538584623 0.9961812997892171 -0.08707127824762426 0 0.2272391191540806 0.08333828431689144 0.9702665165268739 0 0 0 0 1 0.9564298460799645 -0.0769585291839634 -0.28163688379418 11.724998474121094 0.03971505204980836 0.9899618135386432 -0.1356404157172984 0 0.2892484471317632 0.11854531842768641 0.9498854369400249 0 0 0 0 1 0.9461651321247344 -0.11060718001473983 -0.30419992518173106 11.724998474121094 0.062176207240122724 0.9844084654547863 -0.16454206876718783 0 0.3176565157597387 0.13676997064465427 0.9382901007285771 0 0 0 0 1 0.9479784834852277 -0.11556485275799734 -0.29661685666204185 11.724998474121094 0.07088577696213112 0.9850157927374659 -0.1572230729958444 0 0.3103417494851811 0.12801817396293388 0.9419656817855272 0 0 0 0 1 0.9589739808846057 -0.092035806598183 -0.2681386102189569 11.724998474121094 0.054204195229674575 0.9879114444381948 -0.14523389124974567 0 0.2782639200576229 0.12474128527420858 0.9523700974633251 0 0 0 0 1 0.9685532783659301 -0.06551321882887168 -0.24002617591689762 11.724998474121094 0.04022734294367293 0.9932521260452344 -0.10877488214801181 0 0.24553270219321344 0.09569865341425712 0.9646530256462148 0 0 0 0 1 0.9767289164743549 -0.03982037780234161 -0.2107485735052826 11.724998474121094 0.024984809666956282 0.9970484492212608 -0.07259579320721583 0 0.2130173303014069 0.06564089744326822 0.9748409560405757 0 0 0 0 1 0.9845061971979252 -0.011178622707457921 -0.17499310293049924 11.724998474121094 0.0048699220555150705 0.9993240081040257 -0.036439136736186845 0 0.17528214837242612 0.03502235316579427 0.9838951180083562 0 0 0 0 1 0.9903929844148177 0.008179878011808658 -0.13803921912856018 11.724998474121094 -0.00909110574243502 0.9999408416253444 -0.005972021933799447 0 0.1379822025418155 0.007169577763707285 0.990408758511555 0 0 0 0 1 0.9930388534894541 0.018194759228015726 -0.11637347720586926 11.724998474121094 -0.015540832500114296 0.9995989751470924 0.02367216530201383 0 0.11675751789736637 -0.021698839174412368 0.9929233819348445 0 0 0 0 1 0.9953293813014317 0.019185857524643326 -0.09461144533909854 11.724998474121094 -0.014231548412397778 0.9985055787386502 0.05276430855776189 0 0.0954823844899923 -0.05117139922688467 0.9941149843721641 0 0 0 0 1 0.995483944306078 0.019112933872266258 -0.09298608706471996 11.724998474121094 -0.013972816860187587 0.9983543063156528 0.05561869694611061 0 0.09389609692529803 -0.054068242247977814 0.9941127441907226 0 0 0 0 1 0.99501484708854 0.011106866439311216 -0.09910646594076832 11.724998474121094 -0.007244587155678029 0.9992033109870582 0.03924613700027246 0 0.09946341051016273 -0.03833250357594287 0.9943025943540966 0 0 0 0 1 0.9944574231988499 0.003005076247301905 -0.10509711205095727 11.724998474121094 -0.0006088546883099653 0.9997392966143273 0.022824725651335462 0 0.10513830291892716 -0.022634228987047693 0.9941999944364764 0 0 0 0 1 0.9938133146704309 -0.00486604090509067 -0.1109568259715514 11.724998474121094 0.005689561496015918 0.9999585619016454 0.007106572280374701 0 0.1109176472602724 -0.007693901838672062 0.9937998185755231 0 0 0 0 1 0.9934867422806958 -0.00753148962880443 -0.11369859091678133 11.724998474121094 0.008008549651060501 0.999960938327685 0.003739645879270412 0 0.11366598455552512 -0.0046258494124924495 0.9935082513357582 0 0 0 0 1</float_array>
				<technique_common>
					<accessor source="#anim_Spine2_transform_output_array" count="56" stride="16">
						<param name="TRANSFORM" type="float4x4"/>
					</accessor>
				</technique_common>
			</source>
			<source id="anim_Spine2_transform_interpolation">
				<Name_array id="anim_Spine2_transform_interpolation_array" count="56">LINEAR LINEAR LINEAR LINEAR LINEAR LINEAR LINEAR LINEAR LINEAR LINEAR LINEAR LINEAR LINEAR LINEAR LINEAR LINEAR LINEAR LINEAR LINEAR LINEAR LINEAR LINEAR LINEAR LINEAR LINEAR LINEAR LINEAR LINEAR LINEAR LINEAR LINEAR LINEAR LINEAR LINEAR LINEAR LINEAR LINEAR LINEAR LINEAR LINEAR LINEAR LINEAR LINEAR LINEAR LINEAR LINEAR LINEAR LINEAR LINEAR LINEAR LINEAR LINEAR LINEAR LINEAR LINEAR LINEAR</Name_array>
				<technique_common>
					<accessor source="#anim_Spine2_transform_interpolation_array" count="56" stride="1">
						<param name="INTERPOLATION" type="Name"/>
					</accessor>
				</technique_common>
			</source>
			<sampler id="anim_Spine2_transform_sampler">
				<input semantic="INPUT" source="#anim_Spine2_transform_input"/>
				<input semantic="OUTPUT" source="#anim_Spine2_transform_output"/>
				<input semantic="INTERPOLATION" source="#anim_Spine2_transform_interpolation"/>
			</sampler>
			<channel source="#anim_Spine2_transform_sampler" target="Spine2_bone_id/transform"/>
		</animation>
		<animation id="anim_Spine3_transform" name="anim_Spine3_transform">
			<source id="anim_Spine3_transform_input">
				<float_array id="anim_Spine3_transform_input_array" count="56">0 0.03333333333333333 0.06666666666666667 0.1 0.13333333333333333 0.16666666666666666 0.2 0.23333333333333334 0.26666666666666666 0.3 0.3333333333333333 0.36666666666666664 0.4 0.43333333333333335 0.4666666666666667 0.5 0.5333333333333333 0.5666666666666667 0.6 0.6333333333333333 0.6666666666666666 0.7 0.7333333333333333 0.7666666666666667 0.8 0.8333333333333334 0.8666666666666667 0.9 0.9333333333333333 0.9666666666666667 1 1.0333333333333334 1.0666666666666667 1.1 1.1333333333333333 1.1666666666666667 1.2 1.2333333333333334 1.2666666666666666 1.3 1.3333333333333333 1.3666666666666667 1.4 1.4333333333333333 1.4666666666666666 1.5 1.5333333333333334 1.5666666666666667 1.6 1.6333333333333333 1.6666666666666667 1.7 1.7333333333333334 1.7666666666666666 1.8 1.8333333333333333</float_array>
				<technique_common>
					<accessor source="#anim_Spine3_transform_input_array" count="56" stride="1">
						<param name="TIME" type="float"/>
					</accessor>
				</technique_common>
			</source>
			<source id="anim_Spine3_transform_output">
				<float_array id="anim_Spine3_transform_output_array" count="896">0.996052701534888 -0.009527649190401282 -0.08825100376741274 11.724998474121094 0.009490472196227015 0.999954610920368 -0.0008408546771364088 0 0.08825500950395901 -8.124783790089234e-9 0.9960979135092374 0 0 0 0 1 0.9974086866823538 -0.005367250363948179 -0.07174332271447155 11.724998474121094 0.005339502681666499 0.9999855773955506 -0.0005785429973253573 0 0.07174539317401911 0.00019397014712597141 0.9974229598991029 0 0 0 0 1 0.9993527068661199 0.006614606555427873 -0.03536119708770989 11.724998474121094 -0.006627061836317877 0.9999780131636411 -0.00023503343274422346 0 0.03535886495317109 0.00046922213692345287 0.9993745696683549 0 0 0 0 1 0.9998264043314808 0.018601625464241114 0.001068050406225805 11.724998474121094 -0.018601285070329307 0.999826927406293 -0.000327760619350265 0 -0.001073962436254871 0.00030783661145074743 0.9999993759204584 0 0 0 0 1 0.9993769321171682 0.030578947171505628 0.017625990524205253 11.724998474121094 -0.030573949685544024 0.9995323545542645 -0.000552991712349745 0 -0.017634657714368254 0.000013751013529380576 0.999844497238549 0 0 0 0 1 0.9990765340000721 0.042550783112799105 -0.005959032378691258 11.724998474121094 -0.042549149735280685 0.999094294509818 0.00040066785952114095 0 0.005970683981540459 -0.00014674609541728918 0.9999821645401362 0 0 0 0 1 0.9986616091879174 0.04245683743583952 -0.029536541590818643 11.724998474121094 -0.04243227205119076 0.9990982813216926 0.0014582690470945356 0 0.02957182143144381 -0.00020301474496743253 0.9995626374381148 0 0 0 0 1 0.9966598444379585 0.042365258276610335 -0.06981646923226976 11.724998474121094 -0.04226824180270983 0.9991021850283044 0.0028669856252560686 0 0.06987524754741141 0.00009360995604745358 0.9975557332888043 0 0 0 0 1 0.9930341128964181 0.04227331679796756 -0.10998280461473371 11.724998474121094 -0.04205902102029399 0.9991060089197349 0.0042686873032752 0 0.11006493253910841 0.00038681698172188055 0.993924323576893 0 0 0 0 1 0.9903572612139302 0.03443292918735415 -0.1341896737771646 11.724998474121094 -0.03409644627075094 0.9994069939817221 0.0048054897902287215 0 0.13427556558268147 -0.0001837607054097322 0.9909440139177663 0 0 0 0 1 0.9889372606921377 0.02651961499882547 -0.14594452519723006 11.724998474121094 -0.02625725894141326 0.9996482820205471 0.0037240577670341057 0 0.14599195446193058 0.00014924370239529283 0.9892857660750521 0 0 0 0 1 0.9886355560903534 0.01860771131691113 -0.14917603800029133 11.724998474121094 -0.018445479736614832 0.9998268139296671 0.0024711180742579874 0 0.14919618464023804 0.00030858839461388936 0.9888075663454435 0 0 0 0 1 0.9882613999143377 0.010694840274367375 -0.15239759128955843 11.724998474121094 -0.010637313806308819 0.9999427107419773 0.001192807181624895 0 0.1524016174269146 0.00044229570673213396 0.9883185475241109 0 0 0 0 1 0.9878148195038682 0.0027815807650192572 -0.155608949540147 11.724998474121094 -0.002833335346900507 0.9999959799592978 -0.00011079736346809825 0 0.1556080157940212 0.0005503396146218998 0.9878187295991893 0 0 0 0 1 0.9872958475127287 -0.005131488328140332 -0.1588098778781126 11.724998474121094 0.004965881791522505 0.9999866336723391 -0.0014396161626179336 0 0.15881514254678455 0.000632695978496063 0.9873081333573847 0 0 0 0 1 0.9867045219063182 -0.013043788175346424 -0.16200014209765615 11.724998474121094 0.012759764147289935 0.9999146885594252 -0.0027935679718399725 0 0.1620227603410386 0.0006893425450736148 0.9867867803828373 0 0 0 0 1 0.9860408859588705 -0.02095474004245269 -0.16517950867828274 11.724998474121094 0.0205477386892188 0.9997801658848803 -0.004172569707127623 0 0.16523063170067842 0.0007202589496063633 0.9862546930559267 0 0 0 0 1 0.9853049882502843 -0.028863765333313883 -0.16834774480191395 11.724998474121094 0.028329232858650563 0.9995830914970804 -0.005576536450146782 0 0.1684385190351284 0.0007254267177670571 0.9857118945520186 0 0 0 0 1 0.9844968826625644 -0.03677028563215683 -0.17150461836995118 11.724998474121094 0.03610367461145232 0.9993234958261681 -0.007005381454064696 0 0.17164618465682063 0.0007048292673988103 0.9851584088401522 0 0 0 0 1 0.9843467897622293 -0.044674963405774655 -0.17048620216746604 11.724998474121094 0.043890967404716145 0.9990012916336859 -0.008366737387137087 0 0.17068971985761636 0.0007529667455259148 0.9853245417505891 0 0 0 0 1 0.9841338344517383 -0.05257702203564789 -0.16945870482563452 11.724998474121094 0.05167704724403438 0.9986165443709717 -0.009720087279286017 0 0.1697353194696271 0.0008087412701821188 0.9854893542104357 0 0 0 0 1 0.9838580303829755 -0.06047595895265354 -0.16842219105476905 11.724998474121094 0.0594614151050487 0.9981692731105513 -0.011065366313812913 0 0.16878304465981545 0.0008721276917646563 0.9856528411305129 0 0 0 0 1 0.9835193757276638 -0.06827422487075742 -0.1674164501671318 11.724998474121094 0.06734094029442318 0.9976665711796002 -0.011252133620011548 0 0.1677940264983513 -0.0002072897414510822 0.9858220537715889 0 0 0 0 1 0.9831179098548181 -0.07606955724668617 -0.1664109304793017 11.724998474121094 0.07521665259946246 0.9971016934285244 -0.01143101630217709 0 0.16679817293491442 -0.0012788362921022402 0.9859902302169694 0 0 0 0 1 0.9835106093460766 -0.0729632076347225 -0.1654788555536979 11.724998474121094 0.07218969004229628 0.9973336079284841 -0.01069220033248031 0 0.16581776127817682 -0.001429974826727332 0.9861553757987067 0 0 0 0 1 0.983892879185104 -0.06985622690028186 -0.16454455278769503 11.724998474121094 0.06916122881203664 0.9975558118573307 -0.009956237184343807 0 0.16483788010665307 -0.0015842325959701947 0.986319402368739 0 0 0 0 1 0.9842647152892955 -0.06674864830490725 -0.163608032155973 11.724998474121094 0.06613130157913964 0.9977683021396506 -0.009223133784550388 0 0.16385854017392862 -0.0017416069667506593 0.9864823088212188 0 0 0 0 1 0.9848895780434866 -0.05936514911595309 -0.16269080530799368 11.724998474121094 0.058824561158598763 0.9982351294559146 -0.0081423169080743 0 0.16288704695530926 -0.001550932162892117 0.9866435042828818 0 0 0 0 1 0.9854591678175648 -0.05197801985441547 -0.16176685079560205 11.724998474121094 0.051513331571232085 0.998647292674678 -0.007068345207206671 0 0.16191542617905463 -0.0013675838365267172 0.986803690953629 0 0 0 0 1 0.9863077602834371 -0.044590142615716775 -0.15877254544215094 11.724998474121094 0.0442055120286693 0.9990047088242376 -0.0059552038825913785 0 0.15888006391914947 -0.0011449578638955118 0.9872972269588003 0 0 0 0 1 0.98884173974712 -0.037208956938015084 -0.1442480754030153 11.724998474121094 0.03692446798451142 0.9993072415466047 -0.004649801778215836 0 0.14432116060352976 -0.0007283653621958275 0.9895306322120349 0 0 0 0 1 0.9939580031764 -0.029829123181007583 -0.10563006831312671 11.724998474121094 0.02966837671068409 0.9995550109323107 -0.003093144591064339 0 0.10567532987853162 -0.00005941683741894502 0.9944006843947277 0 0 0 0 1 0.9975115142798622 -0.022445597486870993 -0.06683542498221813 11.724998474121094 0.02234203565745673 0.999747747600574 -0.0022966519674989987 0 0.06687011531152963 0.0007976973337397593 0.9977613699463347 0 0 0 0 1 0.9993374120844969 -0.02334256816889554 -0.027925997198685618 11.724998474121094 0.023298495188278066 0.9997267427995521 -0.0019025912224915644 0 0.02796277758417994 0.0012506968771779558 0.9996081826531329 0 0 0 0 1 0.9997052633295864 -0.02423544717958845 0.001424630172238113 11.724998474121094 0.02423770333282837 0.9997049619378351 -0.0015883368728166734 0 -0.001385715797728253 0.0016223984951689878 0.9999977238048349 0 0 0 0 1 0.9992106608474469 -0.025120481906594577 0.030773635430168304 11.724998474121094 0.025170740897352932 0.9996823891792299 -0.0012468229966805982 0 -0.030732540596032407 0.002020434034355381 0.9995256018706205 0 0 0 0 1 0.9991706899794839 -0.026032284064783275 0.03130898389109035 11.724998474121094 0.026084309324095802 0.9996589595956927 -0.0012543154077090564 0 -0.031265653567565374 0.0020699484118108886 0.9995089665533599 0 0 0 0 1 0.9995614556542999 -0.029410636669880138 0.003451205721102932 11.724998474121094 0.0294164314534477 0.9995658969767924 -0.001640476005592344 0 -0.0034014600984995573 0.0017412787406424057 0.9999926989821204 0 0 0 0 1 0.9991644607977671 -0.03278205224154666 -0.024407321228266755 11.724998474121094 0.03274002567285806 0.9994616540730609 -0.0021196123423625 0 0.024463666888835174 0.0013187449995377728 0.9996998499119515 0 0 0 0 1 0.997980018230203 -0.03614388239989151 -0.05224464545105607 11.724998474121094 0.03605246275707395 0.9993462741838566 -0.002691505897085699 0 0.052307773250192334 0.0008025209698595534 0.9986306889024087 0 0 0 0 1 0.9958956276327118 -0.03949323584479607 -0.0814382169779912 11.724998474121094 0.0393483810818942 0.9992198241921642 -0.003383466804131061 0 0.08150830490374025 0.00016511780019456555 0.9966726488510814 0 0 0 0 1 0.9929464285841227 -0.042822152320727405 -0.11056063147728486 11.724998474121094 0.04263068941817216 0.9990825020603858 -0.004096144100292434 0 0.11063459803229238 -0.0006460242870338206 0.9938609401575522 0 0 0 0 1 0.9916604480076653 -0.04615239684020244 -0.12033084443791235 11.724998474121094 0.045949709274392826 0.9989337977595107 -0.004460034905663936 0 0.12040838872286004 -0.001106327105983737 0.9927238266333186 0 0 0 0 1 0.9935737305902745 -0.0495089603149169 -0.101784599667438 11.724998474121094 0.04934240617175617 0.9987732793255122 -0.004154931833849217 0 0.10186544474995471 -0.0008940659363144644 0.9947977843823314 0 0 0 0 1 0.9953497484186548 -0.04852069198692318 -0.08321430629423525 11.724998474121094 0.04838852233567607 0.9988220816382919 -0.003605570401350103 0 0.08329123140577553 -0.00043781372687681764 0.9965251522616226 0 0 0 0 1 0.9967779142401733 -0.04752659122115456 -0.06461433904256227 11.724998474121094 0.04742705666681507 0.9988699730830273 -0.0030742753674756883 0 0.06468743292891306 -9.813066804216682e-8 0.9979055747018641 0 0 0 0 1 0.9985391282631708 -0.03786239649459824 -0.038549296480127476 11.724998474121094 0.03781272702709949 0.9992828074866132 -0.002017011761559836 0 0.03859801811234605 0.0005564111411947338 0.9992546639392987 0 0 0 0 1 0.9995251836882084 -0.02818610629343351 -0.012447914888383775 11.724998474121094 0.028173194914619774 0.9996023227165065 -0.0012114074739957247 0 0.012477109495232506 0.0008601347455358119 0.9999217878948651 0 0 0 0 1 0.999735315002808 -0.018505230107197488 0.013669542600833367 11.724998474121094 0.0185159490743274 0.9998283486026291 -0.0006579972768937018 0 -0.013655019813725687 0.0009109276695526943 0.9999063509372603 0 0 0 0 1 0.9997288341694365 -0.008833790624293798 0.02154581800316433 11.724998474121094 0.00884527657244346 0.9999607839158832 -0.0004378500763413504 0 -0.021541105184653922 0.0006283100655792568 0.9997677660406367 0 0 0 0 1 0.999973028934107 0.0008325790537023827 0.007297137552972467 11.724998474121094 -0.0008305232268389437 0.9999996145724287 -0.0002847563234362662 0 -0.007297371822604764 0.00027868820102752104 0.9999733349931733 0 0 0 0 1 0.9999206832167733 0.010503067271720016 -0.006950744793697453 11.724998474121094 -0.010503278025377476 0.9999448390348828 0.000006182537659703281 0 0.0069504263195153005 0.00006682355777094543 0.9999758432625205 0 0 0 0 1 0.9994202955464232 0.01323241590866572 -0.03136839203912262 11.724998474121094 -0.01322547992274559 0.9999124476609922 0.0004285946997773756 0 0.03137131700635239 -0.00001348420239890644 0.9995077990128257 0 0 0 0 1 0.9984166734985029 0.007326400968248161 -0.0557715871124021 11.724998474121094 -0.007326006986370962 0.9999731420803011 0.00021151757751147965 0 0.05577163886617864 0.00019740036070098116 0.9984435313683384 0 0 0 0 1 0.9967770374948923 -0.003629992674202179 -0.08013963236808212 11.724998474121094 0.003613398178671671 0.9999934096711532 -0.0003520907034032691 0 0.08014038230822516 0.0000613795266295581 0.9967835850153458 0 0 0 0 1 0.996052701534888 -0.009527649190401282 -0.08825100376741274 11.724998474121094 0.009490472196227015 0.999954610920368 -0.0008408546771364088 0 0.08825500950395901 -8.124783790089234e-9 0.9960979135092374 0 0 0 0 1</float_array>
				<technique_common>
					<accessor source="#anim_Spine3_transform_output_array" count="56" stride="16">
						<param name="TRANSFORM" type="float4x4"/>
					</accessor>
				</technique_common>
			</source>
			<source id="anim_Spine3_transform_interpolation">
				<Name_array id="anim_Spine3_transform_interpolation_array" count="56">LINEAR LINEAR LINEAR LINEAR LINEAR LINEAR LINEAR LINEAR LINEAR LINEAR LINEAR LINEAR LINEAR LINEAR LINEAR LINEAR LINEAR LINEAR LINEAR LINEAR LINEAR LINEAR LINEAR LINEAR LINEAR LINEAR LINEAR LINEAR LINEAR LINEAR LINEAR LINEAR LINEAR LINEAR LINEAR LINEAR LINEAR LINEAR LINEAR LINEAR LINEAR LINEAR LINEAR LINEAR LINEAR LINEAR LINEAR LINEAR LINEAR LINEAR LINEAR LINEAR LINEAR LINEAR LINEAR LINEAR</Name_array>
				<technique_common>
					<accessor source="#anim_Spine3_transform_interpolation_array" count="56" stride="1">
						<param name="INTERPOLATION" type="Name"/>
					</accessor>
				</technique_common>
			</source>
			<sampler id="anim_Spine3_transform_sampler">
				<input semantic="INPUT" source="#anim_Spine3_transform_input"/>
				<input semantic="OUTPUT" source="#anim_Spine3_transform_output"/>
				<input semantic="INTERPOLATION" source="#anim_Spine3_transform_interpolation"/>
			</sampler>
			<channel source="#anim_Spine3_transform_sampler" target="Spine3_bone_id/transform"/>
		</animation>
		<animation id="anim_Neck_transform" name="anim_Neck_transform">
			<source id="anim_Neck_transform_input">
				<float_array id="anim_Neck_transform_input_array" count="56">0 0.03333333333333333 0.06666666666666667 0.1 0.13333333333333333 0.16666666666666666 0.2 0.23333333333333334 0.26666666666666666 0.3 0.3333333333333333 0.36666666666666664 0.4 0.43333333333333335 0.4666666666666667 0.5 0.5333333333333333 0.5666666666666667 0.6 0.6333333333333333 0.6666666666666666 0.7 0.7333333333333333 0.7666666666666667 0.8 0.8333333333333334 0.8666666666666667 0.9 0.9333333333333333 0.9666666666666667 1 1.0333333333333334 1.0666666666666667 1.1 1.1333333333333333 1.1666666666666667 1.2 1.2333333333333334 1.2666666666666666 1.3 1.3333333333333333 1.3666666666666667 1.4 1.4333333333333333 1.4666666666666666 1.5 1.5333333333333334 1.5666666666666667 1.6 1.6333333333333333 1.6666666666666667 1.7 1.7333333333333334 1.7666666666666666 1.8 1.8333333333333333</float_array>
				<technique_common>
					<accessor source="#anim_Neck_transform_input_array" count="56" stride="1">
						<param name="TIME" type="float"/>
					</accessor>
				</technique_common>
			</source>
			<source id="anim_Neck_transform_output">
				<float_array id="anim_Neck_transform_output_array" count="896">0.9765763753840945 0 -0.21517105530638697 14.248929977416992 0 1 0 0 0.21517105530638697 0 0.9765763753840945 0 0 0 0 1 0.9801103105950076 0 -0.1984534682623554 14.248929977416992 0 1 0 0 0.1984534682623554 0 0.9801103105950076 0 0 0 0 1 0.9877935451945806 0 -0.1557687775901259 14.248929977416992 0 1 0 0 0.1557687775901259 0 0.9877935451945806 0 0 0 0 1 0.9936187254059655 0 -0.11279108352447267 14.248929977416992 0 1 0 0 0.11279108352447267 0 0.9936187254059655 0 0 0 0 1 0.9975748939783214 0 -0.06960122774880356 14.248929977416992 0 1 0 0 0.06960122774880356 0 0.9975748939783214 0 0 0 0 1 0.9986181882710434 0 -0.052552012846881616 14.248929977416992 0 1 0 0 0.052552012846881616 0 0.9986181882710434 0 0 0 0 1 0.9943618300312519 0 -0.10604032712557865 14.248929977416992 0 1 0 0 0.10604032712557865 0 0.9943618300312519 0 0 0 0 1 0.9872425883889584 0 -0.1592233389647058 14.248929977416992 0 1 0 0 0.1592233389647058 0 0.9872425883889584 0 0 0 0 1 0.9772809604691739 0 -0.21194792828534326 14.248929977416992 0 1 0 0 0.21194792828534326 0 0.9772809604691739 0 0 0 0 1 0.9645056269577131 0 -0.2640622948603392 14.248929977416992 0 1 0 0 0.2640622948603392 0 0.9645056269577131 0 0 0 0 1 0.9489533695261637 0 -0.31541639536482596 14.248929977416992 0 1 0 0 0.31541639536482596 0 0.9489533695261637 0 0 0 0 1 0.9306689649331737 0 -0.3658623753684096 14.248929977416992 0 1 0 0 0.3658623753684096 0 0.9306689649331737 0 0 0 0 1 0.9097050561069541 0 -0.41525499502527785 14.248929977416992 0 1 0 0 0.41525499502527785 0 0.9097050561069541 0 0 0 0 1 0.9063880796982844 0 -0.4224460308499259 14.248929977416992 0 1 0 0 0.4224460308499259 0 0.9063880796982844 0 0 0 0 1 0.9054758592201688 0 -0.42439777140024776 14.248929977416992 0 1 0 0 0.42439777140024776 0 0.9054758592201688 0 0 0 0 1 0.9045594360325567 0 -0.42634754213489134 14.248929977416992 0 1 0 0 0.42634754213489134 0 0.9045594360325567 0 0 0 0 1 0.9047477626961912 0 -0.4259477501950638 14.248929977416992 0 1 0 0 0.4259477501950638 0 0.9047477626961912 0 0 0 0 1 0.9049359126621104 0 -0.42554787506741626 14.248929977416992 0 1 0 0 0.42554787506741626 0 0.9049359126621104 0 0 0 0 1 0.9051238858935686 0 -0.4251479168300442 14.248929977416992 0 1 0 0 0.4251479168300442 0 0.9051238858935686 0 0 0 0 1 0.9053116823538545 0 -0.4247478755610598 14.248929977416992 0 1 0 0 0.4247478755610598 0 0.9053116823538545 0 0 0 0 1 0.9054993020062915 0 -0.4243477513385915 14.248929977416992 0 1 0 0 0.4243477513385915 0 0.9054993020062915 0 0 0 0 1 0.9056867448142372 0 -0.4239475442407834 14.248929977416992 0 1 0 0 0.4239475442407834 0 0.9056867448142372 0 0 0 0 1 0.905874010741084 0 -0.4235472543457961 14.248929977416992 0 1 0 0 0.4235472543457961 0 0.905874010741084 0 0 0 0 1 0.9060610997502587 0 -0.42314688173180687 14.248929977416992 0 1 0 0 0.42314688173180687 0 0.9060610997502587 0 0 0 0 1 0.9062480118052229 0 -0.4227464264770084 14.248929977416992 0 1 0 0 0.4227464264770084 0 0.9062480118052229 0 0 0 0 1 0.9071010428567623 0 -0.4209129340471428 14.248929977416992 0 1 0 0 0.4209129340471428 0 0.9071010428567623 0 0 0 0 1 0.9079503644487875 0 -0.41907772035424873 14.248929977416992 0 1 0 0 0.41907772035424873 0 0.9079503644487875 0 0 0 0 1 0.9087959731081198 0 -0.4172407929031697 14.248929977416992 0 1 0 0 0.4172407929031697 0 0.9087959731081198 0 0 0 0 1 0.9124764901428942 0 -0.409129142125692 14.248929977416992 0 1 0 0 0.409129142125692 0 0.9124764901428942 0 0 0 0 1 0.9160846066539293 0 -0.4009850289620744 14.248929977416992 0 1 0 0 0.4009850289620744 0 0.9160846066539293 0 0 0 0 1 0.9295602364178673 0 -0.36867026849307866 14.248929977416992 0 1 0 0 0.36867026849307866 0 0.9295602364178673 0 0 0 0 1 0.941896377462202 0 -0.3359035786108584 14.248929977416992 0 1 0 0 0.3359035786108584 0 0.941896377462202 0 0 0 0 1 0.9530779076969248 0 -0.30272512591466894 14.248929977416992 0 1 0 0 0.30272512591466894 0 0.9530779076969248 0 0 0 0 1 0.9630911203959182 0 -0.26917558175758655 14.248929977416992 0 1 0 0 0.26917558175758655 0 0.9630911203959182 0 0 0 0 1 0.9719237409991583 0 -0.2352960723900866 14.248929977416992 0 1 0 0 0.2352960723900866 0 0.9719237409991583 0 0 0 0 1 0.9695063657020355 0 -0.24506612753138898 14.248929977416992 0 1 0 0 0.24506612753138898 0 0.9695063657020355 0 0 0 0 1 0.9669907816585547 0 -0.254811358042332 14.248929977416992 0 1 0 0 0.254811358042332 0 0.9669907816585547 0 0 0 0 1 0.9576444356126981 0 -0.2879533554936231 14.248929977416992 0 1 0 0 0.2879533554936231 0 0.9576444356126981 0 0 0 0 1 0.9471625663360228 0 -0.32075391335377207 14.248929977416992 0 1 0 0 0.32075391335377207 0 0.9471625663360228 0 0 0 0 1 0.9355576026649773 0 -0.3531741384866116 14.248929977416992 0 1 0 0 0.3531741384866116 0 0.9355576026649773 0 0 0 0 1 0.9228433051408975 0 -0.38517558873405294 14.248929977416992 0 1 0 0 0.38517558873405294 0 0.9228433051408975 0 0 0 0 1 0.9258595847432362 0 -0.3778677405377208 14.248929977416992 0 1 0 0 0.3778677405377208 0 0.9258595847432362 0 0 0 0 1 0.9288179957254963 0 -0.3705362746297211 14.248929977416992 0 1 0 0 0.3705362746297211 0 0.9288179957254963 0 0 0 0 1 0.9317183531793353 0 -0.36318164924564605 14.248929977416992 0 1 0 0 0.36318164924564605 0 0.9317183531793353 0 0 0 0 1 0.9345604758249065 0 -0.35580432406861545 14.248929977416992 0 1 0 0 0.35580432406861545 0 0.9345604758249065 0 0 0 0 1 0.9430196078338968 0 -0.33273716239819623 14.248929977416992 0 1 0 0 0.33273716239819623 0 0.9430196078338968 0 0 0 0 1 0.9509094852438533 0 -0.3094691436529173 14.248929977416992 0 1 0 0 0.3094691436529173 0 0.9509094852438533 0 0 0 0 1 0.9582253453234775 0 -0.2860143135923488 14.248929977416992 0 1 0 0 0.2860143135923488 0 0.9582253453234775 0 0 0 0 1 0.9649627718475268 0 -0.26238683074487185 14.248929977416992 0 1 0 0 0.26238683074487185 0 0.9649627718475268 0 0 0 0 1 0.9678870909432491 0 -0.2513853201470099 14.248929977416992 0 1 0 0 0.2513853201470099 0 0.9678870909432491 0 0 0 0 1 0.9706859865087526 0 -0.24035123381320447 14.248929977416992 0 1 0 0 0.24035123381320447 0 0.9706859865087526 0 0 0 0 1 0.9733590958494982 0 -0.22928600159418208 14.248929977416992 0 1 0 0 0.22928600159418208 0 0.9733590958494982 0 0 0 0 1 0.97418256772233 0 -0.22576165472889279 14.248929977416992 0 1 0 0 0.22576165472889279 0 0.97418256772233 0 0 0 0 1 0.9749932786542275 0 -0.2222343505830722 14.248929977416992 0 1 0 0 0.2222343505830722 0 0.9749932786542275 0 0 0 0 1 0.9757912180255853 0 -0.21870413536132477 14.248929977416992 0 1 0 0 0.21870413536132477 0 0.9757912180255853 0 0 0 0 1 0.9765763753840945 0 -0.21517105530638697 14.248929977416992 0 1 0 0 0.21517105530638697 0 0.9765763753840945 0 0 0 0 1</float_array>
				<technique_common>
					<accessor source="#anim_Neck_transform_output_array" count="56" stride="16">
						<param name="TRANSFORM" type="float4x4"/>
					</accessor>
				</technique_common>
			</source>
			<source id="anim_Neck_transform_interpolation">
				<Name_array id="anim_Neck_transform_interpolation_array" count="56">LINEAR LINEAR LINEAR LINEAR LINEAR LINEAR LINEAR LINEAR LINEAR LINEAR LINEAR LINEAR LINEAR LINEAR LINEAR LINEAR LINEAR LINEAR LINEAR LINEAR LINEAR LINEAR LINEAR LINEAR LINEAR LINEAR LINEAR LINEAR LINEAR LINEAR LINEAR LINEAR LINEAR LINEAR LINEAR LINEAR LINEAR LINEAR LINEAR LINEAR LINEAR LINEAR LINEAR LINEAR LINEAR LINEAR LINEAR LINEAR LINEAR LINEAR LINEAR LINEAR LINEAR LINEAR LINEAR LINEAR</Name_array>
				<technique_common>
					<accessor source="#anim_Neck_transform_interpolation_array" count="56" stride="1">
						<param name="INTERPOLATION" type="Name"/>
					</accessor>
				</technique_common>
			</source>
			<sampler id="anim_Neck_transform_sampler">
				<input semantic="INPUT" source="#anim_Neck_transform_input"/>
				<input semantic="OUTPUT" source="#anim_Neck_transform_output"/>
				<input semantic="INTERPOLATION" source="#anim_Neck_transform_interpolation"/>
			</sampler>
			<channel source="#anim_Neck_transform_sampler" target="Neck_bone_id/transform"/>
		</animation>
		<animation id="anim_Head_transform" name="anim_Head_transform">
			<source id="anim_Head_transform_input">
				<float_array id="anim_Head_transform_input_array" count="56">0 0.03333333333333333 0.06666666666666667 0.1 0.13333333333333333 0.16666666666666666 0.2 0.23333333333333334 0.26666666666666666 0.3 0.3333333333333333 0.36666666666666664 0.4 0.43333333333333335 0.4666666666666667 0.5 0.5333333333333333 0.5666666666666667 0.6 0.6333333333333333 0.6666666666666666 0.7 0.7333333333333333 0.7666666666666667 0.8 0.8333333333333334 0.8666666666666667 0.9 0.9333333333333333 0.9666666666666667 1 1.0333333333333334 1.0666666666666667 1.1 1.1333333333333333 1.1666666666666667 1.2 1.2333333333333334 1.2666666666666666 1.3 1.3333333333333333 1.3666666666666667 1.4 1.4333333333333333 1.4666666666666666 1.5 1.5333333333333334 1.5666666666666667 1.6 1.6333333333333333 1.6666666666666667 1.7 1.7333333333333334 1.7666666666666666 1.8 1.8333333333333333</float_array>
				<technique_common>
					<accessor source="#anim_Head_transform_input_array" count="56" stride="1">
						<param name="TIME" type="float"/>
					</accessor>
				</technique_common>
			</source>
			<source id="anim_Head_transform_output">
				<float_array id="anim_Head_transform_output_array" count="896">0.9916702931510579 0.0000012477287545558434 0.12880228911062908 4.4331440925598145 -0.0000013852738275387743 0.9999999999985619 9.782912164518105e-7 0 -0.1288022891092232 -0.0000011485687774379087 0.9916702931513603 0 0 0 0 1 0.9905389321983396 0.010013296143630985 0.1368662036432414 4.4331440925598145 -0.009511318330103753 0.9999454297789019 -0.004321144282547995 0 -0.13690200372162822 0.0029784836120263767 0.9905801179169589 0 0 0 0 1 0.9875073964686124 0.03178775948995131 0.15433301742139213 4.4331440925598145 -0.030654242243151258 0.9994827913872923 -0.009719421441857024 0 -0.15456215368673185 0.004867038861077599 0.9879710788178183 0 0 0 0 1 0.9837023254050558 0.0535688614749512 0.17163948284984834 4.4331440925598145 -0.05167482011686797 0.9985438694168755 -0.015487214593444197 0 -0.17221918580278803 0.006365369608400015 0.9850380876449262 0 0 0 0 1 0.9831114866877645 0.06432969193354277 0.17132861838673957 4.4331440925598145 -0.06074619079514367 0.9978124077259486 -0.026082547652123148 0 -0.1726317034801359 0.015234491257694004 0.984868623334943 0 0 0 0 1 0.9843057845488448 0.04145221865715433 0.17153377530994493 4.4331440925598145 -0.03617634203209884 0.9987746500336742 -0.03377085618234169 0 -0.17272346331885488 0.02703538456377629 0.984599255129024 0 0 0 0 1 0.9849336892535009 0.01855714682534035 0.17193388285963582 4.4331440925598145 -0.011587288379657291 0.9990732471452519 -0.04145336640912415 0 -0.17254379884972645 0.03883656962638698 0.9842359261570165 0 0 0 0 1 0.986088200154746 -0.00450400204915809 0.16616189539456644 4.4331440925598145 0.012847180097957482 0.9987077688305672 -0.04917054444483039 0 -0.16572571158122779 0.05062120546778372 0.9848718099721832 0 0 0 0 1 0.9866355934570299 -0.027631467008907708 0.1605824017588168 4.4331440925598145 0.03722275821381848 0.9976783391178988 -0.057029798578519864 0 -0.1586337668803525 0.06224494907931552 0.9853734796103777 0 0 0 0 1 0.9865756727525505 -0.0508086602339428 0.1551996197742896 4.4331440925598145 0.061522416560579274 0.9959853184405402 -0.06502490070305729 0 -0.15127271463617908 0.07370024081458391 0.9857407571519368 0 0 0 0 1 0.9859086714260229 -0.07401895762590595 0.15001761736192415 4.4331440925598145 0.0857291777375047 0.9936295362642648 -0.07314952322273498 0 -0.14364748411101974 0.08497963623855102 0.9859735603622127 0 0 0 0 1 0.9855552278998905 -0.08882999049903248 0.14418781344876813 4.4331440925598145 0.09984656093830452 0.9924632465456834 -0.07104483461023413 0 -0.13679019346425536 0.08441526546747262 0.9869967101911068 0 0 0 0 1 0.9855357410072574 -0.09087461370922129 0.1430423286320382 4.4331440925598145 0.10161375034184428 0.9923834254148178 -0.06964038126990756 0 -0.1356242933207084 0.08316815222879824 0.9872634448393731 0 0 0 0 1 0.9858875751986454 -0.08904234308929689 0.14176441798315664 4.4331440925598145 0.09950779347926393 0.9926749217291245 -0.06851787217189802 0 -0.13462499064372618 0.08165758328069929 0.9875262786310713 0 0 0 0 1 0.9862316494541937 -0.08837780130941998 0.13977302261371113 4.4331440925598145 0.09629973232654647 0.9940472577598823 -0.0509549889009265 0 -0.13443769995315977 0.06371352741585358 0.9888716252656528 0 0 0 0 1 0.9865713012210255 -0.08768140462130407 0.13780072166243393 4.4331440925598145 0.0930998399719684 0.9950974930407125 -0.033367636135679134 0 -0.1341994314602201 0.04574877733584103 0.989897753289717 0 0 0 0 1 0.9867928146513272 -0.08694107072872687 0.13667915412766507 4.4331440925598145 0.08991473438270442 0.9958253401024936 -0.01572363032638192 0 -0.13474153588778487 0.027805435265349097 0.9904905735423761 0 0 0 0 1 0.9870110090178568 -0.0861848668908873 0.13557815752012672 4.4331440925598145 0.08672474745112631 0.9962304412604157 0.0019303071299298334 0 -0.13523345095460151 0.009852747082795604 0.9907647738579687 0 0 0 0 1 0.9872258480177013 -0.08541323651715801 0.1344979703690528 4.4331440925598145 0.08353071953638289 0.996312658023423 0.019588424031451702 0 -0.13567514105194334 -0.008103486284670138 0.9907202378121532 0 0 0 0 1 0.9874372965730134 -0.08462662683972813 0.13343882256040884 4.4331440925598145 0.08033349111012417 0.9960719565722348 0.03724496659173739 0 -0.1360665849598588 -0.026057462656395334 0.9903569523647886 0 0 0 0 1 0.98747842661762 -0.08585894354906021 0.13234273224257156 4.4331440925598145 0.07916754433504347 0.9953412937787035 0.055029163385386055 0 -0.13645093216518758 -0.043862862555650396 0.9896752964481207 0 0 0 0 1 0.9875201042439585 -0.08707607793618027 0.13123185728036263 4.4331440925598145 0.07799909639753921 0.9942920290968998 0.07279767740482586 0 -0.13682172588872205 -0.06165320369309259 0.9886752236195714 0 0 0 0 1 0.9875623229066236 -0.08827783073064549 0.13010642942132117 4.4331440925598145 0.0768283238408036 0.9929244914050732 0.09054481224117329 0 -0.13717895987025974 -0.07942278621068526 0.9873570549702095 0 0 0 0 1 0.9876050760138582 -0.08946400638263957 0.12896668326986008 4.4331440925598145 0.07565540290367406 0.9912391114914929 0.10826487824330905 0 -0.13752263029459597 -0.09716591692318255 0.9857212135007205 0 0 0 0 1 0.9876483569289299 -0.09063441310553574 0.1278128562258119 4.4331440925598145 0.07448050948553792 0.9892364219173144 0.12595219433977217 0 -0.13785273578119395 -0.11487691114076898 0.9837682239859123 0 0 0 0 1 0.9876813588496794 -0.08894055660136696 0.1287443620990438 4.4331440925598145 0.07644255498262237 0.9921501789321987 0.0989674604733035 0 -0.1365359629129975 -0.08790676786371555 0.9867270802988917 0 0 0 0 1 0.9877158093265674 -0.08723282427831501 0.12964534073692133 4.4331440925598145 0.07837770269447335 0.9943267201055432 0.07191181686266529 0 -0.1351828973158238 -0.06086713442064923 0.9889493294505629 0 0 0 0 1 0.9873280730877634 -0.09043957961812625 0.13039922749503047 4.4331440925598145 0.08521331472137535 0.9953402215580922 0.04512797738525031 0 -0.13387295128964605 -0.033444368542169096 0.990433999378967 0 0 0 0 1 0.9869166770680143 -0.09363420613457835 0.1312558873596763 4.4331440925598145 0.09202053739017382 0.9955885778590231 0.018319506954922835 0 -0.13239219472254538 -0.006001589639015285 0.9911792409541034 0 0 0 0 1 0.9864817755214705 -0.09681355553093772 0.13221513540236268 4.4331440925598145 0.09879483246252645 0.9950715815959328 -0.00849285457724808 0 -0.13074130044751886 0.021440218413696 0.991184659582494 0 0 0 0 1 0.9860235415295404 -0.09997448394439604 0.1332766975491004 4.4331440925598145 0.10553167976876957 0.9937896134463489 -0.035288365948828455 0 -0.1289210615637513 0.048860073334045094 0.9904504294103098 0 0 0 0 1 0.9854789574505168 -0.10309488634758214 0.13491726661632847 4.4331440925598145 0.11224097733224221 0.9917437293765158 -0.06201885398702054 0 -0.1274095264481641 0.07626152143341623 0.9889140472856653 0 0 0 0 1 0.9849115956031096 -0.10617734409614547 0.13665840789071665 4.4331440925598145 0.11891670195759942 0.9889354568279292 -0.08868754266559936 0 -0.12572973730213644 0.10360035631803474 0.9866402583154166 0 0 0 0 1 0.9843217097907313 -0.10921877374575646 0.138499209731047 4.4331440925598145 0.12555437965758617 0.9853669612682864 -0.1152738018358987 0 -0.1238824821492127 0.1308556880780373 0.9836309874715078 0 0 0 0 1 0.9842994325721013 -0.1088739018087636 0.1389284007795928 4.4331440925598145 0.12590449592341985 0.9847171878300716 -0.12033336153496726 0 -0.12370402153733324 0.1359357697479633 0.982964282951583 0 0 0 0 1 0.9870342792228379 -0.08244598113275003 0.13771707168724978 4.4331440925598145 0.10018113310672719 0.9867982975026617 -0.127251171371035 0 -0.12540762420405344 0.1393979205042404 0.9822632781238381 0 0 0 0 1 0.9908919912234663 -0.01643794217565782 0.13365199507012132 4.4331440925598145 0.03488312051030384 0.9899753571448808 -0.13686475130335482 0 -0.13006240668485886 0.14028038459775935 0.9815320596213081 0 0 0 0 1 0.9907642477639419 0.04944648835490591 0.12625866363192093 4.4331440925598145 -0.030709291542241047 0.9887706144013787 -0.14625187694280653 0 -0.1320724981429671 0.14102381673209788 0.9811570406151033 0 0 0 0 1 0.9870241085736157 0.10519200456488878 0.12131797587365095 4.4331440925598145 -0.0917228805217461 0.9894968642981028 -0.11172675925227295 0 -0.13179651847925583 0.09914937074859471 0.9863057740867712 0 0 0 0 1 0.9848297725500947 0.125495866721545 0.11983783432095607 4.4331440925598145 -0.11709157063486478 0.9903005407392247 -0.07479574251158704 0 -0.12806202866263355 0.05962907384328027 0.9899719644350559 0 0 0 0 1 0.9889360467027793 0.08054483316940542 0.1245713666200659 4.4331440925598145 -0.07687735313558952 0.9964613302073866 -0.033980729482921725 0 -0.12686752187515954 0.024028051336683398 0.9916286021702972 0 0 0 0 1 0.9912065710118888 0.03590932513182693 0.1273579756098151 4.4331440925598145 -0.03592653190728004 0.9993520934955425 -0.0021627600864428994 0 -0.12735312280414918 -0.002431788365188171 0.9918544593423867 0 0 0 0 1 0.9916343040507889 -0.008842643896348836 0.12877583111216942 4.4331440925598145 0.005049891505764586 0.999544639625751 0.029749151100621075 0 -0.12898025285092143 -0.02884997477208502 0.9912274074752788 0 0 0 0 1 0.9904127914798528 -0.05364464993451793 0.12729789474491982 4.4331440925598145 0.046080162908057436 0.9970339184625028 0.0616440104282187 0 -0.1302271901695362 -0.05518710871852659 0.9899471005926715 0 0 0 0 1 0.9895604409343386 -0.06856171982513971 0.12676523305881793 4.4331440925598145 0.060803734846310915 0.9960899016975973 0.06409222702333389 0 -0.13066384184837404 -0.05571533281503485 0.9898599709669712 0 0 0 0 1 0.9892539408900871 -0.07271771839679265 0.1268415305197661 4.4331440925598145 0.06577386803937983 0.9961413850896214 0.058104553994234025 0 -0.13057732849377124 -0.0491373009321368 0.9902197164975732 0 0 0 0 1 0.9889266086198798 -0.07687238743238413 0.1269440775067058 4.4331440925598145 0.07074265494137481 0.9961322395484178 0.05211562245717847 0 -0.13045934054497085 -0.04255816470078352 0.9905398341721914 0 0 0 0 1 0.9891911008492397 -0.07282595553749635 0.12726879507844788 4.4331440925598145 0.06750975428918718 0.9966758797620567 0.045602892192751654 0 -0.13016681250027953 -0.03651809004563028 0.990819373055925 0 0 0 0 1 0.9894423102847396 -0.0687769628778727 0.1275681935111284 4.4331440925598145 0.06427438786587698 0.9971664825690815 0.039087198739134604 0 -0.1298950256278653 -0.030475160673924594 0.9910593054399089 0 0 0 0 1 0.9896802269248984 -0.06472561463884674 0.12784225922403356 4.4331440925598145 0.06103673916963189 0.9976040218044238 0.032568883173623685 0 -0.12964399293997317 -0.024429705058848592 0.9912596151388988 0 0 0 0 1 0.9899048414794893 -0.060672116116876146 0.12809097993757143 4.4331440925598145 0.05779699180848252 0.9979884741302776 0.02604828671929257 0 -0.1294137262942275 -0.018382051817481284 0.9914202880805003 0 0 0 0 1 0.9906302932955794 -0.04660141409960015 0.12837418046099425 4.4331440925598145 0.044301105373259465 0.9988033761149451 0.02071781658609266 0 -0.12918604440039833 -0.014836578625316661 0.9915093755819322 0 0 0 0 1 0.9911648918947799 -0.032520873810757196 0.1285867405364726 4.4331440925598145 0.030795532390450624 0.9994073117991091 0.015383767655131006 0 -0.12901082225921215 -0.011287953271658923 0.9915789377810215 0 0 0 0 1 0.9915085227299738 -0.018433446317590085 0.12872861923706605 4.4331440925598145 0.01728316309159878 0.9998001533059132 0.010047174877629423 0 -0.1288880973068274 -0.007737021799697521 0.9916289612885945 0 0 0 0 1 0.9916611116945425 -0.004342084144725785 0.12879978982135074 4.4331440925598145 0.003766889158182393 0.9999818174201252 0.004709073710772368 0 -0.12881789510318034 -0.004184630739221855 0.9916594368868591 0 0 0 0 1 0.9916702931510579 0.0000012477287545558434 0.12880228911062908 4.4331440925598145 -0.0000013852738275387743 0.9999999999985619 9.782912164518105e-7 0 -0.1288022891092232 -0.0000011485687774379087 0.9916702931513603 0 0 0 0 1</float_array>
				<technique_common>
					<accessor source="#anim_Head_transform_output_array" count="56" stride="16">
						<param name="TRANSFORM" type="float4x4"/>
					</accessor>
				</technique_common>
			</source>
			<source id="anim_Head_transform_interpolation">
				<Name_array id="anim_Head_transform_interpolation_array" count="56">LINEAR LINEAR LINEAR LINEAR LINEAR LINEAR LINEAR LINEAR LINEAR LINEAR LINEAR LINEAR LINEAR LINEAR LINEAR LINEAR LINEAR LINEAR LINEAR LINEAR LINEAR LINEAR LINEAR LINEAR LINEAR LINEAR LINEAR LINEAR LINEAR LINEAR LINEAR LINEAR LINEAR LINEAR LINEAR LINEAR LINEAR LINEAR LINEAR LINEAR LINEAR LINEAR LINEAR LINEAR LINEAR LINEAR LINEAR LINEAR LINEAR LINEAR LINEAR LINEAR LINEAR LINEAR LINEAR LINEAR</Name_array>
				<technique_common>
					<accessor source="#anim_Head_transform_interpolation_array" count="56" stride="1">
						<param name="INTERPOLATION" type="Name"/>
					</accessor>
				</technique_common>
			</source>
			<sampler id="anim_Head_transform_sampler">
				<input semantic="INPUT" source="#anim_Head_transform_input"/>
				<input semantic="OUTPUT" source="#anim_Head_transform_output"/>
				<input semantic="INTERPOLATION" source="#anim_Head_transform_interpolation"/>
			</sampler>
			<channel source="#anim_Head_transform_sampler" target="Head_bone_id/transform"/>
		</animation>
		<animation id="anim_LShoulder_transform" name="anim_LShoulder_transform">
			<source id="anim_LShoulder_transform_input">
				<float_array id="anim_LShoulder_transform_input_array" count="56">0 0.03333333333333333 0.06666666666666667 0.1 0.13333333333333333 0.16666666666666666 0.2 0.23333333333333334 0.26666666666666666 0.3 0.3333333333333333 0.36666666666666664 0.4 0.43333333333333335 0.4666666666666667 0.5 0.5333333333333333 0.5666666666666667 0.6 0.6333333333333333 0.6666666666666666 0.7 0.7333333333333333 0.7666666666666667 0.8 0.8333333333333334 0.8666666666666667 0.9 0.9333333333333333 0.9666666666666667 1 1.0333333333333334 1.0666666666666667 1.1 1.1333333333333333 1.1666666666666667 1.2 1.2333333333333334 1.2666666666666666 1.3 1.3333333333333333 1.3666666666666667 1.4 1.4333333333333333 1.4666666666666666 1.5 1.5333333333333334 1.5666666666666667 1.6 1.6333333333333333 1.6666666666666667 1.7 1.7333333333333334 1.7666666666666666 1.8 1.8333333333333333</float_array>
				<technique_common>
					<accessor source="#anim_LShoulder_transform_input_array" count="56" stride="1">
						<param name="TIME" type="float"/>
					</accessor>
				</technique_common>
			</source>
			<source id="anim_LShoulder_transform_output">
				<float_array id="anim_LShoulder_transform_output_array" count="896">-0.5308051950374277 0.8460787333606383 -0.0489553048824877 12.300003051757812 -0.8212008188926636 -0.4992014668114395 0.2764545361959664 -3.3299999237060547 0.20946374381094682 0.1869456404631203 0.9597792806372389 0 0 0 0 1 -0.463991992949887 0.8828816857561408 -0.07232813722741832 12.300003051757812 -0.8562266006302088 -0.4260489239203429 0.29216146699993795 -3.3299999237060547 0.22712868346298776 0.19748985640461128 0.9536300738576022 0 0 0 0 1 -0.3699845214557975 0.9228852961794738 -0.10674354303117885 12.300003051757812 -0.8958494105573422 -0.32396871903317503 0.30413500734388665 -3.3299999237060547 0.24610015743023567 0.20815138525536728 0.946629660072557 0 0 0 0 1 -0.31602979024784683 0.94175407755863 -0.11499751770188854 12.300003051757812 -0.9236042527494762 -0.27766481740964677 0.2643055683786278 -3.3299999237060547 0.2169800819867665 0.18974062974113304 0.9575584250824878 0 0 0 0 1 -0.25910680615293913 0.9603193391203724 -0.10320092013463317 12.300003051757812 -0.9552905911775056 -0.23905158483164213 0.17399490279089416 -3.3299999237060547 0.14242032654419712 0.14367013155451588 0.9793239218390166 0 0 0 0 1 -0.20806598623474848 0.9752401099563159 -0.07493512730725566 12.300003051757812 -0.9767777073944997 -0.20316640495420168 0.06803471345666678 -3.3299999237060547 0.0511258810125256 0.08735067160805601 0.994864817178854 0 0 0 0 1 -0.17063479284972405 0.984377620191101 -0.043410463439551 12.300003051757812 -0.9849816265005202 -0.17158680345297483 -0.01921364976208028 -3.3299999237060547 -0.026362149485986683 0.0394799917387906 0.9988725480894864 0 0 0 0 1 -0.15050444681639363 0.9882103584694265 -0.028083783616511843 12.300003051757812 -0.9868697368784668 -0.15186346366878434 -0.05500555277374755 -3.3299999237060547 -0.05862195767728216 0.019436455856136018 0.9980910230343901 0 0 0 0 1 -0.1414005541160206 0.9893148545804451 -0.0355246647015315 12.300003051757812 -0.988519449317256 -0.14303507961880668 -0.04868536042745836 -3.3299999237060547 -0.05324642351550245 0.028232685046157294 0.9981822147673701 0 0 0 0 1 -0.14054370492419443 0.987861204607765 -0.06616424591179904 12.300003051757812 -0.9892808554846502 -0.14279231793982738 -0.03055720715200981 -3.3299999237060547 -0.039634025505119914 0.06116039869284176 0.9973407389924429 0 0 0 0 1 -0.1370572541231161 0.9858431304420524 -0.09658483966154235 12.300003051757812 -0.9902266336449318 -0.1388991234024537 -0.01257964777948914 -3.3299999237060547 -0.025817108909744764 0.09391674865669185 0.9952452568132631 0 0 0 0 1 -0.13095248336327336 0.9832604536331644 -0.12668988681854687 12.300003051757812 -0.9913192865470077 -0.13138134037428162 0.005001551898119606 -3.3299999237060547 -0.011726858953871752 0.12624509385541205 0.9919297641751226 0 0 0 0 1 -0.12936853004519677 0.9772992092278058 -0.16777973380790395 12.300003051757812 -0.9915924124995378 -0.12799342248968104 0.019030798005471625 -3.3299999237060547 -0.002875918512759687 0.16883109737866459 0.9856408015350338 0 0 0 0 1 -0.1288649892145588 0.9694298366807743 -0.2088051874542845 12.300003051757812 -0.9916605526323488 -0.12635335343859122 0.025380670356141555 -3.3299999237060547 -0.0017784565320195928 0.2103345473951194 0.9776278511092317 0 0 0 0 1 -0.15742632349061902 0.9554171913512023 -0.2497897979157822 12.300003051757812 -0.9875130254274423 -0.15381907951251206 0.03402521695835754 -3.3299999237060547 -0.00591415956555276 0.2520271438724484 0.9677020933469811 0 0 0 0 1 -0.18176025143159769 0.9392084719758846 -0.29129136130041067 12.300003051757812 -0.9832842832611814 -0.1768258374682874 0.04341245783393807 -3.3299999237060547 -0.010734490722292073 0.2943128766676084 0.9556488378774759 0 0 0 0 1 -0.208457559432615 0.9222605188579358 -0.3255472028313082 12.300003051757812 -0.9779941785882538 -0.19946756892223072 0.06115615746384223 -3.3299999237060547 -0.0085341996042326 0.33113173255389816 0.9435459411883286 0 0 0 0 1 -0.23218852726722883 0.9037012218345593 -0.35973961341531446 12.300003051757812 -0.9726485225290114 -0.21822291077017475 0.07958399862487162 -3.3299999237060547 -0.006583268763050959 0.36837869491830944 0.9296525144927413 0 0 0 0 1 -0.2529394664207918 0.8837444086877021 -0.3937225500780839 12.300003051757812 -0.9674704295991067 -0.23304362615764873 0.09844610788961919 -3.3299999237060547 -0.0047533333657157895 0.40581583066770355 0.9139425131819814 0 0 0 0 1 -0.2793947670835213 0.8640325136490273 -0.41879157045443105 12.300003051757812 -0.9601610105163499 -0.24895162127945358 0.12694063237022943 -3.3299999237060547 0.005421993228247268 0.4375738858977707 0.8991661116666696 0 0 0 0 1 -0.31230022562510373 0.8437050416476264 -0.4366123816074003 12.300003051757812 -0.9499733403376296 -0.2752379125119935 0.1476304310222188 -3.3299999237060547 0.004384258463547341 0.4608751395057202 0.8874541588517729 0 0 0 0 1 -0.325648954239786 0.8311405892798032 -0.4507306062984356 12.300003051757812 -0.9454578508852971 -0.28227732961131236 0.1625698661710148 -3.3299999237060547 0.007887382448505786 0.47908749726863886 0.8777317125175454 0 0 0 0 1 -0.3290212047892538 0.828514818431945 -0.4531095258739436 12.300003051757812 -0.944249782590881 -0.2826932939745226 0.16875085072054918 -3.3299999237060547 0.011721556044432951 0.48337117950961483 0.8753370253470265 0 0 0 0 1 -0.3323334841707437 0.8258986030384274 -0.45546235058247053 12.300003051757812 -0.9430333487668281 -0.2830005588992901 0.17492508904188772 -3.3299999237060547 0.015574286903644263 0.4876496500171661 0.8729004871264412 0 0 0 0 1 -0.33241195150889924 0.8257582215940026 -0.45565958122698946 12.300003051757812 -0.9429837129574218 -0.28236276167489627 0.17621857994082385 -3.3299999237060547 0.01685264344487583 0.4882567258003066 0.8725373104456244 0 0 0 0 1 -0.3324870159078357 0.8256193715133595 -0.45585637829758263 12.300003051757812 -0.9429335204151437 -0.2817205988165976 0.1775102258460688 -3.3299999237060547 0.018131749231865613 0.48886210487652226 0.8721726217243286 0 0 0 0 1 -0.3325586753313994 0.8254820517570122 -0.45605274880090185 12.300003051757812 -0.9428827696386494 -0.28107407703057086 0.17880001661063324 -3.3299999237060547 0.019411599119465217 0.48946577556397786 0.8718064259749287 0 0 0 0 1 -0.33262692774659164 0.825346261232101 -0.45624869973300447 12.300003051757812 -0.9428314591144018 -0.2804232030520277 0.18008794211231932 -3.3299999237060547 0.020692187947933982 0.4900677261973438 0.8714387282521318 0 0 0 0 1 -0.33263283167033153 0.8253431175796128 -0.4562500822563681 12.300003051757812 -0.9428285301000229 -0.28040780272391275 0.18012725224401152 -3.3299999237060547 0.02073070487000911 0.49008183238670766 0.8714298798182671 0 0 0 0 1 -0.3125065183054683 0.8476924139845274 -0.42866915831405383 12.300003051757812 -0.9499016154242381 -0.2764226514977215 0.1458678811575496 -3.3299999237060547 0.005157230944784236 0.4527781896382097 0.8916082738270925 0 0 0 0 1 -0.26643735583400585 0.8948495141487961 -0.35812774598437347 12.300003051757812 -0.9633631639824277 -0.25907246507759507 0.06937486663327949 -3.3299999237060547 -0.030700972263926596 0.3634911345085088 0.9310916418031937 0 0 0 0 1 -0.21807362330091729 0.9376659450972243 -0.2706038991318095 12.300003051757812 -0.9732618201591395 -0.22944794401363322 -0.010727087602663804 -3.3299999237060547 -0.07214793303295877 0.26102914855020587 0.9626310089365635 0 0 0 0 1 -0.1958863068527643 0.9576085925796324 -0.21122106477631536 12.300003051757812 -0.9747067951222591 -0.2137652225504978 -0.06520040774742446 -3.3299999237060547 -0.10758818861789149 0.19310674003149608 0.9752612822338069 0 0 0 0 1 -0.1971886307112536 0.9625855393605928 -0.18586479852865573 12.300003051757812 -0.9713089016630688 -0.21753419645396788 -0.09611394759976172 -3.3299999237060547 -0.1329498456874021 0.16157955559724596 0.9778631733247205 0 0 0 0 1 -0.20270461858881617 0.9647888244320234 -0.1676107450429022 12.300003051757812 -0.9684961001305777 -0.22280734359581333 -0.11123035409293164 -3.3299999237060547 -0.14465870742760145 0.13978344641212465 0.9795582915143561 0 0 0 0 1 -0.20714570152514056 0.9668809088442397 -0.14910387805887265 12.300003051757812 -0.9657738737895539 -0.22642305715613098 -0.12654415788012846 -3.3299999237060547 -0.15611368628399236 0.11778755155197536 0.980690883843739 0 0 0 0 1 -0.2105074213636442 0.9688616846441848 -0.130359739103995 12.300003051757812 -0.9631652831921477 -0.22837309125921057 -0.14198016918606 -3.3299999237060547 -0.16732980249859597 0.0956700957308224 0.981248169414158 0 0 0 0 1 -0.21648782120414545 0.9690565917008983 -0.11858476019843567 12.300003051757812 -0.9622760508466602 -0.23230462956379405 -0.14163107374507952 -3.3299999237060547 -0.1647963143921543 0.08344987216447297 0.9827910732187668 0 0 0 0 1 -0.23729480105188538 0.963025628232038 -0.12756495115052324 12.300003051757812 -0.9649707274346986 -0.24880085843698452 -0.08324438740941548 -3.3299999237060547 -0.1119047478344656 0.10334298335788888 0.9883306912176691 0 0 0 0 1 -0.27514758158070096 0.9491660642166706 -0.15289732139487378 12.300003051757812 -0.9614013278474434 -0.27183379563817467 0.042589603920634926 -3.3299999237060547 -0.00113805248778244 0.15871411433259155 0.9873239259473844 0 0 0 0 1 -0.31767291091011707 0.9330384478977737 -0.16888805883900518 12.300003051757812 -0.9417849482676942 -0.28979402030768786 0.17047151377964873 -3.3299999237060547 0.11011372707483078 0.21321041376635877 0.9707812763806623 0 0 0 0 1 -0.3460723550735363 0.9232913995413654 -0.16663407990805157 12.300003051757812 -0.9236488894806878 -0.30411767342003815 0.23320628137911578 -3.3299999237060547 0.1646409852222359 0.23461762987152038 0.9580437953134093 0 0 0 0 1 -0.359174362032022 0.9202006046205268 -0.15564261921114916 12.300003051757812 -0.9171744195000159 -0.3171966652241516 0.24119983371778303 -3.3299999237060547 0.1725829130409455 0.22938422532226233 0.9579133652369649 0 0 0 0 1 -0.36708925288240457 0.9183393420869258 -0.14798085414536363 12.300003051757812 -0.9131265297743255 -0.3254395930400851 0.24553820864419987 -3.3299999237060547 0.17732856803272548 0.22525968138407962 0.9580253936625094 0 0 0 0 1 -0.3748292315075539 0.9164291608571441 -0.14021640538156827 12.300003051757812 -0.9090212282239104 -0.333577116947966 0.2498133577032607 -3.3299999237060547 0.18216326151491397 0.22109703792532961 0.9580880157766793 0 0 0 0 1 -0.3823924762439168 0.9144719886757984 -0.1323517133979654 12.300003051757812 -0.9048618062497706 -0.3416088897262042 0.2540245619038322 -3.3299999237060547 0.18708582442945612 0.21689709169871726 0.9580994446873399 0 0 0 0 1 -0.38977722687957495 0.9124697399304003 -0.12438925643887429 12.300003051757812 -0.9006515495421814 -0.34953459829796296 0.25817116589570793 -3.3299999237060547 0.19209502782044063 0.21266061766116764 0.9580579116017125 0 0 0 0 1 -0.39698178498774306 0.9104243148166096 -0.11633154936925987 12.300003051757812 -0.8963937363480008 -0.3573539628591489 0.26225257799482776 -3.3299999237060547 0.1971895834571808 0.20838836872428676 0.9579616672687975 0 0 0 0 1 -0.4040045142356037 0.9083375985177149 -0.10818114251719203 12.300003051757812 -0.8920916357490472 -0.3650667359943911 0.26626827016561955 -3.3299999237060547 0.20236814448880963 0.20408107552997817 0.9578089834130205 0 0 0 0 1 -0.4108438406684862 0.9062114603986653 -0.09994062050480604 12.300003051757812 -0.8877485059524053 -0.37267270178178746 0.2702177779605459 -3.3299999237060547 0.2076293061300342 0.19973944625131282 0.9575981541581936 0 0 0 0 1 -0.4224052115430421 0.9016529803256923 -0.09271321551470116 12.300003051757812 -0.8818518608023003 -0.3851590929474471 0.27201060405693916 -3.3299999237060547 0.2095498338362475 0.19665801837122587 0.9578175666323434 0 0 0 0 1 -0.4423502375227597 0.8929598929199168 -0.08336004438583669 12.300003051757812 -0.8717698309331522 -0.40629790294225554 0.2737505724916549 -3.3299999237060547 0.21057927067577534 0.1937644025644959 0.9581814687523875 0 0 0 0 1 -0.4694104115867801 0.8799384052048606 -0.07322751217580453 12.300003051757812 -0.8575818486923296 -0.4345898390730776 0.2751091502801824 -3.3299999237060547 0.21025517422260326 0.1919376847311761 0.9586201995016892 0 0 0 0 1 -0.4959185587918551 0.8660917165164556 -0.06284840194777694 12.300003051757812 -0.8425886162405197 -0.4624291012395021 0.2760502673585247 -3.3299999237060547 0.2100219198743217 0.18985379877265113 0.9590861943870831 0 0 0 0 1 -0.5218491781659491 0.851436878107316 -0.05223674804572376 12.300003051757812 -0.8268126781172573 -0.48978940370818425 0.2765630765661814 -3.3299999237060547 0.20989099683429435 0.18751421976492924 0.9595750032352115 0 0 0 0 1 -0.5308051950374277 0.8460787333606383 -0.0489553048824877 12.300003051757812 -0.8212008188926636 -0.4992014668114395 0.2764545361959664 -3.3299999237060547 0.20946374381094682 0.1869456404631203 0.9597792806372389 0 0 0 0 1</float_array>
				<technique_common>
					<accessor source="#anim_LShoulder_transform_output_array" count="56" stride="16">
						<param name="TRANSFORM" type="float4x4"/>
					</accessor>
				</technique_common>
			</source>
			<source id="anim_LShoulder_transform_interpolation">
				<Name_array id="anim_LShoulder_transform_interpolation_array" count="56">LINEAR LINEAR LINEAR LINEAR LINEAR LINEAR LINEAR LINEAR LINEAR LINEAR LINEAR LINEAR LINEAR LINEAR LINEAR LINEAR LINEAR LINEAR LINEAR LINEAR LINEAR LINEAR LINEAR LINEAR LINEAR LINEAR LINEAR LINEAR LINEAR LINEAR LINEAR LINEAR LINEAR LINEAR LINEAR LINEAR LINEAR LINEAR LINEAR LINEAR LINEAR LINEAR LINEAR LINEAR LINEAR LINEAR LINEAR LINEAR LINEAR LINEAR LINEAR LINEAR LINEAR LINEAR LINEAR LINEAR</Name_array>
				<technique_common>
					<accessor source="#anim_LShoulder_transform_interpolation_array" count="56" stride="1">
						<param name="INTERPOLATION" type="Name"/>
					</accessor>
				</technique_common>
			</source>
			<sampler id="anim_LShoulder_transform_sampler">
				<input semantic="INPUT" source="#anim_LShoulder_transform_input"/>
				<input semantic="OUTPUT" source="#anim_LShoulder_transform_output"/>
				<input semantic="INTERPOLATION" source="#anim_LShoulder_transform_interpolation"/>
			</sampler>
			<channel source="#anim_LShoulder_transform_sampler" target="LShoulder_bone_id/transform"/>
		</animation>
		<animation id="anim_LArm_transform" name="anim_LArm_transform">
			<source id="anim_LArm_transform_input">
				<float_array id="anim_LArm_transform_input_array" count="56">0 0.03333333333333333 0.06666666666666667 0.1 0.13333333333333333 0.16666666666666666 0.2 0.23333333333333334 0.26666666666666666 0.3 0.3333333333333333 0.36666666666666664 0.4 0.43333333333333335 0.4666666666666667 0.5 0.5333333333333333 0.5666666666666667 0.6 0.6333333333333333 0.6666666666666666 0.7 0.7333333333333333 0.7666666666666667 0.8 0.8333333333333334 0.8666666666666667 0.9 0.9333333333333333 0.9666666666666667 1 1.0333333333333334 1.0666666666666667 1.1 1.1333333333333333 1.1666666666666667 1.2 1.2333333333333334 1.2666666666666666 1.3 1.3333333333333333 1.3666666666666667 1.4 1.4333333333333333 1.4666666666666666 1.5 1.5333333333333334 1.5666666666666667 1.6 1.6333333333333333 1.6666666666666667 1.7 1.7333333333333334 1.7666666666666666 1.8 1.8333333333333333</float_array>
				<technique_common>
					<accessor source="#anim_LArm_transform_input_array" count="56" stride="1">
						<param name="TIME" type="float"/>
					</accessor>
				</technique_common>
			</source>
			<source id="anim_LArm_transform_output">
				<float_array id="anim_LArm_transform_output_array" count="896">0.6600584337666697 0.10307519716461486 -0.74410911010615 8.720001220703125 0.47237285249723404 0.7132527175693897 0.517817003490139 0 0.5841119346812879 -0.6932864232114719 0.4220985467323084 0 0 0 0 1 0.6649500489391081 0.22166492221436002 -0.7132363526038052 8.720001220703125 0.39640965543189693 0.7046017173783391 0.588553994929828 0 0.633009334446375 -0.6740927845090741 0.3806548310169735 0 0 0 0 1 0.7508830372323576 0.3774734760491515 -0.5419302900522176 8.720001220703125 0.1843506191234846 0.6681532983269907 0.7208231538758667 0 0.6341841322719277 -0.6411590635826137 0.43211750897223333 0 0 0 0 1 0.7768535694489733 0.4874133555274962 -0.3986561833056347 8.720001220703125 -0.021825740869468063 0.65357062228112 0.756550777361684 0 0.629302922820074 -0.5790282053099798 0.5183668284001358 0 0 0 0 1 0.7876771930104323 0.5410542567004782 -0.2946607047393653 8.720001220703125 -0.16433180871311295 0.645461080420634 0.7459055237141664 0 0.5937673755405253 -0.5391106426036506 0.5973273966387243 0 0 0 0 1 0.7967809284029039 0.5451764783287409 -0.26061995244124825 8.720001220703125 -0.19452826801334444 0.6397575980744764 0.7435515911150385 0 0.5721004326839259 -0.5417497791259807 0.6157988890374977 0 0 0 0 1 0.7766644570062559 0.5501249708923865 -0.30684660275751574 8.720001220703125 -0.133504265285479 0.619814225222544 0.7733090826845124 0 0.6156045259529548 -0.5596363485446851 0.5548317087314039 0 0 0 0 1 0.7222903204242865 0.5787553184244298 -0.37860133969231835 8.720001220703125 -0.03806439902222586 0.5798744607758837 0.8138161409476681 0 0.6905416674962187 -0.5734002887471499 0.44086768345641636 0 0 0 0 1 0.7199832835710898 0.5855111982515657 -0.3725596705230016 8.720001220703125 0.020459633810390454 0.5186947934958812 0.8547146392712658 0 0.6936897539696953 -0.6230026869302258 0.361472235884283 0 0 0 0 1 0.7337018424853751 0.5973399680175807 -0.32383108087754864 8.720001220703125 0.03261420863142539 0.44508288542905416 0.8948952667734327 0 0.6786883819021154 -0.6671478004961893 0.30707636275718975 0 0 0 0 1 0.7427225238952485 0.61430948326778 -0.26643406551329996 8.720001220703125 0.03323644484938626 0.3635883419645809 0.9309666247085452 0 0.6687739462871187 -0.700305202290202 0.24962778774173755 0 0 0 0 1 0.7585341257998125 0.6193081161604173 -0.2026904962126978 8.720001220703125 0.015155600262469815 0.2941990544704751 0.9556239972548635 0 0.6514570498335241 -0.7279453094886417 0.21377403634606262 0 0 0 0 1 0.7670939520813067 0.6233163998118756 -0.15180096971312126 8.720001220703125 0.008973375843440212 0.2261735117985092 0.9740456976377969 0 0.641472015918274 -0.7485467308634057 0.16790308069673443 0 0 0 0 1 0.7709882772604814 0.6247680595819258 -0.12345828466794112 8.720001220703125 0.0026588526077744312 0.19069840528416038 0.9816450726840574 0 0.6368437852642714 -0.7571651008520622 0.14536506878188238 0 0 0 0 1 0.7815523985281626 0.6172349813464034 -0.09053632507000303 8.720001220703125 -0.01739379693558729 0.16663156409132263 0.9858658010483188 0 0.623597068773611 -0.7689310109826399 0.14096735851315279 0 0 0 0 1 0.7916280583569377 0.6076566278359776 -0.06386266412414199 8.720001220703125 -0.031361890797474645 0.14479373719746425 0.9889647139680966 0 0.6101978769445466 -0.7808893624037916 0.13368004584442694 0 0 0 0 1 0.8011380663135783 0.5968792991895739 -0.043736722583017085 8.720001220703125 -0.039085906597097375 0.12510506996290904 0.991373296682465 0 0.5972018842977839 -0.7925173964453643 0.12355600237397457 0 0 0 0 1 0.8177872505581851 0.5755107995857847 -0.0033663607374955218 8.720001220703125 -0.0732194616760245 0.10984127959618528 0.9912486084371296 0 0.5708440446009377 -0.8103839909924205 0.1319653889731668 0 0 0 0 1 0.8333543839373532 0.5503436002307215 0.05140420661271114 8.720001220703125 -0.12125248879955228 0.09128403086339387 0.9884154286883857 0 0.5392757223650152 -0.8299332186353421 0.14280247852636274 0 0 0 0 1 0.8451400487296697 0.5237935132757512 0.10667077145805684 8.720001220703125 -0.16940752483094104 0.073186068137577 0.9828249538759262 0 0.5069905211775321 -0.8486955607759521 0.15058703979867238 0 0 0 0 1 0.8515352127267044 0.5051092116724265 0.14054346576823207 8.720001220703125 -0.1968944049512617 0.05964140722896272 0.978608959616985 0 0.48592219005245585 -0.8609922106659323 0.150239936059678 0 0 0 0 1 0.8552131836128171 0.49781714379224934 0.14418218309263087 8.720001220703125 -0.20238157950862562 0.06466013545266402 0.9771697719223805 0 0.4771290253698929 -0.8648682895272378 0.1560472201604568 0 0 0 0 1 0.8578128973349014 0.4953986298008554 0.13688400475342966 8.720001220703125 -0.19738119651201197 0.07162663056906937 0.9777066477511591 0 0.474549993603823 -0.8657077008926035 0.15922462179529406 0 0 0 0 1 0.8603689271089171 0.49292344165774193 0.12958313906422209 8.720001220703125 -0.19234006213348978 0.07856803493614006 0.9781780841875157 0 0.4719858152147542 -0.866518057832934 0.16240642131856653 0 0 0 0 1 0.8676355377401359 0.48703760403280627 0.10001472845720608 8.720001220703125 -0.1595537535612208 0.08221968677811997 0.9837593825883608 0 0.4709046329936779 -0.86950232625571 0.14904539999945743 0 0 0 0 1 0.873840583944863 0.4810972680973532 0.07034239461494382 8.720001220703125 -0.12654328987995714 0.08534759461361019 0.9882826437209288 0 0.4694565258224217 -0.8725028405242786 0.1354598229727454 0 0 0 0 1 0.8810162979421873 0.4721706915188563 0.029412936454019517 8.720001220703125 -0.08216953684638045 0.09149875531764118 0.9924092628496441 0 0.46589532083365515 -0.8767455821650474 0.11940994171080577 0 0 0 0 1 0.8891436987841824 0.45737777980452643 -0.015134379850694601 8.720001220703125 -0.03298990039375785 0.09704762383711107 0.9947328411083957 0 0.4564374539675649 -0.8839611559614217 0.10137813061481438 0 0 0 0 1 0.90373259063046 0.4225521770804892 -0.0686808727150168 8.720001220703125 0.019042192750414272 0.12059581378578088 0.9925190399143997 0 0.4276737068462516 -0.8982796376084035 0.10094004720873839 0 0 0 0 1 0.9063104863140239 0.40600798625365775 -0.11729798589697574 8.720001220703125 0.03884928417065378 0.19633872454914203 0.9797662161770249 0 0.4208230453725952 -0.8925293386442075 0.16217072529488485 0 0 0 0 1 0.8818330582228415 0.4495570610087828 -0.14236890925513268 8.720001220703125 -0.01972976789988895 0.33681856036614777 0.9413628384695735 0 0.47114880206147947 -0.8273159652091947 0.30588739762535444 0 0 0 0 1 0.8316503400964517 0.5340603153184901 -0.15210947182661316 8.720001220703125 -0.14893239906818043 0.4784062691668485 0.8654169989835266 0 0.5349550002806335 -0.6970703129697692 0.47740562046437574 0 0 0 0 1 0.7828889455974993 0.599440124906844 -0.1666026275690245 8.720001220703125 -0.2679344132483139 0.5665158116739301 0.7792759365723478 0 0.5615122875401015 -0.5654479390492952 0.6041296046101258 0 0 0 0 1 0.7517883573187134 0.6335316029956077 -0.18289880755720103 8.720001220703125 -0.34355631793276226 0.6130696862545087 0.7114173291425231 0 0.5628350754959336 -0.47199922436547903 0.6785524371703877 0 0 0 0 1 0.7216536143507211 0.6625397998650494 -0.20064165691431404 8.720001220703125 -0.3985355053589922 0.6346154051353164 0.662142536417342 0 0.5660260699497804 -0.3978747304865172 0.7220181347982111 0 0 0 0 1 0.6995713035040543 0.6904453528394627 -0.18407934717406044 8.720001220703125 -0.446789990547229 0.6236962632560646 0.6413904236478969 0 0.5576546383385019 -0.36645352494253824 0.7448040805451747 0 0 0 0 1 0.6859853798200131 0.7155891951885939 -0.13174278880657156 8.720001220703125 -0.4643401610755179 0.5699362356044393 0.6779092138018211 0 0.5601894978358256 -0.40386234173834745 0.7232447272120717 0 0 0 0 1 0.6477391740722084 0.7544574517890563 -0.10596186017722115 8.720001220703125 -0.4079893149969114 0.4609621309430707 0.788072733118444 0 0.6434117509189619 -0.46723427450946586 0.6063938089253622 0 0 0 0 1 0.6118774831916143 0.7820943521573331 -0.11804393201980973 8.720001220703125 -0.2306121531006074 0.319160997148781 0.9192139537350912 0 0.7565870606912322 -0.5352239552024907 0.37564789014714917 0 0 0 0 1 0.6190754796232587 0.7684783027253369 -0.16182289321853577 8.720001220703125 -0.007373100583981773 0.21173519048867484 0.977299261483658 0 0.7852968788407417 -0.603828872569961 0.1367461324274999 0 0 0 0 1 0.6461989567493518 0.7251552602895465 -0.23785869076081612 8.720001220703125 0.169836570930595 0.1672137631169719 0.9711823189282219 0 0.7440312140431922 -0.6679741057096912 -0.015104523519539281 0 0 0 0 1 0.6593767474671999 0.6803102317920517 -0.3200004584662677 8.720001220703125 0.27098460199333246 0.18196475139378276 0.9452281072485702 0 0.7012771566093479 -0.7099766318473053 -0.06437027146645091 0 0 0 0 1 0.6619660596433032 0.6429423196178902 -0.3852610926692257 8.720001220703125 0.2929227344175911 0.2512131518629762 0.922544429278282 0 0.6899255086903515 -0.723544833424603 -0.022037842065952162 0 0 0 0 1 0.6871069486617987 0.5986581571197924 -0.4116946101354819 8.720001220703125 0.2552340185945324 0.33163838757475206 0.9082244081937595 0 0.6802496871390376 -0.7291257715927703 0.07507311333952527 0 0 0 0 1 0.7345611464450487 0.5396500373765416 -0.41133655234227967 8.720001220703125 0.2049309298824836 0.401459283914985 0.8926554527565315 0 0.6468564261958263 -0.74000559492342 0.18430540787290783 0 0 0 0 1 0.771958236411317 0.5209368725481764 -0.3642873262363848 8.720001220703125 0.12635076700898867 0.435894118183477 0.8910846207904664 0 0.6229895383655889 -0.7339080954402766 0.2706712813252572 0 0 0 0 1 0.8088572343565158 0.5107315889902939 -0.2913815684572002 8.720001220703125 0.04174450561096826 0.4444150768445607 0.894847828250446 0 0.586521415363859 -0.7359677190479845 0.33814811228052577 0 0 0 0 1 0.8443824065503903 0.4897787021946599 -0.21710636652269322 8.720001220703125 -0.03555448124103566 0.45558158625650147 0.889483725049363 0 0.5345598473247427 -0.7433453041087463 0.4020989038627478 0 0 0 0 1 0.8632430968723366 0.4810851363032151 -0.15286741749102242 8.720001220703125 -0.09401765749195462 0.4507663261535665 0.8876769678693607 0 0.4959556792516677 -0.7519087782664421 0.4343514169239965 0 0 0 0 1 0.896086781177777 0.42892866180198075 -0.11423083508060686 8.720001220703125 -0.10618673185318514 0.45702051151327183 0.8830949156429828 0 0.43099055509000495 -0.7791998813789112 0.45507657188906137 0 0 0 0 1 0.9027658665027088 0.40830833978578507 -0.1352704326118209 8.720001220703125 -0.08141778700437383 0.47101076229328576 0.8783621153961549 0 0.4223564066483705 -0.7819419169383834 0.458456000394588 0 0 0 0 1 0.9058228447006327 0.3345631221010992 -0.25990862115062374 8.720001220703125 0.04698895308474321 0.53036424007676 0.8464666627433125 0 0.4210427677878499 -0.7789616743959654 0.4646952738255262 0 0 0 0 1 0.8653592782922643 0.26893415815932153 -0.42288028808237016 8.720001220703125 0.1905255531813792 0.6039125224688541 0.773944234935719 0 0.4635227427628776 -0.750309325398827 0.4713624753426352 0 0 0 0 1 0.7925532833784187 0.19598471402534112 -0.577450677438769 8.720001220703125 0.32847055791178015 0.6606258401150453 0.6750411779716957 0 0.513776591128101 -0.7246816482019508 0.4592059703097209 0 0 0 0 1 0.7042198149316984 0.13159185272957796 -0.6976804688055713 8.720001220703125 0.4321040217147917 0.7002809671458267 0.5682364661575396 0 0.563347642824098 -0.7016339154776534 0.4362903642942736 0 0 0 0 1 0.6600584337666697 0.10307519716461486 -0.74410911010615 8.720001220703125 0.47237285249723404 0.7132527175693897 0.517817003490139 0 0.5841119346812879 -0.6932864232114719 0.4220985467323084 0 0 0 0 1</float_array>
				<technique_common>
					<accessor source="#anim_LArm_transform_output_array" count="56" stride="16">
						<param name="TRANSFORM" type="float4x4"/>
					</accessor>
				</technique_common>
			</source>
			<source id="anim_LArm_transform_interpolation">
				<Name_array id="anim_LArm_transform_interpolation_array" count="56">LINEAR LINEAR LINEAR LINEAR LINEAR LINEAR LINEAR LINEAR LINEAR LINEAR LINEAR LINEAR LINEAR LINEAR LINEAR LINEAR LINEAR LINEAR LINEAR LINEAR LINEAR LINEAR LINEAR LINEAR LINEAR LINEAR LINEAR LINEAR LINEAR LINEAR LINEAR LINEAR LINEAR LINEAR LINEAR LINEAR LINEAR LINEAR LINEAR LINEAR LINEAR LINEAR LINEAR LINEAR LINEAR LINEAR LINEAR LINEAR LINEAR LINEAR LINEAR LINEAR LINEAR LINEAR LINEAR LINEAR</Name_array>
				<technique_common>
					<accessor source="#anim_LArm_transform_interpolation_array" count="56" stride="1">
						<param name="INTERPOLATION" type="Name"/>
					</accessor>
				</technique_common>
			</source>
			<sampler id="anim_LArm_transform_sampler">
				<input semantic="INPUT" source="#anim_LArm_transform_input"/>
				<input semantic="OUTPUT" source="#anim_LArm_transform_output"/>
				<input semantic="INTERPOLATION" source="#anim_LArm_transform_interpolation"/>
			</sampler>
			<channel source="#anim_LArm_transform_sampler" target="LArm_bone_id/transform"/>
		</animation>
		<animation id="anim_LForeArm_transform" name="anim_LForeArm_transform">
			<source id="anim_LForeArm_transform_input">
				<float_array id="anim_LForeArm_transform_input_array" count="56">0 0.03333333333333333 0.06666666666666667 0.1 0.13333333333333333 0.16666666666666666 0.2 0.23333333333333334 0.26666666666666666 0.3 0.3333333333333333 0.36666666666666664 0.4 0.43333333333333335 0.4666666666666667 0.5 0.5333333333333333 0.5666666666666667 0.6 0.6333333333333333 0.6666666666666666 0.7 0.7333333333333333 0.7666666666666667 0.8 0.8333333333333334 0.8666666666666667 0.9 0.9333333333333333 0.9666666666666667 1 1.0333333333333334 1.0666666666666667 1.1 1.1333333333333333 1.1666666666666667 1.2 1.2333333333333334 1.2666666666666666 1.3 1.3333333333333333 1.3666666666666667 1.4 1.4333333333333333 1.4666666666666666 1.5 1.5333333333333334 1.5666666666666667 1.6 1.6333333333333333 1.6666666666666667 1.7 1.7333333333333334 1.7666666666666666 1.8 1.8333333333333333</float_array>
				<technique_common>
					<accessor source="#anim_LForeArm_transform_input_array" count="56" stride="1">
						<param name="TIME" type="float"/>
					</accessor>
				</technique_common>
			</source>
			<source id="anim_LForeArm_transform_output">
				<float_array id="anim_LForeArm_transform_output_array" count="896">0.7344590939147803 -0.0002941197919842275 -0.6786528957128438 19.18000030517578 0.0002885105942458562 0.9999999510418437 -0.00012115257809911138 0 0.6786528981206205 -0.0001068169374926706 0.7344591428136931 -1.8600000143051147 0 0 0 1 0.7965027610671014 -0.0005497083419988087 -0.6046346412778736 19.18000030517578 0.0005447700849976155 0.9999998332735218 -0.00019151627378771895 0 0.6046346457473626 -0.00017684362406024875 0.7965029277336614 -1.8600000143051147 0 0 0 1 0.7033724258374652 -0.0007717492345627664 -0.7108210991344014 19.18000030517578 0.00076583791854153 0.9999996529862054 -0.00032790204522079703 0 0.710821105527827 -0.0003137364940324743 0.7033727727923581 -1.8600000143051147 0 0 0 1 0.534402274280545 -0.0009459292890257929 -0.8452297406395266 19.18000030517578 0.000938643970100661 0.9999994213070225 -0.000525673965193724 0 0.8452297487614113 -0.0005124484368714391 0.534402852916525 -1.8600000143051147 0 0 0 1 0.2833025293839865 -0.0010430365379491616 -0.9590300250354085 19.18000030517578 0.001034238516418322 0.9999991593544482 -0.0007820748609093771 0 0.9590300345637393 -0.0007703020040299909 0.28330336997553696 -1.8600000143051147 0 0 0 1 0.06854271240446186 -0.0011057277104744442 -0.9976475700078007 19.18000030517578 0.0010959575731556254 0.9999988658554458 -0.0010330366981869423 0 0.9976475807885454 -0.0010225722723832735 0.068543846497776 -1.8600000143051147 0 0 0 1 0.0003887003875312489 -0.0012308506942651121 -0.9999991669589418 19.18000030517578 0.0012208210823073135 0.9999984978850798 -0.0012303753367112929 0 0.9999991792536101 -0.0012203418179430384 0.0003902024521352798 -1.8600000143051147 0 0 0 1 0.08611364317851045 -0.0014762436317877973 -0.9962842270975005 19.18000030517578 0.0014665440052967216 0.9999980066287388 -0.0013549860624024013 0 0.9962842414227 -0.0013444118745319414 0.08611563649829745 -1.8600000143051147 0 0 0 1 0.13351693662057784 -0.0015579236006019151 -0.9910453069913162 19.18000030517578 0.0015484218221762935 0.999997871778603 -0.0013633884719197618 0 0.9910453218825656 -0.0013525207279162196 0.13351906478987696 -1.8600000143051147 0 0 0 1 0.13984289271729677 -0.001604546706396229 -0.9901724045772664 19.18000030517578 0.0015950721911701703 0.9999977545852787 -0.0013951950062747666 0 0.9901724198851247 -0.001384288361423106 0.13984513807983756 -1.8600000143051147 0 0 0 1 0.14534218627658924 -0.0016506920370487983 -0.9893800706018594 19.18000030517578 0.0016412413899738558 0.9999976345616378 -0.0014273043924900013 0 0.9893800863242808 -0.0014163639814003515 0.14534455166269944 -1.8600000143051147 0 0 0 1 0.10057155971119747 -0.001649382065986546 -0.9949284602000575 19.18000030517578 0.00163974159398767 0.9999975425386749 -0.0014920335505979507 0 0.9949284761352256 -0.0014813694379070684 0.100574017120857 -1.8600000143051147 0 0 0 1 0.057433340728659354 -0.0016470789727212457 -0.9983479846744837 19.18000030517578 0.0016372650383592066 0.9999974497154528 -0.0015556110647094305 0 0.9983480008173201 -0.0015452163111031763 0.05743589096211543 -1.8600000143051147 0 0 0 1 0.016207765000954333 -0.001644177897945622 -0.9998672937108773 19.18000030517578 0.0016342065646508786 0.9999973558784535 -0.0016179014202701877 0 0.9998673100579786 -0.0016077671291475741 0.016210409071967913 -1.8600000143051147 0 0 0 1 -0.05431745541774102 -0.001607493663185854 -0.9985224233842045 19.18000030517578 0.0015972714340245953 0.9999972848676559 -0.0016967561056799396 0 0.9985224397883643 -0.0016870748172296524 -0.05431474033495243 -1.8600000143051147 0 0 0 1 -0.10516525057087578 -0.0015876840524069512 -0.9944534927947687 19.18000030517578 0.001577294954769904 0.9999972013884366 -0.0017633365873254065 0 0.9944535093271033 -0.0017539882109853665 -0.105162452008144 -1.8600000143051147 0 0 0 1 -0.1290102004823459 -0.0015955745973520172 -0.9916419829319497 19.18000030517578 0.001585111231877818 0.9999970961638094 -0.0018152372659273133 0 0.9916419997125413 -0.001806046968747333 -0.1290072966946414 -1.8600000143051147 0 0 0 1 -0.16899159953063592 -0.0015828531513350512 -0.9856162203738219 19.18000030517578 0.001572270929670533 0.999997005178417 -0.0018755261450260033 0 0.9856162373115618 -0.0018666038943149779 -0.16898860475695066 -1.8600000143051147 0 0 0 1 -0.20869672737040434 -0.0015677324003595062 -0.9779791501867532 19.18000030517578 0.0015570391635389214 0.9999969151295958 -0.001935293346044162 0 0.9779791672698996 -0.0019266412257864236 -0.20869364254730138 -1.8600000143051147 0 0 0 1 -0.23297601624181086 -0.0015695212658431627 -0.9724812144504857 19.18000030517578 0.0015587635987567843 0.9999968103219734 -0.0019873605416314962 0 0.9724812317531577 -0.0019788756593856803 -0.23297282661071428 -1.8600000143051147 0 0 0 1 -0.23497553166044893 -0.0015988756345926547 -0.9719999707395034 19.18000030517578 0.0015881127791279239 0.9999966808359313 -0.002028845711563239 0 0.9719999883841003 -0.002020374674574966 -0.2349722125432796 -1.8600000143051147 0 0 0 1 -0.21442714145120756 -0.0016579524011785132 -0.9767385792538859 19.18000030517578 0.0016472437222675854 0.9999965234301708 -0.0020590569908345317 0 0.9767385973724922 -0.0020504441976022976 -0.21442366492859244 -1.8600000143051147 0 0 0 1 -0.19243820527709565 -0.0017197914843623066 -0.9813075865736398 19.18000030517578 0.0017091428626015814 0.9999963601337919 -0.0020877140232308444 0 0.9813076051781147 -0.002078950797371487 -0.19243456545843451 -1.8600000143051147 0 0 0 1 -0.17035221061447858 -0.001782643221695562 -0.9853816248144195 19.18000030517578 0.0017720570836729172 0.9999961923680549 -0.0021154344906498487 0 0.9853816439088224 -0.0021065214302658348 -0.17034840303041077 -1.8600000143051147 0 0 0 1 -0.1641627554338716 -0.001743541916096204 -0.9864317258634506 19.18000030517578 0.0017329736758308107 0.9999963849897426 -0.002055920641763481 0 0.9864317444864587 -0.002046965811430981 -0.16415914047158342 -1.8600000143051147 0 0 0 1 -0.1579668332647246 -0.0017039884926878894 -0.9874429482312037 19.18000030517578 0.0016934383390788848 0.9999965730001883 -0.001996560660445772 0 0.9874429663807964 -0.0019875641111393523 -0.157963406312974 -1.8600000143051147 0 0 0 1 -0.1674713732083526 -0.001644607733528377 -0.9858755674125981 19.18000030517578 0.0016340299025314165 0.999996772019546 -0.0019457381030768537 0 0.9858755850014682 -0.0019368055893534074 -0.16746814527581888 -1.8600000143051147 0 0 0 1 -0.19119843802020786 -0.0015686711405006831 -0.9815501497985144 19.18000030517578 0.0015580259660282517 0.9999969781488446 -0.0019016435703185066 0 0.9815501667534483 -0.0018928719006610748 -0.19119541621661784 -1.8600000143051147 0 0 0 1 -0.2218472024864082 -0.0014859573834593732 -0.9750803098615052 19.18000030517578 0.0014752289213926257 0.9999971828483867 -0.0018595684767623592 0 0.9750803261519453 -0.0018510067381898164 -0.22184438538189588 -1.8600000143051147 0 0 0 1 -0.2522782981465792 -0.0014052881396498776 -0.9676537012017833 19.18000030517578 0.0013944811264462833 0.9999973791125564 -0.0018158167325180614 0 0.967653716836066 -0.0018074659782875168 -0.2522756773057673 -1.8600000143051147 0 0 0 1 -0.2577901620902805 -0.0013548226295614556 -0.9661999776366741 19.18000030517578 0.0013440018321560839 0.9999975466093963 -0.0017608050043375636 0 0.9661999927491938 -0.0017524927476504147 -0.2577877087462228 -1.8600000143051147 0 0 0 1 -0.23509755532559207 -0.0013355777890227362 -0.9719708615549646 19.18000030517578 0.0013248146130902154 0.9999976867117085 -0.001694531638127986 0 0.9719708762849696 -0.0016860614464316635 -0.23509524208419808 -1.8600000143051147 0 0 0 1 -0.1900998976453001 -0.0013375458233227317 -0.9817638411993065 19.18000030517578 0.001326903707878663 0.99999780856665 -0.0016193172782683182 0 0.9817638556403453 -0.0016105381300026316 -0.19009770625953215 -1.8600000143051147 0 0 0 1 -0.13441005600829525 -0.0013459180468661821 -0.9909248838072734 19.18000030517578 0.0013354382103625611 0.9999979234523143 -0.0015393816439373078 0 0.9909248979860349 -0.001530227326415069 -0.13440797950901673 -1.8600000143051147 0 0 0 1 -0.06236679893291619 -0.0013643231503634105 -0.9980523638633411 19.18000030517578 0.0013540737266569357 0.9999980296734667 -0.0014515968886081802 0 0.9980523778215272 -0.001441967935018671 -0.06236482865582493 -1.8600000143051147 0 0 0 1 -0.04835357059725709 -0.0013256745112406314 -0.998829402249246 19.18000030517578 0.0013154726131936942 0.9999981674515882 -0.0013909080736112056 0 0.9988294157373919 -0.0013811880956431657 -0.04835173809848459 -1.8600000143051147 0 0 0 1 -0.11674591108769539 -0.001215791161136435 -0.9931610715770915 19.18000030517578 0.0012053656723422866 0.999998340770099 -0.0013658516189289885 0 0.9931610842848708 -0.0013565798544481749 -0.11674425190645854 -1.8600000143051147 0 0 0 1 -0.1539561936105629 -0.0011356478455409743 -0.9880770216703341 19.18000030517578 0.0011251094820711024 0.9999984897043511 -0.001324657567098537 0 0.9880770337264198 -0.0013156340629657869 -0.1539546833630343 -1.8600000143051147 0 0 0 1 -0.10139615858316686 -0.00112974207654409 -0.9948454868508063 19.18000030517578 0.0011193649437029472 0.9999985926584071 -0.0012496812905999166 0 0.9948454985809103 -0.0012403080447019696 -0.1013947512904596 -1.8600000143051147 0 0 0 1 -0.008757092103993003 -0.001148960799370135 -0.9999609958528202 19.18000030517578 0.0011388980266418285 0.9999986798398587 -0.0011589779224197066 0 0.9999610073643708 -0.0011490028813086982 -0.008755771994041872 -1.8600000143051147 0 0 0 1 0.0830045985599327 -0.0011593777114158525 -0.9965484897691766 19.18000030517578 0.0011496654954178706 0.9999987692129974 -0.001067633710217054 0 0.9965485010209755 -0.001057078905672793 0.0830058292955026 -1.8600000143051147 0 0 0 1 0.17218309012176924 -0.0011605143166770737 -0.9850642804825681 19.18000030517578 0.001151182420226218 0.9999988602324246 -0.0009768893935334472 0 0.9850642914323685 -0.0009657848479985504 0.17218422983674586 -1.8600000143051147 0 0 0 1 0.28328504554106715 -0.0011674552827066573 -0.9590350462944294 19.18000030517578 0.0011586571728196677 0.9999989458815537 -0.0008750710470325796 0 0.9590350569642131 -0.000863298293964189 0.2832860996055123 -1.8600000143051147 0 0 0 1 0.3786760795053389 -0.0012116355744505563 -0.9255284753856583 19.18000030517578 0.001203356007334094 0.9999989424026902 -0.0008167789301205047 0 0.9255284861876407 -0.0008044456077334994 0.37867713704748307 -1.8600000143051147 0 0 0 1 0.41660905420038163 -0.0012219109210570586 -0.9090849261163473 19.18000030517578 0.001213855147091902 0.9999989529373148 -0.0007878324415004588 0 0.9090849369085078 -0.000775279288388106 0.41661010120744746 -1.8600000143051147 0 0 0 1 0.40766783587294586 -0.0012058358311171076 -0.9131294987867916 19.18000030517578 0.0011977263345969514 0.9999989739647336 -0.0007858251124809943 0 0.9131295094598008 -0.000773323624614514 0.40766886185269946 -1.8600000143051147 0 0 0 1 0.34964594570243046 -0.0011627629809821095 -0.936881188110906 19.18000030517578 0.0011543191697006093 0.9999990054766453 -0.0008103042482745287 0 0.9368811985524672 -0.0007981403199736569 0.3496469401709703 -1.8600000143051147 0 0 0 1 0.2555075210991984 -0.0010996989865693716 -0.9668064425332931 19.18000030517578 0.0010907607537497365 0.9999990445599642 -0.0008491879278532757 0 0.9668064526588146 -0.0008375806215945606 0.25550847648557873 -1.8600000143051147 0 0 0 1 0.15575834678937794 -0.0010332673845069838 -0.9877946495926938 19.18000030517578 0.001023862366770993 0.9999990846045113 -0.0008845880360162612 0 0.9877946593858941 -0.0008735837977361429 0.1557592621324797 -1.8600000143051147 0 0 0 1 0.09376822031815235 -0.0009882343275376296 -0.9955935637855843 19.18000030517578 0.0009785658837252222 0.999999115805382 -0.0009004428161994936 0 0.9955935733356146 -0.0008898209752036918 0.09376910446119469 -1.8600000143051147 0 0 0 1 0.09552817223206533 -0.0009798119733348742 -0.9954262445196518 19.18000030517578 0.0009701507412640395 0.9999991322752484 -0.0008912105752780583 0 0.9954262539824534 -0.0008805777916642191 0.095529039905218 -1.8600000143051147 0 0 0 1 0.17515014016466368 -0.0010146903668130363 -0.9845412123439822 19.18000030517578 0.0010053718301325698 0.9999991318609315 -0.0008517657345788893 0 0.9845412219037769 -0.0008406431126962581 0.1751510082510952 -1.8600000143051147 0 0 0 1 0.329454935717562 -0.0010874289260149645 -0.944170674629152 19.18000030517578 0.0010788742853673813 0.9999991174927085 -0.0007752703273753707 0 0.9441706844430267 -0.0007632248259861786 0.32945581817028446 -1.8600000143051147 0 0 0 1 0.5062131931694661 -0.0008755216820208725 -0.8624079293019963 19.18000030517578 0.0008680405348861335 0.9999994953934911 -0.000505686061600411 0 0.8624079368644532 -0.0004926200842573123 0.5062136977193031 -1.8600000143051147 0 0 0 1 0.666277290164605 -0.0006107447506398867 -0.7457038283405552 19.18000030517578 0.0006044966177855442 0.999999778397252 -0.00027890730740672394 0 0.7457038334317115 -0.0002649458371155392 0.6662775117088626 -1.8600000143051147 0 0 0 1 0.7344590939147803 -0.0002941197919842275 -0.6786528957128438 19.18000030517578 0.0002885105942458562 0.9999999510418437 -0.00012115257809911138 0 0.6786528981206205 -0.0001068169374926706 0.7344591428136931 -1.8600000143051147 0 0 0 1</float_array>
				<technique_common>
					<accessor source="#anim_LForeArm_transform_output_array" count="56" stride="16">
						<param name="TRANSFORM" type="float4x4"/>
					</accessor>
				</technique_common>
			</source>
			<source id="anim_LForeArm_transform_interpolation">
				<Name_array id="anim_LForeArm_transform_interpolation_array" count="56">LINEAR LINEAR LINEAR LINEAR LINEAR LINEAR LINEAR LINEAR LINEAR LINEAR LINEAR LINEAR LINEAR LINEAR LINEAR LINEAR LINEAR LINEAR LINEAR LINEAR LINEAR LINEAR LINEAR LINEAR LINEAR LINEAR LINEAR LINEAR LINEAR LINEAR LINEAR LINEAR LINEAR LINEAR LINEAR LINEAR LINEAR LINEAR LINEAR LINEAR LINEAR LINEAR LINEAR LINEAR LINEAR LINEAR LINEAR LINEAR LINEAR LINEAR LINEAR LINEAR LINEAR LINEAR LINEAR LINEAR</Name_array>
				<technique_common>
					<accessor source="#anim_LForeArm_transform_interpolation_array" count="56" stride="1">
						<param name="INTERPOLATION" type="Name"/>
					</accessor>
				</technique_common>
			</source>
			<sampler id="anim_LForeArm_transform_sampler">
				<input semantic="INPUT" source="#anim_LForeArm_transform_input"/>
				<input semantic="OUTPUT" source="#anim_LForeArm_transform_output"/>
				<input semantic="INTERPOLATION" source="#anim_LForeArm_transform_interpolation"/>
			</sampler>
			<channel source="#anim_LForeArm_transform_sampler" target="LForeArm_bone_id/transform"/>
		</animation>
		<animation id="anim_LHand_transform" name="anim_LHand_transform">
			<source id="anim_LHand_transform_input">
				<float_array id="anim_LHand_transform_input_array" count="56">0 0.03333333333333333 0.06666666666666667 0.1 0.13333333333333333 0.16666666666666666 0.2 0.23333333333333334 0.26666666666666666 0.3 0.3333333333333333 0.36666666666666664 0.4 0.43333333333333335 0.4666666666666667 0.5 0.5333333333333333 0.5666666666666667 0.6 0.6333333333333333 0.6666666666666666 0.7 0.7333333333333333 0.7666666666666667 0.8 0.8333333333333334 0.8666666666666667 0.9 0.9333333333333333 0.9666666666666667 1 1.0333333333333334 1.0666666666666667 1.1 1.1333333333333333 1.1666666666666667 1.2 1.2333333333333334 1.2666666666666666 1.3 1.3333333333333333 1.3666666666666667 1.4 1.4333333333333333 1.4666666666666666 1.5 1.5333333333333334 1.5666666666666667 1.6 1.6333333333333333 1.6666666666666667 1.7 1.7333333333333334 1.7666666666666666 1.8 1.8333333333333333</float_array>
				<technique_common>
					<accessor source="#anim_LHand_transform_input_array" count="56" stride="1">
						<param name="TIME" type="float"/>
					</accessor>
				</technique_common>
			</source>
			<source id="anim_LHand_transform_output">
				<float_array id="anim_LHand_transform_output_array" count="896">0.962694604046076 0.21989301668416403 -0.15769007753852812 19.270000457763672 -0.2668527457262516 0.6749953746870478 -0.6878741572769342 0 -0.044818650570153745 0.7042927696381882 0.7084934602354778 0 0 0 0 1 0.9653637150022065 0.1785314608801161 -0.1902614391650345 19.270000457763672 -0.2607052877053742 0.6313283449816072 -0.7303815946375174 0 -0.010278653588704778 0.7546860528052683 0.6560055723708504 0 0 0 0 1 0.9717444502591791 0.16449414641996513 -0.16927610340521432 19.270000457763672 -0.2345316506721189 0.5920738932846952 -0.7710015627245608 0 -0.02660128236564792 0.7889170936697156 0.6139236036285236 0 0 0 0 1 0.9803196691999012 0.145411742707933 -0.13352442197005837 19.270000457763672 -0.19242183730311713 0.5526267428680313 -0.8109115362331231 0 -0.04412689325897563 0.8206455435507541 0.5697312604567158 0 0 0 0 1 0.9953049399693875 0.07347580266636498 -0.06300303877645427 19.270000457763672 -0.09365906034696499 0.5669457523455536 -0.8184134006186959 0 -0.024414276304195025 0.8204717059837395 0.5711655826401612 0 0 0 0 1 0.9980848745200877 -0.05595887133853943 0.026366417518077653 19.270000457763672 0.05500888642340843 0.6079321119909119 -0.79208116353359 0 0.028294976032457654 0.7920146159817925 0.6098460809110251 0 0 0 0 1 0.9880020838554759 -0.12501058166780418 0.09068757780597299 19.270000457763672 0.14996388799684443 0.6361937463562441 -0.756814607016855 0 0.03691496436551235 0.7613342705857159 0.6473078200034423 0 0 0 0 1 0.9883076566764911 -0.1242859621908498 0.08832313036185688 19.270000457763672 0.1478731685754475 0.6400913052067336 -0.7539341131784644 0 0.03716855889162504 0.7581794778289866 0.6509856969464728 0 0 0 0 1 0.9916434834666938 -0.10980668377981487 0.06771775170013083 19.270000457763672 0.12277492292356298 0.6420677553198965 -0.7567531406473204 0 0.03961716798502893 0.7587433622614103 0.6501838126446218 0 0 0 0 1 0.9962894612392169 -0.07794547767747735 0.036493998592930794 19.270000457763672 0.07754027793978306 0.6289110154091259 -0.7736009565622857 0 0.037347218379581444 0.7735602350216124 0.6326213307126276 0 0 0 0 1 0.9987720952013099 -0.04953622519149001 -0.0006813523048932839 19.270000457763672 0.028979896906257182 0.5953501639996734 -0.8029435520638202 0 0.04018043581754806 0.8019378683036111 0.5960546853755718 0 0 0 0 1 0.9995668287836013 -0.019147507206501744 -0.022350117746260844 19.270000457763672 -0.00736292896600135 0.5725731013435824 -0.8198206089717636 0 0.028494597251696303 0.8196300486106941 0.5721840974213588 0 0 0 0 1 0.9996022373851532 -0.007165430651041055 -0.027276796332798413 19.270000457763672 -0.018880960834194768 0.5484203366383573 -0.8359896193610591 0 0.020949375469771096 0.8361721060673192 0.5480669053157383 0 0 0 0 1 0.9996176231091707 -0.020245590958609918 -0.018834107791681265 19.270000457763672 -0.004714835500438178 0.5463554418345438 -0.8375401491892698 0 0.02724661255598252 0.8373086929111133 0.5460510735084283 0 0 0 0 1 0.9990947835891955 -0.04199984627284571 0.006754725598871424 19.270000457763672 0.02913847063967505 0.55998402736799 -0.8279908445275871 0 0.03099294974086068 0.8274381560006666 0.5607009319241203 0 0 0 0 1 0.9973832156180905 -0.06772414338926004 0.0253014150890502 19.270000457763672 0.05991217659692157 0.5783956336502034 -0.8135533308086195 0 0.04046297441781504 0.8129403000076764 0.5809395978281154 0 0 0 0 1 0.9928782204335316 -0.11144095073892915 0.042115957630654566 19.270000457763672 0.10088782084354325 0.5985058955503144 -0.7947404234068866 0 0.06335997943642852 0.7933294444869167 0.6054865031657566 0 0 0 0 1 0.9853001158852647 -0.16176971994773046 0.054902088708142574 19.270000457763672 0.14644760373800855 0.6343752265367306 -0.7590264628561161 0 0.0879589733675827 0.7559091411436327 0.6487407720650956 0 0 0 0 1 0.9735117195485213 -0.22202126235509362 0.05460303072112179 19.270000457763672 0.19207947467757353 0.6646468598872126 -0.722045723655819 0 0.12401777013504342 0.7134080954855494 0.6896872349017436 0 0 0 0 1 0.9580894228484174 -0.2818802214109443 0.05107052577860924 19.270000457763672 0.23932166012134012 0.689600301031521 -0.6835031585984087 0 0.15744777173003224 0.6670794297492261 0.7281587969548229 0 0 0 0 1 0.9477381079905243 -0.3171117746905557 0.03510841800975337 19.270000457763672 0.2639279082290494 0.717410897848353 -0.6447198328780174 0 0.1792610886957341 0.6202916459223246 0.7636122943474613 0 0 0 0 1 0.9363866307226479 -0.35026250548446813 0.02227678288331382 19.270000457763672 0.2882598343526225 0.7313164945953975 -0.6181281846281551 0 0.20021574788933572 0.5852284699025184 0.7857616001769692 0 0 0 0 1 0.9239106101853819 -0.3824348388706555 0.01152295122141303 19.270000457763672 0.310303101806701 0.731351288801156 -0.6073197488786515 0 0.22383290507880077 0.5646847672700797 0.7943739322366518 0 0 0 0 1 0.9102554897847114 -0.41404688982870713 0.0003410864549218823 19.270000457763672 0.3324239451937622 0.7303210841201839 -0.5967624609099788 0 0.24683853827676477 0.5433196914457398 0.8024178767379853 0 0 0 0 1 0.897165730153195 -0.44169406945098244 -0.0000406265331351352 19.270000457763672 0.3584545616634113 0.7281439931968088 -0.5842231186747896 0 0.25807746872087883 0.5241303980721174 0.8115930913674583 0 0 0 0 1 0.89837556044029 -0.4390798590038545 -0.011411828107281821 19.270000457763672 0.3542221265500506 0.7396263085626043 -0.5722583409129265 0 0.2597075999387673 0.5100605857142959 0.8199940008529542 0 0 0 0 1 0.9016315080264763 -0.4324109041417368 -0.009024063011085895 19.270000457763672 0.3544841441705202 0.7507764690548515 -0.5573828890854323 0 0.24779349318655675 0.49935508758082686 0.8302065292694033 0 0 0 0 1 0.9142605589842017 -0.40498288558242246 0.010793177068394541 19.270000457763672 0.34056143293180063 0.7538522672750599 -0.5618938240661578 0 0.21942092125714419 0.5173931015287953 0.8271389470972093 0 0 0 0 1 0.937006382366876 -0.34510832503242406 0.05403039327133005 19.270000457763672 0.3138562850163764 0.7638665191258561 -0.5639168141794206 0 0.15334037876390863 0.5453514325202262 0.8240622205201973 0 0 0 0 1 0.9590855031949675 -0.26384607628563417 0.10266569821479424 19.270000457763672 0.2736335915655249 0.7707993867938077 -0.575319878750284 0 0.07266123538866773 0.5798737391423803 0.8114596672200209 0 0 0 0 1 0.9736635188599487 -0.19162089931362025 0.12353454167762863 19.270000457763672 0.2264451889211871 0.749834896948532 -0.6216672773539171 0 0.026493932431978603 0.6332685514569816 0.7734785150732152 0 0 0 0 1 0.9813773900382251 -0.16557903438694577 0.09737557031025773 19.270000457763672 0.18571159001305393 0.6883042331903063 -0.7012478077734916 0 0.04908791762322656 0.7062725153535221 0.7062361576693905 0 0 0 0 1 0.9873560110395398 -0.14264467032732014 0.06914192282037152 19.270000457763672 0.14346416051834732 0.6185800600751629 -0.772513264561958 0 0.06742508517498466 0.7726650032870764 0.6312231385053371 0 0 0 0 1 0.9845639180630994 -0.17191536894808876 0.03284809229896158 19.270000457763672 0.12421779115691503 0.5541253423166703 -0.8231130210138399 0 0.12330381830395853 0.8144876984472359 0.5669267655260148 0 0 0 0 1 0.9593751982747465 -0.282122039319495 0.0025266312552685577 19.270000457763672 0.15114028342027402 0.5063595735211222 -0.8489738494389251 0 0.23823484980776846 0.8148663308995633 0.5284288212269967 0 0 0 0 1 0.8912712608100661 -0.45326100601098096 -0.013784051797228608 19.270000457763672 0.20669964665564677 0.43312436624166994 -0.8773132504642699 0 0.4036220951911156 0.7790749282306969 0.4797201897730268 0 0 0 0 1 0.8038484906867598 -0.5940650510012242 -0.030237711545872265 19.270000457763672 0.2763599499106251 0.41799962814655356 -0.8653909457318928 0 0.5267378684943917 0.6872867131323405 0.5001841579315851 0 0 0 0 1 0.7422901531492675 -0.6684788271463612 -0.04627511420474939 19.270000457763672 0.32184417766482987 0.4162486257558232 -0.8503842701153629 0 0.5877258322048527 0.6163384940220872 0.5241232745697326 0 0 0 0 1 0.7333528449852089 -0.6777302631482442 -0.05362177883203584 19.270000457763672 0.3342397499491609 0.4281041671888016 -0.8396491002731469 0 0.5920113126503772 0.5978365265259343 0.5404758026455794 0 0 0 0 1 0.7472976441085605 -0.6609023412414239 -0.06895162399392668 19.270000457763672 0.3097762046860997 0.4383002724578621 -0.8437603772242683 0 0.5878647243372159 0.6091805697040644 0.5322725799578263 0 0 0 0 1 0.7577355154475013 -0.6496896016715971 -0.061158074767859893 19.270000457763672 0.3149360212648472 0.4461678741703283 -0.8377049185531847 0 0.5715349430606822 0.6154978875171967 0.5426879023181658 0 0 0 0 1 0.7317484479796794 -0.6801724164207588 -0.043700032261730304 19.270000457763672 0.3772847801365249 0.45762200826711763 -0.8051324687446806 0 0.5676269933298312 0.5726670773581419 0.5914828948950421 0 0 0 0 1 0.6830273169356829 -0.7293369141073074 -0.03926003107579484 19.270000457763672 0.44011122976582384 0.4538729811734299 -0.7747912121305698 0 0.5829028990781024 0.5119247822494761 0.6309970107418656 0 0 0 0 1 0.6615099655273126 -0.7478263774196158 -0.05621632097094392 19.270000457763672 0.4712745897031295 0.47284671698355774 -0.7445241724336547 0 0.583356517584402 0.46601683604063676 0.6652243846391033 0 0 0 0 1 0.7086975029472391 -0.7009375929946959 -0.0802143381394512 19.270000457763672 0.434312888839812 0.5230442274860908 -0.7333464738315006 0 0.555985758724057 0.48488269387582894 0.6751063688603108 0 0 0 0 1 0.8034577834057721 -0.5860190642477976 -0.10505830106573777 19.270000457763672 0.3102174598081269 0.5626913599451286 -0.7662529354418782 0 0.5081542265049821 0.5830609657499272 0.6338920983131797 0 0 0 0 1 0.8988707146041218 -0.4175568066691907 -0.1329577061749465 19.270000457763672 0.15724001419401112 0.5905322617656883 -0.7915473616595331 0 0.40903180360864666 0.69059247101176 0.5964687943375822 0 0 0 0 1 0.9617318649693108 -0.22869046843430552 -0.15090556500656005 19.270000457763672 0.008209347742833925 0.5745693338790964 -0.8184147403214149 0 0.27386936030211273 0.785856698268221 0.5544590366065668 0 0 0 0 1 0.9841518307083316 -0.059369835046716626 -0.16709397595354908 19.270000457763672 -0.10689105699985514 0.5532368606250706 -0.8261375660137783 0 0.14149019770603655 0.8309056497173682 0.5381229647774428 0 0 0 0 1 0.9815941205851888 0.07325262947463633 -0.17637186484142398 19.270000457763672 -0.18872698801195487 0.5134703026863603 -0.8370963936459845 0 0.02924220286718017 0.8549750291875367 0.5178441783367324 0 0 0 0 1 0.9686731281973515 0.18169709452712493 -0.1692883237224542 19.270000457763672 -0.23911777643544044 0.49837513147902834 -0.8333336170561179 0 -0.06704520639783385 0.8477077292107598 0.5262096028536629 0 0 0 0 1 0.9662211196353561 0.22580420625180014 -0.12421436474737321 19.270000457763672 -0.22924347830204211 0.5328450176952093 -0.8145695886622416 0 -0.1177462340229195 0.815529673007909 0.5666102512459805 0 0 0 0 1 0.9615101585938559 0.2545640520277053 -0.10341836556460267 19.270000457763672 -0.23484361150646027 0.5659726885766019 -0.7902679254025028 0 -0.14264183487119345 0.7841377807506845 0.6039712308909841 0 0 0 0 1 0.9568616727287461 0.26693627569290906 -0.11472037300299075 19.270000457763672 -0.2595478310260015 0.6078725658995683 -0.7504171286933511 0 -0.13057818605128593 0.7478208129932428 0.6509326915908291 0 0 0 0 1 0.9613452840916281 0.2376979034020788 -0.13897824100571635 19.270000457763672 -0.2644810830230317 0.6567689198507527 -0.7061900187917131 0 -0.07658329764218284 0.7156495599358194 0.6942483027605593 0 0 0 0 1 0.962694604046076 0.21989301668416403 -0.15769007753852812 19.270000457763672 -0.2668527457262516 0.6749953746870478 -0.6878741572769342 0 -0.044818650570153745 0.7042927696381882 0.7084934602354778 0 0 0 0 1</float_array>
				<technique_common>
					<accessor source="#anim_LHand_transform_output_array" count="56" stride="16">
						<param name="TRANSFORM" type="float4x4"/>
					</accessor>
				</technique_common>
			</source>
			<source id="anim_LHand_transform_interpolation">
				<Name_array id="anim_LHand_transform_interpolation_array" count="56">LINEAR LINEAR LINEAR LINEAR LINEAR LINEAR LINEAR LINEAR LINEAR LINEAR LINEAR LINEAR LINEAR LINEAR LINEAR LINEAR LINEAR LINEAR LINEAR LINEAR LINEAR LINEAR LINEAR LINEAR LINEAR LINEAR LINEAR LINEAR LINEAR LINEAR LINEAR LINEAR LINEAR LINEAR LINEAR LINEAR LINEAR LINEAR LINEAR LINEAR LINEAR LINEAR LINEAR LINEAR LINEAR LINEAR LINEAR LINEAR LINEAR LINEAR LINEAR LINEAR LINEAR LINEAR LINEAR LINEAR</Name_array>
				<technique_common>
					<accessor source="#anim_LHand_transform_interpolation_array" count="56" stride="1">
						<param name="INTERPOLATION" type="Name"/>
					</accessor>
				</technique_common>
			</source>
			<sampler id="anim_LHand_transform_sampler">
				<input semantic="INPUT" source="#anim_LHand_transform_input"/>
				<input semantic="OUTPUT" source="#anim_LHand_transform_output"/>
				<input semantic="INTERPOLATION" source="#anim_LHand_transform_interpolation"/>
			</sampler>
			<channel source="#anim_LHand_transform_sampler" target="LHand_bone_id/transform"/>
		</animation>
		<animation id="anim_LFingerA1_transform" name="anim_LFingerA1_transform">
			<source id="anim_LFingerA1_transform_input">
				<float_array id="anim_LFingerA1_transform_input_array" count="56">0 0.03333333333333333 0.06666666666666667 0.1 0.13333333333333333 0.16666666666666666 0.2 0.23333333333333334 0.26666666666666666 0.3 0.3333333333333333 0.36666666666666664 0.4 0.43333333333333335 0.4666666666666667 0.5 0.5333333333333333 0.5666666666666667 0.6 0.6333333333333333 0.6666666666666666 0.7 0.7333333333333333 0.7666666666666667 0.8 0.8333333333333334 0.8666666666666667 0.9 0.9333333333333333 0.9666666666666667 1 1.0333333333333334 1.0666666666666667 1.1 1.1333333333333333 1.1666666666666667 1.2 1.2333333333333334 1.2666666666666666 1.3 1.3333333333333333 1.3666666666666667 1.4 1.4333333333333333 1.4666666666666666 1.5 1.5333333333333334 1.5666666666666667 1.6 1.6333333333333333 1.6666666666666667 1.7 1.7333333333333334 1.7666666666666666 1.8 1.8333333333333333</float_array>
				<technique_common>
					<accessor source="#anim_LFingerA1_transform_input_array" count="56" stride="1">
						<param name="TIME" type="float"/>
					</accessor>
				</technique_common>
			</source>
			<source id="anim_LFingerA1_transform_output">
				<float_array id="anim_LFingerA1_transform_output_array" count="896">0.48625403403251444 0.8661026362071597 -0.11585869817201722 1.8359990119934082 -0.8625671776269345 0.4969633872649787 0.09489602625412377 -1.438001036643982 0.13976722959195692 0.053792334706044664 0.988722158272516 3.056999921798706 0 0 0 1 0.48625403403251444 0.8661026362071597 -0.11585869817201722 1.8359990119934082 -0.8625671776269345 0.4969633872649787 0.09489602625412377 -1.438001036643982 0.13976722959195692 0.053792334706044664 0.988722158272516 3.056999921798706 0 0 0 1 0.48625403403251444 0.8661026362071597 -0.11585869817201722 1.8359990119934082 -0.8625671776269345 0.4969633872649787 0.09489602625412377 -1.438001036643982 0.13976722959195692 0.053792334706044664 0.988722158272516 3.056999921798706 0 0 0 1 0.48625403403251444 0.8661026362071597 -0.11585869817201722 1.8359990119934082 -0.8625671776269345 0.4969633872649787 0.09489602625412377 -1.438001036643982 0.13976722959195692 0.053792334706044664 0.988722158272516 3.056999921798706 0 0 0 1 0.48625403403251444 0.8661026362071597 -0.11585869817201722 1.8359990119934082 -0.8625671776269345 0.4969633872649787 0.09489602625412377 -1.438001036643982 0.13976722959195692 0.053792334706044664 0.988722158272516 3.056999921798706 0 0 0 1 0.48625403403251444 0.8661026362071597 -0.11585869817201722 1.8359990119934082 -0.8625671776269345 0.4969633872649787 0.09489602625412377 -1.438001036643982 0.13976722959195692 0.053792334706044664 0.988722158272516 3.056999921798706 0 0 0 1 0.48625403403251444 0.8661026362071597 -0.11585869817201722 1.8359990119934082 -0.8625671776269345 0.4969633872649787 0.09489602625412377 -1.438001036643982 0.13976722959195692 0.053792334706044664 0.988722158272516 3.056999921798706 0 0 0 1 0.48625403403251444 0.8661026362071597 -0.11585869817201722 1.8359990119934082 -0.8625671776269345 0.4969633872649787 0.09489602625412377 -1.438001036643982 0.13976722959195692 0.053792334706044664 0.988722158272516 3.056999921798706 0 0 0 1 0.48625403403251444 0.8661026362071597 -0.11585869817201722 1.8359990119934082 -0.8625671776269345 0.4969633872649787 0.09489602625412377 -1.438001036643982 0.13976722959195692 0.053792334706044664 0.988722158272516 3.056999921798706 0 0 0 1 0.48625403403251444 0.8661026362071597 -0.11585869817201722 1.8359990119934082 -0.8625671776269345 0.4969633872649787 0.09489602625412377 -1.438001036643982 0.13976722959195692 0.053792334706044664 0.988722158272516 3.056999921798706 0 0 0 1 0.48625403403251444 0.8661026362071597 -0.11585869817201722 1.8359990119934082 -0.8625671776269345 0.4969633872649787 0.09489602625412377 -1.438001036643982 0.13976722959195692 0.053792334706044664 0.988722158272516 3.056999921798706 0 0 0 1 0.48625403403251444 0.8661026362071597 -0.11585869817201722 1.8359990119934082 -0.8625671776269345 0.4969633872649787 0.09489602625412377 -1.438001036643982 0.13976722959195692 0.053792334706044664 0.988722158272516 3.056999921798706 0 0 0 1 0.48625403403251444 0.8661026362071597 -0.11585869817201722 1.8359990119934082 -0.8625671776269345 0.4969633872649787 0.09489602625412377 -1.438001036643982 0.13976722959195692 0.053792334706044664 0.988722158272516 3.056999921798706 0 0 0 1 0.48625403403251444 0.8661026362071597 -0.11585869817201722 1.8359990119934082 -0.8625671776269345 0.4969633872649787 0.09489602625412377 -1.438001036643982 0.13976722959195692 0.053792334706044664 0.988722158272516 3.056999921798706 0 0 0 1 0.48625403403251444 0.8661026362071597 -0.11585869817201722 1.8359990119934082 -0.8625671776269345 0.4969633872649787 0.09489602625412377 -1.438001036643982 0.13976722959195692 0.053792334706044664 0.988722158272516 3.056999921798706 0 0 0 1 0.48625403403251444 0.8661026362071597 -0.11585869817201722 1.8359990119934082 -0.8625671776269345 0.4969633872649787 0.09489602625412377 -1.438001036643982 0.13976722959195692 0.053792334706044664 0.988722158272516 3.056999921798706 0 0 0 1 0.48625403403251444 0.8661026362071597 -0.11585869817201722 1.8359990119934082 -0.8625671776269345 0.4969633872649787 0.09489602625412377 -1.438001036643982 0.13976722959195692 0.053792334706044664 0.988722158272516 3.056999921798706 0 0 0 1 0.48625403403251444 0.8661026362071597 -0.11585869817201722 1.8359990119934082 -0.8625671776269345 0.4969633872649787 0.09489602625412377 -1.438001036643982 0.13976722959195692 0.053792334706044664 0.988722158272516 3.056999921798706 0 0 0 1 0.48625403403251444 0.8661026362071597 -0.11585869817201722 1.8359990119934082 -0.8625671776269345 0.4969633872649787 0.09489602625412377 -1.438001036643982 0.13976722959195692 0.053792334706044664 0.988722158272516 3.056999921798706 0 0 0 1 0.48625403403251444 0.8661026362071597 -0.11585869817201722 1.8359990119934082 -0.8625671776269345 0.4969633872649787 0.09489602625412377 -1.438001036643982 0.13976722959195692 0.053792334706044664 0.988722158272516 3.056999921798706 0 0 0 1 0.48625403403251444 0.8661026362071597 -0.11585869817201722 1.8359990119934082 -0.8625671776269345 0.4969633872649787 0.09489602625412377 -1.438001036643982 0.13976722959195692 0.053792334706044664 0.988722158272516 3.056999921798706 0 0 0 1 0.48625403403251444 0.8661026362071597 -0.11585869817201722 1.8359990119934082 -0.8625671776269345 0.4969633872649787 0.09489602625412377 -1.438001036643982 0.13976722959195692 0.053792334706044664 0.988722158272516 3.056999921798706 0 0 0 1 0.48625403403251444 0.8661026362071597 -0.11585869817201722 1.8359990119934082 -0.8625671776269345 0.4969633872649787 0.09489602625412377 -1.438001036643982 0.13976722959195692 0.053792334706044664 0.988722158272516 3.056999921798706 0 0 0 1 0.48625403403251444 0.8661026362071597 -0.11585869817201722 1.8359990119934082 -0.8625671776269345 0.4969633872649787 0.09489602625412377 -1.438001036643982 0.13976722959195692 0.053792334706044664 0.988722158272516 3.056999921798706 0 0 0 1 0.48625403403251444 0.8661026362071597 -0.11585869817201722 1.8359990119934082 -0.8625671776269345 0.4969633872649787 0.09489602625412377 -1.438001036643982 0.13976722959195692 0.053792334706044664 0.988722158272516 3.056999921798706 0 0 0 1 0.48625403403251444 0.8661026362071597 -0.11585869817201722 1.8359990119934082 -0.8625671776269345 0.4969633872649787 0.09489602625412377 -1.438001036643982 0.13976722959195692 0.053792334706044664 0.988722158272516 3.056999921798706 0 0 0 1 0.48625403403251444 0.8661026362071597 -0.11585869817201722 1.8359990119934082 -0.8625671776269345 0.4969633872649787 0.09489602625412377 -1.438001036643982 0.13976722959195692 0.053792334706044664 0.988722158272516 3.056999921798706 0 0 0 1 0.48625403403251444 0.8661026362071597 -0.11585869817201722 1.8359990119934082 -0.8625671776269345 0.4969633872649787 0.09489602625412377 -1.438001036643982 0.13976722959195692 0.053792334706044664 0.988722158272516 3.056999921798706 0 0 0 1 0.48625403403251444 0.8661026362071597 -0.11585869817201722 1.8359990119934082 -0.8625671776269345 0.4969633872649787 0.09489602625412377 -1.438001036643982 0.13976722959195692 0.053792334706044664 0.988722158272516 3.056999921798706 0 0 0 1 0.48625403403251444 0.8661026362071597 -0.11585869817201722 1.8359990119934082 -0.8625671776269345 0.4969633872649787 0.09489602625412377 -1.438001036643982 0.13976722959195692 0.053792334706044664 0.988722158272516 3.056999921798706 0 0 0 1 0.48625403403251444 0.8661026362071597 -0.11585869817201722 1.8359990119934082 -0.8625671776269345 0.4969633872649787 0.09489602625412377 -1.438001036643982 0.13976722959195692 0.053792334706044664 0.988722158272516 3.056999921798706 0 0 0 1 0.48625403403251444 0.8661026362071597 -0.11585869817201722 1.8359990119934082 -0.8625671776269345 0.4969633872649787 0.09489602625412377 -1.438001036643982 0.13976722959195692 0.053792334706044664 0.988722158272516 3.056999921798706 0 0 0 1 0.48625403403251444 0.8661026362071597 -0.11585869817201722 1.8359990119934082 -0.8625671776269345 0.4969633872649787 0.09489602625412377 -1.438001036643982 0.13976722959195692 0.053792334706044664 0.988722158272516 3.056999921798706 0 0 0 1 0.48625403403251444 0.8661026362071597 -0.11585869817201722 1.8359990119934082 -0.8625671776269345 0.4969633872649787 0.09489602625412377 -1.438001036643982 0.13976722959195692 0.053792334706044664 0.988722158272516 3.056999921798706 0 0 0 1 0.48625403403251444 0.8661026362071597 -0.11585869817201722 1.8359990119934082 -0.8625671776269345 0.4969633872649787 0.09489602625412377 -1.438001036643982 0.13976722959195692 0.053792334706044664 0.988722158272516 3.056999921798706 0 0 0 1 0.48625403403251444 0.8661026362071597 -0.11585869817201722 1.8359990119934082 -0.8625671776269345 0.4969633872649787 0.09489602625412377 -1.438001036643982 0.13976722959195692 0.053792334706044664 0.988722158272516 3.056999921798706 0 0 0 1 0.48625403403251444 0.8661026362071597 -0.11585869817201722 1.8359990119934082 -0.8625671776269345 0.4969633872649787 0.09489602625412377 -1.438001036643982 0.13976722959195692 0.053792334706044664 0.988722158272516 3.056999921798706 0 0 0 1 0.48625403403251444 0.8661026362071597 -0.11585869817201722 1.8359990119934082 -0.8625671776269345 0.4969633872649787 0.09489602625412377 -1.438001036643982 0.13976722959195692 0.053792334706044664 0.988722158272516 3.056999921798706 0 0 0 1 0.48625403403251444 0.8661026362071597 -0.11585869817201722 1.8359990119934082 -0.8625671776269345 0.4969633872649787 0.09489602625412377 -1.438001036643982 0.13976722959195692 0.053792334706044664 0.988722158272516 3.056999921798706 0 0 0 1 0.48625403403251444 0.8661026362071597 -0.11585869817201722 1.8359990119934082 -0.8625671776269345 0.4969633872649787 0.09489602625412377 -1.438001036643982 0.13976722959195692 0.053792334706044664 0.988722158272516 3.056999921798706 0 0 0 1 0.48625403403251444 0.8661026362071597 -0.11585869817201722 1.8359990119934082 -0.8625671776269345 0.4969633872649787 0.09489602625412377 -1.438001036643982 0.13976722959195692 0.053792334706044664 0.988722158272516 3.056999921798706 0 0 0 1 0.48625403403251444 0.8661026362071597 -0.11585869817201722 1.8359990119934082 -0.8625671776269345 0.4969633872649787 0.09489602625412377 -1.438001036643982 0.13976722959195692 0.053792334706044664 0.988722158272516 3.056999921798706 0 0 0 1 0.48625403403251444 0.8661026362071597 -0.11585869817201722 1.8359990119934082 -0.8625671776269345 0.4969633872649787 0.09489602625412377 -1.438001036643982 0.13976722959195692 0.053792334706044664 0.988722158272516 3.056999921798706 0 0 0 1 0.48625403403251444 0.8661026362071597 -0.11585869817201722 1.8359990119934082 -0.8625671776269345 0.4969633872649787 0.09489602625412377 -1.438001036643982 0.13976722959195692 0.053792334706044664 0.988722158272516 3.056999921798706 0 0 0 1 0.48625403403251444 0.8661026362071597 -0.11585869817201722 1.8359990119934082 -0.8625671776269345 0.4969633872649787 0.09489602625412377 -1.438001036643982 0.13976722959195692 0.053792334706044664 0.988722158272516 3.056999921798706 0 0 0 1 0.48625403403251444 0.8661026362071597 -0.11585869817201722 1.8359990119934082 -0.8625671776269345 0.4969633872649787 0.09489602625412377 -1.438001036643982 0.13976722959195692 0.053792334706044664 0.988722158272516 3.056999921798706 0 0 0 1 0.48625403403251444 0.8661026362071597 -0.11585869817201722 1.8359990119934082 -0.8625671776269345 0.4969633872649787 0.09489602625412377 -1.438001036643982 0.13976722959195692 0.053792334706044664 0.988722158272516 3.056999921798706 0 0 0 1 0.48625403403251444 0.8661026362071597 -0.11585869817201722 1.8359990119934082 -0.8625671776269345 0.4969633872649787 0.09489602625412377 -1.438001036643982 0.13976722959195692 0.053792334706044664 0.988722158272516 3.056999921798706 0 0 0 1 0.48625403403251444 0.8661026362071597 -0.11585869817201722 1.8359990119934082 -0.8625671776269345 0.4969633872649787 0.09489602625412377 -1.438001036643982 0.13976722959195692 0.053792334706044664 0.988722158272516 3.056999921798706 0 0 0 1 0.48625403403251444 0.8661026362071597 -0.11585869817201722 1.8359990119934082 -0.8625671776269345 0.4969633872649787 0.09489602625412377 -1.438001036643982 0.13976722959195692 0.053792334706044664 0.988722158272516 3.056999921798706 0 0 0 1 0.48625403403251444 0.8661026362071597 -0.11585869817201722 1.8359990119934082 -0.8625671776269345 0.4969633872649787 0.09489602625412377 -1.438001036643982 0.13976722959195692 0.053792334706044664 0.988722158272516 3.056999921798706 0 0 0 1 0.48625403403251444 0.8661026362071597 -0.11585869817201722 1.8359990119934082 -0.8625671776269345 0.4969633872649787 0.09489602625412377 -1.438001036643982 0.13976722959195692 0.053792334706044664 0.988722158272516 3.056999921798706 0 0 0 1 0.48625403403251444 0.8661026362071597 -0.11585869817201722 1.8359990119934082 -0.8625671776269345 0.4969633872649787 0.09489602625412377 -1.438001036643982 0.13976722959195692 0.053792334706044664 0.988722158272516 3.056999921798706 0 0 0 1 0.48625403403251444 0.8661026362071597 -0.11585869817201722 1.8359990119934082 -0.8625671776269345 0.4969633872649787 0.09489602625412377 -1.438001036643982 0.13976722959195692 0.053792334706044664 0.988722158272516 3.056999921798706 0 0 0 1 0.48625403403251444 0.8661026362071597 -0.11585869817201722 1.8359990119934082 -0.8625671776269345 0.4969633872649787 0.09489602625412377 -1.438001036643982 0.13976722959195692 0.053792334706044664 0.988722158272516 3.056999921798706 0 0 0 1 0.48625403403251444 0.8661026362071597 -0.11585869817201722 1.8359990119934082 -0.8625671776269345 0.4969633872649787 0.09489602625412377 -1.438001036643982 0.13976722959195692 0.053792334706044664 0.988722158272516 3.056999921798706 0 0 0 1</float_array>
				<technique_common>
					<accessor source="#anim_LFingerA1_transform_output_array" count="56" stride="16">
						<param name="TRANSFORM" type="float4x4"/>
					</accessor>
				</technique_common>
			</source>
			<source id="anim_LFingerA1_transform_interpolation">
				<Name_array id="anim_LFingerA1_transform_interpolation_array" count="56">LINEAR LINEAR LINEAR LINEAR LINEAR LINEAR LINEAR LINEAR LINEAR LINEAR LINEAR LINEAR LINEAR LINEAR LINEAR LINEAR LINEAR LINEAR LINEAR LINEAR LINEAR LINEAR LINEAR LINEAR LINEAR LINEAR LINEAR LINEAR LINEAR LINEAR LINEAR LINEAR LINEAR LINEAR LINEAR LINEAR LINEAR LINEAR LINEAR LINEAR LINEAR LINEAR LINEAR LINEAR LINEAR LINEAR LINEAR LINEAR LINEAR LINEAR LINEAR LINEAR LINEAR LINEAR LINEAR LINEAR</Name_array>
				<technique_common>
					<accessor source="#anim_LFingerA1_transform_interpolation_array" count="56" stride="1">
						<param name="INTERPOLATION" type="Name"/>
					</accessor>
				</technique_common>
			</source>
			<sampler id="anim_LFingerA1_transform_sampler">
				<input semantic="INPUT" source="#anim_LFingerA1_transform_input"/>
				<input semantic="OUTPUT" source="#anim_LFingerA1_transform_output"/>
				<input semantic="INTERPOLATION" source="#anim_LFingerA1_transform_interpolation"/>
			</sampler>
			<channel source="#anim_LFingerA1_transform_sampler" target="LFingerA1_bone_id/transform"/>
		</animation>
		<animation id="anim_LFingerA2_transform" name="anim_LFingerA2_transform">
			<source id="anim_LFingerA2_transform_input">
				<float_array id="anim_LFingerA2_transform_input_array" count="56">0 0.03333333333333333 0.06666666666666667 0.1 0.13333333333333333 0.16666666666666666 0.2 0.23333333333333334 0.26666666666666666 0.3 0.3333333333333333 0.36666666666666664 0.4 0.43333333333333335 0.4666666666666667 0.5 0.5333333333333333 0.5666666666666667 0.6 0.6333333333333333 0.6666666666666666 0.7 0.7333333333333333 0.7666666666666667 0.8 0.8333333333333334 0.8666666666666667 0.9 0.9333333333333333 0.9666666666666667 1 1.0333333333333334 1.0666666666666667 1.1 1.1333333333333333 1.1666666666666667 1.2 1.2333333333333334 1.2666666666666666 1.3 1.3333333333333333 1.3666666666666667 1.4 1.4333333333333333 1.4666666666666666 1.5 1.5333333333333334 1.5666666666666667 1.6 1.6333333333333333 1.6666666666666667 1.7 1.7333333333333334 1.7666666666666666 1.8 1.8333333333333333</float_array>
				<technique_common>
					<accessor source="#anim_LFingerA2_transform_input_array" count="56" stride="1">
						<param name="TIME" type="float"/>
					</accessor>
				</technique_common>
			</source>
			<source id="anim_LFingerA2_transform_output">
				<float_array id="anim_LFingerA2_transform_output_array" count="896">0.6292220725225873 0 0.7772255679340329 3.000001907348633 0 1 0 0 -0.7772255679340329 0 0.6292220725225873 0 0 0 0 1 0.6292220725225873 0 0.7772255679340329 3.000001907348633 0 1 0 0 -0.7772255679340329 0 0.6292220725225873 0 0 0 0 1 0.6292220725225873 0 0.7772255679340329 3.000001907348633 0 1 0 0 -0.7772255679340329 0 0.6292220725225873 0 0 0 0 1 0.6292220725225873 0 0.7772255679340329 3.000001907348633 0 1 0 0 -0.7772255679340329 0 0.6292220725225873 0 0 0 0 1 0.6292220725225873 0 0.7772255679340329 3.000001907348633 0 1 0 0 -0.7772255679340329 0 0.6292220725225873 0 0 0 0 1 0.6292220725225873 0 0.7772255679340329 3.000001907348633 0 1 0 0 -0.7772255679340329 0 0.6292220725225873 0 0 0 0 1 0.6292220725225873 0 0.7772255679340329 3.000001907348633 0 1 0 0 -0.7772255679340329 0 0.6292220725225873 0 0 0 0 1 0.6292220725225873 0 0.7772255679340329 3.000001907348633 0 1 0 0 -0.7772255679340329 0 0.6292220725225873 0 0 0 0 1 0.6292220725225873 0 0.7772255679340329 3.000001907348633 0 1 0 0 -0.7772255679340329 0 0.6292220725225873 0 0 0 0 1 0.6292220725225873 0 0.7772255679340329 3.000001907348633 0 1 0 0 -0.7772255679340329 0 0.6292220725225873 0 0 0 0 1 0.6292220725225873 0 0.7772255679340329 3.000001907348633 0 1 0 0 -0.7772255679340329 0 0.6292220725225873 0 0 0 0 1 0.6292220725225873 0 0.7772255679340329 3.000001907348633 0 1 0 0 -0.7772255679340329 0 0.6292220725225873 0 0 0 0 1 0.6292220725225873 0 0.7772255679340329 3.000001907348633 0 1 0 0 -0.7772255679340329 0 0.6292220725225873 0 0 0 0 1 0.6292220725225873 0 0.7772255679340329 3.000001907348633 0 1 0 0 -0.7772255679340329 0 0.6292220725225873 0 0 0 0 1 0.6292220725225873 0 0.7772255679340329 3.000001907348633 0 1 0 0 -0.7772255679340329 0 0.6292220725225873 0 0 0 0 1 0.6292220725225873 0 0.7772255679340329 3.000001907348633 0 1 0 0 -0.7772255679340329 0 0.6292220725225873 0 0 0 0 1 0.6292220725225873 0 0.7772255679340329 3.000001907348633 0 1 0 0 -0.7772255679340329 0 0.6292220725225873 0 0 0 0 1 0.6292220725225873 0 0.7772255679340329 3.000001907348633 0 1 0 0 -0.7772255679340329 0 0.6292220725225873 0 0 0 0 1 0.6292220725225873 0 0.7772255679340329 3.000001907348633 0 1 0 0 -0.7772255679340329 0 0.6292220725225873 0 0 0 0 1 0.6292220725225873 0 0.7772255679340329 3.000001907348633 0 1 0 0 -0.7772255679340329 0 0.6292220725225873 0 0 0 0 1 0.6292220725225873 0 0.7772255679340329 3.000001907348633 0 1 0 0 -0.7772255679340329 0 0.6292220725225873 0 0 0 0 1 0.6292220725225873 0 0.7772255679340329 3.000001907348633 0 1 0 0 -0.7772255679340329 0 0.6292220725225873 0 0 0 0 1 0.6292220725225873 0 0.7772255679340329 3.000001907348633 0 1 0 0 -0.7772255679340329 0 0.6292220725225873 0 0 0 0 1 0.6292220725225873 0 0.7772255679340329 3.000001907348633 0 1 0 0 -0.7772255679340329 0 0.6292220725225873 0 0 0 0 1 0.6292220725225873 0 0.7772255679340329 3.000001907348633 0 1 0 0 -0.7772255679340329 0 0.6292220725225873 0 0 0 0 1 0.6292220725225873 0 0.7772255679340329 3.000001907348633 0 1 0 0 -0.7772255679340329 0 0.6292220725225873 0 0 0 0 1 0.6292220725225873 0 0.7772255679340329 3.000001907348633 0 1 0 0 -0.7772255679340329 0 0.6292220725225873 0 0 0 0 1 0.6292220725225873 0 0.7772255679340329 3.000001907348633 0 1 0 0 -0.7772255679340329 0 0.6292220725225873 0 0 0 0 1 0.6292220725225873 0 0.7772255679340329 3.000001907348633 0 1 0 0 -0.7772255679340329 0 0.6292220725225873 0 0 0 0 1 0.6292220725225873 0 0.7772255679340329 3.000001907348633 0 1 0 0 -0.7772255679340329 0 0.6292220725225873 0 0 0 0 1 0.6292220725225873 0 0.7772255679340329 3.000001907348633 0 1 0 0 -0.7772255679340329 0 0.6292220725225873 0 0 0 0 1 0.6292220725225873 0 0.7772255679340329 3.000001907348633 0 1 0 0 -0.7772255679340329 0 0.6292220725225873 0 0 0 0 1 0.6292220725225873 0 0.7772255679340329 3.000001907348633 0 1 0 0 -0.7772255679340329 0 0.6292220725225873 0 0 0 0 1 0.6292220725225873 0 0.7772255679340329 3.000001907348633 0 1 0 0 -0.7772255679340329 0 0.6292220725225873 0 0 0 0 1 0.6292220725225873 0 0.7772255679340329 3.000001907348633 0 1 0 0 -0.7772255679340329 0 0.6292220725225873 0 0 0 0 1 0.6292220725225873 0 0.7772255679340329 3.000001907348633 0 1 0 0 -0.7772255679340329 0 0.6292220725225873 0 0 0 0 1 0.6292220725225873 0 0.7772255679340329 3.000001907348633 0 1 0 0 -0.7772255679340329 0 0.6292220725225873 0 0 0 0 1 0.6292220725225873 0 0.7772255679340329 3.000001907348633 0 1 0 0 -0.7772255679340329 0 0.6292220725225873 0 0 0 0 1 0.6292220725225873 0 0.7772255679340329 3.000001907348633 0 1 0 0 -0.7772255679340329 0 0.6292220725225873 0 0 0 0 1 0.6292220725225873 0 0.7772255679340329 3.000001907348633 0 1 0 0 -0.7772255679340329 0 0.6292220725225873 0 0 0 0 1 0.6292220725225873 0 0.7772255679340329 3.000001907348633 0 1 0 0 -0.7772255679340329 0 0.6292220725225873 0 0 0 0 1 0.6292220725225873 0 0.7772255679340329 3.000001907348633 0 1 0 0 -0.7772255679340329 0 0.6292220725225873 0 0 0 0 1 0.6292220725225873 0 0.7772255679340329 3.000001907348633 0 1 0 0 -0.7772255679340329 0 0.6292220725225873 0 0 0 0 1 0.6292220725225873 0 0.7772255679340329 3.000001907348633 0 1 0 0 -0.7772255679340329 0 0.6292220725225873 0 0 0 0 1 0.6292220725225873 0 0.7772255679340329 3.000001907348633 0 1 0 0 -0.7772255679340329 0 0.6292220725225873 0 0 0 0 1 0.6292220725225873 0 0.7772255679340329 3.000001907348633 0 1 0 0 -0.7772255679340329 0 0.6292220725225873 0 0 0 0 1 0.6292220725225873 0 0.7772255679340329 3.000001907348633 0 1 0 0 -0.7772255679340329 0 0.6292220725225873 0 0 0 0 1 0.6292220725225873 0 0.7772255679340329 3.000001907348633 0 1 0 0 -0.7772255679340329 0 0.6292220725225873 0 0 0 0 1 0.6292220725225873 0 0.7772255679340329 3.000001907348633 0 1 0 0 -0.7772255679340329 0 0.6292220725225873 0 0 0 0 1 0.6292220725225873 0 0.7772255679340329 3.000001907348633 0 1 0 0 -0.7772255679340329 0 0.6292220725225873 0 0 0 0 1 0.6292220725225873 0 0.7772255679340329 3.000001907348633 0 1 0 0 -0.7772255679340329 0 0.6292220725225873 0 0 0 0 1 0.6292220725225873 0 0.7772255679340329 3.000001907348633 0 1 0 0 -0.7772255679340329 0 0.6292220725225873 0 0 0 0 1 0.6292220725225873 0 0.7772255679340329 3.000001907348633 0 1 0 0 -0.7772255679340329 0 0.6292220725225873 0 0 0 0 1 0.6292220725225873 0 0.7772255679340329 3.000001907348633 0 1 0 0 -0.7772255679340329 0 0.6292220725225873 0 0 0 0 1 0.6292220725225873 0 0.7772255679340329 3.000001907348633 0 1 0 0 -0.7772255679340329 0 0.6292220725225873 0 0 0 0 1 0.6292220725225873 0 0.7772255679340329 3.000001907348633 0 1 0 0 -0.7772255679340329 0 0.6292220725225873 0 0 0 0 1</float_array>
				<technique_common>
					<accessor source="#anim_LFingerA2_transform_output_array" count="56" stride="16">
						<param name="TRANSFORM" type="float4x4"/>
					</accessor>
				</technique_common>
			</source>
			<source id="anim_LFingerA2_transform_interpolation">
				<Name_array id="anim_LFingerA2_transform_interpolation_array" count="56">LINEAR LINEAR LINEAR LINEAR LINEAR LINEAR LINEAR LINEAR LINEAR LINEAR LINEAR LINEAR LINEAR LINEAR LINEAR LINEAR LINEAR LINEAR LINEAR LINEAR LINEAR LINEAR LINEAR LINEAR LINEAR LINEAR LINEAR LINEAR LINEAR LINEAR LINEAR LINEAR LINEAR LINEAR LINEAR LINEAR LINEAR LINEAR LINEAR LINEAR LINEAR LINEAR LINEAR LINEAR LINEAR LINEAR LINEAR LINEAR LINEAR LINEAR LINEAR LINEAR LINEAR LINEAR LINEAR LINEAR</Name_array>
				<technique_common>
					<accessor source="#anim_LFingerA2_transform_interpolation_array" count="56" stride="1">
						<param name="INTERPOLATION" type="Name"/>
					</accessor>
				</technique_common>
			</source>
			<sampler id="anim_LFingerA2_transform_sampler">
				<input semantic="INPUT" source="#anim_LFingerA2_transform_input"/>
				<input semantic="OUTPUT" source="#anim_LFingerA2_transform_output"/>
				<input semantic="INTERPOLATION" source="#anim_LFingerA2_transform_interpolation"/>
			</sampler>
			<channel source="#anim_LFingerA2_transform_sampler" target="LFingerA2_bone_id/transform"/>
		</animation>
		<animation id="anim_LFingerA3_transform" name="anim_LFingerA3_transform">
			<source id="anim_LFingerA3_transform_input">
				<float_array id="anim_LFingerA3_transform_input_array" count="56">0 0.03333333333333333 0.06666666666666667 0.1 0.13333333333333333 0.16666666666666666 0.2 0.23333333333333334 0.26666666666666666 0.3 0.3333333333333333 0.36666666666666664 0.4 0.43333333333333335 0.4666666666666667 0.5 0.5333333333333333 0.5666666666666667 0.6 0.6333333333333333 0.6666666666666666 0.7 0.7333333333333333 0.7666666666666667 0.8 0.8333333333333334 0.8666666666666667 0.9 0.9333333333333333 0.9666666666666667 1 1.0333333333333334 1.0666666666666667 1.1 1.1333333333333333 1.1666666666666667 1.2 1.2333333333333334 1.2666666666666666 1.3 1.3333333333333333 1.3666666666666667 1.4 1.4333333333333333 1.4666666666666666 1.5 1.5333333333333334 1.5666666666666667 1.6 1.6333333333333333 1.6666666666666667 1.7 1.7333333333333334 1.7666666666666666 1.8 1.8333333333333333</float_array>
				<technique_common>
					<accessor source="#anim_LFingerA3_transform_input_array" count="56" stride="1">
						<param name="TIME" type="float"/>
					</accessor>
				</technique_common>
			</source>
			<source id="anim_LFingerA3_transform_output">
				<float_array id="anim_LFingerA3_transform_output_array" count="896">0.8410546292006542 0 0.5409501924393317 3.000001907348633 0 1 0 0 -0.5409501924393317 0 0.8410546292006542 9.999999974752427e-7 0 0 0 1 0.8410546292006542 0 0.5409501924393317 3.000001907348633 0 1 0 0 -0.5409501924393317 0 0.8410546292006542 9.999999974752427e-7 0 0 0 1 0.8410546292006542 0 0.5409501924393317 3.000001907348633 0 1 0 0 -0.5409501924393317 0 0.8410546292006542 9.999999974752427e-7 0 0 0 1 0.8410546292006542 0 0.5409501924393317 3.000001907348633 0 1 0 0 -0.5409501924393317 0 0.8410546292006542 9.999999974752427e-7 0 0 0 1 0.8410546292006542 0 0.5409501924393317 3.000001907348633 0 1 0 0 -0.5409501924393317 0 0.8410546292006542 9.999999974752427e-7 0 0 0 1 0.8410546292006542 0 0.5409501924393317 3.000001907348633 0 1 0 0 -0.5409501924393317 0 0.8410546292006542 9.999999974752427e-7 0 0 0 1 0.8410546292006542 0 0.5409501924393317 3.000001907348633 0 1 0 0 -0.5409501924393317 0 0.8410546292006542 9.999999974752427e-7 0 0 0 1 0.8410546292006542 0 0.5409501924393317 3.000001907348633 0 1 0 0 -0.5409501924393317 0 0.8410546292006542 9.999999974752427e-7 0 0 0 1 0.8410546292006542 0 0.5409501924393317 3.000001907348633 0 1 0 0 -0.5409501924393317 0 0.8410546292006542 9.999999974752427e-7 0 0 0 1 0.8410546292006542 0 0.5409501924393317 3.000001907348633 0 1 0 0 -0.5409501924393317 0 0.8410546292006542 9.999999974752427e-7 0 0 0 1 0.8410546292006542 0 0.5409501924393317 3.000001907348633 0 1 0 0 -0.5409501924393317 0 0.8410546292006542 9.999999974752427e-7 0 0 0 1 0.8410546292006542 0 0.5409501924393317 3.000001907348633 0 1 0 0 -0.5409501924393317 0 0.8410546292006542 9.999999974752427e-7 0 0 0 1 0.8410546292006542 0 0.5409501924393317 3.000001907348633 0 1 0 0 -0.5409501924393317 0 0.8410546292006542 9.999999974752427e-7 0 0 0 1 0.8410546292006542 0 0.5409501924393317 3.000001907348633 0 1 0 0 -0.5409501924393317 0 0.8410546292006542 9.999999974752427e-7 0 0 0 1 0.8410546292006542 0 0.5409501924393317 3.000001907348633 0 1 0 0 -0.5409501924393317 0 0.8410546292006542 9.999999974752427e-7 0 0 0 1 0.8410546292006542 0 0.5409501924393317 3.000001907348633 0 1 0 0 -0.5409501924393317 0 0.8410546292006542 9.999999974752427e-7 0 0 0 1 0.8410546292006542 0 0.5409501924393317 3.000001907348633 0 1 0 0 -0.5409501924393317 0 0.8410546292006542 9.999999974752427e-7 0 0 0 1 0.8410546292006542 0 0.5409501924393317 3.000001907348633 0 1 0 0 -0.5409501924393317 0 0.8410546292006542 9.999999974752427e-7 0 0 0 1 0.8410546292006542 0 0.5409501924393317 3.000001907348633 0 1 0 0 -0.5409501924393317 0 0.8410546292006542 9.999999974752427e-7 0 0 0 1 0.8410546292006542 0 0.5409501924393317 3.000001907348633 0 1 0 0 -0.5409501924393317 0 0.8410546292006542 9.999999974752427e-7 0 0 0 1 0.8410546292006542 0 0.5409501924393317 3.000001907348633 0 1 0 0 -0.5409501924393317 0 0.8410546292006542 9.999999974752427e-7 0 0 0 1 0.8410546292006542 0 0.5409501924393317 3.000001907348633 0 1 0 0 -0.5409501924393317 0 0.8410546292006542 9.999999974752427e-7 0 0 0 1 0.8410546292006542 0 0.5409501924393317 3.000001907348633 0 1 0 0 -0.5409501924393317 0 0.8410546292006542 9.999999974752427e-7 0 0 0 1 0.8410546292006542 0 0.5409501924393317 3.000001907348633 0 1 0 0 -0.5409501924393317 0 0.8410546292006542 9.999999974752427e-7 0 0 0 1 0.8410546292006542 0 0.5409501924393317 3.000001907348633 0 1 0 0 -0.5409501924393317 0 0.8410546292006542 9.999999974752427e-7 0 0 0 1 0.8410546292006542 0 0.5409501924393317 3.000001907348633 0 1 0 0 -0.5409501924393317 0 0.8410546292006542 9.999999974752427e-7 0 0 0 1 0.8410546292006542 0 0.5409501924393317 3.000001907348633 0 1 0 0 -0.5409501924393317 0 0.8410546292006542 9.999999974752427e-7 0 0 0 1 0.8410546292006542 0 0.5409501924393317 3.000001907348633 0 1 0 0 -0.5409501924393317 0 0.8410546292006542 9.999999974752427e-7 0 0 0 1 0.8410546292006542 0 0.5409501924393317 3.000001907348633 0 1 0 0 -0.5409501924393317 0 0.8410546292006542 9.999999974752427e-7 0 0 0 1 0.8410546292006542 0 0.5409501924393317 3.000001907348633 0 1 0 0 -0.5409501924393317 0 0.8410546292006542 9.999999974752427e-7 0 0 0 1 0.8410546292006542 0 0.5409501924393317 3.000001907348633 0 1 0 0 -0.5409501924393317 0 0.8410546292006542 9.999999974752427e-7 0 0 0 1 0.8410546292006542 0 0.5409501924393317 3.000001907348633 0 1 0 0 -0.5409501924393317 0 0.8410546292006542 9.999999974752427e-7 0 0 0 1 0.8410546292006542 0 0.5409501924393317 3.000001907348633 0 1 0 0 -0.5409501924393317 0 0.8410546292006542 9.999999974752427e-7 0 0 0 1 0.8410546292006542 0 0.5409501924393317 3.000001907348633 0 1 0 0 -0.5409501924393317 0 0.8410546292006542 9.999999974752427e-7 0 0 0 1 0.8410546292006542 0 0.5409501924393317 3.000001907348633 0 1 0 0 -0.5409501924393317 0 0.8410546292006542 9.999999974752427e-7 0 0 0 1 0.8410546292006542 0 0.5409501924393317 3.000001907348633 0 1 0 0 -0.5409501924393317 0 0.8410546292006542 9.999999974752427e-7 0 0 0 1 0.8410546292006542 0 0.5409501924393317 3.000001907348633 0 1 0 0 -0.5409501924393317 0 0.8410546292006542 9.999999974752427e-7 0 0 0 1 0.8410546292006542 0 0.5409501924393317 3.000001907348633 0 1 0 0 -0.5409501924393317 0 0.8410546292006542 9.999999974752427e-7 0 0 0 1 0.8410546292006542 0 0.5409501924393317 3.000001907348633 0 1 0 0 -0.5409501924393317 0 0.8410546292006542 9.999999974752427e-7 0 0 0 1 0.8410546292006542 0 0.5409501924393317 3.000001907348633 0 1 0 0 -0.5409501924393317 0 0.8410546292006542 9.999999974752427e-7 0 0 0 1 0.8410546292006542 0 0.5409501924393317 3.000001907348633 0 1 0 0 -0.5409501924393317 0 0.8410546292006542 9.999999974752427e-7 0 0 0 1 0.8410546292006542 0 0.5409501924393317 3.000001907348633 0 1 0 0 -0.5409501924393317 0 0.8410546292006542 9.999999974752427e-7 0 0 0 1 0.8410546292006542 0 0.5409501924393317 3.000001907348633 0 1 0 0 -0.5409501924393317 0 0.8410546292006542 9.999999974752427e-7 0 0 0 1 0.8410546292006542 0 0.5409501924393317 3.000001907348633 0 1 0 0 -0.5409501924393317 0 0.8410546292006542 9.999999974752427e-7 0 0 0 1 0.8410546292006542 0 0.5409501924393317 3.000001907348633 0 1 0 0 -0.5409501924393317 0 0.8410546292006542 9.999999974752427e-7 0 0 0 1 0.8410546292006542 0 0.5409501924393317 3.000001907348633 0 1 0 0 -0.5409501924393317 0 0.8410546292006542 9.999999974752427e-7 0 0 0 1 0.8410546292006542 0 0.5409501924393317 3.000001907348633 0 1 0 0 -0.5409501924393317 0 0.8410546292006542 9.999999974752427e-7 0 0 0 1 0.8410546292006542 0 0.5409501924393317 3.000001907348633 0 1 0 0 -0.5409501924393317 0 0.8410546292006542 9.999999974752427e-7 0 0 0 1 0.8410546292006542 0 0.5409501924393317 3.000001907348633 0 1 0 0 -0.5409501924393317 0 0.8410546292006542 9.999999974752427e-7 0 0 0 1 0.8410546292006542 0 0.5409501924393317 3.000001907348633 0 1 0 0 -0.5409501924393317 0 0.8410546292006542 9.999999974752427e-7 0 0 0 1 0.8410546292006542 0 0.5409501924393317 3.000001907348633 0 1 0 0 -0.5409501924393317 0 0.8410546292006542 9.999999974752427e-7 0 0 0 1 0.8410546292006542 0 0.5409501924393317 3.000001907348633 0 1 0 0 -0.5409501924393317 0 0.8410546292006542 9.999999974752427e-7 0 0 0 1 0.8410546292006542 0 0.5409501924393317 3.000001907348633 0 1 0 0 -0.5409501924393317 0 0.8410546292006542 9.999999974752427e-7 0 0 0 1 0.8410546292006542 0 0.5409501924393317 3.000001907348633 0 1 0 0 -0.5409501924393317 0 0.8410546292006542 9.999999974752427e-7 0 0 0 1 0.8410546292006542 0 0.5409501924393317 3.000001907348633 0 1 0 0 -0.5409501924393317 0 0.8410546292006542 9.999999974752427e-7 0 0 0 1 0.8410546292006542 0 0.5409501924393317 3.000001907348633 0 1 0 0 -0.5409501924393317 0 0.8410546292006542 9.999999974752427e-7 0 0 0 1</float_array>
				<technique_common>
					<accessor source="#anim_LFingerA3_transform_output_array" count="56" stride="16">
						<param name="TRANSFORM" type="float4x4"/>
					</accessor>
				</technique_common>
			</source>
			<source id="anim_LFingerA3_transform_interpolation">
				<Name_array id="anim_LFingerA3_transform_interpolation_array" count="56">LINEAR LINEAR LINEAR LINEAR LINEAR LINEAR LINEAR LINEAR LINEAR LINEAR LINEAR LINEAR LINEAR LINEAR LINEAR LINEAR LINEAR LINEAR LINEAR LINEAR LINEAR LINEAR LINEAR LINEAR LINEAR LINEAR LINEAR LINEAR LINEAR LINEAR LINEAR LINEAR LINEAR LINEAR LINEAR LINEAR LINEAR LINEAR LINEAR LINEAR LINEAR LINEAR LINEAR LINEAR LINEAR LINEAR LINEAR LINEAR LINEAR LINEAR LINEAR LINEAR LINEAR LINEAR LINEAR LINEAR</Name_array>
				<technique_common>
					<accessor source="#anim_LFingerA3_transform_interpolation_array" count="56" stride="1">
						<param name="INTERPOLATION" type="Name"/>
					</accessor>
				</technique_common>
			</source>
			<sampler id="anim_LFingerA3_transform_sampler">
				<input semantic="INPUT" source="#anim_LFingerA3_transform_input"/>
				<input semantic="OUTPUT" source="#anim_LFingerA3_transform_output"/>
				<input semantic="INTERPOLATION" source="#anim_LFingerA3_transform_interpolation"/>
			</sampler>
			<channel source="#anim_LFingerA3_transform_sampler" target="LFingerA3_bone_id/transform"/>
		</animation>
		<animation id="anim_LFingerB1_transform" name="anim_LFingerB1_transform">
			<source id="anim_LFingerB1_transform_input">
				<float_array id="anim_LFingerB1_transform_input_array" count="56">0 0.03333333333333333 0.06666666666666667 0.1 0.13333333333333333 0.16666666666666666 0.2 0.23333333333333334 0.26666666666666666 0.3 0.3333333333333333 0.36666666666666664 0.4 0.43333333333333335 0.4666666666666667 0.5 0.5333333333333333 0.5666666666666667 0.6 0.6333333333333333 0.6666666666666666 0.7 0.7333333333333333 0.7666666666666667 0.8 0.8333333333333334 0.8666666666666667 0.9 0.9333333333333333 0.9666666666666667 1 1.0333333333333334 1.0666666666666667 1.1 1.1333333333333333 1.1666666666666667 1.2 1.2333333333333334 1.2666666666666666 1.3 1.3333333333333333 1.3666666666666667 1.4 1.4333333333333333 1.4666666666666666 1.5 1.5333333333333334 1.5666666666666667 1.6 1.6333333333333333 1.6666666666666667 1.7 1.7333333333333334 1.7666666666666666 1.8 1.8333333333333333</float_array>
				<technique_common>
					<accessor source="#anim_LFingerB1_transform_input_array" count="56" stride="1">
						<param name="TIME" type="float"/>
					</accessor>
				</technique_common>
			</source>
			<source id="anim_LFingerB1_transform_output">
				<float_array id="anim_LFingerB1_transform_output_array" count="896">0.5827836710399341 0.8126273394105676 0.000003423411896688966 7.542998790740967 -0.8126273394106276 0.5827836710473078 -0.0000017401105896556974 -0.01999799907207489 -0.000003409169991411486 -0.0000017678500638580332 0.9999999999926261 2.2049999237060547 0 0 0 1 0.5827836710399341 0.8126273394105676 0.000003423411896688966 7.542998790740967 -0.8126273394106276 0.5827836710473078 -0.0000017401105896556974 -0.01999799907207489 -0.000003409169991411486 -0.0000017678500638580332 0.9999999999926261 2.2049999237060547 0 0 0 1 0.5827836710399341 0.8126273394105676 0.000003423411896688966 7.542998790740967 -0.8126273394106276 0.5827836710473078 -0.0000017401105896556974 -0.01999799907207489 -0.000003409169991411486 -0.0000017678500638580332 0.9999999999926261 2.2049999237060547 0 0 0 1 0.5827836710399341 0.8126273394105676 0.000003423411896688966 7.542998790740967 -0.8126273394106276 0.5827836710473078 -0.0000017401105896556974 -0.01999799907207489 -0.000003409169991411486 -0.0000017678500638580332 0.9999999999926261 2.2049999237060547 0 0 0 1 0.5827836710399341 0.8126273394105676 0.000003423411896688966 7.542998790740967 -0.8126273394106276 0.5827836710473078 -0.0000017401105896556974 -0.01999799907207489 -0.000003409169991411486 -0.0000017678500638580332 0.9999999999926261 2.2049999237060547 0 0 0 1 0.5827836710399341 0.8126273394105676 0.000003423411896688966 7.542998790740967 -0.8126273394106276 0.5827836710473078 -0.0000017401105896556974 -0.01999799907207489 -0.000003409169991411486 -0.0000017678500638580332 0.9999999999926261 2.2049999237060547 0 0 0 1 0.5827836710399341 0.8126273394105676 0.000003423411896688966 7.542998790740967 -0.8126273394106276 0.5827836710473078 -0.0000017401105896556974 -0.01999799907207489 -0.000003409169991411486 -0.0000017678500638580332 0.9999999999926261 2.2049999237060547 0 0 0 1 0.5827836710399341 0.8126273394105676 0.000003423411896688966 7.542998790740967 -0.8126273394106276 0.5827836710473078 -0.0000017401105896556974 -0.01999799907207489 -0.000003409169991411486 -0.0000017678500638580332 0.9999999999926261 2.2049999237060547 0 0 0 1 0.5827836710399341 0.8126273394105676 0.000003423411896688966 7.542998790740967 -0.8126273394106276 0.5827836710473078 -0.0000017401105896556974 -0.01999799907207489 -0.000003409169991411486 -0.0000017678500638580332 0.9999999999926261 2.2049999237060547 0 0 0 1 0.5827836710399341 0.8126273394105676 0.000003423411896688966 7.542998790740967 -0.8126273394106276 0.5827836710473078 -0.0000017401105896556974 -0.01999799907207489 -0.000003409169991411486 -0.0000017678500638580332 0.9999999999926261 2.2049999237060547 0 0 0 1 0.5827836710399341 0.8126273394105676 0.000003423411896688966 7.542998790740967 -0.8126273394106276 0.5827836710473078 -0.0000017401105896556974 -0.01999799907207489 -0.000003409169991411486 -0.0000017678500638580332 0.9999999999926261 2.2049999237060547 0 0 0 1 0.5827836710399341 0.8126273394105676 0.000003423411896688966 7.542998790740967 -0.8126273394106276 0.5827836710473078 -0.0000017401105896556974 -0.01999799907207489 -0.000003409169991411486 -0.0000017678500638580332 0.9999999999926261 2.2049999237060547 0 0 0 1 0.5827836710399341 0.8126273394105676 0.000003423411896688966 7.542998790740967 -0.8126273394106276 0.5827836710473078 -0.0000017401105896556974 -0.01999799907207489 -0.000003409169991411486 -0.0000017678500638580332 0.9999999999926261 2.2049999237060547 0 0 0 1 0.5827836710399341 0.8126273394105676 0.000003423411896688966 7.542998790740967 -0.8126273394106276 0.5827836710473078 -0.0000017401105896556974 -0.01999799907207489 -0.000003409169991411486 -0.0000017678500638580332 0.9999999999926261 2.2049999237060547 0 0 0 1 0.5827836710399341 0.8126273394105676 0.000003423411896688966 7.542998790740967 -0.8126273394106276 0.5827836710473078 -0.0000017401105896556974 -0.01999799907207489 -0.000003409169991411486 -0.0000017678500638580332 0.9999999999926261 2.2049999237060547 0 0 0 1 0.5827836710399341 0.8126273394105676 0.000003423411896688966 7.542998790740967 -0.8126273394106276 0.5827836710473078 -0.0000017401105896556974 -0.01999799907207489 -0.000003409169991411486 -0.0000017678500638580332 0.9999999999926261 2.2049999237060547 0 0 0 1 0.5827836710399341 0.8126273394105676 0.000003423411896688966 7.542998790740967 -0.8126273394106276 0.5827836710473078 -0.0000017401105896556974 -0.01999799907207489 -0.000003409169991411486 -0.0000017678500638580332 0.9999999999926261 2.2049999237060547 0 0 0 1 0.5827836710399341 0.8126273394105676 0.000003423411896688966 7.542998790740967 -0.8126273394106276 0.5827836710473078 -0.0000017401105896556974 -0.01999799907207489 -0.000003409169991411486 -0.0000017678500638580332 0.9999999999926261 2.2049999237060547 0 0 0 1 0.5827836710399341 0.8126273394105676 0.000003423411896688966 7.542998790740967 -0.8126273394106276 0.5827836710473078 -0.0000017401105896556974 -0.01999799907207489 -0.000003409169991411486 -0.0000017678500638580332 0.9999999999926261 2.2049999237060547 0 0 0 1 0.5827836710399341 0.8126273394105676 0.000003423411896688966 7.542998790740967 -0.8126273394106276 0.5827836710473078 -0.0000017401105896556974 -0.01999799907207489 -0.000003409169991411486 -0.0000017678500638580332 0.9999999999926261 2.2049999237060547 0 0 0 1 0.5827836710399341 0.8126273394105676 0.000003423411896688966 7.542998790740967 -0.8126273394106276 0.5827836710473078 -0.0000017401105896556974 -0.01999799907207489 -0.000003409169991411486 -0.0000017678500638580332 0.9999999999926261 2.2049999237060547 0 0 0 1 0.5827836710399341 0.8126273394105676 0.000003423411896688966 7.542998790740967 -0.8126273394106276 0.5827836710473078 -0.0000017401105896556974 -0.01999799907207489 -0.000003409169991411486 -0.0000017678500638580332 0.9999999999926261 2.2049999237060547 0 0 0 1 0.5827836710399341 0.8126273394105676 0.000003423411896688966 7.542998790740967 -0.8126273394106276 0.5827836710473078 -0.0000017401105896556974 -0.01999799907207489 -0.000003409169991411486 -0.0000017678500638580332 0.9999999999926261 2.2049999237060547 0 0 0 1 0.5827836710399341 0.8126273394105676 0.000003423411896688966 7.542998790740967 -0.8126273394106276 0.5827836710473078 -0.0000017401105896556974 -0.01999799907207489 -0.000003409169991411486 -0.0000017678500638580332 0.9999999999926261 2.2049999237060547 0 0 0 1 0.5827836710399341 0.8126273394105676 0.000003423411896688966 7.542998790740967 -0.8126273394106276 0.5827836710473078 -0.0000017401105896556974 -0.01999799907207489 -0.000003409169991411486 -0.0000017678500638580332 0.9999999999926261 2.2049999237060547 0 0 0 1 0.5827836710399341 0.8126273394105676 0.000003423411896688966 7.542998790740967 -0.8126273394106276 0.5827836710473078 -0.0000017401105896556974 -0.01999799907207489 -0.000003409169991411486 -0.0000017678500638580332 0.9999999999926261 2.2049999237060547 0 0 0 1 0.5827836710399341 0.8126273394105676 0.000003423411896688966 7.542998790740967 -0.8126273394106276 0.5827836710473078 -0.0000017401105896556974 -0.01999799907207489 -0.000003409169991411486 -0.0000017678500638580332 0.9999999999926261 2.2049999237060547 0 0 0 1 0.5827836710399341 0.8126273394105676 0.000003423411896688966 7.542998790740967 -0.8126273394106276 0.5827836710473078 -0.0000017401105896556974 -0.01999799907207489 -0.000003409169991411486 -0.0000017678500638580332 0.9999999999926261 2.2049999237060547 0 0 0 1 0.5827836710399341 0.8126273394105676 0.000003423411896688966 7.542998790740967 -0.8126273394106276 0.5827836710473078 -0.0000017401105896556974 -0.01999799907207489 -0.000003409169991411486 -0.0000017678500638580332 0.9999999999926261 2.2049999237060547 0 0 0 1 0.5827836710399341 0.8126273394105676 0.000003423411896688966 7.542998790740967 -0.8126273394106276 0.5827836710473078 -0.0000017401105896556974 -0.01999799907207489 -0.000003409169991411486 -0.0000017678500638580332 0.9999999999926261 2.2049999237060547 0 0 0 1 0.5827836710399341 0.8126273394105676 0.000003423411896688966 7.542998790740967 -0.8126273394106276 0.5827836710473078 -0.0000017401105896556974 -0.01999799907207489 -0.000003409169991411486 -0.0000017678500638580332 0.9999999999926261 2.2049999237060547 0 0 0 1 0.5827836710399341 0.8126273394105676 0.000003423411896688966 7.542998790740967 -0.8126273394106276 0.5827836710473078 -0.0000017401105896556974 -0.01999799907207489 -0.000003409169991411486 -0.0000017678500638580332 0.9999999999926261 2.2049999237060547 0 0 0 1 0.5827836710399341 0.8126273394105676 0.000003423411896688966 7.542998790740967 -0.8126273394106276 0.5827836710473078 -0.0000017401105896556974 -0.01999799907207489 -0.000003409169991411486 -0.0000017678500638580332 0.9999999999926261 2.2049999237060547 0 0 0 1 0.5827836710399341 0.8126273394105676 0.000003423411896688966 7.542998790740967 -0.8126273394106276 0.5827836710473078 -0.0000017401105896556974 -0.01999799907207489 -0.000003409169991411486 -0.0000017678500638580332 0.9999999999926261 2.2049999237060547 0 0 0 1 0.5827836710399341 0.8126273394105676 0.000003423411896688966 7.542998790740967 -0.8126273394106276 0.5827836710473078 -0.0000017401105896556974 -0.01999799907207489 -0.000003409169991411486 -0.0000017678500638580332 0.9999999999926261 2.2049999237060547 0 0 0 1 0.5827836710399341 0.8126273394105676 0.000003423411896688966 7.542998790740967 -0.8126273394106276 0.5827836710473078 -0.0000017401105896556974 -0.01999799907207489 -0.000003409169991411486 -0.0000017678500638580332 0.9999999999926261 2.2049999237060547 0 0 0 1 0.5827836710399341 0.8126273394105676 0.000003423411896688966 7.542998790740967 -0.8126273394106276 0.5827836710473078 -0.0000017401105896556974 -0.01999799907207489 -0.000003409169991411486 -0.0000017678500638580332 0.9999999999926261 2.2049999237060547 0 0 0 1 0.5827836710399341 0.8126273394105676 0.000003423411896688966 7.542998790740967 -0.8126273394106276 0.5827836710473078 -0.0000017401105896556974 -0.01999799907207489 -0.000003409169991411486 -0.0000017678500638580332 0.9999999999926261 2.2049999237060547 0 0 0 1 0.5827836710399341 0.8126273394105676 0.000003423411896688966 7.542998790740967 -0.8126273394106276 0.5827836710473078 -0.0000017401105896556974 -0.01999799907207489 -0.000003409169991411486 -0.0000017678500638580332 0.9999999999926261 2.2049999237060547 0 0 0 1 0.5827836710399341 0.8126273394105676 0.000003423411896688966 7.542998790740967 -0.8126273394106276 0.5827836710473078 -0.0000017401105896556974 -0.01999799907207489 -0.000003409169991411486 -0.0000017678500638580332 0.9999999999926261 2.2049999237060547 0 0 0 1 0.5827836710399341 0.8126273394105676 0.000003423411896688966 7.542998790740967 -0.8126273394106276 0.5827836710473078 -0.0000017401105896556974 -0.01999799907207489 -0.000003409169991411486 -0.0000017678500638580332 0.9999999999926261 2.2049999237060547 0 0 0 1 0.5827836710399341 0.8126273394105676 0.000003423411896688966 7.542998790740967 -0.8126273394106276 0.5827836710473078 -0.0000017401105896556974 -0.01999799907207489 -0.000003409169991411486 -0.0000017678500638580332 0.9999999999926261 2.2049999237060547 0 0 0 1 0.5827836710399341 0.8126273394105676 0.000003423411896688966 7.542998790740967 -0.8126273394106276 0.5827836710473078 -0.0000017401105896556974 -0.01999799907207489 -0.000003409169991411486 -0.0000017678500638580332 0.9999999999926261 2.2049999237060547 0 0 0 1 0.5827836710399341 0.8126273394105676 0.000003423411896688966 7.542998790740967 -0.8126273394106276 0.5827836710473078 -0.0000017401105896556974 -0.01999799907207489 -0.000003409169991411486 -0.0000017678500638580332 0.9999999999926261 2.2049999237060547 0 0 0 1 0.5827836710399341 0.8126273394105676 0.000003423411896688966 7.542998790740967 -0.8126273394106276 0.5827836710473078 -0.0000017401105896556974 -0.01999799907207489 -0.000003409169991411486 -0.0000017678500638580332 0.9999999999926261 2.2049999237060547 0 0 0 1 0.5827836710399341 0.8126273394105676 0.000003423411896688966 7.542998790740967 -0.8126273394106276 0.5827836710473078 -0.0000017401105896556974 -0.01999799907207489 -0.000003409169991411486 -0.0000017678500638580332 0.9999999999926261 2.2049999237060547 0 0 0 1 0.5827836710399341 0.8126273394105676 0.000003423411896688966 7.542998790740967 -0.8126273394106276 0.5827836710473078 -0.0000017401105896556974 -0.01999799907207489 -0.000003409169991411486 -0.0000017678500638580332 0.9999999999926261 2.2049999237060547 0 0 0 1 0.5827836710399341 0.8126273394105676 0.000003423411896688966 7.542998790740967 -0.8126273394106276 0.5827836710473078 -0.0000017401105896556974 -0.01999799907207489 -0.000003409169991411486 -0.0000017678500638580332 0.9999999999926261 2.2049999237060547 0 0 0 1 0.5827836710399341 0.8126273394105676 0.000003423411896688966 7.542998790740967 -0.8126273394106276 0.5827836710473078 -0.0000017401105896556974 -0.01999799907207489 -0.000003409169991411486 -0.0000017678500638580332 0.9999999999926261 2.2049999237060547 0 0 0 1 0.5827836710399341 0.8126273394105676 0.000003423411896688966 7.542998790740967 -0.8126273394106276 0.5827836710473078 -0.0000017401105896556974 -0.01999799907207489 -0.000003409169991411486 -0.0000017678500638580332 0.9999999999926261 2.2049999237060547 0 0 0 1 0.5827836710399341 0.8126273394105676 0.000003423411896688966 7.542998790740967 -0.8126273394106276 0.5827836710473078 -0.0000017401105896556974 -0.01999799907207489 -0.000003409169991411486 -0.0000017678500638580332 0.9999999999926261 2.2049999237060547 0 0 0 1 0.5827836710399341 0.8126273394105676 0.000003423411896688966 7.542998790740967 -0.8126273394106276 0.5827836710473078 -0.0000017401105896556974 -0.01999799907207489 -0.000003409169991411486 -0.0000017678500638580332 0.9999999999926261 2.2049999237060547 0 0 0 1 0.5827836710399341 0.8126273394105676 0.000003423411896688966 7.542998790740967 -0.8126273394106276 0.5827836710473078 -0.0000017401105896556974 -0.01999799907207489 -0.000003409169991411486 -0.0000017678500638580332 0.9999999999926261 2.2049999237060547 0 0 0 1 0.5827836710399341 0.8126273394105676 0.000003423411896688966 7.542998790740967 -0.8126273394106276 0.5827836710473078 -0.0000017401105896556974 -0.01999799907207489 -0.000003409169991411486 -0.0000017678500638580332 0.9999999999926261 2.2049999237060547 0 0 0 1 0.5827836710399341 0.8126273394105676 0.000003423411896688966 7.542998790740967 -0.8126273394106276 0.5827836710473078 -0.0000017401105896556974 -0.01999799907207489 -0.000003409169991411486 -0.0000017678500638580332 0.9999999999926261 2.2049999237060547 0 0 0 1 0.5827836710399341 0.8126273394105676 0.000003423411896688966 7.542998790740967 -0.8126273394106276 0.5827836710473078 -0.0000017401105896556974 -0.01999799907207489 -0.000003409169991411486 -0.0000017678500638580332 0.9999999999926261 2.2049999237060547 0 0 0 1</float_array>
				<technique_common>
					<accessor source="#anim_LFingerB1_transform_output_array" count="56" stride="16">
						<param name="TRANSFORM" type="float4x4"/>
					</accessor>
				</technique_common>
			</source>
			<source id="anim_LFingerB1_transform_interpolation">
				<Name_array id="anim_LFingerB1_transform_interpolation_array" count="56">LINEAR LINEAR LINEAR LINEAR LINEAR LINEAR LINEAR LINEAR LINEAR LINEAR LINEAR LINEAR LINEAR LINEAR LINEAR LINEAR LINEAR LINEAR LINEAR LINEAR LINEAR LINEAR LINEAR LINEAR LINEAR LINEAR LINEAR LINEAR LINEAR LINEAR LINEAR LINEAR LINEAR LINEAR LINEAR LINEAR LINEAR LINEAR LINEAR LINEAR LINEAR LINEAR LINEAR LINEAR LINEAR LINEAR LINEAR LINEAR LINEAR LINEAR LINEAR LINEAR LINEAR LINEAR LINEAR LINEAR</Name_array>
				<technique_common>
					<accessor source="#anim_LFingerB1_transform_interpolation_array" count="56" stride="1">
						<param name="INTERPOLATION" type="Name"/>
					</accessor>
				</technique_common>
			</source>
			<sampler id="anim_LFingerB1_transform_sampler">
				<input semantic="INPUT" source="#anim_LFingerB1_transform_input"/>
				<input semantic="OUTPUT" source="#anim_LFingerB1_transform_output"/>
				<input semantic="INTERPOLATION" source="#anim_LFingerB1_transform_interpolation"/>
			</sampler>
			<channel source="#anim_LFingerB1_transform_sampler" target="LFingerB1_bone_id/transform"/>
		</animation>
		<animation id="anim_LFingerB2_transform" name="anim_LFingerB2_transform">
			<source id="anim_LFingerB2_transform_input">
				<float_array id="anim_LFingerB2_transform_input_array" count="56">0 0.03333333333333333 0.06666666666666667 0.1 0.13333333333333333 0.16666666666666666 0.2 0.23333333333333334 0.26666666666666666 0.3 0.3333333333333333 0.36666666666666664 0.4 0.43333333333333335 0.4666666666666667 0.5 0.5333333333333333 0.5666666666666667 0.6 0.6333333333333333 0.6666666666666666 0.7 0.7333333333333333 0.7666666666666667 0.8 0.8333333333333334 0.8666666666666667 0.9 0.9333333333333333 0.9666666666666667 1 1.0333333333333334 1.0666666666666667 1.1 1.1333333333333333 1.1666666666666667 1.2 1.2333333333333334 1.2666666666666666 1.3 1.3333333333333333 1.3666666666666667 1.4 1.4333333333333333 1.4666666666666666 1.5 1.5333333333333334 1.5666666666666667 1.6 1.6333333333333333 1.6666666666666667 1.7 1.7333333333333334 1.7666666666666666 1.8 1.8333333333333333</float_array>
				<technique_common>
					<accessor source="#anim_LFingerB2_transform_input_array" count="56" stride="1">
						<param name="TIME" type="float"/>
					</accessor>
				</technique_common>
			</source>
			<source id="anim_LFingerB2_transform_output">
				<float_array id="anim_LFingerB2_transform_output_array" count="896">0.44617996021187045 0.8949432624985444 0.000003714170497975195 3.4100000858306885 -0.8949432624985444 0.4461799602214094 -0.0000022984488912282316 0 -0.0000037141697944440607 -0.0000022984500280965343 0.9999999999904611 0 0 0 0 1 0.44617996021187045 0.8949432624985444 0.000003714170497975195 3.4100000858306885 -0.8949432624985444 0.4461799602214094 -0.0000022984488912282316 0 -0.0000037141697944440607 -0.0000022984500280965343 0.9999999999904611 0 0 0 0 1 0.44617996021187045 0.8949432624985444 0.000003714170497975195 3.4100000858306885 -0.8949432624985444 0.4461799602214094 -0.0000022984488912282316 0 -0.0000037141697944440607 -0.0000022984500280965343 0.9999999999904611 0 0 0 0 1 0.44617996021187045 0.8949432624985444 0.000003714170497975195 3.4100000858306885 -0.8949432624985444 0.4461799602214094 -0.0000022984488912282316 0 -0.0000037141697944440607 -0.0000022984500280965343 0.9999999999904611 0 0 0 0 1 0.44617996021187045 0.8949432624985444 0.000003714170497975195 3.4100000858306885 -0.8949432624985444 0.4461799602214094 -0.0000022984488912282316 0 -0.0000037141697944440607 -0.0000022984500280965343 0.9999999999904611 0 0 0 0 1 0.44617996021187045 0.8949432624985444 0.000003714170497975195 3.4100000858306885 -0.8949432624985444 0.4461799602214094 -0.0000022984488912282316 0 -0.0000037141697944440607 -0.0000022984500280965343 0.9999999999904611 0 0 0 0 1 0.44617996021187045 0.8949432624985444 0.000003714170497975195 3.4100000858306885 -0.8949432624985444 0.4461799602214094 -0.0000022984488912282316 0 -0.0000037141697944440607 -0.0000022984500280965343 0.9999999999904611 0 0 0 0 1 0.44617996021187045 0.8949432624985444 0.000003714170497975195 3.4100000858306885 -0.8949432624985444 0.4461799602214094 -0.0000022984488912282316 0 -0.0000037141697944440607 -0.0000022984500280965343 0.9999999999904611 0 0 0 0 1 0.44617996021187045 0.8949432624985444 0.000003714170497975195 3.4100000858306885 -0.8949432624985444 0.4461799602214094 -0.0000022984488912282316 0 -0.0000037141697944440607 -0.0000022984500280965343 0.9999999999904611 0 0 0 0 1 0.44617996021187045 0.8949432624985444 0.000003714170497975195 3.4100000858306885 -0.8949432624985444 0.4461799602214094 -0.0000022984488912282316 0 -0.0000037141697944440607 -0.0000022984500280965343 0.9999999999904611 0 0 0 0 1 0.44617996021187045 0.8949432624985444 0.000003714170497975195 3.4100000858306885 -0.8949432624985444 0.4461799602214094 -0.0000022984488912282316 0 -0.0000037141697944440607 -0.0000022984500280965343 0.9999999999904611 0 0 0 0 1 0.44617996021187045 0.8949432624985444 0.000003714170497975195 3.4100000858306885 -0.8949432624985444 0.4461799602214094 -0.0000022984488912282316 0 -0.0000037141697944440607 -0.0000022984500280965343 0.9999999999904611 0 0 0 0 1 0.44617996021187045 0.8949432624985444 0.000003714170497975195 3.4100000858306885 -0.8949432624985444 0.4461799602214094 -0.0000022984488912282316 0 -0.0000037141697944440607 -0.0000022984500280965343 0.9999999999904611 0 0 0 0 1 0.44617996021187045 0.8949432624985444 0.000003714170497975195 3.4100000858306885 -0.8949432624985444 0.4461799602214094 -0.0000022984488912282316 0 -0.0000037141697944440607 -0.0000022984500280965343 0.9999999999904611 0 0 0 0 1 0.44617996021187045 0.8949432624985444 0.000003714170497975195 3.4100000858306885 -0.8949432624985444 0.4461799602214094 -0.0000022984488912282316 0 -0.0000037141697944440607 -0.0000022984500280965343 0.9999999999904611 0 0 0 0 1 0.44617996021187045 0.8949432624985444 0.000003714170497975195 3.4100000858306885 -0.8949432624985444 0.4461799602214094 -0.0000022984488912282316 0 -0.0000037141697944440607 -0.0000022984500280965343 0.9999999999904611 0 0 0 0 1 0.44617996021187045 0.8949432624985444 0.000003714170497975195 3.4100000858306885 -0.8949432624985444 0.4461799602214094 -0.0000022984488912282316 0 -0.0000037141697944440607 -0.0000022984500280965343 0.9999999999904611 0 0 0 0 1 0.44617996021187045 0.8949432624985444 0.000003714170497975195 3.4100000858306885 -0.8949432624985444 0.4461799602214094 -0.0000022984488912282316 0 -0.0000037141697944440607 -0.0000022984500280965343 0.9999999999904611 0 0 0 0 1 0.44617996021187045 0.8949432624985444 0.000003714170497975195 3.4100000858306885 -0.8949432624985444 0.4461799602214094 -0.0000022984488912282316 0 -0.0000037141697944440607 -0.0000022984500280965343 0.9999999999904611 0 0 0 0 1 0.44617996021187045 0.8949432624985444 0.000003714170497975195 3.4100000858306885 -0.8949432624985444 0.4461799602214094 -0.0000022984488912282316 0 -0.0000037141697944440607 -0.0000022984500280965343 0.9999999999904611 0 0 0 0 1 0.44617996021187045 0.8949432624985444 0.000003714170497975195 3.4100000858306885 -0.8949432624985444 0.4461799602214094 -0.0000022984488912282316 0 -0.0000037141697944440607 -0.0000022984500280965343 0.9999999999904611 0 0 0 0 1 0.44617996021187045 0.8949432624985444 0.000003714170497975195 3.4100000858306885 -0.8949432624985444 0.4461799602214094 -0.0000022984488912282316 0 -0.0000037141697944440607 -0.0000022984500280965343 0.9999999999904611 0 0 0 0 1 0.44617996021187045 0.8949432624985444 0.000003714170497975195 3.4100000858306885 -0.8949432624985444 0.4461799602214094 -0.0000022984488912282316 0 -0.0000037141697944440607 -0.0000022984500280965343 0.9999999999904611 0 0 0 0 1 0.44617996021187045 0.8949432624985444 0.000003714170497975195 3.4100000858306885 -0.8949432624985444 0.4461799602214094 -0.0000022984488912282316 0 -0.0000037141697944440607 -0.0000022984500280965343 0.9999999999904611 0 0 0 0 1 0.44617996021187045 0.8949432624985444 0.000003714170497975195 3.4100000858306885 -0.8949432624985444 0.4461799602214094 -0.0000022984488912282316 0 -0.0000037141697944440607 -0.0000022984500280965343 0.9999999999904611 0 0 0 0 1 0.44617996021187045 0.8949432624985444 0.000003714170497975195 3.4100000858306885 -0.8949432624985444 0.4461799602214094 -0.0000022984488912282316 0 -0.0000037141697944440607 -0.0000022984500280965343 0.9999999999904611 0 0 0 0 1 0.44617996021187045 0.8949432624985444 0.000003714170497975195 3.4100000858306885 -0.8949432624985444 0.4461799602214094 -0.0000022984488912282316 0 -0.0000037141697944440607 -0.0000022984500280965343 0.9999999999904611 0 0 0 0 1 0.44617996021187045 0.8949432624985444 0.000003714170497975195 3.4100000858306885 -0.8949432624985444 0.4461799602214094 -0.0000022984488912282316 0 -0.0000037141697944440607 -0.0000022984500280965343 0.9999999999904611 0 0 0 0 1 0.44617996021187045 0.8949432624985444 0.000003714170497975195 3.4100000858306885 -0.8949432624985444 0.4461799602214094 -0.0000022984488912282316 0 -0.0000037141697944440607 -0.0000022984500280965343 0.9999999999904611 0 0 0 0 1 0.44617996021187045 0.8949432624985444 0.000003714170497975195 3.4100000858306885 -0.8949432624985444 0.4461799602214094 -0.0000022984488912282316 0 -0.0000037141697944440607 -0.0000022984500280965343 0.9999999999904611 0 0 0 0 1 0.44617996021187045 0.8949432624985444 0.000003714170497975195 3.4100000858306885 -0.8949432624985444 0.4461799602214094 -0.0000022984488912282316 0 -0.0000037141697944440607 -0.0000022984500280965343 0.9999999999904611 0 0 0 0 1 0.44617996021187045 0.8949432624985444 0.000003714170497975195 3.4100000858306885 -0.8949432624985444 0.4461799602214094 -0.0000022984488912282316 0 -0.0000037141697944440607 -0.0000022984500280965343 0.9999999999904611 0 0 0 0 1 0.44617996021187045 0.8949432624985444 0.000003714170497975195 3.4100000858306885 -0.8949432624985444 0.4461799602214094 -0.0000022984488912282316 0 -0.0000037141697944440607 -0.0000022984500280965343 0.9999999999904611 0 0 0 0 1 0.44617996021187045 0.8949432624985444 0.000003714170497975195 3.4100000858306885 -0.8949432624985444 0.4461799602214094 -0.0000022984488912282316 0 -0.0000037141697944440607 -0.0000022984500280965343 0.9999999999904611 0 0 0 0 1 0.44617996021187045 0.8949432624985444 0.000003714170497975195 3.4100000858306885 -0.8949432624985444 0.4461799602214094 -0.0000022984488912282316 0 -0.0000037141697944440607 -0.0000022984500280965343 0.9999999999904611 0 0 0 0 1 0.44617996021187045 0.8949432624985444 0.000003714170497975195 3.4100000858306885 -0.8949432624985444 0.4461799602214094 -0.0000022984488912282316 0 -0.0000037141697944440607 -0.0000022984500280965343 0.9999999999904611 0 0 0 0 1 0.44617996021187045 0.8949432624985444 0.000003714170497975195 3.4100000858306885 -0.8949432624985444 0.4461799602214094 -0.0000022984488912282316 0 -0.0000037141697944440607 -0.0000022984500280965343 0.9999999999904611 0 0 0 0 1 0.44617996021187045 0.8949432624985444 0.000003714170497975195 3.4100000858306885 -0.8949432624985444 0.4461799602214094 -0.0000022984488912282316 0 -0.0000037141697944440607 -0.0000022984500280965343 0.9999999999904611 0 0 0 0 1 0.44617996021187045 0.8949432624985444 0.000003714170497975195 3.4100000858306885 -0.8949432624985444 0.4461799602214094 -0.0000022984488912282316 0 -0.0000037141697944440607 -0.0000022984500280965343 0.9999999999904611 0 0 0 0 1 0.44617996021187045 0.8949432624985444 0.000003714170497975195 3.4100000858306885 -0.8949432624985444 0.4461799602214094 -0.0000022984488912282316 0 -0.0000037141697944440607 -0.0000022984500280965343 0.9999999999904611 0 0 0 0 1 0.44617996021187045 0.8949432624985444 0.000003714170497975195 3.4100000858306885 -0.8949432624985444 0.4461799602214094 -0.0000022984488912282316 0 -0.0000037141697944440607 -0.0000022984500280965343 0.9999999999904611 0 0 0 0 1 0.44617996021187045 0.8949432624985444 0.000003714170497975195 3.4100000858306885 -0.8949432624985444 0.4461799602214094 -0.0000022984488912282316 0 -0.0000037141697944440607 -0.0000022984500280965343 0.9999999999904611 0 0 0 0 1 0.44617996021187045 0.8949432624985444 0.000003714170497975195 3.4100000858306885 -0.8949432624985444 0.4461799602214094 -0.0000022984488912282316 0 -0.0000037141697944440607 -0.0000022984500280965343 0.9999999999904611 0 0 0 0 1 0.44617996021187045 0.8949432624985444 0.000003714170497975195 3.4100000858306885 -0.8949432624985444 0.4461799602214094 -0.0000022984488912282316 0 -0.0000037141697944440607 -0.0000022984500280965343 0.9999999999904611 0 0 0 0 1 0.44617996021187045 0.8949432624985444 0.000003714170497975195 3.4100000858306885 -0.8949432624985444 0.4461799602214094 -0.0000022984488912282316 0 -0.0000037141697944440607 -0.0000022984500280965343 0.9999999999904611 0 0 0 0 1 0.44617996021187045 0.8949432624985444 0.000003714170497975195 3.4100000858306885 -0.8949432624985444 0.4461799602214094 -0.0000022984488912282316 0 -0.0000037141697944440607 -0.0000022984500280965343 0.9999999999904611 0 0 0 0 1 0.44617996021187045 0.8949432624985444 0.000003714170497975195 3.4100000858306885 -0.8949432624985444 0.4461799602214094 -0.0000022984488912282316 0 -0.0000037141697944440607 -0.0000022984500280965343 0.9999999999904611 0 0 0 0 1 0.44617996021187045 0.8949432624985444 0.000003714170497975195 3.4100000858306885 -0.8949432624985444 0.4461799602214094 -0.0000022984488912282316 0 -0.0000037141697944440607 -0.0000022984500280965343 0.9999999999904611 0 0 0 0 1 0.44617996021187045 0.8949432624985444 0.000003714170497975195 3.4100000858306885 -0.8949432624985444 0.4461799602214094 -0.0000022984488912282316 0 -0.0000037141697944440607 -0.0000022984500280965343 0.9999999999904611 0 0 0 0 1 0.44617996021187045 0.8949432624985444 0.000003714170497975195 3.4100000858306885 -0.8949432624985444 0.4461799602214094 -0.0000022984488912282316 0 -0.0000037141697944440607 -0.0000022984500280965343 0.9999999999904611 0 0 0 0 1 0.44617996021187045 0.8949432624985444 0.000003714170497975195 3.4100000858306885 -0.8949432624985444 0.4461799602214094 -0.0000022984488912282316 0 -0.0000037141697944440607 -0.0000022984500280965343 0.9999999999904611 0 0 0 0 1 0.44617996021187045 0.8949432624985444 0.000003714170497975195 3.4100000858306885 -0.8949432624985444 0.4461799602214094 -0.0000022984488912282316 0 -0.0000037141697944440607 -0.0000022984500280965343 0.9999999999904611 0 0 0 0 1 0.44617996021187045 0.8949432624985444 0.000003714170497975195 3.4100000858306885 -0.8949432624985444 0.4461799602214094 -0.0000022984488912282316 0 -0.0000037141697944440607 -0.0000022984500280965343 0.9999999999904611 0 0 0 0 1 0.44617996021187045 0.8949432624985444 0.000003714170497975195 3.4100000858306885 -0.8949432624985444 0.4461799602214094 -0.0000022984488912282316 0 -0.0000037141697944440607 -0.0000022984500280965343 0.9999999999904611 0 0 0 0 1 0.44617996021187045 0.8949432624985444 0.000003714170497975195 3.4100000858306885 -0.8949432624985444 0.4461799602214094 -0.0000022984488912282316 0 -0.0000037141697944440607 -0.0000022984500280965343 0.9999999999904611 0 0 0 0 1 0.44617996021187045 0.8949432624985444 0.000003714170497975195 3.4100000858306885 -0.8949432624985444 0.4461799602214094 -0.0000022984488912282316 0 -0.0000037141697944440607 -0.0000022984500280965343 0.9999999999904611 0 0 0 0 1</float_array>
				<technique_common>
					<accessor source="#anim_LFingerB2_transform_output_array" count="56" stride="16">
						<param name="TRANSFORM" type="float4x4"/>
					</accessor>
				</technique_common>
			</source>
			<source id="anim_LFingerB2_transform_interpolation">
				<Name_array id="anim_LFingerB2_transform_interpolation_array" count="56">LINEAR LINEAR LINEAR LINEAR LINEAR LINEAR LINEAR LINEAR LINEAR LINEAR LINEAR LINEAR LINEAR LINEAR LINEAR LINEAR LINEAR LINEAR LINEAR LINEAR LINEAR LINEAR LINEAR LINEAR LINEAR LINEAR LINEAR LINEAR LINEAR LINEAR LINEAR LINEAR LINEAR LINEAR LINEAR LINEAR LINEAR LINEAR LINEAR LINEAR LINEAR LINEAR LINEAR LINEAR LINEAR LINEAR LINEAR LINEAR LINEAR LINEAR LINEAR LINEAR LINEAR LINEAR LINEAR LINEAR</Name_array>
				<technique_common>
					<accessor source="#anim_LFingerB2_transform_interpolation_array" count="56" stride="1">
						<param name="INTERPOLATION" type="Name"/>
					</accessor>
				</technique_common>
			</source>
			<sampler id="anim_LFingerB2_transform_sampler">
				<input semantic="INPUT" source="#anim_LFingerB2_transform_input"/>
				<input semantic="OUTPUT" source="#anim_LFingerB2_transform_output"/>
				<input semantic="INTERPOLATION" source="#anim_LFingerB2_transform_interpolation"/>
			</sampler>
			<channel source="#anim_LFingerB2_transform_sampler" target="LFingerB2_bone_id/transform"/>
		</animation>
		<animation id="anim_LFingerB3_transform" name="anim_LFingerB3_transform">
			<source id="anim_LFingerB3_transform_input">
				<float_array id="anim_LFingerB3_transform_input_array" count="56">0 0.03333333333333333 0.06666666666666667 0.1 0.13333333333333333 0.16666666666666666 0.2 0.23333333333333334 0.26666666666666666 0.3 0.3333333333333333 0.36666666666666664 0.4 0.43333333333333335 0.4666666666666667 0.5 0.5333333333333333 0.5666666666666667 0.6 0.6333333333333333 0.6666666666666666 0.7 0.7333333333333333 0.7666666666666667 0.8 0.8333333333333334 0.8666666666666667 0.9 0.9333333333333333 0.9666666666666667 1 1.0333333333333334 1.0666666666666667 1.1 1.1333333333333333 1.1666666666666667 1.2 1.2333333333333334 1.2666666666666666 1.3 1.3333333333333333 1.3666666666666667 1.4 1.4333333333333333 1.4666666666666666 1.5 1.5333333333333334 1.5666666666666667 1.6 1.6333333333333333 1.6666666666666667 1.7 1.7333333333333334 1.7666666666666666 1.8 1.8333333333333333</float_array>
				<technique_common>
					<accessor source="#anim_LFingerB3_transform_input_array" count="56" stride="1">
						<param name="TIME" type="float"/>
					</accessor>
				</technique_common>
			</source>
			<source id="anim_LFingerB3_transform_output">
				<float_array id="anim_LFingerB3_transform_output_array" count="896">0.4718623386932216 0.8816722368939461 0.0000036590893327588798 2.5600008964538574 -0.8816722368939461 0.4718623387023182 -0.000002191861958699497 0 -0.0000036590902861656415 -0.000002191860367083648 0.9999999999909034 0 0 0 0 1 0.4718623386932216 0.8816722368939461 0.0000036590893327588798 2.5600008964538574 -0.8816722368939461 0.4718623387023182 -0.000002191861958699497 0 -0.0000036590902861656415 -0.000002191860367083648 0.9999999999909034 0 0 0 0 1 0.4718623386932216 0.8816722368939461 0.0000036590893327588798 2.5600008964538574 -0.8816722368939461 0.4718623387023182 -0.000002191861958699497 0 -0.0000036590902861656415 -0.000002191860367083648 0.9999999999909034 0 0 0 0 1 0.4718623386932216 0.8816722368939461 0.0000036590893327588798 2.5600008964538574 -0.8816722368939461 0.4718623387023182 -0.000002191861958699497 0 -0.0000036590902861656415 -0.000002191860367083648 0.9999999999909034 0 0 0 0 1 0.4718623386932216 0.8816722368939461 0.0000036590893327588798 2.5600008964538574 -0.8816722368939461 0.4718623387023182 -0.000002191861958699497 0 -0.0000036590902861656415 -0.000002191860367083648 0.9999999999909034 0 0 0 0 1 0.4718623386932216 0.8816722368939461 0.0000036590893327588798 2.5600008964538574 -0.8816722368939461 0.4718623387023182 -0.000002191861958699497 0 -0.0000036590902861656415 -0.000002191860367083648 0.9999999999909034 0 0 0 0 1 0.4718623386932216 0.8816722368939461 0.0000036590893327588798 2.5600008964538574 -0.8816722368939461 0.4718623387023182 -0.000002191861958699497 0 -0.0000036590902861656415 -0.000002191860367083648 0.9999999999909034 0 0 0 0 1 0.4718623386932216 0.8816722368939461 0.0000036590893327588798 2.5600008964538574 -0.8816722368939461 0.4718623387023182 -0.000002191861958699497 0 -0.0000036590902861656415 -0.000002191860367083648 0.9999999999909034 0 0 0 0 1 0.4718623386932216 0.8816722368939461 0.0000036590893327588798 2.5600008964538574 -0.8816722368939461 0.4718623387023182 -0.000002191861958699497 0 -0.0000036590902861656415 -0.000002191860367083648 0.9999999999909034 0 0 0 0 1 0.4718623386932216 0.8816722368939461 0.0000036590893327588798 2.5600008964538574 -0.8816722368939461 0.4718623387023182 -0.000002191861958699497 0 -0.0000036590902861656415 -0.000002191860367083648 0.9999999999909034 0 0 0 0 1 0.4718623386932216 0.8816722368939461 0.0000036590893327588798 2.5600008964538574 -0.8816722368939461 0.4718623387023182 -0.000002191861958699497 0 -0.0000036590902861656415 -0.000002191860367083648 0.9999999999909034 0 0 0 0 1 0.4718623386932216 0.8816722368939461 0.0000036590893327588798 2.5600008964538574 -0.8816722368939461 0.4718623387023182 -0.000002191861958699497 0 -0.0000036590902861656415 -0.000002191860367083648 0.9999999999909034 0 0 0 0 1 0.4718623386932216 0.8816722368939461 0.0000036590893327588798 2.5600008964538574 -0.8816722368939461 0.4718623387023182 -0.000002191861958699497 0 -0.0000036590902861656415 -0.000002191860367083648 0.9999999999909034 0 0 0 0 1 0.4718623386932216 0.8816722368939461 0.0000036590893327588798 2.5600008964538574 -0.8816722368939461 0.4718623387023182 -0.000002191861958699497 0 -0.0000036590902861656415 -0.000002191860367083648 0.9999999999909034 0 0 0 0 1 0.4718623386932216 0.8816722368939461 0.0000036590893327588798 2.5600008964538574 -0.8816722368939461 0.4718623387023182 -0.000002191861958699497 0 -0.0000036590902861656415 -0.000002191860367083648 0.9999999999909034 0 0 0 0 1 0.4718623386932216 0.8816722368939461 0.0000036590893327588798 2.5600008964538574 -0.8816722368939461 0.4718623387023182 -0.000002191861958699497 0 -0.0000036590902861656415 -0.000002191860367083648 0.9999999999909034 0 0 0 0 1 0.4718623386932216 0.8816722368939461 0.0000036590893327588798 2.5600008964538574 -0.8816722368939461 0.4718623387023182 -0.000002191861958699497 0 -0.0000036590902861656415 -0.000002191860367083648 0.9999999999909034 0 0 0 0 1 0.4718623386932216 0.8816722368939461 0.0000036590893327588798 2.5600008964538574 -0.8816722368939461 0.4718623387023182 -0.000002191861958699497 0 -0.0000036590902861656415 -0.000002191860367083648 0.9999999999909034 0 0 0 0 1 0.4718623386932216 0.8816722368939461 0.0000036590893327588798 2.5600008964538574 -0.8816722368939461 0.4718623387023182 -0.000002191861958699497 0 -0.0000036590902861656415 -0.000002191860367083648 0.9999999999909034 0 0 0 0 1 0.4718623386932216 0.8816722368939461 0.0000036590893327588798 2.5600008964538574 -0.8816722368939461 0.4718623387023182 -0.000002191861958699497 0 -0.0000036590902861656415 -0.000002191860367083648 0.9999999999909034 0 0 0 0 1 0.4718623386932216 0.8816722368939461 0.0000036590893327588798 2.5600008964538574 -0.8816722368939461 0.4718623387023182 -0.000002191861958699497 0 -0.0000036590902861656415 -0.000002191860367083648 0.9999999999909034 0 0 0 0 1 0.4718623386932216 0.8816722368939461 0.0000036590893327588798 2.5600008964538574 -0.8816722368939461 0.4718623387023182 -0.000002191861958699497 0 -0.0000036590902861656415 -0.000002191860367083648 0.9999999999909034 0 0 0 0 1 0.4718623386932216 0.8816722368939461 0.0000036590893327588798 2.5600008964538574 -0.8816722368939461 0.4718623387023182 -0.000002191861958699497 0 -0.0000036590902861656415 -0.000002191860367083648 0.9999999999909034 0 0 0 0 1 0.4718623386932216 0.8816722368939461 0.0000036590893327588798 2.5600008964538574 -0.8816722368939461 0.4718623387023182 -0.000002191861958699497 0 -0.0000036590902861656415 -0.000002191860367083648 0.9999999999909034 0 0 0 0 1 0.4718623386932216 0.8816722368939461 0.0000036590893327588798 2.5600008964538574 -0.8816722368939461 0.4718623387023182 -0.000002191861958699497 0 -0.0000036590902861656415 -0.000002191860367083648 0.9999999999909034 0 0 0 0 1 0.4718623386932216 0.8816722368939461 0.0000036590893327588798 2.5600008964538574 -0.8816722368939461 0.4718623387023182 -0.000002191861958699497 0 -0.0000036590902861656415 -0.000002191860367083648 0.9999999999909034 0 0 0 0 1 0.4718623386932216 0.8816722368939461 0.0000036590893327588798 2.5600008964538574 -0.8816722368939461 0.4718623387023182 -0.000002191861958699497 0 -0.0000036590902861656415 -0.000002191860367083648 0.9999999999909034 0 0 0 0 1 0.4718623386932216 0.8816722368939461 0.0000036590893327588798 2.5600008964538574 -0.8816722368939461 0.4718623387023182 -0.000002191861958699497 0 -0.0000036590902861656415 -0.000002191860367083648 0.9999999999909034 0 0 0 0 1 0.4718623386932216 0.8816722368939461 0.0000036590893327588798 2.5600008964538574 -0.8816722368939461 0.4718623387023182 -0.000002191861958699497 0 -0.0000036590902861656415 -0.000002191860367083648 0.9999999999909034 0 0 0 0 1 0.4718623386932216 0.8816722368939461 0.0000036590893327588798 2.5600008964538574 -0.8816722368939461 0.4718623387023182 -0.000002191861958699497 0 -0.0000036590902861656415 -0.000002191860367083648 0.9999999999909034 0 0 0 0 1 0.4718623386932216 0.8816722368939461 0.0000036590893327588798 2.5600008964538574 -0.8816722368939461 0.4718623387023182 -0.000002191861958699497 0 -0.0000036590902861656415 -0.000002191860367083648 0.9999999999909034 0 0 0 0 1 0.4718623386932216 0.8816722368939461 0.0000036590893327588798 2.5600008964538574 -0.8816722368939461 0.4718623387023182 -0.000002191861958699497 0 -0.0000036590902861656415 -0.000002191860367083648 0.9999999999909034 0 0 0 0 1 0.4718623386932216 0.8816722368939461 0.0000036590893327588798 2.5600008964538574 -0.8816722368939461 0.4718623387023182 -0.000002191861958699497 0 -0.0000036590902861656415 -0.000002191860367083648 0.9999999999909034 0 0 0 0 1 0.4718623386932216 0.8816722368939461 0.0000036590893327588798 2.5600008964538574 -0.8816722368939461 0.4718623387023182 -0.000002191861958699497 0 -0.0000036590902861656415 -0.000002191860367083648 0.9999999999909034 0 0 0 0 1 0.4718623386932216 0.8816722368939461 0.0000036590893327588798 2.5600008964538574 -0.8816722368939461 0.4718623387023182 -0.000002191861958699497 0 -0.0000036590902861656415 -0.000002191860367083648 0.9999999999909034 0 0 0 0 1 0.4718623386932216 0.8816722368939461 0.0000036590893327588798 2.5600008964538574 -0.8816722368939461 0.4718623387023182 -0.000002191861958699497 0 -0.0000036590902861656415 -0.000002191860367083648 0.9999999999909034 0 0 0 0 1 0.4718623386932216 0.8816722368939461 0.0000036590893327588798 2.5600008964538574 -0.8816722368939461 0.4718623387023182 -0.000002191861958699497 0 -0.0000036590902861656415 -0.000002191860367083648 0.9999999999909034 0 0 0 0 1 0.4718623386932216 0.8816722368939461 0.0000036590893327588798 2.5600008964538574 -0.8816722368939461 0.4718623387023182 -0.000002191861958699497 0 -0.0000036590902861656415 -0.000002191860367083648 0.9999999999909034 0 0 0 0 1 0.4718623386932216 0.8816722368939461 0.0000036590893327588798 2.5600008964538574 -0.8816722368939461 0.4718623387023182 -0.000002191861958699497 0 -0.0000036590902861656415 -0.000002191860367083648 0.9999999999909034 0 0 0 0 1 0.4718623386932216 0.8816722368939461 0.0000036590893327588798 2.5600008964538574 -0.8816722368939461 0.4718623387023182 -0.000002191861958699497 0 -0.0000036590902861656415 -0.000002191860367083648 0.9999999999909034 0 0 0 0 1 0.4718623386932216 0.8816722368939461 0.0000036590893327588798 2.5600008964538574 -0.8816722368939461 0.4718623387023182 -0.000002191861958699497 0 -0.0000036590902861656415 -0.000002191860367083648 0.9999999999909034 0 0 0 0 1 0.4718623386932216 0.8816722368939461 0.0000036590893327588798 2.5600008964538574 -0.8816722368939461 0.4718623387023182 -0.000002191861958699497 0 -0.0000036590902861656415 -0.000002191860367083648 0.9999999999909034 0 0 0 0 1 0.4718623386932216 0.8816722368939461 0.0000036590893327588798 2.5600008964538574 -0.8816722368939461 0.4718623387023182 -0.000002191861958699497 0 -0.0000036590902861656415 -0.000002191860367083648 0.9999999999909034 0 0 0 0 1 0.4718623386932216 0.8816722368939461 0.0000036590893327588798 2.5600008964538574 -0.8816722368939461 0.4718623387023182 -0.000002191861958699497 0 -0.0000036590902861656415 -0.000002191860367083648 0.9999999999909034 0 0 0 0 1 0.4718623386932216 0.8816722368939461 0.0000036590893327588798 2.5600008964538574 -0.8816722368939461 0.4718623387023182 -0.000002191861958699497 0 -0.0000036590902861656415 -0.000002191860367083648 0.9999999999909034 0 0 0 0 1 0.4718623386932216 0.8816722368939461 0.0000036590893327588798 2.5600008964538574 -0.8816722368939461 0.4718623387023182 -0.000002191861958699497 0 -0.0000036590902861656415 -0.000002191860367083648 0.9999999999909034 0 0 0 0 1 0.4718623386932216 0.8816722368939461 0.0000036590893327588798 2.5600008964538574 -0.8816722368939461 0.4718623387023182 -0.000002191861958699497 0 -0.0000036590902861656415 -0.000002191860367083648 0.9999999999909034 0 0 0 0 1 0.4718623386932216 0.8816722368939461 0.0000036590893327588798 2.5600008964538574 -0.8816722368939461 0.4718623387023182 -0.000002191861958699497 0 -0.0000036590902861656415 -0.000002191860367083648 0.9999999999909034 0 0 0 0 1 0.4718623386932216 0.8816722368939461 0.0000036590893327588798 2.5600008964538574 -0.8816722368939461 0.4718623387023182 -0.000002191861958699497 0 -0.0000036590902861656415 -0.000002191860367083648 0.9999999999909034 0 0 0 0 1 0.4718623386932216 0.8816722368939461 0.0000036590893327588798 2.5600008964538574 -0.8816722368939461 0.4718623387023182 -0.000002191861958699497 0 -0.0000036590902861656415 -0.000002191860367083648 0.9999999999909034 0 0 0 0 1 0.4718623386932216 0.8816722368939461 0.0000036590893327588798 2.5600008964538574 -0.8816722368939461 0.4718623387023182 -0.000002191861958699497 0 -0.0000036590902861656415 -0.000002191860367083648 0.9999999999909034 0 0 0 0 1 0.4718623386932216 0.8816722368939461 0.0000036590893327588798 2.5600008964538574 -0.8816722368939461 0.4718623387023182 -0.000002191861958699497 0 -0.0000036590902861656415 -0.000002191860367083648 0.9999999999909034 0 0 0 0 1 0.4718623386932216 0.8816722368939461 0.0000036590893327588798 2.5600008964538574 -0.8816722368939461 0.4718623387023182 -0.000002191861958699497 0 -0.0000036590902861656415 -0.000002191860367083648 0.9999999999909034 0 0 0 0 1 0.4718623386932216 0.8816722368939461 0.0000036590893327588798 2.5600008964538574 -0.8816722368939461 0.4718623387023182 -0.000002191861958699497 0 -0.0000036590902861656415 -0.000002191860367083648 0.9999999999909034 0 0 0 0 1 0.4718623386932216 0.8816722368939461 0.0000036590893327588798 2.5600008964538574 -0.8816722368939461 0.4718623387023182 -0.000002191861958699497 0 -0.0000036590902861656415 -0.000002191860367083648 0.9999999999909034 0 0 0 0 1 0.4718623386932216 0.8816722368939461 0.0000036590893327588798 2.5600008964538574 -0.8816722368939461 0.4718623387023182 -0.000002191861958699497 0 -0.0000036590902861656415 -0.000002191860367083648 0.9999999999909034 0 0 0 0 1</float_array>
				<technique_common>
					<accessor source="#anim_LFingerB3_transform_output_array" count="56" stride="16">
						<param name="TRANSFORM" type="float4x4"/>
					</accessor>
				</technique_common>
			</source>
			<source id="anim_LFingerB3_transform_interpolation">
				<Name_array id="anim_LFingerB3_transform_interpolation_array" count="56">LINEAR LINEAR LINEAR LINEAR LINEAR LINEAR LINEAR LINEAR LINEAR LINEAR LINEAR LINEAR LINEAR LINEAR LINEAR LINEAR LINEAR LINEAR LINEAR LINEAR LINEAR LINEAR LINEAR LINEAR LINEAR LINEAR LINEAR LINEAR LINEAR LINEAR LINEAR LINEAR LINEAR LINEAR LINEAR LINEAR LINEAR LINEAR LINEAR LINEAR LINEAR LINEAR LINEAR LINEAR LINEAR LINEAR LINEAR LINEAR LINEAR LINEAR LINEAR LINEAR LINEAR LINEAR LINEAR LINEAR</Name_array>
				<technique_common>
					<accessor source="#anim_LFingerB3_transform_interpolation_array" count="56" stride="1">
						<param name="INTERPOLATION" type="Name"/>
					</accessor>
				</technique_common>
			</source>
			<sampler id="anim_LFingerB3_transform_sampler">
				<input semantic="INPUT" source="#anim_LFingerB3_transform_input"/>
				<input semantic="OUTPUT" source="#anim_LFingerB3_transform_output"/>
				<input semantic="INTERPOLATION" source="#anim_LFingerB3_transform_interpolation"/>
			</sampler>
			<channel source="#anim_LFingerB3_transform_sampler" target="LFingerB3_bone_id/transform"/>
		</animation>
		<animation id="anim_LFingerC1_transform" name="anim_LFingerC1_transform">
			<source id="anim_LFingerC1_transform_input">
				<float_array id="anim_LFingerC1_transform_input_array" count="56">0 0.03333333333333333 0.06666666666666667 0.1 0.13333333333333333 0.16666666666666666 0.2 0.23333333333333334 0.26666666666666666 0.3 0.3333333333333333 0.36666666666666664 0.4 0.43333333333333335 0.4666666666666667 0.5 0.5333333333333333 0.5666666666666667 0.6 0.6333333333333333 0.6666666666666666 0.7 0.7333333333333333 0.7666666666666667 0.8 0.8333333333333334 0.8666666666666667 0.9 0.9333333333333333 0.9666666666666667 1 1.0333333333333334 1.0666666666666667 1.1 1.1333333333333333 1.1666666666666667 1.2 1.2333333333333334 1.2666666666666666 1.3 1.3333333333333333 1.3666666666666667 1.4 1.4333333333333333 1.4666666666666666 1.5 1.5333333333333334 1.5666666666666667 1.6 1.6333333333333333 1.6666666666666667 1.7 1.7333333333333334 1.7666666666666666 1.8 1.8333333333333333</float_array>
				<technique_common>
					<accessor source="#anim_LFingerC1_transform_input_array" count="56" stride="1">
						<param name="TIME" type="float"/>
					</accessor>
				</technique_common>
			</source>
			<source id="anim_LFingerC1_transform_output">
				<float_array id="anim_LFingerC1_transform_output_array" count="896">0.5827836710399341 0.8126273394105676 0.000003423411896688966 7.293999195098877 -0.8126273394106276 0.5827836710473078 -0.0000017401105896556974 -0.020004000514745712 -0.000003409169991411486 -0.0000017678500638580332 0.9999999999926261 -2.015000104904175 0 0 0 1 0.5827836710399341 0.8126273394105676 0.000003423411896688966 7.293999195098877 -0.8126273394106276 0.5827836710473078 -0.0000017401105896556974 -0.020004000514745712 -0.000003409169991411486 -0.0000017678500638580332 0.9999999999926261 -2.015000104904175 0 0 0 1 0.5827836710399341 0.8126273394105676 0.000003423411896688966 7.293999195098877 -0.8126273394106276 0.5827836710473078 -0.0000017401105896556974 -0.020004000514745712 -0.000003409169991411486 -0.0000017678500638580332 0.9999999999926261 -2.015000104904175 0 0 0 1 0.5827836710399341 0.8126273394105676 0.000003423411896688966 7.293999195098877 -0.8126273394106276 0.5827836710473078 -0.0000017401105896556974 -0.020004000514745712 -0.000003409169991411486 -0.0000017678500638580332 0.9999999999926261 -2.015000104904175 0 0 0 1 0.5827836710399341 0.8126273394105676 0.000003423411896688966 7.293999195098877 -0.8126273394106276 0.5827836710473078 -0.0000017401105896556974 -0.020004000514745712 -0.000003409169991411486 -0.0000017678500638580332 0.9999999999926261 -2.015000104904175 0 0 0 1 0.5827836710399341 0.8126273394105676 0.000003423411896688966 7.293999195098877 -0.8126273394106276 0.5827836710473078 -0.0000017401105896556974 -0.020004000514745712 -0.000003409169991411486 -0.0000017678500638580332 0.9999999999926261 -2.015000104904175 0 0 0 1 0.5827836710399341 0.8126273394105676 0.000003423411896688966 7.293999195098877 -0.8126273394106276 0.5827836710473078 -0.0000017401105896556974 -0.020004000514745712 -0.000003409169991411486 -0.0000017678500638580332 0.9999999999926261 -2.015000104904175 0 0 0 1 0.5827836710399341 0.8126273394105676 0.000003423411896688966 7.293999195098877 -0.8126273394106276 0.5827836710473078 -0.0000017401105896556974 -0.020004000514745712 -0.000003409169991411486 -0.0000017678500638580332 0.9999999999926261 -2.015000104904175 0 0 0 1 0.5827836710399341 0.8126273394105676 0.000003423411896688966 7.293999195098877 -0.8126273394106276 0.5827836710473078 -0.0000017401105896556974 -0.020004000514745712 -0.000003409169991411486 -0.0000017678500638580332 0.9999999999926261 -2.015000104904175 0 0 0 1 0.5827836710399341 0.8126273394105676 0.000003423411896688966 7.293999195098877 -0.8126273394106276 0.5827836710473078 -0.0000017401105896556974 -0.020004000514745712 -0.000003409169991411486 -0.0000017678500638580332 0.9999999999926261 -2.015000104904175 0 0 0 1 0.5827836710399341 0.8126273394105676 0.000003423411896688966 7.293999195098877 -0.8126273394106276 0.5827836710473078 -0.0000017401105896556974 -0.020004000514745712 -0.000003409169991411486 -0.0000017678500638580332 0.9999999999926261 -2.015000104904175 0 0 0 1 0.5827836710399341 0.8126273394105676 0.000003423411896688966 7.293999195098877 -0.8126273394106276 0.5827836710473078 -0.0000017401105896556974 -0.020004000514745712 -0.000003409169991411486 -0.0000017678500638580332 0.9999999999926261 -2.015000104904175 0 0 0 1 0.5827836710399341 0.8126273394105676 0.000003423411896688966 7.293999195098877 -0.8126273394106276 0.5827836710473078 -0.0000017401105896556974 -0.020004000514745712 -0.000003409169991411486 -0.0000017678500638580332 0.9999999999926261 -2.015000104904175 0 0 0 1 0.5827836710399341 0.8126273394105676 0.000003423411896688966 7.293999195098877 -0.8126273394106276 0.5827836710473078 -0.0000017401105896556974 -0.020004000514745712 -0.000003409169991411486 -0.0000017678500638580332 0.9999999999926261 -2.015000104904175 0 0 0 1 0.5827836710399341 0.8126273394105676 0.000003423411896688966 7.293999195098877 -0.8126273394106276 0.5827836710473078 -0.0000017401105896556974 -0.020004000514745712 -0.000003409169991411486 -0.0000017678500638580332 0.9999999999926261 -2.015000104904175 0 0 0 1 0.5827836710399341 0.8126273394105676 0.000003423411896688966 7.293999195098877 -0.8126273394106276 0.5827836710473078 -0.0000017401105896556974 -0.020004000514745712 -0.000003409169991411486 -0.0000017678500638580332 0.9999999999926261 -2.015000104904175 0 0 0 1 0.5827836710399341 0.8126273394105676 0.000003423411896688966 7.293999195098877 -0.8126273394106276 0.5827836710473078 -0.0000017401105896556974 -0.020004000514745712 -0.000003409169991411486 -0.0000017678500638580332 0.9999999999926261 -2.015000104904175 0 0 0 1 0.5827836710399341 0.8126273394105676 0.000003423411896688966 7.293999195098877 -0.8126273394106276 0.5827836710473078 -0.0000017401105896556974 -0.020004000514745712 -0.000003409169991411486 -0.0000017678500638580332 0.9999999999926261 -2.015000104904175 0 0 0 1 0.5827836710399341 0.8126273394105676 0.000003423411896688966 7.293999195098877 -0.8126273394106276 0.5827836710473078 -0.0000017401105896556974 -0.020004000514745712 -0.000003409169991411486 -0.0000017678500638580332 0.9999999999926261 -2.015000104904175 0 0 0 1 0.5827836710399341 0.8126273394105676 0.000003423411896688966 7.293999195098877 -0.8126273394106276 0.5827836710473078 -0.0000017401105896556974 -0.020004000514745712 -0.000003409169991411486 -0.0000017678500638580332 0.9999999999926261 -2.015000104904175 0 0 0 1 0.5827836710399341 0.8126273394105676 0.000003423411896688966 7.293999195098877 -0.8126273394106276 0.5827836710473078 -0.0000017401105896556974 -0.020004000514745712 -0.000003409169991411486 -0.0000017678500638580332 0.9999999999926261 -2.015000104904175 0 0 0 1 0.5827836710399341 0.8126273394105676 0.000003423411896688966 7.293999195098877 -0.8126273394106276 0.5827836710473078 -0.0000017401105896556974 -0.020004000514745712 -0.000003409169991411486 -0.0000017678500638580332 0.9999999999926261 -2.015000104904175 0 0 0 1 0.5827836710399341 0.8126273394105676 0.000003423411896688966 7.293999195098877 -0.8126273394106276 0.5827836710473078 -0.0000017401105896556974 -0.020004000514745712 -0.000003409169991411486 -0.0000017678500638580332 0.9999999999926261 -2.015000104904175 0 0 0 1 0.5827836710399341 0.8126273394105676 0.000003423411896688966 7.293999195098877 -0.8126273394106276 0.5827836710473078 -0.0000017401105896556974 -0.020004000514745712 -0.000003409169991411486 -0.0000017678500638580332 0.9999999999926261 -2.015000104904175 0 0 0 1 0.5827836710399341 0.8126273394105676 0.000003423411896688966 7.293999195098877 -0.8126273394106276 0.5827836710473078 -0.0000017401105896556974 -0.020004000514745712 -0.000003409169991411486 -0.0000017678500638580332 0.9999999999926261 -2.015000104904175 0 0 0 1 0.5827836710399341 0.8126273394105676 0.000003423411896688966 7.293999195098877 -0.8126273394106276 0.5827836710473078 -0.0000017401105896556974 -0.020004000514745712 -0.000003409169991411486 -0.0000017678500638580332 0.9999999999926261 -2.015000104904175 0 0 0 1 0.5827836710399341 0.8126273394105676 0.000003423411896688966 7.293999195098877 -0.8126273394106276 0.5827836710473078 -0.0000017401105896556974 -0.020004000514745712 -0.000003409169991411486 -0.0000017678500638580332 0.9999999999926261 -2.015000104904175 0 0 0 1 0.5827836710399341 0.8126273394105676 0.000003423411896688966 7.293999195098877 -0.8126273394106276 0.5827836710473078 -0.0000017401105896556974 -0.020004000514745712 -0.000003409169991411486 -0.0000017678500638580332 0.9999999999926261 -2.015000104904175 0 0 0 1 0.5827836710399341 0.8126273394105676 0.000003423411896688966 7.293999195098877 -0.8126273394106276 0.5827836710473078 -0.0000017401105896556974 -0.020004000514745712 -0.000003409169991411486 -0.0000017678500638580332 0.9999999999926261 -2.015000104904175 0 0 0 1 0.5827836710399341 0.8126273394105676 0.000003423411896688966 7.293999195098877 -0.8126273394106276 0.5827836710473078 -0.0000017401105896556974 -0.020004000514745712 -0.000003409169991411486 -0.0000017678500638580332 0.9999999999926261 -2.015000104904175 0 0 0 1 0.5827836710399341 0.8126273394105676 0.000003423411896688966 7.293999195098877 -0.8126273394106276 0.5827836710473078 -0.0000017401105896556974 -0.020004000514745712 -0.000003409169991411486 -0.0000017678500638580332 0.9999999999926261 -2.015000104904175 0 0 0 1 0.5827836710399341 0.8126273394105676 0.000003423411896688966 7.293999195098877 -0.8126273394106276 0.5827836710473078 -0.0000017401105896556974 -0.020004000514745712 -0.000003409169991411486 -0.0000017678500638580332 0.9999999999926261 -2.015000104904175 0 0 0 1 0.5827836710399341 0.8126273394105676 0.000003423411896688966 7.293999195098877 -0.8126273394106276 0.5827836710473078 -0.0000017401105896556974 -0.020004000514745712 -0.000003409169991411486 -0.0000017678500638580332 0.9999999999926261 -2.015000104904175 0 0 0 1 0.5827836710399341 0.8126273394105676 0.000003423411896688966 7.293999195098877 -0.8126273394106276 0.5827836710473078 -0.0000017401105896556974 -0.020004000514745712 -0.000003409169991411486 -0.0000017678500638580332 0.9999999999926261 -2.015000104904175 0 0 0 1 0.5827836710399341 0.8126273394105676 0.000003423411896688966 7.293999195098877 -0.8126273394106276 0.5827836710473078 -0.0000017401105896556974 -0.020004000514745712 -0.000003409169991411486 -0.0000017678500638580332 0.9999999999926261 -2.015000104904175 0 0 0 1 0.5827836710399341 0.8126273394105676 0.000003423411896688966 7.293999195098877 -0.8126273394106276 0.5827836710473078 -0.0000017401105896556974 -0.020004000514745712 -0.000003409169991411486 -0.0000017678500638580332 0.9999999999926261 -2.015000104904175 0 0 0 1 0.5827836710399341 0.8126273394105676 0.000003423411896688966 7.293999195098877 -0.8126273394106276 0.5827836710473078 -0.0000017401105896556974 -0.020004000514745712 -0.000003409169991411486 -0.0000017678500638580332 0.9999999999926261 -2.015000104904175 0 0 0 1 0.5827836710399341 0.8126273394105676 0.000003423411896688966 7.293999195098877 -0.8126273394106276 0.5827836710473078 -0.0000017401105896556974 -0.020004000514745712 -0.000003409169991411486 -0.0000017678500638580332 0.9999999999926261 -2.015000104904175 0 0 0 1 0.5827836710399341 0.8126273394105676 0.000003423411896688966 7.293999195098877 -0.8126273394106276 0.5827836710473078 -0.0000017401105896556974 -0.020004000514745712 -0.000003409169991411486 -0.0000017678500638580332 0.9999999999926261 -2.015000104904175 0 0 0 1 0.5827836710399341 0.8126273394105676 0.000003423411896688966 7.293999195098877 -0.8126273394106276 0.5827836710473078 -0.0000017401105896556974 -0.020004000514745712 -0.000003409169991411486 -0.0000017678500638580332 0.9999999999926261 -2.015000104904175 0 0 0 1 0.5827836710399341 0.8126273394105676 0.000003423411896688966 7.293999195098877 -0.8126273394106276 0.5827836710473078 -0.0000017401105896556974 -0.020004000514745712 -0.000003409169991411486 -0.0000017678500638580332 0.9999999999926261 -2.015000104904175 0 0 0 1 0.5827836710399341 0.8126273394105676 0.000003423411896688966 7.293999195098877 -0.8126273394106276 0.5827836710473078 -0.0000017401105896556974 -0.020004000514745712 -0.000003409169991411486 -0.0000017678500638580332 0.9999999999926261 -2.015000104904175 0 0 0 1 0.5827836710399341 0.8126273394105676 0.000003423411896688966 7.293999195098877 -0.8126273394106276 0.5827836710473078 -0.0000017401105896556974 -0.020004000514745712 -0.000003409169991411486 -0.0000017678500638580332 0.9999999999926261 -2.015000104904175 0 0 0 1 0.5827836710399341 0.8126273394105676 0.000003423411896688966 7.293999195098877 -0.8126273394106276 0.5827836710473078 -0.0000017401105896556974 -0.020004000514745712 -0.000003409169991411486 -0.0000017678500638580332 0.9999999999926261 -2.015000104904175 0 0 0 1 0.5827836710399341 0.8126273394105676 0.000003423411896688966 7.293999195098877 -0.8126273394106276 0.5827836710473078 -0.0000017401105896556974 -0.020004000514745712 -0.000003409169991411486 -0.0000017678500638580332 0.9999999999926261 -2.015000104904175 0 0 0 1 0.5827836710399341 0.8126273394105676 0.000003423411896688966 7.293999195098877 -0.8126273394106276 0.5827836710473078 -0.0000017401105896556974 -0.020004000514745712 -0.000003409169991411486 -0.0000017678500638580332 0.9999999999926261 -2.015000104904175 0 0 0 1 0.5827836710399341 0.8126273394105676 0.000003423411896688966 7.293999195098877 -0.8126273394106276 0.5827836710473078 -0.0000017401105896556974 -0.020004000514745712 -0.000003409169991411486 -0.0000017678500638580332 0.9999999999926261 -2.015000104904175 0 0 0 1 0.5827836710399341 0.8126273394105676 0.000003423411896688966 7.293999195098877 -0.8126273394106276 0.5827836710473078 -0.0000017401105896556974 -0.020004000514745712 -0.000003409169991411486 -0.0000017678500638580332 0.9999999999926261 -2.015000104904175 0 0 0 1 0.5827836710399341 0.8126273394105676 0.000003423411896688966 7.293999195098877 -0.8126273394106276 0.5827836710473078 -0.0000017401105896556974 -0.020004000514745712 -0.000003409169991411486 -0.0000017678500638580332 0.9999999999926261 -2.015000104904175 0 0 0 1 0.5827836710399341 0.8126273394105676 0.000003423411896688966 7.293999195098877 -0.8126273394106276 0.5827836710473078 -0.0000017401105896556974 -0.020004000514745712 -0.000003409169991411486 -0.0000017678500638580332 0.9999999999926261 -2.015000104904175 0 0 0 1 0.5827836710399341 0.8126273394105676 0.000003423411896688966 7.293999195098877 -0.8126273394106276 0.5827836710473078 -0.0000017401105896556974 -0.020004000514745712 -0.000003409169991411486 -0.0000017678500638580332 0.9999999999926261 -2.015000104904175 0 0 0 1 0.5827836710399341 0.8126273394105676 0.000003423411896688966 7.293999195098877 -0.8126273394106276 0.5827836710473078 -0.0000017401105896556974 -0.020004000514745712 -0.000003409169991411486 -0.0000017678500638580332 0.9999999999926261 -2.015000104904175 0 0 0 1 0.5827836710399341 0.8126273394105676 0.000003423411896688966 7.293999195098877 -0.8126273394106276 0.5827836710473078 -0.0000017401105896556974 -0.020004000514745712 -0.000003409169991411486 -0.0000017678500638580332 0.9999999999926261 -2.015000104904175 0 0 0 1 0.5827836710399341 0.8126273394105676 0.000003423411896688966 7.293999195098877 -0.8126273394106276 0.5827836710473078 -0.0000017401105896556974 -0.020004000514745712 -0.000003409169991411486 -0.0000017678500638580332 0.9999999999926261 -2.015000104904175 0 0 0 1 0.5827836710399341 0.8126273394105676 0.000003423411896688966 7.293999195098877 -0.8126273394106276 0.5827836710473078 -0.0000017401105896556974 -0.020004000514745712 -0.000003409169991411486 -0.0000017678500638580332 0.9999999999926261 -2.015000104904175 0 0 0 1 0.5827836710399341 0.8126273394105676 0.000003423411896688966 7.293999195098877 -0.8126273394106276 0.5827836710473078 -0.0000017401105896556974 -0.020004000514745712 -0.000003409169991411486 -0.0000017678500638580332 0.9999999999926261 -2.015000104904175 0 0 0 1</float_array>
				<technique_common>
					<accessor source="#anim_LFingerC1_transform_output_array" count="56" stride="16">
						<param name="TRANSFORM" type="float4x4"/>
					</accessor>
				</technique_common>
			</source>
			<source id="anim_LFingerC1_transform_interpolation">
				<Name_array id="anim_LFingerC1_transform_interpolation_array" count="56">LINEAR LINEAR LINEAR LINEAR LINEAR LINEAR LINEAR LINEAR LINEAR LINEAR LINEAR LINEAR LINEAR LINEAR LINEAR LINEAR LINEAR LINEAR LINEAR LINEAR LINEAR LINEAR LINEAR LINEAR LINEAR LINEAR LINEAR LINEAR LINEAR LINEAR LINEAR LINEAR LINEAR LINEAR LINEAR LINEAR LINEAR LINEAR LINEAR LINEAR LINEAR LINEAR LINEAR LINEAR LINEAR LINEAR LINEAR LINEAR LINEAR LINEAR LINEAR LINEAR LINEAR LINEAR LINEAR LINEAR</Name_array>
				<technique_common>
					<accessor source="#anim_LFingerC1_transform_interpolation_array" count="56" stride="1">
						<param name="INTERPOLATION" type="Name"/>
					</accessor>
				</technique_common>
			</source>
			<sampler id="anim_LFingerC1_transform_sampler">
				<input semantic="INPUT" source="#anim_LFingerC1_transform_input"/>
				<input semantic="OUTPUT" source="#anim_LFingerC1_transform_output"/>
				<input semantic="INTERPOLATION" source="#anim_LFingerC1_transform_interpolation"/>
			</sampler>
			<channel source="#anim_LFingerC1_transform_sampler" target="LFingerC1_bone_id/transform"/>
		</animation>
		<animation id="anim_LFingerC2_transform" name="anim_LFingerC2_transform">
			<source id="anim_LFingerC2_transform_input">
				<float_array id="anim_LFingerC2_transform_input_array" count="56">0 0.03333333333333333 0.06666666666666667 0.1 0.13333333333333333 0.16666666666666666 0.2 0.23333333333333334 0.26666666666666666 0.3 0.3333333333333333 0.36666666666666664 0.4 0.43333333333333335 0.4666666666666667 0.5 0.5333333333333333 0.5666666666666667 0.6 0.6333333333333333 0.6666666666666666 0.7 0.7333333333333333 0.7666666666666667 0.8 0.8333333333333334 0.8666666666666667 0.9 0.9333333333333333 0.9666666666666667 1 1.0333333333333334 1.0666666666666667 1.1 1.1333333333333333 1.1666666666666667 1.2 1.2333333333333334 1.2666666666666666 1.3 1.3333333333333333 1.3666666666666667 1.4 1.4333333333333333 1.4666666666666666 1.5 1.5333333333333334 1.5666666666666667 1.6 1.6333333333333333 1.6666666666666667 1.7 1.7333333333333334 1.7666666666666666 1.8 1.8333333333333333</float_array>
				<technique_common>
					<accessor source="#anim_LFingerC2_transform_input_array" count="56" stride="1">
						<param name="TIME" type="float"/>
					</accessor>
				</technique_common>
			</source>
			<source id="anim_LFingerC2_transform_output">
				<float_array id="anim_LFingerC2_transform_output_array" count="896">0.44617996021187045 0.8949432624985444 0.000003714170497975195 3.4199979305267334 -0.8949432624985444 0.4461799602214094 -0.0000022984488912282316 0 -0.0000037141697944440607 -0.0000022984500280965343 0.9999999999904611 0 0 0 0 1 0.44617996021187045 0.8949432624985444 0.000003714170497975195 3.4199979305267334 -0.8949432624985444 0.4461799602214094 -0.0000022984488912282316 0 -0.0000037141697944440607 -0.0000022984500280965343 0.9999999999904611 0 0 0 0 1 0.44617996021187045 0.8949432624985444 0.000003714170497975195 3.4199979305267334 -0.8949432624985444 0.4461799602214094 -0.0000022984488912282316 0 -0.0000037141697944440607 -0.0000022984500280965343 0.9999999999904611 0 0 0 0 1 0.44617996021187045 0.8949432624985444 0.000003714170497975195 3.4199979305267334 -0.8949432624985444 0.4461799602214094 -0.0000022984488912282316 0 -0.0000037141697944440607 -0.0000022984500280965343 0.9999999999904611 0 0 0 0 1 0.44617996021187045 0.8949432624985444 0.000003714170497975195 3.4199979305267334 -0.8949432624985444 0.4461799602214094 -0.0000022984488912282316 0 -0.0000037141697944440607 -0.0000022984500280965343 0.9999999999904611 0 0 0 0 1 0.44617996021187045 0.8949432624985444 0.000003714170497975195 3.4199979305267334 -0.8949432624985444 0.4461799602214094 -0.0000022984488912282316 0 -0.0000037141697944440607 -0.0000022984500280965343 0.9999999999904611 0 0 0 0 1 0.44617996021187045 0.8949432624985444 0.000003714170497975195 3.4199979305267334 -0.8949432624985444 0.4461799602214094 -0.0000022984488912282316 0 -0.0000037141697944440607 -0.0000022984500280965343 0.9999999999904611 0 0 0 0 1 0.44617996021187045 0.8949432624985444 0.000003714170497975195 3.4199979305267334 -0.8949432624985444 0.4461799602214094 -0.0000022984488912282316 0 -0.0000037141697944440607 -0.0000022984500280965343 0.9999999999904611 0 0 0 0 1 0.44617996021187045 0.8949432624985444 0.000003714170497975195 3.4199979305267334 -0.8949432624985444 0.4461799602214094 -0.0000022984488912282316 0 -0.0000037141697944440607 -0.0000022984500280965343 0.9999999999904611 0 0 0 0 1 0.44617996021187045 0.8949432624985444 0.000003714170497975195 3.4199979305267334 -0.8949432624985444 0.4461799602214094 -0.0000022984488912282316 0 -0.0000037141697944440607 -0.0000022984500280965343 0.9999999999904611 0 0 0 0 1 0.44617996021187045 0.8949432624985444 0.000003714170497975195 3.4199979305267334 -0.8949432624985444 0.4461799602214094 -0.0000022984488912282316 0 -0.0000037141697944440607 -0.0000022984500280965343 0.9999999999904611 0 0 0 0 1 0.44617996021187045 0.8949432624985444 0.000003714170497975195 3.4199979305267334 -0.8949432624985444 0.4461799602214094 -0.0000022984488912282316 0 -0.0000037141697944440607 -0.0000022984500280965343 0.9999999999904611 0 0 0 0 1 0.44617996021187045 0.8949432624985444 0.000003714170497975195 3.4199979305267334 -0.8949432624985444 0.4461799602214094 -0.0000022984488912282316 0 -0.0000037141697944440607 -0.0000022984500280965343 0.9999999999904611 0 0 0 0 1 0.44617996021187045 0.8949432624985444 0.000003714170497975195 3.4199979305267334 -0.8949432624985444 0.4461799602214094 -0.0000022984488912282316 0 -0.0000037141697944440607 -0.0000022984500280965343 0.9999999999904611 0 0 0 0 1 0.44617996021187045 0.8949432624985444 0.000003714170497975195 3.4199979305267334 -0.8949432624985444 0.4461799602214094 -0.0000022984488912282316 0 -0.0000037141697944440607 -0.0000022984500280965343 0.9999999999904611 0 0 0 0 1 0.44617996021187045 0.8949432624985444 0.000003714170497975195 3.4199979305267334 -0.8949432624985444 0.4461799602214094 -0.0000022984488912282316 0 -0.0000037141697944440607 -0.0000022984500280965343 0.9999999999904611 0 0 0 0 1 0.44617996021187045 0.8949432624985444 0.000003714170497975195 3.4199979305267334 -0.8949432624985444 0.4461799602214094 -0.0000022984488912282316 0 -0.0000037141697944440607 -0.0000022984500280965343 0.9999999999904611 0 0 0 0 1 0.44617996021187045 0.8949432624985444 0.000003714170497975195 3.4199979305267334 -0.8949432624985444 0.4461799602214094 -0.0000022984488912282316 0 -0.0000037141697944440607 -0.0000022984500280965343 0.9999999999904611 0 0 0 0 1 0.44617996021187045 0.8949432624985444 0.000003714170497975195 3.4199979305267334 -0.8949432624985444 0.4461799602214094 -0.0000022984488912282316 0 -0.0000037141697944440607 -0.0000022984500280965343 0.9999999999904611 0 0 0 0 1 0.44617996021187045 0.8949432624985444 0.000003714170497975195 3.4199979305267334 -0.8949432624985444 0.4461799602214094 -0.0000022984488912282316 0 -0.0000037141697944440607 -0.0000022984500280965343 0.9999999999904611 0 0 0 0 1 0.44617996021187045 0.8949432624985444 0.000003714170497975195 3.4199979305267334 -0.8949432624985444 0.4461799602214094 -0.0000022984488912282316 0 -0.0000037141697944440607 -0.0000022984500280965343 0.9999999999904611 0 0 0 0 1 0.44617996021187045 0.8949432624985444 0.000003714170497975195 3.4199979305267334 -0.8949432624985444 0.4461799602214094 -0.0000022984488912282316 0 -0.0000037141697944440607 -0.0000022984500280965343 0.9999999999904611 0 0 0 0 1 0.44617996021187045 0.8949432624985444 0.000003714170497975195 3.4199979305267334 -0.8949432624985444 0.4461799602214094 -0.0000022984488912282316 0 -0.0000037141697944440607 -0.0000022984500280965343 0.9999999999904611 0 0 0 0 1 0.44617996021187045 0.8949432624985444 0.000003714170497975195 3.4199979305267334 -0.8949432624985444 0.4461799602214094 -0.0000022984488912282316 0 -0.0000037141697944440607 -0.0000022984500280965343 0.9999999999904611 0 0 0 0 1 0.44617996021187045 0.8949432624985444 0.000003714170497975195 3.4199979305267334 -0.8949432624985444 0.4461799602214094 -0.0000022984488912282316 0 -0.0000037141697944440607 -0.0000022984500280965343 0.9999999999904611 0 0 0 0 1 0.44617996021187045 0.8949432624985444 0.000003714170497975195 3.4199979305267334 -0.8949432624985444 0.4461799602214094 -0.0000022984488912282316 0 -0.0000037141697944440607 -0.0000022984500280965343 0.9999999999904611 0 0 0 0 1 0.44617996021187045 0.8949432624985444 0.000003714170497975195 3.4199979305267334 -0.8949432624985444 0.4461799602214094 -0.0000022984488912282316 0 -0.0000037141697944440607 -0.0000022984500280965343 0.9999999999904611 0 0 0 0 1 0.44617996021187045 0.8949432624985444 0.000003714170497975195 3.4199979305267334 -0.8949432624985444 0.4461799602214094 -0.0000022984488912282316 0 -0.0000037141697944440607 -0.0000022984500280965343 0.9999999999904611 0 0 0 0 1 0.44617996021187045 0.8949432624985444 0.000003714170497975195 3.4199979305267334 -0.8949432624985444 0.4461799602214094 -0.0000022984488912282316 0 -0.0000037141697944440607 -0.0000022984500280965343 0.9999999999904611 0 0 0 0 1 0.44617996021187045 0.8949432624985444 0.000003714170497975195 3.4199979305267334 -0.8949432624985444 0.4461799602214094 -0.0000022984488912282316 0 -0.0000037141697944440607 -0.0000022984500280965343 0.9999999999904611 0 0 0 0 1 0.44617996021187045 0.8949432624985444 0.000003714170497975195 3.4199979305267334 -0.8949432624985444 0.4461799602214094 -0.0000022984488912282316 0 -0.0000037141697944440607 -0.0000022984500280965343 0.9999999999904611 0 0 0 0 1 0.44617996021187045 0.8949432624985444 0.000003714170497975195 3.4199979305267334 -0.8949432624985444 0.4461799602214094 -0.0000022984488912282316 0 -0.0000037141697944440607 -0.0000022984500280965343 0.9999999999904611 0 0 0 0 1 0.44617996021187045 0.8949432624985444 0.000003714170497975195 3.4199979305267334 -0.8949432624985444 0.4461799602214094 -0.0000022984488912282316 0 -0.0000037141697944440607 -0.0000022984500280965343 0.9999999999904611 0 0 0 0 1 0.44617996021187045 0.8949432624985444 0.000003714170497975195 3.4199979305267334 -0.8949432624985444 0.4461799602214094 -0.0000022984488912282316 0 -0.0000037141697944440607 -0.0000022984500280965343 0.9999999999904611 0 0 0 0 1 0.44617996021187045 0.8949432624985444 0.000003714170497975195 3.4199979305267334 -0.8949432624985444 0.4461799602214094 -0.0000022984488912282316 0 -0.0000037141697944440607 -0.0000022984500280965343 0.9999999999904611 0 0 0 0 1 0.44617996021187045 0.8949432624985444 0.000003714170497975195 3.4199979305267334 -0.8949432624985444 0.4461799602214094 -0.0000022984488912282316 0 -0.0000037141697944440607 -0.0000022984500280965343 0.9999999999904611 0 0 0 0 1 0.44617996021187045 0.8949432624985444 0.000003714170497975195 3.4199979305267334 -0.8949432624985444 0.4461799602214094 -0.0000022984488912282316 0 -0.0000037141697944440607 -0.0000022984500280965343 0.9999999999904611 0 0 0 0 1 0.44617996021187045 0.8949432624985444 0.000003714170497975195 3.4199979305267334 -0.8949432624985444 0.4461799602214094 -0.0000022984488912282316 0 -0.0000037141697944440607 -0.0000022984500280965343 0.9999999999904611 0 0 0 0 1 0.44617996021187045 0.8949432624985444 0.000003714170497975195 3.4199979305267334 -0.8949432624985444 0.4461799602214094 -0.0000022984488912282316 0 -0.0000037141697944440607 -0.0000022984500280965343 0.9999999999904611 0 0 0 0 1 0.44617996021187045 0.8949432624985444 0.000003714170497975195 3.4199979305267334 -0.8949432624985444 0.4461799602214094 -0.0000022984488912282316 0 -0.0000037141697944440607 -0.0000022984500280965343 0.9999999999904611 0 0 0 0 1 0.44617996021187045 0.8949432624985444 0.000003714170497975195 3.4199979305267334 -0.8949432624985444 0.4461799602214094 -0.0000022984488912282316 0 -0.0000037141697944440607 -0.0000022984500280965343 0.9999999999904611 0 0 0 0 1 0.44617996021187045 0.8949432624985444 0.000003714170497975195 3.4199979305267334 -0.8949432624985444 0.4461799602214094 -0.0000022984488912282316 0 -0.0000037141697944440607 -0.0000022984500280965343 0.9999999999904611 0 0 0 0 1 0.44617996021187045 0.8949432624985444 0.000003714170497975195 3.4199979305267334 -0.8949432624985444 0.4461799602214094 -0.0000022984488912282316 0 -0.0000037141697944440607 -0.0000022984500280965343 0.9999999999904611 0 0 0 0 1 0.44617996021187045 0.8949432624985444 0.000003714170497975195 3.4199979305267334 -0.8949432624985444 0.4461799602214094 -0.0000022984488912282316 0 -0.0000037141697944440607 -0.0000022984500280965343 0.9999999999904611 0 0 0 0 1 0.44617996021187045 0.8949432624985444 0.000003714170497975195 3.4199979305267334 -0.8949432624985444 0.4461799602214094 -0.0000022984488912282316 0 -0.0000037141697944440607 -0.0000022984500280965343 0.9999999999904611 0 0 0 0 1 0.44617996021187045 0.8949432624985444 0.000003714170497975195 3.4199979305267334 -0.8949432624985444 0.4461799602214094 -0.0000022984488912282316 0 -0.0000037141697944440607 -0.0000022984500280965343 0.9999999999904611 0 0 0 0 1 0.44617996021187045 0.8949432624985444 0.000003714170497975195 3.4199979305267334 -0.8949432624985444 0.4461799602214094 -0.0000022984488912282316 0 -0.0000037141697944440607 -0.0000022984500280965343 0.9999999999904611 0 0 0 0 1 0.44617996021187045 0.8949432624985444 0.000003714170497975195 3.4199979305267334 -0.8949432624985444 0.4461799602214094 -0.0000022984488912282316 0 -0.0000037141697944440607 -0.0000022984500280965343 0.9999999999904611 0 0 0 0 1 0.44617996021187045 0.8949432624985444 0.000003714170497975195 3.4199979305267334 -0.8949432624985444 0.4461799602214094 -0.0000022984488912282316 0 -0.0000037141697944440607 -0.0000022984500280965343 0.9999999999904611 0 0 0 0 1 0.44617996021187045 0.8949432624985444 0.000003714170497975195 3.4199979305267334 -0.8949432624985444 0.4461799602214094 -0.0000022984488912282316 0 -0.0000037141697944440607 -0.0000022984500280965343 0.9999999999904611 0 0 0 0 1 0.44617996021187045 0.8949432624985444 0.000003714170497975195 3.4199979305267334 -0.8949432624985444 0.4461799602214094 -0.0000022984488912282316 0 -0.0000037141697944440607 -0.0000022984500280965343 0.9999999999904611 0 0 0 0 1 0.44617996021187045 0.8949432624985444 0.000003714170497975195 3.4199979305267334 -0.8949432624985444 0.4461799602214094 -0.0000022984488912282316 0 -0.0000037141697944440607 -0.0000022984500280965343 0.9999999999904611 0 0 0 0 1 0.44617996021187045 0.8949432624985444 0.000003714170497975195 3.4199979305267334 -0.8949432624985444 0.4461799602214094 -0.0000022984488912282316 0 -0.0000037141697944440607 -0.0000022984500280965343 0.9999999999904611 0 0 0 0 1 0.44617996021187045 0.8949432624985444 0.000003714170497975195 3.4199979305267334 -0.8949432624985444 0.4461799602214094 -0.0000022984488912282316 0 -0.0000037141697944440607 -0.0000022984500280965343 0.9999999999904611 0 0 0 0 1 0.44617996021187045 0.8949432624985444 0.000003714170497975195 3.4199979305267334 -0.8949432624985444 0.4461799602214094 -0.0000022984488912282316 0 -0.0000037141697944440607 -0.0000022984500280965343 0.9999999999904611 0 0 0 0 1 0.44617996021187045 0.8949432624985444 0.000003714170497975195 3.4199979305267334 -0.8949432624985444 0.4461799602214094 -0.0000022984488912282316 0 -0.0000037141697944440607 -0.0000022984500280965343 0.9999999999904611 0 0 0 0 1</float_array>
				<technique_common>
					<accessor source="#anim_LFingerC2_transform_output_array" count="56" stride="16">
						<param name="TRANSFORM" type="float4x4"/>
					</accessor>
				</technique_common>
			</source>
			<source id="anim_LFingerC2_transform_interpolation">
				<Name_array id="anim_LFingerC2_transform_interpolation_array" count="56">LINEAR LINEAR LINEAR LINEAR LINEAR LINEAR LINEAR LINEAR LINEAR LINEAR LINEAR LINEAR LINEAR LINEAR LINEAR LINEAR LINEAR LINEAR LINEAR LINEAR LINEAR LINEAR LINEAR LINEAR LINEAR LINEAR LINEAR LINEAR LINEAR LINEAR LINEAR LINEAR LINEAR LINEAR LINEAR LINEAR LINEAR LINEAR LINEAR LINEAR LINEAR LINEAR LINEAR LINEAR LINEAR LINEAR LINEAR LINEAR LINEAR LINEAR LINEAR LINEAR LINEAR LINEAR LINEAR LINEAR</Name_array>
				<technique_common>
					<accessor source="#anim_LFingerC2_transform_interpolation_array" count="56" stride="1">
						<param name="INTERPOLATION" type="Name"/>
					</accessor>
				</technique_common>
			</source>
			<sampler id="anim_LFingerC2_transform_sampler">
				<input semantic="INPUT" source="#anim_LFingerC2_transform_input"/>
				<input semantic="OUTPUT" source="#anim_LFingerC2_transform_output"/>
				<input semantic="INTERPOLATION" source="#anim_LFingerC2_transform_interpolation"/>
			</sampler>
			<channel source="#anim_LFingerC2_transform_sampler" target="LFingerC2_bone_id/transform"/>
		</animation>
		<animation id="anim_LFingerC3_transform" name="anim_LFingerC3_transform">
			<source id="anim_LFingerC3_transform_input">
				<float_array id="anim_LFingerC3_transform_input_array" count="56">0 0.03333333333333333 0.06666666666666667 0.1 0.13333333333333333 0.16666666666666666 0.2 0.23333333333333334 0.26666666666666666 0.3 0.3333333333333333 0.36666666666666664 0.4 0.43333333333333335 0.4666666666666667 0.5 0.5333333333333333 0.5666666666666667 0.6 0.6333333333333333 0.6666666666666666 0.7 0.7333333333333333 0.7666666666666667 0.8 0.8333333333333334 0.8666666666666667 0.9 0.9333333333333333 0.9666666666666667 1 1.0333333333333334 1.0666666666666667 1.1 1.1333333333333333 1.1666666666666667 1.2 1.2333333333333334 1.2666666666666666 1.3 1.3333333333333333 1.3666666666666667 1.4 1.4333333333333333 1.4666666666666666 1.5 1.5333333333333334 1.5666666666666667 1.6 1.6333333333333333 1.6666666666666667 1.7 1.7333333333333334 1.7666666666666666 1.8 1.8333333333333333</float_array>
				<technique_common>
					<accessor source="#anim_LFingerC3_transform_input_array" count="56" stride="1">
						<param name="TIME" type="float"/>
					</accessor>
				</technique_common>
			</source>
			<source id="anim_LFingerC3_transform_output">
				<float_array id="anim_LFingerC3_transform_output_array" count="896">0.4718623386932216 0.8816722368939461 0.0000036590893327588798 2.569999933242798 -0.8816722368939461 0.4718623387023182 -0.000002191861958699497 0 -0.0000036590902861656415 -0.000002191860367083648 0.9999999999909034 0 0 0 0 1 0.4718623386932216 0.8816722368939461 0.0000036590893327588798 2.569999933242798 -0.8816722368939461 0.4718623387023182 -0.000002191861958699497 0 -0.0000036590902861656415 -0.000002191860367083648 0.9999999999909034 0 0 0 0 1 0.4718623386932216 0.8816722368939461 0.0000036590893327588798 2.569999933242798 -0.8816722368939461 0.4718623387023182 -0.000002191861958699497 0 -0.0000036590902861656415 -0.000002191860367083648 0.9999999999909034 0 0 0 0 1 0.4718623386932216 0.8816722368939461 0.0000036590893327588798 2.569999933242798 -0.8816722368939461 0.4718623387023182 -0.000002191861958699497 0 -0.0000036590902861656415 -0.000002191860367083648 0.9999999999909034 0 0 0 0 1 0.4718623386932216 0.8816722368939461 0.0000036590893327588798 2.569999933242798 -0.8816722368939461 0.4718623387023182 -0.000002191861958699497 0 -0.0000036590902861656415 -0.000002191860367083648 0.9999999999909034 0 0 0 0 1 0.4718623386932216 0.8816722368939461 0.0000036590893327588798 2.569999933242798 -0.8816722368939461 0.4718623387023182 -0.000002191861958699497 0 -0.0000036590902861656415 -0.000002191860367083648 0.9999999999909034 0 0 0 0 1 0.4718623386932216 0.8816722368939461 0.0000036590893327588798 2.569999933242798 -0.8816722368939461 0.4718623387023182 -0.000002191861958699497 0 -0.0000036590902861656415 -0.000002191860367083648 0.9999999999909034 0 0 0 0 1 0.4718623386932216 0.8816722368939461 0.0000036590893327588798 2.569999933242798 -0.8816722368939461 0.4718623387023182 -0.000002191861958699497 0 -0.0000036590902861656415 -0.000002191860367083648 0.9999999999909034 0 0 0 0 1 0.4718623386932216 0.8816722368939461 0.0000036590893327588798 2.569999933242798 -0.8816722368939461 0.4718623387023182 -0.000002191861958699497 0 -0.0000036590902861656415 -0.000002191860367083648 0.9999999999909034 0 0 0 0 1 0.4718623386932216 0.8816722368939461 0.0000036590893327588798 2.569999933242798 -0.8816722368939461 0.4718623387023182 -0.000002191861958699497 0 -0.0000036590902861656415 -0.000002191860367083648 0.9999999999909034 0 0 0 0 1 0.4718623386932216 0.8816722368939461 0.0000036590893327588798 2.569999933242798 -0.8816722368939461 0.4718623387023182 -0.000002191861958699497 0 -0.0000036590902861656415 -0.000002191860367083648 0.9999999999909034 0 0 0 0 1 0.4718623386932216 0.8816722368939461 0.0000036590893327588798 2.569999933242798 -0.8816722368939461 0.4718623387023182 -0.000002191861958699497 0 -0.0000036590902861656415 -0.000002191860367083648 0.9999999999909034 0 0 0 0 1 0.4718623386932216 0.8816722368939461 0.0000036590893327588798 2.569999933242798 -0.8816722368939461 0.4718623387023182 -0.000002191861958699497 0 -0.0000036590902861656415 -0.000002191860367083648 0.9999999999909034 0 0 0 0 1 0.4718623386932216 0.8816722368939461 0.0000036590893327588798 2.569999933242798 -0.8816722368939461 0.4718623387023182 -0.000002191861958699497 0 -0.0000036590902861656415 -0.000002191860367083648 0.9999999999909034 0 0 0 0 1 0.4718623386932216 0.8816722368939461 0.0000036590893327588798 2.569999933242798 -0.8816722368939461 0.4718623387023182 -0.000002191861958699497 0 -0.0000036590902861656415 -0.000002191860367083648 0.9999999999909034 0 0 0 0 1 0.4718623386932216 0.8816722368939461 0.0000036590893327588798 2.569999933242798 -0.8816722368939461 0.4718623387023182 -0.000002191861958699497 0 -0.0000036590902861656415 -0.000002191860367083648 0.9999999999909034 0 0 0 0 1 0.4718623386932216 0.8816722368939461 0.0000036590893327588798 2.569999933242798 -0.8816722368939461 0.4718623387023182 -0.000002191861958699497 0 -0.0000036590902861656415 -0.000002191860367083648 0.9999999999909034 0 0 0 0 1 0.4718623386932216 0.8816722368939461 0.0000036590893327588798 2.569999933242798 -0.8816722368939461 0.4718623387023182 -0.000002191861958699497 0 -0.0000036590902861656415 -0.000002191860367083648 0.9999999999909034 0 0 0 0 1 0.4718623386932216 0.8816722368939461 0.0000036590893327588798 2.569999933242798 -0.8816722368939461 0.4718623387023182 -0.000002191861958699497 0 -0.0000036590902861656415 -0.000002191860367083648 0.9999999999909034 0 0 0 0 1 0.4718623386932216 0.8816722368939461 0.0000036590893327588798 2.569999933242798 -0.8816722368939461 0.4718623387023182 -0.000002191861958699497 0 -0.0000036590902861656415 -0.000002191860367083648 0.9999999999909034 0 0 0 0 1 0.4718623386932216 0.8816722368939461 0.0000036590893327588798 2.569999933242798 -0.8816722368939461 0.4718623387023182 -0.000002191861958699497 0 -0.0000036590902861656415 -0.000002191860367083648 0.9999999999909034 0 0 0 0 1 0.4718623386932216 0.8816722368939461 0.0000036590893327588798 2.569999933242798 -0.8816722368939461 0.4718623387023182 -0.000002191861958699497 0 -0.0000036590902861656415 -0.000002191860367083648 0.9999999999909034 0 0 0 0 1 0.4718623386932216 0.8816722368939461 0.0000036590893327588798 2.569999933242798 -0.8816722368939461 0.4718623387023182 -0.000002191861958699497 0 -0.0000036590902861656415 -0.000002191860367083648 0.9999999999909034 0 0 0 0 1 0.4718623386932216 0.8816722368939461 0.0000036590893327588798 2.569999933242798 -0.8816722368939461 0.4718623387023182 -0.000002191861958699497 0 -0.0000036590902861656415 -0.000002191860367083648 0.9999999999909034 0 0 0 0 1 0.4718623386932216 0.8816722368939461 0.0000036590893327588798 2.569999933242798 -0.8816722368939461 0.4718623387023182 -0.000002191861958699497 0 -0.0000036590902861656415 -0.000002191860367083648 0.9999999999909034 0 0 0 0 1 0.4718623386932216 0.8816722368939461 0.0000036590893327588798 2.569999933242798 -0.8816722368939461 0.4718623387023182 -0.000002191861958699497 0 -0.0000036590902861656415 -0.000002191860367083648 0.9999999999909034 0 0 0 0 1 0.4718623386932216 0.8816722368939461 0.0000036590893327588798 2.569999933242798 -0.8816722368939461 0.4718623387023182 -0.000002191861958699497 0 -0.0000036590902861656415 -0.000002191860367083648 0.9999999999909034 0 0 0 0 1 0.4718623386932216 0.8816722368939461 0.0000036590893327588798 2.569999933242798 -0.8816722368939461 0.4718623387023182 -0.000002191861958699497 0 -0.0000036590902861656415 -0.000002191860367083648 0.9999999999909034 0 0 0 0 1 0.4718623386932216 0.8816722368939461 0.0000036590893327588798 2.569999933242798 -0.8816722368939461 0.4718623387023182 -0.000002191861958699497 0 -0.0000036590902861656415 -0.000002191860367083648 0.9999999999909034 0 0 0 0 1 0.4718623386932216 0.8816722368939461 0.0000036590893327588798 2.569999933242798 -0.8816722368939461 0.4718623387023182 -0.000002191861958699497 0 -0.0000036590902861656415 -0.000002191860367083648 0.9999999999909034 0 0 0 0 1 0.4718623386932216 0.8816722368939461 0.0000036590893327588798 2.569999933242798 -0.8816722368939461 0.4718623387023182 -0.000002191861958699497 0 -0.0000036590902861656415 -0.000002191860367083648 0.9999999999909034 0 0 0 0 1 0.4718623386932216 0.8816722368939461 0.0000036590893327588798 2.569999933242798 -0.8816722368939461 0.4718623387023182 -0.000002191861958699497 0 -0.0000036590902861656415 -0.000002191860367083648 0.9999999999909034 0 0 0 0 1 0.4718623386932216 0.8816722368939461 0.0000036590893327588798 2.569999933242798 -0.8816722368939461 0.4718623387023182 -0.000002191861958699497 0 -0.0000036590902861656415 -0.000002191860367083648 0.9999999999909034 0 0 0 0 1 0.4718623386932216 0.8816722368939461 0.0000036590893327588798 2.569999933242798 -0.8816722368939461 0.4718623387023182 -0.000002191861958699497 0 -0.0000036590902861656415 -0.000002191860367083648 0.9999999999909034 0 0 0 0 1 0.4718623386932216 0.8816722368939461 0.0000036590893327588798 2.569999933242798 -0.8816722368939461 0.4718623387023182 -0.000002191861958699497 0 -0.0000036590902861656415 -0.000002191860367083648 0.9999999999909034 0 0 0 0 1 0.4718623386932216 0.8816722368939461 0.0000036590893327588798 2.569999933242798 -0.8816722368939461 0.4718623387023182 -0.000002191861958699497 0 -0.0000036590902861656415 -0.000002191860367083648 0.9999999999909034 0 0 0 0 1 0.4718623386932216 0.8816722368939461 0.0000036590893327588798 2.569999933242798 -0.8816722368939461 0.4718623387023182 -0.000002191861958699497 0 -0.0000036590902861656415 -0.000002191860367083648 0.9999999999909034 0 0 0 0 1 0.4718623386932216 0.8816722368939461 0.0000036590893327588798 2.569999933242798 -0.8816722368939461 0.4718623387023182 -0.000002191861958699497 0 -0.0000036590902861656415 -0.000002191860367083648 0.9999999999909034 0 0 0 0 1 0.4718623386932216 0.8816722368939461 0.0000036590893327588798 2.569999933242798 -0.8816722368939461 0.4718623387023182 -0.000002191861958699497 0 -0.0000036590902861656415 -0.000002191860367083648 0.9999999999909034 0 0 0 0 1 0.4718623386932216 0.8816722368939461 0.0000036590893327588798 2.569999933242798 -0.8816722368939461 0.4718623387023182 -0.000002191861958699497 0 -0.0000036590902861656415 -0.000002191860367083648 0.9999999999909034 0 0 0 0 1 0.4718623386932216 0.8816722368939461 0.0000036590893327588798 2.569999933242798 -0.8816722368939461 0.4718623387023182 -0.000002191861958699497 0 -0.0000036590902861656415 -0.000002191860367083648 0.9999999999909034 0 0 0 0 1 0.4718623386932216 0.8816722368939461 0.0000036590893327588798 2.569999933242798 -0.8816722368939461 0.4718623387023182 -0.000002191861958699497 0 -0.0000036590902861656415 -0.000002191860367083648 0.9999999999909034 0 0 0 0 1 0.4718623386932216 0.8816722368939461 0.0000036590893327588798 2.569999933242798 -0.8816722368939461 0.4718623387023182 -0.000002191861958699497 0 -0.0000036590902861656415 -0.000002191860367083648 0.9999999999909034 0 0 0 0 1 0.4718623386932216 0.8816722368939461 0.0000036590893327588798 2.569999933242798 -0.8816722368939461 0.4718623387023182 -0.000002191861958699497 0 -0.0000036590902861656415 -0.000002191860367083648 0.9999999999909034 0 0 0 0 1 0.4718623386932216 0.8816722368939461 0.0000036590893327588798 2.569999933242798 -0.8816722368939461 0.4718623387023182 -0.000002191861958699497 0 -0.0000036590902861656415 -0.000002191860367083648 0.9999999999909034 0 0 0 0 1 0.4718623386932216 0.8816722368939461 0.0000036590893327588798 2.569999933242798 -0.8816722368939461 0.4718623387023182 -0.000002191861958699497 0 -0.0000036590902861656415 -0.000002191860367083648 0.9999999999909034 0 0 0 0 1 0.4718623386932216 0.8816722368939461 0.0000036590893327588798 2.569999933242798 -0.8816722368939461 0.4718623387023182 -0.000002191861958699497 0 -0.0000036590902861656415 -0.000002191860367083648 0.9999999999909034 0 0 0 0 1 0.4718623386932216 0.8816722368939461 0.0000036590893327588798 2.569999933242798 -0.8816722368939461 0.4718623387023182 -0.000002191861958699497 0 -0.0000036590902861656415 -0.000002191860367083648 0.9999999999909034 0 0 0 0 1 0.4718623386932216 0.8816722368939461 0.0000036590893327588798 2.569999933242798 -0.8816722368939461 0.4718623387023182 -0.000002191861958699497 0 -0.0000036590902861656415 -0.000002191860367083648 0.9999999999909034 0 0 0 0 1 0.4718623386932216 0.8816722368939461 0.0000036590893327588798 2.569999933242798 -0.8816722368939461 0.4718623387023182 -0.000002191861958699497 0 -0.0000036590902861656415 -0.000002191860367083648 0.9999999999909034 0 0 0 0 1 0.4718623386932216 0.8816722368939461 0.0000036590893327588798 2.569999933242798 -0.8816722368939461 0.4718623387023182 -0.000002191861958699497 0 -0.0000036590902861656415 -0.000002191860367083648 0.9999999999909034 0 0 0 0 1 0.4718623386932216 0.8816722368939461 0.0000036590893327588798 2.569999933242798 -0.8816722368939461 0.4718623387023182 -0.000002191861958699497 0 -0.0000036590902861656415 -0.000002191860367083648 0.9999999999909034 0 0 0 0 1 0.4718623386932216 0.8816722368939461 0.0000036590893327588798 2.569999933242798 -0.8816722368939461 0.4718623387023182 -0.000002191861958699497 0 -0.0000036590902861656415 -0.000002191860367083648 0.9999999999909034 0 0 0 0 1 0.4718623386932216 0.8816722368939461 0.0000036590893327588798 2.569999933242798 -0.8816722368939461 0.4718623387023182 -0.000002191861958699497 0 -0.0000036590902861656415 -0.000002191860367083648 0.9999999999909034 0 0 0 0 1 0.4718623386932216 0.8816722368939461 0.0000036590893327588798 2.569999933242798 -0.8816722368939461 0.4718623387023182 -0.000002191861958699497 0 -0.0000036590902861656415 -0.000002191860367083648 0.9999999999909034 0 0 0 0 1 0.4718623386932216 0.8816722368939461 0.0000036590893327588798 2.569999933242798 -0.8816722368939461 0.4718623387023182 -0.000002191861958699497 0 -0.0000036590902861656415 -0.000002191860367083648 0.9999999999909034 0 0 0 0 1</float_array>
				<technique_common>
					<accessor source="#anim_LFingerC3_transform_output_array" count="56" stride="16">
						<param name="TRANSFORM" type="float4x4"/>
					</accessor>
				</technique_common>
			</source>
			<source id="anim_LFingerC3_transform_interpolation">
				<Name_array id="anim_LFingerC3_transform_interpolation_array" count="56">LINEAR LINEAR LINEAR LINEAR LINEAR LINEAR LINEAR LINEAR LINEAR LINEAR LINEAR LINEAR LINEAR LINEAR LINEAR LINEAR LINEAR LINEAR LINEAR LINEAR LINEAR LINEAR LINEAR LINEAR LINEAR LINEAR LINEAR LINEAR LINEAR LINEAR LINEAR LINEAR LINEAR LINEAR LINEAR LINEAR LINEAR LINEAR LINEAR LINEAR LINEAR LINEAR LINEAR LINEAR LINEAR LINEAR LINEAR LINEAR LINEAR LINEAR LINEAR LINEAR LINEAR LINEAR LINEAR LINEAR</Name_array>
				<technique_common>
					<accessor source="#anim_LFingerC3_transform_interpolation_array" count="56" stride="1">
						<param name="INTERPOLATION" type="Name"/>
					</accessor>
				</technique_common>
			</source>
			<sampler id="anim_LFingerC3_transform_sampler">
				<input semantic="INPUT" source="#anim_LFingerC3_transform_input"/>
				<input semantic="OUTPUT" source="#anim_LFingerC3_transform_output"/>
				<input semantic="INTERPOLATION" source="#anim_LFingerC3_transform_interpolation"/>
			</sampler>
			<channel source="#anim_LFingerC3_transform_sampler" target="LFingerC3_bone_id/transform"/>
		</animation>
		<animation id="anim_LForeArmEX_transform" name="anim_LForeArmEX_transform">
			<source id="anim_LForeArmEX_transform_input">
				<float_array id="anim_LForeArmEX_transform_input_array" count="56">0 0.03333333333333333 0.06666666666666667 0.1 0.13333333333333333 0.16666666666666666 0.2 0.23333333333333334 0.26666666666666666 0.3 0.3333333333333333 0.36666666666666664 0.4 0.43333333333333335 0.4666666666666667 0.5 0.5333333333333333 0.5666666666666667 0.6 0.6333333333333333 0.6666666666666666 0.7 0.7333333333333333 0.7666666666666667 0.8 0.8333333333333334 0.8666666666666667 0.9 0.9333333333333333 0.9666666666666667 1 1.0333333333333334 1.0666666666666667 1.1 1.1333333333333333 1.1666666666666667 1.2 1.2333333333333334 1.2666666666666666 1.3 1.3333333333333333 1.3666666666666667 1.4 1.4333333333333333 1.4666666666666666 1.5 1.5333333333333334 1.5666666666666667 1.6 1.6333333333333333 1.6666666666666667 1.7 1.7333333333333334 1.7666666666666666 1.8 1.8333333333333333</float_array>
				<technique_common>
					<accessor source="#anim_LForeArmEX_transform_input_array" count="56" stride="1">
						<param name="TIME" type="float"/>
					</accessor>
				</technique_common>
			</source>
			<source id="anim_LForeArmEX_transform_output">
				<float_array id="anim_LForeArmEX_transform_output_array" count="896">0.9953314775807715 0.0363864775453121 0.08939392590507869 19.270000457763672 -2.0294590311747962e-7 0.926213547965085 -0.37699928854825177 0.0774732238987886 -0.09651554142643046 0.3752392407755 0.9218895066359034 0 0 0 0 1 0.9953318621306239 0.038501513354847444 0.08849925252210504 19.270000457763672 0.0009520450710567875 0.9130191697276739 -0.4079155418955885 0.06608285240540158 -0.09650687974319493 0.4060955911841145 0.9087204151899841 0 0 0 0 1 0.9953315220169786 0.04045063463922324 0.08762937542085299 19.270000457763672 0.0017452316572941495 0.9002428653816671 -0.43538458573526473 0.05469248091201457 -0.09649930282560128 0.4335049359427061 0.8959695056571307 0 0 0 0 1 0.99533146740183 0.042377421942454335 0.08671461300859923 19.270000457763672 0.002539840743696512 0.8866398015667551 -0.46245368577476126 0.043302109418627555 -0.09648222224180264 0.46051494697477097 0.8823928628474436 0 0 0 0 1 0.9953205619356609 0.04309662675804629 0.08648502616151432 19.270000457763672 0.001953460782537556 0.8858729844948721 -0.4639237430150771 0.03191173792524053 -0.09660829663673434 0.4619217856999449 0.8816434091608256 0 0 0 0 1 0.9952987986366412 0.04264150324361816 0.08695978170156225 19.270000457763672 0.0000028066024320011485 0.8978502360726077 -0.44030098066718576 0.02052136643185351 -0.09685195622485816 0.43823128115811977 0.8936291416409444 0 0 0 0 1 0.9952885738075777 0.041677388803139565 0.0875422761334766 19.270000457763672 -0.0014523082434788129 0.9092052988017286 -0.41634554811073154 0.009130994938466502 -0.09694609661478823 0.41425682842098266 0.9049821735579905 0 0 0 0 1 0.9952868168876855 0.04173805366242287 0.08753334796551279 19.270000457763672 -0.0017269678129931895 0.9101236771689059 -0.41433309044622796 -0.0022593765549205336 -0.09695962928844004 0.4122290954469638 0.9059061778988078 0 0 0 0 1 0.9952883589297346 0.042213466883094165 0.08728748932502159 19.270000457763672 -0.0015246798146049678 0.906952538440438 -0.42123006584040124 -0.013649748048307542 -0.09694719145193831 0.41911229548911555 0.9027436656324017 0 0 0 0 1 0.9952899185691887 0.042687323873487615 0.08703890150419903 19.270000457763672 -0.0013224116527224446 0.90372909708776 -0.42810275671194054 -0.025040119541694564 -0.09693414889479575 0.4259712566094832 0.8995289096635969 0 0 0 0 1 0.9952975832269226 0.04386302441296472 0.08636408925007405 19.270000457763672 -0.00030104415034814744 0.892993833560165 -0.45006879762536295 -0.02697207639976487 -0.09686397779911082 0.4479263871585018 0.8888078090858931 0 0 0 0 1 0.9953002774807143 0.044441242238020914 0.0860368155800451 19.270000457763672 0.00003051950552141261 0.8883286972075015 -0.45920814973841967 -0.028904033257835183 -0.09683675291630202 0.45705262465712265 0.8841524424999698 0 0 0 0 1 0.9953030262231599 0.04501673518042163 0.08570518971868436 19.270000457763672 0.00036193074778018836 0.883569924959565 -0.4682991103056705 -0.03083599011590549 -0.09680782508224066 0.4661305410082508 0.8794035272513988 0 0 0 0 1 0.9953058294185765 0.045589466567398956 0.08536923604847126 19.270000457763672 0.0006931807778779407 0.8787180187453225 -0.4773407200655569 -0.0327679469739758 -0.09677719476100126 0.4751591776135606 0.8745615647304632 0 0 0 0 1 0.99530032178337 0.04528549916467207 0.08559493573411087 19.270000457763672 -0.00001287381406186311 0.8839755858331656 -0.4675330613819482 -0.03469990383204611 -0.09683630152058162 0.4653347045045299 0.8798217680254887 0 0 0 0 1 0.9953178593384994 0.044011330916855274 0.08605441088494083 19.270000457763672 0.00024924045226334957 0.8891457827036335 -0.45762398864082726 -0.03663186069011642 -0.09665555732095345 0.45550277699622216 0.8849717076764126 0 0 0 0 1 0.9953330997665539 0.042531622925066265 0.08662032994893953 19.270000457763672 0.00028166691844673866 0.8963467577405518 -0.4433535953973391 -0.038563817548186725 -0.09649839984606079 0.4413089064808917 0.892151617096438 0 0 0 0 1 0.9953440269798911 0.04056517360411564 0.08743417321575035 19.270000457763672 -0.00022940302532549126 0.908119334511571 -0.41871138229156546 -0.04049577440625704 -0.09638576310693321 0.41674181572855085 0.9039004611645934 0 0 0 0 1 0.9953549020173504 0.038580511134313406 0.08820523335180244 19.270000457763672 -0.0007357818547898028 0.919214420595911 -0.3937566603799685 -0.04242773126432735 -0.09627085568900365 0.39186272230098484 0.9149729663852196 0 0 0 0 1 0.9953657162854774 0.03657865889232011 0.08893307909398918 19.270000457763672 -0.0012375681239503548 0.9296237294693004 -0.3685080596577605 -0.044359688122397656 -0.09615383127383445 0.36669022801436674 0.9253608579414491 0 0 0 0 1 0.9953764614930508 0.03456065078459731 0.0896173048184233 19.270000457763672 -0.00173486501271828 0.9393394867276972 -0.34298442955553265 -0.046291644980467964 -0.0960348382044804 0.34124315391153504 0.9350563725035768 0 0 0 0 1 0.9953905593628832 0.03312554628556323 0.09000184728398317 19.270000457763672 -0.0015777943694658438 0.9439840556545487 -0.3299872925355121 -0.04822360183853827 -0.09589131814806856 0.3283242312916806 0.9396850824880392 0 0 0 0 1 0.9954041261211335 0.03168565563172095 0.09036949113617082 19.270000457763672 -0.0014181813331751048 0.9484487770110422 -0.31692728842427653 -0.05015555869660858 -0.09575288226851816 0.3153425702524896 0.9441347620566807 0 0 0 0 1 0.9954171588241243 0.030241192439967396 0.0907201752551053 19.270000457763672 -0.0012561168155645185 0.9527327991001198 -0.3038069052694434 -0.05208751555467889 -0.09561956959249408 0.30230065133681033 0.948404562469143 0 0 0 0 1 0.9954318683616109 0.02922651903140091 0.09089117688433669 19.270000457763672 -0.0006284572797873849 0.9539786517933334 -0.2998738684247454 -0.0540194724127492 -0.09547251170656453 0.29844688389708673 0.9496391193503766 0 0 0 0 1 0.9954458935846534 0.028211049875925834 0.09105827590257208 19.270000457763672 -2.0875400482886497e-8 0.9552078590399828 -0.29593571266113144 -0.05595142927081951 -0.09532823792271879 0.2945879880326932 0.9508577413900564 0 0 0 0 1 0.9954368550071713 0.028749265119331985 0.09098872154575105 19.270000457763672 -0.0009253891222052672 0.9563981675770804 -0.29206452833265356 -0.05788338612888982 -0.09541808711352562 0.2906475955694477 0.9520605883247633 0 0 0 0 1 0.9954287554410455 0.02957988239310557 0.09081092114223613 19.270000457763672 -0.001539239567549958 0.9556749014626572 -0.29441996103507345 -0.059815342986960125 -0.09549462593593985 0.2929343156271565 0.9513518082945995 0 0 0 0 1 0.9954197569028994 0.030339041412415543 0.09065897712608705 19.270000457763672 -0.0022289848614322778 0.955415545998137 -0.29525610254754986 -0.06174729984503044 -0.0955747832530116 0.2937016803344127 0.9511071358027351 0 0 0 0 1 0.9954116325752361 0.031368537571657286 0.09039743682493814 19.270000457763672 -0.002627072400161268 0.9533399213991259 -0.30188754985476424 -0.06367925670310075 -0.0956492562674037 0.30026489824374075 0.9490480549783391 0 0 0 0 1 0.9954085346710886 0.03337525012782378 0.0897103214956972 19.270000457763672 -0.001959768763369632 0.9441499633130048 -0.32951025186243554 -0.06561121356117106 -0.09569748382455139 0.32782150547966915 0.9398803392638304 0 0 0 0 1 0.9954123472316665 0.03638056736577462 0.0884913176356214 19.270000457763672 -0.00016565693391110484 0.9255417710784466 -0.37864548399096554 -0.07249368571906069 -0.09567774838761808 0.3768937307877601 0.9213017335033942 0 0 0 0 1 0.9954059449551429 0.039946392522488286 0.08701316263875498 19.270000457763672 0.001054920038279901 0.9041750891089292 -0.4271607371687768 -0.07937615787695032 -0.09573866455968545 0.4252901291580834 0.8999791187294452 0 0 0 0 1 0.9953959250223733 0.04299534128553595 0.0856641878301198 19.270000457763672 0.00176099441991329 0.8853904379049945 -0.46484478201336754 -0.08625863003483994 -0.09583241282315076 0.4628554559407747 0.8812383193883201 0 0 0 0 1 0.9953792953018281 0.04535790371825525 0.08463284855611089 19.270000457763672 0.001719277107280745 0.8728379542590272 -0.4880071205332406 -0.09314110219272959 -0.09600574238379961 0.48589769105769776 0.8687268450175427 0 0 0 0 1 0.9953582073315612 0.04770433149720133 0.08358430387402885 19.270000457763672 0.0016948318960889192 0.8596797693628846 -0.510830521497122 -0.1000235743506192 -0.0962245636131693 0.50860101347184 0.8556084632896477 0 0 0 0 1 0.9953194430045665 0.04849155324651079 0.08359291621196317 19.270000457763672 -0.0002032377863207431 0.866045189002387 -0.499965688122917 -0.10690604650850884 -0.09663935570709119 0.49760858098465355 0.8620014704505775 0 0 0 0 1 0.9953301611409339 0.04734552567553324 0.0841205772785116 19.270000457763672 -0.00017167917575746858 0.8723197639638782 -0.4889357830270397 -0.11378851866639847 -0.09652896378509007 0.48663808995650065 0.8682542994734121 0 0 0 0 1 0.9953426471359793 0.046406136641255744 0.08449547487513402 19.270000457763672 0.00011605614969643213 0.8759290107260078 -0.4824400011395483 -0.1206709908242881 -0.09640021433228986 0.48020291403800375 0.8718441145216833 0 0 0 0 1 0.9953569097333175 0.04568985936172104 0.08471752473748614 19.270000457763672 0.0006734310490368461 0.8768282383304643 -0.48080327261460765 -0.12755346298217773 -0.09625055187770415 0.4786279110308974 0.8727262767015994 0 0 0 0 1 0.9953707365348992 0.04497309054414972 0.08493831866054405 19.270000457763672 0.0012311887627499858 0.8777240813999168 -0.4791648162218328 -0.12591149332523588 -0.09610193038749479 0.477051211147797 0.8736054950137488 0 0 0 0 1 0.9953749859639264 0.04325733244533367 0.08577552393910114 19.270000457763672 0.0006203364231500315 0.8899702069604989 -0.456018251723995 -0.12426952366829404 -0.09606379390819177 0.45396237059077993 0.8858272481627351 0 0 0 0 1 0.9953795786016971 0.04154961732442651 0.08656283153237089 19.270000457763672 0.00004176291340802704 0.9013378296858889 -0.43311674526966804 -0.12262755401135218 -0.09601818972760824 0.4311191785078984 0.897171533857438 0 0 0 0 1 0.9953653897436396 0.0406994972213598 0.08712801975496058 19.270000457763672 -0.0014084490178705236 0.9120973609176315 -0.4099712434774613 -0.12098558435441033 -0.09615486036522718 0.407948471173775 0.9079274683008127 0 0 0 0 1 0.9953573804911452 0.04061510069272146 0.08725880298013361 19.270000457763672 -0.001980566087378302 0.9150546166187673 -0.40332508719723137 -0.11934361469746849 -0.09622765953601492 0.4012797804529913 0.9108868070950529 0 0 0 0 1 0.9953598313826999 0.0418711936407835 0.08663491913137174 19.270000457763672 -0.0010165935497267048 0.9048842927268472 -0.4256564146277934 -0.11770164504052663 -0.0962173196849609 0.42359322459091503 0.9007280430148229 0 0 0 0 1 0.9953627075065433 0.04311551443289709 0.0859891442010568 19.270000457763672 -0.00005275504889524704 0.8941682520542419 -0.447731095899276 -0.0981841581465951 -0.09619291929320117 0.4456502994876684 0.8900240068921755 0 0 0 0 1 0.9953642902594778 0.044161117889066195 0.08543843012973763 19.270000457763672 0.0006915760252378146 0.8850404816676826 -0.4655135524687093 -0.07866667125266358 -0.09617406822448231 0.46341465392909664 0.8809071501156794 0 0 0 0 1 0.9953661412243459 0.04519815111877715 0.08487268135035993 19.270000457763672 0.0014358437401426095 0.8755586187451704 -0.4831097634014482 -0.059149184358732065 -0.09614667574549544 0.4809929648929322 0.8714365062737486 0 0 0 0 1 0.995349893524421 0.04546211786889627 0.08492223089273013 19.270000457763672 0.0012645936169628502 0.8753746618043364 -0.4834434840536457 -0.039631697464800525 -0.09631713380239013 0.48130281248899653 0.8712465853168518 0 0 0 0 1 0.9953335813271602 0.04572609294028586 0.08497167944006807 19.270000457763672 0.0010934154428280767 0.875190535741861 -0.48377714971931424 -0.020114210570869012 -0.0964876485624908 0.4816125523408736 0.8710565326674213 0 0 0 0 1 0.9953083731205371 0.045059155815943976 0.08562076192901036 19.270000457763672 -0.0001809795905032413 0.8858024650681249 -0.4640624528289498 -0.0005967236769374995 -0.09675334434807722 0.46186974934107555 0.8816547652006848 0 0 0 0 1 0.9953161819688254 0.04298709826597258 0.08658987985712681 19.270000457763672 -0.00006636291173313727 0.8960009118249488 -0.4440522059452293 0.018920763216994013 -0.09667312711898786 0.4419665998596862 0.8918070593472021 0 0 0 0 1 0.9953201172096121 0.04054044385120266 0.08771736823566581 19.270000457763672 -0.0003529641830892945 0.9092598843281037 -0.4162287089665116 0.03843825011092558 -0.0966319807006426 0.41424984630533185 0.9050189639680926 0 0 0 0 1 0.9953233634702807 0.03806385078448257 0.08878370004490711 19.270000457763672 -0.0006357721421584826 0.9216550486214194 -0.38800975135224663 0.057955737004857094 -0.09659709066007448 0.3861387245720191 0.9173690028891884 0 0 0 0 1 0.9953314775807715 0.0363864775453121 0.08939392590507869 19.270000457763672 -2.0294590311747962e-7 0.926213547965085 -0.37699928854825177 0.0774732238987886 -0.09651554142643046 0.3752392407755 0.9218895066359034 0 0 0 0 1</float_array>
				<technique_common>
					<accessor source="#anim_LForeArmEX_transform_output_array" count="56" stride="16">
						<param name="TRANSFORM" type="float4x4"/>
					</accessor>
				</technique_common>
			</source>
			<source id="anim_LForeArmEX_transform_interpolation">
				<Name_array id="anim_LForeArmEX_transform_interpolation_array" count="56">LINEAR LINEAR LINEAR LINEAR LINEAR LINEAR LINEAR LINEAR LINEAR LINEAR LINEAR LINEAR LINEAR LINEAR LINEAR LINEAR LINEAR LINEAR LINEAR LINEAR LINEAR LINEAR LINEAR LINEAR LINEAR LINEAR LINEAR LINEAR LINEAR LINEAR LINEAR LINEAR LINEAR LINEAR LINEAR LINEAR LINEAR LINEAR LINEAR LINEAR LINEAR LINEAR LINEAR LINEAR LINEAR LINEAR LINEAR LINEAR LINEAR LINEAR LINEAR LINEAR LINEAR LINEAR LINEAR LINEAR</Name_array>
				<technique_common>
					<accessor source="#anim_LForeArmEX_transform_interpolation_array" count="56" stride="1">
						<param name="INTERPOLATION" type="Name"/>
					</accessor>
				</technique_common>
			</source>
			<sampler id="anim_LForeArmEX_transform_sampler">
				<input semantic="INPUT" source="#anim_LForeArmEX_transform_input"/>
				<input semantic="OUTPUT" source="#anim_LForeArmEX_transform_output"/>
				<input semantic="INTERPOLATION" source="#anim_LForeArmEX_transform_interpolation"/>
			</sampler>
			<channel source="#anim_LForeArmEX_transform_sampler" target="LForeArmEX_bone_id/transform"/>
		</animation>
		<animation id="anim_LArmEX_transform" name="anim_LArmEX_transform">
			<source id="anim_LArmEX_transform_input">
				<float_array id="anim_LArmEX_transform_input_array" count="56">0 0.03333333333333333 0.06666666666666667 0.1 0.13333333333333333 0.16666666666666666 0.2 0.23333333333333334 0.26666666666666666 0.3 0.3333333333333333 0.36666666666666664 0.4 0.43333333333333335 0.4666666666666667 0.5 0.5333333333333333 0.5666666666666667 0.6 0.6333333333333333 0.6666666666666666 0.7 0.7333333333333333 0.7666666666666667 0.8 0.8333333333333334 0.8666666666666667 0.9 0.9333333333333333 0.9666666666666667 1 1.0333333333333334 1.0666666666666667 1.1 1.1333333333333333 1.1666666666666667 1.2 1.2333333333333334 1.2666666666666666 1.3 1.3333333333333333 1.3666666666666667 1.4 1.4333333333333333 1.4666666666666666 1.5 1.5333333333333334 1.5666666666666667 1.6 1.6333333333333333 1.6666666666666667 1.7 1.7333333333333334 1.7666666666666666 1.8 1.8333333333333333</float_array>
				<technique_common>
					<accessor source="#anim_LArmEX_transform_input_array" count="56" stride="1">
						<param name="TIME" type="float"/>
					</accessor>
				</technique_common>
			</source>
			<source id="anim_LArmEX_transform_output">
				<float_array id="anim_LArmEX_transform_output_array" count="896">1 0 0 0.009999999776482582 0 0.9584496503211406 -0.2852617531308451 0 0 0.2852617531308451 0.9584496503211406 0 0 0 0 1 1 0 0 0.009999999776482582 0 0.9455315669743726 -0.32553042231869445 0 0 0.32553042231869445 0.9455315669743726 0 0 0 0 1 1 0 0 0.009999999776482582 0 0.9676003635331408 -0.25248670557186514 0 0 0.25248670557186514 0.9676003635331408 0 0 0 0 1 1 0 0 0.009999999776482582 0 0.9944736110986571 -0.10498684121544428 0 0 0.10498684121544428 0.9944736110986571 0 0 0 0 1 1 0 0 0.009999999776482582 0 0.9965016133537548 0.08357352800596499 0 0 -0.08357352800596499 0.9965016133537548 0 0 0 0 1 1 0 0 0.009999999776482582 0 0.974749324210997 0.2233019367363495 0 0 -0.2233019367363495 0.974749324210997 0 0 0 0 1 1 0 0 0.009999999776482582 0 0.9685581078177248 0.24878744297200475 0 0 -0.24878744297200475 0.9685581078177248 0 0 0 0 1 1 0 0 0.009999999776482582 0 0.9874508792739664 0.15792644180462823 0 0 -0.15792644180462823 0.9874508792739664 0 0 0 0 1 1 0 0 0.009999999776482582 0 0.9966245863790112 0.0820940547473748 0 0 -0.0820940547473748 0.9966245863790112 0 0 0 0 1 1 0 0 0.009999999776482582 0 0.9992531619304187 0.03864088989736849 0 0 -0.03864088989736849 0.9992531619304187 0 0 0 0 1 1 0 0 0.009999999776482582 0 0.9999997574522526 -0.0006964879296131678 0 0 0.0006964879296131678 0.9999997574522526 0 0 0 0 1 1 0 0 0.009999999776482582 0 0.9999993045423896 0.0011793704833967802 0 0 -0.0011793704833967802 0.9999993045423896 0 0 0 0 1 1 0 0 0.009999999776482582 0 0.9999442578201735 0.01055846828201704 0 0 -0.01055846828201704 0.9999442578201735 0 0 0 0 1 1 0 0 0.009999999776482582 0 0.9995515259749251 0.029945732938077327 0 0 -0.029945732938077327 0.9995515259749251 0 0 0 0 1 1 0 0 0.009999999776482582 0 0.9969156384200855 0.07848063374790955 0 0 -0.07848063374790955 0.9969156384200855 0 0 0 0 1 1 0 0 0.009999999776482582 0 0.9934859518684317 0.11395465519265228 0 0 -0.11395465519265228 0.9934859518684317 0 0 0 0 1 1 0 0 0.009999999776482582 0 0.9917276871673355 0.12835962957927033 0 0 -0.12835962957927033 0.9917276871673355 0 0 0 0 1 1 0 0 0.009999999776482582 0 0.9873525451947127 0.15854006275236135 0 0 -0.15854006275236135 0.9873525451947127 0 0 0 0 1 1 0 0 0.009999999776482582 0 0.9820591649464964 0.18857305360148943 0 0 -0.18857305360148943 0.9820591649464964 0 0 0 0 1 1 0 0 0.009999999776482582 0 0.9803654927348635 0.19718899729632064 0 0 -0.19718899729632064 0.9803654927348635 0 0 0 0 1 1 0 0 0.009999999776482582 0 0.9785962313915534 0.20578973712566262 0 0 -0.20578973712566262 0.9785962313915534 0 0 0 0 1 1 0 0 0.009999999776482582 0 0.9823315728055548 0.18714882064647104 0 0 -0.18714882064647104 0.9823315728055548 0 0 0 0 1 1 0 0 0.009999999776482582 0 0.9849135914412459 0.1730468647341136 0 0 -0.1730468647341136 0.9849135914412459 0 0 0 0 1 1 0 0 0.009999999776482582 0 0.9872931788355819 0.1589093421568779 0 0 -0.1589093421568779 0.9872931788355819 0 0 0 0 1 1 0 0 0.009999999776482582 0 0.9894698459072523 0.14473915862778286 0 0 -0.14473915862778286 0.9894698459072523 0 0 0 0 1 1 0 0 0.009999999776482582 0 0.9914431452815622 0.13053922657271733 0 0 -0.13053922657271733 0.9914431452815622 0 0 0 0 1 1 0 0 0.009999999776482582 0 0.9879590952777741 0.15471530647586904 0 0 -0.15471530647586904 0.9879590952777741 0 0 0 0 1 1 0 0 0.009999999776482582 0 0.9838856076920349 0.1787990799094757 0 0 -0.1787990799094757 0.9838856076920349 0 0 0 0 1 1 0 0 0.009999999776482582 0 0.97922511285439 0.20277617797785652 0 0 -0.20277617797785652 0.97922511285439 0 0 0 0 1 1 0 0 0.009999999776482582 0 0.9739803913159983 0.2266322954301412 0 0 -0.2266322954301412 0.9739803913159983 0 0 0 0 1 1 0 0 0.009999999776482582 0 0.9565109479114566 0.2916964287157571 0 0 -0.2916964287157571 0.9565109479114566 0 0 0 0 1 1 0 0 0.009999999776482582 0 0.9347003576723439 0.3554366910818189 0 0 -0.3554366910818189 0.9347003576723439 0 0 0 0 1 1 0 0 0.009999999776482582 0 0.9273959975734152 0.3740810923914896 0 0 -0.3740810923914896 0.9273959975734152 0 0 0 0 1 1 0 0 0.009999999776482582 0 0.9197197819342228 0.3925754993868896 0 0 -0.3925754993868896 0.9197197819342228 0 0 0 0 1 1 0 0 0.009999999776482582 0 0.9255421934071423 0.37864448790797944 0 0 -0.37864448790797944 0.9255421934071423 0 0 0 0 1 1 0 0 0.009999999776482582 0 0.9230473388176047 0.38468637914766113 0 0 -0.38468637914766113 0.9230473388176047 0 0 0 0 1 1 0 0 0.009999999776482582 0 0.9120149578286619 0.41015694154406807 0 0 -0.41015694154406807 0.9120149578286619 0 0 0 0 1 1 0 0 0.009999999776482582 0 0.9213517461494486 0.3887299317873041 0 0 -0.3887299317873041 0.9213517461494486 0 0 0 0 1 1 0 0 0.009999999776482582 0 0.9628404569071363 0.2700708324548525 0 0 -0.2700708324548525 0.9628404569071363 0 0 0 0 1 1 0 0 0.009999999776482582 0 0.995119390525337 0.09867825799274031 0 0 -0.09867825799274031 0.995119390525337 0 0 0 0 1 1 0 0 0.009999999776482582 0 0.9985465320029674 -0.05389641384031864 0 0 0.05389641384031864 0.9985465320029674 0 0 0 0 1 1 0 0 0.009999999776482582 0 0.9878653653023394 -0.15531265253055054 0 0 0.15531265253055054 0.9878653653023394 0 0 0 0 1 1 0 0 0.009999999776482582 0 0.9800189638137822 -0.19890407377768968 0 0 0.19890407377768968 0.9800189638137822 0 0 0 0 1 1 0 0 0.009999999776482582 0 0.9702499826602201 -0.24210528938427306 0 0 0.24210528938427306 0.9702499826602201 0 0 0 0 1 1 0 0 0.009999999776482582 0 0.9748082920024584 -0.22304437639906916 0 0 0.22304437639906916 0.9748082920024584 0 0 0 0 1 1 0 0 0.009999999776482582 0 0.9830731197443812 -0.1832136491532483 0 0 0.1832136491532483 0.9830731197443812 0 0 0 0 1 1 0 0 0.009999999776482582 0 0.9926989773994185 -0.12061815895688702 0 0 0.12061815895688702 0.9926989773994185 0 0 0 0 1 1 0 0 0.009999999776482582 0 0.9984150894536358 -0.05627885172325774 0 0 0.05627885172325774 0.9984150894536358 0 0 0 0 1 1 0 0 0.009999999776482582 0 0.999965593711635 0.008295263283187646 0 0 -0.008295263283187646 0.999965593711635 0 0 0 0 1 1 0 0 0.009999999776482582 0 0.9973440211279323 0.07283476862300328 0 0 -0.07283476862300328 0.9973440211279323 0 0 0 0 1 1 0 0 0.009999999776482582 0 0.9989337678045224 0.04616630307768412 0 0 -0.04616630307768412 0.9989337678045224 0 0 0 0 1 1 0 0 0.009999999776482582 0 0.9998105411386168 0.019464887056090296 0 0 -0.019464887056090296 0.9998105411386168 0 0 0 0 1 1 0 0 0.009999999776482582 0 0.9974510173872073 -0.07135452272438758 0 0 0.07135452272438758 0.9974510173872073 0 0 0 0 1 1 0 0 0.009999999776482582 0 0.9858722284815711 -0.16749910181484856 0 0 0.16749910181484856 0.9858722284815711 0 0 0 0 1 1 0 0 0.009999999776482582 0 0.9681530145983966 -0.2503592225663691 0 0 0.2503592225663691 0.9681530145983966 0 0 0 0 1 1 0 0 0.009999999776482582 0 0.9584496503211406 -0.2852617531308451 0 0 0.2852617531308451 0.9584496503211406 0 0 0 0 1</float_array>
				<technique_common>
					<accessor source="#anim_LArmEX_transform_output_array" count="56" stride="16">
						<param name="TRANSFORM" type="float4x4"/>
					</accessor>
				</technique_common>
			</source>
			<source id="anim_LArmEX_transform_interpolation">
				<Name_array id="anim_LArmEX_transform_interpolation_array" count="56">LINEAR LINEAR LINEAR LINEAR LINEAR LINEAR LINEAR LINEAR LINEAR LINEAR LINEAR LINEAR LINEAR LINEAR LINEAR LINEAR LINEAR LINEAR LINEAR LINEAR LINEAR LINEAR LINEAR LINEAR LINEAR LINEAR LINEAR LINEAR LINEAR LINEAR LINEAR LINEAR LINEAR LINEAR LINEAR LINEAR LINEAR LINEAR LINEAR LINEAR LINEAR LINEAR LINEAR LINEAR LINEAR LINEAR LINEAR LINEAR LINEAR LINEAR LINEAR LINEAR LINEAR LINEAR LINEAR LINEAR</Name_array>
				<technique_common>
					<accessor source="#anim_LArmEX_transform_interpolation_array" count="56" stride="1">
						<param name="INTERPOLATION" type="Name"/>
					</accessor>
				</technique_common>
			</source>
			<sampler id="anim_LArmEX_transform_sampler">
				<input semantic="INPUT" source="#anim_LArmEX_transform_input"/>
				<input semantic="OUTPUT" source="#anim_LArmEX_transform_output"/>
				<input semantic="INTERPOLATION" source="#anim_LArmEX_transform_interpolation"/>
			</sampler>
			<channel source="#anim_LArmEX_transform_sampler" target="LArmEX_bone_id/transform"/>
		</animation>
		<animation id="anim_RShoulder_transform" name="anim_RShoulder_transform">
			<source id="anim_RShoulder_transform_input">
				<float_array id="anim_RShoulder_transform_input_array" count="56">0 0.03333333333333333 0.06666666666666667 0.1 0.13333333333333333 0.16666666666666666 0.2 0.23333333333333334 0.26666666666666666 0.3 0.3333333333333333 0.36666666666666664 0.4 0.43333333333333335 0.4666666666666667 0.5 0.5333333333333333 0.5666666666666667 0.6 0.6333333333333333 0.6666666666666666 0.7 0.7333333333333333 0.7666666666666667 0.8 0.8333333333333334 0.8666666666666667 0.9 0.9333333333333333 0.9666666666666667 1 1.0333333333333334 1.0666666666666667 1.1 1.1333333333333333 1.1666666666666667 1.2 1.2333333333333334 1.2666666666666666 1.3 1.3333333333333333 1.3666666666666667 1.4 1.4333333333333333 1.4666666666666666 1.5 1.5333333333333334 1.5666666666666667 1.6 1.6333333333333333 1.6666666666666667 1.7 1.7333333333333334 1.7666666666666666 1.8 1.8333333333333333</float_array>
				<technique_common>
					<accessor source="#anim_RShoulder_transform_input_array" count="56" stride="1">
						<param name="TIME" type="float"/>
					</accessor>
				</technique_common>
			</source>
			<source id="anim_RShoulder_transform_output">
				<float_array id="anim_RShoulder_transform_output_array" count="896">-0.5324747429193935 -0.8450626133545993 -0.04837176514478159 12.299980163574219 0.8112808307432093 -0.49321870667230616 -0.31394063301380204 3.3299999237060547 0.24144163232867494 -0.20640854366714956 0.9482096030307178 -9.999999974752427e-7 0 0 0 1 -0.5125571278420988 -0.8567820275752899 -0.05665463725269117 12.299980163574219 0.8176571748627547 -0.46687767138868996 -0.33684118565599064 3.3299999237060547 0.26214868890329696 -0.21897442129767128 0.939855450440988 -9.999999974752427e-7 0 0 0 1 -0.4810238854179387 -0.8738162016626052 -0.07114258478132161 12.299980163574219 0.8296816929808539 -0.4275012488309047 -0.35898603117731664 3.3299999237060547 0.28327426637422287 -0.23170655571207888 0.9306276172831919 -9.999999974752427e-7 0 0 0 1 -0.4530981577470603 -0.8878939829572192 -0.07966388438047627 12.299980163574219 0.8534265469578817 -0.4062070813414236 -0.32658679706263255 3.3299999237060547 0.25761441806266794 -0.21596314985767356 0.9418039761594686 -9.999999974752427e-7 0 0 0 1 -0.41797528272908746 -0.9051093305754135 -0.07793434886406632 12.299980163574219 0.8884165732030264 -0.38932694538515156 -0.24318824407289708 3.3299999237060547 0.18977000681280248 -0.17088484222538247 0.9668431699153048 -9.999999974752427e-7 0 0 0 1 -0.386336101382007 -0.9195995749727809 -0.071281403457234 12.299980163574219 0.9146777903335676 -0.3720210396609167 -0.15800280351979 3.3299999237060547 0.11878112913865724 -0.12624170372540117 0.9848624653224701 -9.999999974752427e-7 0 0 0 1 -0.3579109146436046 -0.9314951570962645 -0.06493496350337206 12.299980163574219 0.9325199813971391 -0.3529953403673487 -0.07616281227751065 3.3299999237060547 0.04802355124371889 -0.08781265276226138 0.9949787317027416 -9.999999974752427e-7 0 0 0 1 -0.3432187560552642 -0.9373696632695058 -0.05948949381101197 12.299980163574219 0.9390429818437008 -0.3411048930382472 -0.042961962192816866 3.3299999237060547 0.019979082610773274 -0.07060854287817696 0.9973040007593735 -9.999999974752427e-7 0 0 0 1 -0.3390140213723132 -0.9387876216672694 -0.06121515104355092 12.299980163574219 0.940401548252212 -0.3363103548666442 -0.05040112354218558 3.3299999237060547 0.0267286617288548 -0.07465351039156738 0.9968512587284025 -9.999999974752427e-7 0 0 0 1 -0.33760266285087526 -0.9389569406245282 -0.06621408980741669 12.299980163574219 0.9402407148020189 -0.3330729144786313 -0.07078016579027699 3.3299999237060547 0.044405408055629245 -0.08615275557831448 0.9952918478726108 -9.999999974752427e-7 0 0 0 1 -0.3364323906036333 -0.9390093003759133 -0.0712374926584451 12.299980163574219 0.9396588021171896 -0.32975123857234023 -0.09113427600906328 3.3299999237060547 0.06208528131862563 -0.09759945936092711 0.9932873518655323 -9.999999974752427e-7 0 0 0 1 -0.3355041557135192 -0.9389454981184395 -0.07627786744576907 12.299980163574219 0.9386564060168865 -0.32634654716888223 -0.11145439692722237 3.3299999237060547 0.07975658557398867 -0.10899212225690522 0.9908378294875074 -9.999999974752427e-7 0 0 0 1 -0.3341307434414096 -0.9393347035270524 -0.07750458719995652 12.299980163574219 0.9378687749932259 -0.32318835267165946 -0.1262990482548672 3.3299999237060547 0.09358849918658364 -0.11488952714292011 0.9889598522553275 -9.999999974752427e-7 0 0 0 1 -0.3317415998279043 -0.9400551055339896 -0.07901841243091645 12.299980163574219 0.9385978271031559 -0.32048867203630116 -0.1277541782238159 3.3299999237060547 0.09477146142619622 -0.11654788567746706 0.9886531041994735 -9.999999974752427e-7 0 0 0 1 -0.3125426970303824 -0.9464674387974803 -0.08072453052890825 12.299980163574219 0.9450305198965367 -0.3012174049609577 -0.1272218197192129 3.3299999237060547 0.09609567626618885 -0.11604939571029388 0.9885839158909169 -9.999999974752427e-7 0 0 0 1 -0.2932182148468123 -0.9524538504794429 -0.082793364401573 12.299980163574219 0.9511070325928173 -0.2818168880668528 -0.12639087843986488 3.3299999237060547 0.09704891052729225 -0.11580545888341354 0.9885194002437523 -9.999999974752427e-7 0 0 0 1 -0.27377473576311795 -0.9580433891663137 -0.08485433714641782 12.299980163574219 0.9567880049781655 -0.26229825048617106 -0.12552426586837978 3.3299999237060547 0.0980005489154869 -0.1155529846720408 0.9884550572209373 -9.999999974752427e-7 0 0 0 1 -0.25420276162702704 -0.9632472893802504 -0.08680792292638521 12.299980163574219 0.9620859071423069 -0.2426769087683991 -0.12449347464336707 3.3299999237060547 0.09885172360337167 -0.11516326433465895 0.9884157825978034 -9.999999974752427e-7 0 0 0 1 -0.23452747662982176 -0.9680498232342853 -0.08874909825861563 12.299980163574219 0.9669835513963583 -0.22295345618709828 -0.12342839099297284 3.3299999237060547 0.09969791389259289 -0.11476626730140144 0.9883769674851637 -9.999999974752427e-7 0 0 0 1 -0.21475706697893937 -0.9724489913641446 -0.09067723737223952 12.299980163574219 0.9714789218188177 -0.20313609494094043 -0.12232919272967228 3.3299999237060547 0.10053908018453044 -0.11436208343241801 0.9883386096013073 -9.999999974752427e-7 0 0 0 1 -0.1948997581937597 -0.9764429620496992 -0.09259171733812827 12.299980163574219 0.975570169788781 -0.18323306628942126 -0.12119606939362973 3.3299999237060547 0.1013751847066281 -0.11395080202344515 0.9883007065887945 -9.999999974752427e-7 0 0 0 1 -0.18330910885399798 -0.9785646040352604 -0.09385673305878524 12.299980163574219 0.9777921669369488 -0.17162849217803 -0.12027526324827942 3.3299999237060547 0.10158862578015408 -0.11381992972239438 0.9882938706225436 -9.999999974752427e-7 0 0 0 1 -0.18138248000527613 -0.9787778573459538 -0.09536404939179355 12.299980163574219 0.9781015460725322 -0.16948797683051575 -0.1207940034952966 3.3299999237060547 0.10206743612758562 -0.11518564007359337 0.9880862851002324 -9.999999974752427e-7 0 0 0 1 -0.17945668490335964 -0.9789846316978008 -0.09687305684769862 12.299980163574219 0.9784063395636178 -0.1673467472646235 -0.12130993727503418 3.3299999237060547 0.10254917330343932 -0.11655109214190719 0.9878762624819516 -9.999999974752427e-7 0 0 0 1 -0.18409571998954544 -0.9780232559674912 -0.09787377926839552 12.299980163574219 0.9775458623143752 -0.1717941310996336 -0.12202812623230232 3.3299999237060547 0.10253220447047698 -0.1181409637106013 0.9876891513730192 -9.999999974752427e-7 0 0 0 1 -0.1889739488409823 -0.9770194190447057 -0.09859970318916764 12.299980163574219 0.9763058199446608 -0.1761515985521882 -0.12568834579901453 3.3299999237060547 0.10543145925970007 -0.12001528709733111 0.9871578081853556 -9.999999974752427e-7 0 0 0 1 -0.1938535053127184 -0.975991381923916 -0.09930579483704277 12.299980163574219 0.975032603779275 -0.18050231112111303 -0.12934580490817835 3.3299999237060547 0.1083154654025889 -0.12190052538927768 0.986614424111283 -9.999999974752427e-7 0 0 0 1 -0.19873418717169322 -0.9749391335381894 -0.09999204340852329 12.299980163574219 0.9737262514563572 -0.184846119996517 -0.13300037273250553 3.3299999237060547 0.11118412689749634 -0.12379659857216935 0.986059071307598 -9.999999974752427e-7 0 0 0 1 -0.2117690743539038 -0.9725718184311897 -0.0962180707598108 12.299980163574219 0.9711513285535088 -0.1983664285424398 -0.1323474860965333 3.3299999237060547 0.10963100015983455 -0.12146941187297478 0.9865222885384739 -9.999999974752427e-7 0 0 0 1 -0.24453221039572504 -0.9650188853519784 -0.09456505164703541 12.299980163574219 0.9641755241952586 -0.2316543317895079 -0.12923555666284417 3.3299999237060547 0.10280834898868604 -0.12277956457481928 0.9870945354428006 -9.999999974752427e-7 0 0 0 1 -0.29254206950257644 -0.9528077198021775 -0.08109615685422789 12.299980163574219 0.9525478427858861 -0.28290093420616547 -0.112337298477549 3.3299999237060547 0.08409366667653928 -0.1101113550486714 0.9903553628441866 -9.999999974752427e-7 0 0 0 1 -0.3402205823539346 -0.9378355313953711 -0.06866200838245302 12.299980163574219 0.938006430778901 -0.3333211861643828 -0.09508376660290722 3.3299999237060547 0.0662864327006429 -0.0967548598589824 0.9930984875295561 -9.999999974752427e-7 0 0 0 1 -0.36061506092841067 -0.930466223799123 -0.06472545249435391 12.299980163574219 0.9316368191605668 -0.3559946783551995 -0.07294262243132854 3.3299999237060547 0.04482872980556121 -0.08660482291291985 0.9952336357018093 -9.999999974752427e-7 0 0 0 1 -0.36050274768298296 -0.9307126617762166 -0.061739048603376104 12.299980163574219 0.9324413204201195 -0.3578649639341678 -0.04985831486905162 3.3299999237060547 0.02430952254167475 -0.07554209950635035 0.9968462460760779 -9.999999974752427e-7 0 0 0 1 -0.35938325986378183 -0.9313368637793181 -0.058781958927763944 12.299980163574219 0.9331822396558694 -0.3584088297678758 -0.026721121519828785 3.3299999237060547 0.0038183924021801853 -0.06445740384258239 0.9979131540215999 -9.999999974752427e-7 0 0 0 1 -0.3585542169396676 -0.9319804063231305 -0.05339846200551121 12.299980163574219 0.9333994581359355 -0.3588010594938129 -0.005220273714963926 3.3299999237060547 -0.014294231924927504 -0.05171384665531612 0.9985596391792464 -9.999999974752427e-7 0 0 0 1 -0.35799258162752245 -0.9324899946176697 -0.04799709822062031 12.299980163574219 0.933161481724279 -0.3590884675455719 0.0162825520702635 3.3299999237060547 -0.03241852133903878 -0.03896001044290161 0.9987147525997998 -9.999999974752427e-7 0 0 0 1 -0.35888111853742166 -0.9321987606888851 -0.047008651623243615 12.299980163574219 0.9326364800299614 -0.36015317065679464 0.021883550515871358 3.3299999237060547 -0.03733013360077977 -0.035988390294150574 0.9986547435872839 -9.999999974752427e-7 0 0 0 1 -0.3753460885467881 -0.9252708908702237 -0.054672592044362596 12.299980163574219 0.9268844610217205 -0.37464700891832536 -0.022908832904079728 3.3299999237060547 0.0007139531507226737 -0.059273916833417706 0.9982415003665814 -9.999999974752427e-7 0 0 0 1 -0.41099187099072454 -0.909180362239262 -0.06690852634775274 12.299980163574219 0.9076470075739151 -0.4012276898177878 -0.1232609044490513 3.3299999237060547 0.08522084030130611 -0.11138855346024276 0.9901161540629331 -9.999999974752427e-7 0 0 0 1 -0.44858680403882634 -0.8909413300290395 -0.07066417542375161 12.299980163574219 0.8774702315848052 -0.4240248898030987 -0.22416263183229146 3.3299999237060547 0.16975238415038849 -0.1625621089724082 0.9719864653387422 -9.999999974752427e-7 0 0 0 1 -0.47127642359827826 -0.8793221424983483 -0.0684916219148795 12.299980163574219 0.8562250094642007 -0.43749873992213617 -0.2747245633986388 3.3299999237060547 0.21160639340163123 -0.18811544933539506 0.9590804512619869 -9.999999974752427e-7 0 0 0 1 -0.4798247002560483 -0.874859544907976 -0.06624978269853125 12.299980163574219 0.8499078384234423 -0.4447393813364211 -0.282601395741227 3.3299999237060547 0.21777264109751154 -0.19190533961280654 0.9569469250786627 -9.999999974752427e-7 0 0 0 1 -0.4827177834059089 -0.8733579898678555 -0.0650335537831448 12.299980163574219 0.8475997501334641 -0.4472129361692221 -0.2856138184622599 3.3299999237060547 0.22035926383380272 -0.1929932932950844 0.9561356512471136 -9.999999974752427e-7 0 0 0 1 -0.4856053045778965 -0.8718463545172829 -0.0638076976604908 12.299980163574219 0.845273305585042 -0.44968157605222014 -0.28861656055141344 3.3299999237060547 0.22293615012183335 -0.19408867631604804 0.955316208746999 -9.999999974752427e-7 0 0 0 1 -0.48848719232928195 -0.8703246392810877 -0.06257223977532418 12.299980163574219 0.8429285545811491 -0.45214523602426526 -0.29160956330733906 3.3299999237060547 0.22550324787459447 -0.195191464467089 0.9544886470761202 -9.999999974752427e-7 0 0 0 1 -0.49136337528657603 -0.8687928448432052 -0.06132720584075088 12.299980163574219 0.840565547329363 -0.4546038511815855 -0.2945927682984754 3.3299999237060547 0.22806050528285646 -0.1963016333098664 0.9536530158763233 -9.999999974752427e-7 0 0 0 1 -0.4942337821473288 -0.8672509721469936 -0.06007262183759403 12.299980163574219 0.8381843344407585 -0.4570573566794489 -0.297566117364358 3.3299999237060547 0.23060787081635092 -0.19741915817693748 0.9528093649320721 -9.999999974752427e-7 0 0 0 1 -0.4970983416819126 -0.8656990223955366 -0.058808514013752436 12.299980163574219 0.8357849669287843 -0.4595056877338144 -0.30052955261692027 3.3299999237060547 0.23314529322494287 -0.19854401417239298 0.9519577441690193 -9.999999974752427e-7 0 0 0 1 -0.49995698273532163 -0.8641369970519459 -0.0575349088835526 12.299980163574219 0.8333674962081363 -0.4619487796229942 -0.30348301644179065 3.3299999237060547 0.235672721539798 -0.1996761761725011 0.951098203652574 -9.999999974752427e-7 0 0 0 1 -0.5065364227538454 -0.8604285385359848 -0.05553001437572633 12.299980163574219 0.8288475491217705 -0.46817643847314794 -0.30630468944081524 3.3299999237060547 0.23755545192348895 -0.20118039798009535 0.9503125037218006 -9.999999974752427e-7 0 0 0 1 -0.5130834487039428 -0.8566694537100457 -0.05350534315562372 12.299980163574219 0.824272137403649 -0.47437400758997295 -0.30910312910588456 3.3299999237060547 0.23941766469099385 -0.20269866305222886 0.9495222134477685 -9.999999974752427e-7 0 0 0 1 -0.5196518573605191 -0.8527625886528137 -0.05251585033030916 12.299980163574219 0.819908236656323 -0.48046033389805354 -0.31130106169701793 3.3299999237060547 0.24023411623847774 -0.20482635314998793 0.9488591752469878 -9.999999974752427e-7 0 0 0 1 -0.5261890772416158 -0.8488061884495798 -0.051508343414577704 12.299980163574219 0.8154936009895647 -0.4865146733111976 -0.31348629858092997 3.3299999237060547 0.2410295453605018 -0.20695779063035016 0.9481947221750994 -9.999999974752427e-7 0 0 0 1 -0.530730068396728 -0.8460847899047772 -0.04966007240624702 12.299980163574219 0.8125583809866113 -0.49128968410987617 -0.3136611607700818 3.3299999237060547 0.24098645602610452 -0.20682111734300054 0.9482354947126643 -9.999999974752427e-7 0 0 0 1 -0.5324747429193935 -0.8450626133545993 -0.04837176514478159 12.299980163574219 0.8112808307432093 -0.49321870667230616 -0.31394063301380204 3.3299999237060547 0.24144163232867494 -0.20640854366714956 0.9482096030307178 -9.999999974752427e-7 0 0 0 1</float_array>
				<technique_common>
					<accessor source="#anim_RShoulder_transform_output_array" count="56" stride="16">
						<param name="TRANSFORM" type="float4x4"/>
					</accessor>
				</technique_common>
			</source>
			<source id="anim_RShoulder_transform_interpolation">
				<Name_array id="anim_RShoulder_transform_interpolation_array" count="56">LINEAR LINEAR LINEAR LINEAR LINEAR LINEAR LINEAR LINEAR LINEAR LINEAR LINEAR LINEAR LINEAR LINEAR LINEAR LINEAR LINEAR LINEAR LINEAR LINEAR LINEAR LINEAR LINEAR LINEAR LINEAR LINEAR LINEAR LINEAR LINEAR LINEAR LINEAR LINEAR LINEAR LINEAR LINEAR LINEAR LINEAR LINEAR LINEAR LINEAR LINEAR LINEAR LINEAR LINEAR LINEAR LINEAR LINEAR LINEAR LINEAR LINEAR LINEAR LINEAR LINEAR LINEAR LINEAR LINEAR</Name_array>
				<technique_common>
					<accessor source="#anim_RShoulder_transform_interpolation_array" count="56" stride="1">
						<param name="INTERPOLATION" type="Name"/>
					</accessor>
				</technique_common>
			</source>
			<sampler id="anim_RShoulder_transform_sampler">
				<input semantic="INPUT" source="#anim_RShoulder_transform_input"/>
				<input semantic="OUTPUT" source="#anim_RShoulder_transform_output"/>
				<input semantic="INTERPOLATION" source="#anim_RShoulder_transform_interpolation"/>
			</sampler>
			<channel source="#anim_RShoulder_transform_sampler" target="RShoulder_bone_id/transform"/>
		</animation>
		<animation id="anim_RArm_transform" name="anim_RArm_transform">
			<source id="anim_RArm_transform_input">
				<float_array id="anim_RArm_transform_input_array" count="56">0 0.03333333333333333 0.06666666666666667 0.1 0.13333333333333333 0.16666666666666666 0.2 0.23333333333333334 0.26666666666666666 0.3 0.3333333333333333 0.36666666666666664 0.4 0.43333333333333335 0.4666666666666667 0.5 0.5333333333333333 0.5666666666666667 0.6 0.6333333333333333 0.6666666666666666 0.7 0.7333333333333333 0.7666666666666667 0.8 0.8333333333333334 0.8666666666666667 0.9 0.9333333333333333 0.9666666666666667 1 1.0333333333333334 1.0666666666666667 1.1 1.1333333333333333 1.1666666666666667 1.2 1.2333333333333334 1.2666666666666666 1.3 1.3333333333333333 1.3666666666666667 1.4 1.4333333333333333 1.4666666666666666 1.5 1.5333333333333334 1.5666666666666667 1.6 1.6333333333333333 1.6666666666666667 1.7 1.7333333333333334 1.7666666666666666 1.8 1.8333333333333333</float_array>
				<technique_common>
					<accessor source="#anim_RArm_transform_input_array" count="56" stride="1">
						<param name="TIME" type="float"/>
					</accessor>
				</technique_common>
			</source>
			<source id="anim_RArm_transform_output">
				<float_array id="anim_RArm_transform_output_array" count="896">0.6998518950859755 0.5179556972505078 -0.49186301002444693 8.720250129699707 -0.6840822334831893 0.2878955501414363 -0.6701847879812038 0 -0.2055208572802772 0.8055048403917261 0.5558085365737737 0 0 0 0 1 0.7202625896879439 0.4876971952993906 -0.4933287419086027 8.720250129699707 -0.6739026637819635 0.32322751261183313 -0.6643637368477762 0 -0.16455090897224017 0.810971898889151 0.5614691243234432 0 0 0 0 1 0.8594380095664033 0.34629386341137847 -0.3760942273901058 8.720250129699707 -0.5107880314896657 0.5507092796774058 -0.6601627649027968 0 -0.021491733281691405 0.7594734027211318 0.6501832479845465 0 0 0 0 1 0.9488722524693617 0.16957551869553716 -0.2662434824608092 8.720250129699707 -0.3055946904354407 0.704785779508725 -0.6402256556714562 0 0.07907802268258139 0.6888549545887134 0.7205730482520107 0 0 0 0 1 0.9693639724006604 0.03509932953053942 -0.243108054325887 8.720250129699707 -0.18032105711820376 0.7737401010131746 -0.6072977625875925 0 0.16678670621900696 0.6325300729219354 0.7563649261289062 0 0 0 0 1 0.9552846539040983 -0.010423417959579528 -0.29550394645988565 8.720250129699707 -0.17289719667750938 0.7910336297819852 -0.5868324768918263 0 0.2398703595619636 0.6116838635373482 0.7538601075077771 0 0 0 0 1 0.9253476235148411 0.026189868016278848 -0.3782140484814463 8.720250129699707 -0.26641299910542715 0.7546922446577032 -0.5995529415832843 0 0.2697329968007021 0.655556028625172 0.7053299963634788 0 0 0 0 1 0.8758209807634865 0.10666015671025172 -0.47070290059126374 8.720250129699707 -0.4159423267588524 0.6614898264240454 -0.6240378116331721 0 0.244805209227493 0.7423306679021358 0.6237111422983017 0 0 0 0 1 0.8304674026133534 0.17483510117490075 -0.5289202024821822 8.720250129699707 -0.5285548657980071 0.5471696221983574 -0.6490263156333166 0 0.1759364858063304 0.8185585452125393 0.5468164783742805 0 0 0 0 1 0.7932583595397132 0.2071602621740164 -0.5725607398314662 8.720250129699707 -0.5944481497587648 0.4670455624321048 -0.6545989916436322 0 0.1318050540333875 0.8596237946849028 0.4936338312380788 0 0 0 0 1 0.7509734888721982 0.21884132221936572 -0.6230146825720869 8.720250129699707 -0.6524570094409147 0.39119241971696916 -0.6490518789645408 0 0.10167924981301035 0.8939110506338213 0.43655969089255264 0 0 0 0 1 0.7360280816844563 0.20200423515363933 -0.6461090867275374 8.720250129699707 -0.6673675844108682 0.3765542209897656 -0.6425164791134882 0 0.1135040538901673 0.9041024320478207 0.4119655593805313 0 0 0 0 1 0.7331719826340892 0.1777606976351011 -0.6563992521755955 8.720250129699707 -0.6669745903244269 0.37628579281166397 -0.6430815640256377 0 0.132679085548408 0.9092910076011858 0.39444406923372366 0 0 0 0 1 0.733682791047077 0.15014223069177565 -0.6626966671745594 8.720250129699707 -0.6614869700766596 0.3808465672110071 -0.6460579545693965 0 0.15538516834039126 0.9123668137358403 0.3787377016529234 0 0 0 0 1 0.7506519624102819 0.10095751367419112 -0.6529389035448251 8.720250129699707 -0.6303293464148797 0.40560407546235666 -0.6619442944965365 0 0.1980064301425168 0.9084563359903723 0.3681039788173503 0 0 0 0 1 0.7557346159007462 0.05859063419088399 -0.6522517366128369 8.720250129699707 -0.6160356659668993 0.40151689236195715 -0.677705130130144 0 0.22218291695373532 0.9139755591552251 0.33953413478002914 0 0 0 0 1 0.7453235018395314 0.034146843238343765 -0.6658279587870383 8.720250129699707 -0.6296539949816763 0.3643347741903495 -0.6861457708965948 0 0.21915456693683835 0.9306418029577884 0.2930479660025024 0 0 0 0 1 0.7344322262960089 0.00821398199014838 -0.6786323271682195 8.720250129699707 -0.6423891959877424 0.3310216079083569 -0.6912024421079456 0 0.21896443970679288 0.9435874233994599 0.24838950973472831 0 0 0 0 1 0.7225367546790663 -0.011688753922459778 -0.6912336878144634 8.720250129699707 -0.6584355266909804 0.29312537318112986 -0.6932100495438556 0 0.21072089438167743 0.956002556810997 0.2040975650070877 0 0 0 0 1 0.7073747762223023 -0.0165665351186432 -0.7066445187494279 8.720250129699707 -0.6826704373331564 0.2431750347221211 -0.6890769017165299 0 0.18325392207482144 0.9698409418054375 0.16070640199487177 0 0 0 0 1 0.6920083142613033 -0.003365665945113971 -0.7218816837169199 8.720250129699707 -0.710499952323993 0.17375757761698624 -0.6819077078082346 0 0.1277274862386043 0.9847827052266012 0.11785038288331624 0 0 0 0 1 0.6783855292838781 0.02113571446195087 -0.7344020392349244 8.720250129699707 -0.7324769961838966 0.09726267863480217 -0.6738081488125527 0 0.057188492895412016 0.9950342973581193 0.08146301836652832 0 0 0 0 1 0.6892671218856995 0.039786751420099874 -0.7234140232942954 8.720250129699707 -0.7242837563910026 0.0626420272589776 -0.6866505782776448 0 0.01799652509632743 0.9972426940481041 0.07199398761102603 0 0 0 0 1 0.7011631850683804 0.032937552920395505 -0.7122396405089935 8.720250129699707 -0.7128162014405943 0.0551139678904152 -0.6991820317393577 0 0.016225007505888775 0.9979366553799848 0.06212230662526484 0 0 0 0 1 0.712809573736475 0.025831310052590917 -0.700881769637784 8.720250129699707 -0.7012013569772114 0.047341042772367295 -0.711389824668966 0 0.014804342705512466 0.9985447256333548 0.05185809818018719 0 0 0 0 1 0.7445651470781951 -0.0075417095696490325 -0.6675072017388224 8.720250129699707 -0.6658158286487441 0.06363530371404137 -0.7433974915494456 0 0.048083511490031386 0.9979447232878126 0.042359239662666796 0 0 0 0 1 0.7742199626751899 -0.05649379801131363 -0.6303902760841767 8.720250129699707 -0.6231716205644544 0.10606508592415725 -0.7748595542877256 0 0.1106371579456887 0.9927530651346074 0.04691237520679057 0 0 0 0 1 0.7952283682684573 -0.11549803947300061 -0.5952075647864197 8.720250129699707 -0.5782438728093631 0.15074791452779557 -0.8018161197082219 0 0.1823344889468689 0.9818020519144445 0.053092984443055165 0 0 0 0 1 0.8087740673001024 -0.17528512529944168 -0.561390802304071 8.720250129699707 -0.5273669357917293 0.20637179183335366 -0.8241934230319562 0 0.2603240732173873 0.9626452141803074 0.0744685740380356 0 0 0 0 1 0.8139251403881617 -0.2092989183818982 -0.5419592499517643 8.720250129699707 -0.48290384326852465 0.2749093869901845 -0.8314016520919172 0 0.32300115170166116 0.9384129110944971 0.12268440932144549 0 0 0 0 1 0.8173170084556715 -0.24344416441448513 -0.5222335172139042 8.720250129699707 -0.40821196086149975 0.39500407806053506 -0.82300350748047 0 0.40663977018816233 0.8858367327719482 0.22346673169230072 0 0 0 0 1 0.8096106928662835 -0.3005798130026602 -0.5041649551603743 8.720250129699707 -0.2774849197151526 0.5608947634156111 -0.7799994767329149 0 0.5172355801056726 0.7713940888989437 0.37070003275494434 0 0 0 0 1 0.7911934747155441 -0.37140324902312327 -0.4858729383106365 8.720250129699707 -0.09856431775551011 0.7066481507073001 -0.7006664444422492 0 0.6035710072832645 0.6022524534753019 0.5224882979072784 0 0 0 0 1 0.7704198627444343 -0.4302408591545173 -0.4704742694375856 8.720250129699707 0.0777188892748173 0.7958327797405869 -0.6005080856576865 0 0.6327819603455331 0.42607861927624757 0.6465632226293967 0 0 0 0 1 0.7521640568413528 -0.44909778031996916 -0.48224518173604897 8.720250129699707 0.15802179279582207 0.8333802011089315 -0.5296286938990664 0 0.6397486573628368 0.3221624188376314 0.6978058693441422 0 0 0 0 1 0.7469274515658709 -0.4609642137108081 -0.4791778122735756 8.720250129699707 0.23460853357348777 0.8570313230362081 -0.4587549970401462 0 0.6221400309189333 0.23023749697384946 0.7482863602361101 0 0 0 0 1 0.7649395058130491 -0.44683109671975446 -0.4639068047040373 8.720250129699707 0.1534484255305014 0.8259225624018631 -0.5424993102463365 0 0.6255566586238999 0.34379338550903216 0.7003463249932418 0 0 0 0 1 0.7976382734654287 -0.3474138536365643 -0.4930281929103871 8.720250129699707 -0.026879555943909283 0.7961528352911648 -0.6044982649520987 0 0.6025368654077095 0.4954233312624986 0.6257036428417373 0 0 0 0 1 0.849355141233512 -0.11432174340964785 -0.5152925218203537 8.720250129699707 -0.3702320702942321 0.5667779095946408 -0.7359966136614869 0 0.37619683436446905 0.815900324904524 0.43907015570959085 0 0 0 0 1 0.8883935250011117 0.16774734233801397 -0.4273380089280995 8.720250129699707 -0.4552762668569239 0.20230334944286932 -0.8670622097871752 0 -0.058995470783122825 0.9648493063389378 0.2560963695259038 0 0 0 0 1 0.8811077180074887 0.3883016516538116 -0.2699463216836965 8.720250129699707 -0.3080602581031886 0.03817424118773298 -0.9506006546847828 0 -0.358814808285601 0.9207413071176196 0.15325592556995857 0 0 0 0 1 0.8363986556898725 0.5261396228102089 -0.15366973049141908 8.720250129699707 -0.19215813990656858 0.01889771325317681 -0.9811820043709772 0 -0.5133347231853908 0.8501881990141548 0.11690803321092309 0 0 0 0 1 0.795442856476497 0.5854672017824444 -0.15652098171665482 8.720250129699707 -0.20144453119946104 0.011847870446660053 -0.9794282662940194 0 -0.5715686861002274 0.8106095136395289 0.12736346990697953 0 0 0 0 1 0.7847493279783622 0.5766869684682714 -0.22715772634093667 8.720250129699707 -0.2841121097974637 0.008964148741827493 -0.958749160679564 0 -0.5508618713470218 0.8169160204306251 0.17087836100527123 0 0 0 0 1 0.8038182429777011 0.5130591932711033 -0.30107556602329255 8.720250129699707 -0.3782135691256092 0.05011608448466068 -0.9243607922262791 0 -0.45916307384796234 0.856888932286986 0.2343301716351517 0 0 0 0 1 0.8412014366070696 0.4104221235497511 -0.35204236044986853 8.720250129699707 -0.44628252702207794 0.15937194403068045 -0.8805864463700711 0 -0.3053064839222885 0.8978609379836024 0.3172281307170203 0 0 0 0 1 0.8822567476690151 0.2906588656841362 -0.3703247966200793 8.720250129699707 -0.45327665378147425 0.3120393039019951 -0.8349681119402272 0 -0.12713499254399385 0.9045158354719777 0.4070476594347018 0 0 0 0 1 0.9162079025150286 0.17826839096002448 -0.35886412491852093 8.720250129699707 -0.40043560536152145 0.4400651156653588 -0.8037375317435327 0 0.014642586102315475 0.8800926512356289 0.4745761476446936 0 0 0 0 1 0.9376362072219631 0.0932173200580156 -0.33488636005011224 8.720250129699707 -0.3294679422948828 0.5455321932596008 -0.7706137171873761 0 0.11085674497470933 0.8328896429651236 0.542222855231169 0 0 0 0 1 0.9388834220038834 0.0845682913046331 -0.3336856664468712 8.720250129699707 -0.31300104534368206 0.6131892660593669 -0.7252787530345401 0 0.1432768840394016 0.7853961599698523 0.6021832000351472 0 0 0 0 1 0.9400492971807813 0.07590403045614359 -0.3324844312602198 8.720250129699707 -0.3053493513327304 0.621518884554168 -0.7214402607168686 0 0.15188512932673742 0.7797133154583519 0.6074356370730523 0 0 0 0 1 0.917892337058474 0.15594710292694286 -0.36490294416190466 8.720250129699707 -0.3823514069943529 0.593673808364169 -0.7080669536363229 0 0.10621233044600514 0.7894503849838046 0.6045552336306016 0 0 0 0 1 0.8769211593267462 0.27109350768967505 -0.3968848578788858 8.720250129699707 -0.4799887830630961 0.5367288126640805 -0.6939257523610248 0 0.02490077224993964 0.7990184551965708 0.6007906954977267 0 0 0 0 1 0.8144330212442669 0.3875490893505216 -0.43186173395025046 8.720250129699707 -0.5765339023283717 0.45628072769741235 -0.6778027419522139 0 -0.06563164917138054 0.8010078656764247 0.5950452804211992 0 0 0 0 1 0.7408022527167657 0.48074912540984627 -0.4691399586343431 8.720250129699707 -0.6527194854014224 0.3502372653967398 -0.6717820564027561 0 -0.158648339881221 0.8038744530989161 0.5732508769359634 0 0 0 0 1 0.6998518950859755 0.5179556972505078 -0.49186301002444693 8.720250129699707 -0.6840822334831893 0.2878955501414363 -0.6701847879812038 0 -0.2055208572802772 0.8055048403917261 0.5558085365737737 0 0 0 0 1</float_array>
				<technique_common>
					<accessor source="#anim_RArm_transform_output_array" count="56" stride="16">
						<param name="TRANSFORM" type="float4x4"/>
					</accessor>
				</technique_common>
			</source>
			<source id="anim_RArm_transform_interpolation">
				<Name_array id="anim_RArm_transform_interpolation_array" count="56">LINEAR LINEAR LINEAR LINEAR LINEAR LINEAR LINEAR LINEAR LINEAR LINEAR LINEAR LINEAR LINEAR LINEAR LINEAR LINEAR LINEAR LINEAR LINEAR LINEAR LINEAR LINEAR LINEAR LINEAR LINEAR LINEAR LINEAR LINEAR LINEAR LINEAR LINEAR LINEAR LINEAR LINEAR LINEAR LINEAR LINEAR LINEAR LINEAR LINEAR LINEAR LINEAR LINEAR LINEAR LINEAR LINEAR LINEAR LINEAR LINEAR LINEAR LINEAR LINEAR LINEAR LINEAR LINEAR LINEAR</Name_array>
				<technique_common>
					<accessor source="#anim_RArm_transform_interpolation_array" count="56" stride="1">
						<param name="INTERPOLATION" type="Name"/>
					</accessor>
				</technique_common>
			</source>
			<sampler id="anim_RArm_transform_sampler">
				<input semantic="INPUT" source="#anim_RArm_transform_input"/>
				<input semantic="OUTPUT" source="#anim_RArm_transform_output"/>
				<input semantic="INTERPOLATION" source="#anim_RArm_transform_interpolation"/>
			</sampler>
			<channel source="#anim_RArm_transform_sampler" target="RArm_bone_id/transform"/>
		</animation>
		<animation id="anim_RForeArm_transform" name="anim_RForeArm_transform">
			<source id="anim_RForeArm_transform_input">
				<float_array id="anim_RForeArm_transform_input_array" count="56">0 0.03333333333333333 0.06666666666666667 0.1 0.13333333333333333 0.16666666666666666 0.2 0.23333333333333334 0.26666666666666666 0.3 0.3333333333333333 0.36666666666666664 0.4 0.43333333333333335 0.4666666666666667 0.5 0.5333333333333333 0.5666666666666667 0.6 0.6333333333333333 0.6666666666666666 0.7 0.7333333333333333 0.7666666666666667 0.8 0.8333333333333334 0.8666666666666667 0.9 0.9333333333333333 0.9666666666666667 1 1.0333333333333334 1.0666666666666667 1.1 1.1333333333333333 1.1666666666666667 1.2 1.2333333333333334 1.2666666666666666 1.3 1.3333333333333333 1.3666666666666667 1.4 1.4333333333333333 1.4666666666666666 1.5 1.5333333333333334 1.5666666666666667 1.6 1.6333333333333333 1.6666666666666667 1.7 1.7333333333333334 1.7666666666666666 1.8 1.8333333333333333</float_array>
				<technique_common>
					<accessor source="#anim_RForeArm_transform_input_array" count="56" stride="1">
						<param name="TIME" type="float"/>
					</accessor>
				</technique_common>
			</source>
			<source id="anim_RForeArm_transform_output">
				<float_array id="anim_RForeArm_transform_output_array" count="896">0.728807824404426 -0.0000028285349405771066 -0.6847183034495913 19.180002212524414 0.000002815326712742318 0.9999999999953936 -0.00000113433918758952 -0.000007999999979801942 0.6847183034496457 -0.0000011009904549614324 0.7288078244090321 -1.8599979877471924 0 0 0 1 0.7733890221572538 -0.0000028758692147863708 -0.6339317158798542 19.180002212524414 0.0000028637458212344874 0.9999999999953557 -0.0000010428246731022424 -0.000007999999979801942 0.633931715879909 -0.0000010089101480869396 0.7733890221618978 -1.8599979877471924 0 0 0 1 0.6359509186601069 -0.000002728693480171529 -0.7717295051039064 19.180002212524414 0.0000027135238953844533 0.9999999999954737 -0.0000012997111804714985 -0.000007999999979801942 0.7717295051039599 -0.0000012675539336590071 0.6359509186646328 -1.8599979877471924 0 0 0 1 0.4472764043004692 -0.0000025203746977064827 -0.8943957838393978 19.180002212524414 0.000002502034949508299 0.9999999999956426 -0.0000015667264172803188 -0.000007999999979801942 0.8943957838394493 -0.0000015370497514153458 0.4472764043048264 -1.8599979877471924 0 0 0 1 0.3555202489927778 -0.0000024161832066462617 -0.9346685789895133 19.180002212524414 0.0000023965745154361094 0.999999999995728 -0.0000016734834928006043 -0.000007999999979801942 0.9346685789895637 -0.0000016450456287393738 0.3555202489970496 -1.8599979877471924 0 0 0 1 0.26019428284460333 -0.000002305707683602268 -0.9655562827560425 19.180002212524414 0.000002284924333916228 0.9999999999958191 -0.0000017722254680905641 -0.000007999999979801942 0.9655562827560921 -0.0000017451001115262121 0.2601942828487839 -1.8599979877471924 0 0 0 1 0.1622556824676774 -0.0000021895932712073545 -0.9867487489235313 19.180002212524414 0.0000021677343814949075 0.9999999999959159 -0.0000018625471293733907 -0.000007999999979801942 0.9867487489235794 -0.0000018368003333339313 0.16225568247176125 -1.8599979877471924 0 0 0 1 0.24505004369335115 -0.0000022879328412389736 -0.9695104311355562 19.180002212524414 0.0000022669749182986663 0.9999999999958339 -0.0000017868921084423057 -0.000007999999979801942 0.9695104311356055 -0.000001759977841164141 0.24505004369751693 -1.8599979877471924 0 0 0 1 0.3043361981149707 -0.000002357160845404525 -0.9525646846862259 19.180002212524414 0.0000023369046885056127 0.9999999999957766 -0.0000017279206164145149 -0.000007999999979801942 0.9525646846862759 -0.0000017001840867040423 0.3043361981191939 -1.8599979877471924 0 0 0 1 0.34146208331019123 -0.000002400038694853057 -0.9398955503968002 19.180002212524414 0.0000023802481330798723 0.9999999999957412 -0.0000016887772347215412 -0.000007999999979801942 0.9398955503968506 -0.0000016605312363072208 0.3414620833144497 -1.8599979877471924 0 0 0 1 0.3997719971959077 -0.000002466683498054473 -0.916614613811012 19.180002212524414 0.000002447668394222423 0.9999999999956865 -0.000001623554974129037 -0.000007999999979801942 0.916614613811063 -0.0000015945168053426905 0.39977199720022094 -1.8599979877471924 0 0 0 1 0.4145758397902214 -0.000002483472165322289 -0.9100147652956325 19.180002212524414 0.00000246466312046947 0.9999999999956728 -0.0000016062183143457833 -0.000007999999979801942 0.9100147652956836 -0.000001576980524550489 0.4145758397945484 -1.8599979877471924 0 0 0 1 0.4124549519662569 -0.000002481070110211147 -0.9109779978640303 19.180002212524414 0.0000024622313052929614 0.9999999999956747 -0.0000016087222950303693 -0.000007999999979801942 0.9109779978640814 -0.0000015795130678501218 0.4124549519705819 -1.8599979877471924 0 0 0 1 0.3996118557071303 -0.0000024665016002429217 -0.9166844412185798 19.180002212524414 0.0000024474842884487174 0.9999999999956867 -0.0000016237407279789626 -0.000007999999979801942 0.9166844412186309 -0.0000015947047218529461 0.3996118557114434 -1.8599979877471924 0 0 0 1 0.3362388530055038 -0.0000023940275954102457 -0.9417767430361677 19.180002212524414 0.0000023741702537615653 0.9999999999957462 -0.0000016943923538513258 -0.000007999999979801942 0.9417767430362178 -0.0000016662177874006528 0.3362388530097574 -1.8599979877471924 0 0 0 1 0.2753743052873968 -0.0000023234611983479746 -0.961337085512717 19.180002212524414 0.000002302856018203631 0.9999999999958045 -0.000001757254398697754 -0.000007999999979801942 0.9613370855127665 -0.0000017299181836406827 0.2753743052915921 -1.8599979877471924 0 0 0 1 0.22705514906825708 -0.000002266728681568595 -0.9738819021197868 19.180002212524414 0.0000022455673606957697 0.9999999999958515 -0.0000018039775109379826 -0.000007999999979801942 0.9738819021198358 -0.0000017773150299106973 0.22705514907240532 -1.8599979877471924 0 0 0 1 0.1387673190287897 -0.0000021613194778395102 -0.9903250128947015 19.180002212524414 0.0000021392206756452315 0.9999999999959396 -0.0000018826804691226484 -0.000007999999979801942 0.9903250128947495 -0.0000018572692219049626 0.13876731903284978 -1.8599979877471924 0 0 0 1 0.04936031434983246 -0.0000020520539769236646 -0.9987810367458301 19.180002212524414 0.0000020291013839872684 0.9999999999960317 -0.0000019542790891522994 -0.000007999999979801942 0.9987810367458769 -0.0000019301641537933404 0.049360314353800394 -1.8599979877471924 0 0 0 1 -0.038737918736410526 -0.000001941606876538544 -0.9992494051277697 19.180002212524414 0.000001917900404582877 0.9999999999961259 -0.000002017416609110233 -0.000007999999979801942 0.9992494051278155 -0.000001994611359034945 -0.038737918732536736 -1.8599979877471924 0 0 0 1 -0.10302989133156815 -0.0000018590539112198113 -0.9946782602875913 19.180002212524414 0.0000018348495751679833 0.9999999999961968 -0.000002059056023763811 -0.000007999999979801942 0.9946782602876362 -0.000002037229301691512 -0.10302989132776541 -1.8599979877471924 0 0 0 1 -0.13708010148477157 -0.0000018145998153876817 -0.9905599657636239 19.180002212524414 0.0000017901492838808552 0.9999999999962352 -0.0000020796253958235403 -0.000007999999979801942 0.9905599657636683 -0.000002058325473662595 -0.13708010148100724 -1.8599979877471924 0 0 0 1 -0.17236505377316513 -0.0000017679586296332634 -0.9850331406783469 19.180002212524414 0.0000017432656460919683 0.9999999999962758 -0.000002099865091880864 -0.000007999999979801942 0.9850331406783909 -0.000002079117793885077 -0.17236505376944122 -1.8599979877471924 0 0 0 1 -0.22317307657268204 -0.0000016996969222815305 -0.9747788353725141 19.180002212524414 0.0000016746774548442767 0.9999999999963355 -0.000002127087465278663 -0.000007999999979801942 0.9747788353725574 -0.000002107148792823137 -0.22317307656901786 -1.8599979877471924 0 0 0 1 -0.2733815212549955 -0.0000016308538544720697 -0.9619056834397256 19.180002212524414 0.0000016055381425254592 0.9999999999963961 -0.0000021517476712491186 -0.000007999999979801942 0.9619056834397682 -0.0000021326243159974757 -0.2733815212513919 -1.8599979877471924 0 0 0 1 -0.31754095568666374 -0.0000015690542034927018 -0.9482445578325976 19.180002212524414 0.000001543499923316381 0.999999999996451 -0.0000021715691666567252 -0.000007999999979801942 0.9482445578326396 -0.000002153177550819658 -0.317540955683115 -1.8599979877471924 0 0 0 1 -0.3610219060733644 -0.0000015069471043065013 -0.9325573351450751 19.180002212524414 0.0000014811784706175346 0.9999999999965065 -0.000002189339895847574 -0.000007999999979801942 0.9325573351451164 -0.0000021716835096746983 -0.36102190606987117 -1.8599979877471924 0 0 0 1 -0.37830048057848553 -0.0000014818932271452912 -0.9256828541092734 19.180002212524414 0.0000014560452028971262 0.999999999996529 -0.000002195909558134879 -0.000007999999979801942 0.9256828541093145 -0.000002178549720279243 -0.37830048057501475 -1.8599979877471924 0 0 0 1 -0.363518724109831 -0.000001503340317166059 -0.93158689193188 19.180002212524414 0.0000014775600053769448 0.9999999999965097 -0.0000021903067365833625 -0.000007999999979801942 0.9315868919319213 -0.000002172693043343912 -0.3635187241063411 -1.8599979877471924 0 0 0 1 -0.31309223962208077 -0.0000015753363310948723 -0.9497227224226805 19.180002212524414 0.0000015498051408099835 0.9999999999964454 -0.0000021696525153646 -0.000007999999979801942 0.9497227224227225 -0.000002151186522791907 -0.3130922396185265 -1.8599979877471924 0 0 0 1 -0.23633136274798838 -0.0000016817936603740305 -0.9716725204403237 19.180002212524414 0.0000016566940074403707 0.9999999999963513 -0.000002133766643789777 -0.000007999999979801942 0.9716725204403668 -0.0000021140400205210035 -0.23633136274433997 -1.8599979877471924 0 0 0 1 -0.1347723467545563 -0.0000018176295541234506 -0.990876588958971 19.180002212524414 0.0000017931953286429215 0.9999999999962327 -0.000002078263549359512 -0.000007999999979801942 0.9908765889590156 -0.0000020569277263044945 -0.1347723467507893 -1.8599979877471924 0 0 0 1 -0.017394138887557364 -0.0000019686371133186787 -0.999848710519989 19.180002212524414 0.000001945105582266577 0.9999999999961028 -0.0000020027735485286514 -0.000007999999979801942 0.999848710520035 -0.000001979647829517903 -0.01739413888366048 -1.8599979877471924 0 0 0 1 0.10022511943734014 -0.000002114544035270034 -0.9949647860247617 19.180002212524414 0.0000020920658438125216 0.999999999995979 -0.000001914506435755642 -0.000007999999979801942 0.9949647860248092 -0.000001889650208451472 0.10022511944136092 -1.8599979877471924 0 0 0 1 0.223575287134273 -0.0000022626176051884394 -0.9746866629731364 19.180002212524414 0.0000022414174488848915 0.999999999995855 -0.00000180723931328216 -0.000007999999979801942 0.9746866629731855 -0.000001780625645195969 0.2235752871384178 -1.8599979877471924 0 0 0 1 0.24523823513161525 -0.0000022881541135855817 -0.969462845097374 19.180002212524414 0.000002267198340796348 0.9999999999958338 -0.000001786711478985919 -0.000007999999979801942 0.9694628450974233 -0.0000017597945840725686 0.24523823513578125 -1.8599979877471924 0 0 0 1 0.11431359469357405 -0.000002131698007613393 -0.9934447151521263 19.180002212524414 0.000002109356467900831 0.9999999999959646 -0.0000019030448885919162 -0.000007999999979801942 0.993444715152174 -0.0000018779851333298618 0.11431359469760927 -1.8599979877471924 0 0 0 1 -0.027233255129178735 -0.0000019561990424231443 -0.999629106124488 19.180002212524414 0.000001932586262525912 0.9999999999961133 -0.0000020095749962205358 -0.000007999999979801942 0.9996291061245339 -0.000001986596746690534 -0.02723325512529251 -1.8599979877471924 0 0 0 1 -0.06785144459498826 -0.0000019044401804270535 -0.9976954352219654 19.180002212524414 0.0000018805028795238947 0.9999999999961577 -0.000002036728790794141 -0.000007999999979801942 0.9976954352220107 -0.000002014364129526337 -0.06785144459114645 -1.8599979877471924 0 0 0 1 -0.010193190746432546 -0.000001977716205576896 -0.9999480480797468 19.180002212524414 0.00000195424479578882 0.999999999996095 -0.0000019977399819661012 -0.000007999999979801942 0.999948048079793 -0.000001974506613716989 -0.010193190742527891 -1.8599979877471924 0 0 0 1 0.07481705315444809 -0.000002083439950391321 -0.9971972766473763 19.180002212524414 0.0000020607211113030117 0.9999999999960052 -0.0000019346852570119513 -0.000007999999979801942 0.9971972766474236 -0.000001910198030410127 0.07481705315844267 -1.8599979877471924 0 0 0 1 0.1353639211572074 -0.000002157208317579286 -0.9907959471275061 19.180002212524414 0.000002135075305669007 0.999999999995943 -0.0000018855508620574073 -0.000007999999979801942 0.990795947127554 -0.0000018601884014394298 0.13536392116126406 -1.8599979877471924 0 0 0 1 0.18530911052009214 -0.0000022171784347066347 -0.9826802804337412 19.180002212524414 0.000002195561608217764 0.9999999999958928 -0.0000018422277337117025 -0.000007999999979801942 0.9826802804337899 -0.0000018161535141634276 0.18530911052419907 -1.8599979877471924 0 0 0 1 0.21853958682225505 -0.0000022566623299371144 -0.9758280837250307 19.180002212524414 0.000002235406257421712 0.99999999999586 -0.0000018119355238285742 -0.000007999999979801942 0.9758280837250796 -0.0000017853925638007088 0.21853958682639485 -1.8599979877471924 0 0 0 1 0.22206141145713598 -0.0000022608280445321295 -0.9750326812658914 19.180002212524414 0.0000022396110431693342 0.9999999999958564 -0.0000018086540985190678 -0.000007999999979801942 0.9750326812659404 -0.0000017820616784592178 0.22206141146127922 -1.8599979877471924 0 0 0 1 0.21978012659266621 -0.000002258130082696533 -0.9755494328581267 19.180002212524414 0.00000223688775416705 0.9999999999958588 -0.0000018107812371202148 -0.000007999999979801942 0.9755494328581755 -0.0000017842208504190486 0.21978012659680723 -1.8599979877471924 0 0 0 1 0.21749763924676302 -0.000002255429200264821 -0.976060846933734 19.180002212524414 0.0000022341615995523644 0.999999999995861 -0.0000018129037059686593 -0.000007999999979801942 0.9760608469337828 -0.0000017863753868160155 0.21749763925090182 -1.8599979877471924 0 0 0 1 0.20480427446778815 -0.0000022403815327315596 -0.9788029470504797 19.180002212524414 0.0000022189746266889346 0.9999999999958735 -0.0000018246022344155759 -0.000007999999979801942 0.9788029470505285 -0.0000017982525672215787 0.2048042744719144 -1.8599979877471924 0 0 0 1 0.1994717685729397 -0.0000022340459538433745 -0.9799035735915002 19.180002212524414 0.000002212581146456457 0.9999999999958787 -0.000001829464171529485 -0.000007999999979801942 0.9799035735915488 -0.0000018031897184380468 0.19947176857706062 -1.8599979877471924 0 0 0 1 0.19413334893898682 -0.000002227694961857479 -0.980975148933331 19.180002212524414 0.0000022061725536175387 0.9999999999958841 -0.0000018343005912370484 -0.000007999999979801942 0.9809751489333797 -0.0000018081015326199802 0.19413334894310252 -1.8599979877471924 0 0 0 1 0.23279811889831492 -0.0000022735058215693897 -0.9725250823666388 19.180002212524414 0.0000022524089434865613 0.9999999999958459 -0.0000017985646727691385 -0.000007999999979801942 0.9725250823666879 -0.0000017718217207500023 0.2327981189024687 -1.8599979877471924 0 0 0 1 0.3139541062273259 -0.000002368303058858766 -0.9494381597436415 19.180002212524414 0.000002348165519316388 0.9999999999957674 -0.0000017179495422833558 -0.000007999999979801942 0.9494381597436915 -0.000001690080636342008 0.3139541062315583 -1.8599979877471924 0 0 0 1 0.4329838975327365 -0.000002504276209618205 -0.9014016554628071 19.180002212524414 0.000002485728896430867 0.9999999999956557 -0.0000015841945875812314 -0.000007999999979801942 0.9014016554628584 -0.0000015547093952933326 0.43298389753708044 -1.8599979877471924 0 0 0 1 0.5575290796734129 -0.0000026430247197822056 -0.8301574099600217 19.180002212524414 0.0000026264291233962927 0.9999999999955429 -0.0000014198682004568335 -0.000007999999979801942 0.8301574099600744 -0.0000013887317874639932 0.5575290796778696 -1.8599979877471924 0 0 0 1 0.6738154915567116 -0.0000027696115680436274 -0.7388996436123896 19.180002212524414 0.0000027552004275417795 0.9999999999954409 -0.000001235776530010988 -0.000007999999979801942 0.7388996436124435 -0.0000012031312439677228 0.6738154915612704 -1.8599979877471924 0 0 0 1 0.728807824404426 -0.0000028285349405771066 -0.6847183034495913 19.180002212524414 0.000002815326712742318 0.9999999999953936 -0.00000113433918758952 -0.000007999999979801942 0.6847183034496457 -0.0000011009904549614324 0.7288078244090321 -1.8599979877471924 0 0 0 1</float_array>
				<technique_common>
					<accessor source="#anim_RForeArm_transform_output_array" count="56" stride="16">
						<param name="TRANSFORM" type="float4x4"/>
					</accessor>
				</technique_common>
			</source>
			<source id="anim_RForeArm_transform_interpolation">
				<Name_array id="anim_RForeArm_transform_interpolation_array" count="56">LINEAR LINEAR LINEAR LINEAR LINEAR LINEAR LINEAR LINEAR LINEAR LINEAR LINEAR LINEAR LINEAR LINEAR LINEAR LINEAR LINEAR LINEAR LINEAR LINEAR LINEAR LINEAR LINEAR LINEAR LINEAR LINEAR LINEAR LINEAR LINEAR LINEAR LINEAR LINEAR LINEAR LINEAR LINEAR LINEAR LINEAR LINEAR LINEAR LINEAR LINEAR LINEAR LINEAR LINEAR LINEAR LINEAR LINEAR LINEAR LINEAR LINEAR LINEAR LINEAR LINEAR LINEAR LINEAR LINEAR</Name_array>
				<technique_common>
					<accessor source="#anim_RForeArm_transform_interpolation_array" count="56" stride="1">
						<param name="INTERPOLATION" type="Name"/>
					</accessor>
				</technique_common>
			</source>
			<sampler id="anim_RForeArm_transform_sampler">
				<input semantic="INPUT" source="#anim_RForeArm_transform_input"/>
				<input semantic="OUTPUT" source="#anim_RForeArm_transform_output"/>
				<input semantic="INTERPOLATION" source="#anim_RForeArm_transform_interpolation"/>
			</sampler>
			<channel source="#anim_RForeArm_transform_sampler" target="RForeArm_bone_id/transform"/>
		</animation>
		<animation id="anim_RHand_transform" name="anim_RHand_transform">
			<source id="anim_RHand_transform_input">
				<float_array id="anim_RHand_transform_input_array" count="56">0 0.03333333333333333 0.06666666666666667 0.1 0.13333333333333333 0.16666666666666666 0.2 0.23333333333333334 0.26666666666666666 0.3 0.3333333333333333 0.36666666666666664 0.4 0.43333333333333335 0.4666666666666667 0.5 0.5333333333333333 0.5666666666666667 0.6 0.6333333333333333 0.6666666666666666 0.7 0.7333333333333333 0.7666666666666667 0.8 0.8333333333333334 0.8666666666666667 0.9 0.9333333333333333 0.9666666666666667 1 1.0333333333333334 1.0666666666666667 1.1 1.1333333333333333 1.1666666666666667 1.2 1.2333333333333334 1.2666666666666666 1.3 1.3333333333333333 1.3666666666666667 1.4 1.4333333333333333 1.4666666666666666 1.5 1.5333333333333334 1.5666666666666667 1.6 1.6333333333333333 1.6666666666666667 1.7 1.7333333333333334 1.7666666666666666 1.8 1.8333333333333333</float_array>
				<technique_common>
					<accessor source="#anim_RHand_transform_input_array" count="56" stride="1">
						<param name="TIME" type="float"/>
					</accessor>
				</technique_common>
			</source>
			<source id="anim_RHand_transform_output">
				<float_array id="anim_RHand_transform_output_array" count="896">0.9911107227129545 -0.08821043309691566 -0.09959143947277481 19.269962310791016 0.13031964541909985 0.7943064960528298 0.5933750756023679 0 0.026764254916677298 -0.6010791210989865 0.7987412377219701 0 0 0 0 1 0.9877530742955725 -0.09182380928696632 -0.1261437761749504 19.269962310791016 0.1505579482937896 0.7730880227370327 0.6161714155217766 0 0.040941035956723534 -0.6276171581056209 0.7774448754903555 0 0 0 0 1 0.994243098178131 -0.06520218094071288 -0.08502550985278595 19.269962310791016 0.10474081838651025 0.7586847595515449 0.6429827342844741 0 0.02258368191583785 -0.6481867872957525 0.7611464156693739 0 0 0 0 1 0.9966180270372138 0.0024205625402112197 -0.08213798793152989 19.269962310791016 0.05145080527769044 0.7610048692888316 0.646702716520478 0 0.06407279313974383 -0.6487416510412117 0.7583066315044293 0 0 0 0 1 0.9733301849509447 0.16679069834321344 -0.1575094092730429 19.269962310791016 -0.038605635387686396 0.7958836133490463 0.6042175758108816 0 0.22613702920944362 -0.5820224539900919 0.7810966054667492 0 0 0 0 1 0.8962842744469994 0.3779722627323471 -0.2319729897725279 19.269962310791016 -0.21351377498065133 0.8262367291520027 0.5212914111067934 0 0.3886982985202373 -0.4176958654394244 0.8212452719634268 0 0 0 0 1 0.8332338143107073 0.4994842395236135 -0.23714321655225 19.269962310791016 -0.35865176881025906 0.8146668788757796 0.4557266562228595 0 0.42082100638929887 -0.2946750259698189 0.8579488968762559 0 0 0 0 1 0.8274263863042464 0.515494763341205 -0.2227795417341795 19.269962310791016 -0.3768653314681887 0.8038215950519996 0.4602644514465911 0 0.4163389210545517 -0.2968770659647765 0.85937530248389 0 0 0 0 1 0.834272214874196 0.5032629478434375 -0.22520274602419196 19.269962310791016 -0.3628757312219863 0.8087074600239765 0.46294000452723566 0 0.4151036920806799 -0.3044973717940794 0.857304074055108 0 0 0 0 1 0.8484506000752261 0.4778269977573468 -0.2276245580911456 19.269962310791016 -0.33614215206213394 0.8186705496723743 0.4656038924946503 0 0.4088276321862626 -0.3185276931654972 0.8552193144729842 0 0 0 0 1 0.8521286534497473 0.45143100940249686 -0.2647391201159423 19.269962310791016 -0.28749293762107453 0.8265045594953664 0.4839814293455643 0 0.4372923150341491 -0.33630381633756895 0.8340714443792338 0 0 0 0 1 0.8559772866753302 0.42564305540761593 -0.29348061959728916 19.269962310791016 -0.2408569563640485 0.8305800550691607 0.5021202034297734 0 0.4574831267565902 -0.359116640528644 0.8134767527277189 0 0 0 0 1 0.8597471846494569 0.3964556153350791 -0.3219591954838629 19.269962310791016 -0.18846081051022395 0.8321876083867555 0.5214847143966556 0 0.47467599622180384 -0.3876683241081423 0.7901873000080565 0 0 0 0 1 0.8617679634645158 0.36708503209084964 -0.3501493343718948 19.269962310791016 -0.13487791391706525 0.8311676298547013 0.5394147934744644 0 0.48904388911794194 -0.4176229762555914 0.7657852990361071 0 0 0 0 1 0.8620318485204739 0.33763530745032944 -0.3780257812627285 19.269962310791016 -0.08031498753933647 0.8273963244228234 0.5558460444297127 0 0.5004503920599234 -0.44879585726087484 0.7403591585119654 0 0 0 0 1 0.8871100484914584 0.2680621915446515 -0.3757371732072316 19.269962310791016 0.01639167808252248 0.7952521013653924 0.6060572647560349 0 0.46126681514620316 -0.5437984523131766 0.701082141055292 0 0 0 0 1 0.9065714207030034 0.1966370809262265 -0.37344627132875546 19.269962310791016 0.10665179344313061 0.749382730423672 0.6534913299334016 0 0.4083548140035839 -0.6322652779866808 0.6583972692322801 0 0 0 0 1 0.9223763175217036 0.107085540321153 -0.371153089612936 19.269962310791016 0.20102954650518934 0.6873858217619253 0.6979167955226471 0 0.32986216865081586 -0.7183546610796154 0.6125010453853702 0 0 0 0 1 0.944706752330896 0.022030099073783702 -0.32717552908983016 19.269962310791016 0.2459591372179964 0.6122633219905157 0.7514238001049187 0 0.2168715170772544 -0.7903469486750344 0.572990790327971 0 0 0 0 1 0.9577753345179861 -0.05360025946236435 -0.2824772924936216 19.269962310791016 0.2628486812678122 0.5613912945569245 0.784697639318147 0 0.11652029584897178 -0.8258128278134627 0.5517754924550388 0 0 0 0 1 0.9646841096082501 -0.11463508662482222 -0.23715683752288694 19.269962310791016 0.2618255816462838 0.515889761889173 0.8156623801386929 0 0.02884325683626368 -0.8489502638508641 0.5276850538366852 0 0 0 0 1 0.9737147693438324 -0.12360624682795826 -0.19131399244904496 19.269962310791016 0.22748347051452744 0.4855691456766552 0.8440816757929942 0 -0.011437596091552663 -0.8654155652124297 0.5009242266887253 0 0 0 0 1 0.9765030715713278 -0.13189693515767392 -0.17042578944448153 19.269962310791016 0.21377085823047937 0.49277484359830204 0.843489759089032 0 -0.027272172322106505 -0.8601024078635527 0.5093918693934484 0 0 0 0 1 0.9787808213267444 -0.14017702910675325 -0.14946071160592023 19.269962310791016 0.20027585404131748 0.5001867387669695 0.8424386082378253 0 -0.04333227539565056 -0.854496124550877 0.5176472612084099 0 0 0 0 1 0.9805473967486483 -0.14843515798675855 -0.12842821575843344 19.269962310791016 0.18701248505134382 0.5077989098937608 0.8409319815214717 0 -0.05960816357152435 -0.8485913451032564 0.5256801269322212 0 0 0 0 1 0.9818025556290775 -0.1566599527104715 -0.10733778913768018 19.269962310791016 0.1739945312352837 0.5156050583269675 0.8389739727356614 0 -0.0760897158650638 -0.8423829788429948 0.5334803389958963 0 0 0 0 1 0.9855673668013164 -0.14569388236355374 -0.08619894511045018 19.269962310791016 0.15248842787109262 0.5429463376883739 0.8258066079635018 0 -0.07351356923535969 -0.8270323857217546 0.5573268234220032 0 0 0 0 1 0.9850106721847443 -0.13409044573136614 -0.10850681105682726 19.269962310791016 0.16592389944267963 0.5645998103320933 0.8085148815987865 0 -0.04715119591159904 -0.8143996602016285 0.5783856483243496 0 0 0 0 1 0.9838221361776458 -0.12245727490896799 -0.13076016285062964 19.269962310791016 0.17801545959181336 0.5863010312774986 0.7902920959172356 0 -0.020112198118783606 -0.8007841884957587 0.5986152211078664 0 0 0 0 1 0.9814011097677837 -0.1205012030991938 -0.14943668156851408 19.269962310791016 0.19195397856368376 0.6064552925656272 0.7715994091707901 0 -0.0023519906750376074 -0.7859334820268101 0.6183065825050533 0 0 0 0 1 0.9750278752983181 -0.11807535812239751 -0.1880926691700526 19.269962310791016 0.2201848601656219 0.6244493709284902 0.7493874902217534 0 0.028970152659121756 -0.7720888504254422 0.6348539495849629 0 0 0 0 1 0.9525661137232895 -0.11375044506067578 -0.282274042792828 19.269962310791016 0.29280536798313284 0.5954049879334273 0.7481697112448867 0 0.08296273540796034 -0.795332469218058 0.6004693563714433 0 0 0 0 1 0.9249550508709842 -0.06876220083194388 -0.37380464631275334 19.269962310791016 0.3365087918020492 0.6053713240625419 0.72130949878862 0 0.17669178506138977 -0.792967414046449 0.5830803489677108 0 0 0 0 1 0.8869693864788283 -0.0017421161044077497 -0.4618249370495813 19.269962310791016 0.3593743236162708 0.6306703753722492 0.6878262666932502 0 0.29006103318908383 -0.7760488661542552 0.5600113877109788 0 0 0 0 1 0.8206676033660237 0.08954440336138392 -0.5643460681285204 19.269962310791016 0.36503313212696487 0.6776819967675048 0.6383556404597561 0 0.439608345274569 -0.7298828064037824 0.5234649861080433 0 0 0 0 1 0.7467168125126022 0.18314239639992183 -0.6394316730909668 19.269962310791016 0.28184460412702955 0.7836519362696801 0.5535822088048524 0 0.6024762410547798 -0.593589509191053 0.533548379758413 0 0 0 0 1 0.7325635727744826 0.23709539289785253 -0.6380723991135319 19.269962310791016 0.16862783479010748 0.8449500490669097 0.507566811282837 0 0.659481057482234 -0.4794217237969508 0.5789987440173551 0 0 0 0 1 0.7625715529512197 0.30946175439033985 -0.5680827837553415 19.269962310791016 0.02650715186025715 0.8624713017183065 0.5054113419904493 0 0.6463605785703692 -0.4004705685590174 0.6494931302086228 0 0 0 0 1 0.7986399896569654 0.39370163657545976 -0.45516281513160395 19.269962310791016 -0.11200087728187982 0.840345812567515 0.5303533904750041 0 0.5912951635256383 -0.3725827916826641 0.7152286997409578 0 0 0 0 1 0.8290053248246284 0.4230359284884375 -0.365774212623495 19.269962310791016 -0.18176180616920098 0.8223622293771161 0.5391502661707672 0 0.5288788303860554 -0.38047465999961805 0.7586344415248052 0 0 0 0 1 0.8379354415101432 0.44231952652386364 -0.3197149235129734 19.269962310791016 -0.23151318547194522 0.8185625252827368 0.5256967159450227 0 0.494232577653309 -0.36648168939041714 0.7883053536084299 0 0 0 0 1 0.8374306070778958 0.45797719829647177 -0.29827313685556905 19.269962310791016 -0.2620562007895737 0.8153828850940528 0.5162143918212987 0 0.47962123176198257 -0.35412940648329794 0.8028423490990654 0 0 0 0 1 0.829694902934272 0.45529690188291316 -0.3229722885646848 19.269962310791016 -0.23417774555983384 0.8090962933617506 0.539002756535428 0 0.5067219666931787 -0.37157491735058884 0.7779234726285743 0 0 0 0 1 0.8201953959545972 0.4312484367336032 -0.3759046398619004 19.269962310791016 -0.15656270921239626 0.8012003791580516 0.5775517903366496 0 0.5502432466999994 -0.41485267053716557 0.7246582858211351 0 0 0 0 1 0.8442350199160412 0.37001552437634494 -0.3877573247120677 19.269962310791016 -0.051789706604666697 0.7763958566895895 0.6281140819986771 0 0.5334651417263963 -0.5101940664450507 0.6746235669816903 0 0 0 0 1 0.8833461781244127 0.30361068278593695 -0.35709954199249605 19.269962310791016 0.007269559914720752 0.7528934347863749 0.6581022939894836 0 0.4686647875525103 -0.5839281027265529 0.6628584221042445 0 0 0 0 1 0.9161865442718556 0.2330070267996076 -0.3260520534473017 19.269962310791016 0.0604633670224774 0.7239171057571483 0.687232278957049 0 0.3961646088982462 -0.6493471717457472 0.6491547220827242 0 0 0 0 1 0.9423063896070376 0.15887349450419902 -0.294648741469863 19.269962310791016 0.1072807706018222 0.6904510854113478 0.7153797137977641 0 0.3170954183914191 -0.7057170193486308 0.6335723985756128 0 0 0 0 1 0.9564936101787314 0.11745996939436222 -0.2670639048563708 19.269962310791016 0.11366194888622137 0.6930312640153795 0.7118908824199334 0 0.2687023168166646 -0.7112740840823042 0.6495292466473208 0 0 0 0 1 0.9669111478421489 0.08702310742522162 -0.2398120325434825 19.269962310791016 0.11264940989986807 0.6977732324970153 0.7074055600996347 0 0.22889504718929476 -0.7110130060587674 0.6648816154681116 0 0 0 0 1 0.9780724283445764 0.056132173725519964 -0.2005579816038032 19.269962310791016 0.10178771137919458 0.7113052517235038 0.6954740115077979 0 0.18169641362539105 -0.7006382932322576 0.6899944893491975 0 0 0 0 1 0.9866242879990877 0.025655995606602883 -0.1609791421884436 19.269962310791016 0.09233568321388172 0.7258741542801049 0.6816016679509873 0 0.134337768091177 -0.687348879418288 0.7137961067606805 0 0 0 0 1 0.9925956503069393 -0.008892135098498514 -0.1211396092330433 19.269962310791016 0.08700119272713727 0.7480058170752317 0.6579651131220183 0 0.08476241770855701 -0.6636325998284027 0.7432409467926233 0 0 0 0 1 0.9956845114417061 -0.04510555514287526 -0.08110389984670428 19.269962310791016 0.08637032766984866 0.7700970824947078 0.6320527272556795 0 0.0339487875084542 -0.6363300813480315 0.7706695189238468 0 0 0 0 1 0.9932877567011084 -0.07575625706177853 -0.08740950694100519 19.269962310791016 0.11326676137143085 0.7902533560162677 0.6022211172596439 0 0.023453638440703535 -0.608079454365148 0.79352964911393 0 0 0 0 1 0.9911107227129545 -0.08821043309691566 -0.09959143947277481 19.269962310791016 0.13031964541909985 0.7943064960528298 0.5933750756023679 0 0.026764254916677298 -0.6010791210989865 0.7987412377219701 0 0 0 0 1</float_array>
				<technique_common>
					<accessor source="#anim_RHand_transform_output_array" count="56" stride="16">
						<param name="TRANSFORM" type="float4x4"/>
					</accessor>
				</technique_common>
			</source>
			<source id="anim_RHand_transform_interpolation">
				<Name_array id="anim_RHand_transform_interpolation_array" count="56">LINEAR LINEAR LINEAR LINEAR LINEAR LINEAR LINEAR LINEAR LINEAR LINEAR LINEAR LINEAR LINEAR LINEAR LINEAR LINEAR LINEAR LINEAR LINEAR LINEAR LINEAR LINEAR LINEAR LINEAR LINEAR LINEAR LINEAR LINEAR LINEAR LINEAR LINEAR LINEAR LINEAR LINEAR LINEAR LINEAR LINEAR LINEAR LINEAR LINEAR LINEAR LINEAR LINEAR LINEAR LINEAR LINEAR LINEAR LINEAR LINEAR LINEAR LINEAR LINEAR LINEAR LINEAR LINEAR LINEAR</Name_array>
				<technique_common>
					<accessor source="#anim_RHand_transform_interpolation_array" count="56" stride="1">
						<param name="INTERPOLATION" type="Name"/>
					</accessor>
				</technique_common>
			</source>
			<sampler id="anim_RHand_transform_sampler">
				<input semantic="INPUT" source="#anim_RHand_transform_input"/>
				<input semantic="OUTPUT" source="#anim_RHand_transform_output"/>
				<input semantic="INTERPOLATION" source="#anim_RHand_transform_interpolation"/>
			</sampler>
			<channel source="#anim_RHand_transform_sampler" target="RHand_bone_id/transform"/>
		</animation>
		<animation id="anim_RFingerA1_transform" name="anim_RFingerA1_transform">
			<source id="anim_RFingerA1_transform_input">
				<float_array id="anim_RFingerA1_transform_input_array" count="56">0 0.03333333333333333 0.06666666666666667 0.1 0.13333333333333333 0.16666666666666666 0.2 0.23333333333333334 0.26666666666666666 0.3 0.3333333333333333 0.36666666666666664 0.4 0.43333333333333335 0.4666666666666667 0.5 0.5333333333333333 0.5666666666666667 0.6 0.6333333333333333 0.6666666666666666 0.7 0.7333333333333333 0.7666666666666667 0.8 0.8333333333333334 0.8666666666666667 0.9 0.9333333333333333 0.9666666666666667 1 1.0333333333333334 1.0666666666666667 1.1 1.1333333333333333 1.1666666666666667 1.2 1.2333333333333334 1.2666666666666666 1.3 1.3333333333333333 1.3666666666666667 1.4 1.4333333333333333 1.4666666666666666 1.5 1.5333333333333334 1.5666666666666667 1.6 1.6333333333333333 1.6666666666666667 1.7 1.7333333333333334 1.7666666666666666 1.8 1.8333333333333333</float_array>
				<technique_common>
					<accessor source="#anim_RFingerA1_transform_input_array" count="56" stride="1">
						<param name="TIME" type="float"/>
					</accessor>
				</technique_common>
			</source>
			<source id="anim_RFingerA1_transform_output">
				<float_array id="anim_RFingerA1_transform_output_array" count="896">0.3401815289543232 -0.8450907598687041 -0.41242955149071864 1.8359990119934082 0.893505964857312 0.4272003827579154 -0.13837240959054814 1.4380170106887817 0.29312730702325024 -0.32143652648077653 0.9004193141649451 3.056997060775757 0 0 0 1 0.3401815289543232 -0.8450907598687041 -0.41242955149071864 1.8359990119934082 0.893505964857312 0.4272003827579154 -0.13837240959054814 1.4380170106887817 0.29312730702325024 -0.32143652648077653 0.9004193141649451 3.056997060775757 0 0 0 1 0.3401815289543232 -0.8450907598687041 -0.41242955149071864 1.8359990119934082 0.893505964857312 0.4272003827579154 -0.13837240959054814 1.4380170106887817 0.29312730702325024 -0.32143652648077653 0.9004193141649451 3.056997060775757 0 0 0 1 0.3401815289543232 -0.8450907598687041 -0.41242955149071864 1.8359990119934082 0.893505964857312 0.4272003827579154 -0.13837240959054814 1.4380170106887817 0.29312730702325024 -0.32143652648077653 0.9004193141649451 3.056997060775757 0 0 0 1 0.3401815289543232 -0.8450907598687041 -0.41242955149071864 1.8359990119934082 0.893505964857312 0.4272003827579154 -0.13837240959054814 1.4380170106887817 0.29312730702325024 -0.32143652648077653 0.9004193141649451 3.056997060775757 0 0 0 1 0.3401815289543232 -0.8450907598687041 -0.41242955149071864 1.8359990119934082 0.893505964857312 0.4272003827579154 -0.13837240959054814 1.4380170106887817 0.29312730702325024 -0.32143652648077653 0.9004193141649451 3.056997060775757 0 0 0 1 0.3401815289543232 -0.8450907598687041 -0.41242955149071864 1.8359990119934082 0.893505964857312 0.4272003827579154 -0.13837240959054814 1.4380170106887817 0.29312730702325024 -0.32143652648077653 0.9004193141649451 3.056997060775757 0 0 0 1 0.3401815289543232 -0.8450907598687041 -0.41242955149071864 1.8359990119934082 0.893505964857312 0.4272003827579154 -0.13837240959054814 1.4380170106887817 0.29312730702325024 -0.32143652648077653 0.9004193141649451 3.056997060775757 0 0 0 1 0.3401815289543232 -0.8450907598687041 -0.41242955149071864 1.8359990119934082 0.893505964857312 0.4272003827579154 -0.13837240959054814 1.4380170106887817 0.29312730702325024 -0.32143652648077653 0.9004193141649451 3.056997060775757 0 0 0 1 0.3401815289543232 -0.8450907598687041 -0.41242955149071864 1.8359990119934082 0.893505964857312 0.4272003827579154 -0.13837240959054814 1.4380170106887817 0.29312730702325024 -0.32143652648077653 0.9004193141649451 3.056997060775757 0 0 0 1 0.3401815289543232 -0.8450907598687041 -0.41242955149071864 1.8359990119934082 0.893505964857312 0.4272003827579154 -0.13837240959054814 1.4380170106887817 0.29312730702325024 -0.32143652648077653 0.9004193141649451 3.056997060775757 0 0 0 1 0.3401815289543232 -0.8450907598687041 -0.41242955149071864 1.8359990119934082 0.893505964857312 0.4272003827579154 -0.13837240959054814 1.4380170106887817 0.29312730702325024 -0.32143652648077653 0.9004193141649451 3.056997060775757 0 0 0 1 0.3401815289543232 -0.8450907598687041 -0.41242955149071864 1.8359990119934082 0.893505964857312 0.4272003827579154 -0.13837240959054814 1.4380170106887817 0.29312730702325024 -0.32143652648077653 0.9004193141649451 3.056997060775757 0 0 0 1 0.3401815289543232 -0.8450907598687041 -0.41242955149071864 1.8359990119934082 0.893505964857312 0.4272003827579154 -0.13837240959054814 1.4380170106887817 0.29312730702325024 -0.32143652648077653 0.9004193141649451 3.056997060775757 0 0 0 1 0.3401815289543232 -0.8450907598687041 -0.41242955149071864 1.8359990119934082 0.893505964857312 0.4272003827579154 -0.13837240959054814 1.4380170106887817 0.29312730702325024 -0.32143652648077653 0.9004193141649451 3.056997060775757 0 0 0 1 0.3401815289543232 -0.8450907598687041 -0.41242955149071864 1.8359990119934082 0.893505964857312 0.4272003827579154 -0.13837240959054814 1.4380170106887817 0.29312730702325024 -0.32143652648077653 0.9004193141649451 3.056997060775757 0 0 0 1 0.3401815289543232 -0.8450907598687041 -0.41242955149071864 1.8359990119934082 0.893505964857312 0.4272003827579154 -0.13837240959054814 1.4380170106887817 0.29312730702325024 -0.32143652648077653 0.9004193141649451 3.056997060775757 0 0 0 1 0.3401815289543232 -0.8450907598687041 -0.41242955149071864 1.8359990119934082 0.893505964857312 0.4272003827579154 -0.13837240959054814 1.4380170106887817 0.29312730702325024 -0.32143652648077653 0.9004193141649451 3.056997060775757 0 0 0 1 0.3401815289543232 -0.8450907598687041 -0.41242955149071864 1.8359990119934082 0.893505964857312 0.4272003827579154 -0.13837240959054814 1.4380170106887817 0.29312730702325024 -0.32143652648077653 0.9004193141649451 3.056997060775757 0 0 0 1 0.3401815289543232 -0.8450907598687041 -0.41242955149071864 1.8359990119934082 0.893505964857312 0.4272003827579154 -0.13837240959054814 1.4380170106887817 0.29312730702325024 -0.32143652648077653 0.9004193141649451 3.056997060775757 0 0 0 1 0.3401815289543232 -0.8450907598687041 -0.41242955149071864 1.8359990119934082 0.893505964857312 0.4272003827579154 -0.13837240959054814 1.4380170106887817 0.29312730702325024 -0.32143652648077653 0.9004193141649451 3.056997060775757 0 0 0 1 0.3401815289543232 -0.8450907598687041 -0.41242955149071864 1.8359990119934082 0.893505964857312 0.4272003827579154 -0.13837240959054814 1.4380170106887817 0.29312730702325024 -0.32143652648077653 0.9004193141649451 3.056997060775757 0 0 0 1 0.3401815289543232 -0.8450907598687041 -0.41242955149071864 1.8359990119934082 0.893505964857312 0.4272003827579154 -0.13837240959054814 1.4380170106887817 0.29312730702325024 -0.32143652648077653 0.9004193141649451 3.056997060775757 0 0 0 1 0.3401815289543232 -0.8450907598687041 -0.41242955149071864 1.8359990119934082 0.893505964857312 0.4272003827579154 -0.13837240959054814 1.4380170106887817 0.29312730702325024 -0.32143652648077653 0.9004193141649451 3.056997060775757 0 0 0 1 0.3401815289543232 -0.8450907598687041 -0.41242955149071864 1.8359990119934082 0.893505964857312 0.4272003827579154 -0.13837240959054814 1.4380170106887817 0.29312730702325024 -0.32143652648077653 0.9004193141649451 3.056997060775757 0 0 0 1 0.3401815289543232 -0.8450907598687041 -0.41242955149071864 1.8359990119934082 0.893505964857312 0.4272003827579154 -0.13837240959054814 1.4380170106887817 0.29312730702325024 -0.32143652648077653 0.9004193141649451 3.056997060775757 0 0 0 1 0.3401815289543232 -0.8450907598687041 -0.41242955149071864 1.8359990119934082 0.893505964857312 0.4272003827579154 -0.13837240959054814 1.4380170106887817 0.29312730702325024 -0.32143652648077653 0.9004193141649451 3.056997060775757 0 0 0 1 0.3401815289543232 -0.8450907598687041 -0.41242955149071864 1.8359990119934082 0.893505964857312 0.4272003827579154 -0.13837240959054814 1.4380170106887817 0.29312730702325024 -0.32143652648077653 0.9004193141649451 3.056997060775757 0 0 0 1 0.3401815289543232 -0.8450907598687041 -0.41242955149071864 1.8359990119934082 0.893505964857312 0.4272003827579154 -0.13837240959054814 1.4380170106887817 0.29312730702325024 -0.32143652648077653 0.9004193141649451 3.056997060775757 0 0 0 1 0.3401815289543232 -0.8450907598687041 -0.41242955149071864 1.8359990119934082 0.893505964857312 0.4272003827579154 -0.13837240959054814 1.4380170106887817 0.29312730702325024 -0.32143652648077653 0.9004193141649451 3.056997060775757 0 0 0 1 0.3401815289543232 -0.8450907598687041 -0.41242955149071864 1.8359990119934082 0.893505964857312 0.4272003827579154 -0.13837240959054814 1.4380170106887817 0.29312730702325024 -0.32143652648077653 0.9004193141649451 3.056997060775757 0 0 0 1 0.3401815289543232 -0.8450907598687041 -0.41242955149071864 1.8359990119934082 0.893505964857312 0.4272003827579154 -0.13837240959054814 1.4380170106887817 0.29312730702325024 -0.32143652648077653 0.9004193141649451 3.056997060775757 0 0 0 1 0.3401815289543232 -0.8450907598687041 -0.41242955149071864 1.8359990119934082 0.893505964857312 0.4272003827579154 -0.13837240959054814 1.4380170106887817 0.29312730702325024 -0.32143652648077653 0.9004193141649451 3.056997060775757 0 0 0 1 0.3401815289543232 -0.8450907598687041 -0.41242955149071864 1.8359990119934082 0.893505964857312 0.4272003827579154 -0.13837240959054814 1.4380170106887817 0.29312730702325024 -0.32143652648077653 0.9004193141649451 3.056997060775757 0 0 0 1 0.3401815289543232 -0.8450907598687041 -0.41242955149071864 1.8359990119934082 0.893505964857312 0.4272003827579154 -0.13837240959054814 1.4380170106887817 0.29312730702325024 -0.32143652648077653 0.9004193141649451 3.056997060775757 0 0 0 1 0.3401815289543232 -0.8450907598687041 -0.41242955149071864 1.8359990119934082 0.893505964857312 0.4272003827579154 -0.13837240959054814 1.4380170106887817 0.29312730702325024 -0.32143652648077653 0.9004193141649451 3.056997060775757 0 0 0 1 0.3401815289543232 -0.8450907598687041 -0.41242955149071864 1.8359990119934082 0.893505964857312 0.4272003827579154 -0.13837240959054814 1.4380170106887817 0.29312730702325024 -0.32143652648077653 0.9004193141649451 3.056997060775757 0 0 0 1 0.3401815289543232 -0.8450907598687041 -0.41242955149071864 1.8359990119934082 0.893505964857312 0.4272003827579154 -0.13837240959054814 1.4380170106887817 0.29312730702325024 -0.32143652648077653 0.9004193141649451 3.056997060775757 0 0 0 1 0.3401815289543232 -0.8450907598687041 -0.41242955149071864 1.8359990119934082 0.893505964857312 0.4272003827579154 -0.13837240959054814 1.4380170106887817 0.29312730702325024 -0.32143652648077653 0.9004193141649451 3.056997060775757 0 0 0 1 0.3401815289543232 -0.8450907598687041 -0.41242955149071864 1.8359990119934082 0.893505964857312 0.4272003827579154 -0.13837240959054814 1.4380170106887817 0.29312730702325024 -0.32143652648077653 0.9004193141649451 3.056997060775757 0 0 0 1 0.3401815289543232 -0.8450907598687041 -0.41242955149071864 1.8359990119934082 0.893505964857312 0.4272003827579154 -0.13837240959054814 1.4380170106887817 0.29312730702325024 -0.32143652648077653 0.9004193141649451 3.056997060775757 0 0 0 1 0.3401815289543232 -0.8450907598687041 -0.41242955149071864 1.8359990119934082 0.893505964857312 0.4272003827579154 -0.13837240959054814 1.4380170106887817 0.29312730702325024 -0.32143652648077653 0.9004193141649451 3.056997060775757 0 0 0 1 0.3401815289543232 -0.8450907598687041 -0.41242955149071864 1.8359990119934082 0.893505964857312 0.4272003827579154 -0.13837240959054814 1.4380170106887817 0.29312730702325024 -0.32143652648077653 0.9004193141649451 3.056997060775757 0 0 0 1 0.3401815289543232 -0.8450907598687041 -0.41242955149071864 1.8359990119934082 0.893505964857312 0.4272003827579154 -0.13837240959054814 1.4380170106887817 0.29312730702325024 -0.32143652648077653 0.9004193141649451 3.056997060775757 0 0 0 1 0.3401815289543232 -0.8450907598687041 -0.41242955149071864 1.8359990119934082 0.893505964857312 0.4272003827579154 -0.13837240959054814 1.4380170106887817 0.29312730702325024 -0.32143652648077653 0.9004193141649451 3.056997060775757 0 0 0 1 0.3401815289543232 -0.8450907598687041 -0.41242955149071864 1.8359990119934082 0.893505964857312 0.4272003827579154 -0.13837240959054814 1.4380170106887817 0.29312730702325024 -0.32143652648077653 0.9004193141649451 3.056997060775757 0 0 0 1 0.3401815289543232 -0.8450907598687041 -0.41242955149071864 1.8359990119934082 0.893505964857312 0.4272003827579154 -0.13837240959054814 1.4380170106887817 0.29312730702325024 -0.32143652648077653 0.9004193141649451 3.056997060775757 0 0 0 1 0.3401815289543232 -0.8450907598687041 -0.41242955149071864 1.8359990119934082 0.893505964857312 0.4272003827579154 -0.13837240959054814 1.4380170106887817 0.29312730702325024 -0.32143652648077653 0.9004193141649451 3.056997060775757 0 0 0 1 0.3401815289543232 -0.8450907598687041 -0.41242955149071864 1.8359990119934082 0.893505964857312 0.4272003827579154 -0.13837240959054814 1.4380170106887817 0.29312730702325024 -0.32143652648077653 0.9004193141649451 3.056997060775757 0 0 0 1 0.3401815289543232 -0.8450907598687041 -0.41242955149071864 1.8359990119934082 0.893505964857312 0.4272003827579154 -0.13837240959054814 1.4380170106887817 0.29312730702325024 -0.32143652648077653 0.9004193141649451 3.056997060775757 0 0 0 1 0.3401815289543232 -0.8450907598687041 -0.41242955149071864 1.8359990119934082 0.893505964857312 0.4272003827579154 -0.13837240959054814 1.4380170106887817 0.29312730702325024 -0.32143652648077653 0.9004193141649451 3.056997060775757 0 0 0 1 0.3401815289543232 -0.8450907598687041 -0.41242955149071864 1.8359990119934082 0.893505964857312 0.4272003827579154 -0.13837240959054814 1.4380170106887817 0.29312730702325024 -0.32143652648077653 0.9004193141649451 3.056997060775757 0 0 0 1 0.3401815289543232 -0.8450907598687041 -0.41242955149071864 1.8359990119934082 0.893505964857312 0.4272003827579154 -0.13837240959054814 1.4380170106887817 0.29312730702325024 -0.32143652648077653 0.9004193141649451 3.056997060775757 0 0 0 1 0.3401815289543232 -0.8450907598687041 -0.41242955149071864 1.8359990119934082 0.893505964857312 0.4272003827579154 -0.13837240959054814 1.4380170106887817 0.29312730702325024 -0.32143652648077653 0.9004193141649451 3.056997060775757 0 0 0 1 0.3401815289543232 -0.8450907598687041 -0.41242955149071864 1.8359990119934082 0.893505964857312 0.4272003827579154 -0.13837240959054814 1.4380170106887817 0.29312730702325024 -0.32143652648077653 0.9004193141649451 3.056997060775757 0 0 0 1 0.3401815289543232 -0.8450907598687041 -0.41242955149071864 1.8359990119934082 0.893505964857312 0.4272003827579154 -0.13837240959054814 1.4380170106887817 0.29312730702325024 -0.32143652648077653 0.9004193141649451 3.056997060775757 0 0 0 1</float_array>
				<technique_common>
					<accessor source="#anim_RFingerA1_transform_output_array" count="56" stride="16">
						<param name="TRANSFORM" type="float4x4"/>
					</accessor>
				</technique_common>
			</source>
			<source id="anim_RFingerA1_transform_interpolation">
				<Name_array id="anim_RFingerA1_transform_interpolation_array" count="56">LINEAR LINEAR LINEAR LINEAR LINEAR LINEAR LINEAR LINEAR LINEAR LINEAR LINEAR LINEAR LINEAR LINEAR LINEAR LINEAR LINEAR LINEAR LINEAR LINEAR LINEAR LINEAR LINEAR LINEAR LINEAR LINEAR LINEAR LINEAR LINEAR LINEAR LINEAR LINEAR LINEAR LINEAR LINEAR LINEAR LINEAR LINEAR LINEAR LINEAR LINEAR LINEAR LINEAR LINEAR LINEAR LINEAR LINEAR LINEAR LINEAR LINEAR LINEAR LINEAR LINEAR LINEAR LINEAR LINEAR</Name_array>
				<technique_common>
					<accessor source="#anim_RFingerA1_transform_interpolation_array" count="56" stride="1">
						<param name="INTERPOLATION" type="Name"/>
					</accessor>
				</technique_common>
			</source>
			<sampler id="anim_RFingerA1_transform_sampler">
				<input semantic="INPUT" source="#anim_RFingerA1_transform_input"/>
				<input semantic="OUTPUT" source="#anim_RFingerA1_transform_output"/>
				<input semantic="INTERPOLATION" source="#anim_RFingerA1_transform_interpolation"/>
			</sampler>
			<channel source="#anim_RFingerA1_transform_sampler" target="RFingerA1_bone_id/transform"/>
		</animation>
		<animation id="anim_RFingerA2_transform" name="anim_RFingerA2_transform">
			<source id="anim_RFingerA2_transform_input">
				<float_array id="anim_RFingerA2_transform_input_array" count="56">0 0.03333333333333333 0.06666666666666667 0.1 0.13333333333333333 0.16666666666666666 0.2 0.23333333333333334 0.26666666666666666 0.3 0.3333333333333333 0.36666666666666664 0.4 0.43333333333333335 0.4666666666666667 0.5 0.5333333333333333 0.5666666666666667 0.6 0.6333333333333333 0.6666666666666666 0.7 0.7333333333333333 0.7666666666666667 0.8 0.8333333333333334 0.8666666666666667 0.9 0.9333333333333333 0.9666666666666667 1 1.0333333333333334 1.0666666666666667 1.1 1.1333333333333333 1.1666666666666667 1.2 1.2333333333333334 1.2666666666666666 1.3 1.3333333333333333 1.3666666666666667 1.4 1.4333333333333333 1.4666666666666666 1.5 1.5333333333333334 1.5666666666666667 1.6 1.6333333333333333 1.6666666666666667 1.7 1.7333333333333334 1.7666666666666666 1.8 1.8333333333333333</float_array>
				<technique_common>
					<accessor source="#anim_RFingerA2_transform_input_array" count="56" stride="1">
						<param name="TIME" type="float"/>
					</accessor>
				</technique_common>
			</source>
			<source id="anim_RFingerA2_transform_output">
				<float_array id="anim_RFingerA2_transform_output_array" count="896">0.6292243885773665 -0.000016437470600382937 0.7772236927353983 2.999788999557495 0.000026123476934762554 0.999999999658782 -7.48909448741237e-11 0 -0.7772236924701944 0.000020303832333533156 0.6292243887920677 0 0 0 0 1 0.6292243885773665 -0.000016437470600382937 0.7772236927353983 2.999788999557495 0.000026123476934762554 0.999999999658782 -7.48909448741237e-11 0 -0.7772236924701944 0.000020303832333533156 0.6292243887920677 0 0 0 0 1 0.6292243885773665 -0.000016437470600382937 0.7772236927353983 2.999788999557495 0.000026123476934762554 0.999999999658782 -7.48909448741237e-11 0 -0.7772236924701944 0.000020303832333533156 0.6292243887920677 0 0 0 0 1 0.6292243885773665 -0.000016437470600382937 0.7772236927353983 2.999788999557495 0.000026123476934762554 0.999999999658782 -7.48909448741237e-11 0 -0.7772236924701944 0.000020303832333533156 0.6292243887920677 0 0 0 0 1 0.6292243885773665 -0.000016437470600382937 0.7772236927353983 2.999788999557495 0.000026123476934762554 0.999999999658782 -7.48909448741237e-11 0 -0.7772236924701944 0.000020303832333533156 0.6292243887920677 0 0 0 0 1 0.6292243885773665 -0.000016437470600382937 0.7772236927353983 2.999788999557495 0.000026123476934762554 0.999999999658782 -7.48909448741237e-11 0 -0.7772236924701944 0.000020303832333533156 0.6292243887920677 0 0 0 0 1 0.6292243885773665 -0.000016437470600382937 0.7772236927353983 2.999788999557495 0.000026123476934762554 0.999999999658782 -7.48909448741237e-11 0 -0.7772236924701944 0.000020303832333533156 0.6292243887920677 0 0 0 0 1 0.6292243885773665 -0.000016437470600382937 0.7772236927353983 2.999788999557495 0.000026123476934762554 0.999999999658782 -7.48909448741237e-11 0 -0.7772236924701944 0.000020303832333533156 0.6292243887920677 0 0 0 0 1 0.6292243885773665 -0.000016437470600382937 0.7772236927353983 2.999788999557495 0.000026123476934762554 0.999999999658782 -7.48909448741237e-11 0 -0.7772236924701944 0.000020303832333533156 0.6292243887920677 0 0 0 0 1 0.6292243885773665 -0.000016437470600382937 0.7772236927353983 2.999788999557495 0.000026123476934762554 0.999999999658782 -7.48909448741237e-11 0 -0.7772236924701944 0.000020303832333533156 0.6292243887920677 0 0 0 0 1 0.6292243885773665 -0.000016437470600382937 0.7772236927353983 2.999788999557495 0.000026123476934762554 0.999999999658782 -7.48909448741237e-11 0 -0.7772236924701944 0.000020303832333533156 0.6292243887920677 0 0 0 0 1 0.6292243885773665 -0.000016437470600382937 0.7772236927353983 2.999788999557495 0.000026123476934762554 0.999999999658782 -7.48909448741237e-11 0 -0.7772236924701944 0.000020303832333533156 0.6292243887920677 0 0 0 0 1 0.6292243885773665 -0.000016437470600382937 0.7772236927353983 2.999788999557495 0.000026123476934762554 0.999999999658782 -7.48909448741237e-11 0 -0.7772236924701944 0.000020303832333533156 0.6292243887920677 0 0 0 0 1 0.6292243885773665 -0.000016437470600382937 0.7772236927353983 2.999788999557495 0.000026123476934762554 0.999999999658782 -7.48909448741237e-11 0 -0.7772236924701944 0.000020303832333533156 0.6292243887920677 0 0 0 0 1 0.6292243885773665 -0.000016437470600382937 0.7772236927353983 2.999788999557495 0.000026123476934762554 0.999999999658782 -7.48909448741237e-11 0 -0.7772236924701944 0.000020303832333533156 0.6292243887920677 0 0 0 0 1 0.6292243885773665 -0.000016437470600382937 0.7772236927353983 2.999788999557495 0.000026123476934762554 0.999999999658782 -7.48909448741237e-11 0 -0.7772236924701944 0.000020303832333533156 0.6292243887920677 0 0 0 0 1 0.6292243885773665 -0.000016437470600382937 0.7772236927353983 2.999788999557495 0.000026123476934762554 0.999999999658782 -7.48909448741237e-11 0 -0.7772236924701944 0.000020303832333533156 0.6292243887920677 0 0 0 0 1 0.6292243885773665 -0.000016437470600382937 0.7772236927353983 2.999788999557495 0.000026123476934762554 0.999999999658782 -7.48909448741237e-11 0 -0.7772236924701944 0.000020303832333533156 0.6292243887920677 0 0 0 0 1 0.6292243885773665 -0.000016437470600382937 0.7772236927353983 2.999788999557495 0.000026123476934762554 0.999999999658782 -7.48909448741237e-11 0 -0.7772236924701944 0.000020303832333533156 0.6292243887920677 0 0 0 0 1 0.6292243885773665 -0.000016437470600382937 0.7772236927353983 2.999788999557495 0.000026123476934762554 0.999999999658782 -7.48909448741237e-11 0 -0.7772236924701944 0.000020303832333533156 0.6292243887920677 0 0 0 0 1 0.6292243885773665 -0.000016437470600382937 0.7772236927353983 2.999788999557495 0.000026123476934762554 0.999999999658782 -7.48909448741237e-11 0 -0.7772236924701944 0.000020303832333533156 0.6292243887920677 0 0 0 0 1 0.6292243885773665 -0.000016437470600382937 0.7772236927353983 2.999788999557495 0.000026123476934762554 0.999999999658782 -7.48909448741237e-11 0 -0.7772236924701944 0.000020303832333533156 0.6292243887920677 0 0 0 0 1 0.6292243885773665 -0.000016437470600382937 0.7772236927353983 2.999788999557495 0.000026123476934762554 0.999999999658782 -7.48909448741237e-11 0 -0.7772236924701944 0.000020303832333533156 0.6292243887920677 0 0 0 0 1 0.6292243885773665 -0.000016437470600382937 0.7772236927353983 2.999788999557495 0.000026123476934762554 0.999999999658782 -7.48909448741237e-11 0 -0.7772236924701944 0.000020303832333533156 0.6292243887920677 0 0 0 0 1 0.6292243885773665 -0.000016437470600382937 0.7772236927353983 2.999788999557495 0.000026123476934762554 0.999999999658782 -7.48909448741237e-11 0 -0.7772236924701944 0.000020303832333533156 0.6292243887920677 0 0 0 0 1 0.6292243885773665 -0.000016437470600382937 0.7772236927353983 2.999788999557495 0.000026123476934762554 0.999999999658782 -7.48909448741237e-11 0 -0.7772236924701944 0.000020303832333533156 0.6292243887920677 0 0 0 0 1 0.6292243885773665 -0.000016437470600382937 0.7772236927353983 2.999788999557495 0.000026123476934762554 0.999999999658782 -7.48909448741237e-11 0 -0.7772236924701944 0.000020303832333533156 0.6292243887920677 0 0 0 0 1 0.6292243885773665 -0.000016437470600382937 0.7772236927353983 2.999788999557495 0.000026123476934762554 0.999999999658782 -7.48909448741237e-11 0 -0.7772236924701944 0.000020303832333533156 0.6292243887920677 0 0 0 0 1 0.6292243885773665 -0.000016437470600382937 0.7772236927353983 2.999788999557495 0.000026123476934762554 0.999999999658782 -7.48909448741237e-11 0 -0.7772236924701944 0.000020303832333533156 0.6292243887920677 0 0 0 0 1 0.6292243885773665 -0.000016437470600382937 0.7772236927353983 2.999788999557495 0.000026123476934762554 0.999999999658782 -7.48909448741237e-11 0 -0.7772236924701944 0.000020303832333533156 0.6292243887920677 0 0 0 0 1 0.6292243885773665 -0.000016437470600382937 0.7772236927353983 2.999788999557495 0.000026123476934762554 0.999999999658782 -7.48909448741237e-11 0 -0.7772236924701944 0.000020303832333533156 0.6292243887920677 0 0 0 0 1 0.6292243885773665 -0.000016437470600382937 0.7772236927353983 2.999788999557495 0.000026123476934762554 0.999999999658782 -7.48909448741237e-11 0 -0.7772236924701944 0.000020303832333533156 0.6292243887920677 0 0 0 0 1 0.6292243885773665 -0.000016437470600382937 0.7772236927353983 2.999788999557495 0.000026123476934762554 0.999999999658782 -7.48909448741237e-11 0 -0.7772236924701944 0.000020303832333533156 0.6292243887920677 0 0 0 0 1 0.6292243885773665 -0.000016437470600382937 0.7772236927353983 2.999788999557495 0.000026123476934762554 0.999999999658782 -7.48909448741237e-11 0 -0.7772236924701944 0.000020303832333533156 0.6292243887920677 0 0 0 0 1 0.6292243885773665 -0.000016437470600382937 0.7772236927353983 2.999788999557495 0.000026123476934762554 0.999999999658782 -7.48909448741237e-11 0 -0.7772236924701944 0.000020303832333533156 0.6292243887920677 0 0 0 0 1 0.6292243885773665 -0.000016437470600382937 0.7772236927353983 2.999788999557495 0.000026123476934762554 0.999999999658782 -7.48909448741237e-11 0 -0.7772236924701944 0.000020303832333533156 0.6292243887920677 0 0 0 0 1 0.6292243885773665 -0.000016437470600382937 0.7772236927353983 2.999788999557495 0.000026123476934762554 0.999999999658782 -7.48909448741237e-11 0 -0.7772236924701944 0.000020303832333533156 0.6292243887920677 0 0 0 0 1 0.6292243885773665 -0.000016437470600382937 0.7772236927353983 2.999788999557495 0.000026123476934762554 0.999999999658782 -7.48909448741237e-11 0 -0.7772236924701944 0.000020303832333533156 0.6292243887920677 0 0 0 0 1 0.6292243885773665 -0.000016437470600382937 0.7772236927353983 2.999788999557495 0.000026123476934762554 0.999999999658782 -7.48909448741237e-11 0 -0.7772236924701944 0.000020303832333533156 0.6292243887920677 0 0 0 0 1 0.6292243885773665 -0.000016437470600382937 0.7772236927353983 2.999788999557495 0.000026123476934762554 0.999999999658782 -7.48909448741237e-11 0 -0.7772236924701944 0.000020303832333533156 0.6292243887920677 0 0 0 0 1 0.6292243885773665 -0.000016437470600382937 0.7772236927353983 2.999788999557495 0.000026123476934762554 0.999999999658782 -7.48909448741237e-11 0 -0.7772236924701944 0.000020303832333533156 0.6292243887920677 0 0 0 0 1 0.6292243885773665 -0.000016437470600382937 0.7772236927353983 2.999788999557495 0.000026123476934762554 0.999999999658782 -7.48909448741237e-11 0 -0.7772236924701944 0.000020303832333533156 0.6292243887920677 0 0 0 0 1 0.6292243885773665 -0.000016437470600382937 0.7772236927353983 2.999788999557495 0.000026123476934762554 0.999999999658782 -7.48909448741237e-11 0 -0.7772236924701944 0.000020303832333533156 0.6292243887920677 0 0 0 0 1 0.6292243885773665 -0.000016437470600382937 0.7772236927353983 2.999788999557495 0.000026123476934762554 0.999999999658782 -7.48909448741237e-11 0 -0.7772236924701944 0.000020303832333533156 0.6292243887920677 0 0 0 0 1 0.6292243885773665 -0.000016437470600382937 0.7772236927353983 2.999788999557495 0.000026123476934762554 0.999999999658782 -7.48909448741237e-11 0 -0.7772236924701944 0.000020303832333533156 0.6292243887920677 0 0 0 0 1 0.6292243885773665 -0.000016437470600382937 0.7772236927353983 2.999788999557495 0.000026123476934762554 0.999999999658782 -7.48909448741237e-11 0 -0.7772236924701944 0.000020303832333533156 0.6292243887920677 0 0 0 0 1 0.6292243885773665 -0.000016437470600382937 0.7772236927353983 2.999788999557495 0.000026123476934762554 0.999999999658782 -7.48909448741237e-11 0 -0.7772236924701944 0.000020303832333533156 0.6292243887920677 0 0 0 0 1 0.6292243885773665 -0.000016437470600382937 0.7772236927353983 2.999788999557495 0.000026123476934762554 0.999999999658782 -7.48909448741237e-11 0 -0.7772236924701944 0.000020303832333533156 0.6292243887920677 0 0 0 0 1 0.6292243885773665 -0.000016437470600382937 0.7772236927353983 2.999788999557495 0.000026123476934762554 0.999999999658782 -7.48909448741237e-11 0 -0.7772236924701944 0.000020303832333533156 0.6292243887920677 0 0 0 0 1 0.6292243885773665 -0.000016437470600382937 0.7772236927353983 2.999788999557495 0.000026123476934762554 0.999999999658782 -7.48909448741237e-11 0 -0.7772236924701944 0.000020303832333533156 0.6292243887920677 0 0 0 0 1 0.6292243885773665 -0.000016437470600382937 0.7772236927353983 2.999788999557495 0.000026123476934762554 0.999999999658782 -7.48909448741237e-11 0 -0.7772236924701944 0.000020303832333533156 0.6292243887920677 0 0 0 0 1 0.6292243885773665 -0.000016437470600382937 0.7772236927353983 2.999788999557495 0.000026123476934762554 0.999999999658782 -7.48909448741237e-11 0 -0.7772236924701944 0.000020303832333533156 0.6292243887920677 0 0 0 0 1 0.6292243885773665 -0.000016437470600382937 0.7772236927353983 2.999788999557495 0.000026123476934762554 0.999999999658782 -7.48909448741237e-11 0 -0.7772236924701944 0.000020303832333533156 0.6292243887920677 0 0 0 0 1 0.6292243885773665 -0.000016437470600382937 0.7772236927353983 2.999788999557495 0.000026123476934762554 0.999999999658782 -7.48909448741237e-11 0 -0.7772236924701944 0.000020303832333533156 0.6292243887920677 0 0 0 0 1 0.6292243885773665 -0.000016437470600382937 0.7772236927353983 2.999788999557495 0.000026123476934762554 0.999999999658782 -7.48909448741237e-11 0 -0.7772236924701944 0.000020303832333533156 0.6292243887920677 0 0 0 0 1 0.6292243885773665 -0.000016437470600382937 0.7772236927353983 2.999788999557495 0.000026123476934762554 0.999999999658782 -7.48909448741237e-11 0 -0.7772236924701944 0.000020303832333533156 0.6292243887920677 0 0 0 0 1</float_array>
				<technique_common>
					<accessor source="#anim_RFingerA2_transform_output_array" count="56" stride="16">
						<param name="TRANSFORM" type="float4x4"/>
					</accessor>
				</technique_common>
			</source>
			<source id="anim_RFingerA2_transform_interpolation">
				<Name_array id="anim_RFingerA2_transform_interpolation_array" count="56">LINEAR LINEAR LINEAR LINEAR LINEAR LINEAR LINEAR LINEAR LINEAR LINEAR LINEAR LINEAR LINEAR LINEAR LINEAR LINEAR LINEAR LINEAR LINEAR LINEAR LINEAR LINEAR LINEAR LINEAR LINEAR LINEAR LINEAR LINEAR LINEAR LINEAR LINEAR LINEAR LINEAR LINEAR LINEAR LINEAR LINEAR LINEAR LINEAR LINEAR LINEAR LINEAR LINEAR LINEAR LINEAR LINEAR LINEAR LINEAR LINEAR LINEAR LINEAR LINEAR LINEAR LINEAR LINEAR LINEAR</Name_array>
				<technique_common>
					<accessor source="#anim_RFingerA2_transform_interpolation_array" count="56" stride="1">
						<param name="INTERPOLATION" type="Name"/>
					</accessor>
				</technique_common>
			</source>
			<sampler id="anim_RFingerA2_transform_sampler">
				<input semantic="INPUT" source="#anim_RFingerA2_transform_input"/>
				<input semantic="OUTPUT" source="#anim_RFingerA2_transform_output"/>
				<input semantic="INTERPOLATION" source="#anim_RFingerA2_transform_interpolation"/>
			</sampler>
			<channel source="#anim_RFingerA2_transform_sampler" target="RFingerA2_bone_id/transform"/>
		</animation>
		<animation id="anim_RFingerA3_transform" name="anim_RFingerA3_transform">
			<source id="anim_RFingerA3_transform_input">
				<float_array id="anim_RFingerA3_transform_input_array" count="56">0 0.03333333333333333 0.06666666666666667 0.1 0.13333333333333333 0.16666666666666666 0.2 0.23333333333333334 0.26666666666666666 0.3 0.3333333333333333 0.36666666666666664 0.4 0.43333333333333335 0.4666666666666667 0.5 0.5333333333333333 0.5666666666666667 0.6 0.6333333333333333 0.6666666666666666 0.7 0.7333333333333333 0.7666666666666667 0.8 0.8333333333333334 0.8666666666666667 0.9 0.9333333333333333 0.9666666666666667 1 1.0333333333333334 1.0666666666666667 1.1 1.1333333333333333 1.1666666666666667 1.2 1.2333333333333334 1.2666666666666666 1.3 1.3333333333333333 1.3666666666666667 1.4 1.4333333333333333 1.4666666666666666 1.5 1.5333333333333334 1.5666666666666667 1.6 1.6333333333333333 1.6666666666666667 1.7 1.7333333333333334 1.7666666666666666 1.8 1.8333333333333333</float_array>
				<technique_common>
					<accessor source="#anim_RFingerA3_transform_input_array" count="56" stride="1">
						<param name="TIME" type="float"/>
					</accessor>
				</technique_common>
			</source>
			<source id="anim_RFingerA3_transform_output">
				<float_array id="anim_RFingerA3_transform_output_array" count="896">0.8410350533665806 -0.00006154773592914914 0.5409806237015788 2.9997260570526123 0.00010778824111111196 0.9999999927435086 -0.000053802210943327826 0 -0.5409806164645532 0.00010356089525594723 0.8410350538977391 0 0 0 0 1 0.8410350533665806 -0.00006154773592914914 0.5409806237015788 2.9997260570526123 0.00010778824111111196 0.9999999927435086 -0.000053802210943327826 0 -0.5409806164645532 0.00010356089525594723 0.8410350538977391 0 0 0 0 1 0.8410350533665806 -0.00006154773592914914 0.5409806237015788 2.9997260570526123 0.00010778824111111196 0.9999999927435086 -0.000053802210943327826 0 -0.5409806164645532 0.00010356089525594723 0.8410350538977391 0 0 0 0 1 0.8410350533665806 -0.00006154773592914914 0.5409806237015788 2.9997260570526123 0.00010778824111111196 0.9999999927435086 -0.000053802210943327826 0 -0.5409806164645532 0.00010356089525594723 0.8410350538977391 0 0 0 0 1 0.8410350533665806 -0.00006154773592914914 0.5409806237015788 2.9997260570526123 0.00010778824111111196 0.9999999927435086 -0.000053802210943327826 0 -0.5409806164645532 0.00010356089525594723 0.8410350538977391 0 0 0 0 1 0.8410350533665806 -0.00006154773592914914 0.5409806237015788 2.9997260570526123 0.00010778824111111196 0.9999999927435086 -0.000053802210943327826 0 -0.5409806164645532 0.00010356089525594723 0.8410350538977391 0 0 0 0 1 0.8410350533665806 -0.00006154773592914914 0.5409806237015788 2.9997260570526123 0.00010778824111111196 0.9999999927435086 -0.000053802210943327826 0 -0.5409806164645532 0.00010356089525594723 0.8410350538977391 0 0 0 0 1 0.8410350533665806 -0.00006154773592914914 0.5409806237015788 2.9997260570526123 0.00010778824111111196 0.9999999927435086 -0.000053802210943327826 0 -0.5409806164645532 0.00010356089525594723 0.8410350538977391 0 0 0 0 1 0.8410350533665806 -0.00006154773592914914 0.5409806237015788 2.9997260570526123 0.00010778824111111196 0.9999999927435086 -0.000053802210943327826 0 -0.5409806164645532 0.00010356089525594723 0.8410350538977391 0 0 0 0 1 0.8410350533665806 -0.00006154773592914914 0.5409806237015788 2.9997260570526123 0.00010778824111111196 0.9999999927435086 -0.000053802210943327826 0 -0.5409806164645532 0.00010356089525594723 0.8410350538977391 0 0 0 0 1 0.8410350533665806 -0.00006154773592914914 0.5409806237015788 2.9997260570526123 0.00010778824111111196 0.9999999927435086 -0.000053802210943327826 0 -0.5409806164645532 0.00010356089525594723 0.8410350538977391 0 0 0 0 1 0.8410350533665806 -0.00006154773592914914 0.5409806237015788 2.9997260570526123 0.00010778824111111196 0.9999999927435086 -0.000053802210943327826 0 -0.5409806164645532 0.00010356089525594723 0.8410350538977391 0 0 0 0 1 0.8410350533665806 -0.00006154773592914914 0.5409806237015788 2.9997260570526123 0.00010778824111111196 0.9999999927435086 -0.000053802210943327826 0 -0.5409806164645532 0.00010356089525594723 0.8410350538977391 0 0 0 0 1 0.8410350533665806 -0.00006154773592914914 0.5409806237015788 2.9997260570526123 0.00010778824111111196 0.9999999927435086 -0.000053802210943327826 0 -0.5409806164645532 0.00010356089525594723 0.8410350538977391 0 0 0 0 1 0.8410350533665806 -0.00006154773592914914 0.5409806237015788 2.9997260570526123 0.00010778824111111196 0.9999999927435086 -0.000053802210943327826 0 -0.5409806164645532 0.00010356089525594723 0.8410350538977391 0 0 0 0 1 0.8410350533665806 -0.00006154773592914914 0.5409806237015788 2.9997260570526123 0.00010778824111111196 0.9999999927435086 -0.000053802210943327826 0 -0.5409806164645532 0.00010356089525594723 0.8410350538977391 0 0 0 0 1 0.8410350533665806 -0.00006154773592914914 0.5409806237015788 2.9997260570526123 0.00010778824111111196 0.9999999927435086 -0.000053802210943327826 0 -0.5409806164645532 0.00010356089525594723 0.8410350538977391 0 0 0 0 1 0.8410350533665806 -0.00006154773592914914 0.5409806237015788 2.9997260570526123 0.00010778824111111196 0.9999999927435086 -0.000053802210943327826 0 -0.5409806164645532 0.00010356089525594723 0.8410350538977391 0 0 0 0 1 0.8410350533665806 -0.00006154773592914914 0.5409806237015788 2.9997260570526123 0.00010778824111111196 0.9999999927435086 -0.000053802210943327826 0 -0.5409806164645532 0.00010356089525594723 0.8410350538977391 0 0 0 0 1 0.8410350533665806 -0.00006154773592914914 0.5409806237015788 2.9997260570526123 0.00010778824111111196 0.9999999927435086 -0.000053802210943327826 0 -0.5409806164645532 0.00010356089525594723 0.8410350538977391 0 0 0 0 1 0.8410350533665806 -0.00006154773592914914 0.5409806237015788 2.9997260570526123 0.00010778824111111196 0.9999999927435086 -0.000053802210943327826 0 -0.5409806164645532 0.00010356089525594723 0.8410350538977391 0 0 0 0 1 0.8410350533665806 -0.00006154773592914914 0.5409806237015788 2.9997260570526123 0.00010778824111111196 0.9999999927435086 -0.000053802210943327826 0 -0.5409806164645532 0.00010356089525594723 0.8410350538977391 0 0 0 0 1 0.8410350533665806 -0.00006154773592914914 0.5409806237015788 2.9997260570526123 0.00010778824111111196 0.9999999927435086 -0.000053802210943327826 0 -0.5409806164645532 0.00010356089525594723 0.8410350538977391 0 0 0 0 1 0.8410350533665806 -0.00006154773592914914 0.5409806237015788 2.9997260570526123 0.00010778824111111196 0.9999999927435086 -0.000053802210943327826 0 -0.5409806164645532 0.00010356089525594723 0.8410350538977391 0 0 0 0 1 0.8410350533665806 -0.00006154773592914914 0.5409806237015788 2.9997260570526123 0.00010778824111111196 0.9999999927435086 -0.000053802210943327826 0 -0.5409806164645532 0.00010356089525594723 0.8410350538977391 0 0 0 0 1 0.8410350533665806 -0.00006154773592914914 0.5409806237015788 2.9997260570526123 0.00010778824111111196 0.9999999927435086 -0.000053802210943327826 0 -0.5409806164645532 0.00010356089525594723 0.8410350538977391 0 0 0 0 1 0.8410350533665806 -0.00006154773592914914 0.5409806237015788 2.9997260570526123 0.00010778824111111196 0.9999999927435086 -0.000053802210943327826 0 -0.5409806164645532 0.00010356089525594723 0.8410350538977391 0 0 0 0 1 0.8410350533665806 -0.00006154773592914914 0.5409806237015788 2.9997260570526123 0.00010778824111111196 0.9999999927435086 -0.000053802210943327826 0 -0.5409806164645532 0.00010356089525594723 0.8410350538977391 0 0 0 0 1 0.8410350533665806 -0.00006154773592914914 0.5409806237015788 2.9997260570526123 0.00010778824111111196 0.9999999927435086 -0.000053802210943327826 0 -0.5409806164645532 0.00010356089525594723 0.8410350538977391 0 0 0 0 1 0.8410350533665806 -0.00006154773592914914 0.5409806237015788 2.9997260570526123 0.00010778824111111196 0.9999999927435086 -0.000053802210943327826 0 -0.5409806164645532 0.00010356089525594723 0.8410350538977391 0 0 0 0 1 0.8410350533665806 -0.00006154773592914914 0.5409806237015788 2.9997260570526123 0.00010778824111111196 0.9999999927435086 -0.000053802210943327826 0 -0.5409806164645532 0.00010356089525594723 0.8410350538977391 0 0 0 0 1 0.8410350533665806 -0.00006154773592914914 0.5409806237015788 2.9997260570526123 0.00010778824111111196 0.9999999927435086 -0.000053802210943327826 0 -0.5409806164645532 0.00010356089525594723 0.8410350538977391 0 0 0 0 1 0.8410350533665806 -0.00006154773592914914 0.5409806237015788 2.9997260570526123 0.00010778824111111196 0.9999999927435086 -0.000053802210943327826 0 -0.5409806164645532 0.00010356089525594723 0.8410350538977391 0 0 0 0 1 0.8410350533665806 -0.00006154773592914914 0.5409806237015788 2.9997260570526123 0.00010778824111111196 0.9999999927435086 -0.000053802210943327826 0 -0.5409806164645532 0.00010356089525594723 0.8410350538977391 0 0 0 0 1 0.8410350533665806 -0.00006154773592914914 0.5409806237015788 2.9997260570526123 0.00010778824111111196 0.9999999927435086 -0.000053802210943327826 0 -0.5409806164645532 0.00010356089525594723 0.8410350538977391 0 0 0 0 1 0.8410350533665806 -0.00006154773592914914 0.5409806237015788 2.9997260570526123 0.00010778824111111196 0.9999999927435086 -0.000053802210943327826 0 -0.5409806164645532 0.00010356089525594723 0.8410350538977391 0 0 0 0 1 0.8410350533665806 -0.00006154773592914914 0.5409806237015788 2.9997260570526123 0.00010778824111111196 0.9999999927435086 -0.000053802210943327826 0 -0.5409806164645532 0.00010356089525594723 0.8410350538977391 0 0 0 0 1 0.8410350533665806 -0.00006154773592914914 0.5409806237015788 2.9997260570526123 0.00010778824111111196 0.9999999927435086 -0.000053802210943327826 0 -0.5409806164645532 0.00010356089525594723 0.8410350538977391 0 0 0 0 1 0.8410350533665806 -0.00006154773592914914 0.5409806237015788 2.9997260570526123 0.00010778824111111196 0.9999999927435086 -0.000053802210943327826 0 -0.5409806164645532 0.00010356089525594723 0.8410350538977391 0 0 0 0 1 0.8410350533665806 -0.00006154773592914914 0.5409806237015788 2.9997260570526123 0.00010778824111111196 0.9999999927435086 -0.000053802210943327826 0 -0.5409806164645532 0.00010356089525594723 0.8410350538977391 0 0 0 0 1 0.8410350533665806 -0.00006154773592914914 0.5409806237015788 2.9997260570526123 0.00010778824111111196 0.9999999927435086 -0.000053802210943327826 0 -0.5409806164645532 0.00010356089525594723 0.8410350538977391 0 0 0 0 1 0.8410350533665806 -0.00006154773592914914 0.5409806237015788 2.9997260570526123 0.00010778824111111196 0.9999999927435086 -0.000053802210943327826 0 -0.5409806164645532 0.00010356089525594723 0.8410350538977391 0 0 0 0 1 0.8410350533665806 -0.00006154773592914914 0.5409806237015788 2.9997260570526123 0.00010778824111111196 0.9999999927435086 -0.000053802210943327826 0 -0.5409806164645532 0.00010356089525594723 0.8410350538977391 0 0 0 0 1 0.8410350533665806 -0.00006154773592914914 0.5409806237015788 2.9997260570526123 0.00010778824111111196 0.9999999927435086 -0.000053802210943327826 0 -0.5409806164645532 0.00010356089525594723 0.8410350538977391 0 0 0 0 1 0.8410350533665806 -0.00006154773592914914 0.5409806237015788 2.9997260570526123 0.00010778824111111196 0.9999999927435086 -0.000053802210943327826 0 -0.5409806164645532 0.00010356089525594723 0.8410350538977391 0 0 0 0 1 0.8410350533665806 -0.00006154773592914914 0.5409806237015788 2.9997260570526123 0.00010778824111111196 0.9999999927435086 -0.000053802210943327826 0 -0.5409806164645532 0.00010356089525594723 0.8410350538977391 0 0 0 0 1 0.8410350533665806 -0.00006154773592914914 0.5409806237015788 2.9997260570526123 0.00010778824111111196 0.9999999927435086 -0.000053802210943327826 0 -0.5409806164645532 0.00010356089525594723 0.8410350538977391 0 0 0 0 1 0.8410350533665806 -0.00006154773592914914 0.5409806237015788 2.9997260570526123 0.00010778824111111196 0.9999999927435086 -0.000053802210943327826 0 -0.5409806164645532 0.00010356089525594723 0.8410350538977391 0 0 0 0 1 0.8410350533665806 -0.00006154773592914914 0.5409806237015788 2.9997260570526123 0.00010778824111111196 0.9999999927435086 -0.000053802210943327826 0 -0.5409806164645532 0.00010356089525594723 0.8410350538977391 0 0 0 0 1 0.8410350533665806 -0.00006154773592914914 0.5409806237015788 2.9997260570526123 0.00010778824111111196 0.9999999927435086 -0.000053802210943327826 0 -0.5409806164645532 0.00010356089525594723 0.8410350538977391 0 0 0 0 1 0.8410350533665806 -0.00006154773592914914 0.5409806237015788 2.9997260570526123 0.00010778824111111196 0.9999999927435086 -0.000053802210943327826 0 -0.5409806164645532 0.00010356089525594723 0.8410350538977391 0 0 0 0 1 0.8410350533665806 -0.00006154773592914914 0.5409806237015788 2.9997260570526123 0.00010778824111111196 0.9999999927435086 -0.000053802210943327826 0 -0.5409806164645532 0.00010356089525594723 0.8410350538977391 0 0 0 0 1 0.8410350533665806 -0.00006154773592914914 0.5409806237015788 2.9997260570526123 0.00010778824111111196 0.9999999927435086 -0.000053802210943327826 0 -0.5409806164645532 0.00010356089525594723 0.8410350538977391 0 0 0 0 1 0.8410350533665806 -0.00006154773592914914 0.5409806237015788 2.9997260570526123 0.00010778824111111196 0.9999999927435086 -0.000053802210943327826 0 -0.5409806164645532 0.00010356089525594723 0.8410350538977391 0 0 0 0 1 0.8410350533665806 -0.00006154773592914914 0.5409806237015788 2.9997260570526123 0.00010778824111111196 0.9999999927435086 -0.000053802210943327826 0 -0.5409806164645532 0.00010356089525594723 0.8410350538977391 0 0 0 0 1 0.8410350533665806 -0.00006154773592914914 0.5409806237015788 2.9997260570526123 0.00010778824111111196 0.9999999927435086 -0.000053802210943327826 0 -0.5409806164645532 0.00010356089525594723 0.8410350538977391 0 0 0 0 1</float_array>
				<technique_common>
					<accessor source="#anim_RFingerA3_transform_output_array" count="56" stride="16">
						<param name="TRANSFORM" type="float4x4"/>
					</accessor>
				</technique_common>
			</source>
			<source id="anim_RFingerA3_transform_interpolation">
				<Name_array id="anim_RFingerA3_transform_interpolation_array" count="56">LINEAR LINEAR LINEAR LINEAR LINEAR LINEAR LINEAR LINEAR LINEAR LINEAR LINEAR LINEAR LINEAR LINEAR LINEAR LINEAR LINEAR LINEAR LINEAR LINEAR LINEAR LINEAR LINEAR LINEAR LINEAR LINEAR LINEAR LINEAR LINEAR LINEAR LINEAR LINEAR LINEAR LINEAR LINEAR LINEAR LINEAR LINEAR LINEAR LINEAR LINEAR LINEAR LINEAR LINEAR LINEAR LINEAR LINEAR LINEAR LINEAR LINEAR LINEAR LINEAR LINEAR LINEAR LINEAR LINEAR</Name_array>
				<technique_common>
					<accessor source="#anim_RFingerA3_transform_interpolation_array" count="56" stride="1">
						<param name="INTERPOLATION" type="Name"/>
					</accessor>
				</technique_common>
			</source>
			<sampler id="anim_RFingerA3_transform_sampler">
				<input semantic="INPUT" source="#anim_RFingerA3_transform_input"/>
				<input semantic="OUTPUT" source="#anim_RFingerA3_transform_output"/>
				<input semantic="INTERPOLATION" source="#anim_RFingerA3_transform_interpolation"/>
			</sampler>
			<channel source="#anim_RFingerA3_transform_sampler" target="RFingerA3_bone_id/transform"/>
		</animation>
		<animation id="anim_RFingerB1_transform" name="anim_RFingerB1_transform">
			<source id="anim_RFingerB1_transform_input">
				<float_array id="anim_RFingerB1_transform_input_array" count="56">0 0.03333333333333333 0.06666666666666667 0.1 0.13333333333333333 0.16666666666666666 0.2 0.23333333333333334 0.26666666666666666 0.3 0.3333333333333333 0.36666666666666664 0.4 0.43333333333333335 0.4666666666666667 0.5 0.5333333333333333 0.5666666666666667 0.6 0.6333333333333333 0.6666666666666666 0.7 0.7333333333333333 0.7666666666666667 0.8 0.8333333333333334 0.8666666666666667 0.9 0.9333333333333333 0.9666666666666667 1 1.0333333333333334 1.0666666666666667 1.1 1.1333333333333333 1.1666666666666667 1.2 1.2333333333333334 1.2666666666666666 1.3 1.3333333333333333 1.3666666666666667 1.4 1.4333333333333333 1.4666666666666666 1.5 1.5333333333333334 1.5666666666666667 1.6 1.6333333333333333 1.6666666666666667 1.7 1.7333333333333334 1.7666666666666666 1.8 1.8333333333333333</float_array>
				<technique_common>
					<accessor source="#anim_RFingerB1_transform_input_array" count="56" stride="1">
						<param name="TIME" type="float"/>
					</accessor>
				</technique_common>
			</source>
			<source id="anim_RFingerB1_transform_output">
				<float_array id="anim_RFingerB1_transform_output_array" count="896">0.567921618927091 -0.823082641510083 1.2705410098949178e-7 7.542998790740967 0.8230826415020448 0.5679216189222137 0.00000433455215282413 0.020005999132990837 -0.00000363985140643436 -0.000002357109850899689 0.9999999999905977 2.2050039768218994 0 0 0 1 0.567921618927091 -0.823082641510083 1.2705410098949178e-7 7.542998790740967 0.8230826415020448 0.5679216189222137 0.00000433455215282413 0.020005999132990837 -0.00000363985140643436 -0.000002357109850899689 0.9999999999905977 2.2050039768218994 0 0 0 1 0.567921618927091 -0.823082641510083 1.2705410098949178e-7 7.542998790740967 0.8230826415020448 0.5679216189222137 0.00000433455215282413 0.020005999132990837 -0.00000363985140643436 -0.000002357109850899689 0.9999999999905977 2.2050039768218994 0 0 0 1 0.567921618927091 -0.823082641510083 1.2705410098949178e-7 7.542998790740967 0.8230826415020448 0.5679216189222137 0.00000433455215282413 0.020005999132990837 -0.00000363985140643436 -0.000002357109850899689 0.9999999999905977 2.2050039768218994 0 0 0 1 0.567921618927091 -0.823082641510083 1.2705410098949178e-7 7.542998790740967 0.8230826415020448 0.5679216189222137 0.00000433455215282413 0.020005999132990837 -0.00000363985140643436 -0.000002357109850899689 0.9999999999905977 2.2050039768218994 0 0 0 1 0.567921618927091 -0.823082641510083 1.2705410098949178e-7 7.542998790740967 0.8230826415020448 0.5679216189222137 0.00000433455215282413 0.020005999132990837 -0.00000363985140643436 -0.000002357109850899689 0.9999999999905977 2.2050039768218994 0 0 0 1 0.567921618927091 -0.823082641510083 1.2705410098949178e-7 7.542998790740967 0.8230826415020448 0.5679216189222137 0.00000433455215282413 0.020005999132990837 -0.00000363985140643436 -0.000002357109850899689 0.9999999999905977 2.2050039768218994 0 0 0 1 0.567921618927091 -0.823082641510083 1.2705410098949178e-7 7.542998790740967 0.8230826415020448 0.5679216189222137 0.00000433455215282413 0.020005999132990837 -0.00000363985140643436 -0.000002357109850899689 0.9999999999905977 2.2050039768218994 0 0 0 1 0.567921618927091 -0.823082641510083 1.2705410098949178e-7 7.542998790740967 0.8230826415020448 0.5679216189222137 0.00000433455215282413 0.020005999132990837 -0.00000363985140643436 -0.000002357109850899689 0.9999999999905977 2.2050039768218994 0 0 0 1 0.567921618927091 -0.823082641510083 1.2705410098949178e-7 7.542998790740967 0.8230826415020448 0.5679216189222137 0.00000433455215282413 0.020005999132990837 -0.00000363985140643436 -0.000002357109850899689 0.9999999999905977 2.2050039768218994 0 0 0 1 0.567921618927091 -0.823082641510083 1.2705410098949178e-7 7.542998790740967 0.8230826415020448 0.5679216189222137 0.00000433455215282413 0.020005999132990837 -0.00000363985140643436 -0.000002357109850899689 0.9999999999905977 2.2050039768218994 0 0 0 1 0.567921618927091 -0.823082641510083 1.2705410098949178e-7 7.542998790740967 0.8230826415020448 0.5679216189222137 0.00000433455215282413 0.020005999132990837 -0.00000363985140643436 -0.000002357109850899689 0.9999999999905977 2.2050039768218994 0 0 0 1 0.567921618927091 -0.823082641510083 1.2705410098949178e-7 7.542998790740967 0.8230826415020448 0.5679216189222137 0.00000433455215282413 0.020005999132990837 -0.00000363985140643436 -0.000002357109850899689 0.9999999999905977 2.2050039768218994 0 0 0 1 0.567921618927091 -0.823082641510083 1.2705410098949178e-7 7.542998790740967 0.8230826415020448 0.5679216189222137 0.00000433455215282413 0.020005999132990837 -0.00000363985140643436 -0.000002357109850899689 0.9999999999905977 2.2050039768218994 0 0 0 1 0.567921618927091 -0.823082641510083 1.2705410098949178e-7 7.542998790740967 0.8230826415020448 0.5679216189222137 0.00000433455215282413 0.020005999132990837 -0.00000363985140643436 -0.000002357109850899689 0.9999999999905977 2.2050039768218994 0 0 0 1 0.567921618927091 -0.823082641510083 1.2705410098949178e-7 7.542998790740967 0.8230826415020448 0.5679216189222137 0.00000433455215282413 0.020005999132990837 -0.00000363985140643436 -0.000002357109850899689 0.9999999999905977 2.2050039768218994 0 0 0 1 0.567921618927091 -0.823082641510083 1.2705410098949178e-7 7.542998790740967 0.8230826415020448 0.5679216189222137 0.00000433455215282413 0.020005999132990837 -0.00000363985140643436 -0.000002357109850899689 0.9999999999905977 2.2050039768218994 0 0 0 1 0.567921618927091 -0.823082641510083 1.2705410098949178e-7 7.542998790740967 0.8230826415020448 0.5679216189222137 0.00000433455215282413 0.020005999132990837 -0.00000363985140643436 -0.000002357109850899689 0.9999999999905977 2.2050039768218994 0 0 0 1 0.567921618927091 -0.823082641510083 1.2705410098949178e-7 7.542998790740967 0.8230826415020448 0.5679216189222137 0.00000433455215282413 0.020005999132990837 -0.00000363985140643436 -0.000002357109850899689 0.9999999999905977 2.2050039768218994 0 0 0 1 0.567921618927091 -0.823082641510083 1.2705410098949178e-7 7.542998790740967 0.8230826415020448 0.5679216189222137 0.00000433455215282413 0.020005999132990837 -0.00000363985140643436 -0.000002357109850899689 0.9999999999905977 2.2050039768218994 0 0 0 1 0.567921618927091 -0.823082641510083 1.2705410098949178e-7 7.542998790740967 0.8230826415020448 0.5679216189222137 0.00000433455215282413 0.020005999132990837 -0.00000363985140643436 -0.000002357109850899689 0.9999999999905977 2.2050039768218994 0 0 0 1 0.567921618927091 -0.823082641510083 1.2705410098949178e-7 7.542998790740967 0.8230826415020448 0.5679216189222137 0.00000433455215282413 0.020005999132990837 -0.00000363985140643436 -0.000002357109850899689 0.9999999999905977 2.2050039768218994 0 0 0 1 0.567921618927091 -0.823082641510083 1.2705410098949178e-7 7.542998790740967 0.8230826415020448 0.5679216189222137 0.00000433455215282413 0.020005999132990837 -0.00000363985140643436 -0.000002357109850899689 0.9999999999905977 2.2050039768218994 0 0 0 1 0.567921618927091 -0.823082641510083 1.2705410098949178e-7 7.542998790740967 0.8230826415020448 0.5679216189222137 0.00000433455215282413 0.020005999132990837 -0.00000363985140643436 -0.000002357109850899689 0.9999999999905977 2.2050039768218994 0 0 0 1 0.567921618927091 -0.823082641510083 1.2705410098949178e-7 7.542998790740967 0.8230826415020448 0.5679216189222137 0.00000433455215282413 0.020005999132990837 -0.00000363985140643436 -0.000002357109850899689 0.9999999999905977 2.2050039768218994 0 0 0 1 0.567921618927091 -0.823082641510083 1.2705410098949178e-7 7.542998790740967 0.8230826415020448 0.5679216189222137 0.00000433455215282413 0.020005999132990837 -0.00000363985140643436 -0.000002357109850899689 0.9999999999905977 2.2050039768218994 0 0 0 1 0.567921618927091 -0.823082641510083 1.2705410098949178e-7 7.542998790740967 0.8230826415020448 0.5679216189222137 0.00000433455215282413 0.020005999132990837 -0.00000363985140643436 -0.000002357109850899689 0.9999999999905977 2.2050039768218994 0 0 0 1 0.567921618927091 -0.823082641510083 1.2705410098949178e-7 7.542998790740967 0.8230826415020448 0.5679216189222137 0.00000433455215282413 0.020005999132990837 -0.00000363985140643436 -0.000002357109850899689 0.9999999999905977 2.2050039768218994 0 0 0 1 0.567921618927091 -0.823082641510083 1.2705410098949178e-7 7.542998790740967 0.8230826415020448 0.5679216189222137 0.00000433455215282413 0.020005999132990837 -0.00000363985140643436 -0.000002357109850899689 0.9999999999905977 2.2050039768218994 0 0 0 1 0.567921618927091 -0.823082641510083 1.2705410098949178e-7 7.542998790740967 0.8230826415020448 0.5679216189222137 0.00000433455215282413 0.020005999132990837 -0.00000363985140643436 -0.000002357109850899689 0.9999999999905977 2.2050039768218994 0 0 0 1 0.567921618927091 -0.823082641510083 1.2705410098949178e-7 7.542998790740967 0.8230826415020448 0.5679216189222137 0.00000433455215282413 0.020005999132990837 -0.00000363985140643436 -0.000002357109850899689 0.9999999999905977 2.2050039768218994 0 0 0 1 0.567921618927091 -0.823082641510083 1.2705410098949178e-7 7.542998790740967 0.8230826415020448 0.5679216189222137 0.00000433455215282413 0.020005999132990837 -0.00000363985140643436 -0.000002357109850899689 0.9999999999905977 2.2050039768218994 0 0 0 1 0.567921618927091 -0.823082641510083 1.2705410098949178e-7 7.542998790740967 0.8230826415020448 0.5679216189222137 0.00000433455215282413 0.020005999132990837 -0.00000363985140643436 -0.000002357109850899689 0.9999999999905977 2.2050039768218994 0 0 0 1 0.567921618927091 -0.823082641510083 1.2705410098949178e-7 7.542998790740967 0.8230826415020448 0.5679216189222137 0.00000433455215282413 0.020005999132990837 -0.00000363985140643436 -0.000002357109850899689 0.9999999999905977 2.2050039768218994 0 0 0 1 0.567921618927091 -0.823082641510083 1.2705410098949178e-7 7.542998790740967 0.8230826415020448 0.5679216189222137 0.00000433455215282413 0.020005999132990837 -0.00000363985140643436 -0.000002357109850899689 0.9999999999905977 2.2050039768218994 0 0 0 1 0.567921618927091 -0.823082641510083 1.2705410098949178e-7 7.542998790740967 0.8230826415020448 0.5679216189222137 0.00000433455215282413 0.020005999132990837 -0.00000363985140643436 -0.000002357109850899689 0.9999999999905977 2.2050039768218994 0 0 0 1 0.567921618927091 -0.823082641510083 1.2705410098949178e-7 7.542998790740967 0.8230826415020448 0.5679216189222137 0.00000433455215282413 0.020005999132990837 -0.00000363985140643436 -0.000002357109850899689 0.9999999999905977 2.2050039768218994 0 0 0 1 0.567921618927091 -0.823082641510083 1.2705410098949178e-7 7.542998790740967 0.8230826415020448 0.5679216189222137 0.00000433455215282413 0.020005999132990837 -0.00000363985140643436 -0.000002357109850899689 0.9999999999905977 2.2050039768218994 0 0 0 1 0.567921618927091 -0.823082641510083 1.2705410098949178e-7 7.542998790740967 0.8230826415020448 0.5679216189222137 0.00000433455215282413 0.020005999132990837 -0.00000363985140643436 -0.000002357109850899689 0.9999999999905977 2.2050039768218994 0 0 0 1 0.567921618927091 -0.823082641510083 1.2705410098949178e-7 7.542998790740967 0.8230826415020448 0.5679216189222137 0.00000433455215282413 0.020005999132990837 -0.00000363985140643436 -0.000002357109850899689 0.9999999999905977 2.2050039768218994 0 0 0 1 0.567921618927091 -0.823082641510083 1.2705410098949178e-7 7.542998790740967 0.8230826415020448 0.5679216189222137 0.00000433455215282413 0.020005999132990837 -0.00000363985140643436 -0.000002357109850899689 0.9999999999905977 2.2050039768218994 0 0 0 1 0.567921618927091 -0.823082641510083 1.2705410098949178e-7 7.542998790740967 0.8230826415020448 0.5679216189222137 0.00000433455215282413 0.020005999132990837 -0.00000363985140643436 -0.000002357109850899689 0.9999999999905977 2.2050039768218994 0 0 0 1 0.567921618927091 -0.823082641510083 1.2705410098949178e-7 7.542998790740967 0.8230826415020448 0.5679216189222137 0.00000433455215282413 0.020005999132990837 -0.00000363985140643436 -0.000002357109850899689 0.9999999999905977 2.2050039768218994 0 0 0 1 0.567921618927091 -0.823082641510083 1.2705410098949178e-7 7.542998790740967 0.8230826415020448 0.5679216189222137 0.00000433455215282413 0.020005999132990837 -0.00000363985140643436 -0.000002357109850899689 0.9999999999905977 2.2050039768218994 0 0 0 1 0.567921618927091 -0.823082641510083 1.2705410098949178e-7 7.542998790740967 0.8230826415020448 0.5679216189222137 0.00000433455215282413 0.020005999132990837 -0.00000363985140643436 -0.000002357109850899689 0.9999999999905977 2.2050039768218994 0 0 0 1 0.567921618927091 -0.823082641510083 1.2705410098949178e-7 7.542998790740967 0.8230826415020448 0.5679216189222137 0.00000433455215282413 0.020005999132990837 -0.00000363985140643436 -0.000002357109850899689 0.9999999999905977 2.2050039768218994 0 0 0 1 0.567921618927091 -0.823082641510083 1.2705410098949178e-7 7.542998790740967 0.8230826415020448 0.5679216189222137 0.00000433455215282413 0.020005999132990837 -0.00000363985140643436 -0.000002357109850899689 0.9999999999905977 2.2050039768218994 0 0 0 1 0.567921618927091 -0.823082641510083 1.2705410098949178e-7 7.542998790740967 0.8230826415020448 0.5679216189222137 0.00000433455215282413 0.020005999132990837 -0.00000363985140643436 -0.000002357109850899689 0.9999999999905977 2.2050039768218994 0 0 0 1 0.567921618927091 -0.823082641510083 1.2705410098949178e-7 7.542998790740967 0.8230826415020448 0.5679216189222137 0.00000433455215282413 0.020005999132990837 -0.00000363985140643436 -0.000002357109850899689 0.9999999999905977 2.2050039768218994 0 0 0 1 0.567921618927091 -0.823082641510083 1.2705410098949178e-7 7.542998790740967 0.8230826415020448 0.5679216189222137 0.00000433455215282413 0.020005999132990837 -0.00000363985140643436 -0.000002357109850899689 0.9999999999905977 2.2050039768218994 0 0 0 1 0.567921618927091 -0.823082641510083 1.2705410098949178e-7 7.542998790740967 0.8230826415020448 0.5679216189222137 0.00000433455215282413 0.020005999132990837 -0.00000363985140643436 -0.000002357109850899689 0.9999999999905977 2.2050039768218994 0 0 0 1 0.567921618927091 -0.823082641510083 1.2705410098949178e-7 7.542998790740967 0.8230826415020448 0.5679216189222137 0.00000433455215282413 0.020005999132990837 -0.00000363985140643436 -0.000002357109850899689 0.9999999999905977 2.2050039768218994 0 0 0 1 0.567921618927091 -0.823082641510083 1.2705410098949178e-7 7.542998790740967 0.8230826415020448 0.5679216189222137 0.00000433455215282413 0.020005999132990837 -0.00000363985140643436 -0.000002357109850899689 0.9999999999905977 2.2050039768218994 0 0 0 1 0.567921618927091 -0.823082641510083 1.2705410098949178e-7 7.542998790740967 0.8230826415020448 0.5679216189222137 0.00000433455215282413 0.020005999132990837 -0.00000363985140643436 -0.000002357109850899689 0.9999999999905977 2.2050039768218994 0 0 0 1 0.567921618927091 -0.823082641510083 1.2705410098949178e-7 7.542998790740967 0.8230826415020448 0.5679216189222137 0.00000433455215282413 0.020005999132990837 -0.00000363985140643436 -0.000002357109850899689 0.9999999999905977 2.2050039768218994 0 0 0 1 0.567921618927091 -0.823082641510083 1.2705410098949178e-7 7.542998790740967 0.8230826415020448 0.5679216189222137 0.00000433455215282413 0.020005999132990837 -0.00000363985140643436 -0.000002357109850899689 0.9999999999905977 2.2050039768218994 0 0 0 1</float_array>
				<technique_common>
					<accessor source="#anim_RFingerB1_transform_output_array" count="56" stride="16">
						<param name="TRANSFORM" type="float4x4"/>
					</accessor>
				</technique_common>
			</source>
			<source id="anim_RFingerB1_transform_interpolation">
				<Name_array id="anim_RFingerB1_transform_interpolation_array" count="56">LINEAR LINEAR LINEAR LINEAR LINEAR LINEAR LINEAR LINEAR LINEAR LINEAR LINEAR LINEAR LINEAR LINEAR LINEAR LINEAR LINEAR LINEAR LINEAR LINEAR LINEAR LINEAR LINEAR LINEAR LINEAR LINEAR LINEAR LINEAR LINEAR LINEAR LINEAR LINEAR LINEAR LINEAR LINEAR LINEAR LINEAR LINEAR LINEAR LINEAR LINEAR LINEAR LINEAR LINEAR LINEAR LINEAR LINEAR LINEAR LINEAR LINEAR LINEAR LINEAR LINEAR LINEAR LINEAR LINEAR</Name_array>
				<technique_common>
					<accessor source="#anim_RFingerB1_transform_interpolation_array" count="56" stride="1">
						<param name="INTERPOLATION" type="Name"/>
					</accessor>
				</technique_common>
			</source>
			<sampler id="anim_RFingerB1_transform_sampler">
				<input semantic="INPUT" source="#anim_RFingerB1_transform_input"/>
				<input semantic="OUTPUT" source="#anim_RFingerB1_transform_output"/>
				<input semantic="INTERPOLATION" source="#anim_RFingerB1_transform_interpolation"/>
			</sampler>
			<channel source="#anim_RFingerB1_transform_sampler" target="RFingerB1_bone_id/transform"/>
		</animation>
		<animation id="anim_RFingerB2_transform" name="anim_RFingerB2_transform">
			<source id="anim_RFingerB2_transform_input">
				<float_array id="anim_RFingerB2_transform_input_array" count="56">0 0.03333333333333333 0.06666666666666667 0.1 0.13333333333333333 0.16666666666666666 0.2 0.23333333333333334 0.26666666666666666 0.3 0.3333333333333333 0.36666666666666664 0.4 0.43333333333333335 0.4666666666666667 0.5 0.5333333333333333 0.5666666666666667 0.6 0.6333333333333333 0.6666666666666666 0.7 0.7333333333333333 0.7666666666666667 0.8 0.8333333333333334 0.8666666666666667 0.9 0.9333333333333333 0.9666666666666667 1 1.0333333333333334 1.0666666666666667 1.1 1.1333333333333333 1.1666666666666667 1.2 1.2333333333333334 1.2666666666666666 1.3 1.3333333333333333 1.3666666666666667 1.4 1.4333333333333333 1.4666666666666666 1.5 1.5333333333333334 1.5666666666666667 1.6 1.6333333333333333 1.6666666666666667 1.7 1.7333333333333334 1.7666666666666666 1.8 1.8333333333333333</float_array>
				<technique_common>
					<accessor source="#anim_RFingerB2_transform_input_array" count="56" stride="1">
						<param name="TIME" type="float"/>
					</accessor>
				</technique_common>
			</source>
			<source id="anim_RFingerB2_transform_output">
				<float_array id="anim_RFingerB2_transform_output_array" count="896">0.4298445789168995 -0.9029028950976696 0 3.4100000858306885 0.9029028950976696 0.4298445789168995 0 0 0 0 1 0 0 0 0 1 0.4298445789168995 -0.9029028950976696 0 3.4100000858306885 0.9029028950976696 0.4298445789168995 0 0 0 0 1 0 0 0 0 1 0.4298445789168995 -0.9029028950976696 0 3.4100000858306885 0.9029028950976696 0.4298445789168995 0 0 0 0 1 0 0 0 0 1 0.4298445789168995 -0.9029028950976696 0 3.4100000858306885 0.9029028950976696 0.4298445789168995 0 0 0 0 1 0 0 0 0 1 0.4298445789168995 -0.9029028950976696 0 3.4100000858306885 0.9029028950976696 0.4298445789168995 0 0 0 0 1 0 0 0 0 1 0.4298445789168995 -0.9029028950976696 0 3.4100000858306885 0.9029028950976696 0.4298445789168995 0 0 0 0 1 0 0 0 0 1 0.42984457891689287 -0.9029028950976558 -1.7484556000744883e-7 3.4100000858306885 0.9029028950976696 0.4298445789168995 0 0 7.515641611689132e-8 -1.5786856232569888e-7 0.9999999999999847 0 0 0 0 1 0.4298445789168995 -0.9029028950976696 0 3.4100000858306885 0.9029028950976696 0.4298445789168995 0 0 0 0 1 0 0 0 0 1 0.42984457891689287 -0.9029028950976558 -1.7484556000744883e-7 3.4100000858306885 0.9029028950976696 0.4298445789168995 0 0 7.515641611689132e-8 -1.5786856232569888e-7 0.9999999999999847 0 0 0 0 1 0.4298445789168995 -0.9029028950976696 0 3.4100000858306885 0.9029028950976696 0.4298445789168995 0 0 0 0 1 0 0 0 0 1 0.4298445789168995 -0.9029028950976696 0 3.4100000858306885 0.9029028950976696 0.4298445789168995 0 0 0 0 1 0 0 0 0 1 0.4298445789168995 -0.9029028950976696 0 3.4100000858306885 0.9029028950976696 0.4298445789168995 0 0 0 0 1 0 0 0 0 1 0.4298445789168995 -0.9029028950976696 0 3.4100000858306885 0.9029028950976696 0.4298445789168995 0 0 0 0 1 0 0 0 0 1 0.4298445789168995 -0.9029028950976696 0 3.4100000858306885 0.9029028950976696 0.4298445789168995 0 0 0 0 1 0 0 0 0 1 0.4298445789168995 -0.9029028950976696 0 3.4100000858306885 0.9029028950976696 0.4298445789168995 0 0 0 0 1 0 0 0 0 1 0.4298445789168995 -0.9029028950976696 0 3.4100000858306885 0.9029028950976696 0.4298445789168995 0 0 0 0 1 0 0 0 0 1 0.4298445789168995 -0.9029028950976696 0 3.4100000858306885 0.9029028950976696 0.4298445789168995 0 0 0 0 1 0 0 0 0 1 0.4298445789168995 -0.9029028950976696 0 3.4100000858306885 0.9029028950976696 0.4298445789168995 0 0 0 0 1 0 0 0 0 1 0.4298445789168995 -0.9029028950976696 0 3.4100000858306885 0.9029028950976696 0.4298445789168995 0 0 0 0 1 0 0 0 0 1 0.4298445789168995 -0.9029028950976696 0 3.4100000858306885 0.9029028950976696 0.4298445789168995 0 0 0 0 1 0 0 0 0 1 0.4298445789168995 -0.9029028950976696 0 3.4100000858306885 0.9029028950976696 0.4298445789168995 0 0 0 0 1 0 0 0 0 1 0.4298445789168995 -0.9029028950976696 0 3.4100000858306885 0.9029028950976696 0.4298445789168995 0 0 0 0 1 0 0 0 0 1 0.4298445789168995 -0.9029028950976696 0 3.4100000858306885 0.9029028950976696 0.4298445789168995 0 0 0 0 1 0 0 0 0 1 0.4298445789168995 -0.9029028950976696 0 3.4100000858306885 0.9029028950976696 0.4298445789168995 0 0 0 0 1 0 0 0 0 1 0.42984457891689287 -0.9029028950976558 -1.7484556000744883e-7 3.4100000858306885 0.9029028950976696 0.4298445789168995 0 0 7.515641611689132e-8 -1.5786856232569888e-7 0.9999999999999847 0 0 0 0 1 0.4298445789168995 -0.9029028950976696 0 3.4100000858306885 0.9029028950976696 0.4298445789168995 0 0 0 0 1 0 0 0 0 1 0.4298445789168995 -0.9029028950976696 0 3.4100000858306885 0.9029028950976696 0.4298445789168995 0 0 0 0 1 0 0 0 0 1 0.42984457891689287 -0.9029028950976558 -1.7484556000744883e-7 3.4100000858306885 0.9029028950976696 0.4298445789168995 0 0 7.515641611689132e-8 -1.5786856232569888e-7 0.9999999999999847 0 0 0 0 1 0.4298445789168995 -0.9029028950976696 0 3.4100000858306885 0.9029028950976696 0.4298445789168995 0 0 0 0 1 0 0 0 0 1 0.4298445789168995 -0.9029028950976696 0 3.4100000858306885 0.9029028950976696 0.4298445789168995 0 0 0 0 1 0 0 0 0 1 0.4298445789168995 -0.9029028950976696 0 3.4100000858306885 0.9029028950976696 0.4298445789168995 0 0 0 0 1 0 0 0 0 1 0.4298445789168995 -0.9029028950976696 0 3.4100000858306885 0.9029028950976696 0.4298445789168995 0 0 0 0 1 0 0 0 0 1 0.4298445789168995 -0.9029028950976696 0 3.4100000858306885 0.9029028950976696 0.4298445789168995 0 0 0 0 1 0 0 0 0 1 0.42984457891689287 -0.9029028950976558 -1.7484556000744883e-7 3.4100000858306885 0.9029028950976696 0.4298445789168995 0 0 7.515641611689132e-8 -1.5786856232569888e-7 0.9999999999999847 0 0 0 0 1 0.4298445789168995 -0.9029028950976696 0 3.4100000858306885 0.9029028950976696 0.4298445789168995 0 0 0 0 1 0 0 0 0 1 0.4298445789168995 -0.9029028950976696 0 3.4100000858306885 0.9029028950976696 0.4298445789168995 0 0 0 0 1 0 0 0 0 1 0.4298445789168995 -0.9029028950976696 0 3.4100000858306885 0.9029028950976696 0.4298445789168995 0 0 0 0 1 0 0 0 0 1 0.4298445789168995 -0.9029028950976696 0 3.4100000858306885 0.9029028950976696 0.4298445789168995 0 0 0 0 1 0 0 0 0 1 0.4298445789168995 -0.9029028950976696 0 3.4100000858306885 0.9029028950976696 0.4298445789168995 0 0 0 0 1 0 0 0 0 1 0.4298445789168995 -0.9029028950976696 0 3.4100000858306885 0.9029028950976696 0.4298445789168995 0 0 0 0 1 0 0 0 0 1 0.4298445789168995 -0.9029028950976696 0 3.4100000858306885 0.9029028950976696 0.4298445789168995 0 0 0 0 1 0 0 0 0 1 0.4298445789168995 -0.9029028950976696 0 3.4100000858306885 0.9029028950976696 0.4298445789168995 0 0 0 0 1 0 0 0 0 1 0.4298445789168995 -0.9029028950976696 0 3.4100000858306885 0.9029028950976696 0.4298445789168995 0 0 0 0 1 0 0 0 0 1 0.4298445789168995 -0.9029028950976696 0 3.4100000858306885 0.9029028950976696 0.4298445789168995 0 0 0 0 1 0 0 0 0 1 0.4298445789168995 -0.9029028950976696 0 3.4100000858306885 0.9029028950976696 0.4298445789168995 0 0 0 0 1 0 0 0 0 1 0.4298445789168995 -0.9029028950976696 0 3.4100000858306885 0.9029028950976696 0.4298445789168995 0 0 0 0 1 0 0 0 0 1 0.4298445789168995 -0.9029028950976696 0 3.4100000858306885 0.9029028950976696 0.4298445789168995 0 0 0 0 1 0 0 0 0 1 0.4298445789168995 -0.9029028950976696 0 3.4100000858306885 0.9029028950976696 0.4298445789168995 0 0 0 0 1 0 0 0 0 1 0.4298445789168995 -0.9029028950976696 0 3.4100000858306885 0.9029028950976696 0.4298445789168995 0 0 0 0 1 0 0 0 0 1 0.4298445789168995 -0.9029028950976696 0 3.4100000858306885 0.9029028950976696 0.4298445789168995 0 0 0 0 1 0 0 0 0 1 0.4298445789168995 -0.9029028950976696 0 3.4100000858306885 0.9029028950976696 0.4298445789168995 0 0 0 0 1 0 0 0 0 1 0.4298445789168995 -0.9029028950976696 0 3.4100000858306885 0.9029028950976696 0.4298445789168995 0 0 0 0 1 0 0 0 0 1 0.4298445789168995 -0.9029028950976696 0 3.4100000858306885 0.9029028950976696 0.4298445789168995 0 0 0 0 1 0 0 0 0 1 0.4298445789168995 -0.9029028950976696 0 3.4100000858306885 0.9029028950976696 0.4298445789168995 0 0 0 0 1 0 0 0 0 1 0.4298445789168995 -0.9029028950976696 0 3.4100000858306885 0.9029028950976696 0.4298445789168995 0 0 0 0 1 0 0 0 0 1 0.4298445789168995 -0.9029028950976696 0 3.4100000858306885 0.9029028950976696 0.4298445789168995 0 0 0 0 1 0 0 0 0 1</float_array>
				<technique_common>
					<accessor source="#anim_RFingerB2_transform_output_array" count="56" stride="16">
						<param name="TRANSFORM" type="float4x4"/>
					</accessor>
				</technique_common>
			</source>
			<source id="anim_RFingerB2_transform_interpolation">
				<Name_array id="anim_RFingerB2_transform_interpolation_array" count="56">LINEAR LINEAR LINEAR LINEAR LINEAR LINEAR LINEAR LINEAR LINEAR LINEAR LINEAR LINEAR LINEAR LINEAR LINEAR LINEAR LINEAR LINEAR LINEAR LINEAR LINEAR LINEAR LINEAR LINEAR LINEAR LINEAR LINEAR LINEAR LINEAR LINEAR LINEAR LINEAR LINEAR LINEAR LINEAR LINEAR LINEAR LINEAR LINEAR LINEAR LINEAR LINEAR LINEAR LINEAR LINEAR LINEAR LINEAR LINEAR LINEAR LINEAR LINEAR LINEAR LINEAR LINEAR LINEAR LINEAR</Name_array>
				<technique_common>
					<accessor source="#anim_RFingerB2_transform_interpolation_array" count="56" stride="1">
						<param name="INTERPOLATION" type="Name"/>
					</accessor>
				</technique_common>
			</source>
			<sampler id="anim_RFingerB2_transform_sampler">
				<input semantic="INPUT" source="#anim_RFingerB2_transform_input"/>
				<input semantic="OUTPUT" source="#anim_RFingerB2_transform_output"/>
				<input semantic="INTERPOLATION" source="#anim_RFingerB2_transform_interpolation"/>
			</sampler>
			<channel source="#anim_RFingerB2_transform_sampler" target="RFingerB2_bone_id/transform"/>
		</animation>
		<animation id="anim_RFingerB3_transform" name="anim_RFingerB3_transform">
			<source id="anim_RFingerB3_transform_input">
				<float_array id="anim_RFingerB3_transform_input_array" count="56">0 0.03333333333333333 0.06666666666666667 0.1 0.13333333333333333 0.16666666666666666 0.2 0.23333333333333334 0.26666666666666666 0.3 0.3333333333333333 0.36666666666666664 0.4 0.43333333333333335 0.4666666666666667 0.5 0.5333333333333333 0.5666666666666667 0.6 0.6333333333333333 0.6666666666666666 0.7 0.7333333333333333 0.7666666666666667 0.8 0.8333333333333334 0.8666666666666667 0.9 0.9333333333333333 0.9666666666666667 1 1.0333333333333334 1.0666666666666667 1.1 1.1333333333333333 1.1666666666666667 1.2 1.2333333333333334 1.2666666666666666 1.3 1.3333333333333333 1.3666666666666667 1.4 1.4333333333333333 1.4666666666666666 1.5 1.5333333333333334 1.5666666666666667 1.6 1.6333333333333333 1.6666666666666667 1.7 1.7333333333333334 1.7666666666666666 1.8 1.8333333333333333</float_array>
				<technique_common>
					<accessor source="#anim_RFingerB3_transform_input_array" count="56" stride="1">
						<param name="TIME" type="float"/>
					</accessor>
				</technique_common>
			</source>
			<source id="anim_RFingerB3_transform_output">
				<float_array id="anim_RFingerB3_transform_output_array" count="896">0.4718624438049278 -0.8816721806467587 -1.7484556000744883e-7 2.5600008964538574 0.8816721806467722 0.47186244380493503 0 0 8.250305323355721e-8 -1.5415646616817349e-7 0.9999999999999847 0 0 0 0 1 0.47186244380493503 -0.8816721806467722 0 2.5600008964538574 0.8816721806467722 0.47186244380493503 0 0 0 0 1 0 0 0 0 1 0.4718624438049278 -0.8816721806467587 -1.7484556000744883e-7 2.5600008964538574 0.8816721806467722 0.47186244380493503 0 0 8.250305323355721e-8 -1.5415646616817349e-7 0.9999999999999847 0 0 0 0 1 0.47186244380493503 -0.8816721806467722 0 2.5600008964538574 0.8816721806467722 0.47186244380493503 0 0 0 0 1 0 0 0 0 1 0.47186244380493503 -0.8816721806467722 0 2.5600008964538574 0.8816721806467722 0.47186244380493503 0 0 0 0 1 0 0 0 0 1 0.47186244380493503 -0.8816721806467722 0 2.5600008964538574 0.8816721806467722 0.47186244380493503 0 0 0 0 1 0 0 0 0 1 0.47186244380493503 -0.8816721806467722 0 2.5600008964538574 0.8816721806467722 0.47186244380493503 0 0 0 0 1 0 0 0 0 1 0.4718624438049278 -0.8816721806467587 -1.7484556000744883e-7 2.5600008964538574 0.8816721806467722 0.47186244380493503 0 0 8.250305323355721e-8 -1.5415646616817349e-7 0.9999999999999847 0 0 0 0 1 0.47186244380493503 -0.8816721806467722 0 2.5600008964538574 0.8816721806467722 0.47186244380493503 0 0 0 0 1 0 0 0 0 1 0.4718624438049278 -0.8816721806467587 -1.7484556000744883e-7 2.5600008964538574 0.8816721806467722 0.47186244380493503 0 0 8.250305323355721e-8 -1.5415646616817349e-7 0.9999999999999847 0 0 0 0 1 0.4718624438049278 -0.8816721806467587 -1.7484556000744883e-7 2.5600008964538574 0.8816721806467722 0.47186244380493503 0 0 8.250305323355721e-8 -1.5415646616817349e-7 0.9999999999999847 0 0 0 0 1 0.4718624438049278 -0.8816721806467587 -1.7484556000744883e-7 2.5600008964538574 0.8816721806467722 0.47186244380493503 0 0 8.250305323355721e-8 -1.5415646616817349e-7 0.9999999999999847 0 0 0 0 1 0.47186244380493503 -0.8816721806467722 0 2.5600008964538574 0.8816721806467722 0.47186244380493503 0 0 0 0 1 0 0 0 0 1 0.4718624438049278 -0.8816721806467587 -1.7484556000744883e-7 2.5600008964538574 0.8816721806467722 0.47186244380493503 0 0 8.250305323355721e-8 -1.5415646616817349e-7 0.9999999999999847 0 0 0 0 1 0.4718624438049278 -0.8816721806467587 -1.7484556000744883e-7 2.5600008964538574 0.8816721806467722 0.47186244380493503 0 0 8.250305323355721e-8 -1.5415646616817349e-7 0.9999999999999847 0 0 0 0 1 0.47186244380493503 -0.8816721806467722 0 2.5600008964538574 0.8816721806467722 0.47186244380493503 0 0 0 0 1 0 0 0 0 1 0.47186244380493503 -0.8816721806467722 0 2.5600008964538574 0.8816721806467722 0.47186244380493503 0 0 0 0 1 0 0 0 0 1 0.47186244380493503 -0.8816721806467722 0 2.5600008964538574 0.8816721806467722 0.47186244380493503 0 0 0 0 1 0 0 0 0 1 0.47186244380493503 -0.8816721806467722 0 2.5600008964538574 0.8816721806467722 0.47186244380493503 0 0 0 0 1 0 0 0 0 1 0.47186244380493503 -0.8816721806467722 0 2.5600008964538574 0.8816721806467722 0.47186244380493503 0 0 0 0 1 0 0 0 0 1 0.4718624438049278 -0.8816721806467587 -1.7484556000744883e-7 2.5600008964538574 0.8816721806467722 0.47186244380493503 0 0 8.250305323355721e-8 -1.5415646616817349e-7 0.9999999999999847 0 0 0 0 1 0.47186244380493503 -0.8816721806467722 0 2.5600008964538574 0.8816721806467722 0.47186244380493503 0 0 0 0 1 0 0 0 0 1 0.47186244380493503 -0.8816721806467722 0 2.5600008964538574 0.8816721806467722 0.47186244380493503 0 0 0 0 1 0 0 0 0 1 0.4718624438049278 -0.8816721806467587 -1.7484556000744883e-7 2.5600008964538574 0.8816721806467722 0.47186244380493503 0 0 8.250305323355721e-8 -1.5415646616817349e-7 0.9999999999999847 0 0 0 0 1 0.47186244380493503 -0.8816721806467722 0 2.5600008964538574 0.8816721806467722 0.47186244380493503 0 0 0 0 1 0 0 0 0 1 0.4718624438049278 -0.8816721806467587 -1.7484556000744883e-7 2.5600008964538574 0.8816721806467722 0.47186244380493503 0 0 8.250305323355721e-8 -1.5415646616817349e-7 0.9999999999999847 0 0 0 0 1 0.4718624438049278 -0.8816721806467587 -1.7484556000744883e-7 2.5600008964538574 0.8816721806467722 0.47186244380493503 0 0 8.250305323355721e-8 -1.5415646616817349e-7 0.9999999999999847 0 0 0 0 1 0.47186244380493503 -0.8816721806467722 0 2.5600008964538574 0.8816721806467722 0.47186244380493503 0 0 0 0 1 0 0 0 0 1 0.4718624438049278 -0.8816721806467587 -1.7484556000744883e-7 2.5600008964538574 0.8816721806467722 0.47186244380493503 0 0 8.250305323355721e-8 -1.5415646616817349e-7 0.9999999999999847 0 0 0 0 1 0.4718624438049278 -0.8816721806467587 -1.7484556000744883e-7 2.5600008964538574 0.8816721806467722 0.47186244380493503 0 0 8.250305323355721e-8 -1.5415646616817349e-7 0.9999999999999847 0 0 0 0 1 0.4718624438049278 -0.8816721806467587 -1.7484556000744883e-7 2.5600008964538574 0.8816721806467722 0.47186244380493503 0 0 8.250305323355721e-8 -1.5415646616817349e-7 0.9999999999999847 0 0 0 0 1 0.47186244380493503 -0.8816721806467722 0 2.5600008964538574 0.8816721806467722 0.47186244380493503 0 0 0 0 1 0 0 0 0 1 0.4718624438049278 -0.8816721806467587 -1.7484556000744883e-7 2.5600008964538574 0.8816721806467722 0.47186244380493503 0 0 8.250305323355721e-8 -1.5415646616817349e-7 0.9999999999999847 0 0 0 0 1 0.47186244380493503 -0.8816721806467722 0 2.5600008964538574 0.8816721806467722 0.47186244380493503 0 0 0 0 1 0 0 0 0 1 0.4718624438049278 -0.8816721806467587 -1.7484556000744883e-7 2.5600008964538574 0.8816721806467722 0.47186244380493503 0 0 8.250305323355721e-8 -1.5415646616817349e-7 0.9999999999999847 0 0 0 0 1 0.47186244380493503 -0.8816721806467722 0 2.5600008964538574 0.8816721806467722 0.47186244380493503 0 0 0 0 1 0 0 0 0 1 0.4718624438049278 -0.8816721806467587 -1.7484556000744883e-7 2.5600008964538574 0.8816721806467722 0.47186244380493503 0 0 8.250305323355721e-8 -1.5415646616817349e-7 0.9999999999999847 0 0 0 0 1 0.4718624438049278 -0.8816721806467587 -1.7484556000744883e-7 2.5600008964538574 0.8816721806467722 0.47186244380493503 0 0 8.250305323355721e-8 -1.5415646616817349e-7 0.9999999999999847 0 0 0 0 1 0.4718624438049278 -0.8816721806467587 -1.7484556000744883e-7 2.5600008964538574 0.8816721806467722 0.47186244380493503 0 0 8.250305323355721e-8 -1.5415646616817349e-7 0.9999999999999847 0 0 0 0 1 0.4718624438049278 -0.8816721806467587 -1.7484556000744883e-7 2.5600008964538574 0.8816721806467722 0.47186244380493503 0 0 8.250305323355721e-8 -1.5415646616817349e-7 0.9999999999999847 0 0 0 0 1 0.4718624438049278 -0.8816721806467587 -1.7484556000744883e-7 2.5600008964538574 0.8816721806467722 0.47186244380493503 0 0 8.250305323355721e-8 -1.5415646616817349e-7 0.9999999999999847 0 0 0 0 1 0.4718624438049278 -0.8816721806467587 -1.7484556000744883e-7 2.5600008964538574 0.8816721806467722 0.47186244380493503 0 0 8.250305323355721e-8 -1.5415646616817349e-7 0.9999999999999847 0 0 0 0 1 0.4718624438049278 -0.8816721806467587 -1.7484556000744883e-7 2.5600008964538574 0.8816721806467722 0.47186244380493503 0 0 8.250305323355721e-8 -1.5415646616817349e-7 0.9999999999999847 0 0 0 0 1 0.4718624438049278 -0.8816721806467587 -1.7484556000744883e-7 2.5600008964538574 0.8816721806467722 0.47186244380493503 0 0 8.250305323355721e-8 -1.5415646616817349e-7 0.9999999999999847 0 0 0 0 1 0.47186244380493503 -0.8816721806467722 0 2.5600008964538574 0.8816721806467722 0.47186244380493503 0 0 0 0 1 0 0 0 0 1 0.4718624438049278 -0.8816721806467587 -1.7484556000744883e-7 2.5600008964538574 0.8816721806467722 0.47186244380493503 0 0 8.250305323355721e-8 -1.5415646616817349e-7 0.9999999999999847 0 0 0 0 1 0.47186244380493503 -0.8816721806467722 0 2.5600008964538574 0.8816721806467722 0.47186244380493503 0 0 0 0 1 0 0 0 0 1 0.47186244380493503 -0.8816721806467722 0 2.5600008964538574 0.8816721806467722 0.47186244380493503 0 0 0 0 1 0 0 0 0 1 0.4718624438049278 -0.8816721806467587 -1.7484556000744883e-7 2.5600008964538574 0.8816721806467722 0.47186244380493503 0 0 8.250305323355721e-8 -1.5415646616817349e-7 0.9999999999999847 0 0 0 0 1 0.4718624438049278 -0.8816721806467587 -1.7484556000744883e-7 2.5600008964538574 0.8816721806467722 0.47186244380493503 0 0 8.250305323355721e-8 -1.5415646616817349e-7 0.9999999999999847 0 0 0 0 1 0.4718624438049278 -0.8816721806467587 -1.7484556000744883e-7 2.5600008964538574 0.8816721806467722 0.47186244380493503 0 0 8.250305323355721e-8 -1.5415646616817349e-7 0.9999999999999847 0 0 0 0 1 0.47186244380493503 -0.8816721806467722 0 2.5600008964538574 0.8816721806467722 0.47186244380493503 0 0 0 0 1 0 0 0 0 1 0.4718624438049278 -0.8816721806467587 -1.7484556000744883e-7 2.5600008964538574 0.8816721806467722 0.47186244380493503 0 0 8.250305323355721e-8 -1.5415646616817349e-7 0.9999999999999847 0 0 0 0 1 0.47186244380493503 -0.8816721806467722 0 2.5600008964538574 0.8816721806467722 0.47186244380493503 0 0 0 0 1 0 0 0 0 1 0.4718624438049278 -0.8816721806467587 -1.7484556000744883e-7 2.5600008964538574 0.8816721806467722 0.47186244380493503 0 0 8.250305323355721e-8 -1.5415646616817349e-7 0.9999999999999847 0 0 0 0 1 0.4718624438049278 -0.8816721806467587 -1.7484556000744883e-7 2.5600008964538574 0.8816721806467722 0.47186244380493503 0 0 8.250305323355721e-8 -1.5415646616817349e-7 0.9999999999999847 0 0 0 0 1</float_array>
				<technique_common>
					<accessor source="#anim_RFingerB3_transform_output_array" count="56" stride="16">
						<param name="TRANSFORM" type="float4x4"/>
					</accessor>
				</technique_common>
			</source>
			<source id="anim_RFingerB3_transform_interpolation">
				<Name_array id="anim_RFingerB3_transform_interpolation_array" count="56">LINEAR LINEAR LINEAR LINEAR LINEAR LINEAR LINEAR LINEAR LINEAR LINEAR LINEAR LINEAR LINEAR LINEAR LINEAR LINEAR LINEAR LINEAR LINEAR LINEAR LINEAR LINEAR LINEAR LINEAR LINEAR LINEAR LINEAR LINEAR LINEAR LINEAR LINEAR LINEAR LINEAR LINEAR LINEAR LINEAR LINEAR LINEAR LINEAR LINEAR LINEAR LINEAR LINEAR LINEAR LINEAR LINEAR LINEAR LINEAR LINEAR LINEAR LINEAR LINEAR LINEAR LINEAR LINEAR LINEAR</Name_array>
				<technique_common>
					<accessor source="#anim_RFingerB3_transform_interpolation_array" count="56" stride="1">
						<param name="INTERPOLATION" type="Name"/>
					</accessor>
				</technique_common>
			</source>
			<sampler id="anim_RFingerB3_transform_sampler">
				<input semantic="INPUT" source="#anim_RFingerB3_transform_input"/>
				<input semantic="OUTPUT" source="#anim_RFingerB3_transform_output"/>
				<input semantic="INTERPOLATION" source="#anim_RFingerB3_transform_interpolation"/>
			</sampler>
			<channel source="#anim_RFingerB3_transform_sampler" target="RFingerB3_bone_id/transform"/>
		</animation>
		<animation id="anim_RFingerC1_transform" name="anim_RFingerC1_transform">
			<source id="anim_RFingerC1_transform_input">
				<float_array id="anim_RFingerC1_transform_input_array" count="56">0 0.03333333333333333 0.06666666666666667 0.1 0.13333333333333333 0.16666666666666666 0.2 0.23333333333333334 0.26666666666666666 0.3 0.3333333333333333 0.36666666666666664 0.4 0.43333333333333335 0.4666666666666667 0.5 0.5333333333333333 0.5666666666666667 0.6 0.6333333333333333 0.6666666666666666 0.7 0.7333333333333333 0.7666666666666667 0.8 0.8333333333333334 0.8666666666666667 0.9 0.9333333333333333 0.9666666666666667 1 1.0333333333333334 1.0666666666666667 1.1 1.1333333333333333 1.1666666666666667 1.2 1.2333333333333334 1.2666666666666666 1.3 1.3333333333333333 1.3666666666666667 1.4 1.4333333333333333 1.4666666666666666 1.5 1.5333333333333334 1.5666666666666667 1.6 1.6333333333333333 1.6666666666666667 1.7 1.7333333333333334 1.7666666666666666 1.8 1.8333333333333333</float_array>
				<technique_common>
					<accessor source="#anim_RFingerC1_transform_input_array" count="56" stride="1">
						<param name="TIME" type="float"/>
					</accessor>
				</technique_common>
			</source>
			<source id="anim_RFingerC1_transform_output">
				<float_array id="anim_RFingerC1_transform_output_array" count="896">0.567921618927091 -0.823082641510083 1.2705410098949178e-7 7.293999195098877 0.8230826415020448 0.5679216189222137 0.00000433455215282413 0.019989000633358955 -0.00000363985140643436 -0.000002357109850899689 0.9999999999905977 -2.01499605178833 0 0 0 1 0.567921618927091 -0.823082641510083 1.2705410098949178e-7 7.293999195098877 0.8230826415020448 0.5679216189222137 0.00000433455215282413 0.019989000633358955 -0.00000363985140643436 -0.000002357109850899689 0.9999999999905977 -2.01499605178833 0 0 0 1 0.567921618927091 -0.823082641510083 1.2705410098949178e-7 7.293999195098877 0.8230826415020448 0.5679216189222137 0.00000433455215282413 0.019989000633358955 -0.00000363985140643436 -0.000002357109850899689 0.9999999999905977 -2.01499605178833 0 0 0 1 0.567921618927091 -0.823082641510083 1.2705410098949178e-7 7.293999195098877 0.8230826415020448 0.5679216189222137 0.00000433455215282413 0.019989000633358955 -0.00000363985140643436 -0.000002357109850899689 0.9999999999905977 -2.01499605178833 0 0 0 1 0.567921618927091 -0.823082641510083 1.2705410098949178e-7 7.293999195098877 0.8230826415020448 0.5679216189222137 0.00000433455215282413 0.019989000633358955 -0.00000363985140643436 -0.000002357109850899689 0.9999999999905977 -2.01499605178833 0 0 0 1 0.567921618927091 -0.823082641510083 1.2705410098949178e-7 7.293999195098877 0.8230826415020448 0.5679216189222137 0.00000433455215282413 0.019989000633358955 -0.00000363985140643436 -0.000002357109850899689 0.9999999999905977 -2.01499605178833 0 0 0 1 0.567921618927091 -0.823082641510083 1.2705410098949178e-7 7.293999195098877 0.8230826415020448 0.5679216189222137 0.00000433455215282413 0.019989000633358955 -0.00000363985140643436 -0.000002357109850899689 0.9999999999905977 -2.01499605178833 0 0 0 1 0.567921618927091 -0.823082641510083 1.2705410098949178e-7 7.293999195098877 0.8230826415020448 0.5679216189222137 0.00000433455215282413 0.019989000633358955 -0.00000363985140643436 -0.000002357109850899689 0.9999999999905977 -2.01499605178833 0 0 0 1 0.567921618927091 -0.823082641510083 1.2705410098949178e-7 7.293999195098877 0.8230826415020448 0.5679216189222137 0.00000433455215282413 0.019989000633358955 -0.00000363985140643436 -0.000002357109850899689 0.9999999999905977 -2.01499605178833 0 0 0 1 0.567921618927091 -0.823082641510083 1.2705410098949178e-7 7.293999195098877 0.8230826415020448 0.5679216189222137 0.00000433455215282413 0.019989000633358955 -0.00000363985140643436 -0.000002357109850899689 0.9999999999905977 -2.01499605178833 0 0 0 1 0.567921618927091 -0.823082641510083 1.2705410098949178e-7 7.293999195098877 0.8230826415020448 0.5679216189222137 0.00000433455215282413 0.019989000633358955 -0.00000363985140643436 -0.000002357109850899689 0.9999999999905977 -2.01499605178833 0 0 0 1 0.567921618927091 -0.823082641510083 1.2705410098949178e-7 7.293999195098877 0.8230826415020448 0.5679216189222137 0.00000433455215282413 0.019989000633358955 -0.00000363985140643436 -0.000002357109850899689 0.9999999999905977 -2.01499605178833 0 0 0 1 0.567921618927091 -0.823082641510083 1.2705410098949178e-7 7.293999195098877 0.8230826415020448 0.5679216189222137 0.00000433455215282413 0.019989000633358955 -0.00000363985140643436 -0.000002357109850899689 0.9999999999905977 -2.01499605178833 0 0 0 1 0.567921618927091 -0.823082641510083 1.2705410098949178e-7 7.293999195098877 0.8230826415020448 0.5679216189222137 0.00000433455215282413 0.019989000633358955 -0.00000363985140643436 -0.000002357109850899689 0.9999999999905977 -2.01499605178833 0 0 0 1 0.567921618927091 -0.823082641510083 1.2705410098949178e-7 7.293999195098877 0.8230826415020448 0.5679216189222137 0.00000433455215282413 0.019989000633358955 -0.00000363985140643436 -0.000002357109850899689 0.9999999999905977 -2.01499605178833 0 0 0 1 0.567921618927091 -0.823082641510083 1.2705410098949178e-7 7.293999195098877 0.8230826415020448 0.5679216189222137 0.00000433455215282413 0.019989000633358955 -0.00000363985140643436 -0.000002357109850899689 0.9999999999905977 -2.01499605178833 0 0 0 1 0.567921618927091 -0.823082641510083 1.2705410098949178e-7 7.293999195098877 0.8230826415020448 0.5679216189222137 0.00000433455215282413 0.019989000633358955 -0.00000363985140643436 -0.000002357109850899689 0.9999999999905977 -2.01499605178833 0 0 0 1 0.567921618927091 -0.823082641510083 1.2705410098949178e-7 7.293999195098877 0.8230826415020448 0.5679216189222137 0.00000433455215282413 0.019989000633358955 -0.00000363985140643436 -0.000002357109850899689 0.9999999999905977 -2.01499605178833 0 0 0 1 0.567921618927091 -0.823082641510083 1.2705410098949178e-7 7.293999195098877 0.8230826415020448 0.5679216189222137 0.00000433455215282413 0.019989000633358955 -0.00000363985140643436 -0.000002357109850899689 0.9999999999905977 -2.01499605178833 0 0 0 1 0.567921618927091 -0.823082641510083 1.2705410098949178e-7 7.293999195098877 0.8230826415020448 0.5679216189222137 0.00000433455215282413 0.019989000633358955 -0.00000363985140643436 -0.000002357109850899689 0.9999999999905977 -2.01499605178833 0 0 0 1 0.567921618927091 -0.823082641510083 1.2705410098949178e-7 7.293999195098877 0.8230826415020448 0.5679216189222137 0.00000433455215282413 0.019989000633358955 -0.00000363985140643436 -0.000002357109850899689 0.9999999999905977 -2.01499605178833 0 0 0 1 0.567921618927091 -0.823082641510083 1.2705410098949178e-7 7.293999195098877 0.8230826415020448 0.5679216189222137 0.00000433455215282413 0.019989000633358955 -0.00000363985140643436 -0.000002357109850899689 0.9999999999905977 -2.01499605178833 0 0 0 1 0.567921618927091 -0.823082641510083 1.2705410098949178e-7 7.293999195098877 0.8230826415020448 0.5679216189222137 0.00000433455215282413 0.019989000633358955 -0.00000363985140643436 -0.000002357109850899689 0.9999999999905977 -2.01499605178833 0 0 0 1 0.567921618927091 -0.823082641510083 1.2705410098949178e-7 7.293999195098877 0.8230826415020448 0.5679216189222137 0.00000433455215282413 0.019989000633358955 -0.00000363985140643436 -0.000002357109850899689 0.9999999999905977 -2.01499605178833 0 0 0 1 0.567921618927091 -0.823082641510083 1.2705410098949178e-7 7.293999195098877 0.8230826415020448 0.5679216189222137 0.00000433455215282413 0.019989000633358955 -0.00000363985140643436 -0.000002357109850899689 0.9999999999905977 -2.01499605178833 0 0 0 1 0.567921618927091 -0.823082641510083 1.2705410098949178e-7 7.293999195098877 0.8230826415020448 0.5679216189222137 0.00000433455215282413 0.019989000633358955 -0.00000363985140643436 -0.000002357109850899689 0.9999999999905977 -2.01499605178833 0 0 0 1 0.567921618927091 -0.823082641510083 1.2705410098949178e-7 7.293999195098877 0.8230826415020448 0.5679216189222137 0.00000433455215282413 0.019989000633358955 -0.00000363985140643436 -0.000002357109850899689 0.9999999999905977 -2.01499605178833 0 0 0 1 0.567921618927091 -0.823082641510083 1.2705410098949178e-7 7.293999195098877 0.8230826415020448 0.5679216189222137 0.00000433455215282413 0.019989000633358955 -0.00000363985140643436 -0.000002357109850899689 0.9999999999905977 -2.01499605178833 0 0 0 1 0.567921618927091 -0.823082641510083 1.2705410098949178e-7 7.293999195098877 0.8230826415020448 0.5679216189222137 0.00000433455215282413 0.019989000633358955 -0.00000363985140643436 -0.000002357109850899689 0.9999999999905977 -2.01499605178833 0 0 0 1 0.567921618927091 -0.823082641510083 1.2705410098949178e-7 7.293999195098877 0.8230826415020448 0.5679216189222137 0.00000433455215282413 0.019989000633358955 -0.00000363985140643436 -0.000002357109850899689 0.9999999999905977 -2.01499605178833 0 0 0 1 0.567921618927091 -0.823082641510083 1.2705410098949178e-7 7.293999195098877 0.8230826415020448 0.5679216189222137 0.00000433455215282413 0.019989000633358955 -0.00000363985140643436 -0.000002357109850899689 0.9999999999905977 -2.01499605178833 0 0 0 1 0.567921618927091 -0.823082641510083 1.2705410098949178e-7 7.293999195098877 0.8230826415020448 0.5679216189222137 0.00000433455215282413 0.019989000633358955 -0.00000363985140643436 -0.000002357109850899689 0.9999999999905977 -2.01499605178833 0 0 0 1 0.567921618927091 -0.823082641510083 1.2705410098949178e-7 7.293999195098877 0.8230826415020448 0.5679216189222137 0.00000433455215282413 0.019989000633358955 -0.00000363985140643436 -0.000002357109850899689 0.9999999999905977 -2.01499605178833 0 0 0 1 0.567921618927091 -0.823082641510083 1.2705410098949178e-7 7.293999195098877 0.8230826415020448 0.5679216189222137 0.00000433455215282413 0.019989000633358955 -0.00000363985140643436 -0.000002357109850899689 0.9999999999905977 -2.01499605178833 0 0 0 1 0.567921618927091 -0.823082641510083 1.2705410098949178e-7 7.293999195098877 0.8230826415020448 0.5679216189222137 0.00000433455215282413 0.019989000633358955 -0.00000363985140643436 -0.000002357109850899689 0.9999999999905977 -2.01499605178833 0 0 0 1 0.567921618927091 -0.823082641510083 1.2705410098949178e-7 7.293999195098877 0.8230826415020448 0.5679216189222137 0.00000433455215282413 0.019989000633358955 -0.00000363985140643436 -0.000002357109850899689 0.9999999999905977 -2.01499605178833 0 0 0 1 0.567921618927091 -0.823082641510083 1.2705410098949178e-7 7.293999195098877 0.8230826415020448 0.5679216189222137 0.00000433455215282413 0.019989000633358955 -0.00000363985140643436 -0.000002357109850899689 0.9999999999905977 -2.01499605178833 0 0 0 1 0.567921618927091 -0.823082641510083 1.2705410098949178e-7 7.293999195098877 0.8230826415020448 0.5679216189222137 0.00000433455215282413 0.019989000633358955 -0.00000363985140643436 -0.000002357109850899689 0.9999999999905977 -2.01499605178833 0 0 0 1 0.567921618927091 -0.823082641510083 1.2705410098949178e-7 7.293999195098877 0.8230826415020448 0.5679216189222137 0.00000433455215282413 0.019989000633358955 -0.00000363985140643436 -0.000002357109850899689 0.9999999999905977 -2.01499605178833 0 0 0 1 0.567921618927091 -0.823082641510083 1.2705410098949178e-7 7.293999195098877 0.8230826415020448 0.5679216189222137 0.00000433455215282413 0.019989000633358955 -0.00000363985140643436 -0.000002357109850899689 0.9999999999905977 -2.01499605178833 0 0 0 1 0.567921618927091 -0.823082641510083 1.2705410098949178e-7 7.293999195098877 0.8230826415020448 0.5679216189222137 0.00000433455215282413 0.019989000633358955 -0.00000363985140643436 -0.000002357109850899689 0.9999999999905977 -2.01499605178833 0 0 0 1 0.567921618927091 -0.823082641510083 1.2705410098949178e-7 7.293999195098877 0.8230826415020448 0.5679216189222137 0.00000433455215282413 0.019989000633358955 -0.00000363985140643436 -0.000002357109850899689 0.9999999999905977 -2.01499605178833 0 0 0 1 0.567921618927091 -0.823082641510083 1.2705410098949178e-7 7.293999195098877 0.8230826415020448 0.5679216189222137 0.00000433455215282413 0.019989000633358955 -0.00000363985140643436 -0.000002357109850899689 0.9999999999905977 -2.01499605178833 0 0 0 1 0.567921618927091 -0.823082641510083 1.2705410098949178e-7 7.293999195098877 0.8230826415020448 0.5679216189222137 0.00000433455215282413 0.019989000633358955 -0.00000363985140643436 -0.000002357109850899689 0.9999999999905977 -2.01499605178833 0 0 0 1 0.567921618927091 -0.823082641510083 1.2705410098949178e-7 7.293999195098877 0.8230826415020448 0.5679216189222137 0.00000433455215282413 0.019989000633358955 -0.00000363985140643436 -0.000002357109850899689 0.9999999999905977 -2.01499605178833 0 0 0 1 0.567921618927091 -0.823082641510083 1.2705410098949178e-7 7.293999195098877 0.8230826415020448 0.5679216189222137 0.00000433455215282413 0.019989000633358955 -0.00000363985140643436 -0.000002357109850899689 0.9999999999905977 -2.01499605178833 0 0 0 1 0.567921618927091 -0.823082641510083 1.2705410098949178e-7 7.293999195098877 0.8230826415020448 0.5679216189222137 0.00000433455215282413 0.019989000633358955 -0.00000363985140643436 -0.000002357109850899689 0.9999999999905977 -2.01499605178833 0 0 0 1 0.567921618927091 -0.823082641510083 1.2705410098949178e-7 7.293999195098877 0.8230826415020448 0.5679216189222137 0.00000433455215282413 0.019989000633358955 -0.00000363985140643436 -0.000002357109850899689 0.9999999999905977 -2.01499605178833 0 0 0 1 0.567921618927091 -0.823082641510083 1.2705410098949178e-7 7.293999195098877 0.8230826415020448 0.5679216189222137 0.00000433455215282413 0.019989000633358955 -0.00000363985140643436 -0.000002357109850899689 0.9999999999905977 -2.01499605178833 0 0 0 1 0.567921618927091 -0.823082641510083 1.2705410098949178e-7 7.293999195098877 0.8230826415020448 0.5679216189222137 0.00000433455215282413 0.019989000633358955 -0.00000363985140643436 -0.000002357109850899689 0.9999999999905977 -2.01499605178833 0 0 0 1 0.567921618927091 -0.823082641510083 1.2705410098949178e-7 7.293999195098877 0.8230826415020448 0.5679216189222137 0.00000433455215282413 0.019989000633358955 -0.00000363985140643436 -0.000002357109850899689 0.9999999999905977 -2.01499605178833 0 0 0 1 0.567921618927091 -0.823082641510083 1.2705410098949178e-7 7.293999195098877 0.8230826415020448 0.5679216189222137 0.00000433455215282413 0.019989000633358955 -0.00000363985140643436 -0.000002357109850899689 0.9999999999905977 -2.01499605178833 0 0 0 1 0.567921618927091 -0.823082641510083 1.2705410098949178e-7 7.293999195098877 0.8230826415020448 0.5679216189222137 0.00000433455215282413 0.019989000633358955 -0.00000363985140643436 -0.000002357109850899689 0.9999999999905977 -2.01499605178833 0 0 0 1 0.567921618927091 -0.823082641510083 1.2705410098949178e-7 7.293999195098877 0.8230826415020448 0.5679216189222137 0.00000433455215282413 0.019989000633358955 -0.00000363985140643436 -0.000002357109850899689 0.9999999999905977 -2.01499605178833 0 0 0 1 0.567921618927091 -0.823082641510083 1.2705410098949178e-7 7.293999195098877 0.8230826415020448 0.5679216189222137 0.00000433455215282413 0.019989000633358955 -0.00000363985140643436 -0.000002357109850899689 0.9999999999905977 -2.01499605178833 0 0 0 1 0.567921618927091 -0.823082641510083 1.2705410098949178e-7 7.293999195098877 0.8230826415020448 0.5679216189222137 0.00000433455215282413 0.019989000633358955 -0.00000363985140643436 -0.000002357109850899689 0.9999999999905977 -2.01499605178833 0 0 0 1</float_array>
				<technique_common>
					<accessor source="#anim_RFingerC1_transform_output_array" count="56" stride="16">
						<param name="TRANSFORM" type="float4x4"/>
					</accessor>
				</technique_common>
			</source>
			<source id="anim_RFingerC1_transform_interpolation">
				<Name_array id="anim_RFingerC1_transform_interpolation_array" count="56">LINEAR LINEAR LINEAR LINEAR LINEAR LINEAR LINEAR LINEAR LINEAR LINEAR LINEAR LINEAR LINEAR LINEAR LINEAR LINEAR LINEAR LINEAR LINEAR LINEAR LINEAR LINEAR LINEAR LINEAR LINEAR LINEAR LINEAR LINEAR LINEAR LINEAR LINEAR LINEAR LINEAR LINEAR LINEAR LINEAR LINEAR LINEAR LINEAR LINEAR LINEAR LINEAR LINEAR LINEAR LINEAR LINEAR LINEAR LINEAR LINEAR LINEAR LINEAR LINEAR LINEAR LINEAR LINEAR LINEAR</Name_array>
				<technique_common>
					<accessor source="#anim_RFingerC1_transform_interpolation_array" count="56" stride="1">
						<param name="INTERPOLATION" type="Name"/>
					</accessor>
				</technique_common>
			</source>
			<sampler id="anim_RFingerC1_transform_sampler">
				<input semantic="INPUT" source="#anim_RFingerC1_transform_input"/>
				<input semantic="OUTPUT" source="#anim_RFingerC1_transform_output"/>
				<input semantic="INTERPOLATION" source="#anim_RFingerC1_transform_interpolation"/>
			</sampler>
			<channel source="#anim_RFingerC1_transform_sampler" target="RFingerC1_bone_id/transform"/>
		</animation>
		<animation id="anim_RFingerC2_transform" name="anim_RFingerC2_transform">
			<source id="anim_RFingerC2_transform_input">
				<float_array id="anim_RFingerC2_transform_input_array" count="56">0 0.03333333333333333 0.06666666666666667 0.1 0.13333333333333333 0.16666666666666666 0.2 0.23333333333333334 0.26666666666666666 0.3 0.3333333333333333 0.36666666666666664 0.4 0.43333333333333335 0.4666666666666667 0.5 0.5333333333333333 0.5666666666666667 0.6 0.6333333333333333 0.6666666666666666 0.7 0.7333333333333333 0.7666666666666667 0.8 0.8333333333333334 0.8666666666666667 0.9 0.9333333333333333 0.9666666666666667 1 1.0333333333333334 1.0666666666666667 1.1 1.1333333333333333 1.1666666666666667 1.2 1.2333333333333334 1.2666666666666666 1.3 1.3333333333333333 1.3666666666666667 1.4 1.4333333333333333 1.4666666666666666 1.5 1.5333333333333334 1.5666666666666667 1.6 1.6333333333333333 1.6666666666666667 1.7 1.7333333333333334 1.7666666666666666 1.8 1.8333333333333333</float_array>
				<technique_common>
					<accessor source="#anim_RFingerC2_transform_input_array" count="56" stride="1">
						<param name="TIME" type="float"/>
					</accessor>
				</technique_common>
			</source>
			<source id="anim_RFingerC2_transform_output">
				<float_array id="anim_RFingerC2_transform_output_array" count="896">0.4298445789168995 -0.9029028950976696 0 3.4199979305267334 0.9029028950976696 0.4298445789168995 0 0 0 0 1 0 0 0 0 1 0.4298445789168995 -0.9029028950976696 0 3.4199979305267334 0.9029028950976696 0.4298445789168995 0 0 0 0 1 0 0 0 0 1 0.4298445789168995 -0.9029028950976696 0 3.4199979305267334 0.9029028950976696 0.4298445789168995 0 0 0 0 1 0 0 0 0 1 0.4298445789168995 -0.9029028950976696 0 3.4199979305267334 0.9029028950976696 0.4298445789168995 0 0 0 0 1 0 0 0 0 1 0.4298445789168995 -0.9029028950976696 0 3.4199979305267334 0.9029028950976696 0.4298445789168995 0 0 0 0 1 0 0 0 0 1 0.4298445789168995 -0.9029028950976696 0 3.4199979305267334 0.9029028950976696 0.4298445789168995 0 0 0 0 1 0 0 0 0 1 0.42984457891689287 -0.9029028950976558 -1.7484556000744883e-7 3.4199979305267334 0.9029028950976696 0.4298445789168995 0 0 7.515641611689132e-8 -1.5786856232569888e-7 0.9999999999999847 0 0 0 0 1 0.4298445789168995 -0.9029028950976696 0 3.4199979305267334 0.9029028950976696 0.4298445789168995 0 0 0 0 1 0 0 0 0 1 0.42984457891689287 -0.9029028950976558 -1.7484556000744883e-7 3.4199979305267334 0.9029028950976696 0.4298445789168995 0 0 7.515641611689132e-8 -1.5786856232569888e-7 0.9999999999999847 0 0 0 0 1 0.4298445789168995 -0.9029028950976696 0 3.4199979305267334 0.9029028950976696 0.4298445789168995 0 0 0 0 1 0 0 0 0 1 0.4298445789168995 -0.9029028950976696 0 3.4199979305267334 0.9029028950976696 0.4298445789168995 0 0 0 0 1 0 0 0 0 1 0.4298445789168995 -0.9029028950976696 0 3.4199979305267334 0.9029028950976696 0.4298445789168995 0 0 0 0 1 0 0 0 0 1 0.4298445789168995 -0.9029028950976696 0 3.4199979305267334 0.9029028950976696 0.4298445789168995 0 0 0 0 1 0 0 0 0 1 0.4298445789168995 -0.9029028950976696 0 3.4199979305267334 0.9029028950976696 0.4298445789168995 0 0 0 0 1 0 0 0 0 1 0.4298445789168995 -0.9029028950976696 0 3.4199979305267334 0.9029028950976696 0.4298445789168995 0 0 0 0 1 0 0 0 0 1 0.4298445789168995 -0.9029028950976696 0 3.4199979305267334 0.9029028950976696 0.4298445789168995 0 0 0 0 1 0 0 0 0 1 0.4298445789168995 -0.9029028950976696 0 3.4199979305267334 0.9029028950976696 0.4298445789168995 0 0 0 0 1 0 0 0 0 1 0.4298445789168995 -0.9029028950976696 0 3.4199979305267334 0.9029028950976696 0.4298445789168995 0 0 0 0 1 0 0 0 0 1 0.4298445789168995 -0.9029028950976696 0 3.4199979305267334 0.9029028950976696 0.4298445789168995 0 0 0 0 1 0 0 0 0 1 0.4298445789168995 -0.9029028950976696 0 3.4199979305267334 0.9029028950976696 0.4298445789168995 0 0 0 0 1 0 0 0 0 1 0.4298445789168995 -0.9029028950976696 0 3.4199979305267334 0.9029028950976696 0.4298445789168995 0 0 0 0 1 0 0 0 0 1 0.4298445789168995 -0.9029028950976696 0 3.4199979305267334 0.9029028950976696 0.4298445789168995 0 0 0 0 1 0 0 0 0 1 0.4298445789168995 -0.9029028950976696 0 3.4199979305267334 0.9029028950976696 0.4298445789168995 0 0 0 0 1 0 0 0 0 1 0.4298445789168995 -0.9029028950976696 0 3.4199979305267334 0.9029028950976696 0.4298445789168995 0 0 0 0 1 0 0 0 0 1 0.42984457891689287 -0.9029028950976558 -1.7484556000744883e-7 3.4199979305267334 0.9029028950976696 0.4298445789168995 0 0 7.515641611689132e-8 -1.5786856232569888e-7 0.9999999999999847 0 0 0 0 1 0.4298445789168995 -0.9029028950976696 0 3.4199979305267334 0.9029028950976696 0.4298445789168995 0 0 0 0 1 0 0 0 0 1 0.4298445789168995 -0.9029028950976696 0 3.4199979305267334 0.9029028950976696 0.4298445789168995 0 0 0 0 1 0 0 0 0 1 0.42984457891689287 -0.9029028950976558 -1.7484556000744883e-7 3.4199979305267334 0.9029028950976696 0.4298445789168995 0 0 7.515641611689132e-8 -1.5786856232569888e-7 0.9999999999999847 0 0 0 0 1 0.4298445789168995 -0.9029028950976696 0 3.4199979305267334 0.9029028950976696 0.4298445789168995 0 0 0 0 1 0 0 0 0 1 0.4298445789168995 -0.9029028950976696 0 3.4199979305267334 0.9029028950976696 0.4298445789168995 0 0 0 0 1 0 0 0 0 1 0.4298445789168995 -0.9029028950976696 0 3.4199979305267334 0.9029028950976696 0.4298445789168995 0 0 0 0 1 0 0 0 0 1 0.4298445789168995 -0.9029028950976696 0 3.4199979305267334 0.9029028950976696 0.4298445789168995 0 0 0 0 1 0 0 0 0 1 0.4298445789168995 -0.9029028950976696 0 3.4199979305267334 0.9029028950976696 0.4298445789168995 0 0 0 0 1 0 0 0 0 1 0.42984457891689287 -0.9029028950976558 -1.7484556000744883e-7 3.4199979305267334 0.9029028950976696 0.4298445789168995 0 0 7.515641611689132e-8 -1.5786856232569888e-7 0.9999999999999847 0 0 0 0 1 0.4298445789168995 -0.9029028950976696 0 3.4199979305267334 0.9029028950976696 0.4298445789168995 0 0 0 0 1 0 0 0 0 1 0.4298445789168995 -0.9029028950976696 0 3.4199979305267334 0.9029028950976696 0.4298445789168995 0 0 0 0 1 0 0 0 0 1 0.4298445789168995 -0.9029028950976696 0 3.4199979305267334 0.9029028950976696 0.4298445789168995 0 0 0 0 1 0 0 0 0 1 0.4298445789168995 -0.9029028950976696 0 3.4199979305267334 0.9029028950976696 0.4298445789168995 0 0 0 0 1 0 0 0 0 1 0.4298445789168995 -0.9029028950976696 0 3.4199979305267334 0.9029028950976696 0.4298445789168995 0 0 0 0 1 0 0 0 0 1 0.4298445789168995 -0.9029028950976696 0 3.4199979305267334 0.9029028950976696 0.4298445789168995 0 0 0 0 1 0 0 0 0 1 0.4298445789168995 -0.9029028950976696 0 3.4199979305267334 0.9029028950976696 0.4298445789168995 0 0 0 0 1 0 0 0 0 1 0.4298445789168995 -0.9029028950976696 0 3.4199979305267334 0.9029028950976696 0.4298445789168995 0 0 0 0 1 0 0 0 0 1 0.4298445789168995 -0.9029028950976696 0 3.4199979305267334 0.9029028950976696 0.4298445789168995 0 0 0 0 1 0 0 0 0 1 0.4298445789168995 -0.9029028950976696 0 3.4199979305267334 0.9029028950976696 0.4298445789168995 0 0 0 0 1 0 0 0 0 1 0.4298445789168995 -0.9029028950976696 0 3.4199979305267334 0.9029028950976696 0.4298445789168995 0 0 0 0 1 0 0 0 0 1 0.4298445789168995 -0.9029028950976696 0 3.4199979305267334 0.9029028950976696 0.4298445789168995 0 0 0 0 1 0 0 0 0 1 0.4298445789168995 -0.9029028950976696 0 3.4199979305267334 0.9029028950976696 0.4298445789168995 0 0 0 0 1 0 0 0 0 1 0.4298445789168995 -0.9029028950976696 0 3.4199979305267334 0.9029028950976696 0.4298445789168995 0 0 0 0 1 0 0 0 0 1 0.4298445789168995 -0.9029028950976696 0 3.4199979305267334 0.9029028950976696 0.4298445789168995 0 0 0 0 1 0 0 0 0 1 0.4298445789168995 -0.9029028950976696 0 3.4199979305267334 0.9029028950976696 0.4298445789168995 0 0 0 0 1 0 0 0 0 1 0.4298445789168995 -0.9029028950976696 0 3.4199979305267334 0.9029028950976696 0.4298445789168995 0 0 0 0 1 0 0 0 0 1 0.4298445789168995 -0.9029028950976696 0 3.4199979305267334 0.9029028950976696 0.4298445789168995 0 0 0 0 1 0 0 0 0 1 0.4298445789168995 -0.9029028950976696 0 3.4199979305267334 0.9029028950976696 0.4298445789168995 0 0 0 0 1 0 0 0 0 1 0.4298445789168995 -0.9029028950976696 0 3.4199979305267334 0.9029028950976696 0.4298445789168995 0 0 0 0 1 0 0 0 0 1 0.4298445789168995 -0.9029028950976696 0 3.4199979305267334 0.9029028950976696 0.4298445789168995 0 0 0 0 1 0 0 0 0 1 0.4298445789168995 -0.9029028950976696 0 3.4199979305267334 0.9029028950976696 0.4298445789168995 0 0 0 0 1 0 0 0 0 1</float_array>
				<technique_common>
					<accessor source="#anim_RFingerC2_transform_output_array" count="56" stride="16">
						<param name="TRANSFORM" type="float4x4"/>
					</accessor>
				</technique_common>
			</source>
			<source id="anim_RFingerC2_transform_interpolation">
				<Name_array id="anim_RFingerC2_transform_interpolation_array" count="56">LINEAR LINEAR LINEAR LINEAR LINEAR LINEAR LINEAR LINEAR LINEAR LINEAR LINEAR LINEAR LINEAR LINEAR LINEAR LINEAR LINEAR LINEAR LINEAR LINEAR LINEAR LINEAR LINEAR LINEAR LINEAR LINEAR LINEAR LINEAR LINEAR LINEAR LINEAR LINEAR LINEAR LINEAR LINEAR LINEAR LINEAR LINEAR LINEAR LINEAR LINEAR LINEAR LINEAR LINEAR LINEAR LINEAR LINEAR LINEAR LINEAR LINEAR LINEAR LINEAR LINEAR LINEAR LINEAR LINEAR</Name_array>
				<technique_common>
					<accessor source="#anim_RFingerC2_transform_interpolation_array" count="56" stride="1">
						<param name="INTERPOLATION" type="Name"/>
					</accessor>
				</technique_common>
			</source>
			<sampler id="anim_RFingerC2_transform_sampler">
				<input semantic="INPUT" source="#anim_RFingerC2_transform_input"/>
				<input semantic="OUTPUT" source="#anim_RFingerC2_transform_output"/>
				<input semantic="INTERPOLATION" source="#anim_RFingerC2_transform_interpolation"/>
			</sampler>
			<channel source="#anim_RFingerC2_transform_sampler" target="RFingerC2_bone_id/transform"/>
		</animation>
		<animation id="anim_RFingerC3_transform" name="anim_RFingerC3_transform">
			<source id="anim_RFingerC3_transform_input">
				<float_array id="anim_RFingerC3_transform_input_array" count="56">0 0.03333333333333333 0.06666666666666667 0.1 0.13333333333333333 0.16666666666666666 0.2 0.23333333333333334 0.26666666666666666 0.3 0.3333333333333333 0.36666666666666664 0.4 0.43333333333333335 0.4666666666666667 0.5 0.5333333333333333 0.5666666666666667 0.6 0.6333333333333333 0.6666666666666666 0.7 0.7333333333333333 0.7666666666666667 0.8 0.8333333333333334 0.8666666666666667 0.9 0.9333333333333333 0.9666666666666667 1 1.0333333333333334 1.0666666666666667 1.1 1.1333333333333333 1.1666666666666667 1.2 1.2333333333333334 1.2666666666666666 1.3 1.3333333333333333 1.3666666666666667 1.4 1.4333333333333333 1.4666666666666666 1.5 1.5333333333333334 1.5666666666666667 1.6 1.6333333333333333 1.6666666666666667 1.7 1.7333333333333334 1.7666666666666666 1.8 1.8333333333333333</float_array>
				<technique_common>
					<accessor source="#anim_RFingerC3_transform_input_array" count="56" stride="1">
						<param name="TIME" type="float"/>
					</accessor>
				</technique_common>
			</source>
			<source id="anim_RFingerC3_transform_output">
				<float_array id="anim_RFingerC3_transform_output_array" count="896">0.4718624438049278 -0.8816721806467587 -1.7484556000744883e-7 2.569999933242798 0.8816721806467722 0.47186244380493503 0 0 8.250305323355721e-8 -1.5415646616817349e-7 0.9999999999999847 0 0 0 0 1 0.47186244380493503 -0.8816721806467722 0 2.569999933242798 0.8816721806467722 0.47186244380493503 0 0 0 0 1 0 0 0 0 1 0.4718624438049278 -0.8816721806467587 -1.7484556000744883e-7 2.569999933242798 0.8816721806467722 0.47186244380493503 0 0 8.250305323355721e-8 -1.5415646616817349e-7 0.9999999999999847 0 0 0 0 1 0.47186244380493503 -0.8816721806467722 0 2.569999933242798 0.8816721806467722 0.47186244380493503 0 0 0 0 1 0 0 0 0 1 0.47186244380493503 -0.8816721806467722 0 2.569999933242798 0.8816721806467722 0.47186244380493503 0 0 0 0 1 0 0 0 0 1 0.47186244380493503 -0.8816721806467722 0 2.569999933242798 0.8816721806467722 0.47186244380493503 0 0 0 0 1 0 0 0 0 1 0.47186244380493503 -0.8816721806467722 0 2.569999933242798 0.8816721806467722 0.47186244380493503 0 0 0 0 1 0 0 0 0 1 0.4718624438049278 -0.8816721806467587 -1.7484556000744883e-7 2.569999933242798 0.8816721806467722 0.47186244380493503 0 0 8.250305323355721e-8 -1.5415646616817349e-7 0.9999999999999847 0 0 0 0 1 0.47186244380493503 -0.8816721806467722 0 2.569999933242798 0.8816721806467722 0.47186244380493503 0 0 0 0 1 0 0 0 0 1 0.4718624438049278 -0.8816721806467587 -1.7484556000744883e-7 2.569999933242798 0.8816721806467722 0.47186244380493503 0 0 8.250305323355721e-8 -1.5415646616817349e-7 0.9999999999999847 0 0 0 0 1 0.4718624438049278 -0.8816721806467587 -1.7484556000744883e-7 2.569999933242798 0.8816721806467722 0.47186244380493503 0 0 8.250305323355721e-8 -1.5415646616817349e-7 0.9999999999999847 0 0 0 0 1 0.4718624438049278 -0.8816721806467587 -1.7484556000744883e-7 2.569999933242798 0.8816721806467722 0.47186244380493503 0 0 8.250305323355721e-8 -1.5415646616817349e-7 0.9999999999999847 0 0 0 0 1 0.47186244380493503 -0.8816721806467722 0 2.569999933242798 0.8816721806467722 0.47186244380493503 0 0 0 0 1 0 0 0 0 1 0.4718624438049278 -0.8816721806467587 -1.7484556000744883e-7 2.569999933242798 0.8816721806467722 0.47186244380493503 0 0 8.250305323355721e-8 -1.5415646616817349e-7 0.9999999999999847 0 0 0 0 1 0.4718624438049278 -0.8816721806467587 -1.7484556000744883e-7 2.569999933242798 0.8816721806467722 0.47186244380493503 0 0 8.250305323355721e-8 -1.5415646616817349e-7 0.9999999999999847 0 0 0 0 1 0.47186244380493503 -0.8816721806467722 0 2.569999933242798 0.8816721806467722 0.47186244380493503 0 0 0 0 1 0 0 0 0 1 0.47186244380493503 -0.8816721806467722 0 2.569999933242798 0.8816721806467722 0.47186244380493503 0 0 0 0 1 0 0 0 0 1 0.47186244380493503 -0.8816721806467722 0 2.569999933242798 0.8816721806467722 0.47186244380493503 0 0 0 0 1 0 0 0 0 1 0.47186244380493503 -0.8816721806467722 0 2.569999933242798 0.8816721806467722 0.47186244380493503 0 0 0 0 1 0 0 0 0 1 0.47186244380493503 -0.8816721806467722 0 2.569999933242798 0.8816721806467722 0.47186244380493503 0 0 0 0 1 0 0 0 0 1 0.4718624438049278 -0.8816721806467587 -1.7484556000744883e-7 2.569999933242798 0.8816721806467722 0.47186244380493503 0 0 8.250305323355721e-8 -1.5415646616817349e-7 0.9999999999999847 0 0 0 0 1 0.47186244380493503 -0.8816721806467722 0 2.569999933242798 0.8816721806467722 0.47186244380493503 0 0 0 0 1 0 0 0 0 1 0.47186244380493503 -0.8816721806467722 0 2.569999933242798 0.8816721806467722 0.47186244380493503 0 0 0 0 1 0 0 0 0 1 0.4718624438049278 -0.8816721806467587 -1.7484556000744883e-7 2.569999933242798 0.8816721806467722 0.47186244380493503 0 0 8.250305323355721e-8 -1.5415646616817349e-7 0.9999999999999847 0 0 0 0 1 0.47186244380493503 -0.8816721806467722 0 2.569999933242798 0.8816721806467722 0.47186244380493503 0 0 0 0 1 0 0 0 0 1 0.4718624438049278 -0.8816721806467587 -1.7484556000744883e-7 2.569999933242798 0.8816721806467722 0.47186244380493503 0 0 8.250305323355721e-8 -1.5415646616817349e-7 0.9999999999999847 0 0 0 0 1 0.4718624438049278 -0.8816721806467587 -1.7484556000744883e-7 2.569999933242798 0.8816721806467722 0.47186244380493503 0 0 8.250305323355721e-8 -1.5415646616817349e-7 0.9999999999999847 0 0 0 0 1 0.47186244380493503 -0.8816721806467722 0 2.569999933242798 0.8816721806467722 0.47186244380493503 0 0 0 0 1 0 0 0 0 1 0.4718624438049278 -0.8816721806467587 -1.7484556000744883e-7 2.569999933242798 0.8816721806467722 0.47186244380493503 0 0 8.250305323355721e-8 -1.5415646616817349e-7 0.9999999999999847 0 0 0 0 1 0.4718624438049278 -0.8816721806467587 -1.7484556000744883e-7 2.569999933242798 0.8816721806467722 0.47186244380493503 0 0 8.250305323355721e-8 -1.5415646616817349e-7 0.9999999999999847 0 0 0 0 1 0.4718624438049278 -0.8816721806467587 -1.7484556000744883e-7 2.569999933242798 0.8816721806467722 0.47186244380493503 0 0 8.250305323355721e-8 -1.5415646616817349e-7 0.9999999999999847 0 0 0 0 1 0.47186244380493503 -0.8816721806467722 0 2.569999933242798 0.8816721806467722 0.47186244380493503 0 0 0 0 1 0 0 0 0 1 0.4718624438049278 -0.8816721806467587 -1.7484556000744883e-7 2.569999933242798 0.8816721806467722 0.47186244380493503 0 0 8.250305323355721e-8 -1.5415646616817349e-7 0.9999999999999847 0 0 0 0 1 0.47186244380493503 -0.8816721806467722 0 2.569999933242798 0.8816721806467722 0.47186244380493503 0 0 0 0 1 0 0 0 0 1 0.4718624438049278 -0.8816721806467587 -1.7484556000744883e-7 2.569999933242798 0.8816721806467722 0.47186244380493503 0 0 8.250305323355721e-8 -1.5415646616817349e-7 0.9999999999999847 0 0 0 0 1 0.47186244380493503 -0.8816721806467722 0 2.569999933242798 0.8816721806467722 0.47186244380493503 0 0 0 0 1 0 0 0 0 1 0.4718624438049278 -0.8816721806467587 -1.7484556000744883e-7 2.569999933242798 0.8816721806467722 0.47186244380493503 0 0 8.250305323355721e-8 -1.5415646616817349e-7 0.9999999999999847 0 0 0 0 1 0.4718624438049278 -0.8816721806467587 -1.7484556000744883e-7 2.569999933242798 0.8816721806467722 0.47186244380493503 0 0 8.250305323355721e-8 -1.5415646616817349e-7 0.9999999999999847 0 0 0 0 1 0.4718624438049278 -0.8816721806467587 -1.7484556000744883e-7 2.569999933242798 0.8816721806467722 0.47186244380493503 0 0 8.250305323355721e-8 -1.5415646616817349e-7 0.9999999999999847 0 0 0 0 1 0.4718624438049278 -0.8816721806467587 -1.7484556000744883e-7 2.569999933242798 0.8816721806467722 0.47186244380493503 0 0 8.250305323355721e-8 -1.5415646616817349e-7 0.9999999999999847 0 0 0 0 1 0.4718624438049278 -0.8816721806467587 -1.7484556000744883e-7 2.569999933242798 0.8816721806467722 0.47186244380493503 0 0 8.250305323355721e-8 -1.5415646616817349e-7 0.9999999999999847 0 0 0 0 1 0.4718624438049278 -0.8816721806467587 -1.7484556000744883e-7 2.569999933242798 0.8816721806467722 0.47186244380493503 0 0 8.250305323355721e-8 -1.5415646616817349e-7 0.9999999999999847 0 0 0 0 1 0.4718624438049278 -0.8816721806467587 -1.7484556000744883e-7 2.569999933242798 0.8816721806467722 0.47186244380493503 0 0 8.250305323355721e-8 -1.5415646616817349e-7 0.9999999999999847 0 0 0 0 1 0.4718624438049278 -0.8816721806467587 -1.7484556000744883e-7 2.569999933242798 0.8816721806467722 0.47186244380493503 0 0 8.250305323355721e-8 -1.5415646616817349e-7 0.9999999999999847 0 0 0 0 1 0.47186244380493503 -0.8816721806467722 0 2.569999933242798 0.8816721806467722 0.47186244380493503 0 0 0 0 1 0 0 0 0 1 0.4718624438049278 -0.8816721806467587 -1.7484556000744883e-7 2.569999933242798 0.8816721806467722 0.47186244380493503 0 0 8.250305323355721e-8 -1.5415646616817349e-7 0.9999999999999847 0 0 0 0 1 0.47186244380493503 -0.8816721806467722 0 2.569999933242798 0.8816721806467722 0.47186244380493503 0 0 0 0 1 0 0 0 0 1 0.47186244380493503 -0.8816721806467722 0 2.569999933242798 0.8816721806467722 0.47186244380493503 0 0 0 0 1 0 0 0 0 1 0.4718624438049278 -0.8816721806467587 -1.7484556000744883e-7 2.569999933242798 0.8816721806467722 0.47186244380493503 0 0 8.250305323355721e-8 -1.5415646616817349e-7 0.9999999999999847 0 0 0 0 1 0.4718624438049278 -0.8816721806467587 -1.7484556000744883e-7 2.569999933242798 0.8816721806467722 0.47186244380493503 0 0 8.250305323355721e-8 -1.5415646616817349e-7 0.9999999999999847 0 0 0 0 1 0.4718624438049278 -0.8816721806467587 -1.7484556000744883e-7 2.569999933242798 0.8816721806467722 0.47186244380493503 0 0 8.250305323355721e-8 -1.5415646616817349e-7 0.9999999999999847 0 0 0 0 1 0.47186244380493503 -0.8816721806467722 0 2.569999933242798 0.8816721806467722 0.47186244380493503 0 0 0 0 1 0 0 0 0 1 0.4718624438049278 -0.8816721806467587 -1.7484556000744883e-7 2.569999933242798 0.8816721806467722 0.47186244380493503 0 0 8.250305323355721e-8 -1.5415646616817349e-7 0.9999999999999847 0 0 0 0 1 0.47186244380493503 -0.8816721806467722 0 2.569999933242798 0.8816721806467722 0.47186244380493503 0 0 0 0 1 0 0 0 0 1 0.4718624438049278 -0.8816721806467587 -1.7484556000744883e-7 2.569999933242798 0.8816721806467722 0.47186244380493503 0 0 8.250305323355721e-8 -1.5415646616817349e-7 0.9999999999999847 0 0 0 0 1 0.4718624438049278 -0.8816721806467587 -1.7484556000744883e-7 2.569999933242798 0.8816721806467722 0.47186244380493503 0 0 8.250305323355721e-8 -1.5415646616817349e-7 0.9999999999999847 0 0 0 0 1</float_array>
				<technique_common>
					<accessor source="#anim_RFingerC3_transform_output_array" count="56" stride="16">
						<param name="TRANSFORM" type="float4x4"/>
					</accessor>
				</technique_common>
			</source>
			<source id="anim_RFingerC3_transform_interpolation">
				<Name_array id="anim_RFingerC3_transform_interpolation_array" count="56">LINEAR LINEAR LINEAR LINEAR LINEAR LINEAR LINEAR LINEAR LINEAR LINEAR LINEAR LINEAR LINEAR LINEAR LINEAR LINEAR LINEAR LINEAR LINEAR LINEAR LINEAR LINEAR LINEAR LINEAR LINEAR LINEAR LINEAR LINEAR LINEAR LINEAR LINEAR LINEAR LINEAR LINEAR LINEAR LINEAR LINEAR LINEAR LINEAR LINEAR LINEAR LINEAR LINEAR LINEAR LINEAR LINEAR LINEAR LINEAR LINEAR LINEAR LINEAR LINEAR LINEAR LINEAR LINEAR LINEAR</Name_array>
				<technique_common>
					<accessor source="#anim_RFingerC3_transform_interpolation_array" count="56" stride="1">
						<param name="INTERPOLATION" type="Name"/>
					</accessor>
				</technique_common>
			</source>
			<sampler id="anim_RFingerC3_transform_sampler">
				<input semantic="INPUT" source="#anim_RFingerC3_transform_input"/>
				<input semantic="OUTPUT" source="#anim_RFingerC3_transform_output"/>
				<input semantic="INTERPOLATION" source="#anim_RFingerC3_transform_interpolation"/>
			</sampler>
			<channel source="#anim_RFingerC3_transform_sampler" target="RFingerC3_bone_id/transform"/>
		</animation>
		<animation id="anim_RForeArmEX_transform" name="anim_RForeArmEX_transform">
			<source id="anim_RForeArmEX_transform_input">
				<float_array id="anim_RForeArmEX_transform_input_array" count="56">0 0.03333333333333333 0.06666666666666667 0.1 0.13333333333333333 0.16666666666666666 0.2 0.23333333333333334 0.26666666666666666 0.3 0.3333333333333333 0.36666666666666664 0.4 0.43333333333333335 0.4666666666666667 0.5 0.5333333333333333 0.5666666666666667 0.6 0.6333333333333333 0.6666666666666666 0.7 0.7333333333333333 0.7666666666666667 0.8 0.8333333333333334 0.8666666666666667 0.9 0.9333333333333333 0.9666666666666667 1 1.0333333333333334 1.0666666666666667 1.1 1.1333333333333333 1.1666666666666667 1.2 1.2333333333333334 1.2666666666666666 1.3 1.3333333333333333 1.3666666666666667 1.4 1.4333333333333333 1.4666666666666666 1.5 1.5333333333333334 1.5666666666666667 1.6 1.6333333333333333 1.6666666666666667 1.7 1.7333333333333334 1.7666666666666666 1.8 1.8333333333333333</float_array>
				<technique_common>
					<accessor source="#anim_RForeArmEX_transform_input_array" count="56" stride="1">
						<param name="TIME" type="float"/>
					</accessor>
				</technique_common>
			</source>
			<source id="anim_RForeArmEX_transform_output">
				<float_array id="anim_RForeArmEX_transform_output_array" count="896">0.9953314800875948 -0.030188180046435392 0.09167288875192031 19.269962310791016 -2.981200596628708e-8 0.9498253096927128 0.31278088347458405 -0.025814593042926784 -0.0965155155746322 -0.311320662424816 0.9453910304211357 -0.000004999999873689376 0 0 0 1 0.9953380041007105 -0.030822651675856492 0.09139049040508984 19.269962310791016 -0.0009694260958337843 0.9443151899989115 0.3290408517955854 0.0019541635719400353 -0.09644333987299855 -0.3275954610201254 0.9398829161726224 -0.000004999999873689376 0 0 0 1 0.9953427794047705 -0.031132100046567978 0.091233457862108 19.269962310791016 -0.0015907066392242368 0.9409826374500222 0.3384510979004026 0.029722920186806855 -0.09638579324347797 -0.3370199821439235 0.9365507516928995 -0.000004999999873689376 0 0 0 1 0.9953476089998392 -0.031440569160078126 0.09107484762102863 19.269962310791016 -0.0022113342988228767 0.9375559321657492 0.34782752056361504 0.05749167680167366 -0.0963236588742459 -0.34641068787164103 0.9331245297758357 -0.000004999999873689376 0 0 0 1 0.9953449910950157 -0.030519457413579813 0.091416144204641 19.269962310791016 -0.0015086215789242817 0.943485479303376 0.3314104319489815 0.0852604334165405 -0.09636427119526528 -0.33000562580486353 0.9390475036834642 -0.000004999999873689376 0 0 0 1 0.9953384875066563 -0.028828523712128334 0.0920337520072995 19.269962310791016 0.000010928049249594313 0.954312804790522 0.2988094216945389 0.11302919003140731 -0.0964432225122097 -0.2974155120928064 0.94986457876796 -0.000004999999873689376 0 0 0 1 0.9953253562525324 -0.027547014426736897 0.0925667175443891 19.269962310791016 0.0020855888383002653 0.9643665866584138 0.26456140469841316 0.11520373661834685 -0.096556126268441 -0.26313161826920983 0.9599159681696413 -0.000004999999873689376 0 0 0 1 0.9953202405491125 -0.027935779779554998 0.09250519423991867 19.269962310791016 0.0023886115232581405 0.9641201479689921 0.26545552323362875 0.11737828320528639 -0.09660182859681195 -0.2639922962670632 0.9596750253202359 -0.000004999999873689376 0 0 0 1 0.9953150030450261 -0.02832447650741614 0.09244332720137598 19.269962310791016 0.00269157686635052 0.9638727869521081 0.26634940583216743 0.11955282979222594 -0.09664781491297335 -0.2648527413559409 0.959433283385974 -0.000004999999873689376 0 0 0 1 0.9953096437582032 -0.02871310426169371 0.09238111649885938 19.269962310791016 0.0029944845596911133 0.963624503844184 0.26724305164638434 0.12172737637916549 -0.09669408515592096 -0.265712952704055 0.9591907425852024 -0.000004999999873689376 0 0 0 1 0.9953090358943709 -0.0301028825003918 0.0919442196779412 19.269962310791016 0.002228602031796093 0.9572420216507875 0.28927970084141263 0.12390192296610504 -0.09672102356779408 -0.2877177930734923 0.9528187210319271 -0.000004999999873689376 0 0 0 1 0.9953081128396065 -0.03137277754089158 0.09152873507828416 19.269962310791016 0.00158251553816275 0.9511247513082195 0.30880285473656016 0.12607646955304458 -0.0967432486545313 -0.30720914094187907 0.9467118292075579 -0.000004999999873689376 0 0 0 1 0.995307403802848 -0.03263579094734292 0.09109378181015389 19.269962310791016 0.0009357796835945953 0.9446089646243608 0.32819663049409403 0.12825101613998413 -0.09675895954183449 -0.32657129252359957 0.9402068360992953 -0.000004999999873689376 0 0 0 1 0.9953069095454713 -0.033891590789751805 0.09063948303461883 19.269962310791016 0.000288459429979359 0.9376973942211846 0.34745289416258646 0.11471501909769498 -0.09676813836279066 -0.34579612048798386 0.9333064718800891 -0.000004999999873689376 0 0 0 1 0.9953066308211365 -0.035139847438436 0.09016596788967252 19.269962310791016 -0.00035937981111785686 0.9303929387065987 0.3665635694542636 0.10117902205540584 -0.09677076774330859 -0.3648755551238022 0.9260136326121057 -0.000004999999873689376 0 0 0 1 0.9953047055423874 -0.03648102649255222 0.08965309716474484 19.269962310791016 -0.0009068675479641276 0.9226968215646327 0.3855252949752776 0.08764302501311669 -0.09678698629687738 -0.3837964436789039 0.918331404833241 -0.000004999999873689376 0 0 0 1 0.9953058601980501 -0.03819836702198885 0.08892204120617678 19.269962310791016 -0.0018861637001180466 0.910981284453018 0.41244338006910225 0.07410702797082755 -0.09676097892185631 -0.4106750347089326 0.906632962573555 -0.000004999999873689376 0 0 0 1 0.9953075070658728 -0.03989827126387861 0.08815381062932887 19.269962310791016 -0.00286566954839863 0.8984797786923208 0.4390055526061574 0.0605710309285384 -0.09671997888935355 -0.4371981418432062 0.8941493334183562 -0.000004999999873689376 0 0 0 1 0.9953046700638046 -0.041019810107763933 0.0876697720306375 19.269962310791016 -0.003204006994305085 0.8912990389584312 0.4534046288812649 0.047035033886249245 -0.09673855533530262 -0.45155663911684446 0.8869826681402171 -0.000004999999873689376 0 0 0 1 0.9953018493826092 -0.04213466531929275 0.08717166164522193 19.269962310791016 -0.003543329535567446 0.8838874619892206 0.4676862189054285 0.033499036843960106 -0.096755741077004 -0.46579783653070483 0.8795855285598749 -0.000004999999873689376 0 0 0 1 0.9952990463044566 -0.043242642278760256 0.08665957716369391 19.269962310791016 -0.0038836470358818084 0.8762469692659463 0.4818466209676524 0.019963039801670954 -0.09677151291128877 -0.479918037524112 0.8719598336780573 -0.000004999999873689376 0 0 0 1 0.9952920930682992 -0.043918237085919236 0.08639929355607595 19.269962310791016 -0.00372750867914258 0.8734371086352941 0.4869227073549399 0.006427042759381815 -0.09684913605588288 -0.48495237468238317 0.8691613424072349 -0.000004999999873689376 0 0 0 1 0.9952849718251764 -0.044592342928539974 0.0861356361275709 19.269962310791016 -0.0035720631716663516 0.8705978156865601 0.49198240180568226 -0.007108954282907337 -0.09692814464156131 -0.4899703728532305 0.8663336357907448 -0.000004999999873689376 0 0 0 1 0.9952776830009377 -0.045264941782922036 0.08586861339088739 19.269962310791016 -0.0034173199894708094 0.8677291861861957 0.4970255339162487 -0.020644951325196476 -0.09700853387395653 -0.4949718623174768 0.863476809109309 -0.000004999999873689376 0 0 0 1 0.9952619521115377 -0.045105703522902295 0.08613432642585263 19.269962310791016 -0.0022814076107635084 0.8748059395793811 0.48446812408655915 -0.03418094836748564 -0.0972030959303501 -0.4823691984220595 0.8705581626492368 -0.000004999999873689376 0 0 0 1 0.9952461542122882 -0.044944722794902255 0.08640060427184261 19.269962310791016 -0.001142321792996101 0.8816996894028388 0.4718096573914726 -0.04771694540977478 -0.09738474021411876 -0.4696654443322682 0.8774568837120156 -0.000004999999873689376 0 0 0 1 0.9952302900698353 -0.04478197129511314 0.08666743779779698 19.269962310791016 -2.2397317334110767e-7 0.8884089926539116 0.459052787565452 -0.03542644185592247 -0.09755341986553409 -0.45686325833731234 0.8841715294296424 -0.000004999999873689376 0 0 0 1 0.9952276161189683 -0.04406281377092887 0.08706584035512463 19.269962310791016 0.0005900185017324346 0.8949454738268798 0.446175134621988 -0.023135938302070152 -0.09757891161682025 -0.4439944451447224 0.8907004483485493 -0.000004999999873689376 0 0 0 1 0.9952242630271125 -0.04324083597453757 0.0875151209012695 19.269962310791016 0.0012947127137331975 0.902303016391659 0.4311004411149476 -0.010845434748217843 -0.09760630103189843 -0.4289283118596121 0.8980498389756182 -0.000004999999873689376 0 0 0 1 0.9952211218641234 -0.04241328823600246 0.08795471321382042 19.269962310791016 0.0019997229486749916 0.9094062013228477 0.41590427035999145 0.0014450688056344765 -0.09762642932958351 -0.4137408294772926 0.9051450747365296 -0.000004999999873689376 0 0 0 1 0.995227407553049 -0.04273508042569554 0.08772753362683056 19.269962310791016 0.0013780156116106924 0.9050710656416923 0.42525811833659993 0.013735572359486789 -0.09757309223454749 -0.4231076447421162 0.9008104199178469 -0.000004999999873689376 0 0 0 1 0.9952337579157629 -0.043055366462370126 0.08749858583805707 19.269962310791016 0.0007569973234202859 0.9006393538017186 0.43456665925801913 0.026026075913339095 -0.09751509657443387 -0.43242917316297474 0.8963792814080794 -0.000004999999873689376 0 0 0 1 0.9952401726890596 -0.04337413591049473 0.0872678806885363 19.269962310791016 0.00013670705502928995 0.8961115390639994 0.4438288981888531 0.038316579467191414 -0.0974524498257062 -0.44170441914290165 0.8918521324370986 -0.000004999999873689376 0 0 0 1 0.9952524588699423 -0.0434361170950029 0.08709676713313198 19.269962310791016 -0.0007381214110079581 0.8914938093593194 0.45303227594818457 0.05060708302104373 -0.09732419170029842 -0.4509457745735274 0.8872293447041554 -0.000004999999873689376 0 0 0 1 0.9952646678392658 -0.043497406575467905 0.08692650097642492 19.269962310791016 -0.0016112994944599557 0.8867808059606754 0.46218741425278337 0.06289758657489605 -0.09718870646703305 -0.460138867952864 0.8825115169414627 -0.000004999999873689376 0 0 0 1 0.995276799357415 -0.043558020560186136 0.08675708331737679 19.269962310791016 -0.002482761999864188 0.8819730328290042 0.4712933324960798 0.07518809012874836 -0.09704601255956828 -0.4692827167148677 0.8776991530353675 -0.000004999999873689376 0 0 0 1 0.995271925070309 -0.04174056437662131 0.08770131385767482 19.269962310791016 -0.0011815839538078833 0.8976781771508495 0.44065008127366556 0.070122862887486 -0.09712053864245893 -0.4386702811368113 0.8933845674854416 -0.000004999999873689376 0 0 0 1 0.9952678602457471 -0.0398986579392529 0.08860013237291724 19.269962310791016 0.00012050865370091465 0.9123174572191207 0.40948362938083643 0.06505763564622362 -0.09716929473612716 -0.40753521853685765 0.908005051644868 -0.000004999999873689376 0 0 0 1 0.9952738286730474 -0.037578911486484526 0.08954234400541697 19.269962310791016 0.0009682315173339916 0.9258825898180723 0.3778101274443396 0.05999240840496125 -0.09710339070404447 -0.3759378343333779 0.9215430951564378 -0.000004999999873689376 0 0 0 1 0.9952818953296273 -0.03552011987981568 0.09028992143527595 19.269962310791016 0.0014962914393540187 0.9360876480998095 0.35176366524542546 0.05492718116369888 -0.09701396776234492 -0.3499689074170601 0.9317242370467326 -0.000004999999873689376 0 0 0 1 0.9952899035273771 -0.03344428965642107 0.09099168877343555 19.269962310791016 0.002020600951053733 0.9455599247331038 0.32544177038377176 0.04986195392243652 -0.09692226322296107 -0.3237250503561694 0.941173823830452 -0.000004999999873689376 0 0 0 1 0.9953015842643358 -0.032041732634389045 0.09136784845168214 19.269962310791016 0.0017979230459381247 0.9496088390325547 0.3134323217282554 0.04479672668117414 -0.09680663114489685 -0.31179541401539257 0.9452047904900535 -0.000004999999873689376 0 0 0 1 0.9953209801488522 -0.03211238770272769 0.09113144919048523 19.269962310791016 -0.00001880768353389531 0.9430935842322613 0.3325274289832609 0.03973149943991178 -0.09662373477463664 -0.3309732405134534 0.938680226670523 -0.000004999999873689376 0 0 0 1 0.9953156724127635 -0.034909867025436796 0.09015549586017849 19.269962310791016 -0.0010120615320443616 0.9287164803489025 0.3707892593641326 0.03466627219864941 -0.09667309853823708 -0.3691436039167047 0.9243307371857777 -0.000004999999873689376 0 0 0 1 0.9953068714055804 -0.03715724124858072 0.08935083186870806 19.269962310791016 -0.0014349170385844386 0.9175733165808546 0.3975640196394829 0.029601044957387038 -0.09675832132652852 -0.39582641160186055 0.9132137094527583 -0.000004999999873689376 0 0 0 1 0.9952977896210479 -0.03938379956003568 0.08849421623852805 19.269962310791016 -0.0018624123811720947 0.9056583038542553 0.42400420762057994 0.024535817716124668 -0.09684441850503767 -0.4221752633587718 0.9013263591021694 -0.000004999999873689376 0 0 0 1 0.9952775408864833 -0.04028856479946015 0.08831448439159983 19.269962310791016 -0.0008111422706478348 0.9063169014360213 0.42259793683787206 0.01947059047486229 -0.0970667742081254 -0.4206738709710992 0.902004177167168 -0.000004999999873689376 0 0 0 1 0.9952562932939306 -0.04119372407102935 0.08813618868538337 19.269962310791016 0.00024058042429546747 0.9069721784912809 0.42119046708566393 0.014405363233599928 -0.09728747493837553 -0.41917125920074744 0.9026796788895687 -0.000004999999873689376 0 0 0 1 0.9952713623630269 -0.04039474262126001 0.08833561019547295 19.269962310791016 -0.0004120383664720888 0.9076608922981885 0.4197041038837255 0.009340135992337559 -0.0971326180251976 -0.41775587292223504 0.903352248657495 -0.000004999999873689376 0 0 0 1 0.9952820174995807 -0.03910107736326989 0.08879646046434435 19.269962310791016 -0.0005069967636587361 0.9130901628985171 0.40775740014405776 0.004274908751075196 -0.09702292819867851 -0.40587862738384145 0.9087623953689782 -0.000004999999873689376 0 0 0 1 0.995292270948926 -0.037801905291278 0.08924299045683613 19.269962310791016 -0.0006040662926137495 0.9183621913844874 0.3957404711921643 -0.0007903184901871807 -0.09691713209357684 -0.39393134096163424 0.9140159561599156 -0.000004999999873689376 0 0 0 1 0.9952997991612319 -0.03616569181040607 0.08983514081630967 19.269962310791016 -0.0003358036660140243 0.9263551542993181 0.3766510524862295 -0.0058555457314495435 -0.09684109161667556 -0.3749108838630338 0.9219889544541895 -0.000004999999873689376 0 0 0 1 0.9953071310381206 -0.034519106830663976 0.09039992349708406 19.269962310791016 -0.00007011762428271381 0.9339513193023867 0.35740023539003174 -0.01092077297271192 -0.09676626472166944 -0.35572934154627245 0.9295659877463629 -0.000004999999873689376 0 0 0 1 0.9953142625919774 -0.032862650941428095 0.09093714782249433 19.269962310791016 0.00019308740658791068 0.941147429414018 0.3379962704300736 -0.015986000213974283 -0.09669271636603115 -0.33639494984391166 0.9367438050615923 -0.000004999999873689376 0 0 0 1 0.9953211900056328 -0.031196828332234965 0.091446632676004 19.269962310791016 0.0004539084922931796 0.9479403991848638 0.31844747378542937 -0.02105122745523666 -0.09662050865552077 -0.31691601015923787 0.9435193266764058 -0.000004999999873689376 0 0 0 1 0.9953314800875948 -0.030188180046435392 0.09167288875192031 19.269962310791016 -2.981200596628708e-8 0.9498253096927128 0.31278088347458405 -0.025814593042926784 -0.0965155155746322 -0.311320662424816 0.9453910304211357 -0.000004999999873689376 0 0 0 1</float_array>
				<technique_common>
					<accessor source="#anim_RForeArmEX_transform_output_array" count="56" stride="16">
						<param name="TRANSFORM" type="float4x4"/>
					</accessor>
				</technique_common>
			</source>
			<source id="anim_RForeArmEX_transform_interpolation">
				<Name_array id="anim_RForeArmEX_transform_interpolation_array" count="56">LINEAR LINEAR LINEAR LINEAR LINEAR LINEAR LINEAR LINEAR LINEAR LINEAR LINEAR LINEAR LINEAR LINEAR LINEAR LINEAR LINEAR LINEAR LINEAR LINEAR LINEAR LINEAR LINEAR LINEAR LINEAR LINEAR LINEAR LINEAR LINEAR LINEAR LINEAR LINEAR LINEAR LINEAR LINEAR LINEAR LINEAR LINEAR LINEAR LINEAR LINEAR LINEAR LINEAR LINEAR LINEAR LINEAR LINEAR LINEAR LINEAR LINEAR LINEAR LINEAR LINEAR LINEAR LINEAR LINEAR</Name_array>
				<technique_common>
					<accessor source="#anim_RForeArmEX_transform_interpolation_array" count="56" stride="1">
						<param name="INTERPOLATION" type="Name"/>
					</accessor>
				</technique_common>
			</source>
			<sampler id="anim_RForeArmEX_transform_sampler">
				<input semantic="INPUT" source="#anim_RForeArmEX_transform_input"/>
				<input semantic="OUTPUT" source="#anim_RForeArmEX_transform_output"/>
				<input semantic="INTERPOLATION" source="#anim_RForeArmEX_transform_interpolation"/>
			</sampler>
			<channel source="#anim_RForeArmEX_transform_sampler" target="RForeArmEX_bone_id/transform"/>
		</animation>
		<animation id="anim_RArmEX_transform" name="anim_RArmEX_transform">
			<source id="anim_RArmEX_transform_input">
				<float_array id="anim_RArmEX_transform_input_array" count="56">0 0.03333333333333333 0.06666666666666667 0.1 0.13333333333333333 0.16666666666666666 0.2 0.23333333333333334 0.26666666666666666 0.3 0.3333333333333333 0.36666666666666664 0.4 0.43333333333333335 0.4666666666666667 0.5 0.5333333333333333 0.5666666666666667 0.6 0.6333333333333333 0.6666666666666666 0.7 0.7333333333333333 0.7666666666666667 0.8 0.8333333333333334 0.8666666666666667 0.9 0.9333333333333333 0.9666666666666667 1 1.0333333333333334 1.0666666666666667 1.1 1.1333333333333333 1.1666666666666667 1.2 1.2333333333333334 1.2666666666666666 1.3 1.3333333333333333 1.3666666666666667 1.4 1.4333333333333333 1.4666666666666666 1.5 1.5333333333333334 1.5666666666666667 1.6 1.6333333333333333 1.6666666666666667 1.7 1.7333333333333334 1.7666666666666666 1.8 1.8333333333333333</float_array>
				<technique_common>
					<accessor source="#anim_RArmEX_transform_input_array" count="56" stride="1">
						<param name="TIME" type="float"/>
					</accessor>
				</technique_common>
			</source>
			<source id="anim_RArmEX_transform_output">
				<float_array id="anim_RArmEX_transform_output_array" count="896">1 0 0 0.009999999776482582 0 0.8717117792626093 0.4900189525873626 0 0 -0.4900189525873626 0.8717117792626093 0 0 0 0 1 1 0 0 0.009999999776482582 0 0.8810197150471067 0.47307955113100675 0 0 -0.47307955113100675 0.8810197150471067 0 0 0 0 1 1 0 0 0.009999999776482582 0 0.8625855435825542 0.5059112372762533 0 0 -0.5059112372762533 0.8625855435825542 0 0 0 0 1 1 0 0 0.009999999776482582 0 0.8363270605075487 0.548230834469207 0 0 -0.548230834469207 0.8363270605075487 0 0 0 0 1 1 0 0 0.009999999776482582 0 0.8142470316139296 0.580518536747884 0 0 -0.580518536747884 0.8142470316139296 0 0 0 0 1 1 0 0 0.009999999776482582 0 0.7951329199435124 0.6064351899602328 0 0 -0.6064351899602328 0.7951329199435124 0 0 0 0 1 1 0 0 0.009999999776482582 0 0.7822284670783514 0.6229916735336457 0 0 -0.6229916735336457 0.7822284670783514 0 0 0 0 1 1 0 0 0.009999999776482582 0 0.787882593614804 0.6158254774518589 0 0 -0.6158254774518589 0.787882593614804 0 0 0 0 1 1 0 0 0.009999999776482582 0 0.7856033766638422 0.6187304215685286 0 0 -0.6187304215685286 0.7856033766638422 0 0 0 0 1 1 0 0 0.009999999776482582 0 0.7833134491654955 0.6216269302052918 0 0 -0.6216269302052918 0.7833134491654955 0 0 0 0 1 1 0 0 0.009999999776482582 0 0.7914236940859491 0.6112679743282402 0 0 -0.6112679743282402 0.7914236940859491 0 0 0 0 1 1 0 0 0.009999999776482582 0 0.7892382013814645 0.6140871774269113 0 0 -0.6140871774269113 0.7892382013814645 0 0 0 0 1 1 0 0 0.009999999776482582 0 0.7870426661855885 0.6168985667056459 0 0 -0.6168985667056459 0.7870426661855885 0 0 0 0 1 1 0 0 0.009999999776482582 0 0.7779781254110963 0.628291362650989 0 0 -0.628291362650989 0.7779781254110963 0 0 0 0 1 1 0 0 0.009999999776482582 0 0.7535894684318307 0.6573453529680048 0 0 -0.6573453529680048 0.7535894684318307 0 0 0 0 1 1 0 0 0.009999999776482582 0 0.7249079193566418 0.688845779876762 0 0 -0.688845779876762 0.7249079193566418 0 0 0 0 1 1 0 0 0.009999999776482582 0 0.6961921715407615 0.7178554591875435 0 0 -0.7178554591875435 0.6961921715407615 0 0 0 0 1 1 0 0 0.009999999776482582 0 0.6580699776765523 0.7529567746429949 0 0 -0.7529567746429949 0.6580699776765523 0 0 0 0 1 1 0 0 0.009999999776482582 0 0.6181806000542953 0.7860360969551664 0 0 -0.7860360969551664 0.6181806000542953 0 0 0 0 1 1 0 0 0.009999999776482582 0 0.5766311577686836 0.8170045947792139 0 0 -0.8170045947792139 0.5766311577686836 0 0 0 0 1 1 0 0 0.009999999776482582 0 0.5445915931601932 0.8387013751385188 0 0 -0.8387013751385188 0.5445915931601932 0 0 0 0 1 1 0 0 0.009999999776482582 0 0.5255718858081287 0.8507491950322887 0 0 -0.8507491950322887 0.5255718858081287 0 0 0 0 1 1 0 0 0.009999999776482582 0 0.5062857664708132 0.8623657708125139 0 0 -0.8623657708125139 0.5062857664708132 0 0 0 0 1 1 0 0 0.009999999776482582 0 0.4824877323078888 0.8759027275744671 0 0 -0.8759027275744671 0.4824877323078888 0 0 0 0 1 1 0 0 0.009999999776482582 0 0.4583280274500722 0.8887831114809315 0 0 -0.8887831114809315 0.4583280274500722 0 0 0 0 1 1 0 0 0.009999999776482582 0 0.4338247619065083 0.9009972674524387 0 0 -0.9009972674524387 0.4338247619065083 0 0 0 0 1 1 0 0 0.009999999776482582 0 0.4089963032179298 0.9125360398110681 0 0 -0.9125360398110681 0.4089963032179298 0 0 0 0 1 1 0 0 0.009999999776482582 0 0.4158484603438397 0.9094339217500401 0 0 -0.9094339217500401 0.4158484603438397 0 0 0 0 1 1 0 0 0.009999999776482582 0 0.4226770907625377 0.9062803522886933 0 0 -0.9062803522886933 0.4226770907625377 0 0 0 0 1 1 0 0 0.009999999776482582 0 0.4294818081429359 0.9030755098408296 0 0 -0.9030755098408296 0.4294818081429359 0 0 0 0 1 1 0 0 0.009999999776482582 0 0.4895501717630659 0.871975131140076 0 0 -0.871975131140076 0.4895501717630659 0 0 0 0 1 1 0 0 0.009999999776482582 0 0.5869430228718132 0.8096282405537112 0 0 -0.8096282405537112 0.5869430228718132 0 0 0 0 1 1 0 0 0.009999999776482582 0 0.6764869771083735 0.7364545945289331 0 0 -0.7364545945289331 0.6764869771083735 0 0 0 0 1 1 0 0 0.009999999776482582 0 0.7569846077465687 0.6534327078091313 0 0 -0.6534327078091313 0.7569846077465687 0 0 0 0 1 1 0 0 0.009999999776482582 0 0.8256937183379867 0.5641186785572603 0 0 -0.5641186785572603 0.8256937183379867 0 0 0 0 1 1 0 0 0.009999999776482582 0 0.8451102194461727 0.5345921033719465 0 0 -0.5345921033719465 0.8451102194461727 0 0 0 0 1 1 0 0 0.009999999776482582 0 0.7976356862537739 0.6031395460542038 0 0 -0.6031395460542038 0.7976356862537739 0 0 0 0 1 1 0 0 0.009999999776482582 0 0.7143118364383649 0.6998275504179944 0 0 -0.6998275504179944 0.7143118364383649 0 0 0 0 1 1 0 0 0.009999999776482582 0 0.6310495795222171 0.775742501210829 0 0 -0.775742501210829 0.6310495795222171 0 0 0 0 1 1 0 0 0.009999999776482582 0 0.5814143271604608 0.8136076328135993 0 0 -0.8136076328135993 0.5814143271604608 0 0 0 0 1 1 0 0 0.009999999776482582 0 0.5295130552109745 0.8483017884934226 0 0 -0.8483017884934226 0.5295130552109745 0 0 0 0 1 1 0 0 0.009999999776482582 0 0.5138012003693402 0.8579092763800991 0 0 -0.8579092763800991 0.5138012003693402 0 0 0 0 1 1 0 0 0.009999999776482582 0 0.5401552331063806 0.8415654009925739 0 0 -0.8415654009925739 0.5401552331063806 0 0 0 0 1 1 0 0 0.009999999776482582 0 0.5659898216181088 0.8244122280902324 0 0 -0.8244122280902324 0.5659898216181088 0 0 0 0 1 1 0 0 0.009999999776482582 0 0.6031902024274738 0.7975973794437285 0 0 -0.7975973794437285 0.6031902024274738 0 0 0 0 1 1 0 0 0.009999999776482582 0 0.6407275246122165 0.7677683499626052 0 0 -0.7677683499626052 0.6407275246122165 0 0 0 0 1 1 0 0 0.009999999776482582 0 0.6767919285514822 0.7361743580481226 0 0 -0.7361743580481226 0.6767919285514822 0 0 0 0 1 1 0 0 0.009999999776482582 0 0.6982984805110507 0.7158067002452252 0 0 -0.7158067002452252 0.6982984805110507 0 0 0 0 1 1 0 0 0.009999999776482582 0 0.719192364055227 0.6948110127830831 0 0 -0.6948110127830831 0.719192364055227 0 0 0 0 1 1 0 0 0.009999999776482582 0 0.7394552474492591 0.673205716716484 0 0 -0.673205716716484 0.7394552474492591 0 0 0 0 1 1 0 0 0.009999999776482582 0 0.7590693525810549 0.6510097679545048 0 0 -0.6510097679545048 0.7590693525810549 0 0 0 0 1 1 0 0 0.009999999776482582 0 0.7871374370163426 0.6167776384138316 0 0 -0.6167776384138316 0.7871374370163426 0 0 0 0 1 1 0 0 0.009999999776482582 0 0.8136630028056822 0.581336836838369 0 0 -0.581336836838369 0.8136630028056822 0 0 0 0 1 1 0 0 0.009999999776482582 0 0.8385940689634153 0.544756815009581 0 0 -0.544756815009581 0.8385940689634153 0 0 0 0 1 1 0 0 0.009999999776482582 0 0.8612187913681701 0.5082343882445858 0 0 -0.5082343882445858 0.8612187913681701 0 0 0 0 1 1 0 0 0.009999999776482582 0 0.8717117792626093 0.4900189525873626 0 0 -0.4900189525873626 0.8717117792626093 0 0 0 0 1</float_array>
				<technique_common>
					<accessor source="#anim_RArmEX_transform_output_array" count="56" stride="16">
						<param name="TRANSFORM" type="float4x4"/>
					</accessor>
				</technique_common>
			</source>
			<source id="anim_RArmEX_transform_interpolation">
				<Name_array id="anim_RArmEX_transform_interpolation_array" count="56">LINEAR LINEAR LINEAR LINEAR LINEAR LINEAR LINEAR LINEAR LINEAR LINEAR LINEAR LINEAR LINEAR LINEAR LINEAR LINEAR LINEAR LINEAR LINEAR LINEAR LINEAR LINEAR LINEAR LINEAR LINEAR LINEAR LINEAR LINEAR LINEAR LINEAR LINEAR LINEAR LINEAR LINEAR LINEAR LINEAR LINEAR LINEAR LINEAR LINEAR LINEAR LINEAR LINEAR LINEAR LINEAR LINEAR LINEAR LINEAR LINEAR LINEAR LINEAR LINEAR LINEAR LINEAR LINEAR LINEAR</Name_array>
				<technique_common>
					<accessor source="#anim_RArmEX_transform_interpolation_array" count="56" stride="1">
						<param name="INTERPOLATION" type="Name"/>
					</accessor>
				</technique_common>
			</source>
			<sampler id="anim_RArmEX_transform_sampler">
				<input semantic="INPUT" source="#anim_RArmEX_transform_input"/>
				<input semantic="OUTPUT" source="#anim_RArmEX_transform_output"/>
				<input semantic="INTERPOLATION" source="#anim_RArmEX_transform_interpolation"/>
			</sampler>
			<channel source="#anim_RArmEX_transform_sampler" target="RArmEX_bone_id/transform"/>
		</animation>
		<animation id="anim_Hips_transform" name="anim_Hips_transform">
			<source id="anim_Hips_transform_input">
				<float_array id="anim_Hips_transform_input_array" count="56">0 0.03333333333333333 0.06666666666666667 0.1 0.13333333333333333 0.16666666666666666 0.2 0.23333333333333334 0.26666666666666666 0.3 0.3333333333333333 0.36666666666666664 0.4 0.43333333333333335 0.4666666666666667 0.5 0.5333333333333333 0.5666666666666667 0.6 0.6333333333333333 0.6666666666666666 0.7 0.7333333333333333 0.7666666666666667 0.8 0.8333333333333334 0.8666666666666667 0.9 0.9333333333333333 0.9666666666666667 1 1.0333333333333334 1.0666666666666667 1.1 1.1333333333333333 1.1666666666666667 1.2 1.2333333333333334 1.2666666666666666 1.3 1.3333333333333333 1.3666666666666667 1.4 1.4333333333333333 1.4666666666666666 1.5 1.5333333333333334 1.5666666666666667 1.6 1.6333333333333333 1.6666666666666667 1.7 1.7333333333333334 1.7666666666666666 1.8 1.8333333333333333</float_array>
				<technique_common>
					<accessor source="#anim_Hips_transform_input_array" count="56" stride="1">
						<param name="TIME" type="float"/>
					</accessor>
				</technique_common>
			</source>
			<source id="anim_Hips_transform_output">
				<float_array id="anim_Hips_transform_output_array" count="896">-0.9812555788903699 -0.000001477744879754262 0.19271089459172241 -0.010002000257372856 0.0000013814767000983005 -0.9999999999988449 -6.339193273574631e-7 0 0.19271089459243657 -3.558112658023772e-7 0.9812555788912776 0 0 0 0 1 -0.9813510519925379 -0.005875221797822418 0.19213431375464077 -0.010002000257372856 0.005483661182744722 -0.9999816630186331 -0.002569647159242432 0 0.19214588783831207 -0.0014681264647625775 0.9813652747022946 0 0 0 0 1 -0.9810529168094613 -0.024437524962648314 0.1921925643549942 -0.010002000257372856 0.022816444726152383 -0.999683010571143 -0.010643694164856584 0 0.1923917468856372 -0.006056876184677181 0.9812995108432371 0 0 0 0 1 -0.9804339587509296 -0.04296722454004701 0.19210171822059519 -0.010002000257372856 0.04010081687820038 -0.9990190193909076 -0.018786255106591234 0 0.19272046340147903 -0.010715246639908381 0.9811951928519448 0 0 0 0 1 -0.9794961327249561 -0.061457252790766054 0.19186018882578895 -0.010002000257372856 0.057330073172877735 -0.9979902624261441 -0.02699442187913575 0 0.1931336032047453 -0.015441573171414789 0.9810509513430706 0 0 0 0 1 -0.9782415325361251 -0.07990057112590065 0.19146645334138448 -0.010002000257372856 0.07449754680738413 -0.9965974503864521 -0.03526524355375082 0 0.193632692335399 -0.02023414482943728 0.9808654137250258 0 0 0 0 1 -0.9766723897391221 -0.09829017301491949 0.1909190535540407 -0.010002000257372856 0.09159661141314826 -0.9948414312437008 -0.04359572752707093 0 0.1942192160907416 -0.02509120502652447 0.9806372048476515 0 0 0 0 1 -0.9768523731253052 -0.09826264207135654 0.19001024786209997 -0.010002000257372856 0.09172178987010984 -0.9948584772437665 -0.04293860173827518 0 0.19325256630245202 -0.02451659497914143 0.9808426898275509 0 0 0 0 1 -0.9770315571726318 -0.0982346861457425 0.18910124993418365 -0.010002000257372856 0.09184536682022913 -0.9948752312648768 -0.04228123471844275 0 0.19228563358316886 -0.023942026929772722 0.9810468971787298 0 0 0 0 1 -0.9769298464518625 -0.09799404967557268 0.18975047125033068 -0.010002000257372856 0.09170397587863613 -0.9949139751007423 -0.04167208846807304 0 0.19286901233633075 -0.023309834349942847 0.9809476008956781 0 0 0 0 1 -0.9776937304547839 -0.08934472536119832 0.19008547940214088 -0.010002000257372856 0.08318656849580443 -0.9957248800530047 -0.04014919756762044 0 0.192859960207666 -0.023441059992308937 0.9809462536016611 0 0 0 0 1 -0.9783784317939759 -0.08050235031837862 0.1905125082339161 -0.010002000257372856 0.07496809287051899 -0.9965325514372891 -0.036092367298981666 0 0.19275743630718414 -0.021029634307434115 0.9810210625818273 0 0 0 0 1 -0.9789907824664987 -0.07164673844022118 0.1909025738865554 -0.010002000257372856 0.06673411142360608 -0.9972559751230583 -0.032048064744389065 0 0.19267487178699494 -0.018635046343847873 0.9810856888313211 0 0 0 0 1 -0.9795305241158676 -0.06277867922524863 0.19125582281338968 -0.010002000257372856 0.058485352221423044 -0.9978950503206485 -0.02801664007490049 0 0.19261208659071596 -0.016257489974893735 0.9811402948196994 0 0 0 0 1 -0.9799974057344576 -0.053898964022218575 0.1915724051920439 -0.010002000257372856 0.050222545642293705 -0.9984496836197594 -0.023998441382932827 0 0.19256889848296063 -0.013897156433383207 0.9811850428844323 0 0 0 0 1 -0.9803911836954278 -0.04500838595394778 0.19185247490219637 -0.010002000257372856 0.04194642430603587 -0.9989197890039412 -0.01999381465001047 0 0.19254512307564536 -0.011554234294900125 0.9812200952129155 0 0 0 0 1 -0.9807116217839043 -0.03610773984092505 0.19209618950298044 -0.010002000257372856 0.033657723003221604 -0.9993052878643911 -0.016003103714754226 0 0.19254057385450815 -0.009228909461406955 0.9812456138245561 0 0 0 0 1 -0.9809584912273963 -0.02719782212471515 0.1923037102100289 -0.010002000257372856 0.025357178624171778 -0.999606109013045 -0.012026650241112605 0 0.19255506220583313 -0.006921365145154754 0.9812617605529297 0 0 0 0 1 -0.9811315707254658 -0.018279430791169345 0.19247520187216693 -0.010002000257372856 0.01704553008770017 -0.999822188694979 -0.008064793686839817 0 0.19258839744338152 -0.004631781852897783 0.9812686970280144 0 0 0 0 1 -0.9812306464786258 -0.009353365293436805 0.19261083294775205 -0.010002000257372856 0.008723518269600706 -0.9999534706001008 -0.004117871272221786 0 0.1926403868355212 -0.0023603373704152177 0.9812665846585007 0 0 0 0 1 -0.9812555122164761 -0.0004204264748016124 0.19271077548066765 -0.010002000257372856 0.0003918859309021245 -0.9999999058741418 -0.00018621794905503331 0 0.1927108356325564 -0.00010720674733978663 0.9812555846141795 0 0 0 0 1 -0.9812575456926829 -0.0002364473986842583 0.19270073459590445 -0.010002000257372856 0.00021371715243079906 -0.9999999675377194 -0.00013874271210240544 0 0.19270076114575238 -0.00009495888089119291 0.9812575643716887 0 0 0 0 1 -0.9812595460575053 -0.00005246799074807003 0.19269068612190235 -0.010002000257372856 0.00003554675741481478 -0.9999999952028633 -0.00009127268061399775 0 0.19269068998643288 -0.00008271266007107358 0.9812595432153352 0 0 0 0 1 -0.9812615133104885 0.00013151174272840708 0.1926806300598815 -0.010002000257372856 -0.0001426252478348137 -0.999999988869456 -0.00004380785582567191 0 0.19268062215399367 -0.00007046808551764513 0.9812615211454074 0 0 0 0 1 -0.9812612678837667 0.00013013317246389716 0.19268188087233398 -0.010002000257372856 -0.00013544086331009102 -0.9999999907245736 -0.000014374480805024417 0 0.19268187721453053 -0.000040202121549470154 0.9812612764074989 0 0 0 0 1 -0.9812610224447784 0.00012875535315773134 0.1926831317284636 -0.010002000257372856 -0.0001282571376208192 -0.9999999916616666 0.000015059035321107819 0 0.1926831320607387 -0.0000099361425470857 0.9812610307764886 0 0 0 0 1 -0.9812607769886426 0.00012446496761124394 0.1926843845570189 -0.010002000257372856 -0.00012398656380307237 -0.9999999922079463 0.000014540953665201667 0 0.19268438486545117 -0.000009621807248062924 0.9812607847745897 0 0 0 0 1 -0.9812605315119125 0.00012017458371980884 0.19268563738646763 -0.010002000257372856 -0.00011971599195475475 -0.9999999927357206 0.00001402286640290279 0 0.1926856376719374 -0.00000930746687532222 0.9812605387705805 0 0 0 0 1 -0.9812602860145863 0.00011588420148174332 0.19268689021680954 -0.010002000257372856 -0.00011544542207418534 -0.9999999932449881 0.000013504773534029482 0 0.19268689048019713 -0.000008993121428677812 0.9812602927644613 0 0 0 0 1 -0.9812600404966645 0.00011159382089890105 0.19268814304804469 -0.010002000257372856 -0.00011117485416321958 -0.9999999937357491 0.000012986675058743958 0 0.1926881432902305 -0.000008678770908287846 0.9812600467562319 0 0 0 0 1 -0.9812597949581481 0.00010730344197048351 0.19268939588017317 -0.010002000257372856 -0.00010690428822106074 -0.9999999942080047 0.000012468570976950504 0 0.19268939610203753 -0.000008364415314052537 0.9812598007458925 0 0 0 0 1 -0.9812595493990348 0.00010301306469657608 0.1926906487131947 -0.010002000257372856 -0.00010263372424779591 -0.9999999946617526 0.000011950461288639367 0 0.192690648915618 -0.000008050054645958061 0.981259554733443 0 0 0 0 1 -0.9812593038193271 0.0000987226890777064 0.1926919015471094 -0.010002000257372856 -0.00009836316224395452 -0.9999999950969951 0.000011432345993843798 0 0.19269190173097195 -0.000007735688904033599 0.9812593087188832 0 0 0 0 1 -0.9812590582190235 0.0000944323151135179 0.19269315438191728 -0.010002000257372856 -0.00009409260220918178 -0.9999999955137313 0.000010914225092511068 0 0.19269315454809946 -0.0000074213180882223495 0.9812590627022134 0 0 0 0 1 -0.981258812598125 0.00009014194280453814 0.19269440721761827 -0.010002000257372856 -0.00008982204414400697 -0.9999999959119614 0.000010396098584674426 0 0.1926944073670005 -0.000007106942198553489 0.9812588166834334 0 0 0 0 1 -0.98125856695663 0.00008585157214996855 0.19269566005421226 -0.010002000257372856 -0.00008555148804763328 -0.9999999962916843 0.000009877966470238143 0 0.1926956601876749 -0.000006792561234927226 0.9812585706625432 0 0 0 0 1 -0.9812583212945407 0.00008156120315122069 0.1926969128916994 -0.010002000257372856 -0.00008128093392147407 -0.9999999966529023 0.000009359828749321456 0 0.1926969130101228 -0.000006478175197458716 0.9812583246395429 0 0 0 0 1 -0.9812580756118552 0.00007727083580705398 0.19269816573007947 -0.010002000257372856 -0.00007701038176429052 -0.9999999969956133 0.00000884168542178564 0 0.19269816583434402 -0.000006163784086005172 0.9812580786144323 0 0 0 0 1 -0.9812578299085746 0.00007298047011843802 0.19269941856935263 -0.010002000257372856 -0.00007273983157705396 -0.9999999973198181 0.00000832353648770695 0 0.19269941866033868 -0.000005849387900638772 0.9812578325872116 0 0 0 0 1 -0.9812575841846982 0.00006869010608545827 0.1927006714095187 -0.010002000257372856 -0.00006846928335985161 -0.9999999976255167 0.000007805381947075635 0 0.19270067148810666 -0.000005534986641345696 0.9812575865578806 0 0 0 0 1 -0.981257338440227 0.00006439974370775821 0.19270192425057767 -0.010002000257372856 -0.00006419873711232872 -0.9999999979127097 0.000007287221799838961 0 0.19270192431764796 -0.00000522058030806914 0.9812573405264395 0 0 0 0 1 -0.9812570926751598 0.00006010938298542335 0.19270317709252963 -0.010002000257372856 -0.00005992819283457259 -0.9999999981813958 0.000006769056045987195 0 0.1927031771489626 -0.000004906168900795299 0.9812570944928882 0 0 0 0 1 -0.9812568468894975 0.00005581902391898121 0.1927044299353745 -0.010002000257372856 -0.00005565765052711246 -0.9999999984315762 0.000006250884685553581 0 0.19270442998205056 -0.000004591752419553348 0.9812568484572267 0 0 0 0 1 -0.9812566010832402 0.00005152866650807528 0.19270568277911224 -0.010002000257372856 -0.0000513871101895936 -0.9999999986632506 0.0000057327077184853884 0 0.19270568281691178 -0.0000042773308642864825 0.9812566024194549 0 0 0 0 1 -0.9812563552563873 0.00004723831075323306 0.1927069356237428 -0.010002000257372856 -0.00004711657182254528 -0.9999999988764192 0.000005214525144815867 0 0.19270693565354624 -0.000003962904235023884 0.9812563563795729 0 0 0 0 1 -0.9812561094089387 0.00004294795665409805 0.19270818846926616 -0.010002000257372856 -0.00004284603542561273 -0.9999999990710811 0.0000046963369644922855 0 0.1927081884919539 -0.0000036484725317087475 0.9812561103375806 0 0 0 0 1 -0.9812560564465134 0.000038505385916469745 0.19270845908878115 -0.010002000257372856 -0.000038423283123071734 -0.9999999992531592 0.000004163318094248682 0 0.19270845910516876 -0.00000331921058888425 0.9812560571931744 0 0 0 0 1 -0.9812560034642148 0.00003406281530884939 0.1927087297066808 -0.010002000257372856 -0.0000340005310629221 -0.999999999415393 0.0000036302977220442407 0 0.19270872971768 -0.000002989947716369885 0.9812560040487184 0 0 0 0 1 -0.9812559504620422 0.00002962024483044161 0.19270900032296504 -0.010002000257372856 -0.000029577779244368554 -0.9999999995577815 0.000003097275847798221 0 0.19270900032948748 -0.000002660683914081237 0.9812559509042126 0 0 0 0 1 -0.9812558974399959 0.000025177674481777053 0.19270927093763382 -0.010002000257372856 -0.000025155027667941894 -0.9999999996803253 0.000002564252471558867 0 0.19270927094059134 -0.000002331419182062867 0.9812558977596569 0 0 0 0 1 -0.981255844398075 0.000020735104262944358 0.19270954155068712 -0.010002000257372856 -0.00002073227633373088 -0.9999999997830233 0.000002031227593331422 0 0.19270954155099138 -0.0000020021535203163435 0.9812558446150516 0 0 0 0 1 -0.9812557913362818 0.000016292534174474208 0.1927098121621251 -0.010002000257372856 -0.000016309525242266306 -0.999999999865878 0.0000014982012131641306 0 0.19270981216068786 -0.0000016728869288862314 0.9812557914703963 0 0 0 0 1 -0.9812557382546145 0.000011849964215571218 0.19271008277194762 -0.010002000257372856 -0.00001188677439275293 -0.9999999999288871 9.651733309762539e-7 0 0.1927100827696806 -0.0000013436194076881147 0.9812557383256912 0 0 0 0 1 -0.9812556851530729 0.0000074073943872080445 0.19271035338015466 -0.010002000257372856 -0.0000074640237861635186 -0.9999999999720508 4.321439468590241e-7 0 0.19271035337796963 -0.0000010143509568095466 0.9812556851809365 0 0 0 0 1 -0.9812556320316579 0.0000029648246885893344 0.19271062398674624 -0.010002000257372856 -0.0000030412734217028506 -0.9999999999953701 -1.0088693926829495e-7 0 0.1927106239855549 -6.850815761661135e-7 0.9812556320361319 0 0 0 0 1 -0.9812555788903699 -0.000001477744879754262 0.19271089459172241 -0.010002000257372856 0.0000013814767000983005 -0.9999999999988449 -6.339193273574631e-7 0 0.19271089459243657 -3.558112658023772e-7 0.9812555788912776 0 0 0 0 1</float_array>
				<technique_common>
					<accessor source="#anim_Hips_transform_output_array" count="56" stride="16">
						<param name="TRANSFORM" type="float4x4"/>
					</accessor>
				</technique_common>
			</source>
			<source id="anim_Hips_transform_interpolation">
				<Name_array id="anim_Hips_transform_interpolation_array" count="56">LINEAR LINEAR LINEAR LINEAR LINEAR LINEAR LINEAR LINEAR LINEAR LINEAR LINEAR LINEAR LINEAR LINEAR LINEAR LINEAR LINEAR LINEAR LINEAR LINEAR LINEAR LINEAR LINEAR LINEAR LINEAR LINEAR LINEAR LINEAR LINEAR LINEAR LINEAR LINEAR LINEAR LINEAR LINEAR LINEAR LINEAR LINEAR LINEAR LINEAR LINEAR LINEAR LINEAR LINEAR LINEAR LINEAR LINEAR LINEAR LINEAR LINEAR LINEAR LINEAR LINEAR LINEAR LINEAR LINEAR</Name_array>
				<technique_common>
					<accessor source="#anim_Hips_transform_interpolation_array" count="56" stride="1">
						<param name="INTERPOLATION" type="Name"/>
					</accessor>
				</technique_common>
			</source>
			<sampler id="anim_Hips_transform_sampler">
				<input semantic="INPUT" source="#anim_Hips_transform_input"/>
				<input semantic="OUTPUT" source="#anim_Hips_transform_output"/>
				<input semantic="INTERPOLATION" source="#anim_Hips_transform_interpolation"/>
			</sampler>
			<channel source="#anim_Hips_transform_sampler" target="Hips_bone_id/transform"/>
		</animation>
		<animation id="anim_LThigh_transform" name="anim_LThigh_transform">
			<source id="anim_LThigh_transform_input">
				<float_array id="anim_LThigh_transform_input_array" count="56">0 0.03333333333333333 0.06666666666666667 0.1 0.13333333333333333 0.16666666666666666 0.2 0.23333333333333334 0.26666666666666666 0.3 0.3333333333333333 0.36666666666666664 0.4 0.43333333333333335 0.4666666666666667 0.5 0.5333333333333333 0.5666666666666667 0.6 0.6333333333333333 0.6666666666666666 0.7 0.7333333333333333 0.7666666666666667 0.8 0.8333333333333334 0.8666666666666667 0.9 0.9333333333333333 0.9666666666666667 1 1.0333333333333334 1.0666666666666667 1.1 1.1333333333333333 1.1666666666666667 1.2 1.2333333333333334 1.2666666666666666 1.3 1.3333333333333333 1.3666666666666667 1.4 1.4333333333333333 1.4666666666666666 1.5 1.5333333333333334 1.5666666666666667 1.6 1.6333333333333333 1.6666666666666667 1.7 1.7333333333333334 1.7666666666666666 1.8 1.8333333333333333</float_array>
				<technique_common>
					<accessor source="#anim_LThigh_transform_input_array" count="56" stride="1">
						<param name="TIME" type="float"/>
					</accessor>
				</technique_common>
			</source>
			<source id="anim_LThigh_transform_output">
				<float_array id="anim_LThigh_transform_output_array" count="896">0.6574668480062635 -0.3763129415500003 -0.652783205815449 7 0.5368245222942458 0.8418759640907172 0.05535605973947472 6.849999904632568 0.5287312890649309 -0.38682480673854364 0.7555195516036795 0 0 0 0 1 0.6386084427393676 -0.385347149407036 -0.6660982144593028 7 0.5389925872935329 0.8417844586167238 0.029764342323871318 6.849999904632568 0.5492415203757115 -0.37802976030363106 0.7452699193045135 0 0 0 0 1 0.5976849698581432 -0.4014355188518399 -0.6939900582932182 7 0.5497286119767109 0.8352867009839119 -0.00972524208294559 6.849999904632568 0.5835847239089019 -0.37569356044995905 0.7199188972770499 0 0 0 0 1 0.5625349979358252 -0.4161428657260189 -0.7144084905729199 7 0.5620364257505902 0.8262061514411837 -0.03870983660840155 6.849999904632568 0.6063575118911634 -0.3797479567108748 0.6986573245497918 0 0 0 0 1 0.5346197264684857 -0.4235904468100688 -0.7312679956363521 7 0.5559828843038941 0.8279700501393654 -0.07313431775397486 6.849999904632568 0.6364469973468996 -0.36747344045993713 0.6781581601106432 0 0 0 0 1 0.48018102833196097 -0.42375996129560467 -0.7680193195700276 7 0.5452946371528462 0.8300323850177103 -0.11704699275999086 6.849999904632568 0.6870807366841296 -0.36259307084465797 0.6296398385212252 0 0 0 0 1 0.42312917766226166 -0.4145965344478008 -0.8056496835689392 7 0.5406437250870035 0.8290609036286275 -0.14269681355423525 6.849999904632568 0.7270942590441124 -0.3751902606656483 0.5749488731763339 0 0 0 0 1 0.4014519961807944 -0.41784705555906576 -0.8150092839490078 7 0.5369925147096873 0.8282501511803643 -0.16012721884635966 6.849999904632568 0.7419402495539796 -0.3733704932507694 0.5568834176571031 0 0 0 0 1 0.41797710831181645 -0.4444600090891785 -0.7923070347079719 7 0.5287094553119657 0.8282402512267131 -0.18569975258905397 6.849999904632568 0.7387566911988119 -0.34128197515889797 0.5811756745086847 0 0 0 0 1 0.4341805009904135 -0.47541683750250197 -0.7651575806190729 7 0.5157895615245284 0.827580108685487 -0.2215226668547765 6.849999904632568 0.7385447994414749 -0.2984794705289413 0.604534188355559 0 0 0 0 1 0.48081816967515145 -0.5178869200437765 -0.7075358830178216 7 0.5041885645097565 0.8234851789617957 -0.2601269910021841 6.849999904632568 0.7173616794391993 -0.23165771750112366 0.6570592992982758 0 0 0 0 1 0.5369181976890662 -0.5387678049075751 -0.6491903429545127 7 0.4779771112693404 0.8283635725598837 -0.29215008601477915 6.849999904632568 0.6951666923069182 -0.15343742715158942 0.7022821554447751 0 0 0 0 1 0.5874679197136015 -0.5509642826915743 -0.5927223654507504 7 0.45536116364303425 0.8305396230642071 -0.32070258054157685 6.849999904632568 0.6689750772286182 -0.08150026821136144 0.7388031214934332 0 0 0 0 1 0.6166402755334343 -0.5570892712270037 -0.556243035438482 7 0.427694433341785 0.8302678571382467 -0.3573971979346137 6.849999904632568 0.6609328576175493 -0.017516543232898363 0.7502405803705038 0 0 0 0 1 0.6447677764389127 -0.5545348728700965 -0.5260851539788651 7 0.4085316983221321 0.831705884795998 -0.37598826133503216 6.849999904632568 0.6460467211681016 0.027502653811075417 0.7628022273835423 0 0 0 0 1 0.6699380370797359 -0.5494679035760796 -0.49926751287607196 7 0.3981099609743257 0.833506306014383 -0.3831131644922665 6.849999904632568 0.6266510076962866 0.057898711332513314 0.777146224194175 0 0 0 0 1 0.6941715863003384 -0.5417077551037701 -0.4740026548804401 7 0.3901204494200234 0.8365444620539341 -0.3847068987569797 6.849999904632568 0.6049230064376712 0.08213446942257477 0.7920366691101375 0 0 0 0 1 0.6979547268749394 -0.5414767312556954 -0.4686812869547666 7 0.38353439751162394 0.8353120094162808 -0.3938974648945217 6.849999904632568 0.6047814193229851 0.095167202510018 0.7906849172762137 0 0 0 0 1 0.7014606199897317 -0.5367810246241012 -0.4688487284904602 7 0.38303017219635016 0.8386923247626922 -0.387147351239015 6.849999904632568 0.6010331819382816 0.09198541181976103 0.7939129664021702 0 0 0 0 1 0.7049520076871977 -0.5320758552085042 -0.468975427034219 7 0.3824888113691719 0.8420303715160028 -0.38037765789018196 6.849999904632568 0.5972813206816259 0.08877013996136962 0.7971040623507395 0 0 0 0 1 0.6965823802527951 -0.5362778463120702 -0.4766330444652762 7 0.3969554514760403 0.8414439351580821 -0.366603973695232 6.849999904632568 0.597661574023965 0.06616778325264447 0.7990134338011018 0 0 0 0 1 0.688107440743511 -0.5402580638415926 -0.4843855638306628 7 0.4114025081210682 0.8403722260837121 -0.352877454562913 6.849999904632568 0.5977090649346971 0.043540166297798194 0.8005299042594538 0 0 0 0 1 0.6795299306941226 -0.5440126474107656 -0.4922289231119714 7 0.4258227041009126 0.8388167031774394 -0.3392072569134071 6.849999904632568 0.5974228803477715 0.020899232705091086 0.8016539927607863 0 0 0 0 1 0.673541486818218 -0.5467686686200125 -0.4973790190088473 7 0.4360910727589673 0.8372671155410988 -0.32986111242979443 6.849999904632568 0.5967968178489539 0.005272594142104153 0.802375073115046 0 0 0 0 1 0.6675033054415654 -0.549416863987692 -0.5025738222296444 7 0.4463351819041058 0.8354842873819581 -0.32054782939912463 6.849999904632568 0.5960069149088901 -0.0103496426890754 0.8029125994010777 0 0 0 0 1 0.6614163628732634 -0.5519559492636348 -0.5078119976881045 7 0.4565525351612587 0.8334689709197383 -0.31127039234694354 6.849999904632568 0.5950530880193222 -0.025963524153558265 0.8032669032471065 0 0 0 0 1 0.6552816515450169 -0.5543846659763962 -0.5130921937417042 7 0.46674063981034775 0.8312219826854118 -0.30203177092809325 6.849999904632568 0.5939352930226173 -0.04156510111587075 0.8034383673134893 0 0 0 0 1 0.648308631472736 -0.556421768684887 -0.5197025434722543 7 0.47965471871293536 0.8285787440289054 -0.2887708706914472 6.849999904632568 0.5912928793536779 -0.062065129316418624 0.8040650785530815 0 0 0 0 1 0.6378521118197269 -0.5576660617179108 -0.5311809927464931 7 0.4927110803080772 0.8255712207756787 -0.27507808122168376 6.849999904632568 0.5919294508543752 -0.08625962575267224 0.8013605943495392 0 0 0 0 1 0.635270108759589 -0.552092820512495 -0.5400235239831114 7 0.4889190784134833 0.8287871412430003 -0.27215805935809645 6.849999904632568 0.5978210632621522 -0.0911339236992078 0.7964324103596594 0 0 0 0 1 0.6408490743942412 -0.5475614546367107 -0.5380417430313131 7 0.48748708780191863 0.8316963564140148 -0.265777181025867 6.849999904632568 0.593016697129557 -0.0919653419706655 0.7999209790984169 0 0 0 0 1 0.6524552986014935 -0.5376670837907728 -0.5340563550176723 7 0.4945628871073417 0.8360609158619996 -0.23750725391879146 6.849999904632568 0.5742034778916675 -0.10916158653995761 0.8114025597699286 0 0 0 0 1 0.665141794224134 -0.520017267263254 -0.5358809898889467 7 0.5053403386476435 0.8418187108046481 -0.1896639140023355 6.849999904632568 0.5497431543109792 -0.14464888484622934 0.8227145096574859 0 0 0 0 1 0.6681480393617024 -0.497084947077283 -0.5536106509870341 7 0.5167756344158289 0.8453542399639563 -0.13534826430020935 6.849999904632568 0.5352766958977669 -0.19565981795999016 0.8217031668824412 0 0 0 0 1 0.6095760007743424 -0.4887843425660612 -0.6241049316759342 7 0.5245129279954865 0.8390016645068904 -0.1447839608529511 6.849999904632568 0.5943932096226878 -0.23909427725675642 0.7678089859708004 0 0 0 0 1 0.5145692250677951 -0.4892026387785174 -0.7042011721271587 7 0.5416696074712799 0.8221080945069672 -0.17530635267449135 6.849999904632568 0.6646898140900298 -0.2912371184417587 0.6880177264334856 0 0 0 0 1 0.41769742729934656 -0.42843046956079617 -0.8012341680054731 7 0.5604705115252901 0.8155741751061126 -0.1439151507332132 6.849999904632568 0.7151235312434394 -0.388955135782907 0.5807858791413698 0 0 0 0 1 0.33071506322055844 -0.30838702990246825 -0.8919220743691436 7 0.5645293077910342 0.822008368187829 -0.07489261161261834 6.849999904632568 0.7562633189597376 -0.4787480364629361 0.4459440659756393 0 0 0 0 1 0.26110688858582853 -0.23481152273111985 -0.93631551387645 7 0.5667643938900111 0.8224682389577725 -0.04820910416289395 6.849999904632568 0.7814098249647979 -0.5180825655225171 0.3478349331940235 0 0 0 0 1 0.21216223002272205 -0.23252086150934756 -0.9491687084574252 7 0.5681919865383923 0.8195826359526547 -0.07377105989786034 6.849999904632568 0.7950755024432214 -0.5236586214394346 0.30600096994423054 0 0 0 0 1 0.22469952725876663 -0.23569774226033868 -0.9454928327296117 7 0.5644268553741583 0.8224341415006415 -0.07088305740119927 6.849999904632568 0.7943125627749605 -0.5177341568676743 0.31783469827945554 0 0 0 0 1 0.2581148937996438 -0.24014108685858923 -0.9357932250241899 7 0.5580514750313571 0.8277424672106324 -0.05848896640719245 6.849999904632568 0.7886413968427762 -0.5071239161964565 0.34766374675459655 0 0 0 0 1 0.30710988142679785 -0.24549585667413376 -0.9194646839796793 7 0.550971271489452 0.8336333734314372 -0.03854940589190098 6.849999904632568 0.7759601656807614 -0.4947597225493959 0.39127821076508984 0 0 0 0 1 0.3522467250783421 -0.2708593790772318 -0.8958557034687449 7 0.5423941828230943 0.8391499014644195 -0.04044741415620004 6.849999904632568 0.7627127867757635 -0.47165945303592915 0.4425003562152209 0 0 0 0 1 0.38840890061636524 -0.31581735105061226 -0.8656777268114046 7 0.5323157933936218 0.8437313291640066 -0.06897347527026301 6.849999904632568 0.7521824393228715 -0.43402401426938697 0.495827321768155 0 0 0 0 1 0.4304882783907753 -0.35269070618343457 -0.8308363905968353 7 0.5204013570122414 0.8490810231298935 -0.09079561542558595 6.849999904632568 0.7374701823043183 -0.3932819369517542 0.5490601499649308 0 0 0 0 1 0.49180201903210985 -0.373092123956465 -0.7867229760961568 7 0.5090558839618713 0.8562401168565077 -0.0878348979014141 6.849999904632568 0.7063942816018108 -0.35728857990034846 0.6110253592061905 0 0 0 0 1 0.5585856657920703 -0.38323443579666094 -0.7356041198846324 7 0.5072628629408152 0.8595150422044003 -0.06259616685912686 6.849999904632568 0.6562518128376618 -0.3381793303027004 0.6745133791877665 0 0 0 0 1 0.6091011242471535 -0.39198908863874554 -0.6894493272380644 7 0.505847360254795 0.8615534263738921 -0.042943470128322725 6.849999904632568 0.6108308019117155 -0.3225992062785838 0.7230598063399171 0 0 0 0 1 0.6336992894368152 -0.3899441816468762 -0.6681083338553887 7 0.5047074367622645 0.862930157827567 -0.024938844972353658 6.849999904632568 0.5862555874737062 -0.3213955163213051 0.7436459562482818 0 0 0 0 1 0.6371463313440369 -0.38942415299696115 -0.6651265905956806 7 0.5086304318983649 0.8608216560782173 -0.01676783151270006 6.849999904632568 0.5790851718026612 -0.3276200627088562 0.7465423352422336 0 0 0 0 1 0.6420425393905936 -0.38609698496315203 -0.6623522445158931 7 0.5152761549085179 0.8570241971372197 -0.00009850886865872543 6.849999904632568 0.56768993455545 -0.3412310708649897 0.74919256168275 0 0 0 0 1 0.6468922289572117 -0.38285282232888634 -0.6595105462004203 7 0.5217236234811836 0.8529531784472532 0.016593254002529978 6.849999904632568 0.5561788424746439 -0.3548162789550876 0.7515121445273063 0 0 0 0 1 0.6516944104772036 -0.3796921226386432 -0.6566035998674783 7 0.5279712058856454 0.8486091184925051 0.033301197681630035 6.849999904632568 0.5445555996483992 -0.368369998802203 0.7535003270563573 0 0 0 0 1 0.656448117713971 -0.3766153035229523 -0.6536335226272432 7 0.5340173364115559 0.8439926413421994 0.05001905409066451 6.849999904632568 0.5328239419936867 -0.3818865466503528 0.755156482012686 0 0 0 0 1 0.6574668480062635 -0.3763129415500003 -0.652783205815449 7 0.5368245222942458 0.8418759640907172 0.05535605973947472 6.849999904632568 0.5287312890649309 -0.38682480673854364 0.7555195516036795 0 0 0 0 1</float_array>
				<technique_common>
					<accessor source="#anim_LThigh_transform_output_array" count="56" stride="16">
						<param name="TRANSFORM" type="float4x4"/>
					</accessor>
				</technique_common>
			</source>
			<source id="anim_LThigh_transform_interpolation">
				<Name_array id="anim_LThigh_transform_interpolation_array" count="56">LINEAR LINEAR LINEAR LINEAR LINEAR LINEAR LINEAR LINEAR LINEAR LINEAR LINEAR LINEAR LINEAR LINEAR LINEAR LINEAR LINEAR LINEAR LINEAR LINEAR LINEAR LINEAR LINEAR LINEAR LINEAR LINEAR LINEAR LINEAR LINEAR LINEAR LINEAR LINEAR LINEAR LINEAR LINEAR LINEAR LINEAR LINEAR LINEAR LINEAR LINEAR LINEAR LINEAR LINEAR LINEAR LINEAR LINEAR LINEAR LINEAR LINEAR LINEAR LINEAR LINEAR LINEAR LINEAR LINEAR</Name_array>
				<technique_common>
					<accessor source="#anim_LThigh_transform_interpolation_array" count="56" stride="1">
						<param name="INTERPOLATION" type="Name"/>
					</accessor>
				</technique_common>
			</source>
			<sampler id="anim_LThigh_transform_sampler">
				<input semantic="INPUT" source="#anim_LThigh_transform_input"/>
				<input semantic="OUTPUT" source="#anim_LThigh_transform_output"/>
				<input semantic="INTERPOLATION" source="#anim_LThigh_transform_interpolation"/>
			</sampler>
			<channel source="#anim_LThigh_transform_sampler" target="LThigh_bone_id/transform"/>
		</animation>
		<animation id="anim_LLeg_transform" name="anim_LLeg_transform">
			<source id="anim_LLeg_transform_input">
				<float_array id="anim_LLeg_transform_input_array" count="56">0 0.03333333333333333 0.06666666666666667 0.1 0.13333333333333333 0.16666666666666666 0.2 0.23333333333333334 0.26666666666666666 0.3 0.3333333333333333 0.36666666666666664 0.4 0.43333333333333335 0.4666666666666667 0.5 0.5333333333333333 0.5666666666666667 0.6 0.6333333333333333 0.6666666666666666 0.7 0.7333333333333333 0.7666666666666667 0.8 0.8333333333333334 0.8666666666666667 0.9 0.9333333333333333 0.9666666666666667 1 1.0333333333333334 1.0666666666666667 1.1 1.1333333333333333 1.1666666666666667 1.2 1.2333333333333334 1.2666666666666666 1.3 1.3333333333333333 1.3666666666666667 1.4 1.4333333333333333 1.4666666666666666 1.5 1.5333333333333334 1.5666666666666667 1.6 1.6333333333333333 1.6666666666666667 1.7 1.7333333333333334 1.7666666666666666 1.8 1.8333333333333333</float_array>
				<technique_common>
					<accessor source="#anim_LLeg_transform_input_array" count="56" stride="1">
						<param name="TIME" type="float"/>
					</accessor>
				</technique_common>
			</source>
			<source id="anim_LLeg_transform_output">
				<float_array id="anim_LLeg_transform_output_array" count="896">0.5626439793318417 0 0.8266993120365047 29.299999237060547 0 1 0 0 -0.8266993120365047 0 0.5626439793318417 0 0 0 0 1 0.5350042498596238 0 0.8448493668294611 29.299999237060547 0 1 0 0 -0.8448493668294611 0 0.5350042498596238 0 0 0 0 1 0.4862682760157626 0 0.8738095694947832 29.299999237060547 0 1 0 0 -0.8738095694947832 0 0.4862682760157626 0 0 0 0 1 0.46046369209781524 0 0.8876785388076296 29.299999237060547 0 1 0 0 -0.8876785388076296 0 0.46046369209781524 0 0 0 0 1 0.4584277744443629 0 0.8887316668252506 29.299999237060547 0 1 0 0 -0.8887316668252506 0 0.4584277744443629 0 0 0 0 1 0.459011907061767 0 0.8884301149643228 29.299999237060547 0 1 0 0 -0.8884301149643228 0 0.459011907061767 0 0 0 0 1 0.46016421804819585 0 0.8878338202772479 29.299999237060547 0 1 0 0 -0.8878338202772479 0 0.46016421804819585 0 0 0 0 1 0.4451167155303013 0 0.8954725621455505 29.299999237060547 0 1 0 0 -0.8954725621455505 0 0.4451167155303013 0 0 0 0 1 0.4043952674239373 0 0.9145843141477566 29.299999237060547 0 1 0 0 -0.9145843141477566 0 0.4043952674239373 0 0 0 0 1 0.36138812554525857 0 0.9324154775178737 29.299999237060547 0 1 0 0 -0.9324154775178737 0 0.36138812554525857 0 0 0 0 1 0.317597651544439 0 0.94822557006941 29.299999237060547 0 1 0 0 -0.94822557006941 0 0.317597651544439 0 0 0 0 1 0.2814956815212082 0 0.9595624947260658 29.299999237060547 0 1 0 0 -0.9595624947260658 0 0.2814956815212082 0 0 0 0 1 0.2530285781704217 0 0.9674588046160182 29.299999237060547 0 1 0 0 -0.9674588046160182 0 0.2530285781704217 0 0 0 0 1 0.22434064977485968 0 0.9745107864249599 29.299999237060547 0 1 0 0 -0.9745107864249599 0 0.22434064977485968 0 0 0 0 1 0.19472311072169957 0 0.9808582518136169 29.299999237060547 0 1 0 0 -0.9808582518136169 0 0.19472311072169957 0 0 0 0 1 0.164926915368786 0 0.9863057906080333 29.299999237060547 0 1 0 0 -0.9863057906080333 0 0.164926915368786 0 0 0 0 1 0.13497940139570264 0 0.9908484047516339 29.299999237060547 0 1 0 0 -0.9908484047516339 0 0.13497940139570264 0 0 0 0 1 0.10490804531519371 0 0.9944819264462 29.299999237060547 0 1 0 0 -0.9944819264462 0 0.10490804531519371 0 0 0 0 1 0.09264602861988402 0 0.9956991078538555 29.299999237060547 0 1 0 0 -0.9956991078538555 0 0.09264602861988402 0 0 0 0 1 0.08036994468277403 0 0.9967651037188691 29.299999237060547 0 1 0 0 -0.9967651037188691 0 0.08036994468277403 0 0 0 0 1 0.06808165748706585 0 0.9976797521819383 29.299999237060547 0 1 0 0 -0.9976797521819383 0 0.06808165748706585 0 0 0 0 1 0.05578303286888764 0 0.9984429143641356 29.299999237060547 0 1 0 0 -0.9984429143641356 0 0.05578303286888764 0 0 0 0 1 0.04347593823398632 0 0.9990544743879961 29.299999237060547 0 1 0 0 -0.9990544743879961 0 0.04347593823398632 0 0 0 0 1 0.04135002793731457 0 0.9991447218444299 29.299999237060547 0 1 0 0 -0.9991447218444299 0 0.04135002793731457 0 0 0 0 1 0.0392239304226355 0 0.9992304455340622 29.299999237060547 0 1 0 0 -0.9992304455340622 0 0.0392239304226355 0 0 0 0 1 0.03709765531615161 0 0.9993116450687666 29.299999237060547 0 1 0 0 -0.9993116450687666 0 0.03709765531615161 0 0 0 0 1 0.034971212244869765 0 0.9993883200809006 29.299999237060547 0 1 0 0 -0.9993883200809006 0 0.034971212244869765 0 0 0 0 1 0.0328446108365571 0 0.9994604702233075 29.299999237060547 0 1 0 0 -0.9994604702233075 0 0.0328446108365571 0 0 0 0 1 0.03071786071969651 0 0.9995280951693182 29.299999237060547 0 1 0 0 -0.9995280951693182 0 0.03071786071969651 0 0 0 0 1 0.04098272745169951 0 0.9991598551035865 29.299999237060547 0 1 0 0 -0.9991598551035865 0 0.04098272745169951 0 0 0 0 1 0.051243270379329076 0 0.9986862005859654 29.299999237060547 0 1 0 0 -0.9986862005859654 0 0.051243270379329076 0 0 0 0 1 0.11290869134053416 0 0.9936053680510024 29.299999237060547 0 1 0 0 -0.9936053680510024 0 0.11290869134053416 0 0 0 0 1 0.17414184826419443 0 0.9847205779728229 29.299999237060547 0 1 0 0 -0.9847205779728229 0 0.17414184826419443 0 0 0 0 1 0.2560440883516568 0 0.9666651047907797 29.299999237060547 0 1 0 0 -0.9666651047907797 0 0.2560440883516568 0 0 0 0 1 0.2215412266384591 0 0.9751510062034121 29.299999237060547 0 1 0 0 -0.9751510062034121 0 0.2215412266384591 0 0 0 0 1 0.13357369779475825 0 0.9910388828181439 29.299999237060547 0 1 0 0 -0.9910388828181439 0 0.13357369779475825 0 0 0 0 1 0.173213359759798 0 0.9848843241725004 29.299999237060547 0 1 0 0 -0.9848843241725004 0 0.173213359759798 0 0 0 0 1 0.3123354022921032 0 0.9499718924657877 29.299999237060547 0 1 0 0 -0.9499718924657877 0 0.3123354022921032 0 0 0 0 1 0.36321014899401016 0 0.9317072435415262 29.299999237060547 0 1 0 0 -0.9317072435415262 0 0.36321014899401016 0 0 0 0 1 0.3146680766856339 0 0.9492017707078743 29.299999237060547 0 1 0 0 -0.9492017707078743 0 0.3146680766856339 0 0 0 0 1 0.32580388759633294 0 0.9454373732972037 29.299999237060547 0 1 0 0 -0.9454373732972037 0 0.32580388759633294 0 0 0 0 1 0.3569482416748979 0 0.9341241634628658 29.299999237060547 0 1 0 0 -0.9341241634628658 0 0.3569482416748979 0 0 0 0 1 0.4024086858011996 0 0.9154601299847807 29.299999237060547 0 1 0 0 -0.9154601299847807 0 0.4024086858011996 0 0 0 0 1 0.4104855157407047 0 0.9118671182618044 29.299999237060547 0 1 0 0 -0.9118671182618044 0 0.4104855157407047 0 0 0 0 1 0.3719059075820995 0 0.9282704325279001 29.299999237060547 0 1 0 0 -0.9282704325279001 0 0.3719059075820995 0 0 0 0 1 0.3524679011281321 0 0.9358239036668861 29.299999237060547 0 1 0 0 -0.9358239036668861 0 0.3524679011281321 0 0 0 0 1 0.37979313101068946 0 0.9250714446123053 29.299999237060547 0 1 0 0 -0.9250714446123053 0 0.37979313101068946 0 0 0 0 1 0.432911609051139 0 0.9014363753192756 29.299999237060547 0 1 0 0 -0.9014363753192756 0 0.432911609051139 0 0 0 0 1 0.48456676394186804 0 0.8747542805170523 29.299999237060547 0 1 0 0 -0.8747542805170523 0 0.48456676394186804 0 0 0 0 1 0.5124133705295364 0 0.8587389228994808 29.299999237060547 0 1 0 0 -0.8587389228994808 0 0.5124133705295364 0 0 0 0 1 0.5245135928394331 0 0.8514020735978209 29.299999237060547 0 1 0 0 -0.8514020735978209 0 0.5245135928394331 0 0 0 0 1 0.5367058541348317 0 0.8437694152654508 29.299999237060547 0 1 0 0 -0.8437694152654508 0 0.5367058541348317 0 0 0 0 1 0.548787066314992 0 0.8359621736929158 29.299999237060547 0 1 0 0 -0.8359621736929158 0 0.548787066314992 0 0 0 0 1 0.5549003854783202 0 0.8319168000443383 29.299999237060547 0 1 0 0 -0.8319168000443383 0 0.5549003854783202 0 0 0 0 1 0.5609838855605778 0 0.8278267210844046 29.299999237060547 0 1 0 0 -0.8278267210844046 0 0.5609838855605778 0 0 0 0 1 0.5626439793318417 0 0.8266993120365047 29.299999237060547 0 1 0 0 -0.8266993120365047 0 0.5626439793318417 0 0 0 0 1</float_array>
				<technique_common>
					<accessor source="#anim_LLeg_transform_output_array" count="56" stride="16">
						<param name="TRANSFORM" type="float4x4"/>
					</accessor>
				</technique_common>
			</source>
			<source id="anim_LLeg_transform_interpolation">
				<Name_array id="anim_LLeg_transform_interpolation_array" count="56">LINEAR LINEAR LINEAR LINEAR LINEAR LINEAR LINEAR LINEAR LINEAR LINEAR LINEAR LINEAR LINEAR LINEAR LINEAR LINEAR LINEAR LINEAR LINEAR LINEAR LINEAR LINEAR LINEAR LINEAR LINEAR LINEAR LINEAR LINEAR LINEAR LINEAR LINEAR LINEAR LINEAR LINEAR LINEAR LINEAR LINEAR LINEAR LINEAR LINEAR LINEAR LINEAR LINEAR LINEAR LINEAR LINEAR LINEAR LINEAR LINEAR LINEAR LINEAR LINEAR LINEAR LINEAR LINEAR LINEAR</Name_array>
				<technique_common>
					<accessor source="#anim_LLeg_transform_interpolation_array" count="56" stride="1">
						<param name="INTERPOLATION" type="Name"/>
					</accessor>
				</technique_common>
			</source>
			<sampler id="anim_LLeg_transform_sampler">
				<input semantic="INPUT" source="#anim_LLeg_transform_input"/>
				<input semantic="OUTPUT" source="#anim_LLeg_transform_output"/>
				<input semantic="INTERPOLATION" source="#anim_LLeg_transform_interpolation"/>
			</sampler>
			<channel source="#anim_LLeg_transform_sampler" target="LLeg_bone_id/transform"/>
		</animation>
		<animation id="anim_LFoot_transform" name="anim_LFoot_transform">
			<source id="anim_LFoot_transform_input">
				<float_array id="anim_LFoot_transform_input_array" count="56">0 0.03333333333333333 0.06666666666666667 0.1 0.13333333333333333 0.16666666666666666 0.2 0.23333333333333334 0.26666666666666666 0.3 0.3333333333333333 0.36666666666666664 0.4 0.43333333333333335 0.4666666666666667 0.5 0.5333333333333333 0.5666666666666667 0.6 0.6333333333333333 0.6666666666666666 0.7 0.7333333333333333 0.7666666666666667 0.8 0.8333333333333334 0.8666666666666667 0.9 0.9333333333333333 0.9666666666666667 1 1.0333333333333334 1.0666666666666667 1.1 1.1333333333333333 1.1666666666666667 1.2 1.2333333333333334 1.2666666666666666 1.3 1.3333333333333333 1.3666666666666667 1.4 1.4333333333333333 1.4666666666666666 1.5 1.5333333333333334 1.5666666666666667 1.6 1.6333333333333333 1.6666666666666667 1.7 1.7333333333333334 1.7666666666666666 1.8 1.8333333333333333</float_array>
				<technique_common>
					<accessor source="#anim_LFoot_transform_input_array" count="56" stride="1">
						<param name="TIME" type="float"/>
					</accessor>
				</technique_common>
			</source>
			<source id="anim_LFoot_transform_output">
				<float_array id="anim_LFoot_transform_output_array" count="896">-0.33462577896426726 0.12718947547246728 -0.9337282395759464 29.300037384033203 -0.33900503865209924 0.9082656589018405 0.24521230929154866 0 0.8792617197518872 0.39859293795631157 -0.26081123056783784 0 0 0 0 1 -0.2909362037742995 0.1284224308533583 -0.9480842813732929 29.300037384033203 -0.347232284111803 0.9092098761921926 0.22971099648270604 0 0.8915076366492319 0.3960367158336359 -0.2199296558170558 0 0 0 0 1 -0.20205761152277102 0.1251019565568624 -0.9713507204359084 29.300037384033203 -0.37568985624934403 0.9060324099181404 0.1948394315565361 0 0.9044500282144174 0.40429540269903125 -0.13607120863492028 0 0 0 0 1 -0.14987779565567294 0.12171338845308796 -0.9811842321606397 29.300037384033203 -0.3992921092371742 0.9004138623536175 0.17268667575226854 0 0.9044901646067385 0.417661019910535 -0.0863528492695338 0 0 0 0 1 -0.2133247649328096 0.12829991019948062 -0.9685203548243927 29.300037384033203 -0.3705358103055185 0.9066494698474918 0.2017175057016491 0 0.9039888041052252 0.40190281395888144 -0.14587107384378273 0 0 0 0 1 -0.2772064907515601 0.1519703421745463 -0.948715751205047 29.300037384033203 -0.326712635195361 0.9136644873983893 0.24181823436362576 0 0.903557090331822 0.37699100727522633 -0.2036230953126439 0 0 0 0 1 -0.36226927478357296 0.16058294031142006 -0.9181362054884472 29.300037384033203 -0.28935892801170837 0.9170005461343546 0.27455675036176125 0 0.8860205321140702 0.36513438302936413 -0.28573501535875234 0 0 0 0 1 -0.4149937814517255 0.16838251202969504 -0.8941070914599479 29.300037384033203 -0.26450497472321977 0.9179506983980434 0.29564105543245056 0 0.8705270126211287 0.35918497317275677 -0.33640581942620984 0 0 0 0 1 -0.46468577317393756 0.1812303750284952 -0.8667310328912725 29.300037384033203 -0.22748122139853882 0.9215454074021465 0.3146527546471518 0 0.8557566395423235 0.3433796925606445 -0.3870025330875604 0 0 0 0 1 -0.48682278125221523 0.2027817808016601 -0.8496370572360682 29.300037384033203 -0.1890113624492475 0.9251813897231919 0.3291110769557031 0 0.8528061236406183 0.3208098276000456 -0.4120713166386276 0 0 0 0 1 -0.5080199051540149 0.2335960624320871 -0.829064928448629 29.300037384033203 -0.14107938220583274 0.9269586567031818 0.3476266052526092 0 0.8497131185781036 0.29356520294349814 -0.4379578606864094 0 0 0 0 1 -0.5267965143147979 0.2619788783495511 -0.8086114640570526 29.300037384033203 -0.09019848329962299 0.9287159695539791 0.35965383566126513 0 0.8451920882948601 0.2623999146229354 -0.46561423806585833 0 0 0 0 1 -0.5445128379382764 0.2905542362287838 -0.7868189150814264 29.300037384033203 -0.03922414964567067 0.9282349387363167 0.3699207544782536 0 0.8378348497197874 0.23228890270242025 -0.49403909792275247 0 0 0 0 1 -0.5075158242252453 0.31978344208672205 -0.8001038922090918 29.300037384033203 -0.01169193409505706 0.9259385954218187 0.37749306773156316 0 0.8615631067066921 0.200938467386008 -0.46618960250790176 0 0 0 0 1 -0.4743651328488885 0.3398806109768079 -0.8120707426199322 29.300037384033203 -0.008472469519037962 0.9206582884303911 0.3902775079410441 0 0.8802874178343715 0.1920142865165364 -0.43384856318309994 0 0 0 0 1 -0.44184831971337335 0.34676134738494213 -0.8273612453615703 29.300037384033203 -0.01954031575015397 0.9183335288940111 0.39532481046533985 0 0.8968769360546928 0.19084050321892385 -0.3989883004604209 0 0 0 0 1 -0.4032074996473052 0.3487924850395324 -0.8460304454380564 29.300037384033203 -0.038631452599302785 0.9172018537374735 0.39654554640117956 0 0.9142927994347524 0.19257352331120134 -0.35634830576456245 0 0 0 0 1 -0.3644625317895773 0.3522475583542571 -0.8620259396068053 29.300037384033203 -0.05929040622092191 0.9150412410017271 0.39897891547822073 0 0.9293286343655238 0.19652273379811147 -0.3126133465622145 0 0 0 0 1 -0.34803352067372284 0.35196008107310645 -0.8689055010865486 29.300037384033203 -0.07481798876371248 0.9134660261630211 0.39997760887741196 0 0.9344918068366393 0.20421537742528426 -0.2915838517103482 0 0 0 0 1 -0.3322374776743384 0.3411924477825783 -0.8793213132892477 29.300037384033203 -0.10165765826960164 0.9138945268691742 0.3930171933563584 0 0.9377014337963527 0.21996478657889967 -0.26894518720654714 0 0 0 0 1 -0.3162087314077857 0.33059216493839305 -0.8892248639477109 29.300037384033203 -0.12844543066450032 0.9137693505253854 0.38539245631151925 0 0.9399541528834743 0.23608133031174144 -0.24647879412912688 0 0 0 0 1 -0.3165090761836895 0.31210681507769694 -0.8957741571821575 29.300037384033203 -0.15453022973471808 0.9147430238892524 0.3733170346288553 0 0.9359179519549156 0.25658241605379545 -0.24129453160093428 0 0 0 0 1 -0.3165761261068929 0.29351665813782535 -0.9020130419094594 29.300037384033203 -0.1805094363467154 0.9149038631547137 0.36106407267183477 0 0.931233536643169 0.27712613117528967 -0.23665419423891976 0 0 0 0 1 -0.31623139137132905 0.28367668150294556 -0.9052763376355477 29.300037384033203 -0.19734983344902557 0.913699762025411 0.35525453988985006 0 0.9279282032296441 0.2909987718980676 -0.23295700119296936 0 0 0 0 1 -0.315817926956806 0.2738158215910573 -0.9084513926782879 29.300037384033203 -0.21413084861589288 0.9121841907552747 0.349382286052373 0 0.9243413961755386 0.3048686569369815 -0.22945170588535158 0 0 0 0 1 -0.31470211901567735 0.26279261500951134 -0.9120869573585104 29.300037384033203 -0.22969731276636313 0.9112657638425461 0.3418096724148873 0 0.9209786755375795 0.3170721513235178 -0.22641450938515884 0 0 0 0 1 -0.3135036209091411 0.2517484135289918 -0.9156081126565522 29.300037384033203 -0.24520361402036658 0.910054697146706 0.3341790476265208 0 0.9173825087433317 0.3292767597126361 -0.22357582195966152 0 0 0 0 1 -0.31511350099849866 0.23806304051284527 -0.9187107652739509 29.300037384033203 -0.26194157579400174 0.9086103216531308 0.3252904767372531 0 0.9121897238837019 0.3431519665209185 -0.2239567715292441 0 0 0 0 1 -0.31546381275461965 0.22156874222033893 -0.9227079035714473 29.300037384033203 -0.2773253547980622 0.9083816637098003 0.312943126816909 0 0.9075093555597359 0.3546125286939424 -0.22511491302186237 0 0 0 0 1 -0.3168323522330747 0.22397986131343883 -0.9216562712337338 29.300037384033203 -0.27363809243269865 0.9088144987686737 0.31492602496084415 0 0.9081516695730131 0.351979017206789 -0.22665241339525188 0 0 0 0 1 -0.31819612154820187 0.2263921578988571 -0.9205964474587011 29.300037384033203 -0.2699461350246485 0.9092317009567462 0.316901874656109 0 0.9087795730632023 0.3493484003358265 -0.22820031280842468 0 0 0 0 1 -0.31578439431103433 0.21654138421773736 -0.9237911264082803 29.300037384033203 -0.26489591669792734 0.9147774481382637 0.3049793004359659 0 0.9111039291027001 0.34101620093290674 -0.23151151391433955 0 0 0 0 1 -0.2851864525701857 0.2006804727187886 -0.9372278459050375 29.300037384033203 -0.2773437805546146 0.9187257803932443 0.2811109528789265 0 0.9174688630455569 0.3401033494545266 -0.20635066520780865 0 0 0 0 1 -0.23380319665921756 0.18111911674646636 -0.9552653719155275 29.300037384033203 -0.3001518652404555 0.9210628086309952 0.24809707847828066 0 0.9247945301658129 0.3447305732100978 -0.16098418825968808 0 0 0 0 1 -0.2306331625442588 0.17376695027012087 -0.9573992852141967 29.300037384033203 -0.3185666464805642 0.9162150909206188 0.24303332882435974 0 0.9194148335136653 0.3610470248639967 -0.15595322937309053 0 0 0 0 1 -0.32106817776501684 0.16065897737228896 -0.9333294799888956 29.300037384033203 -0.3344987363546035 0.9027512601647469 0.27046396737483325 0 0.8860168286233763 0.3990349048149193 -0.2361044771611145 0 0 0 0 1 -0.4169977095968487 0.1392130783786375 -0.8981829596464885 29.300037384033203 -0.3356571171370533 0.8947591075826237 0.2945172984956731 0 0.8446580431785544 0.42429454180591375 -0.3263846379465263 0 0 0 0 1 -0.4554854685572465 0.12234269888106535 -0.8817966046451315 29.300037384033203 -0.3396924790957557 0.8916839565069494 0.2991801152381157 0 0.8228863880141444 0.43581186966236884 -0.3645901900523727 0 0 0 0 1 -0.4733421445995245 0.11130395641658314 -0.873818427038443 29.300037384033203 -0.3487780653090762 0.8872338178581177 0.30194372589634355 0 0.8088887904435202 0.44769139117803436 -0.3811447795259637 0 0 0 0 1 -0.48834129462963305 0.11324084340723319 -0.8652741134137044 29.300037384033203 -0.34707721498944794 0.8845421093641787 0.3116450923674845 0 0.8006623425605967 0.45250609735780123 -0.39265512228849087 0 0 0 0 1 -0.47781401020610814 0.11456647976686615 -0.8709582615513703 29.300037384033203 -0.34438099466133576 0.8876670229834687 0.3056942701846654 0 0.8081432435941206 0.4460064775555333 -0.38468522172248765 0 0 0 0 1 -0.4671651327927173 0.11483667699603599 -0.8766808292185198 29.300037384033203 -0.3424897931266002 0.8906173507641637 0.2991679730885663 0 0.8151426134774589 0.4400150817123552 -0.37673498318952015 0 0 0 0 1 -0.44460660613491076 0.1162200425483071 -0.8881541912817082 29.300037384033203 -0.3413670857105261 0.89473075516315 0.2879676866571693 0 0.8281264870626334 0.43121894378059156 -0.35812950723174497 0 0 0 0 1 -0.39930224910534506 0.12111793947469425 -0.9087838899302835 29.300037384033203 -0.3394676411229897 0.9012521997846769 0.26926974024883304 0 0.8516568760303683 0.4160227363025791 -0.3187564091740098 0 0 0 0 1 -0.34505268030206837 0.12705536459770977 -0.9299438596728846 29.300037384033203 -0.3380639295224859 0.9074697145879982 0.24942232590807245 0 0.8755863334772731 0.40044431751807896 -0.270172021488728 0 0 0 0 1 -0.32331986008903124 0.13871736552737512 -0.9360671773826674 29.300037384033203 -0.3229885185857849 0.9136156192154815 0.246951244555018 0 0.8894620199501324 0.3821831927579454 -0.2505859577860934 0 0 0 0 1 -0.3340102748254723 0.14703844964892906 -0.9310299837469538 29.300037384033203 -0.2972747398264287 0.9209120116175578 0.2520888651242499 0 0.8944634511102971 0.3609719673095717 -0.2638832572265921 0 0 0 0 1 -0.3353282037611689 0.14646784437174298 -0.9306461015484909 29.300037384033203 -0.2919582787758152 0.9230519781476764 0.25047037567729447 0 0.8957205809941918 0.355699615128772 -0.266762862071676 0 0 0 0 1 -0.3366605410277801 0.14590345935687646 -0.9302536539366986 29.300037384033203 -0.2866361243487551 0.9251589649970191 0.2488385454546167 0 0.8969389122639331 0.3504184213670004 -0.26964331557346655 0 0 0 0 1 -0.33800721600326766 0.14534541900155457 -0.9298525856849477 29.300037384033203 -0.28130854527340393 0.9272329522137392 0.24719335485638536 0 0.8981183798842342 0.3451286158872604 -0.2725245203827762 0 0 0 0 1 -0.3316494415458102 0.15228557410226973 -0.9310304784714056 29.300037384033203 -0.283049168341011 0.9253572480208221 0.25218471769080836 0 0.8999398958951728 0.3471643234200093 -0.2637899094364926 0 0 0 0 1 -0.3248838695398759 0.1472239603066652 -0.9342245858595344 29.300037384033203 -0.2964874460634003 0.92215968617816 0.24842847565164444 0 0.8980788749545328 0.3576962659847302 -0.2559447511885755 0 0 0 0 1 -0.32700676041866683 0.14019584153657527 -0.9345649815054815 29.300037384033203 -0.30820107234611027 0.9190428818464507 0.24570771321242388 0 0.8933524935014159 0.3683820127845855 -0.2573247267784058 0 0 0 0 1 -0.3298857959845909 0.13470484147940234 -0.9343607265342563 29.300037384033203 -0.3213713462067006 0.9146240263609171 0.24532294682853745 0 0.8876349584400712 0.381205320116802 -0.2584311987159069 0 0 0 0 1 -0.33275244898673195 0.12916907188540028 -0.9341258793982733 29.300037384033203 -0.33445454501485916 0.9100153690866882 0.2449738462467417 0 0.8817119512699353 0.393938293257057 -0.25960865951173706 0 0 0 0 1 -0.33462577896426726 0.12718947547246728 -0.9337282395759464 29.300037384033203 -0.33900503865209924 0.9082656589018405 0.24521230929154866 0 0.8792617197518872 0.39859293795631157 -0.26081123056783784 0 0 0 0 1</float_array>
				<technique_common>
					<accessor source="#anim_LFoot_transform_output_array" count="56" stride="16">
						<param name="TRANSFORM" type="float4x4"/>
					</accessor>
				</technique_common>
			</source>
			<source id="anim_LFoot_transform_interpolation">
				<Name_array id="anim_LFoot_transform_interpolation_array" count="56">LINEAR LINEAR LINEAR LINEAR LINEAR LINEAR LINEAR LINEAR LINEAR LINEAR LINEAR LINEAR LINEAR LINEAR LINEAR LINEAR LINEAR LINEAR LINEAR LINEAR LINEAR LINEAR LINEAR LINEAR LINEAR LINEAR LINEAR LINEAR LINEAR LINEAR LINEAR LINEAR LINEAR LINEAR LINEAR LINEAR LINEAR LINEAR LINEAR LINEAR LINEAR LINEAR LINEAR LINEAR LINEAR LINEAR LINEAR LINEAR LINEAR LINEAR LINEAR LINEAR LINEAR LINEAR LINEAR LINEAR</Name_array>
				<technique_common>
					<accessor source="#anim_LFoot_transform_interpolation_array" count="56" stride="1">
						<param name="INTERPOLATION" type="Name"/>
					</accessor>
				</technique_common>
			</source>
			<sampler id="anim_LFoot_transform_sampler">
				<input semantic="INPUT" source="#anim_LFoot_transform_input"/>
				<input semantic="OUTPUT" source="#anim_LFoot_transform_output"/>
				<input semantic="INTERPOLATION" source="#anim_LFoot_transform_interpolation"/>
			</sampler>
			<channel source="#anim_LFoot_transform_sampler" target="LFoot_bone_id/transform"/>
		</animation>
		<animation id="anim_RThigh_transform" name="anim_RThigh_transform">
			<source id="anim_RThigh_transform_input">
				<float_array id="anim_RThigh_transform_input_array" count="56">0 0.03333333333333333 0.06666666666666667 0.1 0.13333333333333333 0.16666666666666666 0.2 0.23333333333333334 0.26666666666666666 0.3 0.3333333333333333 0.36666666666666664 0.4 0.43333333333333335 0.4666666666666667 0.5 0.5333333333333333 0.5666666666666667 0.6 0.6333333333333333 0.6666666666666666 0.7 0.7333333333333333 0.7666666666666667 0.8 0.8333333333333334 0.8666666666666667 0.9 0.9333333333333333 0.9666666666666667 1 1.0333333333333334 1.0666666666666667 1.1 1.1333333333333333 1.1666666666666667 1.2 1.2333333333333334 1.2666666666666666 1.3 1.3333333333333333 1.3666666666666667 1.4 1.4333333333333333 1.4666666666666666 1.5 1.5333333333333334 1.5666666666666667 1.6 1.6333333333333333 1.6666666666666667 1.7 1.7333333333333334 1.7666666666666666 1.8 1.8333333333333333</float_array>
				<technique_common>
					<accessor source="#anim_RThigh_transform_input_array" count="56" stride="1">
						<param name="TIME" type="float"/>
					</accessor>
				</technique_common>
			</source>
			<source id="anim_RThigh_transform_output">
				<float_array id="anim_RThigh_transform_output_array" count="896">0.6832218833078694 0.35448335088626104 -0.6383959681214285 7 -0.5017087813903524 0.8631117298507782 -0.057675302078142254 -6.849999904632568 0.5305621140310112 0.35969389171689475 0.7675442315700763 0 0 0 0 1 0.6761218371035151 0.35462620171342635 -0.6458324228854386 7 -0.4895727903841534 0.8712951645574314 -0.03410599850924248 -6.849999904632568 0.5506157864675163 0.3392417917609015 0.7627170264361558 0 0 0 0 1 0.6601930310130284 0.34811285783964074 -0.6655543554125002 7 -0.4802754634792149 0.8769384757477021 -0.01773101613337763 -6.849999904632568 0.5774778272640916 0.33135531980038413 0.7461387344578281 0 0 0 0 1 0.6600432846774869 0.33684693254183457 -0.6714737570369457 7 -0.46255272894396166 0.8865359932742156 -0.009945128244218643 -6.849999904632568 0.5919356682095177 0.3171562338445467 0.7409615968691596 0 0 0 0 1 0.6489097556393517 0.30132911000618673 -0.6986536312787305 7 -0.4623082091196264 0.8854461761112717 -0.04749935779071726 -6.849999904632568 0.604307247033064 0.35381610572839417 0.7138815829747347 0 0 0 0 1 0.611068127303737 0.2591594463692249 -0.747951953771832 7 -0.4655876817535813 0.8818323588613723 -0.074831821201369 -6.849999904632568 0.6401748623562391 0.3939645570639377 0.6595210939648448 0 0 0 0 1 0.5778375548716544 0.23219812224208697 -0.7824243044583908 7 -0.45817260900912166 0.8856476190161533 -0.07553909772292167 -6.849999904632568 0.6754121856568197 0.40213471245127225 0.6181472741248726 0 0 0 0 1 0.570465754251118 0.2314542621837033 -0.7880341031603267 7 -0.4354089312692668 0.8987746616706058 -0.051216892817145476 -6.849999904632568 0.6964107163144878 0.3723345700521046 0.6134974182068385 0 0 0 0 1 0.5711441069221619 0.25080240972703827 -0.7815961619680568 7 -0.4289527155800035 0.9030162809321042 -0.023688903902286562 -6.849999904632568 0.6998528251887154 0.34879757402634254 0.6233348020355605 0 0 0 0 1 0.5949120745675727 0.28148524188182583 -0.7528915473934057 7 -0.42859893064188476 0.9034944338921679 -0.0008744017977965757 -6.849999904632568 0.6799871911928488 0.32320870428966036 0.658144021689067 0 0 0 0 1 0.6175662297704447 0.31120076148184983 -0.7223337441240268 7 -0.429117602661616 0.9029770359805493 0.022148489287740714 -6.849999904632568 0.6591434099898638 0.2962879655755504 0.6911898483933598 0 0 0 0 1 0.6391799941158083 0.3340643514373154 -0.6927120211320728 7 -0.43575036818172697 0.8995085555260951 0.03171711154640816 -6.849999904632568 0.6336959458222884 0.28157657508060524 0.7205165373634888 0 0 0 0 1 0.6532310633211751 0.35487668193746486 -0.6688435680555973 7 -0.4423617895774454 0.8957929212818662 0.04325608978098125 -6.849999904632568 0.6144959113241739 0.2676146161896913 0.7421436465856979 0 0 0 0 1 0.6655495064910781 0.37791008833960366 -0.6436053290182078 7 -0.45037690914842304 0.8909892374551244 0.057435341428855965 -6.849999904632568 0.5951508162771817 0.2516389156515525 0.7631994247995182 0 0 0 0 1 0.6583066416012344 0.4019576881770016 -0.6364451135322702 7 -0.46235703590989274 0.8831216570292192 0.07951169870267086 -6.849999904632568 0.5940188018643198 0.2419217968711511 0.767212817430934 0 0 0 0 1 0.6187613249214797 0.4323548988668585 -0.6558991265486208 7 -0.46718171619924964 0.8737580444878728 0.13523358954731696 -6.849999904632568 0.6315660431265592 0.22274676455238807 0.7426359889278894 0 0 0 0 1 0.5841484094938154 0.4489804311727043 -0.6761562009697303 7 -0.4614351462472405 0.8690479655171208 0.17841871941682805 -6.849999904632568 0.6677186843975788 0.20777922430918264 0.7148283377509883 0 0 0 0 1 0.5313997314409697 0.46283990780826695 -0.7095023221699138 7 -0.45026378006677065 0.8637600032701975 0.22623259073495844 -6.849999904632568 0.717549199556691 0.19924325958662542 0.6674018802227399 0 0 0 0 1 0.5103759133507079 0.46802842884488827 -0.7214331686749761 7 -0.434162116460299 0.8643937617423385 0.2536270515770017 -6.849999904632568 0.7423070009788032 0.18377381329752795 0.6443659688747853 0 0 0 0 1 0.5154451478747936 0.4812030694793773 -0.709055643413095 7 -0.4198133468519266 0.8631469291842989 0.28059603070018474 -6.849999904632568 0.7470428724894687 0.15303916022816066 0.6469203676646323 0 0 0 0 1 0.5237143700508025 0.4944139028477058 -0.6937421360081787 7 -0.40623564701599235 0.8607396701791634 0.3067569384274184 -6.849999904632568 0.7487962724905813 0.12116976871631085 0.6516302858626559 0 0 0 0 1 0.5377341863421777 0.49893450600949757 -0.6796368909586755 7 -0.3816146038142226 0.8628360338670981 0.33148796783022144 -6.849999904632568 0.7518059849420128 0.0811069502173189 0.6543771264582949 0 0 0 0 1 0.551664825378934 0.5027683705164645 -0.665499726557306 7 -0.35695148187193754 0.8634518252591168 0.3564219199854681 -6.849999904632568 0.7538246215327925 0.040925677329991944 0.655799915298884 0 0 0 0 1 0.5604930646146383 0.5040591932579747 -0.6570934897037184 7 -0.35236610051791906 0.8631864908000569 0.36158984126504307 -6.849999904632568 0.7494569071832526 0.028868872378446042 0.6614234139209999 0 0 0 0 1 0.5692570411698312 0.5052180650090373 -0.6486147761707971 7 -0.347818135778966 0.862828360963526 0.3668102560456021 -6.849999904632568 0.7449623920050018 0.016790661259150297 0.6668951253328117 0 0 0 0 1 0.5688249858948178 0.505775156475325 -0.6485596553241042 7 -0.34052217720017225 0.8626275363620184 0.37405665392404025 -6.849999904632568 0.7486539803250998 0.008076174982952267 0.6629117536603419 0 0 0 0 1 0.568382469870562 0.5063420744106292 -0.6485052595202143 7 -0.33319408237905895 0.8623324824098231 0.3812668268397985 -6.849999904632568 0.7522785863039148 -0.0006272658550852406 0.6588448490548671 0 0 0 0 1 0.5607209284361058 0.5065617064170638 -0.6549712039514287 7 -0.35247170526689686 0.8618018436237528 0.36477565614079366 -6.849999904632568 0.7492367699198949 0.026321472575317056 0.6617789983683899 0 0 0 0 1 0.5433727464385663 0.505606300591228 -0.6701554500489139 7 -0.37614859536180734 0.8603035973953567 0.3440784133245609 -6.849999904632568 0.7505053581655156 0.06511519877156793 0.6576486282611638 0 0 0 0 1 0.5293519788578847 0.5039272865280767 -0.6825274883634295 7 -0.39016789629431897 0.8589630805631043 0.33158926238768277 -6.849999904632568 0.7533627912105211 0.09077288208485834 0.651310055731908 0 0 0 0 1 0.5297972610492263 0.5069207122723475 -0.6799604794795312 7 -0.4044425503694205 0.8556982009510052 0.32281079960232406 -6.849999904632568 0.7454804394720339 0.10398067300469363 0.6583668688551043 0 0 0 0 1 0.5433853642257659 0.5155827321855934 -0.6625004092204553 7 -0.426378692832791 0.8493094031679644 0.31124708510872273 -6.849999904632568 0.7231414496787142 0.1133489477785955 0.6813357907772444 0 0 0 0 1 0.5545663327412304 0.512676624650642 -0.6554531723370998 7 -0.4600389363758568 0.8452438213011723 0.27189530994550515 -6.849999904632568 0.6934121138313878 0.15074999532012157 0.7045949753602206 0 0 0 0 1 0.5458293561449469 0.4978047454430704 -0.6739886863922517 7 -0.49689023381180575 0.8399850947657352 0.21800260575013308 -6.849999904632568 0.6746631822716 0.21590617403344176 0.705842839803167 0 0 0 0 1 0.5471219850963027 0.46541786455370404 -0.6957325238757717 7 -0.5204115208947807 0.8401387938919409 0.1527699444189726 -6.849999904632568 0.6556137447798531 0.27848342563259454 0.7018672234145664 0 0 0 0 1 0.5227668502761963 0.43104806336012397 -0.7354674617723017 7 -0.5264278129753648 0.8418226353122042 0.11919902852787922 -6.849999904632568 0.6705136672568873 0.32485722671583334 0.6669926568353044 0 0 0 0 1 0.4511992998044111 0.37172885294410474 -0.8113179720336965 7 -0.5120100927664887 0.8524359610002237 0.1058234250951876 -6.849999904632568 0.7309342355925472 0.367655534818239 0.5749474332112927 0 0 0 0 1 0.37259647861215917 0.3005230403483205 -0.8779850604341857 7 -0.4781773413193204 0.873012508957137 0.09589363614521562 -6.849999904632568 0.7953101875209478 0.3841029307674787 0.468984695060754 0 0 0 0 1 0.29941655114012267 0.287318118400338 -0.909834066048444 7 -0.44365521741836916 0.8861478186371545 0.1338360623377431 -6.849999904632568 0.8447009985555921 0.3635798981840196 0.39279750594381835 0 0 0 0 1 0.2621975791052873 0.32156336345812664 -0.9098623152943655 7 -0.41235024850652513 0.8897720204070235 0.1956349259652025 -6.849999904632568 0.872479055374932 0.3238869478418357 0.36589280253889445 0 0 0 0 1 0.2861537077554863 0.3546979472233557 -0.8901153980093398 7 -0.38076741626072397 0.894557167565324 0.23405907090227754 -6.849999904632568 0.8792793812275598 0.2719500693014113 0.3910382712152831 0 0 0 0 1 0.34076778460597745 0.38736112497664826 -0.8566380074638059 7 -0.35269142675905113 0.8972992968319149 0.2654481670601925 -6.849999904632568 0.8714849823521912 0.21167269725162122 0.44238964134891823 0 0 0 0 1 0.39429161266473245 0.4060128464543011 -0.8244317392582122 7 -0.3366658350905046 0.8985602300958725 0.28150600059832814 -6.849999904632568 0.8550966259230929 0.16656254502176918 0.49098541620990466 0 0 0 0 1 0.44646090222444546 0.4220938846947418 -0.7889926585768945 7 -0.32135305798063357 0.8985598670205234 0.29886849533959736 -6.849999904632568 0.8351077025817866 0.12011210548217596 0.5368130095342408 0 0 0 0 1 0.4909235918912491 0.4249642159493705 -0.7605257668791578 7 -0.3349301296155821 0.8979340487491274 0.2855455346747502 -6.849999904632568 0.8042486152927362 0.1145419541457907 0.5831503284232805 0 0 0 0 1 0.5274228253467875 0.4270160494195035 -0.7344946949034912 7 -0.34659701727215647 0.8974478069202271 0.2728698251403395 -6.849999904632568 0.7756904478728979 0.11065589632837076 0.621336946983284 0 0 0 0 1 0.5640086852207861 0.4111265176070854 -0.716148859885842 7 -0.3842612685018849 0.8983012260105739 0.21306849808740402 -6.849999904632568 0.7309155084719728 0.1550157858676679 0.6646296905849052 0 0 0 0 1 0.60174330068664 0.3976122810328217 -0.6926828091201804 7 -0.41890851545596547 0.8955300592306811 0.15013849836991167 -6.849999904632568 0.680015187887173 0.19982589168115633 0.7054423840800917 0 0 0 0 1 0.6371608596733007 0.38721808163906996 -0.6663994268846118 7 -0.45006327384800165 0.8888315797077945 0.08614796832987646 -6.849999904632568 0.6256749063480165 0.24503179419394794 0.7406013309470187 0 0 0 0 1 0.6571066981453384 0.3753389859768396 -0.6537059223063602 7 -0.47641023994135606 0.8788468467088186 0.02571970662713166 -6.849999904632568 0.5841609970988741 0.2945316037980372 0.7563114859848455 0 0 0 0 1 0.6687388497394895 0.35585821405466017 -0.6528041684448194 7 -0.4945000820967265 0.8685468592106821 -0.03310622542046032 -6.849999904632568 0.555209887930173 0.34495113399594335 0.7568029436382218 0 0 0 0 1 0.6722298598318415 0.35384123442430365 -0.6503102308679664 7 -0.49556010504174935 0.8676443263900183 -0.04016845994336496 -6.849999904632568 0.5500247247546904 0.3492702445160428 0.7586060232124647 0 0 0 0 1 0.6750376764664849 0.3531127168808753 -0.647792825313569 7 -0.4978326155997558 0.8660146389552552 -0.04670473166933614 -6.849999904632568 0.5445060350407835 0.354019850138669 0.7603835371126595 0 0 0 0 1 0.6778271231799629 0.3524045131538498 -0.6452607613905974 7 -0.5000669401871072 0.8643481486143274 -0.053247848021199584 -6.849999904632568 0.5389651625230332 0.3587664102111327 0.7621044656021494 0 0 0 0 1 0.6805980897393988 0.35171665015456766 -0.6427142741896517 7 -0.5022629626712344 0.8626448786418144 -0.05979740530962585 -6.849999904632568 0.5334024339762573 0.36350957533069045 0.7637687032545295 0 0 0 0 1 0.6832218833078694 0.35448335088626104 -0.6383959681214285 7 -0.5017087813903524 0.8631117298507782 -0.057675302078142254 -6.849999904632568 0.5305621140310112 0.35969389171689475 0.7675442315700763 0 0 0 0 1</float_array>
				<technique_common>
					<accessor source="#anim_RThigh_transform_output_array" count="56" stride="16">
						<param name="TRANSFORM" type="float4x4"/>
					</accessor>
				</technique_common>
			</source>
			<source id="anim_RThigh_transform_interpolation">
				<Name_array id="anim_RThigh_transform_interpolation_array" count="56">LINEAR LINEAR LINEAR LINEAR LINEAR LINEAR LINEAR LINEAR LINEAR LINEAR LINEAR LINEAR LINEAR LINEAR LINEAR LINEAR LINEAR LINEAR LINEAR LINEAR LINEAR LINEAR LINEAR LINEAR LINEAR LINEAR LINEAR LINEAR LINEAR LINEAR LINEAR LINEAR LINEAR LINEAR LINEAR LINEAR LINEAR LINEAR LINEAR LINEAR LINEAR LINEAR LINEAR LINEAR LINEAR LINEAR LINEAR LINEAR LINEAR LINEAR LINEAR LINEAR LINEAR LINEAR LINEAR LINEAR</Name_array>
				<technique_common>
					<accessor source="#anim_RThigh_transform_interpolation_array" count="56" stride="1">
						<param name="INTERPOLATION" type="Name"/>
					</accessor>
				</technique_common>
			</source>
			<sampler id="anim_RThigh_transform_sampler">
				<input semantic="INPUT" source="#anim_RThigh_transform_input"/>
				<input semantic="OUTPUT" source="#anim_RThigh_transform_output"/>
				<input semantic="INTERPOLATION" source="#anim_RThigh_transform_interpolation"/>
			</sampler>
			<channel source="#anim_RThigh_transform_sampler" target="RThigh_bone_id/transform"/>
		</animation>
		<animation id="anim_RLeg_transform" name="anim_RLeg_transform">
			<source id="anim_RLeg_transform_input">
				<float_array id="anim_RLeg_transform_input_array" count="56">0 0.03333333333333333 0.06666666666666667 0.1 0.13333333333333333 0.16666666666666666 0.2 0.23333333333333334 0.26666666666666666 0.3 0.3333333333333333 0.36666666666666664 0.4 0.43333333333333335 0.4666666666666667 0.5 0.5333333333333333 0.5666666666666667 0.6 0.6333333333333333 0.6666666666666666 0.7 0.7333333333333333 0.7666666666666667 0.8 0.8333333333333334 0.8666666666666667 0.9 0.9333333333333333 0.9666666666666667 1 1.0333333333333334 1.0666666666666667 1.1 1.1333333333333333 1.1666666666666667 1.2 1.2333333333333334 1.2666666666666666 1.3 1.3333333333333333 1.3666666666666667 1.4 1.4333333333333333 1.4666666666666666 1.5 1.5333333333333334 1.5666666666666667 1.6 1.6333333333333333 1.6666666666666667 1.7 1.7333333333333334 1.7666666666666666 1.8 1.8333333333333333</float_array>
				<technique_common>
					<accessor source="#anim_RLeg_transform_input_array" count="56" stride="1">
						<param name="TIME" type="float"/>
					</accessor>
				</technique_common>
			</source>
			<source id="anim_RLeg_transform_output">
				<float_array id="anim_RLeg_transform_output_array" count="896">0.5556624966555351 0 0.831407956306973 29.299999237060547 0 1 0 0 -0.831407956306973 0 0.5556624966555351 0 0 0 0 1 0.5288202722521484 0 0.8487338332216785 29.299999237060547 0 1 0 0 -0.8487338332216785 0 0.5288202722521484 0 0 0 0 1 0.4824186267596058 0 0.8759407905534348 29.299999237060547 0 1 0 0 -0.8759407905534348 0 0.4824186267596058 0 0 0 0 1 0.46100153881214767 0 0.8873993358194674 29.299999237060547 0 1 0 0 -0.8873993358194674 0 0.46100153881214767 0 0 0 0 1 0.4639005380376836 0 0.8858872901268805 29.299999237060547 0 1 0 0 -0.8858872901268805 0 0.4639005380376836 0 0 0 0 1 0.4676848184737451 0 0.883895305208247 29.299999237060547 0 1 0 0 -0.883895305208247 0 0.4676848184737451 0 0 0 0 1 0.4652230003956247 0 0.8851935155110958 29.299999237060547 0 1 0 0 -0.8851935155110958 0 0.4652230003956247 0 0 0 0 1 0.462757578747484 0 0.8864848691950508 29.299999237060547 0 1 0 0 -0.8864848691950508 0 0.462757578747484 0 0 0 0 1 0.43041853521529205 0 0.9026294281393236 29.299999237060547 0 1 0 0 -0.9026294281393236 0 0.43041853521529205 0 0 0 0 1 0.397766303459831 0 0.9174867671154181 29.299999237060547 0 1 0 0 -0.9174867671154181 0 0.397766303459831 0 0 0 0 1 0.36460218276398915 0 0.9311633843336704 29.299999237060547 0 1 0 0 -0.9311633843336704 0 0.36460218276398915 0 0 0 0 1 0.33855933512267566 0 0.9409450444108263 29.299999237060547 0 1 0 0 -0.9409450444108263 0 0.33855933512267566 0 0 0 0 1 0.29606681271205837 0 0.9551672326930625 29.299999237060547 0 1 0 0 -0.9551672326930625 0 0.29606681271205837 0 0 0 0 1 0.2313999928758822 0 0.9728586964698632 29.299999237060547 0 1 0 0 -0.9728586964698632 0 0.2313999928758822 0 0 0 0 1 0.1547043355273009 0 0.987960813276041 29.299999237060547 0 1 0 0 -0.987960813276041 0 0.1547043355273009 0 0 0 0 1 0.051774241150801426 0 0.998658814587474 29.299999237060547 0 1 0 0 -0.998658814587474 0 0.051774241150801426 0 0 0 0 1 -0.021377354386772796 0 0.9997714782486159 29.299999237060547 0 1 0 0 -0.9997714782486159 0 -0.021377354386772796 0 0 0 0 1 -0.07077152931585995 0 0.9974925516705851 29.299999237060547 0 1 0 0 -0.9974925516705851 0 -0.07077152931585995 0 0 0 0 1 -0.0863528018579427 0 0.9962646202747959 29.299999237060547 0 1 0 0 -0.9962646202747959 0 -0.0863528018579427 0 0 0 0 1 -0.10191297980344127 0 0.9947933175024767 29.299999237060547 0 1 0 0 -0.9947933175024767 0 -0.10191297980344127 0 0 0 0 1 -0.10569881246132962 0 0.9943981903866604 29.299999237060547 0 1 0 0 -0.9943981903866604 0 -0.10569881246132962 0 0 0 0 1 -0.109483113685658 0 0.9939886557791761 29.299999237060547 0 1 0 0 -0.9939886557791761 0 -0.109483113685658 0 0 0 0 1 -0.11326582864699586 0 0.9935647196136292 29.299999237060547 0 1 0 0 -0.9935647196136292 0 -0.11326582864699586 0 0 0 0 1 -0.11704690253889205 0 0.9931263880322841 29.299999237060547 0 1 0 0 -0.9931263880322841 0 -0.11704690253889205 0 0 0 0 1 -0.1208262805786744 0 0.9926736673859761 29.299999237060547 0 1 0 0 -0.9926736673859761 0 -0.1208262805786744 0 0 0 0 1 -0.1246039080082415 0 0.9922065642340177 29.299999237060547 0 1 0 0 -0.9922065642340177 0 -0.1246039080082415 0 0 0 0 1 -0.12837973009485437 0 0.9917250853441051 29.299999237060547 0 1 0 0 -0.9917250853441051 0 -0.12837973009485437 0 0 0 0 1 -0.13215369213193195 0 0.9912292376922195 29.299999237060547 0 1 0 0 -0.9912292376922195 0 -0.13215369213193195 0 0 0 0 1 -0.13592573943984343 0 0.9907190284625264 29.299999237060547 0 1 0 0 -0.9907190284625264 0 -0.13592573943984343 0 0 0 0 1 -0.13465905673037382 0 0.9908919913090862 29.299999237060547 0 1 0 0 -0.9908919913090862 0 -0.13465905673037382 0 0 0 0 1 -0.11446476418128304 0 0.9934273087452968 29.299999237060547 0 1 0 0 -0.9934273087452968 0 -0.11446476418128304 0 0 0 0 1 -0.05151823135590994 0 0.9986720541989542 29.299999237060547 0 1 0 0 -0.9986720541989542 0 -0.05151823135590994 0 0 0 0 1 0.011633847535945763 0 0.9999323245057692 29.299999237060547 0 1 0 0 -0.9999323245057692 0 0.011633847535945763 0 0 0 0 1 0.07473951001294943 0 0.9972030914728576 29.299999237060547 0 1 0 0 -0.9972030914728576 0 0.07473951001294943 0 0 0 0 1 0.1387907437401733 0 0.9903217302735762 29.299999237060547 0 1 0 0 -0.9903217302735762 0 0.1387907437401733 0 0 0 0 1 0.17423875076882744 0 0.9847034364368383 29.299999237060547 0 1 0 0 -0.9847034364368383 0 0.17423875076882744 0 0 0 0 1 0.2094623162578455 0 0.9778167200799435 29.299999237060547 0 1 0 0 -0.9778167200799435 0 0.2094623162578455 0 0 0 0 1 0.2983245169198143 0 0.9544645004422948 29.299999237060547 0 1 0 0 -0.9544645004422948 0 0.2983245169198143 0 0 0 0 1 0.3092434974769491 0 0.9509828911543173 29.299999237060547 0 1 0 0 -0.9509828911543173 0 0.3092434974769491 0 0 0 0 1 0.2605135706335585 0 0.9654701857207989 29.299999237060547 0 1 0 0 -0.9654701857207989 0 0.2605135706335585 0 0 0 0 1 0.2742386679555969 0 0.9616616624353599 29.299999237060547 0 1 0 0 -0.9616616624353599 0 0.2742386679555969 0 0 0 0 1 0.3111042183416405 0 0.950375802159355 29.299999237060547 0 1 0 0 -0.950375802159355 0 0.3111042183416405 0 0 0 0 1 0.3629371007384644 0 0.9318136406533002 29.299999237060547 0 1 0 0 -0.9318136406533002 0 0.3629371007384644 0 0 0 0 1 0.39982055974856423 0 0.916593432227367 29.299999237060547 0 1 0 0 -0.916593432227367 0 0.39982055974856423 0 0 0 0 1 0.40567138684775905 0 0.9140189964617893 29.299999237060547 0 1 0 0 -0.9140189964617893 0 0.40567138684775905 0 0 0 0 1 0.40798643159634385 0 0.9129879909578668 29.299999237060547 0 1 0 0 -0.9129879909578668 0 0.40798643159634385 0 0 0 0 1 0.42179038189062035 0 0.9066933736079494 29.299999237060547 0 1 0 0 -0.9066933736079494 0 0.42179038189062035 0 0 0 0 1 0.44932624797944165 0 0.893367742240964 29.299999237060547 0 1 0 0 -0.893367742240964 0 0.44932624797944165 0 0 0 0 1 0.48284470164146065 0 0.8757059975224386 29.299999237060547 0 1 0 0 -0.8757059975224386 0 0.48284470164146065 0 0 0 0 1 0.5156700684486282 0 0.8567872434310557 29.299999237060547 0 1 0 0 -0.8567872434310557 0 0.5156700684486282 0 0 0 0 1 0.5425244351662664 0 0.8400400212177536 29.299999237060547 0 1 0 0 -0.8400400212177536 0 0.5425244351662664 0 0 0 0 1 0.5688353950524558 0 0.82245139268866 29.299999237060547 0 1 0 0 -0.82245139268866 0 0.5688353950524558 0 0 0 0 1 0.5657514956624441 0 0.8245757970955172 29.299999237060547 0 1 0 0 -0.8245757970955172 0 0.5657514956624441 0 0 0 0 1 0.5626596624396254 0 0.8266886380393327 29.299999237060547 0 1 0 0 -0.8266886380393327 0 0.5626596624396254 0 0 0 0 1 0.5595599387424142 0 0.8287898858906192 29.299999237060547 0 1 0 0 -0.8287898858906192 0 0.5595599387424142 0 0 0 0 1 0.5556624966555351 0 0.831407956306973 29.299999237060547 0 1 0 0 -0.831407956306973 0 0.5556624966555351 0 0 0 0 1</float_array>
				<technique_common>
					<accessor source="#anim_RLeg_transform_output_array" count="56" stride="16">
						<param name="TRANSFORM" type="float4x4"/>
					</accessor>
				</technique_common>
			</source>
			<source id="anim_RLeg_transform_interpolation">
				<Name_array id="anim_RLeg_transform_interpolation_array" count="56">LINEAR LINEAR LINEAR LINEAR LINEAR LINEAR LINEAR LINEAR LINEAR LINEAR LINEAR LINEAR LINEAR LINEAR LINEAR LINEAR LINEAR LINEAR LINEAR LINEAR LINEAR LINEAR LINEAR LINEAR LINEAR LINEAR LINEAR LINEAR LINEAR LINEAR LINEAR LINEAR LINEAR LINEAR LINEAR LINEAR LINEAR LINEAR LINEAR LINEAR LINEAR LINEAR LINEAR LINEAR LINEAR LINEAR LINEAR LINEAR LINEAR LINEAR LINEAR LINEAR LINEAR LINEAR LINEAR LINEAR</Name_array>
				<technique_common>
					<accessor source="#anim_RLeg_transform_interpolation_array" count="56" stride="1">
						<param name="INTERPOLATION" type="Name"/>
					</accessor>
				</technique_common>
			</source>
			<sampler id="anim_RLeg_transform_sampler">
				<input semantic="INPUT" source="#anim_RLeg_transform_input"/>
				<input semantic="OUTPUT" source="#anim_RLeg_transform_output"/>
				<input semantic="INTERPOLATION" source="#anim_RLeg_transform_interpolation"/>
			</sampler>
			<channel source="#anim_RLeg_transform_sampler" target="RLeg_bone_id/transform"/>
		</animation>
		<animation id="anim_RFoot_transform" name="anim_RFoot_transform">
			<source id="anim_RFoot_transform_input">
				<float_array id="anim_RFoot_transform_input_array" count="56">0 0.03333333333333333 0.06666666666666667 0.1 0.13333333333333333 0.16666666666666666 0.2 0.23333333333333334 0.26666666666666666 0.3 0.3333333333333333 0.36666666666666664 0.4 0.43333333333333335 0.4666666666666667 0.5 0.5333333333333333 0.5666666666666667 0.6 0.6333333333333333 0.6666666666666666 0.7 0.7333333333333333 0.7666666666666667 0.8 0.8333333333333334 0.8666666666666667 0.9 0.9333333333333333 0.9666666666666667 1 1.0333333333333334 1.0666666666666667 1.1 1.1333333333333333 1.1666666666666667 1.2 1.2333333333333334 1.2666666666666666 1.3 1.3333333333333333 1.3666666666666667 1.4 1.4333333333333333 1.4666666666666666 1.5 1.5333333333333334 1.5666666666666667 1.6 1.6333333333333333 1.6666666666666667 1.7 1.7333333333333334 1.7666666666666666 1.8 1.8333333333333333</float_array>
				<technique_common>
					<accessor source="#anim_RFoot_transform_input_array" count="56" stride="1">
						<param name="TIME" type="float"/>
					</accessor>
				</technique_common>
			</source>
			<source id="anim_RFoot_transform_output">
				<float_array id="anim_RFoot_transform_output_array" count="896">-0.31793519012413385 -0.02550944226374635 -0.9477692141213089 29.30001449584961 0.2977178301542315 0.9463894893617788 -0.12534363978203192 0 0.9001562689272274 -0.3220189478601285 -0.2932959064325118 0 0 0 0 1 -0.2764300848022627 -0.03289083041853566 -0.9604710310522607 29.30001449584961 0.2846410606651717 0.9517698762015605 -0.11451449401133584 0 0.9179138711227867 -0.30504474430752837 -0.25373574673414634 0 0 0 0 1 -0.19324458743597894 -0.04190878054666529 -0.9802551624652583 29.30001449584961 0.2791499125372218 0.9554488680232046 -0.09587902233355516 0 0.9406018582573393 -0.2921662449809499 -0.172936489893174 0 0 0 0 1 -0.14498797151490517 -0.041742068769673915 -0.9885525215236777 29.30001449584961 0.2713898562708874 0.9591136466536212 -0.08030291847784679 0 0.9514862237727146 -0.2799260839893639 -0.1277315680367208 0 0 0 0 1 -0.20631193428390882 -0.03227153491340755 -0.9779539528047143 29.30001449584961 0.2758127548119764 0.9570105905186701 -0.08976666373512421 0 0.9388091978964954 -0.28825210783173644 -0.18854180511361496 0 0 0 0 1 -0.26744307910831466 -0.033745542974348564 -0.9629825739682053 29.30001449584961 0.26858949580841673 0.9571658285144062 -0.1081353756441928 0 0.9253831002230611 -0.28756706183722885 -0.2469236780218922 0 0 0 0 1 -0.35745094983443604 -0.04963960358958194 -0.9326117778679018 29.30001449584961 0.2277567670228499 0.9638041603142242 -0.13859435643738366 0 0.9057348803804338 -0.26194932776486074 -0.3332069569288416 0 0 0 0 1 -0.4153100039774569 -0.07405184703984308 -0.9066608652336512 29.30001449584961 0.17442359186234058 0.9717057579519155 -0.15926183021971424 0 0.8928012159479202 -0.22428607605707745 -0.3906427330551976 0 0 0 0 1 -0.4572261000504121 -0.09415087370375574 -0.8843528178354553 29.30001449584961 0.1446026344909231 0.9732782523805245 -0.17838027228759548 0 0.8775160235180751 -0.2094398635024661 -0.43139375522264256 0 0 0 0 1 -0.4980187154600402 -0.09183661761468404 -0.8622896234541072 29.30001449584961 0.13679435189269817 0.9736060006397332 -0.1826982780667635 0 0.8563087435859734 -0.2089435119437741 -0.4723112792161688 0 0 0 0 1 -0.5377464046819793 -0.0895234343964563 -0.8383402405619502 29.30001449584961 0.12888684466756828 0.9739303071307853 -0.18667602450173493 0 0.833196846803469 -0.20843538938001288 -0.5121891280872324 0 0 0 0 1 -0.5476588939725155 -0.09541809222198555 -0.831243119387774 29.30001449584961 0.12899358342646683 0.9719698394476346 -0.19655860866148456 0 0.8266984887415724 -0.21487209888874859 -0.5199996056071041 0 0 0 0 1 -0.5575287991051634 -0.1011934266113737 -0.8239669462903251 29.30001449584961 0.1289751837492067 0.9699323484911979 -0.20638953783369887 0 0.8200774598446255 -0.22133939947735912 -0.5277137766761346 0 0 0 0 1 -0.48272742386735 -0.08432473077328556 -0.8717015395342637 29.30001449584961 0.1664863648468392 0.9683666354057215 -0.18587186380161896 0 0.8598002817901828 -0.23485186653083123 -0.4534182133753646 0 0 0 0 1 -0.3478808574280603 -0.07636308468914972 -0.9344236664018497 29.30001449584961 0.21004189179092791 0.9649947735964242 -0.1570588762995397 0 0.913707454674638 -0.25090589117903095 -0.3196637624812211 0 0 0 0 1 -0.17988052733080773 -0.07937934856093114 -0.9804804510591901 29.30001449584961 0.24682339727021874 0.9612097342037245 -0.12310181733830347 0 0.9522190958215334 -0.26414913570566056 -0.1533102333791656 0 0 0 0 1 -0.004890691907099232 -0.08622630749701725 -0.9962635720672014 29.30001449584961 0.26358499321432843 0.9609313593987228 -0.08446226303104375 0 0.9646237776899719 -0.26301320578927706 0.018028341453808716 0 0 0 0 1 0.1700452066913165 -0.09245322766092708 -0.9810897147439598 29.30001449584961 0.27466332356751083 0.9605822902818492 -0.042915291956668045 0 0.9463850624181239 -0.26217182207848727 0.18873592487888924 0 0 0 0 1 0.2517099076823849 -0.0917519278666051 -0.9634436704381252 29.30001449584961 0.28312171924547824 0.9589269824004997 -0.017353227819527417 0 0.9254643237132428 -0.26840384899817127 0.26734838577585807 0 0 0 0 1 0.2715810110845691 -0.11198605809268485 -0.9558780660791132 29.30001449584961 0.27546039715319703 0.9607007304611214 -0.034288133394378986 0 0.9221525492121608 -0.25399454577673436 0.2917557997661474 0 0 0 0 1 0.2768675928588704 -0.13171132626500862 -0.9518384645295899 29.30001449584961 0.2690468828711584 0.9615669235735261 -0.054798050208541144 0 0.92247390794637 -0.24091736762395752 0.3016632412729383 0 0 0 0 1 0.2820022864790114 -0.1583696704727542 -0.946252481050888 29.30001449584961 0.2558874717528276 0.9629705195268856 -0.08490806982887915 0 0.9246601063204553 -0.2181898851836886 0.3120847028980648 0 0 0 0 1 0.2872275043156387 -0.18481053970920758 -0.9398645781052722 29.30001449584961 0.24282289878229213 0.9632069965213576 -0.11519254176929264 0 0.9265729332284506 -0.19513417503014927 0.32153577272790124 0 0 0 0 1 0.28518327653236986 -0.19496037703178834 -0.93843537346686 29.30001449584961 0.24411269249366632 0.9615806963537522 -0.12558486279534556 0 0.9268654121013227 -0.19326928309344968 0.32181903620325103 0 0 0 0 1 0.2831022997629229 -0.2050884583741053 -0.9369054445944249 29.30001449584961 0.24538239335012405 0.9598445058536206 -0.13596325097754872 0 0.9271680370368196 -0.19140859130235452 0.32205928378629156 0 0 0 0 1 0.28331064053426736 -0.20781074100456287 -0.9362423708010645 29.30001449584961 0.23926534123029652 0.9606861926883916 -0.14083371636022485 0 0.9287018775936728 -0.1841106599331418 0.3218945284607524 0 0 0 0 1 0.28352303768374165 -0.21052942300380167 -0.9355704405079662 29.30001449584961 0.2331382979401455 0.9614659344331224 -0.14570446444160426 0 0.9301941846389686 -0.17680672774057302 0.3216802137053433 0 0 0 0 1 0.279715568986035 -0.19313955214031675 -0.9404553757972022 29.30001449584961 0.2460009761339242 0.9612731102197366 -0.12424784629775548 0 0.928031637503795 -0.19659888343404208 0.316395573332676 0 0 0 0 1 0.27701777769063496 -0.1673771366880818 -0.9461744262858941 29.30001449584961 0.2607759750458521 0.9608488203239293 -0.0936239035770171 0 0.9248010822237541 -0.22080407287052617 0.30982014092302057 0 0 0 0 1 0.2802200440140258 -0.15021857454213935 -0.9481092272493213 29.30001449584961 0.2682994188178738 0.9605735959891386 -0.0728957375330434 0 0.9216789835917757 -0.23395030786691207 0.30947553159209285 0 0 0 0 1 0.3012917821694785 -0.15322553364483935 -0.9411403709523855 29.30001449584961 0.278664985092971 0.9580644646908552 -0.06677055922904458 0 0.9119041002650848 -0.2421454466552681 0.3313555410489568 0 0 0 0 1 0.33184862740754517 -0.15793425070040878 -0.9300178820557318 29.30001449584961 0.2895544619445897 0.9553465458426345 -0.058916813513005456 0 0.8977943539896581 -0.2497393637419771 0.36276100692059643 0 0 0 0 1 0.3371084755279079 -0.14697556056887567 -0.9299226098567099 29.30001449584961 0.30435424989893445 0.9517150138459353 -0.04008769123668916 0 0.8909132204068513 -0.26951199790676467 0.36556383394504055 0 0 0 0 1 0.273835068449112 -0.11677156796622482 -0.9546615925039511 29.30001449584961 0.3150095610871644 0.9487407438673201 -0.025690024323775734 0 0.9087262138351367 -0.2936926996722824 0.29658264690986946 0 0 0 0 1 -0.006744237231010253 -0.07581760732129289 -0.9970988946359566 29.30001449584961 0.3138830124343942 0.9465658494727974 -0.07409822613903429 0 0.9494377124220853 -0.3134721407588173 0.017413994337957983 0 0 0 0 1 -0.2905357091961267 -0.05180506775038282 -0.9554607457333252 29.30001449584961 0.2957318058335979 0.9447850443393992 -0.14115211302349867 0 0.910017417800507 -0.3235698610006464 -0.2591733866578887 0 0 0 0 1 -0.4103081017257537 -0.03493522775232334 -0.9112775600880899 29.30001449584961 0.2775613957204871 0.9470734155664323 -0.16128117414325513 0 0.8686811459125289 -0.31911044387362997 -0.3788952247612407 0 0 0 0 1 -0.4706718306065254 -0.031582860458029216 -0.8817429051593165 29.30001449584961 0.2465748665365094 0.9548319101801723 -0.16582176725082262 0 0.8471533881570713 -0.2954632739055263 -0.44162494348374737 0 0 0 0 1 -0.5047096774378976 -0.05942048420590797 -0.8612417474537963 29.30001449584961 0.19209376006106932 0.9648873919526755 -0.17914326165492342 0 0.8416460828912196 -0.25585450339499494 -0.4755737001205671 0 0 0 0 1 -0.5250853607223278 -0.09096578574644422 -0.8461740895221471 29.30001449584961 0.13998165861925355 0.9714980218784958 -0.1913027149215934 0 0.8394584559138739 -0.21889910760371245 -0.4973858476927071 0 0 0 0 1 -0.5149384563082773 -0.1258224864748948 -0.8479428566313444 29.30001449584961 0.08192599797106681 0.9774181574166211 -0.19478674597811357 0 0.8533032972345146 -0.16977175103524234 -0.4930020643761388 0 0 0 0 1 -0.5041833945600231 -0.15367137249590443 -0.8498142231836072 29.30001449584961 0.029796700404793715 0.9803593290450519 -0.19495574523291873 0 0.8630824185991277 -0.1236151092284464 -0.48970199455946717 0 0 0 0 1 -0.47734699252194046 -0.1820565266347978 -0.8596483407998478 29.30001449584961 -0.021243522251399694 0.9804068059644098 -0.19583464346488483 0 0.8784580590401639 -0.07521911943340892 -0.4718617621497314 0 0 0 0 1 -0.40926011363157544 -0.1850111347183622 -0.8934635076042526 29.30001449584961 -0.02510357740168523 0.9811388606498387 -0.19166728078723816 0 0.9120723489898749 -0.05601264279571558 -0.40618544293848347 0 0 0 0 1 -0.3150567236472075 -0.19921253082725598 -0.9279297540471944 29.30001449584961 -0.01573009103841387 0.9786841424485826 -0.20476795050887653 0 0.9489424772453862 -0.049917100086864785 -0.3114746506512327 0 0 0 0 1 -0.27395099139461876 -0.18952909657550593 -0.9428836491663104 29.30001449584961 0.023488678226926893 0.9787788178991638 -0.20356892598593607 0 0.9614567781804115 -0.07791499973168307 -0.2636856395554268 0 0 0 0 1 -0.294398147637416 -0.15506546745529717 -0.943018786382609 29.30001449584961 0.07676831412899726 0.9797228396381268 -0.18506697014107318 0 0.9525945394623309 -0.12687733562096679 -0.27652447467136576 0 0 0 0 1 -0.315025691926474 -0.1195620028498211 -0.9415220342088582 29.30001449584961 0.12970120702079044 0.9773026377753897 -0.16750268981307548 0 0.9401789246327514 -0.1748841950314684 -0.2923681036033152 0 0 0 0 1 -0.3353375102822129 -0.090012839258298 -0.9377880586605837 29.30001449584961 0.17901566109921807 0.9712008964863362 -0.1572329855512088 0 0.9249335907398629 -0.2206048672010582 -0.30956638268433934 0 0 0 0 1 -0.3400240425993979 -0.06192146202900803 -0.9383759283967988 29.30001449584961 0.2294768327045034 0.9622034382492018 -0.14664558184044874 0 0.9119890535013419 -0.26519855950137533 -0.31296276189368477 0 0 0 0 1 -0.3343710878856134 -0.03529145685719354 -0.9417804885742163 29.30001449584961 0.2804577775207898 0.9502991649057351 -0.1351848076063349 0 0.8997440806219799 -0.3093315539229056 -0.3078548020306813 0 0 0 0 1 -0.331189347905372 -0.03010521587608231 -0.9430839261757508 29.30001449584961 0.28760249962088413 0.9487092660053523 -0.13128416053509645 0 0.8986647973776617 -0.314713210038346 -0.3055440678225092 0 0 0 0 1 -0.32798856805573595 -0.024929989744533365 -0.9443526856191421 29.30001449584961 0.2947275667499011 0.947055358670491 -0.1273648656859117 0 0.8975294761858418 -0.32010098910319723 -0.3032757757433395 0 0 0 0 1 -0.3236554177072066 -0.019966871597157432 -0.9459643199547206 29.30001449584961 0.3019660571138359 0.9453154440373622 -0.12326885906654711 0 0.896695974642408 -0.32554574993857205 -0.2999271474158942 0 0 0 0 1 -0.31992222210484456 -0.023795783124857167 -0.9471449374351177 29.30001449584961 0.300799581308119 0.9454130031630883 -0.1253549573611297 0 0.8984260591102413 -0.3250046371294186 -0.29530086717789383 0 0 0 0 1 -0.31793519012413385 -0.02550944226374635 -0.9477692141213089 29.30001449584961 0.2977178301542315 0.9463894893617788 -0.12534363978203192 0 0.9001562689272274 -0.3220189478601285 -0.2932959064325118 0 0 0 0 1</float_array>
				<technique_common>
					<accessor source="#anim_RFoot_transform_output_array" count="56" stride="16">
						<param name="TRANSFORM" type="float4x4"/>
					</accessor>
				</technique_common>
			</source>
			<source id="anim_RFoot_transform_interpolation">
				<Name_array id="anim_RFoot_transform_interpolation_array" count="56">LINEAR LINEAR LINEAR LINEAR LINEAR LINEAR LINEAR LINEAR LINEAR LINEAR LINEAR LINEAR LINEAR LINEAR LINEAR LINEAR LINEAR LINEAR LINEAR LINEAR LINEAR LINEAR LINEAR LINEAR LINEAR LINEAR LINEAR LINEAR LINEAR LINEAR LINEAR LINEAR LINEAR LINEAR LINEAR LINEAR LINEAR LINEAR LINEAR LINEAR LINEAR LINEAR LINEAR LINEAR LINEAR LINEAR LINEAR LINEAR LINEAR LINEAR LINEAR LINEAR LINEAR LINEAR LINEAR LINEAR</Name_array>
				<technique_common>
					<accessor source="#anim_RFoot_transform_interpolation_array" count="56" stride="1">
						<param name="INTERPOLATION" type="Name"/>
					</accessor>
				</technique_common>
			</source>
			<sampler id="anim_RFoot_transform_sampler">
				<input semantic="INPUT" source="#anim_RFoot_transform_input"/>
				<input semantic="OUTPUT" source="#anim_RFoot_transform_output"/>
				<input semantic="INTERPOLATION" source="#anim_RFoot_transform_interpolation"/>
			</sampler>
			<channel source="#anim_RFoot_transform_sampler" target="RFoot_bone_id/transform"/>
		</animation>
	</library_animations>
</COLLADA>