<?xml version="1.0" encoding="utf-8"?>
<COLLADA xmlns:xsi="http://www.w3.org/2001/XMLSchema-instance" xmlns:xsd="http://www.w3.org/2001/XMLSchema" version="1.4.1" xmlns="http://www.collada.org/2005/11/COLLADASchema">
  <asset>
    <created>2026-02-17T05:46:48.9335704-05:00</created>
    <modified>2026-02-17T05:46:48.9335706-05:00</modified>
    <up_axis>Y_UP</up_axis>
  </asset>
  <library_animations>
    <animation id="Motion_23_Waist_transform_id" name="Motion_23_Waist_transform">
      <source id="Motion_23_Waist_transform_frame_id" name="Motion_23_Waist_transform_frame">
        <float_array id="Motion_23_Waist_transform_frame_array_id" count="61">0 0.033333335 0.06666667 0.1 0.13333334 0.16666667 0.2 0.23333333 0.26666668 0.3 0.33333334 0.36666667 0.4 0.43333334 0.46666667 0.5 0.53333336 0.56666666 0.6 0.6333333 0.6666667 0.7 0.73333335 0.76666665 0.8 0.8333333 0.8666667 0.9 0.93333334 0.96666664 1 1.0333333 1.0666667 1.1 1.1333333 1.1666666 1.2 1.2333333 1.2666667 1.3 1.3333334 1.3666667 1.4 1.4333333 1.4666667 1.5 1.5333333 1.5666667 1.6 1.6333333 1.6666666 1.7 1.7333333 1.7666667 1.8 1.8333334 1.8666667 1.9 1.9333333 1.9666667 2</float_array>
        <technique_common>
          <accessor source="#Motion_23_Waist_transform_frame_array_id" count="61" stride="1">
            <param name="TIME" type="float" />
          </accessor>
        </technique_common>
      </source>
      <source id="Motion_23_Waist_transform_interp_id" name="Motion_23_Waist_transform_interp">
        <Name_array id="Motion_23_Waist_transform_interp_array_id" count="61">LINEAR LINEAR LINEAR LINEAR LINEAR LINEAR LINEAR LINEAR LINEAR LINEAR LINEAR LINEAR LINEAR LINEAR LINEAR LINEAR LINEAR LINEAR LINEAR LINEAR LINEAR LINEAR LINEAR LINEAR LINEAR LINEAR LINEAR LINEAR LINEAR LINEAR LINEAR LINEAR LINEAR LINEAR LINEAR LINEAR LINEAR LINEAR LINEAR LINEAR LINEAR LINEAR LINEAR LINEAR LINEAR LINEAR LINEAR LINEAR LINEAR LINEAR LINEAR LINEAR LINEAR LINEAR LINEAR LINEAR LINEAR LINEAR LINEAR LINEAR LINEAR</Name_array>
        <technique_common>
          <accessor source="#Motion_23_Waist_transform_interp_array_id" count="61" stride="1">
            <param name="INTERPOLATION" type="Name" />
          </accessor>
        </technique_common>
      </source>
      <source id="Motion_23_Waist_transform_pose_id" name="Motion_23_Waist_transform_pose">
        <float_array id="Motion_23_Waist_transform_pose_array_id" count="976">0.004024148 -0.99857754 0.053166904 5.2282047 0.997359 0.007863462 0.0722023 89.46017 -0.07251767 0.05273594 0.9959719 -1.8971783 0 0 0 1 0.00422889 -0.998566 0.053368032 5.1837387 0.9973902 0.008058488 0.07174859 89.44317 -0.07207577 0.052925337 0.995994 -1.9091152 0 0 0 1 0.0044136643 -0.99855506 0.053556614 5.1437173 0.997419 0.008234143 0.07132659 89.42793 -0.07166452 0.053103574 0.9960142 -1.9230883 0 0 0 1 0.004577279 -0.9985449 0.053731427 5.1083283 0.9974454 0.008389354 0.07093709 89.414406 -0.07128464 0.053269476 0.99603254 -1.938597 0 0 0 1 0.0047189593 -0.99853563 0.053891312 5.077756 0.99746966 0.008523226 0.07058091 89.40251 -0.07093687 0.053421877 0.9960492 -1.95514 0 0 0 1 0.004838705 -0.9985274 0.054035075 5.0521884 0.9974915 0.0086357 0.07025879 89.3922 -0.07062195 0.05355956 0.9960642 -1.9722164 0 0 0 1 0.004935086 -0.99852 0.054161508 5.0318108 0.9975108 0.008725464 0.06997156 89.38339 -0.07034059 0.053681374 0.99607754 -1.9893249 0 0 0 1 0.0050079226 -0.9985137 0.054269426 5.01681 0.99752784 0.008792281 0.06971999 89.376045 -0.07009352 0.053786114 0.99608934 -2.005965 0 0 0 1 0.0050559044 -0.99850875 0.054357637 5.007372 0.99754256 0.008834779 0.069504894 89.3701 -0.069881484 0.053872637 0.99609953 -2.021635 0 0 0 1 0.005078852 -0.99850506 0.054424938 5.0036826 0.99755484 0.00885278 0.06932702 89.36548 -0.06970519 0.053939745 0.9961083 -2.0358343 0 0 0 1 0.005075991 -0.99850255 0.05447013 5.0059285 0.9975645 0.008845508 0.06918717 89.362144 -0.06956538 0.053986274 0.9961155 -2.0480616 0 0 0 1 0.0050465465 -0.9985014 0.05449201 5.014295 0.9975717 0.008812189 0.06908612 89.36001 -0.06946278 0.054011047 0.99612135 -2.057816 0 0 0 1 0.004989743 -0.99850196 0.054489397 5.0289702 0.99757665 0.008751869 0.06902467 89.35902 -0.06939815 0.054012924 0.99612576 -2.0645964 0 0 0 1 0.0049049854 -0.99850386 0.054461047 5.050139 0.9975788 0.008664072 0.06900355 89.35912 -0.06937217 0.053990714 0.99612874 -2.067902 0 0 0 1 0.004791498 -0.9985075 0.05440577 5.0779877 0.9975785 0.008547962 0.06902357 89.360245 -0.06938561 0.053943288 0.9961304 -2.0672317 0 0 0 1 0.004648626 -0.9985127 0.05432235 5.1114364 0.99757546 0.008402705 0.06908549 89.362335 -0.069439195 0.053869486 0.99613065 -2.062084 0 0 0 1 0.004475832 -0.99851954 0.05420957 5.1488695 0.99756956 0.008227885 0.06919006 89.36534 -0.06953366 0.053768136 0.9961295 -2.0519583 0 0 0 1 0.004272163 -0.99852824 0.054066215 5.189671 0.997561 0.008022368 0.06933805 89.36917 -0.06966974 0.053638123 0.99612707 -2.0375266 0 0 0 1 0.004036784 -0.99853814 0.053901576 5.233224 0.99755025 0.007785499 0.069519654 89.373795 -0.069837674 0.053488884 0.9961233 -2.019983 0 0 0 1 0.003785193 -0.9985485 0.0537274 5.278913 0.997538 0.007532835 0.06972294 89.37913 -0.07002646 0.0533312 0.9961185 -1.9996098 0 0 0 1 0.003534019 -0.9985591 0.05354593 5.3261213 0.99752426 0.007281065 0.06994568 89.385124 -0.07023477 0.053166166 0.99611264 -1.9766899 0 0 0 1 0.0032845736 -0.99856997 0.053358726 5.374233 0.9975091 0.0070314407 0.07018589 89.391716 -0.070460714 0.052995287 0.9961058 -1.9515057 0 0 0 1 0.0030389428 -0.998581 0.053167395 5.4226303 0.99749285 0.006786108 0.07044158 89.39885 -0.070702426 0.052820027 0.996098 -1.9243393 0 0 0 1 0.0027987957 -0.998592 0.052973542 5.470699 0.9974754 0.0065467358 0.07071077 89.40645 -0.07095802 0.0526419 0.9960892 -1.8954734 0 0 0 1 0.002565682 -0.9986029 0.052778743 5.5178213 0.99745697 0.0063148737 0.070991494 89.41446 -0.071225606 0.052462384 0.9960796 -1.8651905 0 0 0 1 0.0023418665 -0.99861366 0.05258462 5.563381 0.99743754 0.006092608 0.07128176 89.42282 -0.07150332 0.052282948 0.99606913 -1.833773 0 0 0 1 0.0021284819 -0.99862427 0.05239274 5.6067624 0.9974175 0.005881369 0.07157959 89.43148 -0.07178926 0.052105084 0.9960579 -1.8015034 0 0 0 1 0.001927197 -0.9986346 0.052204717 5.6473494 0.99739695 0.0056825876 0.07188304 89.44036 -0.07208155 0.051930282 0.99604595 -1.7686642 0 0 0 1 0.0017402172 -0.99864453 0.05202216 5.684525 0.9973759 0.005498588 0.07219012 89.44941 -0.072378315 0.051760007 0.99603325 -1.7355378 0 0 0 1 0.0015690923 -0.9986538 0.05184665 5.7176733 0.9973542 0.00533092 0.072498836 89.458565 -0.07267763 0.05159572 0.99602 -1.7024065 0 0 0 1 0.0014154315 -0.99866277 0.051679824 5.746177 0.99733263 0.005181253 0.07280727 89.46777 -0.07297767 0.051438916 0.9960062 -1.6695532 0 0 0 1 0.0012811422 -0.998671 0.05152326 5.7694216 0.9973108 0.005051434 0.07311341 89.47696 -0.073276505 0.05129104 0.9959919 -1.6372598 0 0 0 1 0.001167655 -0.99867857 0.051378585 5.7867894 0.9972892 0.004943013 0.073415324 89.48606 -0.07357227 0.05115359 0.9959771 -1.6058093 0 0 0 1 0.0010766983 -0.9986854 0.05124741 5.7976646 0.9972678 0.0048576593 0.073711045 89.495026 -0.07386308 0.051028028 0.995962 -1.5754838 0 0 0 1 0.0010102391 -0.9986914 0.051131338 5.8040233 0.9972468 0.004797399 0.07399858 89.50379 -0.074147046 0.0509158 0.9959467 -1.546566 0 0 0 1 0.0009698272 -0.99869657 0.051031977 5.8082533 0.99722636 0.004763782 0.074276 89.51229 -0.0744223 0.050818395 0.99593115 -1.5193383 0 0 0 1 0.0009575486 -0.9987007 0.050950937 5.8103576 0.9972065 0.0047590137 0.0745413 89.52047 -0.07468692 0.050737232 0.9959155 -1.4940828 0 0 0 1 0.00097489357 -0.998704 0.050885983 5.8103375 0.9971879 0.0047840476 0.074788705 89.52826 -0.07493522 0.050669983 0.9959002 -1.4710826 0 0 0 1 0.0010130405 -0.9987066 0.050834265 5.808195 0.9971709 0.0048295856 0.075012445 89.53561 -0.07516092 0.050614465 0.995886 -1.4506198 0 0 0 1 0.0010613203 -0.9987085 0.05079666 5.803932 0.9971558 0.004885018 0.07521056 89.54245 -0.075361565 0.050572354 0.99587303 -1.4329767 0 0 0 1 0.0011190176 -0.99870956 0.050774503 5.7975516 0.99714255 0.0049496293 0.07538096 89.54871 -0.075535 0.050545063 0.9958613 -1.4184363 0 0 0 1 0.0011867285 -0.99870974 0.050769176 5.7890544 0.9971315 0.0050239563 0.07552153 89.55435 -0.075679146 0.050533924 0.99585086 -1.4072804 0 0 0 1 0.00126338 -0.99870896 0.050781984 5.778443 0.9971229 0.0051069856 0.07563014 89.5593 -0.07579185 0.050540328 0.995842 -1.399792 0 0 0 1 0.0013492703 -0.9987072 0.05081431 5.7657194 0.9971167 0.0051989555 0.075704716 89.56349 -0.07587103 0.050565653 0.99583465 -1.3962532 0 0 0 1 0.0014442801 -0.99870443 0.050867513 5.7508855 0.99711335 0.0052998066 0.07574313 89.56688 -0.07591459 0.050611276 0.99582905 -1.3969469 0 0 0 1 0.0015481114 -0.9987005 0.050938476 5.733944 0.9971123 0.005409181 0.07574766 89.56938 -0.07592476 0.05067412 0.99582505 -1.404424 0 0 0 1 0.0016599298 -0.9986962 0.051022764 5.7148957 0.9971137 0.005525887 0.07572209 89.570946 -0.07590531 0.05074979 0.99582267 -1.4203007 0 0 0 1 0.001780808 -0.99869096 0.051119577 5.693744 0.99711716 0.0056511164 0.07566635 89.57151 -0.07585618 0.05083746 0.99582195 -1.4434564 0 0 0 1 0.001909554 -0.9986851 0.051228154 5.6704893 0.9971229 0.0057834983 0.07558049 89.571014 -0.0757774 0.050936446 0.9958229 -1.4727708 0 0 0 1 0.0020463467 -0.99867874 0.051347747 5.6451354 0.99713093 0.005923271 0.07546453 89.569405 -0.075668976 0.051045995 0.9958255 -1.5071232 0 0 0 1 0.002190888 -0.9986717 0.051477537 5.617683 0.99714106 0.0060698986 0.07531845 89.56661 -0.07553087 0.05116535 0.9958299 -1.5453933 0 0 0 1 0.0023434162 -0.9986642 0.05161678 5.5881343 0.99715334 0.0062236786 0.07514224 89.56257 -0.07536311 0.051293768 0.995836 -1.5864605 0 0 0 1 0.002502799 -0.9986562 0.051764693 5.5564914 0.997168 0.0063833 0.07493594 89.55723 -0.075165674 0.05143054 0.9958439 -1.6292043 0 0 0 1 0.0026698112 -0.99864763 0.051920503 5.5227566 0.9971846 0.006549597 0.07469954 89.550514 -0.07493858 0.051574893 0.99585354 -1.6725042 0 0 0 1 0.0028436184 -0.99863863 0.052083425 5.4869323 0.99720335 0.006721556 0.07443305 89.542366 -0.07468181 0.05172611 0.995865 -1.7152401 0 0 0 1 0.003024459 -0.9986294 0.0522527 5.449019 0.9972243 0.006899357 0.07413646 89.53274 -0.07439536 0.051883426 0.9958782 -1.7562909 0 0 0 1 0.0032117367 -0.99861956 0.052427527 5.4090204 0.9972472 0.0070822835 0.073809795 89.52155 -0.074079216 0.052046143 0.9958933 -1.7945364 0 0 0 1 0.0034057498 -0.9986095 0.052607138 5.3669376 0.9972722 0.007270694 0.07345303 89.508766 -0.07373338 0.05221347 0.9959102 -1.8288562 0 0 0 1 0.0036059022 -0.9985991 0.052790754 5.322773 0.99729913 0.007463813 0.07306619 89.4943 -0.07335784 0.052384708 0.99592894 -1.8581299 0 0 0 1 0.0038120747 -0.9985884 0.052977603 5.2765274 0.9973281 0.007661462 0.07264928 89.478096 -0.07295261 0.05255911 0.9959495 -1.8812366 0 0 0 1 0.0038120747 -0.9985884 0.052977603 5.2765274 0.9973281 0.007661462 0.07264928 89.478096 -0.07295261 0.05255911 0.9959495 -1.8812366 0 0 0 1</float_array>
        <technique_common>
          <accessor source="#Motion_23_Waist_transform_pose_array_id" count="61" stride="16">
            <param name="TRANSFORM" type="float4x4" />
          </accessor>
        </technique_common>
      </source>
      <sampler id="Motion_23_Waist_transform_samp_id">
        <input semantic="INPUT" source="#Motion_23_Waist_transform_frame_id" />
        <input semantic="INTERPOLATION" source="#Motion_23_Waist_transform_interp_id" />
        <input semantic="OUTPUT" source="#Motion_23_Waist_transform_pose_id" />
      </sampler>
      <channel source="#Motion_23_Waist_transform_samp_id" target="Waist_bone_id/transform" />
    </animation>
    <animation id="Motion_23_Hips_transform_id" name="Motion_23_Hips_transform">
      <source id="Motion_23_Hips_transform_frame_id" name="Motion_23_Hips_transform_frame">
        <float_array id="Motion_23_Hips_transform_frame_array_id" count="61">0 0.033333335 0.06666667 0.1 0.13333334 0.16666667 0.2 0.23333333 0.26666668 0.3 0.33333334 0.36666667 0.4 0.43333334 0.46666667 0.5 0.53333336 0.56666666 0.6 0.6333333 0.6666667 0.7 0.73333335 0.76666665 0.8 0.8333333 0.8666667 0.9 0.93333334 0.96666664 1 1.0333333 1.0666667 1.1 1.1333333 1.1666666 1.2 1.2333333 1.2666667 1.3 1.3333334 1.3666667 1.4 1.4333333 1.4666667 1.5 1.5333333 1.5666667 1.6 1.6333333 1.6666666 1.7 1.7333333 1.7666667 1.8 1.8333334 1.8666667 1.9 1.9333333 1.9666667 2</float_array>
        <technique_common>
          <accessor source="#Motion_23_Hips_transform_frame_array_id" count="61" stride="1">
            <param name="TIME" type="float" />
          </accessor>
        </technique_common>
      </source>
      <source id="Motion_23_Hips_transform_interp_id" name="Motion_23_Hips_transform_interp">
        <Name_array id="Motion_23_Hips_transform_interp_array_id" count="61">LINEAR LINEAR LINEAR LINEAR LINEAR LINEAR LINEAR LINEAR LINEAR LINEAR LINEAR LINEAR LINEAR LINEAR LINEAR LINEAR LINEAR LINEAR LINEAR LINEAR LINEAR LINEAR LINEAR LINEAR LINEAR LINEAR LINEAR LINEAR LINEAR LINEAR LINEAR LINEAR LINEAR LINEAR LINEAR LINEAR LINEAR LINEAR LINEAR LINEAR LINEAR LINEAR LINEAR LINEAR LINEAR LINEAR LINEAR LINEAR LINEAR LINEAR LINEAR LINEAR LINEAR LINEAR LINEAR LINEAR LINEAR LINEAR LINEAR LINEAR LINEAR</Name_array>
        <technique_common>
          <accessor source="#Motion_23_Hips_transform_interp_array_id" count="61" stride="1">
            <param name="INTERPOLATION" type="Name" />
          </accessor>
        </technique_common>
      </source>
      <source id="Motion_23_Hips_transform_pose_id" name="Motion_23_Hips_transform_pose">
        <float_array id="Motion_23_Hips_transform_pose_array_id" count="976">-1 -1.509958E-07 -1.6472631E-14 -0.010002 1.509958E-07 -1 -2.1818661E-07 0 1.6472631E-14 -2.1818661E-07 1 0 0 0 0 1 -1 -0.00029793574 -2.1100756E-07 -0.010002 0.00029793574 -0.99999905 -0.0014164629 0 2.1100756E-07 -0.0014164629 0.999999 0 0 0 0 1 -0.9999999 -0.000651033 -9.3656104E-07 -0.010002 0.000651033 -0.9999957 -0.0028771476 0 9.3656104E-07 -0.0028771476 0.9999959 0 0 0 0 1 -0.99999976 -0.0010491902 -2.2900488E-06 -0.010002 0.0010491902 -0.9999902 -0.004365343 0 2.2900488E-06 -0.004365343 0.99999046 0 0 0 0 1 -0.99999857 -0.001483346 -4.349282E-06 -0.010002 0.001483346 -0.9999814 -0.0058640954 0 4.349282E-06 -0.0058640954 0.99998283 0 0 0 0 1 -0.9999982 -0.0019439633 -7.1504173E-06 -0.010002 0.0019439633 -0.99997115 -0.007356429 0 7.1504173E-06 -0.007356429 0.99997294 0 0 0 0 1 -0.99999726 -0.0024215044 -1.068552E-05 -0.010002 0.0024215044 -0.9999583 -0.0088253375 0 1.068552E-05 -0.0088253375 0.9999611 0 0 0 0 1 -0.9999958 -0.0029066696 -1.4902604E-05 -0.010002 0.0029066696 -0.99994326 -0.010253784 0 1.4902604E-05 -0.010253784 0.9999474 0 0 0 0 1 -0.9999944 -0.0033908763 -1.970971E-05 -0.010002 0.0033908763 -0.9999268 -0.011624717 0 1.970971E-05 -0.011624717 0.9999324 0 0 0 0 1 -0.9999924 -0.0038636336 -2.4962219E-05 -0.010002 0.0038636336 -0.9999089 -0.01292104 0 2.4962219E-05 -0.01292104 0.9999165 0 0 0 0 1 -0.9999906 -0.004316598 -3.0489056E-05 -0.010002 0.004316598 -0.9998908 -0.014125656 0 3.0489056E-05 -0.014125656 0.9999002 0 0 0 0 1 -0.9999888 -0.004741188 -3.6086134E-05 -0.010002 0.004741188 -0.9998729 -0.015221435 0 3.6086134E-05 -0.015221435 0.9998841 0 0 0 0 1 -0.9999869 -0.005127867 -4.1516243E-05 -0.010002 0.005127867 -0.99985576 -0.016191235 0 4.1516243E-05 -0.016191235 0.9998689 0 0 0 0 1 -0.99998486 -0.005467102 -4.652301E-05 -0.010002 0.005467102 -0.99984 -0.017017897 0 4.652301E-05 -0.017017897 0.99985516 0 0 0 0 1 -0.99998355 -0.005750789 -5.085366E-05 -0.010002 0.005750789 -0.99982715 -0.017684275 0 5.085366E-05 -0.017684275 0.9998436 0 0 0 0 1 -0.999982 -0.0059691546 -5.424431E-05 -0.010002 0.0059691546 -0.9998169 -0.018173207 0 5.424431E-05 -0.018173207 0.99983484 0 0 0 0 1 -0.9999813 -0.00611362 -5.6457142E-05 -0.010002 0.00611362 -0.9998107 -0.018467553 0 5.6457142E-05 -0.018467553 0.9998295 0 0 0 0 1 -0.9999808 -0.0061746486 -5.72759E-05 -0.010002 0.0061746486 -0.9998088 -0.018550182 0 5.72759E-05 -0.018550182 0.9998279 0 0 0 0 1 -0.99998105 -0.0061436608 -5.6539262E-05 -0.010002 0.0061436608 -0.99981165 -0.018403992 0 5.6539262E-05 -0.018403992 0.9998306 0 0 0 0 1 -0.999982 -0.006010642 -5.4136483E-05 -0.010002 0.006010642 -0.99981976 -0.01801192 0 5.4136483E-05 -0.01801192 0.99983776 0 0 0 0 1 -0.9999833 -0.0058101607 -5.0428265E-05 -0.010002 0.0058101607 -0.99983263 -0.017357195 0 5.0428265E-05 -0.017357195 0.9998494 0 0 0 0 1 -0.9999846 -0.005585128 -4.586597E-05 -0.010002 0.005585128 -0.9998498 -0.01642309 0 4.586597E-05 -0.01642309 0.9998651 0 0 0 0 1 -0.9999857 -0.0053369706 -4.0671057E-05 -0.010002 0.0053369706 -0.9998696 -0.015240258 0 4.0671057E-05 -0.015240258 0.99988383 0 0 0 0 1 -0.999987 -0.005066879 -3.513312E-05 -0.010002 0.005066879 -0.9998908 -0.013866998 0 3.513312E-05 -0.013866998 0.99990386 0 0 0 0 1 -0.99998844 -0.0047772354 -2.9447752E-05 -0.010002 0.0047772354 -0.9999125 -0.012327827 0 2.9447752E-05 -0.012327827 0.999924 0 0 0 0 1 -0.9999901 -0.0044697057 -2.379585E-05 -0.010002 0.0044697057 -0.9999335 -0.01064726 0 2.379585E-05 -0.01064726 0.9999433 0 0 0 0 1 -0.99999154 -0.0041454826 -1.8343788E-05 -0.010002 0.0041454826 -0.9999523 -0.008849802 0 1.8343788E-05 -0.008849802 0.99996084 0 0 0 0 1 -0.9999927 -0.003807425 -1.32499645E-05 -0.010002 0.003807425 -0.9999685 -0.006959956 0 1.32499645E-05 -0.006959956 0.9999758 0 0 0 0 1 -0.99999416 -0.0034574412 -8.647514E-06 -0.010002 0.0034574412 -0.99998164 -0.0050022164 0 8.647514E-06 -0.0050022164 0.9999875 0 0 0 0 1 -0.99999523 -0.0030981535 -4.6488904E-06 -0.010002 0.0030981535 -0.9999907 -0.0030010578 0 4.6488904E-06 -0.0030010578 0.99999547 0 0 0 0 1 -0.99999595 -0.002731232 -1.3396035E-06 -0.010002 0.002731232 -0.99999547 -0.0009809496 0 1.3396035E-06 -0.0009809496 0.9999995 0 0 0 0 1 -0.9999969 -0.0023600154 1.2197341E-06 -0.010002 0.0023600154 -0.9999964 0.0010336644 0 -1.2197341E-06 0.0010336644 0.99999946 0 0 0 0 1 -0.9999981 -0.0019871278 2.9989328E-06 -0.010002 0.0019871278 -0.99999356 0.0030183494 0 -2.9989328E-06 0.0030183494 0.99999547 0 0 0 0 1 -0.9999989 -0.001615193 3.9965776E-06 -0.010002 0.001615193 -0.99998665 0.004948698 0 -3.9965776E-06 0.004948698 0.9999878 0 0 0 0 1 -0.9999993 -0.0012470726 4.240293E-06 -0.010002 0.0012470726 -0.99997616 0.006800314 0 -4.240293E-06 0.006800314 0.9999769 0 0 0 0 1 -0.99999964 -0.00088658306 3.7896948E-06 -0.010002 0.00088658306 -0.99996305 0.008548832 0 -3.7896948E-06 0.008548832 0.99996346 0 0 0 0 1 -1 -0.00053658587 2.728584E-06 -0.010002 0.00053658587 -0.99994826 0.010169905 0 -2.728584E-06 0.010169905 0.99994826 0 0 0 0 1 -1 -0.00020065763 1.1677861E-06 -0.010002 0.00020065763 -0.9999323 0.011639195 0 -1.1677861E-06 0.011639195 0.9999323 0 0 0 0 1 -1 0.00011810214 -7.637031E-07 -0.010002 -0.00011810214 -0.9999163 0.012932383 0 7.637031E-07 0.012932383 0.9999164 0 0 0 0 1 -1.0000002 0.0004158792 -2.9165324E-06 -0.010002 -0.0004158792 -0.9999018 0.014025173 0 2.9165324E-06 0.014025173 0.99990165 0 0 0 0 1 -0.99999976 0.00068885955 -5.1299685E-06 -0.010002 -0.00068885955 -0.9998889 0.014893264 0 5.1299685E-06 0.014893264 0.9998891 0 0 0 0 1 -0.99999964 0.00093466 -7.2498287E-06 -0.010002 -0.00093466 -0.99987936 0.01551236 0 7.2498287E-06 0.01551236 0.99987966 0 0 0 0 1 -0.9999994 0.0011492285 -9.112905E-06 -0.010002 -0.0011492285 -0.99987364 0.015858168 0 9.112905E-06 0.015858168 0.99987423 0 0 0 0 1 -0.9999989 0.0013304203 -1.062145E-05 -0.010002 -0.0013304203 -0.9998715 0.015966035 0 1.062145E-05 0.015966035 0.9998725 0 0 0 0 1 -0.99999905 0.001475613 -1.172842E-05 -0.010002 -0.001475613 -0.9998727 0.015895324 0 1.172842E-05 0.015895324 0.99987364 0 0 0 0 1 -0.9999988 0.0015831377 -1.2394959E-05 -0.010002 -0.0015831377 -0.99987626 0.015657756 0 1.2394959E-05 0.015657756 0.9998774 0 0 0 0 1 -0.99999845 0.0016501335 -1.2595414E-05 -0.010002 -0.0016501335 -0.999882 0.015265032 0 1.2595414E-05 0.015265032 0.9998835 0 0 0 0 1 -0.9999988 0.0016739782 -1.2328557E-05 -0.010002 -0.0016739782 -0.9998903 0.014728843 0 1.2328557E-05 0.014728843 0.9998915 0 0 0 0 1 -0.99999845 0.0016530018 -1.1621894E-05 -0.010002 -0.0016530018 -0.9998996 0.014060858 0 1.1621894E-05 0.014060858 0.9999011 0 0 0 0 1 -0.9999989 0.0015843435 -1.0514757E-05 -0.010002 -0.0015843435 -0.99991083 0.013272739 0 1.0514757E-05 0.013272739 0.9999119 0 0 0 0 1 -0.9999988 0.0014837373 -9.181769E-06 -0.010002 -0.0014837373 -0.9999223 0.012376063 0 9.181769E-06 0.012376063 0.9999234 0 0 0 0 1 -0.9999989 0.0013693026 -7.793237E-06 -0.010002 -0.0013693026 -0.9999342 0.011382408 0 7.793237E-06 0.011382408 0.9999352 0 0 0 0 1 -0.99999917 0.0012427082 -6.4022515E-06 -0.010002 -0.0012427082 -0.9999461 0.010303431 0 6.4022515E-06 0.010303431 0.9999469 0 0 0 0 1 -0.99999917 0.0011058609 -5.0598574E-06 -0.010002 -0.0011058609 -0.9999573 0.009150788 0 5.0598574E-06 0.009150788 0.99995816 0 0 0 0 1 -0.9999995 0.0009604297 -3.8111136E-06 -0.010002 -0.0009604297 -0.99996805 0.0079361405 0 3.8111136E-06 0.0079361405 0.9999685 0 0 0 0 1 -0.9999999 0.00080808345 -2.6954556E-06 -0.010002 -0.00080808345 -0.9999776 0.0066711563 0 2.6954556E-06 0.0066711563 0.99997777 0 0 0 0 1 -0.99999964 0.00065072934 -1.7464066E-06 -0.010002 -0.00065072934 -0.9999852 0.0053674965 0 1.7464066E-06 0.0053674965 0.9999856 0 0 0 0 1 -0.99999976 0.0004895597 -9.881433E-07 -0.010002 -0.0004895597 -0.99999166 0.004036848 0 9.881433E-07 0.004036848 0.99999183 0 0 0 0 1 -1 0.00032648217 -4.3926434E-07 -0.010002 -0.00032648217 -0.9999964 0.0026908885 0 4.3926434E-07 0.0026908885 0.99999636 0 0 0 0 1 -1 0.00016268886 -1.09107475E-07 -0.010002 -0.00016268886 -0.99999905 0.0013413017 0 1.09107475E-07 0.0013413017 0.9999991 0 0 0 0 1 -1 0.00016268886 -1.09107475E-07 -0.010002 -0.00016268886 -0.99999905 0.0013413017 0 1.09107475E-07 0.0013413017 0.9999991 0 0 0 0 1</float_array>
        <technique_common>
          <accessor source="#Motion_23_Hips_transform_pose_array_id" count="61" stride="16">
            <param name="TRANSFORM" type="float4x4" />
          </accessor>
        </technique_common>
      </source>
      <sampler id="Motion_23_Hips_transform_samp_id">
        <input semantic="INPUT" source="#Motion_23_Hips_transform_frame_id" />
        <input semantic="INTERPOLATION" source="#Motion_23_Hips_transform_interp_id" />
        <input semantic="OUTPUT" source="#Motion_23_Hips_transform_pose_id" />
      </sampler>
      <channel source="#Motion_23_Hips_transform_samp_id" target="Hips_bone_id/transform" />
    </animation>
    <animation id="Motion_23_RThigh_transform_id" name="Motion_23_RThigh_transform">
      <source id="Motion_23_RThigh_transform_frame_id" name="Motion_23_RThigh_transform_frame">
        <float_array id="Motion_23_RThigh_transform_frame_array_id" count="61">0 0.033333335 0.06666667 0.1 0.13333334 0.16666667 0.2 0.23333333 0.26666668 0.3 0.33333334 0.36666667 0.4 0.43333334 0.46666667 0.5 0.53333336 0.56666666 0.6 0.6333333 0.6666667 0.7 0.73333335 0.76666665 0.8 0.8333333 0.8666667 0.9 0.93333334 0.96666664 1 1.0333333 1.0666667 1.1 1.1333333 1.1666666 1.2 1.2333333 1.2666667 1.3 1.3333334 1.3666667 1.4 1.4333333 1.4666667 1.5 1.5333333 1.5666667 1.6 1.6333333 1.6666666 1.7 1.7333333 1.7666667 1.8 1.8333334 1.8666667 1.9 1.9333333 1.9666667 2</float_array>
        <technique_common>
          <accessor source="#Motion_23_RThigh_transform_frame_array_id" count="61" stride="1">
            <param name="TIME" type="float" />
          </accessor>
        </technique_common>
      </source>
      <source id="Motion_23_RThigh_transform_interp_id" name="Motion_23_RThigh_transform_interp">
        <Name_array id="Motion_23_RThigh_transform_interp_array_id" count="61">LINEAR LINEAR LINEAR LINEAR LINEAR LINEAR LINEAR LINEAR LINEAR LINEAR LINEAR LINEAR LINEAR LINEAR LINEAR LINEAR LINEAR LINEAR LINEAR LINEAR LINEAR LINEAR LINEAR LINEAR LINEAR LINEAR LINEAR LINEAR LINEAR LINEAR LINEAR LINEAR LINEAR LINEAR LINEAR LINEAR LINEAR LINEAR LINEAR LINEAR LINEAR LINEAR LINEAR LINEAR LINEAR LINEAR LINEAR LINEAR LINEAR LINEAR LINEAR LINEAR LINEAR LINEAR LINEAR LINEAR LINEAR LINEAR LINEAR LINEAR LINEAR</Name_array>
        <technique_common>
          <accessor source="#Motion_23_RThigh_transform_interp_array_id" count="61" stride="1">
            <param name="INTERPOLATION" type="Name" />
          </accessor>
        </technique_common>
      </source>
      <source id="Motion_23_RThigh_transform_pose_id" name="Motion_23_RThigh_transform_pose">
        <float_array id="Motion_23_RThigh_transform_pose_array_id" count="976">0.98936325 0.14546527 0.00048528425 11.299995 -0.14246704 0.9696343 -0.1987775 -7.8 -0.02938577 0.196594 0.98004454 0 0 0 0 1 0.98954713 0.14416423 -0.0036212616 11.299995 -0.14198038 0.96954435 -0.19956282 -7.8 -0.025258845 0.19799095 0.97987837 0 0 0 0 1 0.9897154 0.142871 -0.0071637505 11.299995 -0.1413954 0.96944106 -0.20047787 -7.8 -0.021697642 0.19942895 0.979672 0 0 0 0 1 0.9898711 0.14160448 -0.010169817 11.299995 -0.14073548 0.96932477 -0.20150183 -7.8 -0.018675705 0.20089208 0.9794353 0 0 0 0 1 0.99001616 0.14038362 -0.012667241 11.299995 -0.14002378 0.9691961 -0.20261368 -7.8 -0.0161666 0.20236453 0.9791768 0 0 0 0 1 0.9901515 0.13922745 -0.014683935 11.299995 -0.13928333 0.96905565 -0.2037924 -7.8 -0.014143945 0.20383057 0.978904 0 0 0 0 1 0.99027735 0.13815498 -0.016247915 11.299995 -0.13853702 0.9689044 -0.20501672 -7.8 -0.01258141 0.20527436 0.9786236 0 0 0 0 1 0.9903928 0.13718532 -0.017387323 11.299995 -0.13780771 0.9687433 -0.20626554 -7.8 -0.011452749 0.20668 0.9783416 0 0 0 0 1 0.9904966 0.13633737 -0.018130384 11.299995 -0.13711825 0.9685737 -0.20751768 -7.8 -0.0107317995 0.20803156 0.9780632 0 0 0 0 1 0.99058676 0.13562995 -0.018505402 11.299995 -0.1364915 0.96839696 -0.20875211 -7.8 -0.010392465 0.2093129 0.9777935 0 0 0 0 1 0.99066097 0.13508184 -0.018540751 11.299995 -0.13595043 0.9682145 -0.20994784 -7.8 -0.010408714 0.21050777 0.9775368 0 0 0 0 1 0.9907165 0.1347116 -0.01826486 11.299995 -0.1355181 0.96802807 -0.2110841 -7.8 -0.010754577 0.21159971 0.97729725 0 0 0 0 1 0.99075025 0.13453767 -0.017706182 11.299995 -0.13521776 0.9678392 -0.21214032 -7.8 -0.011404129 0.21257228 0.9770788 0 0 0 0 1 0.99075896 0.13457824 -0.016893154 11.299995 -0.13507263 0.96764946 -0.21309595 -7.8 -0.012331426 0.21340851 0.9768852 0 0 0 0 1 0.990739 0.13485137 -0.01585419 11.299995 -0.1351063 0.9674606 -0.21393068 -7.8 -0.013510543 0.21409146 0.97672015 0 0 0 0 1 0.9906866 0.13537493 -0.014617658 11.299995 -0.13534245 0.9672739 -0.21462451 -7.8 -0.014915501 0.214604 0.97658724 0 0 0 0 1 0.99059784 0.13616656 -0.013211808 11.299995 -0.13580488 0.96709067 -0.2151574 -7.8 -0.016520226 0.2149287 0.97649 0 0 0 0 1 0.99048156 0.13715127 -0.011654604 11.299995 -0.1364252 0.9669247 -0.21551044 -7.8 -0.018288406 0.2150491 0.97643197 0 0 0 0 1 0.99034977 0.13823193 -0.009961357 11.299995 -0.13711315 0.966793 -0.21566461 -7.8 -0.020181166 0.21494924 0.9764167 0 0 0 0 1 0.9902032 0.13939886 -0.008099363 11.299995 -0.13785382 0.9667012 -0.21560399 -7.8 -0.022225283 0.2146083 0.9764473 0 0 0 0 1 0.9900421 0.1406426 -0.006031057 11.299995 -0.1386319 0.9666548 -0.21531303 -7.8 -0.024452236 0.21400507 0.97652644 0 0 0 0 1 0.989867 0.14194776 -0.0037732245 11.299995 -0.1394384 0.96665907 -0.21477231 -7.8 -0.026839029 0.21312216 0.97665685 0 0 0 0 1 0.9896786 0.14329836 -0.0013458952 11.299995 -0.14026359 0.96670926 -0.2140079 -7.8 -0.029365892 0.21198781 0.976831 0 0 0 0 1 0.98947793 0.14467855 0.0012287684 11.299995 -0.14109723 0.9667944 -0.2130731 -7.8 -0.032015078 0.21065778 0.97703546 0 0 0 0 1 0.98926604 0.14607275 0.0039308444 11.299995 -0.14192948 0.9669108 -0.21198946 -7.8 -0.03476666 0.20915607 0.97726405 0 0 0 0 1 0.98904425 0.14746541 0.006740311 11.299995 -0.14275035 0.9670547 -0.21077831 -7.8 -0.037600756 0.20750688 0.97751063 0 0 0 0 1 0.9888142 0.14884123 0.009637048 11.299995 -0.14354974 0.96722263 -0.20946099 -7.8 -0.0404976 0.2057346 0.9777695 0 0 0 0 1 0.9885776 0.15018503 0.0126008205 11.299995 -0.1443174 0.96741104 -0.20805871 -7.8 -0.043437477 0.20386368 0.97803515 0 0 0 0 1 0.98833674 0.1514819 0.015611286 11.299995 -0.1450429 0.9676167 -0.20659257 -7.8 -0.046400778 0.20191874 0.9783025 0 0 0 0 1 0.988094 0.15271704 0.018647995 11.299995 -0.14571564 0.96783656 -0.20508368 -7.8 -0.04936799 0.19992466 0.97856677 0 0 0 0 1 0.9878521 0.15387598 0.02169038 11.299995 -0.14632478 0.96806777 -0.20355296 -7.8 -0.052319672 0.19790637 0.97882366 0 0 0 0 1 0.9876139 0.15494442 0.024717778 11.299995 -0.14685935 0.9683077 -0.20202129 -7.8 -0.05523648 0.19588901 0.9790692 0 0 0 0 1 0.9873828 0.15590824 0.027709441 11.299995 -0.14730813 0.9685537 -0.20050949 -7.8 -0.058099166 0.19389778 0.97929984 0 0 0 0 1 0.9871622 0.15675364 0.030644543 11.299995 -0.14765967 0.9688036 -0.19903831 -7.8 -0.06088852 0.19195814 0.97951245 0 0 0 0 1 0.9869558 0.15746704 0.03350218 11.299995 -0.14790252 0.9690551 -0.1976285 -7.8 -0.06358543 0.19009554 0.9797043 0 0 0 0 1 0.9867675 0.15803497 0.036261424 11.299995 -0.14802487 0.9693063 -0.19630073 -7.8 -0.066170804 0.18833558 0.979873 0 0 0 0 1 0.9865953 0.15848264 0.03889747 11.299995 -0.14805335 0.9695491 -0.1950763 -7.8 -0.06862921 0.18670245 0.98001647 0 0 0 0 1 0.9864357 0.15884551 0.04138457 11.299995 -0.14802444 0.96977407 -0.19397698 -7.8 -0.07094606 0.1852199 0.98013276 0 0 0 0 1 0.9862907 0.15912569 0.04370044 11.299995 -0.14794117 0.9699769 -0.19302395 -7.8 -0.07310349 0.18391263 0.9802204 0 0 0 0 1 0.9861621 0.15932535 0.04582279 11.299995 -0.14780645 0.9701534 -0.19223858 -7.8 -0.07508361 0.1828055 0.98027784 0 0 0 0 1 0.98605204 0.15944675 0.047729388 11.299995 -0.14762312 0.97029924 -0.19164227 -7.8 -0.07686852 0.18192329 0.9803036 0 0 0 0 1 0.9859625 0.15949212 0.049398012 11.299995 -0.14739414 0.9704102 -0.19125631 -7.8 -0.07844021 0.18129057 0.9802963 0 0 0 0 1 0.985907 0.15944788 0.050633047 11.299995 -0.14713943 0.97048175 -0.19108947 -7.8 -0.079607256 0.18094634 0.98026586 0 0 0 0 1 0.9858974 0.15930144 0.05127711 11.299995 -0.14687909 0.9705231 -0.19107956 -7.8 -0.08020487 0.1808533 0.98023427 0 0 0 0 1 0.9859324 0.15905663 0.0513642 11.299995 -0.14661592 0.9705476 -0.19115724 -7.8 -0.08025622 0.1809373 0.9802146 0 0 0 0 1 0.9860098 0.15871839 0.05092311 11.299995 -0.14635025 0.9705565 -0.19131576 -7.8 -0.07978909 0.1811866 0.98020667 0 0 0 0 1 0.98612654 0.15829146 0.049982663 11.299995 -0.14608249 0.97055095 -0.1915483 -7.8 -0.07883118 0.18158926 0.98020965 0 0 0 0 1 0.98627895 0.15778033 0.04857161 11.299995 -0.14581324 0.97053224 -0.19184813 -7.8 -0.07741017 0.18213338 0.980222 0 0 0 0 1 0.9864628 0.15718949 0.04671868 11.299995 -0.14554316 0.9705015 -0.19220848 -7.8 -0.0755537 0.18280692 0.9802414 0 0 0 0 1 0.9866734 0.15652318 0.044452634 11.299995 -0.14527287 0.9704598 -0.19262263 -7.8 -0.07328941 0.18359786 0.9802655 0 0 0 0 1 0.986906 0.15578572 0.041802213 11.299995 -0.14500315 0.97040856 -0.19308376 -7.8 -0.070644915 0.18449408 0.9802914 0 0 0 0 1 0.9871553 0.15498132 0.03879615 11.299995 -0.14473465 0.9703487 -0.19358511 -7.8 -0.067647874 0.18548344 0.9803161 0 0 0 0 1 0.9874164 0.15411429 0.035463206 11.299995 -0.14446808 0.97028166 -0.19411986 -7.8 -0.064325936 0.18655382 0.9803366 0 0 0 0 1 0.9876841 0.15318897 0.03183213 11.299995 -0.14420411 0.9702084 -0.19468121 -7.8 -0.060706817 0.18769322 0.9803499 0 0 0 0 1 0.9879534 0.15220971 0.02793169 11.299995 -0.1439433 0.9701304 -0.1952623 -7.8 -0.056818202 0.18888949 0.98035324 0 0 0 0 1 0.98821974 0.1511811 0.023790687 11.299995 -0.14368615 0.9700488 -0.19585629 -7.8 -0.0526879 0.19013067 0.980344 0 0 0 0 1 0.98847854 0.15010777 0.019437902 11.299995 -0.14343312 0.96996486 -0.19645628 -7.8 -0.048343696 0.19140479 0.9803199 0 0 0 0 1 0.9887257 0.1489945 0.014902153 11.299995 -0.14318454 0.9698801 -0.19705535 -7.8 -0.043813467 0.19269995 0.9802791 0 0 0 0 1 0.98895764 0.1478462 0.010212253 11.299995 -0.1429406 0.96979576 -0.19764656 -7.8 -0.039125092 0.19400433 0.98022014 0 0 0 0 1 0.989171 0.14666803 0.0053970227 11.299995 -0.14270143 0.96971333 -0.19822297 -7.8 -0.034306537 0.19530624 0.9801421 0 0 0 0 1 0.989171 0.14666803 0.0053970227 11.299995 -0.14270143 0.96971333 -0.19822297 -7.8 -0.034306537 0.19530624 0.9801421 0 0 0 0 1</float_array>
        <technique_common>
          <accessor source="#Motion_23_RThigh_transform_pose_array_id" count="61" stride="16">
            <param name="TRANSFORM" type="float4x4" />
          </accessor>
        </technique_common>
      </source>
      <sampler id="Motion_23_RThigh_transform_samp_id">
        <input semantic="INPUT" source="#Motion_23_RThigh_transform_frame_id" />
        <input semantic="INTERPOLATION" source="#Motion_23_RThigh_transform_interp_id" />
        <input semantic="OUTPUT" source="#Motion_23_RThigh_transform_pose_id" />
      </sampler>
      <channel source="#Motion_23_RThigh_transform_samp_id" target="RThigh_bone_id/transform" />
    </animation>
    <animation id="Motion_23_RLeg_transform_id" name="Motion_23_RLeg_transform">
      <source id="Motion_23_RLeg_transform_frame_id" name="Motion_23_RLeg_transform_frame">
        <float_array id="Motion_23_RLeg_transform_frame_array_id" count="61">0 0.033333335 0.06666667 0.1 0.13333334 0.16666667 0.2 0.23333333 0.26666668 0.3 0.33333334 0.36666667 0.4 0.43333334 0.46666667 0.5 0.53333336 0.56666666 0.6 0.6333333 0.6666667 0.7 0.73333335 0.76666665 0.8 0.8333333 0.8666667 0.9 0.93333334 0.96666664 1 1.0333333 1.0666667 1.1 1.1333333 1.1666666 1.2 1.2333333 1.2666667 1.3 1.3333334 1.3666667 1.4 1.4333333 1.4666667 1.5 1.5333333 1.5666667 1.6 1.6333333 1.6666666 1.7 1.7333333 1.7666667 1.8 1.8333334 1.8666667 1.9 1.9333333 1.9666667 2</float_array>
        <technique_common>
          <accessor source="#Motion_23_RLeg_transform_frame_array_id" count="61" stride="1">
            <param name="TIME" type="float" />
          </accessor>
        </technique_common>
      </source>
      <source id="Motion_23_RLeg_transform_interp_id" name="Motion_23_RLeg_transform_interp">
        <Name_array id="Motion_23_RLeg_transform_interp_array_id" count="61">LINEAR LINEAR LINEAR LINEAR LINEAR LINEAR LINEAR LINEAR LINEAR LINEAR LINEAR LINEAR LINEAR LINEAR LINEAR LINEAR LINEAR LINEAR LINEAR LINEAR LINEAR LINEAR LINEAR LINEAR LINEAR LINEAR LINEAR LINEAR LINEAR LINEAR LINEAR LINEAR LINEAR LINEAR LINEAR LINEAR LINEAR LINEAR LINEAR LINEAR LINEAR LINEAR LINEAR LINEAR LINEAR LINEAR LINEAR LINEAR LINEAR LINEAR LINEAR LINEAR LINEAR LINEAR LINEAR LINEAR LINEAR LINEAR LINEAR LINEAR LINEAR</Name_array>
        <technique_common>
          <accessor source="#Motion_23_RLeg_transform_interp_array_id" count="61" stride="1">
            <param name="INTERPOLATION" type="Name" />
          </accessor>
        </technique_common>
      </source>
      <source id="Motion_23_RLeg_transform_pose_id" name="Motion_23_RLeg_transform_pose">
        <float_array id="Motion_23_RLeg_transform_pose_array_id" count="976">0.98925245 0 0.14621778 34.3 0 1 0 0 -0.14621778 0 0.98925245 0 0 0 0 1 0.9880515 0 0.15412433 34.3 0 1 0 0 -0.15412433 0 0.9880515 0 0 0 0 1 0.9869802 0 0.16084167 34.3 0 1 0 0 -0.16084167 0 0.9869802 0 0 0 0 1 0.9860567 0 0.16640992 34.3 0 1 0 0 -0.16640992 0 0.9860567 0 0 0 0 1 0.9852938 0 0.17086859 34.3 0 1 0 0 -0.17086859 0 0.9852938 0 0 0 0 1 0.98470026 0 0.17425668 34.3 0 1 0 0 -0.17425668 0 0.98470026 0 0 0 0 1 0.98428047 0 0.17661254 34.3 0 1 0 0 -0.17661254 0 0.98428047 0 0 0 0 1 0.9840093 0 0.17811689 34.3 0 1 0 0 -0.17811689 0 0.9840093 0 0 0 0 1 0.98385525 0 0.17896605 34.3 0 1 0 0 -0.17896605 0 0.98385525 0 0 0 0 1 0.98380876 0 0.17922142 34.3 0 1 0 0 -0.17922142 0 0.98380876 0 0 0 0 1 0.98385924 0 0.17894413 34.3 0 1 0 0 -0.17894413 0 0.98385924 0 0 0 0 1 0.9839952 0 0.17819513 34.3 0 1 0 0 -0.17819513 0 0.9839952 0 0 0 0 1 0.9842045 0 0.17703532 34.3 0 1 0 0 -0.17703532 0 0.9842045 0 0 0 0 1 0.9844749 0 0.1755255 34.3 0 1 0 0 -0.1755255 0 0.9844749 0 0 0 0 1 0.98479396 0 0.17372648 34.3 0 1 0 0 -0.17372648 0 0.98479396 0 0 0 0 1 0.98514944 0 0.17169915 34.3 0 1 0 0 -0.17169915 0 0.98514944 0 0 0 0 1 0.9855294 0 0.1695044 34.3 0 1 0 0 -0.1695044 0 0.9855294 0 0 0 0 1 0.9859533 0 0.16702154 34.3 0 1 0 0 -0.16702154 0 0.9859533 0 0 0 0 1 0.9864416 0 0.16411246 34.3 0 1 0 0 -0.16411246 0 0.9864416 0 0 0 0 1 0.9869851 0 0.16081186 34.3 0 1 0 0 -0.16081186 0 0.9869851 0 0 0 0 1 0.98757404 0 0.1571544 34.3 0 1 0 0 -0.1571544 0 0.98757404 0 0 0 0 1 0.9881991 0 0.15317489 34.3 0 1 0 0 -0.15317489 0 0.9881991 0 0 0 0 1 0.988851 0 0.1489082 34.3 0 1 0 0 -0.1489082 0 0.988851 0 0 0 0 1 0.98952097 0 0.1443892 34.3 0 1 0 0 -0.1443892 0 0.98952097 0 0 0 0 1 0.9902005 0 0.13965291 34.3 0 1 0 0 -0.13965291 0 0.9902005 0 0 0 0 1 0.99088174 0 0.13473448 34.3 0 1 0 0 -0.13473448 0 0.99088174 0 0 0 0 1 0.9915573 0 0.12966907 34.3 0 1 0 0 -0.12966907 0 0.9915573 0 0 0 0 1 0.9922206 0 0.12449207 34.3 0 1 0 0 -0.12449207 0 0.9922206 0 0 0 0 1 0.99286556 0 0.119238906 34.3 0 1 0 0 -0.119238906 0 0.99286556 0 0 0 0 1 0.99348706 0 0.11394512 34.3 0 1 0 0 -0.11394512 0 0.99348706 0 0 0 0 1 0.9940805 0 0.108646356 34.3 0 1 0 0 -0.108646356 0 0.9940805 0 0 0 0 1 0.9946421 0 0.103378356 34.3 0 1 0 0 -0.103378356 0 0.9946421 0 0 0 0 1 0.995169 0 0.098176934 34.3 0 1 0 0 -0.098176934 0 0.995169 0 0 0 0 1 0.9956588 0 0.093077935 34.3 0 1 0 0 -0.093077935 0 0.9956588 0 0 0 0 1 0.9961101 0 0.088117294 34.3 0 1 0 0 -0.088117294 0 0.9961101 0 0 0 0 1 0.99652195 0 0.083331 34.3 0 1 0 0 -0.083331 0 0.99652195 0 0 0 0 1 0.996894 0 0.078755 34.3 0 1 0 0 -0.078755 0 0.996894 0 0 0 0 1 0.9972266 0 0.074425355 34.3 0 1 0 0 -0.074425355 0 0.9972266 0 0 0 0 1 0.9975204 0 0.07037805 34.3 0 1 0 0 -0.07037805 0 0.9975204 0 0 0 0 1 0.99777645 0 0.06664908 34.3 0 1 0 0 -0.06664908 0 0.99777645 0 0 0 0 1 0.99799615 0 0.063274495 34.3 0 1 0 0 -0.063274495 0 0.99799615 0 0 0 0 1 0.99818087 0 0.060290247 34.3 0 1 0 0 -0.060290247 0 0.99818087 0 0 0 0 1 0.99831384 0 0.05804757 34.3 0 1 0 0 -0.05804757 0 0.99831384 0 0 0 0 1 0.9983834 0 0.056838002 34.3 0 1 0 0 -0.056838002 0 0.9983834 0 0 0 0 1 0.9983965 0 0.05660786 34.3 0 1 0 0 -0.05660786 0 0.9983965 0 0 0 0 1 0.9983568 0 0.057303287 34.3 0 1 0 0 -0.057303287 0 0.9983568 0 0 0 0 1 0.9982656 0 0.05887024 34.3 0 1 0 0 -0.05887024 0 0.9982656 0 0 0 0 1 0.99812216 0 0.0612546 34.3 0 1 0 0 -0.0612546 0 0.99812216 0 0 0 0 1 0.99792403 0 0.064402096 34.3 0 1 0 0 -0.064402096 0 0.99792403 0 0 0 0 1 0.9976677 0 0.068258405 34.3 0 1 0 0 -0.068258405 0 0.9976677 0 0 0 0 1 0.99734885 0 0.07276901 34.3 0 1 0 0 -0.07276901 0 0.99734885 0 0 0 0 1 0.9969628 0 0.077879384 34.3 0 1 0 0 -0.077879384 0 0.9969628 0 0 0 0 1 0.99650484 0 0.0835349 34.3 0 1 0 0 -0.0835349 0 0.99650484 0 0 0 0 1 0.99597055 0 0.0896808 34.3 0 1 0 0 -0.0896808 0 0.99597055 0 0 0 0 1 0.9953454 0 0.09637185 34.3 0 1 0 0 -0.09637185 0 0.9953454 0 0 0 0 1 0.9946139 0 0.10364942 34.3 0 1 0 0 -0.10364942 0 0.9946139 0 0 0 0 1 0.9937713 0 0.111438744 34.3 0 1 0 0 -0.111438744 0 0.9937713 0 0 0 0 1 0.9928143 0 0.11966499 34.3 0 1 0 0 -0.11966499 0 0.9928143 0 0 0 0 1 0.9917414 0 0.12825334 34.3 0 1 0 0 -0.12825334 0 0.9917414 0 0 0 0 1 0.9905532 0 0.13712913 34.3 0 1 0 0 -0.13712913 0 0.9905532 0 0 0 0 1 0.9905532 0 0.13712913 34.3 0 1 0 0 -0.13712913 0 0.9905532 0 0 0 0 1</float_array>
        <technique_common>
          <accessor source="#Motion_23_RLeg_transform_pose_array_id" count="61" stride="16">
            <param name="TRANSFORM" type="float4x4" />
          </accessor>
        </technique_common>
      </source>
      <sampler id="Motion_23_RLeg_transform_samp_id">
        <input semantic="INPUT" source="#Motion_23_RLeg_transform_frame_id" />
        <input semantic="INTERPOLATION" source="#Motion_23_RLeg_transform_interp_id" />
        <input semantic="OUTPUT" source="#Motion_23_RLeg_transform_pose_id" />
      </sampler>
      <channel source="#Motion_23_RLeg_transform_samp_id" target="RLeg_bone_id/transform" />
    </animation>
    <animation id="Motion_23_RFoot_transform_id" name="Motion_23_RFoot_transform">
      <source id="Motion_23_RFoot_transform_frame_id" name="Motion_23_RFoot_transform_frame">
        <float_array id="Motion_23_RFoot_transform_frame_array_id" count="61">0 0.033333335 0.06666667 0.1 0.13333334 0.16666667 0.2 0.23333333 0.26666668 0.3 0.33333334 0.36666667 0.4 0.43333334 0.46666667 0.5 0.53333336 0.56666666 0.6 0.6333333 0.6666667 0.7 0.73333335 0.76666665 0.8 0.8333333 0.8666667 0.9 0.93333334 0.96666664 1 1.0333333 1.0666667 1.1 1.1333333 1.1666666 1.2 1.2333333 1.2666667 1.3 1.3333334 1.3666667 1.4 1.4333333 1.4666667 1.5 1.5333333 1.5666667 1.6 1.6333333 1.6666666 1.7 1.7333333 1.7666667 1.8 1.8333334 1.8666667 1.9 1.9333333 1.9666667 2</float_array>
        <technique_common>
          <accessor source="#Motion_23_RFoot_transform_frame_array_id" count="61" stride="1">
            <param name="TIME" type="float" />
          </accessor>
        </technique_common>
      </source>
      <source id="Motion_23_RFoot_transform_interp_id" name="Motion_23_RFoot_transform_interp">
        <Name_array id="Motion_23_RFoot_transform_interp_array_id" count="61">LINEAR LINEAR LINEAR LINEAR LINEAR LINEAR LINEAR LINEAR LINEAR LINEAR LINEAR LINEAR LINEAR LINEAR LINEAR LINEAR LINEAR LINEAR LINEAR LINEAR LINEAR LINEAR LINEAR LINEAR LINEAR LINEAR LINEAR LINEAR LINEAR LINEAR LINEAR LINEAR LINEAR LINEAR LINEAR LINEAR LINEAR LINEAR LINEAR LINEAR LINEAR LINEAR LINEAR LINEAR LINEAR LINEAR LINEAR LINEAR LINEAR LINEAR LINEAR LINEAR LINEAR LINEAR LINEAR LINEAR LINEAR LINEAR LINEAR LINEAR LINEAR</Name_array>
        <technique_common>
          <accessor source="#Motion_23_RFoot_transform_interp_array_id" count="61" stride="1">
            <param name="INTERPOLATION" type="Name" />
          </accessor>
        </technique_common>
      </source>
      <source id="Motion_23_RFoot_transform_pose_id" name="Motion_23_RFoot_transform_pose">
        <float_array id="Motion_23_RFoot_transform_pose_array_id" count="976">-0.060394168 -0.14450406 -0.98765934 34.3 -0.093409546 0.9859417 -0.13854085 0 0.9937943 0.08388975 -0.07304311 0 0 0 0 1 -0.06442416 -0.1441752 -0.9874529 34.3 -0.093643054 0.9860156 -0.13785584 0 0.99351937 0.08358686 -0.07702422 0 0 0 0 1 -0.06783843 -0.14386953 -0.98726875 34.3 -0.09386486 0.9860795 -0.13724649 0 0.99327105 0.08335927 -0.08039832 0 0 0 0 1 -0.070674896 -0.14359042 -0.9871104 34.3 -0.09407288 0.9861338 -0.13671295 0 0.99305356 0.08319813 -0.08320284 0 0 0 0 1 -0.07297218 -0.14334118 -0.9869794 34.3 -0.09426493 0.98617876 -0.13625543 0 0.9928692 0.083094686 -0.08547568 0 0 0 0 1 -0.07476759 -0.14312495 -0.9868763 34.3 -0.09443863 0.98621476 -0.13587414 0 0.992719 0.08304027 -0.08725345 0 0 0 0 1 -0.07609904 -0.14294486 -0.98680073 34.3 -0.09459151 0.98624206 -0.13556933 0 0.99260336 0.08302629 -0.08857334 0 0 0 0 1 -0.07700384 -0.14280395 -0.986751 34.3 -0.09472099 0.98626095 -0.13534123 0 0.9925212 0.08304424 -0.08947241 0 0 0 0 1 -0.07752025 -0.14270528 -0.98672473 34.3 -0.09482437 0.98627174 -0.13519004 0 0.9924711 0.08308558 -0.08998799 0 0 0 0 1 -0.077685714 -0.14265192 -0.9867195 34.3 -0.09489893 0.9862747 -0.13511609 0 0.9924511 0.083142035 -0.09015691 0 0 0 0 1 -0.077537656 -0.1426468 -0.9867317 34.3 -0.094941705 0.9862701 -0.13511948 0 0.9924584 0.083205126 -0.090016246 0 0 0 0 1 -0.077114224 -0.14269312 -0.98675835 34.3 -0.09494982 0.98625827 -0.13520056 0 0.99249077 0.083266646 -0.089603305 0 0 0 0 1 -0.076452136 -0.14279386 -0.9867953 34.3 -0.0949202 0.9862393 -0.13535945 0 0.9925448 0.083318286 -0.08895421 0 0 0 0 1 -0.075589895 -0.14295222 -0.98683876 34.3 -0.094849825 0.98621356 -0.13559632 0 0.99261755 0.083351776 -0.08810675 0 0 0 0 1 -0.074564576 -0.14317133 -0.98688513 34.3 -0.0947356 0.98618114 -0.13591142 0 0.9927061 0.08335898 -0.087097645 0 0 0 0 1 -0.07341361 -0.14345431 -0.98693013 34.3 -0.09457433 0.98614234 -0.1363048 0 0.99280715 0.08333164 -0.08596337 0 0 0 0 1 -0.072175145 -0.1438045 -0.98697066 34.3 -0.094362974 0.9860972 -0.13677669 0 0.99291813 0.08326161 -0.08474159 0 0 0 0 1 -0.07088673 -0.14422506 -0.98700255 34.3 -0.09409833 0.986046 -0.1373271 0 0.993036 0.08314063 -0.083468914 0 0 0 0 1 -0.06948793 -0.14471717 -0.9870301 34.3 -0.093771785 0.9859884 -0.1379628 0 0.9931658 0.082968816 -0.082084775 0 0 0 0 1 -0.06790435 -0.14523968 -0.9870635 34.3 -0.093416244 0.98592633 -0.13864584 0 0.9933088 0.08279312 -0.08051646 0 0 0 0 1 -0.06615031 -0.14575002 -0.98710746 34.3 -0.09307274 0.9858625 -0.139329 0 0.9934594 0.08265613 -0.07878053 0 0 0 0 1 -0.06424403 -0.14624627 -0.98715997 34.3 -0.09274182 0.9857974 -0.1400088 0 0.9936155 0.08255629 -0.07689476 0 0 0 0 1 -0.062202215 -0.1467264 -0.9872195 34.3 -0.09242399 0.9857314 -0.14068183 0 0.99377507 0.08249204 -0.07487571 0 0 0 0 1 -0.060042143 -0.14718837 -0.98728436 34.3 -0.09211979 0.9856651 -0.14134464 0 0.993936 0.08246179 -0.07274032 0 0 0 0 1 -0.057781577 -0.1476302 -0.9873534 34.3 -0.09182991 0.9855988 -0.14199384 0 0.99409693 0.082463965 -0.070506215 0 0 0 0 1 -0.05543685 -0.1480498 -0.98742497 34.3 -0.09155494 0.9855331 -0.142626 0 0.9942558 0.0824969 -0.0681895 0 0 0 0 1 -0.05302584 -0.14844511 -0.987498 34.3 -0.09129563 0.98546845 -0.14323771 0 0.99441105 0.082558945 -0.0658077 0 0 0 0 1 -0.050565362 -0.14881402 -0.9875715 34.3 -0.091052644 0.9854053 -0.14382555 0 0.99456143 0.08264838 -0.06337738 0 0 0 0 1 -0.04807353 -0.14915453 -0.98764455 34.3 -0.090826854 0.9853442 -0.14438613 0 0.9947057 0.08276349 -0.060916185 0 0 0 0 1 -0.045566678 -0.14946452 -0.98771644 34.3 -0.09061904 0.9852855 -0.14491606 0 0.9948425 0.08290256 -0.058440566 0 0 0 0 1 -0.043062925 -0.14974189 -0.9877869 34.3 -0.09043005 0.9852298 -0.14541192 0 0.9949714 0.08306377 -0.055968046 0 0 0 0 1 -0.040578842 -0.14998457 -0.98785526 34.3 -0.090260774 0.9851776 -0.14587031 0 0.99509114 0.08324532 -0.053515077 0 0 0 0 1 -0.03813207 -0.1501905 -0.98792154 34.3 -0.090112135 0.98512924 -0.14628786 0 0.9952014 0.08344546 -0.051099062 0 0 0 0 1 -0.035740018 -0.1503576 -0.98798543 34.3 -0.08998506 0.98508537 -0.14666109 0 0.99530166 0.08366226 -0.04873681 0 0 0 0 1 -0.033419847 -0.15048383 -0.9880473 34.3 -0.08988051 0.9850464 -0.14698662 0 0.99539155 0.083893925 -0.04644561 0 0 0 0 1 -0.031188965 -0.15056716 -0.9881076 34.3 -0.089799464 0.9850128 -0.1472611 0 0.9954713 0.08413862 -0.044242382 0 0 0 0 1 -0.029064536 -0.15060556 -0.9881666 34.3 -0.089742914 0.98498505 -0.14748108 0 0.99554074 0.08439446 -0.04214394 0 0 0 0 1 -0.027064323 -0.15059704 -0.98822474 34.3 -0.08971184 0.9849636 -0.14764315 0 0.9956 0.08465959 -0.04016769 0 0 0 0 1 -0.025205374 -0.15053955 -0.9882826 34.3 -0.0897072 0.98494893 -0.14774385 0 0.99564916 0.08493214 -0.038330555 0 0 0 0 1 -0.023504853 -0.15043114 -0.9883411 34.3 -0.08972994 0.9849415 -0.14777973 0 0.9956888 0.08521024 -0.036649108 0 0 0 0 1 -0.02198112 -0.15028398 -0.9883985 34.3 -0.08976694 0.98494077 -0.14776191 0 0.9957202 0.08547754 -0.035140634 0 0 0 0 1 -0.020652056 -0.15011105 -0.9884534 34.3 -0.08980412 0.98494637 -0.14770214 0 0.9957453 0.085716836 -0.033821702 0 0 0 0 1 -0.01964426 -0.14991416 -0.9885038 34.3 -0.08984779 0.984959 -0.14759104 0 0.99576175 0.08591558 -0.0328182 0 0 0 0 1 -0.019061446 -0.14969471 -0.98854864 34.3 -0.08990282 0.9849795 -0.14742073 0 0.9957682 0.08606326 -0.03223312 0 0 0 0 1 -0.018888235 -0.14945139 -0.9885886 34.3 -0.08996667 0.985008 -0.14719117 0 0.99576557 0.08615985 -0.03205061 0 0 0 0 1 -0.019109488 -0.14918287 -0.988625 34.3 -0.09003673 0.9850447 -0.14690228 0 0.99575514 0.08620533 -0.03225565 0 0 0 0 1 -0.019708872 -0.14889804 -0.9886561 34.3 -0.09012067 0.98508745 -0.146564 0 0.9957358 0.086209744 -0.032833815 0 0 0 0 1 -0.020670533 -0.1486071 -0.98868036 34.3 -0.09022753 0.9851336 -0.14618762 0 0.9957068 0.08618442 -0.033771634 0 0 0 0 1 -0.02197814 -0.14831047 -0.98869646 34.3 -0.09035645 0.98518294 -0.14577483 0 0.99566686 0.08613124 -0.035053253 0 0 0 0 1 -0.02361703 -0.1480087 -0.98870397 34.3 -0.09050669 0.9852352 -0.1453275 0 0.9956157 0.08605212 -0.03666401 0 0 0 0 1 -0.025571108 -0.1477022 -0.9887012 34.3 -0.090677395 0.9852902 -0.14484741 0 0.99555194 0.085948944 -0.038588166 0 0 0 0 1 -0.02782476 -0.14739141 -0.9886868 34.3 -0.09086776 0.9853477 -0.14433631 0 0.9954742 0.08582363 -0.040810227 0 0 0 0 1 -0.030362248 -0.14707677 -0.98865896 34.3 -0.09107693 0.98540735 -0.14379604 0 0.99538094 0.085678056 -0.043314576 0 0 0 0 1 -0.03316784 -0.14675874 -0.988616 34.3 -0.091304116 0.98546904 -0.1432283 0 0.9952705 0.08551413 -0.046085596 0 0 0 0 1 -0.036226034 -0.14643772 -0.9885563 34.3 -0.09154846 0.9855324 -0.14263494 0 0.99514145 0.085333705 -0.049108148 0 0 0 0 1 -0.039521337 -0.14611417 -0.988478 34.3 -0.091809176 0.9855973 -0.14201765 0 0.9949921 0.085138634 -0.052366734 0 0 0 0 1 -0.04310906 -0.14579011 -0.988376 34.3 -0.092089616 0.9856638 -0.14137349 0 0.99481726 0.0849247 -0.055916786 0 0 0 0 1 -0.047029257 -0.14546715 -0.9882447 34.3 -0.092392094 0.9857318 -0.14070043 0 0.99461144 0.084688954 -0.05979824 0 0 0 0 1 -0.051243305 -0.14514524 -0.98808247 34.3 -0.092714414 0.985801 -0.1400018 0 0.99437326 0.08443533 -0.06397271 0 0 0 0 1 -0.05571115 -0.14482424 -0.9878876 34.3 -0.09305427 0.9858711 -0.13928086 0 0.99410105 0.08416766 -0.0684005 0 0 0 0 1 -0.05571115 -0.14482424 -0.9878876 34.3 -0.09305427 0.9858711 -0.13928086 0 0.99410105 0.08416766 -0.0684005 0 0 0 0 1</float_array>
        <technique_common>
          <accessor source="#Motion_23_RFoot_transform_pose_array_id" count="61" stride="16">
            <param name="TRANSFORM" type="float4x4" />
          </accessor>
        </technique_common>
      </source>
      <sampler id="Motion_23_RFoot_transform_samp_id">
        <input semantic="INPUT" source="#Motion_23_RFoot_transform_frame_id" />
        <input semantic="INTERPOLATION" source="#Motion_23_RFoot_transform_interp_id" />
        <input semantic="OUTPUT" source="#Motion_23_RFoot_transform_pose_id" />
      </sampler>
      <channel source="#Motion_23_RFoot_transform_samp_id" target="RFoot_bone_id/transform" />
    </animation>
    <animation id="Motion_23_LThigh_transform_id" name="Motion_23_LThigh_transform">
      <source id="Motion_23_LThigh_transform_frame_id" name="Motion_23_LThigh_transform_frame">
        <float_array id="Motion_23_LThigh_transform_frame_array_id" count="61">0 0.033333335 0.06666667 0.1 0.13333334 0.16666667 0.2 0.23333333 0.26666668 0.3 0.33333334 0.36666667 0.4 0.43333334 0.46666667 0.5 0.53333336 0.56666666 0.6 0.6333333 0.6666667 0.7 0.73333335 0.76666665 0.8 0.8333333 0.8666667 0.9 0.93333334 0.96666664 1 1.0333333 1.0666667 1.1 1.1333333 1.1666666 1.2 1.2333333 1.2666667 1.3 1.3333334 1.3666667 1.4 1.4333333 1.4666667 1.5 1.5333333 1.5666667 1.6 1.6333333 1.6666666 1.7 1.7333333 1.7666667 1.8 1.8333334 1.8666667 1.9 1.9333333 1.9666667 2</float_array>
        <technique_common>
          <accessor source="#Motion_23_LThigh_transform_frame_array_id" count="61" stride="1">
            <param name="TIME" type="float" />
          </accessor>
        </technique_common>
      </source>
      <source id="Motion_23_LThigh_transform_interp_id" name="Motion_23_LThigh_transform_interp">
        <Name_array id="Motion_23_LThigh_transform_interp_array_id" count="61">LINEAR LINEAR LINEAR LINEAR LINEAR LINEAR LINEAR LINEAR LINEAR LINEAR LINEAR LINEAR LINEAR LINEAR LINEAR LINEAR LINEAR LINEAR LINEAR LINEAR LINEAR LINEAR LINEAR LINEAR LINEAR LINEAR LINEAR LINEAR LINEAR LINEAR LINEAR LINEAR LINEAR LINEAR LINEAR LINEAR LINEAR LINEAR LINEAR LINEAR LINEAR LINEAR LINEAR LINEAR LINEAR LINEAR LINEAR LINEAR LINEAR LINEAR LINEAR LINEAR LINEAR LINEAR LINEAR LINEAR LINEAR LINEAR LINEAR LINEAR LINEAR</Name_array>
        <technique_common>
          <accessor source="#Motion_23_LThigh_transform_interp_array_id" count="61" stride="1">
            <param name="INTERPOLATION" type="Name" />
          </accessor>
        </technique_common>
      </source>
      <source id="Motion_23_LThigh_transform_pose_id" name="Motion_23_LThigh_transform_pose">
        <float_array id="Motion_23_LThigh_transform_pose_array_id" count="976">0.9928487 -0.10543069 -0.055998065 11.300003 0.111184016 0.9874489 0.11217347 7.8 0.0434687 -0.11759737 0.99210954 0 0 0 0 1 0.9925681 -0.10655898 -0.058769282 11.300003 0.11255175 0.9874918 0.11041751 7.8 0.046268206 -0.11621148 0.99214625 0 0 0 0 1 0.99228597 -0.107668 -0.061450947 11.300003 0.11387916 0.98754 0.10861069 7.8 0.04899137 -0.114770845 0.9921832 0 0 0 0 1 0.99200577 -0.10874459 -0.064024895 11.300003 0.11515212 0.98759264 0.10677421 7.8 0.0516194 -0.11329323 0.99221975 0 0 0 0 1 0.99173117 -0.1097754 -0.06647307 11.300003 0.11635669 0.9876492 0.10492932 7.8 0.054133415 -0.11179627 0.99225557 0 0 0 0 1 0.991466 -0.11074694 -0.06877752 11.300003 0.11747914 0.9877092 0.10309745 7.8 0.056514457 -0.110297546 0.99229056 0 0 0 0 1 0.9912142 -0.11164555 -0.07092038 11.300003 0.11850582 0.9877726 0.101300046 7.8 0.058743507 -0.10881452 0.9923248 0 0 0 0 1 0.99097997 -0.11245749 -0.07288391 11.300003 0.11942334 0.9878391 0.099558614 7.8 0.06080147 -0.10736463 0.9923588 0 0 0 0 1 0.9907674 -0.113168895 -0.0746504 11.300003 0.12021838 0.98790896 0.09789475 7.8 0.062669165 -0.10596528 0.992393 0 0 0 0 1 0.9905809 -0.11376583 -0.07620226 11.300003 0.12087775 0.98798233 0.09633002 7.8 0.06432742 -0.10463384 0.9924282 0 0 0 0 1 0.99042463 -0.11423421 -0.077521846 11.300003 0.12138827 0.98805946 0.09488598 7.8 0.06575696 -0.10338766 0.99246514 0 0 0 0 1 0.9903027 -0.11456001 -0.07859163 11.300003 0.12173687 0.98814076 0.09358421 7.8 0.06693858 -0.10224418 0.9925046 0 0 0 0 1 0.99021906 -0.11472915 -0.079394005 11.300003 0.12191045 0.9882265 0.09244616 7.8 0.06785298 -0.10122092 0.9925474 0 0 0 0 1 0.99017763 -0.11472757 -0.07991132 11.300003 0.12189585 0.98831695 0.0914932 7.8 0.068480924 -0.10033538 0.9925942 0 0 0 0 1 0.99018186 -0.114541255 -0.08012591 11.300003 0.12167982 0.9884124 0.09074657 7.8 0.06880322 -0.09960531 0.9926454 0 0 0 0 1 0.9902349 -0.11415631 -0.08001995 11.300003 0.12124898 0.9885129 0.0902273 7.8 0.06880073 -0.09904856 0.9927013 0 0 0 0 1 0.9903394 -0.11355895 -0.07957543 11.300003 0.12058972 0.9886182 0.089956276 7.8 0.06845438 -0.098683216 0.9927616 0 0 0 0 1 0.99049515 -0.112733915 -0.07880633 11.300003 0.1196896 0.988728 0.08995209 7.8 0.06777737 -0.098529406 0.99282336 0 0 0 0 1 0.9906895 -0.111749716 -0.077757925 11.300003 0.11862201 0.98883146 0.09022808 7.8 0.066806525 -0.09861182 0.99288094 0 0 0 0 1 0.9909092 -0.11069397 -0.07645779 11.300003 0.117477216 0.988916 0.09079802 7.8 0.06555954 -0.09895465 0.99293 0 0 0 0 1 0.99114984 -0.10957874 -0.07493001 11.300003 0.11626941 0.9889775 0.09167879 7.8 0.06405805 -0.09957949 0.9929655 0 0 0 0 1 0.991407 -0.10841635 -0.073198676 11.300003 0.11501257 0.98901165 0.09288735 7.8 0.06232384 -0.10050794 0.9929823 0 0 0 0 1 0.9916764 -0.10722163 -0.071284406 11.300003 0.113718584 0.98902017 0.09437804 7.8 0.060382344 -0.10169883 0.992981 0 0 0 0 1 0.99195373 -0.10601045 -0.069206394 11.300003 0.112398565 0.9890076 0.09607549 7.8 0.058260642 -0.10308114 0.9929652 0 0 0 0 1 0.99223506 -0.10479676 -0.06698655 11.300003 0.11106517 0.98897415 0.09795211 7.8 0.055982906 -0.104631394 0.9929341 0 0 0 0 1 0.99251646 -0.103594474 -0.06464694 11.300003 0.109731264 0.9889201 0.09998047 7.8 0.053573232 -0.10632606 0.992887 0 0 0 0 1 0.99279433 -0.10241732 -0.06220972 11.300003 0.10840978 0.9888459 0.10213319 7.8 0.05105562 -0.1081414 0.99282366 0 0 0 0 1 0.99306536 -0.101278864 -0.05969721 11.300003 0.10711386 0.9887521 0.10438305 7.8 0.04845395 -0.1100536 0.9927439 0 0 0 0 1 0.9933264 -0.10019258 -0.057131886 11.300003 0.105856955 0.98863983 0.106703 7.8 0.045792013 -0.11203872 0.9926482 0 0 0 0 1 0.99357474 -0.0991716 -0.05453634 11.300003 0.10465262 0.9885102 0.109066084 7.8 0.04309347 -0.11407268 0.9925373 0 0 0 0 1 0.99380785 -0.09822898 -0.05193334 11.300003 0.10351477 0.9883646 0.11144553 7.8 0.040381894 -0.116131306 0.9924126 0 0 0 0 1 0.99402344 -0.09737746 -0.04934575 11.300003 0.102457486 0.9882048 0.113814704 7.8 0.03768072 -0.118190326 0.9922758 0 0 0 0 1 0.9942197 -0.09662958 -0.046796534 11.300003 0.10149514 0.9880327 0.116147056 7.8 0.035013262 -0.12022531 0.99212897 0 0 0 0 1 0.9943949 -0.095997654 -0.044308785 11.300003 0.10064233 0.98785055 0.11841621 7.8 0.03240278 -0.12221182 0.99197495 0 0 0 0 1 0.99454755 -0.095493816 -0.04190568 11.300003 0.09991393 0.98766077 0.12059595 7.8 0.02987243 -0.12412536 0.99181676 0 0 0 0 1 0.9946765 -0.09512992 -0.03961041 11.300003 0.09932493 0.987466 0.12266005 7.8 0.027445288 -0.12594137 0.991658 0 0 0 0 1 0.9947846 -0.094876476 -0.037443623 11.300003 0.09884936 0.9872729 0.12458328 7.8 0.02514705 -0.12763481 0.9915024 0 0 0 0 1 0.9948759 -0.0946943 -0.03542523 11.300003 0.09845185 0.98708934 0.12634036 7.8 0.023004154 -0.12918067 0.9913542 0 0 0 0 1 0.9949508 -0.09458049 -0.033577304 11.300003 0.098133534 0.98691946 0.12790534 7.8 0.021040747 -0.13055459 0.99121785 0 0 0 0 1 0.9950099 -0.0945321 -0.031921856 11.300003 0.0978957 0.9867676 0.12925214 7.8 0.019280978 -0.13173217 0.9910978 0 0 0 0 1 0.9950537 -0.09454617 -0.030480864 11.300003 0.09773962 0.98663807 0.13035469 7.8 0.017749043 -0.1326891 0.9909988 0 0 0 0 1 0.9950829 -0.09461973 -0.029276242 11.300003 0.09766657 0.98653495 0.13118687 7.8 0.016469171 -0.13340113 0.99092525 0 0 0 0 1 0.99509794 -0.0947499 -0.02832986 11.300003 0.09767772 0.9864625 0.13172252 7.8 0.015465651 -0.133844 0.99088174 0 0 0 0 1 0.9950991 -0.09493397 -0.027663516 11.300003 0.09777416 0.9864245 0.13193542 7.8 0.014762817 -0.1339936 0.9908722 0 0 0 0 1 0.9950867 -0.095168345 -0.027302269 11.300003 0.09795711 0.9864152 0.13186885 7.8 0.014381636 -0.13389538 0.9908911 0 0 0 0 1 0.9950606 -0.095449336 -0.027272433 11.300003 0.09822766 0.9864253 0.13159227 7.8 0.014341824 -0.13362119 0.9909287 0 0 0 0 1 0.99502045 -0.095774345 -0.027597588 11.300003 0.09858633 0.9864526 0.1311185 7.8 0.01466592 -0.13318634 0.9909825 0 0 0 0 1 0.9949653 -0.096140936 -0.02830128 11.300003 0.099033356 0.9864951 0.13046026 7.8 0.015376501 -0.13260621 0.9910495 0 0 0 0 1 0.99489564 -0.0965518 -0.029333118 11.300003 0.09956401 0.98655057 0.1296338 7.8 0.016422227 -0.13189264 0.99112797 0 0 0 0 1 0.9948123 -0.09701149 -0.030614864 11.300003 0.100171655 0.98661697 0.1286569 7.8 0.017723948 -0.13105619 0.9912165 0 0 0 0 1 0.9947148 -0.097520605 -0.03212832 11.300003 0.10085361 0.98669195 0.12754416 7.8 0.01926257 -0.13011032 0.9913124 0 0 0 0 1 0.99460256 -0.0980797 -0.03385526 11.300003 0.101607114 0.9867734 0.12631026 7.8 0.021018997 -0.12906843 0.9914129 0 0 0 0 1 0.99447495 -0.09868932 -0.035777457 11.300003 0.10242948 0.986859 0.12496982 7.8 0.022974119 -0.12794402 0.9915153 0 0 0 0 1 0.9943314 -0.09935001 -0.037876688 11.300003 0.10331803 0.98694676 0.12353752 7.8 0.025108822 -0.12675057 0.9916168 0 0 0 0 1 0.9941714 -0.10006221 -0.040134717 11.300003 0.104270145 0.9870344 0.122028 7.8 0.027403954 -0.1255016 0.99171484 0 0 0 0 1 0.9939945 -0.10082627 -0.042533323 11.300003 0.1052833 0.98712 0.12045595 7.8 0.029840367 -0.124210596 0.9918071 0 0 0 0 1 0.9938002 -0.10164252 -0.04505428 11.300003 0.106355086 0.9872014 0.11883605 7.8 0.03239885 -0.122891046 0.99189115 0 0 0 0 1 0.9935885 -0.1025111 -0.047679406 11.300003 0.10748317 0.9872768 0.117183074 7.8 0.03506021 -0.12155649 0.9919651 0 0 0 0 1 0.99335927 -0.10343205 -0.050390504 11.300003 0.10866537 0.9873443 0.11551175 7.8 0.037805162 -0.12022037 0.9920271 0 0 0 0 1 0.99311256 -0.104405314 -0.053169437 11.300003 0.10989961 0.98740226 0.11383693 7.8 0.04061444 -0.11889619 0.9920757 0 0 0 0 1 0.99311256 -0.104405314 -0.053169437 11.300003 0.10989961 0.98740226 0.11383693 7.8 0.04061444 -0.11889619 0.9920757 0 0 0 0 1</float_array>
        <technique_common>
          <accessor source="#Motion_23_LThigh_transform_pose_array_id" count="61" stride="16">
            <param name="TRANSFORM" type="float4x4" />
          </accessor>
        </technique_common>
      </source>
      <sampler id="Motion_23_LThigh_transform_samp_id">
        <input semantic="INPUT" source="#Motion_23_LThigh_transform_frame_id" />
        <input semantic="INTERPOLATION" source="#Motion_23_LThigh_transform_interp_id" />
        <input semantic="OUTPUT" source="#Motion_23_LThigh_transform_pose_id" />
      </sampler>
      <channel source="#Motion_23_LThigh_transform_samp_id" target="LThigh_bone_id/transform" />
    </animation>
    <animation id="Motion_23_LLeg_transform_id" name="Motion_23_LLeg_transform">
      <source id="Motion_23_LLeg_transform_frame_id" name="Motion_23_LLeg_transform_frame">
        <float_array id="Motion_23_LLeg_transform_frame_array_id" count="61">0 0.033333335 0.06666667 0.1 0.13333334 0.16666667 0.2 0.23333333 0.26666668 0.3 0.33333334 0.36666667 0.4 0.43333334 0.46666667 0.5 0.53333336 0.56666666 0.6 0.6333333 0.6666667 0.7 0.73333335 0.76666665 0.8 0.8333333 0.8666667 0.9 0.93333334 0.96666664 1 1.0333333 1.0666667 1.1 1.1333333 1.1666666 1.2 1.2333333 1.2666667 1.3 1.3333334 1.3666667 1.4 1.4333333 1.4666667 1.5 1.5333333 1.5666667 1.6 1.6333333 1.6666666 1.7 1.7333333 1.7666667 1.8 1.8333334 1.8666667 1.9 1.9333333 1.9666667 2</float_array>
        <technique_common>
          <accessor source="#Motion_23_LLeg_transform_frame_array_id" count="61" stride="1">
            <param name="TIME" type="float" />
          </accessor>
        </technique_common>
      </source>
      <source id="Motion_23_LLeg_transform_interp_id" name="Motion_23_LLeg_transform_interp">
        <Name_array id="Motion_23_LLeg_transform_interp_array_id" count="61">LINEAR LINEAR LINEAR LINEAR LINEAR LINEAR LINEAR LINEAR LINEAR LINEAR LINEAR LINEAR LINEAR LINEAR LINEAR LINEAR LINEAR LINEAR LINEAR LINEAR LINEAR LINEAR LINEAR LINEAR LINEAR LINEAR LINEAR LINEAR LINEAR LINEAR LINEAR LINEAR LINEAR LINEAR LINEAR LINEAR LINEAR LINEAR LINEAR LINEAR LINEAR LINEAR LINEAR LINEAR LINEAR LINEAR LINEAR LINEAR LINEAR LINEAR LINEAR LINEAR LINEAR LINEAR LINEAR LINEAR LINEAR LINEAR LINEAR LINEAR LINEAR</Name_array>
        <technique_common>
          <accessor source="#Motion_23_LLeg_transform_interp_array_id" count="61" stride="1">
            <param name="INTERPOLATION" type="Name" />
          </accessor>
        </technique_common>
      </source>
      <source id="Motion_23_LLeg_transform_pose_id" name="Motion_23_LLeg_transform_pose">
        <float_array id="Motion_23_LLeg_transform_pose_array_id" count="976">0.9506846 0 0.3101592 34.299995 0 1 0 0 -0.3101592 0 0.9506846 0 0 0 0 1 0.94959927 0 0.3134665 34.299995 0 1 0 0 -0.3134665 0 0.94959927 0 0 0 0 1 0.94856095 0 0.31659463 34.299995 0 1 0 0 -0.31659463 0 0.94856095 0 0 0 0 1 0.94757366 0 0.3195374 34.299995 0 1 0 0 -0.3195374 0 0.94757366 0 0 0 0 1 0.9466414 0 0.3222889 34.299995 0 1 0 0 -0.3222889 0 0.9466414 0 0 0 0 1 0.945768 0 0.3248429 34.299995 0 1 0 0 -0.3248429 0 0.945768 0 0 0 0 1 0.9449574 0 0.3271934 34.299995 0 1 0 0 -0.3271934 0 0.9449574 0 0 0 0 1 0.9442134 0 0.32933432 34.299995 0 1 0 0 -0.32933432 0 0.9442134 0 0 0 0 1 0.9435397 0 0.33125946 34.299995 0 1 0 0 -0.33125946 0 0.9435397 0 0 0 0 1 0.94294 0 0.33296278 34.299995 0 1 0 0 -0.33296278 0 0.94294 0 0 0 0 1 0.94241774 0 0.33443806 34.299995 0 1 0 0 -0.33443806 0 0.94241774 0 0 0 0 1 0.94197637 0 0.3356791 34.299995 0 1 0 0 -0.3356791 0 0.94197637 0 0 0 0 1 0.9416193 0 0.33667964 34.299995 0 1 0 0 -0.33667964 0 0.9416193 0 0 0 0 1 0.9413494 0 0.33743337 34.299995 0 1 0 0 -0.33743337 0 0.9413494 0 0 0 0 1 0.94116986 0 0.33793393 34.299995 0 1 0 0 -0.33793393 0 0.94116986 0 0 0 0 1 0.94108325 0 0.33817494 34.299995 0 1 0 0 -0.33817494 0 0.94108325 0 0 0 0 1 0.9410923 0 0.33814982 34.299995 0 1 0 0 -0.33814982 0 0.9410923 0 0 0 0 1 0.94119924 0 0.337852 34.299995 0 1 0 0 -0.337852 0 0.94119924 0 0 0 0 1 0.9414062 0 0.33727488 34.299995 0 1 0 0 -0.33727488 0 0.9414062 0 0 0 0 1 0.94171506 0 0.33641157 34.299995 0 1 0 0 -0.33641157 0 0.94171506 0 0 0 0 1 0.9421273 0 0.33525532 34.299995 0 1 0 0 -0.33525532 0 0.9421273 0 0 0 0 1 0.9426383 0 0.33381602 34.299995 0 1 0 0 -0.33381602 0 0.9426383 0 0 0 0 1 0.9432353 0 0.33212528 34.299995 0 1 0 0 -0.33212528 0 0.9432353 0 0 0 0 1 0.943908 0 0.33020857 34.299995 0 1 0 0 -0.33020857 0 0.943908 0 0 0 0 1 0.9446459 0 0.32809162 34.299995 0 1 0 0 -0.32809162 0 0.9446459 0 0 0 0 1 0.9454388 0 0.32579982 34.299995 0 1 0 0 -0.32579982 0 0.9454388 0 0 0 0 1 0.94627637 0 0.323359 34.299995 0 1 0 0 -0.323359 0 0.94627637 0 0 0 0 1 0.94714874 0 0.3207948 34.299995 0 1 0 0 -0.3207948 0 0.94714874 0 0 0 0 1 0.9480461 0 0.31813312 34.299995 0 1 0 0 -0.31813312 0 0.9480461 0 0 0 0 1 0.9489589 0 0.31539977 34.299995 0 1 0 0 -0.31539977 0 0.9489589 0 0 0 0 1 0.949878 0 0.31262082 34.299995 0 1 0 0 -0.31262082 0 0.949878 0 0 0 0 1 0.95079446 0 0.3098224 34.299995 0 1 0 0 -0.3098224 0 0.95079446 0 0 0 0 1 0.9516996 0 0.30703062 34.299995 0 1 0 0 -0.30703062 0 0.9516996 0 0 0 0 1 0.9525852 0 0.3042719 34.299995 0 1 0 0 -0.3042719 0 0.9525852 0 0 0 0 1 0.9534432 0 0.3015726 34.299995 0 1 0 0 -0.3015726 0 0.9534432 0 0 0 0 1 0.9542659 0 0.29895914 34.299995 0 1 0 0 -0.29895914 0 0.9542659 0 0 0 0 1 0.9550458 0 0.2964582 34.299995 0 1 0 0 -0.2964582 0 0.9550458 0 0 0 0 1 0.9557758 0 0.29409638 34.299995 0 1 0 0 -0.29409638 0 0.9557758 0 0 0 0 1 0.95644873 0 0.29190043 34.299995 0 1 0 0 -0.29190043 0 0.95644873 0 0 0 0 1 0.95705783 0 0.28989694 34.299995 0 1 0 0 -0.28989694 0 0.95705783 0 0 0 0 1 0.9575964 0 0.28811288 34.299995 0 1 0 0 -0.28811288 0 0.9575964 0 0 0 0 1 0.9580578 0 0.28657496 34.299995 0 1 0 0 -0.28657496 0 0.9580578 0 0 0 0 1 0.9584353 0 0.2853099 34.299995 0 1 0 0 -0.2853099 0 0.9584353 0 0 0 0 1 0.9587222 0 0.28434455 34.299995 0 1 0 0 -0.28434455 0 0.9587222 0 0 0 0 1 0.9589114 0 0.28370556 34.299995 0 1 0 0 -0.28370556 0 0.9589114 0 0 0 0 1 0.958996 0 0.28341952 34.299995 0 1 0 0 -0.28341952 0 0.958996 0 0 0 0 1 0.9589684 0 0.28351307 34.299995 0 1 0 0 -0.28351307 0 0.9589684 0 0 0 0 1 0.9588454 0 0.28392875 34.299995 0 1 0 0 -0.28392875 0 0.9588454 0 0 0 0 1 0.9586495 0 0.2845893 34.299995 0 1 0 0 -0.2845893 0 0.9586495 0 0 0 0 1 0.9583815 0 0.28549075 34.299995 0 1 0 0 -0.28549075 0 0.9583815 0 0 0 0 1 0.9580416 0 0.2866292 34.299995 0 1 0 0 -0.2866292 0 0.9580416 0 0 0 0 1 0.95763016 0 0.28800076 34.299995 0 1 0 0 -0.28800076 0 0.95763016 0 0 0 0 1 0.95714736 0 0.2896014 34.299995 0 1 0 0 -0.2896014 0 0.95714736 0 0 0 0 1 0.95659304 0 0.29142702 34.299995 0 1 0 0 -0.29142702 0 0.95659304 0 0 0 0 1 0.9559672 0 0.29347366 34.299995 0 1 0 0 -0.29347366 0 0.9559672 0 0 0 0 1 0.9552694 0 0.29573706 34.299995 0 1 0 0 -0.29573706 0 0.9552694 0 0 0 0 1 0.9544993 0 0.2982132 34.299995 0 1 0 0 -0.2982132 0 0.9544993 0 0 0 0 1 0.95365644 0 0.30089775 34.299995 0 1 0 0 -0.30089775 0 0.95365644 0 0 0 0 1 0.95274013 0 0.30378646 34.299995 0 1 0 0 -0.30378646 0 0.95274013 0 0 0 0 1 0.9517498 0 0.30687508 34.299995 0 1 0 0 -0.30687508 0 0.9517498 0 0 0 0 1 0.9517498 0 0.30687508 34.299995 0 1 0 0 -0.30687508 0 0.9517498 0 0 0 0 1</float_array>
        <technique_common>
          <accessor source="#Motion_23_LLeg_transform_pose_array_id" count="61" stride="16">
            <param name="TRANSFORM" type="float4x4" />
          </accessor>
        </technique_common>
      </source>
      <sampler id="Motion_23_LLeg_transform_samp_id">
        <input semantic="INPUT" source="#Motion_23_LLeg_transform_frame_id" />
        <input semantic="INTERPOLATION" source="#Motion_23_LLeg_transform_interp_id" />
        <input semantic="OUTPUT" source="#Motion_23_LLeg_transform_pose_id" />
      </sampler>
      <channel source="#Motion_23_LLeg_transform_samp_id" target="LLeg_bone_id/transform" />
    </animation>
    <animation id="Motion_23_LFoot_transform_id" name="Motion_23_LFoot_transform">
      <source id="Motion_23_LFoot_transform_frame_id" name="Motion_23_LFoot_transform_frame">
        <float_array id="Motion_23_LFoot_transform_frame_array_id" count="61">0 0.033333335 0.06666667 0.1 0.13333334 0.16666667 0.2 0.23333333 0.26666668 0.3 0.33333334 0.36666667 0.4 0.43333334 0.46666667 0.5 0.53333336 0.56666666 0.6 0.6333333 0.6666667 0.7 0.73333335 0.76666665 0.8 0.8333333 0.8666667 0.9 0.93333334 0.96666664 1 1.0333333 1.0666667 1.1 1.1333333 1.1666666 1.2 1.2333333 1.2666667 1.3 1.3333334 1.3666667 1.4 1.4333333 1.4666667 1.5 1.5333333 1.5666667 1.6 1.6333333 1.6666666 1.7 1.7333333 1.7666667 1.8 1.8333334 1.8666667 1.9 1.9333333 1.9666667 2</float_array>
        <technique_common>
          <accessor source="#Motion_23_LFoot_transform_frame_array_id" count="61" stride="1">
            <param name="TIME" type="float" />
          </accessor>
        </technique_common>
      </source>
      <source id="Motion_23_LFoot_transform_interp_id" name="Motion_23_LFoot_transform_interp">
        <Name_array id="Motion_23_LFoot_transform_interp_array_id" count="61">LINEAR LINEAR LINEAR LINEAR LINEAR LINEAR LINEAR LINEAR LINEAR LINEAR LINEAR LINEAR LINEAR LINEAR LINEAR LINEAR LINEAR LINEAR LINEAR LINEAR LINEAR LINEAR LINEAR LINEAR LINEAR LINEAR LINEAR LINEAR LINEAR LINEAR LINEAR LINEAR LINEAR LINEAR LINEAR LINEAR LINEAR LINEAR LINEAR LINEAR LINEAR LINEAR LINEAR LINEAR LINEAR LINEAR LINEAR LINEAR LINEAR LINEAR LINEAR LINEAR LINEAR LINEAR LINEAR LINEAR LINEAR LINEAR LINEAR LINEAR LINEAR</Name_array>
        <technique_common>
          <accessor source="#Motion_23_LFoot_transform_interp_array_id" count="61" stride="1">
            <param name="INTERPOLATION" type="Name" />
          </accessor>
        </technique_common>
      </source>
      <source id="Motion_23_LFoot_transform_pose_id" name="Motion_23_LFoot_transform_pose">
        <float_array id="Motion_23_LFoot_transform_pose_array_id" count="976">-0.17812884 0.103895634 -0.97850686 34.3 0.09022917 0.99194556 0.08889706 0 0.97986156 -0.07245473 -0.18606853 0 0 0 0 1 -0.1792674 0.104622364 -0.9782217 34.3 0.08998783 0.99190474 0.08959478 0 0.9796763 -0.07196663 -0.18723083 0 0 0 0 1 -0.18032789 0.10525103 -0.9779591 34.3 0.08978267 0.9918691 0.090192854 0 0.97950035 -0.07153949 -0.18831146 0 0 0 0 1 -0.18131244 0.105785266 -0.9777195 34.3 0.08961254 0.9918387 0.09069479 0 0.9793342 -0.07117184 -0.18931234 0 0 0 0 1 -0.18222225 0.10622864 -0.9775022 34.3 0.08947631 0.9918135 0.091104075 0 0.97917783 -0.070862114 -0.19023538 0 0 0 0 1 -0.18305826 0.106584646 -0.97730726 34.3 0.089372836 0.9917934 0.091424175 0 0.97903126 -0.07060876 -0.19108176 0 0 0 0 1 -0.18382263 0.10685682 -0.97713405 34.3 0.089301065 0.9917782 0.09165858 0 0.97889465 -0.07041019 -0.19185364 0 0 0 0 1 -0.18451619 0.1070486 -0.9769823 34.3 0.08925991 0.9917678 0.09181073 0 0.9787678 -0.07026479 -0.19255233 0 0 0 0 1 -0.18514037 0.107163474 -0.97685164 34.3 0.08924839 0.9917621 0.091884166 0 0.978651 -0.070170954 -0.19317937 0 0 0 0 1 -0.1856972 0.10720491 -0.9767414 34.3 0.08926552 0.99176073 0.09188232 0 0.97854394 -0.070127025 -0.19373691 0 0 0 0 1 -0.18618774 0.10717626 -0.97665113 34.3 0.08931029 0.9917635 0.091808654 0 0.97844666 -0.07013134 -0.19422615 0 0 0 0 1 -0.18661344 0.10708093 -0.97658026 34.3 0.08938172 0.9917702 0.09166665 0 0.978359 -0.0701822 -0.19464874 0 0 0 0 1 -0.18697608 0.10692233 -0.9765284 34.3 0.08947894 0.9917805 0.09145978 0 0.9782809 -0.070277944 -0.19500649 0 0 0 0 1 -0.18727672 0.10670381 -0.9764946 34.3 0.08960102 0.9917942 0.09119153 0 0.9782122 -0.07041685 -0.19530082 0 0 0 0 1 -0.18751729 0.10642874 -0.97647846 34.3 0.08974704 0.9918109 0.090865366 0 0.97815275 -0.07059724 -0.19553328 0 0 0 0 1 -0.18769896 0.10610045 -0.9764793 34.3 0.08991613 0.9918304 0.09048475 0 0.9781023 -0.07081734 -0.19570565 0 0 0 0 1 -0.1878233 0.10572223 -0.9764963 34.3 0.09010737 0.99185234 0.090053156 0 0.9780608 -0.07107544 -0.19581938 0 0 0 0 1 -0.18789196 0.10529745 -0.976529 34.3 0.09031994 0.9918764 0.08957405 0 0.97802794 -0.07136979 -0.19587612 0 0 0 0 1 -0.18790627 0.10482942 -0.9765765 34.3 0.09055296 0.99190223 0.089050926 0 0.97800356 -0.07169867 -0.1958772 0 0 0 0 1 -0.187868 0.10432144 -0.97663856 34.3 0.09080561 0.9919296 0.08848727 0 0.97798777 -0.07206033 -0.19582486 0 0 0 0 1 -0.18777835 0.10377681 -0.97671366 34.3 0.09107703 0.99195814 0.08788652 0 0.97797966 -0.072453 -0.19571996 0 0 0 0 1 -0.187639 0.10319884 -0.9768018 34.3 0.091366366 0.9919875 0.08725217 0 0.9779795 -0.07287492 -0.19556451 0 0 0 0 1 -0.18745124 0.102590784 -0.9769018 34.3 0.09167278 0.99201745 0.08658769 0 0.97798675 -0.07332433 -0.1953597 0 0 0 0 1 -0.187217 0.10198302 -0.9770104 34.3 0.091968425 0.99204737 0.085929416 0 0.9780039 -0.073766656 -0.19510734 0 0 0 0 1 -0.18693769 0.10140402 -0.97712404 34.3 0.09222715 0.9920767 0.08531139 0 0.9780329 -0.07416945 -0.19480872 0 0 0 0 1 -0.18661475 0.10085445 -0.9772427 34.3 0.092450865 0.99210536 0.08473385 0 0.9780735 -0.07453435 -0.19446552 0 0 0 0 1 -0.18624997 0.100334935 -0.9773658 34.3 0.09264142 0.99213326 0.084196895 0 0.97812504 -0.07486288 -0.19408 0 0 0 0 1 -0.18584394 0.09984605 -0.97749317 34.3 0.09280059 0.9921604 0.08370071 0 0.9781872 -0.07515667 -0.19365275 0 0 0 0 1 -0.1853981 0.099388465 -0.97762436 34.3 0.09293024 0.99218655 0.08324546 0 0.9782594 -0.07541732 -0.1931858 0 0 0 0 1 -0.18491447 0.098962836 -0.97775924 34.3 0.09303222 0.99221164 0.082831316 0 0.97834134 -0.07564639 -0.19268107 0 0 0 0 1 -0.18439376 0.09856974 -0.9778973 34.3 0.09310826 0.9922356 0.082458384 0 0.9784324 -0.0758455 -0.19213974 0 0 0 0 1 -0.18383753 0.09820988 -0.97803813 34.3 0.093160234 0.9922582 0.08212687 0 0.978532 -0.07601626 -0.1915636 0 0 0 0 1 -0.18324733 0.09788391 -0.97818154 34.3 0.09318994 0.99227935 0.08183693 0 0.9786399 -0.076160274 -0.19095433 0 0 0 0 1 -0.18262422 0.09759245 -0.97832716 34.3 0.09319914 0.99229896 0.08158873 0 0.9787555 -0.07627918 -0.19031334 0 0 0 0 1 -0.18196976 0.097336166 -0.9784746 34.3 0.093189634 0.9923168 0.08138239 0 0.97887826 -0.07637455 -0.18964243 0 0 0 0 1 -0.18128538 0.09711572 -0.97862357 34.3 0.09316323 0.9923327 0.08121813 0 0.9790078 -0.076448075 -0.18894303 0 0 0 0 1 -0.18057251 0.09693176 -0.97877365 34.3 0.093121685 0.9923466 0.081096075 0 0.97914344 -0.07650133 -0.18821692 0 0 0 0 1 -0.17983234 0.09678496 -0.97892433 34.3 0.093066774 0.99235827 0.0810164 0 0.9792848 -0.07653598 -0.18746555 0 0 0 0 1 -0.17909181 0.09667657 -0.97907084 34.3 0.09300098 0.99236757 0.080977775 0 0.9794268 -0.076552086 -0.18671596 0 0 0 0 1 -0.17837954 0.0966079 -0.97920763 34.3 0.09292676 0.9923745 0.080978714 0 0.97956383 -0.07654964 -0.18599677 0 0 0 0 1 -0.17769992 0.09657971 -0.979334 34.3 0.09284601 0.9923787 0.08101926 0 0.97969496 -0.076530136 -0.18531263 0 0 0 0 1 -0.17705715 0.09659266 -0.9794491 34.3 0.09276054 0.99238014 0.081099376 0 0.9798195 -0.07649501 -0.18466794 0 0 0 0 1 -0.1764555 0.096647516 -0.9795523 34.3 0.09267227 0.9923786 0.081219144 0 0.9799364 -0.07644578 -0.18406713 0 0 0 0 1 -0.17589855 0.09674495 -0.9796428 34.3 0.09258301 0.9923739 0.081378564 0 0.9800449 -0.0763839 -0.18351412 0 0 0 0 1 -0.17539155 0.096885666 -0.9797199 34.3 0.09249467 0.9923658 0.081577644 0 0.98014414 -0.07631083 -0.18301404 0 0 0 0 1 -0.17493808 0.097070366 -0.97978264 34.3 0.092409104 0.9923541 0.08181642 0 0.98023325 -0.07622804 -0.1825707 0 0 0 0 1 -0.17454278 0.0972936 -0.9798311 34.3 0.092322096 0.9923396 0.08208981 0 0.980312 -0.07613188 -0.18218815 0 0 0 0 1 -0.17421019 0.09754889 -0.9798649 34.3 0.09222838 0.9923233 0.082391895 0 0.98038 -0.076017864 -0.1818695 0 0 0 0 1 -0.17394423 0.09783555 -0.9798833 34.3 0.09212852 0.99230516 0.08272155 0 0.9804363 -0.075886264 -0.18161929 0 0 0 0 1 -0.1737498 0.09815283 -0.9798862 34.3 0.092023015 0.9922852 0.08307761 0 0.9804808 -0.07573736 -0.18144166 0 0 0 0 1 -0.17363107 0.09849999 -0.97987247 34.3 0.091912396 0.99226344 0.08345891 0 0.98051226 -0.075571366 -0.18134117 0 0 0 0 1 -0.17359185 0.09887627 -0.9798414 34.3 0.0917972 0.9922399 0.08386431 0 0.98052996 -0.07538854 -0.18132138 0 0 0 0 1 -0.17363715 0.09928093 -0.9797926 34.3 0.091678016 0.9922146 0.08429263 0 0.98053324 -0.075189106 -0.18138719 0 0 0 0 1 -0.17377067 0.09971318 -0.979725 34.3 0.09155536 0.9921876 0.08474272 0 0.98052096 -0.07497328 -0.18154228 0 0 0 0 1 -0.17399669 0.10017225 -0.979638 34.3 0.091429815 0.9921589 0.085213415 0 0.9804926 -0.07474128 -0.18179107 0 0 0 0 1 -0.1743195 0.10065733 -0.9795309 34.3 0.09130198 0.99212843 0.08570356 0 0.9804471 -0.0744933 -0.18213761 0 0 0 0 1 -0.17474377 0.101185545 -0.9794009 34.3 0.09115453 0.99209607 0.08623342 0 0.9803853 -0.074208066 -0.1825862 0 0 0 0 1 -0.17532659 0.10177478 -0.9792356 34.3 0.09097214 0.9920617 0.08681978 0 0.9802982 -0.073861346 -0.18319345 0 0 0 0 1 -0.17610312 0.102424294 -0.9790285 34.3 0.09075691 0.99202526 0.08745905 0 0.9801789 -0.073451795 -0.18399441 0 0 0 0 1 -0.17704666 0.103131965 -0.97878414 34.3 0.090509176 0.99198663 0.0881514 0 0.980032 -0.072982036 -0.18496227 0 0 0 0 1 -0.17704666 0.103131965 -0.97878414 34.3 0.090509176 0.99198663 0.0881514 0 0.980032 -0.072982036 -0.18496227 0 0 0 0 1</float_array>
        <technique_common>
          <accessor source="#Motion_23_LFoot_transform_pose_array_id" count="61" stride="16">
            <param name="TRANSFORM" type="float4x4" />
          </accessor>
        </technique_common>
      </source>
      <sampler id="Motion_23_LFoot_transform_samp_id">
        <input semantic="INPUT" source="#Motion_23_LFoot_transform_frame_id" />
        <input semantic="INTERPOLATION" source="#Motion_23_LFoot_transform_interp_id" />
        <input semantic="OUTPUT" source="#Motion_23_LFoot_transform_pose_id" />
      </sampler>
      <channel source="#Motion_23_LFoot_transform_samp_id" target="LFoot_bone_id/transform" />
    </animation>
    <animation id="Motion_23_Spine2_transform_id" name="Motion_23_Spine2_transform">
      <source id="Motion_23_Spine2_transform_frame_id" name="Motion_23_Spine2_transform_frame">
        <float_array id="Motion_23_Spine2_transform_frame_array_id" count="61">0 0.033333335 0.06666667 0.1 0.13333334 0.16666667 0.2 0.23333333 0.26666668 0.3 0.33333334 0.36666667 0.4 0.43333334 0.46666667 0.5 0.53333336 0.56666666 0.6 0.6333333 0.6666667 0.7 0.73333335 0.76666665 0.8 0.8333333 0.8666667 0.9 0.93333334 0.96666664 1 1.0333333 1.0666667 1.1 1.1333333 1.1666666 1.2 1.2333333 1.2666667 1.3 1.3333334 1.3666667 1.4 1.4333333 1.4666667 1.5 1.5333333 1.5666667 1.6 1.6333333 1.6666666 1.7 1.7333333 1.7666667 1.8 1.8333334 1.8666667 1.9 1.9333333 1.9666667 2</float_array>
        <technique_common>
          <accessor source="#Motion_23_Spine2_transform_frame_array_id" count="61" stride="1">
            <param name="TIME" type="float" />
          </accessor>
        </technique_common>
      </source>
      <source id="Motion_23_Spine2_transform_interp_id" name="Motion_23_Spine2_transform_interp">
        <Name_array id="Motion_23_Spine2_transform_interp_array_id" count="61">LINEAR LINEAR LINEAR LINEAR LINEAR LINEAR LINEAR LINEAR LINEAR LINEAR LINEAR LINEAR LINEAR LINEAR LINEAR LINEAR LINEAR LINEAR LINEAR LINEAR LINEAR LINEAR LINEAR LINEAR LINEAR LINEAR LINEAR LINEAR LINEAR LINEAR LINEAR LINEAR LINEAR LINEAR LINEAR LINEAR LINEAR LINEAR LINEAR LINEAR LINEAR LINEAR LINEAR LINEAR LINEAR LINEAR LINEAR LINEAR LINEAR LINEAR LINEAR LINEAR LINEAR LINEAR LINEAR LINEAR LINEAR LINEAR LINEAR LINEAR LINEAR</Name_array>
        <technique_common>
          <accessor source="#Motion_23_Spine2_transform_interp_array_id" count="61" stride="1">
            <param name="INTERPOLATION" type="Name" />
          </accessor>
        </technique_common>
      </source>
      <source id="Motion_23_Spine2_transform_pose_id" name="Motion_23_Spine2_transform_pose">
        <float_array id="Motion_23_Spine2_transform_pose_array_id" count="976">0.99695694 0.009440797 -0.07738058 13.5 -0.009191076 0.99995136 0.003582682 0 0.07741064 -0.002860569 0.9969952 0 0 0 0 1 0.9968332 0.009369375 -0.07896722 13.5 -0.009105621 0.9999517 0.0036994894 0 0.07899807 -0.0029687285 0.99687034 0 0 0 0 1 0.9967129 0.009251276 -0.08048441 13.5 -0.00897743 0.9999526 0.0037636687 0 0.08051542 -0.0030287541 0.99674875 0 0 0 0 1 0.9965968 0.009088617 -0.08192823 13.5 -0.008809114 0.9999541 0.0037723873 0 0.08195875 -0.003037834 0.9966311 0 0 0 0 1 0.99648535 0.008883524 -0.083294705 13.5 -0.0086032795 0.9999561 0.0037228304 0 0.08332412 -0.0029931383 0.996518 0 0 0 0 1 0.99637926 0.008638116 -0.084579885 13.5 -0.008362517 0.9999585 0.0036121998 0 0.08460757 -0.0028918204 0.99641013 0 0 0 0 1 0.9962791 0.00835453 -0.08577979 13.5 -0.008089421 0.9999614 0.0034377151 0 0.0858052 -0.002731015 0.9963082 0 0 0 0 1 0.9961855 0.008034907 -0.08689045 13.5 -0.0077865697 0.9999646 0.0031966132 0 0.08691306 -0.002507841 0.9962127 0 0 0 0 1 0.996099 0.0076814014 -0.08790789 13.5 -0.007456529 0.99996805 0.002886143 0 0.087927245 -0.0022193966 0.99612445 0 0 0 0 1 0.99602026 0.0072961776 -0.08882812 13.5 -0.007101847 0.9999716 0.002503575 0 0.08884387 -0.0018627679 0.9960438 0 0 0 0 1 0.9959498 0.00688142 -0.08964713 13.5 -0.006725053 0.99997526 0.0020461879 0 0.08965899 -0.0014350187 0.9959715 0 0 0 0 1 0.9958883 0.0064393324 -0.090360925 13.5 -0.006328657 0.99997884 0.001511279 0 0.09036875 -0.00093320175 0.99590796 0 0 0 0 1 0.99583614 0.00597214 -0.09096548 13.5 -0.005915144 0.9999821 0.0008961556 0 0.090969205 -0.00035435022 0.99585366 0 0 0 0 1 0.99579394 0.0054820953 -0.0914568 13.5 -0.00548697 0.9999849 0.00019813962 0 0.0914565 0.00030451443 0.995809 0 0 0 0 1 0.9957622 0.0049714777 -0.091830835 13.5 -0.005046561 0.99998707 -0.0005854403 0 0.09182674 0.0010463892 0.99577445 0 0 0 0 1 0.99574137 0.004443688 -0.09208349 13.5 -0.0045952215 0.99998844 -0.0014336483 0 0.092076056 0.0018506869 0.99575025 0 0 0 0 1 0.9957319 0.00390247 -0.0922107 13.5 -0.0041339104 0.9999888 -0.0023190393 0 0.092200615 0.002690332 0.99573684 0 0 0 0 1 0.9957341 0.0033506604 -0.09220845 13.5 -0.0036645012 0.9999881 -0.0032345024 0 0.09219652 0.0035586022 0.99573445 0 0 0 0 1 0.9957484 0.002791109 -0.09207272 13.5 -0.0031888406 0.99998623 -0.0041729207 0 0.0920598 0.004448784 0.9957435 0 0 0 0 1 0.99577504 0.0022266838 -0.09179951 13.5 -0.0027087624 0.9999832 -0.005127169 0 0.09178655 0.0053541698 0.9957643 0 0 0 0 1 0.99581426 0.0016602599 -0.09138481 13.5 -0.0022260875 0.99997896 -0.006090121 0 0.09137279 0.0062680603 0.99579704 0 0 0 0 1 0.9958663 0.0010947271 -0.090824634 13.5 -0.0017426373 0.9999736 -0.0070546432 0 0.090814516 0.007183756 0.9958419 0 0 0 0 1 0.9959288 0.00053286186 -0.09014148 13.5 -0.0012603318 0.9999671 -0.008013586 0 0.09013424 0.00809457 0.99589676 0 0 0 0 1 0.99599874 -2.2654101E-05 -0.08936697 13.5 -0.00078118395 0.9999595 -0.008959814 0 0.08936356 0.008993776 0.99595845 0 0 0 0 1 0.99607503 -0.000569092 -0.08851088 13.5 -0.00030718092 0.99995106 -0.009886235 0 0.088512175 0.009874621 0.99602616 0 0 0 0 1 0.99615663 -0.0011037602 -0.08758298 13.5 0.00015965936 0.9999418 -0.010785774 0 0.08758979 0.010730336 0.9960988 0 0 0 0 1 0.99624246 -0.0016240058 -0.086593084 13.5 0.00061728753 0.99993193 -0.011651361 0 0.08660611 0.011554128 0.99617565 0 0 0 0 1 0.9963315 -0.0021272055 -0.085550986 13.5 0.0010636114 0.9999216 -0.012475943 0 0.08557082 0.012339182 0.9962557 0 0 0 0 1 0.9964229 -0.0026107712 -0.084466524 13.5 0.0014965006 0.99991107 -0.013252487 0 0.084493615 0.013078678 0.9963382 0 0 0 0 1 0.9965157 -0.0030576466 -0.08334962 13.5 0.0018992852 0.9999006 -0.01397337 0 0.08338406 0.013766378 0.9964224 0 0 0 0 1 0.99660903 -0.0034509897 -0.08221025 13.5 0.0022554402 0.99989045 -0.014631013 0 0.082251735 0.014395979 0.9965076 0 0 0 0 1 0.9967022 -0.0037885914 -0.08105826 13.5 0.0025630086 0.9998809 -0.015218489 0 0.08110625 0.014960548 0.9965932 0 0 0 0 1 0.9967943 -0.0040682727 -0.07990354 13.5 0.00282 0.9998723 -0.015728878 0 0.079957336 0.015453128 0.9966785 0 0 0 0 1 0.9968847 -0.004287881 -0.078755945 13.5 0.0030243995 0.99986494 -0.016155273 0 0.07881458 0.015866756 0.996763 0 0 0 0 1 0.9969727 -0.004445285 -0.07762537 13.5 0.0031741655 0.999859 -0.016490767 0 0.07768773 0.01619445 0.9968462 0 0 0 0 1 0.9970576 -0.004538374 -0.07652166 13.5 0.0032672381 0.99985474 -0.016728472 0 0.07658646 0.016429234 0.99692756 0 0 0 0 1 0.9971388 -0.0045650527 -0.07545464 13.5 0.0033015478 0.99985236 -0.016861487 0 0.07552047 0.016564127 0.99700665 0 0 0 0 1 0.9972157 -0.0045232275 -0.07443413 13.5 0.0032750117 0.9998521 -0.016882919 0 0.07449949 0.016592138 0.997083 0 0 0 0 1 0.9972877 -0.0044108103 -0.07346997 13.5 0.0031855502 0.999854 -0.01678586 0 0.07353328 0.016506288 0.99715614 0 0 0 0 1 0.9973542 -0.004225706 -0.07257191 13.5 0.0030310883 0.9998582 -0.016563414 0 0.07263162 0.016299618 0.99722564 0 0 0 0 1 0.99741477 -0.0039658053 -0.071749724 13.5 0.0028095662 0.9998647 -0.016208643 0 0.07180429 0.015965154 0.99729097 0 0 0 0 1 0.99746877 -0.003628976 -0.07101315 13.5 0.0025189475 0.99987334 -0.015714623 0 0.07106118 0.015495968 0.9973516 0 0 0 0 1 0.9975157 -0.0032130547 -0.07037183 13.5 0.0021572292 0.99988407 -0.015074385 0 0.07041211 0.014885128 0.9974069 0 0 0 0 1 0.99755484 -0.0027158358 -0.06983544 13.5 0.0017224494 0.9998965 -0.014280956 0 0.069867 0.0141257495 0.9974563 0 0 0 0 1 0.9975857 -0.0021350638 -0.06941357 13.5 0.001212704 0.9999105 -0.013327314 0 0.069435805 0.01321096 0.9974989 0 0 0 0 1 0.9976076 -0.0014698787 -0.06911574 13.5 0.0006246902 0.9999248 -0.012248622 0 0.06912854 0.012176143 0.99753344 0 0 0 0 1 0.99761975 -0.0007198634 -0.06895143 13.5 -4.533137E-05 0.9999384 -0.011095383 0 0.06895517 0.011072098 0.9975583 0 0 0 0 1 0.9976241 0.00011684821 -0.06889213 13.5 -0.00079964194 0.9999508 -0.009883562 0 0.068887584 0.009915169 0.99757516 0 0 0 0 1 0.99762255 0.0010127632 -0.06890717 13.5 -0.0016112346 0.99996144 -0.008630157 0 0.06889577 0.008720665 0.9975858 0 0 0 0 1 0.99761456 0.0019298277 -0.06900316 13.5 -0.0024429432 0.99996996 -0.007352504 0 0.0689869 0.0075035356 0.99758935 0 0 0 0 1 0.99759966 0.002854154 -0.06918688 13.5 -0.003281727 0.9999762 -0.0060670977 0 0.06916791 0.0062795873 0.9975853 0 0 0 0 1 0.99757725 0.00377187 -0.06946515 13.5 -0.0041145305 0.99998003 -0.0047904216 0 0.06944569 0.005064632 0.9975729 0 0 0 0 1 0.9975469 0.004669109 -0.069844894 13.5 -0.0049282904 0.9999816 -0.0035389566 0 0.06982709 0.0038744912 0.99755156 0 0 0 0 1 0.9975082 0.0055320053 -0.0703331 13.5 -0.0057099466 0.999981 -0.0023291858 0 0.070318885 0.0027249802 0.99752086 0 0 0 0 1 0.9974606 0.006346679 -0.07093674 13.5 -0.0064464477 0.99997854 -0.0011776026 0 0.07092774 0.0016319022 0.9974801 0 0 0 0 1 0.9974036 0.007099232 -0.07166289 13.5 -0.007124768 0.9999746 -0.00010072085 0 0.071660355 0.00061104086 0.9974289 0 0 0 0 1 0.99733675 0.0077757365 -0.07251868 13.5 -0.0077319196 0.9999697 0.0008849199 0 0.072523355 -0.00032185458 0.99736667 0 0 0 0 1 0.9972593 0.008362216 -0.073511206 13.5 -0.008254961 0.99996436 0.0017627391 0 0.07352332 -0.001151076 0.9972928 0 0 0 0 1 0.99717075 0.008844638 -0.074647605 13.5 -0.008681016 0.9999592 0.0025161123 0 0.07466681 -0.0018609766 0.9972068 0 0 0 0 1 0.99707025 0.009208897 -0.07593504 13.5 -0.008997288 0.99995464 0.0031283482 0 0.075960405 -0.0024359736 0.99710786 0 0 0 0 1 0.99707025 0.009208897 -0.07593504 13.5 -0.008997288 0.99995464 0.0031283482 0 0.075960405 -0.0024359736 0.99710786 0 0 0 0 1</float_array>
        <technique_common>
          <accessor source="#Motion_23_Spine2_transform_pose_array_id" count="61" stride="16">
            <param name="TRANSFORM" type="float4x4" />
          </accessor>
        </technique_common>
      </source>
      <sampler id="Motion_23_Spine2_transform_samp_id">
        <input semantic="INPUT" source="#Motion_23_Spine2_transform_frame_id" />
        <input semantic="INTERPOLATION" source="#Motion_23_Spine2_transform_interp_id" />
        <input semantic="OUTPUT" source="#Motion_23_Spine2_transform_pose_id" />
      </sampler>
      <channel source="#Motion_23_Spine2_transform_samp_id" target="Spine2_bone_id/transform" />
    </animation>
    <animation id="Motion_23_Spine3_transform_id" name="Motion_23_Spine3_transform">
      <source id="Motion_23_Spine3_transform_frame_id" name="Motion_23_Spine3_transform_frame">
        <float_array id="Motion_23_Spine3_transform_frame_array_id" count="61">0 0.033333335 0.06666667 0.1 0.13333334 0.16666667 0.2 0.23333333 0.26666668 0.3 0.33333334 0.36666667 0.4 0.43333334 0.46666667 0.5 0.53333336 0.56666666 0.6 0.6333333 0.6666667 0.7 0.73333335 0.76666665 0.8 0.8333333 0.8666667 0.9 0.93333334 0.96666664 1 1.0333333 1.0666667 1.1 1.1333333 1.1666666 1.2 1.2333333 1.2666667 1.3 1.3333334 1.3666667 1.4 1.4333333 1.4666667 1.5 1.5333333 1.5666667 1.6 1.6333333 1.6666666 1.7 1.7333333 1.7666667 1.8 1.8333334 1.8666667 1.9 1.9333333 1.9666667 2</float_array>
        <technique_common>
          <accessor source="#Motion_23_Spine3_transform_frame_array_id" count="61" stride="1">
            <param name="TIME" type="float" />
          </accessor>
        </technique_common>
      </source>
      <source id="Motion_23_Spine3_transform_interp_id" name="Motion_23_Spine3_transform_interp">
        <Name_array id="Motion_23_Spine3_transform_interp_array_id" count="61">LINEAR LINEAR LINEAR LINEAR LINEAR LINEAR LINEAR LINEAR LINEAR LINEAR LINEAR LINEAR LINEAR LINEAR LINEAR LINEAR LINEAR LINEAR LINEAR LINEAR LINEAR LINEAR LINEAR LINEAR LINEAR LINEAR LINEAR LINEAR LINEAR LINEAR LINEAR LINEAR LINEAR LINEAR LINEAR LINEAR LINEAR LINEAR LINEAR LINEAR LINEAR LINEAR LINEAR LINEAR LINEAR LINEAR LINEAR LINEAR LINEAR LINEAR LINEAR LINEAR LINEAR LINEAR LINEAR LINEAR LINEAR LINEAR LINEAR LINEAR LINEAR</Name_array>
        <technique_common>
          <accessor source="#Motion_23_Spine3_transform_interp_array_id" count="61" stride="1">
            <param name="INTERPOLATION" type="Name" />
          </accessor>
        </technique_common>
      </source>
      <source id="Motion_23_Spine3_transform_pose_id" name="Motion_23_Spine3_transform_pose">
        <float_array id="Motion_23_Spine3_transform_pose_array_id" count="976">0.97596675 0.011021834 0.21764046 13.5 0.0144334175 0.99325776 -0.11502483 0 -0.21744084 0.11540171 0.9692275 0 0 0 0 1 0.97648203 0.011016932 0.215317 13.5 0.014152017 0.99326444 -0.11500214 0 -0.21513368 0.1153447 0.969749 0 0 0 0 1 0.97697437 0.0110066235 0.21307267 13.5 0.0139045175 0.99326086 -0.11506311 0 -0.21290322 0.115376376 0.9702374 0 0 0 0 1 0.97744256 0.010991653 0.21091528 13.5 0.013690533 0.99324703 -0.11520804 0 -0.2107573 0.11549678 0.97069144 0 0 0 0 1 0.97788554 0.0109728 0.20885275 13.5 0.013509715 0.9932229 -0.11543726 0 -0.20870401 0.115705974 0.97111005 0 0 0 0 1 0.9783023 0.010950864 0.20689292 13.5 0.013361729 0.9931884 -0.11575109 0 -0.20675121 0.116004005 0.9714922 0 0 0 0 1 0.9786918 0.010926688 0.20504372 13.5 0.013246281 0.9931434 -0.11614983 0 -0.20490696 0.11639096 0.97183657 0 0 0 0 1 0.9790531 0.010901144 0.20331305 13.5 0.013163101 0.99308777 -0.116633765 0 -0.20317915 0.11686688 0.97214216 0 0 0 0 1 0.97938514 0.010875141 0.2017088 13.5 0.013111956 0.9930214 -0.11720313 0 -0.20157576 0.117431805 0.9724078 0 0 0 0 1 0.97968704 0.010849638 0.20023884 13.5 0.013092659 0.9929441 -0.117858216 0 -0.2001047 0.11808583 0.9726324 0 0 0 0 1 0.97995776 0.010825638 0.19891109 13.5 0.013105063 0.9928557 -0.11859924 0 -0.19877394 0.11882899 0.9728148 0 0 0 0 1 0.9801963 0.0108041875 0.1977334 13.5 0.013149066 0.992756 -0.11942639 0 -0.19759133 0.11966131 0.9729537 0 0 0 0 1 0.98040164 0.010786402 0.19671369 13.5 0.013224623 0.99264467 -0.120339915 0 -0.19656482 0.12058291 0.9730478 0 0 0 0 1 0.98057276 0.01077344 0.19585976 13.5 0.013331738 0.99252146 -0.12133993 0 -0.19570225 0.12159377 0.9730959 0 0 0 0 1 0.9807084 0.010766526 0.19517948 13.5 0.013470474 0.99238616 -0.1224266 0 -0.19501151 0.122693956 0.97309643 0 0 0 0 1 0.9808076 0.010766956 0.19468066 13.5 0.0136409635 0.99223834 -0.12360008 0 -0.19450042 0.12388353 0.97304803 0 0 0 0 1 0.9808689 0.010776085 0.1943711 13.5 0.013843394 0.9920777 -0.12486047 0 -0.19417676 0.12516251 0.97294897 0 0 0 0 1 0.9808909 0.010795345 0.19425862 13.5 0.014078029 0.9919039 -0.12620781 0 -0.19404833 0.12653087 0.97279763 0 0 0 0 1 0.98087233 0.01082624 0.19435088 13.5 0.014345202 0.99171656 -0.12764218 0 -0.19412287 0.1279887 0.972592 0 0 0 0 1 0.98081136 0.010866555 0.19465598 13.5 0.014641524 0.9915202 -0.12912516 0 -0.19440848 0.12949748 0.9723352 0 0 0 0 1 0.98070633 0.010913344 0.19518189 13.5 0.014962887 0.99132085 -0.13061059 0 -0.19491328 0.13101113 0.97203135 0 0 0 0 1 0.9805553 0.010967095 0.19593637 13.5 0.015308605 0.9911199 -0.13208696 0 -0.19564505 0.13251808 0.97168 0 0 0 0 1 0.9803561 0.011028307 0.1969271 13.5 0.015677996 0.99091905 -0.13354272 0 -0.19661155 0.13400683 0.97128063 0 0 0 0 1 0.9801144 0.011094784 0.19812298 13.5 0.016067704 0.99071985 -0.13496673 0 -0.1977818 0.13546622 0.9708405 0 0 0 0 1 0.979839 0.011163026 0.19947635 13.5 0.016473074 0.99052405 -0.13634802 0 -0.19910817 0.13688512 0.97037023 0 0 0 0 1 0.979533 0.011231508 0.20097005 13.5 0.016891418 0.9903334 -0.13767545 0 -0.20057365 0.1382523 0.9698745 0 0 0 0 1 0.9791991 0.011298597 0.20258687 13.5 0.01731994 0.9901496 -0.13893779 0 -0.20216112 0.13955654 0.96935797 0 0 0 0 1 0.97884035 0.011362546 0.20430972 13.5 0.017755743 0.98997474 -0.14012389 0 -0.20385362 0.14078657 0.9688255 0 0 0 0 1 0.9784598 0.011421514 0.20612147 13.5 0.018195827 0.98981065 -0.14122264 0 -0.2056342 0.14193122 0.96828204 0 0 0 0 1 0.9780605 0.011473541 0.20800503 13.5 0.018637083 0.9896592 -0.14222296 0 -0.20748587 0.14297925 0.96773267 0 0 0 0 1 0.97764575 0.011516573 0.20994331 13.5 0.01907631 0.9895224 -0.14311378 0 -0.20939179 0.14391951 0.96718264 0 0 0 0 1 0.9772189 0.011548448 0.21191928 13.5 0.019510204 0.98940223 -0.14388405 0 -0.21133503 0.1447408 0.96663725 0 0 0 0 1 0.9767836 0.011566924 0.2139159 13.5 0.019935383 0.9893006 -0.14452277 0 -0.21329881 0.14543198 0.96610206 0 0 0 0 1 0.9763434 0.011585351 0.2159151 13.5 0.020332716 0.98921967 -0.14502074 0 -0.21526758 0.1459802 0.96558255 0 0 0 0 1 0.97590226 0.011615993 0.21789882 13.5 0.02068401 0.9891613 -0.1453687 0 -0.21722567 0.14637265 0.9650845 0 0 0 0 1 0.975464 0.011654869 0.21985023 13.5 0.020987209 0.98912746 -0.14555556 0 -0.21915634 0.14659825 0.9646136 0 0 0 0 1 0.9750328 0.011697963 0.22175254 13.5 0.021240212 0.9891199 -0.14557034 0 -0.22104271 0.14664593 0.9641759 0 0 0 0 1 0.9746128 0.011741245 0.22358906 13.5 0.021440899 0.9891403 -0.14540207 0 -0.22286814 0.14650467 0.963777 0 0 0 0 1 0.97420824 0.011780668 0.22534303 13.5 0.021587133 0.98919034 -0.14503969 0 -0.2246158 0.14616339 0.9634231 0 0 0 0 1 0.9738236 0.011812214 0.22699787 13.5 0.021676805 0.9892714 -0.14447215 0 -0.22626902 0.14561099 0.9631198 0 0 0 0 1 0.97346336 0.011831911 0.22853684 13.5 0.021707838 0.9893849 -0.14368841 0 -0.22781101 0.14483646 0.96287304 0 0 0 0 1 0.973132 0.011835837 0.22994334 13.5 0.021678206 0.9895318 -0.14267729 0 -0.22922495 0.14382862 0.96268857 0 0 0 0 1 0.9728343 0.0118229855 0.23120044 13.5 0.021588774 0.9897098 -0.14145139 0 -0.23049371 0.14260009 0.96256834 0 0 0 0 1 0.9725748 0.011795549 0.23229118 13.5 0.021443592 0.9899124 -0.14004861 0 -0.23159985 0.1411889 0.9625109 0 0 0 0 1 0.9723581 0.011754634 0.23319846 13.5 0.02124563 0.9901351 -0.13849592 0 -0.23252594 0.13962209 0.9625161 0 0 0 0 1 0.97218895 0.011701553 0.23390538 13.5 0.020998042 0.9903733 -0.13682017 0 -0.23325464 0.13792661 0.9625843 0 0 0 0 1 0.9720718 0.011637779 0.23439474 13.5 0.020704156 0.9906227 -0.13504815 0 -0.23376842 0.13612944 0.9627155 0 0 0 0 1 0.9720112 0.011564972 0.23464957 13.5 0.020367472 0.990879 -0.13320671 0 -0.23404986 0.13425763 0.96290994 0 0 0 0 1 0.9720114 0.011484924 0.2346528 13.5 0.019991618 0.9911381 -0.13132265 0 -0.23408155 0.1323382 0.9631679 0 0 0 0 1 0.9720765 0.0113995345 0.23438725 13.5 0.019580338 0.9913962 -0.12942274 0 -0.23384598 0.13039817 0.96348965 0 0 0 0 1 0.9721991 0.011313871 0.23388238 13.5 0.01914049 0.9916496 -0.12753317 0 -0.23337226 0.12846425 0.96386427 0 0 0 0 1 0.97236913 0.011233539 0.23317821 13.5 0.018679485 0.99189496 -0.12568003 0 -0.23270012 0.12656304 0.9642782 0 0 0 0 1 0.9725865 0.011161278 0.23227331 13.5 0.01820189 0.992129 -0.12388999 0 -0.23182786 0.12472155 0.9647281 0 0 0 0 1 0.9728509 0.011099752 0.23116632 13.5 0.017712198 0.99234873 -0.122189745 0 -0.23075388 0.12296687 0.96521074 0 0 0 0 1 0.97316194 0.011051516 0.22985572 13.5 0.017214797 0.9925512 -0.120606 0 -0.22947645 0.1213261 0.9657228 0 0 0 0 1 0.9735191 0.011018988 0.22834004 13.5 0.016713936 0.9927337 -0.119165495 0 -0.22799395 0.11982635 0.966261 0 0 0 0 1 0.9739216 0.011004428 0.22661783 13.5 0.016213715 0.9928937 -0.11789502 0 -0.22630478 0.11849482 0.96682215 0 0 0 0 1 0.97436863 0.010999384 0.22468816 13.5 0.015728548 0.9930285 -0.116820164 0 -0.2244067 0.11735993 0.9674029 0 0 0 0 1 0.9748593 0.010997465 0.22254987 13.5 0.015270337 0.9931357 -0.11596685 0 -0.22229756 0.116449766 0.96799964 0 0 0 0 1 0.9753924 0.01100371 0.22020125 13.5 0.01483907 0.99321264 -0.11536238 0 -0.21997607 0.11579118 0.96860874 0 0 0 0 1 0.9753924 0.01100371 0.22020125 13.5 0.01483907 0.99321264 -0.11536238 0 -0.21997607 0.11579118 0.96860874 0 0 0 0 1</float_array>
        <technique_common>
          <accessor source="#Motion_23_Spine3_transform_pose_array_id" count="61" stride="16">
            <param name="TRANSFORM" type="float4x4" />
          </accessor>
        </technique_common>
      </source>
      <sampler id="Motion_23_Spine3_transform_samp_id">
        <input semantic="INPUT" source="#Motion_23_Spine3_transform_frame_id" />
        <input semantic="INTERPOLATION" source="#Motion_23_Spine3_transform_interp_id" />
        <input semantic="OUTPUT" source="#Motion_23_Spine3_transform_pose_id" />
      </sampler>
      <channel source="#Motion_23_Spine3_transform_samp_id" target="Spine3_bone_id/transform" />
    </animation>
    <animation id="Motion_23_RShoulder_transform_id" name="Motion_23_RShoulder_transform">
      <source id="Motion_23_RShoulder_transform_frame_id" name="Motion_23_RShoulder_transform_frame">
        <float_array id="Motion_23_RShoulder_transform_frame_array_id" count="61">0 0.033333335 0.06666667 0.1 0.13333334 0.16666667 0.2 0.23333333 0.26666668 0.3 0.33333334 0.36666667 0.4 0.43333334 0.46666667 0.5 0.53333336 0.56666666 0.6 0.6333333 0.6666667 0.7 0.73333335 0.76666665 0.8 0.8333333 0.8666667 0.9 0.93333334 0.96666664 1 1.0333333 1.0666667 1.1 1.1333333 1.1666666 1.2 1.2333333 1.2666667 1.3 1.3333334 1.3666667 1.4 1.4333333 1.4666667 1.5 1.5333333 1.5666667 1.6 1.6333333 1.6666666 1.7 1.7333333 1.7666667 1.8 1.8333334 1.8666667 1.9 1.9333333 1.9666667 2</float_array>
        <technique_common>
          <accessor source="#Motion_23_RShoulder_transform_frame_array_id" count="61" stride="1">
            <param name="TIME" type="float" />
          </accessor>
        </technique_common>
      </source>
      <source id="Motion_23_RShoulder_transform_interp_id" name="Motion_23_RShoulder_transform_interp">
        <Name_array id="Motion_23_RShoulder_transform_interp_array_id" count="61">LINEAR LINEAR LINEAR LINEAR LINEAR LINEAR LINEAR LINEAR LINEAR LINEAR LINEAR LINEAR LINEAR LINEAR LINEAR LINEAR LINEAR LINEAR LINEAR LINEAR LINEAR LINEAR LINEAR LINEAR LINEAR LINEAR LINEAR LINEAR LINEAR LINEAR LINEAR LINEAR LINEAR LINEAR LINEAR LINEAR LINEAR LINEAR LINEAR LINEAR LINEAR LINEAR LINEAR LINEAR LINEAR LINEAR LINEAR LINEAR LINEAR LINEAR LINEAR LINEAR LINEAR LINEAR LINEAR LINEAR LINEAR LINEAR LINEAR LINEAR LINEAR</Name_array>
        <technique_common>
          <accessor source="#Motion_23_RShoulder_transform_interp_array_id" count="61" stride="1">
            <param name="INTERPOLATION" type="Name" />
          </accessor>
        </technique_common>
      </source>
      <source id="Motion_23_RShoulder_transform_pose_id" name="Motion_23_RShoulder_transform_pose">
        <float_array id="Motion_23_RShoulder_transform_pose_array_id" count="976">-0.31377673 -0.94739425 -0.06315428 14.18017 0.93066144 -0.3200537 0.1772995 4.5 -0.18818527 -0.0031428114 0.9821285 -0.240233 0 0 0 1 -0.3114202 -0.94814986 -0.06347424 14.18017 0.9314099 -0.31779957 0.17742267 4.5 -0.18839541 -0.0038674995 0.98208565 -0.240233 0 0 0 1 -0.3088479 -0.9489696 -0.063795775 14.18017 0.93223166 -0.3153336 0.17750762 4.5 -0.18856627 -0.0046496093 0.98204947 -0.240233 0 0 0 1 -0.30612087 -0.94983125 -0.064116046 14.18017 0.9331038 -0.3127154 0.17755738 4.5 -0.18869959 -0.0054729357 0.9820196 -0.240233 0 0 0 1 -0.3033023 -0.9507136 -0.06443234 14.18017 0.934004 -0.31000626 0.17757493 4.5 -0.18879731 -0.006321177 0.9819957 -0.240233 0 0 0 1 -0.30045485 -0.951596 -0.06474164 14.18017 0.93491054 -0.3072672 0.17756326 4.5 -0.18886152 -0.0071778744 0.9819775 -0.240233 0 0 0 1 -0.2976427 -0.9524592 -0.06504113 14.18017 0.9358033 -0.30456042 0.17752531 4.5 -0.18889457 -0.008026615 0.9819646 -0.240233 0 0 0 1 -0.29492784 -0.9532838 -0.06532772 14.18017 0.9366616 -0.30194664 0.17746384 4.5 -0.18889888 -0.008850947 0.98195666 -0.240233 0 0 0 1 -0.29237425 -0.9540514 -0.06559831 14.18017 0.937466 -0.29948795 0.17738163 4.5 -0.1888771 -0.009634353 0.98195344 -0.240233 0 0 0 1 -0.29004598 -0.9547446 -0.06584978 14.18017 0.9381982 -0.29724658 0.1772815 4.5 -0.18883216 -0.010360375 0.9819547 -0.240233 0 0 0 1 -0.28800666 -0.9553458 -0.06607887 14.18017 0.93883926 -0.2952845 0.17716607 4.5 -0.18876696 -0.0110124275 0.9819602 -0.240233 0 0 0 1 -0.28631997 -0.9558387 -0.06628227 14.18017 0.9393716 -0.29366398 0.1770381 4.5 -0.18868458 -0.011574127 0.98196954 -0.240233 0 0 0 1 -0.28505063 -0.95620596 -0.06645669 14.18017 0.939777 -0.2924477 0.1769003 4.5 -0.18858822 -0.012028933 0.9819826 -0.240233 0 0 0 1 -0.28426147 -0.95643085 -0.06659868 14.18017 0.9400374 -0.29169714 0.17675534 4.5 -0.18848091 -0.012360506 0.98199904 -0.240233 0 0 0 1 -0.2840171 -0.9564961 -0.066704884 14.18017 0.9401344 -0.29147506 0.17660603 4.5 -0.18836577 -0.012552433 0.9820187 -0.240233 0 0 0 1 -0.28438056 -0.95638347 -0.06677191 14.18017 0.9400486 -0.29184294 0.17645514 4.5 -0.18824567 -0.012588449 0.9820413 -0.240233 0 0 0 1 -0.2852887 -0.9561121 -0.066786185 14.18017 0.93979734 -0.2927364 0.17631388 4.5 -0.18812655 -0.012465134 0.9820657 -0.240233 0 0 0 1 -0.28660882 -0.9557209 -0.06672856 14.18017 0.9394175 -0.29402184 0.176198 4.5 -0.18801579 -0.012186058 0.9820904 -0.240233 0 0 0 1 -0.28830194 -0.9552215 -0.06658762 14.18017 0.9389189 -0.29565847 0.17611733 4.5 -0.18791825 -0.011745408 0.98211443 -0.240233 0 0 0 1 -0.29032528 -0.95462364 -0.06637126 14.18017 0.9383151 -0.29760587 0.17605597 4.5 -0.18781963 -0.011163674 0.98214006 -0.240233 0 0 0 1 -0.2926358 -0.95393705 -0.066094056 14.18017 0.9376211 -0.29982412 0.17598893 4.5 -0.18769895 -0.0104705095 0.9821708 -0.240233 0 0 0 1 -0.29519176 -0.95317096 -0.06577988 14.18017 0.9368443 -0.30227673 0.17593075 4.5 -0.1875758 -0.009692207 0.9822023 -0.240233 0 0 0 1 -0.29794943 -0.9523349 -0.065454945 14.18017 0.93599164 -0.3049258 0.17589745 4.5 -0.18747218 -0.008856736 0.98223 -0.240233 0 0 0 1 -0.30086827 -0.95143974 -0.06512155 14.18017 0.9350747 -0.307732 0.17588776 4.5 -0.18738659 -0.007974446 0.98225385 -0.240233 0 0 0 1 -0.30390704 -0.9504966 -0.06478193 14.18017 0.9341052 -0.31065476 0.1759004 4.5 -0.18731755 -0.0070557594 0.98227406 -0.240233 0 0 0 1 -0.3070253 -0.94951737 -0.06443833 14.18017 0.9330958 -0.31365514 0.17593399 4.5 -0.18726377 -0.006110944 0.9822907 -0.240233 0 0 0 1 -0.31018174 -0.9485143 -0.064092875 14.18017 0.9320592 -0.31669235 0.17598712 4.5 -0.18722403 -0.0051503703 0.98230374 -0.240233 0 0 0 1 -0.31333625 -0.9475002 -0.06374778 14.18017 0.93100893 -0.31972778 0.17605835 4.5 -0.18719725 -0.0041842908 0.98231345 -0.240233 0 0 0 1 -0.31644797 -0.9464884 -0.06340505 14.18017 0.9299587 -0.32272148 0.17614618 4.5 -0.1871825 -0.0032229647 0.9823199 -0.240233 0 0 0 1 -0.31947756 -0.9454928 -0.063066795 14.18017 0.9289231 -0.32563496 0.17624912 4.5 -0.18717901 -0.002276577 0.98232317 -0.240233 0 0 0 1 -0.32238388 -0.94452775 -0.06273492 14.18017 0.9279169 -0.3284284 0.17636552 4.5 -0.18718609 -0.0013553724 0.9823235 -0.240233 0 0 0 1 -0.3251282 -0.9436082 -0.062411405 14.18017 0.9269555 -0.33106387 0.17649385 4.5 -0.18720323 -0.00046946853 0.9823211 -0.240233 0 0 0 1 -0.32766974 -0.9427494 -0.062098056 14.18017 0.92605484 -0.33350194 0.17663248 4.5 -0.18722998 0.0003709197 0.982316 -0.240233 0 0 0 1 -0.32996953 -0.94196683 -0.06179674 14.18017 0.9252307 -0.33570433 0.17677972 4.5 -0.18726604 0.0011556596 0.98230857 -0.240233 0 0 0 1 -0.33198726 -0.9412761 -0.061509185 14.18017 0.92449915 -0.33763206 0.17693383 4.5 -0.18731111 0.0018746182 0.98229885 -0.240233 0 0 0 1 -0.33368468 -0.9406938 -0.061237216 14.18017 0.9238772 -0.33924794 0.17709328 4.5 -0.18736511 0.0025176406 0.9822871 -0.240233 0 0 0 1 -0.33502126 -0.94023514 -0.06098242 14.18017 0.9233806 -0.34051228 0.17725624 4.5 -0.18742779 0.0030746013 0.9822736 -0.240233 0 0 0 1 -0.33595765 -0.9399161 -0.06074655 14.18017 0.9230258 -0.34138703 0.17742103 4.5 -0.18749899 0.0035353228 0.98225844 -0.240233 0 0 0 1 -0.33645427 -0.93975234 -0.06053125 14.18017 0.9228287 -0.34183383 0.17758605 4.5 -0.18757853 0.0038896203 0.9822419 -0.240233 0 0 0 1 -0.33660483 -0.9397101 -0.060349457 14.18017 0.92275697 -0.34194696 0.17774096 4.5 -0.18766129 0.0041405708 0.98222506 -0.240233 0 0 0 1 -0.336542 -0.93974096 -0.060217552 14.18017 0.92276365 -0.34185994 0.17787305 4.5 -0.18774056 0.0042951927 0.98220927 -0.240233 0 0 0 1 -0.33628583 -0.93983775 -0.060142376 14.18017 0.92284244 -0.34159386 0.17797694 4.5 -0.18781367 0.004349172 0.982195 -0.240233 0 0 0 1 -0.33585703 -0.9399924 -0.060119078 14.18017 0.92298305 -0.34116793 0.17806384 4.5 -0.18788937 0.0043151006 0.9821807 -0.240233 0 0 0 1 -0.33527708 -0.940198 -0.060140148 14.18017 0.9231755 -0.34060228 0.17814884 4.5 -0.18797906 0.0042093247 0.982164 -0.240233 0 0 0 1 -0.3345678 -0.94044757 -0.06018863 14.18017 0.9234154 -0.33991456 0.17821857 4.5 -0.18806422 0.004047096 0.9821484 -0.240233 0 0 0 1 -0.33375013 -0.9407344 -0.06024745 14.18017 0.9236988 -0.33912253 0.17825958 4.5 -0.18812618 0.0038436502 0.9821373 -0.240233 0 0 0 1 -0.33284438 -0.9410505 -0.06031947 14.18017 0.9240174 -0.33824682 0.17827198 4.5 -0.18816581 0.0036005825 0.98213065 -0.240233 0 0 0 1 -0.33187044 -0.94138885 -0.060407557 14.18017 0.924364 -0.3373071 0.17825598 4.5 -0.18818408 0.0033193082 0.98212814 -0.240233 0 0 0 1 -0.3308488 -0.9417415 -0.0605146 14.18017 0.9247306 -0.3363241 0.1782117 4.5 -0.18818188 0.0030014217 0.98212963 -0.240233 0 0 0 1 -0.32979918 -0.9421013 -0.060643457 14.18017 0.9251098 -0.33531785 0.17813939 4.5 -0.18816018 0.0026483685 0.98213476 -0.240233 0 0 0 1 -0.32870758 -0.94247305 -0.0607941 14.18017 0.92550623 -0.33427453 0.17804146 4.5 -0.18812118 0.0022582486 0.9821432 -0.240233 0 0 0 1 -0.3275448 -0.9428666 -0.060965315 14.18017 0.92592925 -0.33316517 0.17792115 4.5 -0.18806745 0.0018275902 0.9821544 -0.240233 0 0 0 1 -0.32631004 -0.94328237 -0.061158165 14.18017 0.92637885 -0.33198893 0.17778015 4.5 -0.18800071 0.001355797 0.98216796 -0.240233 0 0 0 1 -0.32500184 -0.94371974 -0.061373755 14.18017 0.92685425 -0.33074498 0.17761993 4.5 -0.18792251 0.00084228814 0.9821835 -0.240233 0 0 0 1 -0.32361937 -0.9441791 -0.061613202 14.18017 0.9273557 -0.32943225 0.17744213 4.5 -0.18783455 0.00028636307 0.9822006 -0.240233 0 0 0 1 -0.32216144 -0.9446604 -0.0618776 14.18017 0.9278828 -0.3280499 0.17724834 4.5 -0.18773842 -0.00031259656 0.98221904 -0.240233 0 0 0 1 -0.32062697 -0.9451633 -0.062168114 14.18017 0.9284349 -0.3265971 0.1770401 4.5 -0.18763572 -0.0009552315 0.98223823 -0.240233 0 0 0 1 -0.3190179 -0.9456881 -0.062460914 14.18017 0.9290056 -0.3250711 0.17685369 4.5 -0.18755268 -0.0016070381 0.98225325 -0.240233 0 0 0 1 -0.31734014 -0.94623655 -0.062704414 14.18017 0.9295822 -0.32346833 0.17676356 4.5 -0.187543 -0.0021947548 0.98225397 -0.240233 0 0 0 1 -0.31559336 -0.9468062 -0.06291876 14.18017 0.9301429 -0.32179284 0.17687112 4.5 -0.18770948 -0.0027040914 0.9822209 -0.240233 0 0 0 1 -0.31559336 -0.9468062 -0.06291876 14.18017 0.9301429 -0.32179284 0.17687112 4.5 -0.18770948 -0.0027040914 0.9822209 -0.240233 0 0 0 1</float_array>
        <technique_common>
          <accessor source="#Motion_23_RShoulder_transform_pose_array_id" count="61" stride="16">
            <param name="TRANSFORM" type="float4x4" />
          </accessor>
        </technique_common>
      </source>
      <sampler id="Motion_23_RShoulder_transform_samp_id">
        <input semantic="INPUT" source="#Motion_23_RShoulder_transform_frame_id" />
        <input semantic="INTERPOLATION" source="#Motion_23_RShoulder_transform_interp_id" />
        <input semantic="OUTPUT" source="#Motion_23_RShoulder_transform_pose_id" />
      </sampler>
      <channel source="#Motion_23_RShoulder_transform_samp_id" target="RShoulder_bone_id/transform" />
    </animation>
    <animation id="Motion_23_RArm_transform_id" name="Motion_23_RArm_transform">
      <source id="Motion_23_RArm_transform_frame_id" name="Motion_23_RArm_transform_frame">
        <float_array id="Motion_23_RArm_transform_frame_array_id" count="61">0 0.033333335 0.06666667 0.1 0.13333334 0.16666667 0.2 0.23333333 0.26666668 0.3 0.33333334 0.36666667 0.4 0.43333334 0.46666667 0.5 0.53333336 0.56666666 0.6 0.6333333 0.6666667 0.7 0.73333335 0.76666665 0.8 0.8333333 0.8666667 0.9 0.93333334 0.96666664 1 1.0333333 1.0666667 1.1 1.1333333 1.1666666 1.2 1.2333333 1.2666667 1.3 1.3333334 1.3666667 1.4 1.4333333 1.4666667 1.5 1.5333333 1.5666667 1.6 1.6333333 1.6666666 1.7 1.7333333 1.7666667 1.8 1.8333334 1.8666667 1.9 1.9333333 1.9666667 2</float_array>
        <technique_common>
          <accessor source="#Motion_23_RArm_transform_frame_array_id" count="61" stride="1">
            <param name="TIME" type="float" />
          </accessor>
        </technique_common>
      </source>
      <source id="Motion_23_RArm_transform_interp_id" name="Motion_23_RArm_transform_interp">
        <Name_array id="Motion_23_RArm_transform_interp_array_id" count="61">LINEAR LINEAR LINEAR LINEAR LINEAR LINEAR LINEAR LINEAR LINEAR LINEAR LINEAR LINEAR LINEAR LINEAR LINEAR LINEAR LINEAR LINEAR LINEAR LINEAR LINEAR LINEAR LINEAR LINEAR LINEAR LINEAR LINEAR LINEAR LINEAR LINEAR LINEAR LINEAR LINEAR LINEAR LINEAR LINEAR LINEAR LINEAR LINEAR LINEAR LINEAR LINEAR LINEAR LINEAR LINEAR LINEAR LINEAR LINEAR LINEAR LINEAR LINEAR LINEAR LINEAR LINEAR LINEAR LINEAR LINEAR LINEAR LINEAR LINEAR LINEAR</Name_array>
        <technique_common>
          <accessor source="#Motion_23_RArm_transform_interp_array_id" count="61" stride="1">
            <param name="INTERPOLATION" type="Name" />
          </accessor>
        </technique_common>
      </source>
      <source id="Motion_23_RArm_transform_pose_id" name="Motion_23_RArm_transform_pose">
        <float_array id="Motion_23_RArm_transform_pose_array_id" count="976">0.693856 -0.7041373 -0.15084645 12.61957 0.43084148 0.23807347 0.8704578 0 -0.5770092 -0.66896325 0.46856022 0 0 0 0 1 0.692144 -0.7050607 -0.15435688 12.61957 0.43494102 0.23677534 0.8687714 0 -0.5759887 -0.668451 0.4705425 0 0 0 0 1 0.69025254 -0.7060394 -0.15830225 12.61957 0.43950272 0.23531306 0.86687076 0 -0.5747945 -0.66793406 0.47273177 0 0 0 0 1 0.6882231 -0.7070496 -0.16257246 12.61957 0.44440722 0.2337308 0.86479604 0 -0.5734555 -0.667421 0.47507685 0 0 0 0 1 0.68609875 -0.70806783 -0.16705818 12.61957 0.44953614 0.23207343 0.86258864 0 -0.5720016 -0.6669197 0.47752738 0 0 0 0 1 0.68392503 -0.7090716 -0.17165062 12.61957 0.4547724 0.2303865 0.8602929 0 -0.5704634 -0.66643786 0.48003334 0 0 0 0 1 0.6817504 -0.710039 -0.17624158 12.61957 0.46000087 0.22871757 0.85795546 0 -0.5688723 -0.6659827 0.4825468 0 0 0 0 1 0.67962575 -0.7109485 -0.18072373 12.61957 0.46510702 0.2271148 0.8556251 0 -0.5672604 -0.66556066 0.48502022 0 0 0 0 1 0.6776048 -0.7117796 -0.18499051 12.61957 0.46997842 0.2256279 0.85335356 0 -0.56566066 -0.665178 0.48740762 0 0 0 0 1 0.6757436 -0.7125123 -0.18893604 12.61957 0.47450417 0.22430742 0.85119444 0 -0.56410676 -0.66484004 0.48966438 0 0 0 0 1 0.67410016 -0.71312696 -0.19245498 12.61957 0.47857413 0.22320497 0.84920335 0 -0.56263286 -0.6645521 0.49174666 0 0 0 0 1 0.67273414 -0.7136042 -0.1954426 12.61957 0.48207942 0.22237253 0.84743726 0 -0.5612737 -0.6643188 0.4936115 0 0 0 0 1 0.6717061 -0.7139247 -0.19779406 12.61957 0.48491138 0.22186267 0.8459539 0 -0.5600642 -0.66414493 0.49521667 0 0 0 0 1 0.6710762 -0.714069 -0.19940513 12.61957 0.4869615 0.22172725 0.844811 0 -0.5590397 -0.66403514 0.49651986 0 0 0 0 1 0.670904 -0.71401656 -0.20017052 12.61957 0.48812035 0.2220186 0.84406525 0 -0.55823505 -0.663994 0.49747914 0 0 0 0 1 0.6712465 -0.7137466 -0.1999848 12.61957 0.4882776 0.22278643 0.84377205 0 -0.5576855 -0.6640272 0.4980511 0 0 0 0 1 0.6720433 -0.71329796 -0.19890654 12.61957 0.48748097 0.22395468 0.84392345 0 -0.55742276 -0.66411626 0.49822634 0 0 0 0 1 0.6731733 -0.71272844 -0.19711909 12.61957 0.48589045 0.22537148 0.8444632 0 -0.5574479 -0.66424835 0.49802202 0 0 0 0 1 0.6745997 -0.7120437 -0.19470243 12.61957 0.4835619 0.22697341 0.8453704 0 -0.5577483 -0.6644373 0.49743336 0 0 0 0 1 0.67628485 -0.71124965 -0.1917364 12.61957 0.48055023 0.22869682 0.84662235 0 -0.5583103 -0.6646968 0.4964553 0 0 0 0 1 0.67819023 -0.7103526 -0.1883008 12.61957 0.4769103 0.23047692 0.84819627 0 -0.55911946 -0.66504097 0.49508166 0 0 0 0 1 0.6802729 -0.7093715 -0.18444757 12.61957 0.4727226 0.23230803 0.850039 0 -0.5601448 -0.66545105 0.49336874 0 0 0 0 1 0.68248886 -0.7083291 -0.18021896 12.61957 0.4680767 0.23420596 0.8520867 0 -0.5613494 -0.665896 0.4913953 0 0 0 0 1 0.68479836 -0.7072394 -0.17568047 12.61957 0.46304262 0.23613906 0.8543008 0 -0.56271017 -0.6663714 0.48918962 0 0 0 0 1 0.68716335 -0.7061164 -0.17089804 12.61957 0.4576905 0.23807597 0.8566442 0 -0.5642038 -0.6668729 0.48677987 0 0 0 0 1 0.6895467 -0.7049751 -0.16593806 12.61957 0.45209193 0.23998624 0.8590806 0 -0.5658076 -0.6673954 0.4841953 0 0 0 0 1 0.69191325 -0.7038308 -0.16086753 12.61957 0.44631928 0.24184036 0.8615755 0 -0.5674991 -0.6679337 0.48146576 0 0 0 0 1 0.69422936 -0.70269924 -0.1557541 12.61957 0.44044596 0.24360919 0.864096 0 -0.5692565 -0.6684821 0.47862172 0 0 0 0 1 0.69646394 -0.7015966 -0.15066575 12.61957 0.43454626 0.24526519 0.8666109 0 -0.5710582 -0.6690345 0.4756946 0 0 0 0 1 0.69858706 -0.7005398 -0.14567117 12.61957 0.42869616 0.24678129 0.8690907 0 -0.5728837 -0.66958416 0.47271693 0 0 0 0 1 0.7005715 -0.69954544 -0.14083923 12.61957 0.42297155 0.24813163 0.87150764 0 -0.57471263 -0.6701244 0.4697218 0 0 0 0 1 0.702391 -0.6986312 -0.13623977 12.61957 0.41745025 0.2492904 0.8738361 0 -0.5765259 -0.6706479 0.4667431 0 0 0 0 1 0.7040219 -0.69781405 -0.13194239 12.61957 0.41220993 0.25023353 0.8760514 0 -0.5783046 -0.67114735 0.46381575 0 0 0 0 1 0.70544124 -0.69711137 -0.12801698 12.61957 0.40732932 0.2509374 0.87813044 0 -0.58003056 -0.6716145 0.4609756 0 0 0 0 1 0.70662737 -0.69654083 -0.12453398 12.61957 0.4028877 0.25137806 0.88005155 0 -0.5816866 -0.6720417 0.45825833 0 0 0 0 1 0.7075597 -0.69611895 -0.12156348 12.61957 0.39896393 0.25153315 0.88179296 0 -0.5832555 -0.67242056 0.4557011 0 0 0 0 1 0.70821756 -0.6958628 -0.1191757 12.61957 0.39563757 0.25137925 0.8833343 0 -0.5847211 -0.6727432 0.4533407 0 0 0 0 1 0.70863295 -0.695742 -0.11739878 12.61957 0.39293757 0.25094086 0.88466316 0 -0.58603704 -0.67303187 0.45120806 0 0 0 0 1 0.7088537 -0.6957276 -0.116144374 12.61957 0.39079008 0.25028837 0.88579845 0 -0.5872049 -0.67328954 0.44930124 0 0 0 0 1 0.70888424 -0.6958343 -0.11531611 12.61957 0.3891255 0.24946594 0.8867627 0 -0.58827245 -0.6734845 0.4476093 0 0 0 0 1 0.70875156 -0.69604146 -0.11488053 12.61957 0.38792038 0.24851406 0.8875576 0 -0.58922744 -0.67362237 0.4461434 0 0 0 0 1 0.7084819 -0.6963286 -0.114804 12.61957 0.38715082 0.24747258 0.8881844 0 -0.5900574 -0.67370903 0.44491404 0 0 0 0 1 0.7081007 -0.6966753 -0.11505249 12.61957 0.38679293 0.2463811 0.8886437 0 -0.59074926 -0.6737507 0.44393164 0 0 0 0 1 0.7076329 -0.6970612 -0.115591854 12.61957 0.38682273 0.24527943 0.8889355 0 -0.59129 -0.67375356 0.4432068 0 0 0 0 1 0.70710325 -0.697466 -0.11638804 12.61957 0.38721573 0.24420625 0.8890598 0 -0.5916663 -0.6737243 0.44274884 0 0 0 0 1 0.7065358 -0.6978702 -0.11740674 12.61957 0.3879481 0.24320102 0.88901603 0 -0.59186435 -0.67366934 0.4425677 0 0 0 0 1 0.70595497 -0.6982538 -0.118613794 12.61957 0.38899547 0.24230295 0.8888036 0 -0.59187 -0.67359555 0.4426725 0 0 0 0 1 0.70538455 -0.69859755 -0.11997512 12.61957 0.39033353 0.24155068 0.8884216 0 -0.5916691 -0.6735092 0.4430722 0 0 0 0 1 0.7048025 -0.6989226 -0.12149337 12.61957 0.39198118 0.24094242 0.8878612 0 -0.5912733 -0.67339 0.44378132 0 0 0 0 1 0.7041713 -0.69926286 -0.12318337 12.61957 0.39397132 0.24046195 0.8871102 0 -0.59070235 -0.6732083 0.44481593 0 0 0 0 1 0.70349115 -0.69961977 -0.12502952 12.61957 0.39630064 0.24012673 0.886163 0 -0.58995426 -0.67295706 0.44618678 0 0 0 0 1 0.70276207 -0.69999456 -0.1270162 12.61957 0.39896575 0.23995471 0.88501304 0 -0.58902615 -0.6726287 0.44790494 0 0 0 0 1 0.7019875 -0.7003815 -0.12914819 12.61957 0.40194333 0.23991817 0.88367456 0 -0.58792436 -0.67223877 0.44993323 0 0 0 0 1 0.70117384 -0.70076793 -0.13145164 12.61957 0.4051904 0.23994303 0.8821837 0 -0.58666515 -0.6718271 0.45218623 0 0 0 0 1 0.70032585 -0.70114416 -0.13394223 12.61957 0.40867335 0.23997855 0.8805659 0 -0.5852604 -0.67142165 0.45460218 0 0 0 0 1 0.6994361 -0.7015192 -0.13660154 12.61957 0.41233367 0.23997575 0.87885875 0 -0.58375514 -0.67103094 0.45710766 0 0 0 0 1 0.69848645 -0.701919 -0.13937847 12.61957 0.416089 0.23988831 0.8771109 0 -0.58222556 -0.67064387 0.45961952 0 0 0 0 1 0.69746554 -0.70236003 -0.14224008 12.61957 0.419871 0.23966807 0.87536716 0 -0.58073246 -0.6702609 0.4620608 0 0 0 0 1 0.69636375 -0.7028572 -0.14515282 12.61957 0.42361146 0.23926842 0.8736727 0 -0.57933664 -0.6698824 0.46435618 0 0 0 0 1 0.69517124 -0.703426 -0.14808364 12.61957 0.42724308 0.23864233 0.8720741 0 -0.5781006 -0.6695086 0.46643114 0 0 0 0 1 0.69517124 -0.703426 -0.14808364 12.61957 0.42724308 0.23864233 0.8720741 0 -0.5781006 -0.6695086 0.46643114 0 0 0 0 1</float_array>
        <technique_common>
          <accessor source="#Motion_23_RArm_transform_pose_array_id" count="61" stride="16">
            <param name="TRANSFORM" type="float4x4" />
          </accessor>
        </technique_common>
      </source>
      <sampler id="Motion_23_RArm_transform_samp_id">
        <input semantic="INPUT" source="#Motion_23_RArm_transform_frame_id" />
        <input semantic="INTERPOLATION" source="#Motion_23_RArm_transform_interp_id" />
        <input semantic="OUTPUT" source="#Motion_23_RArm_transform_pose_id" />
      </sampler>
      <channel source="#Motion_23_RArm_transform_samp_id" target="RArm_bone_id/transform" />
    </animation>
    <animation id="Motion_23_RForeArm_transform_id" name="Motion_23_RForeArm_transform">
      <source id="Motion_23_RForeArm_transform_frame_id" name="Motion_23_RForeArm_transform_frame">
        <float_array id="Motion_23_RForeArm_transform_frame_array_id" count="61">0 0.033333335 0.06666667 0.1 0.13333334 0.16666667 0.2 0.23333333 0.26666668 0.3 0.33333334 0.36666667 0.4 0.43333334 0.46666667 0.5 0.53333336 0.56666666 0.6 0.6333333 0.6666667 0.7 0.73333335 0.76666665 0.8 0.8333333 0.8666667 0.9 0.93333334 0.96666664 1 1.0333333 1.0666667 1.1 1.1333333 1.1666666 1.2 1.2333333 1.2666667 1.3 1.3333334 1.3666667 1.4 1.4333333 1.4666667 1.5 1.5333333 1.5666667 1.6 1.6333333 1.6666666 1.7 1.7333333 1.7666667 1.8 1.8333334 1.8666667 1.9 1.9333333 1.9666667 2</float_array>
        <technique_common>
          <accessor source="#Motion_23_RForeArm_transform_frame_array_id" count="61" stride="1">
            <param name="TIME" type="float" />
          </accessor>
        </technique_common>
      </source>
      <source id="Motion_23_RForeArm_transform_interp_id" name="Motion_23_RForeArm_transform_interp">
        <Name_array id="Motion_23_RForeArm_transform_interp_array_id" count="61">LINEAR LINEAR LINEAR LINEAR LINEAR LINEAR LINEAR LINEAR LINEAR LINEAR LINEAR LINEAR LINEAR LINEAR LINEAR LINEAR LINEAR LINEAR LINEAR LINEAR LINEAR LINEAR LINEAR LINEAR LINEAR LINEAR LINEAR LINEAR LINEAR LINEAR LINEAR LINEAR LINEAR LINEAR LINEAR LINEAR LINEAR LINEAR LINEAR LINEAR LINEAR LINEAR LINEAR LINEAR LINEAR LINEAR LINEAR LINEAR LINEAR LINEAR LINEAR LINEAR LINEAR LINEAR LINEAR LINEAR LINEAR LINEAR LINEAR LINEAR LINEAR</Name_array>
        <technique_common>
          <accessor source="#Motion_23_RForeArm_transform_interp_array_id" count="61" stride="1">
            <param name="INTERPOLATION" type="Name" />
          </accessor>
        </technique_common>
      </source>
      <source id="Motion_23_RForeArm_transform_pose_id" name="Motion_23_RForeArm_transform_pose">
        <float_array id="Motion_23_RForeArm_transform_pose_array_id" count="976">0.10251653 1.7484554E-07 -0.9947313 22.6 -1.7924549E-08 1 1.7392433E-07 0 0.9947313 -1.4210855E-14 0.10251653 0 0 0 0 1 0.10513073 1.7490368E-07 -0.99445844 22.6 -1.8159163E-08 1 1.739586E-07 0 0.99445844 -2.2986768E-10 0.10513073 0 0 0 0 1 0.10792118 1.7496534E-07 -0.99415946 22.6 -1.8409779E-08 1 1.7399476E-07 0 0.99415946 -4.754668E-10 0.10792118 0 0 0 0 1 0.11083382 1.7502924E-07 -0.99383897 22.6 -1.8671585E-08 1 1.7403201E-07 0 0.99383897 -7.320793E-10 0.11083382 0 0 0 0 1 0.11381489 1.7509416E-07 -0.99350196 22.6 -1.893978E-08 1 1.7406964E-07 0 0.99350196 -9.950085E-10 0.11381489 0 0 0 0 1 0.11681044 1.7515887E-07 -0.9931542 22.6 -1.9209516E-08 1 1.741069E-07 0 0.9931542 -1.2594867E-09 0.11681044 0 0 0 0 1 0.11976659 1.7522228E-07 -0.99280214 22.6 -1.947594E-08 1 1.7414318E-07 0 0.99280214 -1.5207888E-09 0.11976659 0 0 0 0 1 0.12262982 1.7528319E-07 -0.9924525 22.6 -1.9734195E-08 1 1.741778E-07 0 0.9924525 -1.77414E-09 0.12262982 0 0 0 0 1 0.1253463 1.7534057E-07 -0.99211305 22.6 -1.9979431E-08 1 1.7421021E-07 0 0.99211305 -2.0147652E-09 0.1253463 0 0 0 0 1 0.12786275 1.7539335E-07 -0.99179184 22.6 -2.0206777E-08 1 1.7423984E-07 0 0.99179184 -2.2378686E-09 0.12786275 0 0 0 0 1 0.13012528 1.7544053E-07 -0.9914975 22.6 -2.0411335E-08 1 1.7426619E-07 0 0.9914975 -2.4386537E-09 0.13012528 0 0 0 0 1 0.13208073 1.7548106E-07 -0.99123895 22.6 -2.0588232E-08 1 1.742887E-07 0 0.99123895 -2.6123104E-09 0.13208073 0 0 0 0 1 0.1336757 1.7551395E-07 -0.99102515 22.6 -2.0732607E-08 1 1.7430689E-07 0 0.99102515 -2.7540636E-09 0.1336757 0 0 0 0 1 0.13485658 1.7553822E-07 -0.9908652 22.6 -2.0839543E-08 1 1.7432026E-07 0 0.9908652 -2.8590605E-09 0.13485658 0 0 0 0 1 0.13557005 1.7555283E-07 -0.9907678 22.6 -2.0904174E-08 1 1.7432829E-07 0 0.9907678 -2.9225191E-09 0.13557005 0 0 0 0 1 0.13576269 1.7555678E-07 -0.9907414 22.6 -2.0921618E-08 1 1.7433047E-07 0 0.9907414 -2.9396574E-09 0.13576269 0 0 0 0 1 0.1353805 1.7554896E-07 -0.9907937 22.6 -2.0886993E-08 1 1.7432617E-07 0 0.9907937 -2.905665E-09 0.1353805 0 0 0 0 1 0.13450384 1.75531E-07 -0.9909131 22.6 -2.0807597E-08 1 1.7431628E-07 0 0.9909131 -2.8277043E-09 0.13450384 0 0 0 0 1 0.13327128 1.7550562E-07 -0.9910796 22.6 -2.0696E-08 1 1.7430229E-07 0 0.9910796 -2.7181102E-09 0.13327128 0 0 0 0 1 0.13171804 1.7547353E-07 -0.99128723 22.6 -2.0555412E-08 1 1.7428452E-07 0 0.99128723 -2.5800944E-09 0.13171804 0 0 0 0 1 0.1298784 1.754354E-07 -0.99152994 22.6 -2.038901E-08 1 1.7426333E-07 0 0.99152994 -2.4167406E-09 0.1298784 0 0 0 0 1 0.12778765 1.7539179E-07 -0.99180156 22.6 -2.0199998E-08 1 1.7423898E-07 0 0.99180156 -2.2312037E-09 0.12778765 0 0 0 0 1 0.12548083 1.7534342E-07 -0.99209607 22.6 -1.9991582E-08 1 1.742118E-07 0 0.99209607 -2.026674E-09 0.12548083 0 0 0 0 1 0.122992516 1.7529088E-07 -0.99240756 22.6 -1.976693E-08 1 1.7418216E-07 0 0.99240756 -1.8062494E-09 0.122992516 0 0 0 0 1 0.12035787 1.7523489E-07 -0.9927306 22.6 -1.9529253E-08 1 1.7415036E-07 0 0.9927306 -1.5730848E-09 0.12035787 0 0 0 0 1 0.117611766 1.751761E-07 -0.99305964 22.6 -1.9281707E-08 1 1.7411679E-07 0 0.99305964 -1.3302994E-09 0.117611766 0 0 0 0 1 0.114789546 1.7511528E-07 -0.99338984 22.6 -1.9027517E-08 1 1.740818E-07 0 0.99338984 -1.0810268E-09 0.114789546 0 0 0 0 1 0.11192578 1.7505309E-07 -0.99371654 22.6 -1.8769818E-08 1 1.7404588E-07 0 0.99371654 -8.283436E-10 0.11192578 0 0 0 0 1 0.109056294 1.749903E-07 -0.99403554 22.6 -1.8511784E-08 1 1.7400934E-07 0 0.99403554 -5.7544014E-10 0.109056294 0 0 0 0 1 0.106215656 1.7492772E-07 -0.9943431 22.6 -1.8256586E-08 1 1.7397272E-07 0 0.9943431 -3.25322E-10 0.106215656 0 0 0 0 1 0.10343957 1.748661E-07 -0.9946357 22.6 -1.8007363E-08 1 1.7393647E-07 0 0.9946357 -8.114398E-11 0.10343957 0 0 0 0 1 0.10076302 1.748063E-07 -0.9949104 22.6 -1.7767263E-08 1 1.739011E-07 0 0.9949104 1.5404567E-10 0.10076302 0 0 0 0 1 0.09822136 1.7474916E-07 -0.9951646 22.6 -1.7539463E-08 1 1.7386712E-07 0 0.9951646 3.771845E-10 0.09822136 0 0 0 0 1 0.09584993 1.7469551E-07 -0.9953958 22.6 -1.7327046E-08 1 1.7383508E-07 0 0.9953958 5.851959E-10 0.09584993 0 0 0 0 1 0.0936842 1.7464626E-07 -0.995602 22.6 -1.7133196E-08 1 1.7380555E-07 0 0.995602 7.7499607E-10 0.0936842 0 0 0 0 1 0.091759324 1.7460226E-07 -0.99578124 22.6 -1.6960989E-08 1 1.7377906E-07 0 0.99578124 9.435794E-10 0.091759324 0 0 0 0 1 0.09011096 1.745644E-07 -0.9959317 22.6 -1.6813594E-08 1 1.7375619E-07 0 0.9959317 1.0878694E-09 0.09011096 0 0 0 0 1 0.088774264 1.7453361E-07 -0.99605185 22.6 -1.669413E-08 1 1.7373756E-07 0 0.99605185 1.204782E-09 0.088774264 0 0 0 0 1 0.08778459 1.7451072E-07 -0.99613947 22.6 -1.660569E-08 1 1.7372366E-07 0 0.99613947 1.291319E-09 0.08778459 0 0 0 0 1 0.08717728 1.7449666E-07 -0.9961928 22.6 -1.655144E-08 1 1.7371511E-07 0 0.9961928 1.3444108E-09 0.08717728 0 0 0 0 1 0.08683723 1.7448878E-07 -0.9962225 22.6 -1.6521064E-08 1 1.7371032E-07 0 0.9962225 1.3741328E-09 0.08683723 0 0 0 0 1 0.086622655 1.7448382E-07 -0.9962412 22.6 -1.65019E-08 1 1.737073E-07 0 0.9962412 1.3928911E-09 0.086622655 0 0 0 0 1 0.08652949 1.7448167E-07 -0.99624926 22.6 -1.6493594E-08 1 1.73706E-07 0 0.99624926 1.401034E-09 0.08652949 0 0 0 0 1 0.08655387 1.7448222E-07 -0.99624723 22.6 -1.6495761E-08 1 1.7370635E-07 0 0.99624723 1.3988952E-09 0.08655387 0 0 0 0 1 0.08669126 1.7448541E-07 -0.99623525 22.6 -1.6508025E-08 1 1.7370827E-07 0 0.99623525 1.3868799E-09 0.08669126 0 0 0 0 1 0.086937785 1.744911E-07 -0.99621373 22.6 -1.6530045E-08 1 1.7371175E-07 0 0.99621373 1.3653434E-09 0.086937785 0 0 0 0 1 0.087288916 1.7449926E-07 -0.99618304 22.6 -1.6561415E-08 1 1.737167E-07 0 0.99618304 1.334655E-09 0.087288916 0 0 0 0 1 0.08774096 1.7450971E-07 -0.99614334 22.6 -1.6601788E-08 1 1.7372304E-07 0 0.99614334 1.2951276E-09 0.08774096 0 0 0 0 1 0.08828932 1.745224E-07 -0.9960948 22.6 -1.6650787E-08 1 1.7373074E-07 0 0.9960948 1.2471943E-09 0.08828932 0 0 0 0 1 0.08893007 1.7453718E-07 -0.9960379 22.6 -1.6708036E-08 1 1.7373972E-07 0 0.9960379 1.1911538E-09 0.08893007 0 0 0 0 1 0.08965886 1.74554E-07 -0.9959726 22.6 -1.6773178E-08 1 1.737499E-07 0 0.9959726 1.1273968E-09 0.08965886 0 0 0 0 1 0.090471625 1.745727E-07 -0.9958991 22.6 -1.6845839E-08 1 1.7376121E-07 0 0.9958991 1.0562857E-09 0.090471625 0 0 0 0 1 0.09136438 1.745932E-07 -0.99581754 22.6 -1.6925668E-08 1 1.737736E-07 0 0.99581754 9.781544E-10 0.09136438 0 0 0 0 1 0.09233266 1.7461537E-07 -0.9957282 22.6 -1.7012269E-08 1 1.7378696E-07 0 0.9957282 8.933796E-10 0.09233266 0 0 0 0 1 0.093372345 1.7463914E-07 -0.9956312 22.6 -1.7105279E-08 1 1.7380127E-07 0 0.9956312 8.0233065E-10 0.093372345 0 0 0 0 1 0.09447944 1.7466436E-07 -0.9955268 22.6 -1.7204357E-08 1 1.7381643E-07 0 0.9955268 7.0532025E-10 0.09447944 0 0 0 0 1 0.095721245 1.746926E-07 -0.9954082 22.6 -1.7315529E-08 1 1.7383336E-07 0 0.9954082 5.964722E-10 0.095721245 0 0 0 0 1 0.097159326 1.7472519E-07 -0.9952689 22.6 -1.7444329E-08 1 1.7385284E-07 0 0.9952689 4.70358E-10 0.097159326 0 0 0 0 1 0.098780155 1.7476177E-07 -0.9951093 22.6 -1.7589535E-08 1 1.7387464E-07 0 0.9951093 3.2813574E-10 0.098780155 0 0 0 0 1 0.1005705 1.7480198E-07 -0.9949299 22.6 -1.7750018E-08 1 1.7389854E-07 0 0.9949299 1.709708E-10 0.1005705 0 0 0 0 1 0.1005705 1.7480198E-07 -0.9949299 22.6 -1.7750018E-08 1 1.7389854E-07 0 0.9949299 1.709708E-10 0.1005705 0 0 0 0 1</float_array>
        <technique_common>
          <accessor source="#Motion_23_RForeArm_transform_pose_array_id" count="61" stride="16">
            <param name="TRANSFORM" type="float4x4" />
          </accessor>
        </technique_common>
      </source>
      <sampler id="Motion_23_RForeArm_transform_samp_id">
        <input semantic="INPUT" source="#Motion_23_RForeArm_transform_frame_id" />
        <input semantic="INTERPOLATION" source="#Motion_23_RForeArm_transform_interp_id" />
        <input semantic="OUTPUT" source="#Motion_23_RForeArm_transform_pose_id" />
      </sampler>
      <channel source="#Motion_23_RForeArm_transform_samp_id" target="RForeArm_bone_id/transform" />
    </animation>
    <animation id="Motion_23_RHand_transform_id" name="Motion_23_RHand_transform">
      <source id="Motion_23_RHand_transform_frame_id" name="Motion_23_RHand_transform_frame">
        <float_array id="Motion_23_RHand_transform_frame_array_id" count="61">0 0.033333335 0.06666667 0.1 0.13333334 0.16666667 0.2 0.23333333 0.26666668 0.3 0.33333334 0.36666667 0.4 0.43333334 0.46666667 0.5 0.53333336 0.56666666 0.6 0.6333333 0.6666667 0.7 0.73333335 0.76666665 0.8 0.8333333 0.8666667 0.9 0.93333334 0.96666664 1 1.0333333 1.0666667 1.1 1.1333333 1.1666666 1.2 1.2333333 1.2666667 1.3 1.3333334 1.3666667 1.4 1.4333333 1.4666667 1.5 1.5333333 1.5666667 1.6 1.6333333 1.6666666 1.7 1.7333333 1.7666667 1.8 1.8333334 1.8666667 1.9 1.9333333 1.9666667 2</float_array>
        <technique_common>
          <accessor source="#Motion_23_RHand_transform_frame_array_id" count="61" stride="1">
            <param name="TIME" type="float" />
          </accessor>
        </technique_common>
      </source>
      <source id="Motion_23_RHand_transform_interp_id" name="Motion_23_RHand_transform_interp">
        <Name_array id="Motion_23_RHand_transform_interp_array_id" count="61">LINEAR LINEAR LINEAR LINEAR LINEAR LINEAR LINEAR LINEAR LINEAR LINEAR LINEAR LINEAR LINEAR LINEAR LINEAR LINEAR LINEAR LINEAR LINEAR LINEAR LINEAR LINEAR LINEAR LINEAR LINEAR LINEAR LINEAR LINEAR LINEAR LINEAR LINEAR LINEAR LINEAR LINEAR LINEAR LINEAR LINEAR LINEAR LINEAR LINEAR LINEAR LINEAR LINEAR LINEAR LINEAR LINEAR LINEAR LINEAR LINEAR LINEAR LINEAR LINEAR LINEAR LINEAR LINEAR LINEAR LINEAR LINEAR LINEAR LINEAR LINEAR</Name_array>
        <technique_common>
          <accessor source="#Motion_23_RHand_transform_interp_array_id" count="61" stride="1">
            <param name="INTERPOLATION" type="Name" />
          </accessor>
        </technique_common>
      </source>
      <source id="Motion_23_RHand_transform_pose_id" name="Motion_23_RHand_transform_pose">
        <float_array id="Motion_23_RHand_transform_pose_array_id" count="976">0.55539733 -0.82916605 0.0633831 22.600002 0.16692892 0.18583208 0.9682981 0 -0.8146585 -0.52720964 0.24162245 0 0 0 0 1 0.5538384 -0.8303608 0.061351568 22.600002 0.1665118 0.18265402 0.96897435 0 -0.8158045 -0.5264394 0.23942566 0 0 0 0 1 0.5522224 -0.83157456 0.059449255 22.600002 0.16610405 0.17962193 0.96961087 0 -0.81698215 -0.52556604 0.23731923 0 0 0 0 1 0.5505666 -0.83279693 0.05766824 22.600002 0.16571131 0.17673612 0.9702083 0 -0.81817853 -0.524608 0.23530889 0 0 0 0 1 0.54888856 -0.8340175 0.05600065 22.600002 0.16533864 0.17399645 0.9707669 0 -0.8193805 -0.52358377 0.23339999 0 0 0 0 1 0.54720557 -0.83522606 0.05443883 22.600002 0.16499186 0.17140293 0.9712872 0 -0.8205753 -0.5225118 0.23159814 0 0 0 0 1 0.5455348 -0.83641225 0.052975 22.600002 0.16467649 0.1689552 0.97176945 0 -0.8217503 -0.52141035 0.22990835 0 0 0 0 1 0.543894 -0.8375659 0.051601738 22.600002 0.1643982 0.16665328 0.972214 0 -0.8228928 -0.5202981 0.22833604 0 0 0 0 1 0.5423006 -0.8386768 0.050311804 22.600002 0.16416302 0.16449726 0.9726207 0 -0.8239906 -0.5191934 0.22688675 0 0 0 0 1 0.5407721 -0.83973503 0.049097568 22.600002 0.16397679 0.16248643 0.97299016 0 -0.82503164 -0.51811504 0.2255652 0 0 0 0 1 0.5393262 -0.84073055 0.047951937 22.600002 0.16384545 0.16062087 0.9733219 0 -0.82600355 -0.51708126 0.22437698 0 0 0 0 1 0.5379806 -0.84165335 0.04686755 22.600002 0.1637752 0.1589002 0.9736161 0 -0.8268945 -0.5161109 0.22332716 0 0 0 0 1 0.53675294 -0.8424934 0.045837432 22.600002 0.16377184 0.15732443 0.9738726 0 -0.8276926 -0.51522213 0.22242105 0 0 0 0 1 0.5356611 -0.843241 0.044854075 22.600002 0.1638414 0.15589309 0.974091 0 -0.82838583 -0.5144337 0.22166371 0 0 0 0 1 0.53472275 -0.84388584 0.043910563 22.600002 0.16399008 0.15460634 0.974271 0 -0.82896245 -0.51376396 0.22106051 0 0 0 0 1 0.5339556 -0.84441847 0.042999327 22.600002 0.16422385 0.15346336 0.9744124 0 -0.8294106 -0.51323134 0.22061628 0 0 0 0 1 0.5333774 -0.8448284 0.042113125 22.600002 0.1645487 0.15246463 0.97451437 0 -0.8297182 -0.5128542 0.22033656 0 0 0 0 1 0.53300583 -0.84510565 0.041244537 22.600002 0.16497025 0.15160954 0.9745765 0 -0.8298732 -0.5126507 0.22022611 0 0 0 0 1 0.5328584 -0.8452401 0.04038599 22.600002 0.16549459 0.15089834 0.9745979 0 -0.8298634 -0.512639 0.22029018 0 0 0 0 1 0.53295267 -0.84522116 0.039529443 22.600002 0.16612741 0.1503306 0.974578 0 -0.8296765 -0.51283705 0.22053355 0 0 0 0 1 0.533243 -0.84507334 0.038768917 22.600002 0.16685691 0.14999384 0.9745053 0 -0.82934356 -0.5131793 0.22098947 0 0 0 0 1 0.5336737 -0.84482694 0.0382061 22.600002 0.16765377 0.14997083 0.974372 0 -0.82890564 -0.5135913 0.22167397 0 0 0 0 1 0.53424686 -0.844481 0.0378446 22.600002 0.16849867 0.15025496 0.9741825 0 -0.82836497 -0.5140772 0.22256714 0 0 0 0 1 0.53496516 -0.844033 0.037688434 22.600002 0.16937122 0.15084016 0.97394073 0 -0.82772315 -0.5146409 0.2236492 0 0 0 0 1 0.5358306 -0.84348154 0.037741423 22.600002 0.17025128 0.15171981 0.9736507 0 -0.8269825 -0.5152863 0.22489995 0 0 0 0 1 0.5368456 -0.8428239 0.03800699 22.600002 0.17111832 0.15288723 0.97331595 0 -0.8261448 -0.5160167 0.22629952 0 0 0 0 1 0.5380126 -0.8420576 0.038489014 22.600002 0.17195165 0.15433586 0.9729403 0 -0.8252121 -0.5168359 0.22782785 0 0 0 0 1 0.5393132 -0.8411938 0.039171576 22.600002 0.17274788 0.1560409 0.9725274 0 -0.8241963 -0.5177301 0.2294693 0 0 0 0 1 0.5407171 -0.8402517 0.040026635 22.600002 0.17351389 0.15796578 0.9720801 0 -0.82311475 -0.5186752 0.23121011 0 0 0 0 1 0.54220754 -0.83924174 0.041040063 22.600002 0.17424473 0.16008669 0.9716023 0 -0.82197917 -0.51965904 0.23303366 0 0 0 0 1 0.54376805 -0.838174 0.042197734 22.600002 0.17493606 0.1623801 0.97109735 0 -0.82080066 -0.5206698 0.23492396 0 0 0 0 1 0.5453819 -0.8370589 0.0434857 22.600002 0.17558315 0.16482198 0.970569 0 -0.8195908 -0.5216955 0.23686433 0 0 0 0 1 0.54703283 -0.8359066 0.044890076 22.600002 0.17618167 0.16738892 0.9700211 0 -0.81836116 -0.5227245 0.23883867 0 0 0 0 1 0.548704 -0.83472824 0.04639718 22.600002 0.17672738 0.1700567 0.96945775 0 -0.8171239 -0.5237458 0.24083006 0 0 0 0 1 0.5503791 -0.83353424 0.04799339 22.600002 0.17721638 0.17280173 0.96888274 0 -0.81589043 -0.52474755 0.24282241 0 0 0 0 1 0.5520414 -0.83233625 0.04966545 22.600002 0.17764491 0.17560029 0.96830094 0 -0.8146733 -0.5257194 0.2447989 0 0 0 0 1 0.5536746 -0.8311453 0.051399857 22.600002 0.17800951 0.17842835 0.9677168 0 -0.81348455 -0.52665055 0.24674302 0 0 0 0 1 0.55526197 -0.8299732 0.053183734 22.600002 0.17830685 0.18126237 0.9671352 0 -0.81233656 -0.52753043 0.24863803 0 0 0 0 1 0.55678725 -0.82883203 0.055004 22.600002 0.17853403 0.18407857 0.9665613 0 -0.811242 -0.5283489 0.2504673 0 0 0 0 1 0.5582341 -0.82773364 0.056847572 22.600002 0.17868817 0.18685317 0.9660002 0 -0.810213 -0.52909625 0.252214 0 0 0 0 1 0.55958587 -0.8266908 0.058701962 22.600002 0.17876661 0.18956244 0.9654577 0 -0.80926263 -0.5297625 0.25386125 0 0 0 0 1 0.5608263 -0.825716 0.060554296 22.600002 0.17876709 0.1921829 0.96493936 0 -0.8084035 -0.5303383 0.25539207 0 0 0 0 1 0.561939 -0.82482225 0.062392116 22.600002 0.17868751 0.19469118 0.9644512 0 -0.807648 -0.53081405 0.25679004 0 0 0 0 1 0.5629145 -0.82402045 0.06416845 22.600002 0.17849153 0.1970036 0.96401775 0 -0.8070118 -0.531206 0.2579769 0 0 0 0 1 0.56374204 -0.8233224 0.0658412 22.600002 0.1781474 0.19904453 0.96366215 0 -0.80651003 -0.5315274 0.25888252 0 0 0 0 1 0.564404 -0.82274216 0.0674043 22.600002 0.17766017 0.20080239 0.96338737 0 -0.8061544 -0.5317646 0.25950223 0 0 0 0 1 0.5648994 -0.8222839 0.06883249 22.600002 0.17705381 0.20226169 0.96319383 0 -0.80594087 -0.5319206 0.25984597 0 0 0 0 1 0.5652369 -0.8219456 0.07009041 22.600002 0.17636228 0.20340651 0.9630796 0 -0.8058558 -0.53200686 0.25993305 0 0 0 0 1 0.5654125 -0.82173324 0.07115662 22.600002 0.17560557 0.20422274 0.963045 0 -0.8058979 -0.53202224 0.259771 0 0 0 0 1 0.5654222 -0.8216522 0.07200882 22.600002 0.17480299 0.20469558 0.9630906 0 -0.80606544 -0.53196543 0.25936675 0 0 0 0 1 0.56526214 -0.8217081 0.07262561 22.600002 0.17397413 0.20481133 0.9632162 0 -0.806357 -0.5318346 0.25872803 0 0 0 0 1 0.5649286 -0.8219056 0.072984755 22.600002 0.17313793 0.20455587 0.9634211 0 -0.8067707 -0.53162766 0.2578625 0 0 0 0 1 0.56441784 -0.8222494 0.07306385 22.600002 0.17231342 0.2039147 0.9637047 0 -0.8073045 -0.53134227 0.2567777 0 0 0 0 1 0.56372607 -0.82274365 0.07284075 22.600002 0.17151883 0.20287359 0.96406615 0 -0.8079568 -0.5309757 0.25548112 0 0 0 0 1 0.5628493 -0.82339203 0.072292835 22.600002 0.17077243 0.2014178 0.9645038 0 -0.80872583 -0.5305247 0.25398052 0 0 0 0 1 0.56181467 -0.8241737 0.07142818 22.600002 0.17006364 0.19956166 0.9650148 0 -0.80959415 -0.53001213 0.25227863 0 0 0 0 1 0.56066906 -0.8250526 0.070274204 22.600002 0.16936302 0.19733644 0.9655955 0 -0.8105347 -0.5294777 0.25037378 0 0 0 0 1 0.5594345 -0.8260096 0.06885639 22.600002 0.16867977 0.19478774 0.96623224 0 -0.8115295 -0.52892894 0.2483021 0 0 0 0 1 0.55813015 -0.8270265 0.06721571 22.600002 0.16803774 0.19198674 0.9669045 0 -0.8125602 -0.5283637 0.24612528 0 0 0 0 1 0.55677724 -0.82808477 0.06538135 22.600002 0.16744971 0.18898427 0.9675978 0 -0.81360906 -0.52778834 0.24388468 0 0 0 0 1 0.55677724 -0.82808477 0.06538135 22.600002 0.16744971 0.18898427 0.9675978 0 -0.81360906 -0.52778834 0.24388468 0 0 0 0 1</float_array>
        <technique_common>
          <accessor source="#Motion_23_RHand_transform_pose_array_id" count="61" stride="16">
            <param name="TRANSFORM" type="float4x4" />
          </accessor>
        </technique_common>
      </source>
      <sampler id="Motion_23_RHand_transform_samp_id">
        <input semantic="INPUT" source="#Motion_23_RHand_transform_frame_id" />
        <input semantic="INTERPOLATION" source="#Motion_23_RHand_transform_interp_id" />
        <input semantic="OUTPUT" source="#Motion_23_RHand_transform_pose_id" />
      </sampler>
      <channel source="#Motion_23_RHand_transform_samp_id" target="RHand_bone_id/transform" />
    </animation>
    <animation id="Motion_23_LShoulder_transform_id" name="Motion_23_LShoulder_transform">
      <source id="Motion_23_LShoulder_transform_frame_id" name="Motion_23_LShoulder_transform_frame">
        <float_array id="Motion_23_LShoulder_transform_frame_array_id" count="61">0 0.033333335 0.06666667 0.1 0.13333334 0.16666667 0.2 0.23333333 0.26666668 0.3 0.33333334 0.36666667 0.4 0.43333334 0.46666667 0.5 0.53333336 0.56666666 0.6 0.6333333 0.6666667 0.7 0.73333335 0.76666665 0.8 0.8333333 0.8666667 0.9 0.93333334 0.96666664 1 1.0333333 1.0666667 1.1 1.1333333 1.1666666 1.2 1.2333333 1.2666667 1.3 1.3333334 1.3666667 1.4 1.4333333 1.4666667 1.5 1.5333333 1.5666667 1.6 1.6333333 1.6666666 1.7 1.7333333 1.7666667 1.8 1.8333334 1.8666667 1.9 1.9333333 1.9666667 2</float_array>
        <technique_common>
          <accessor source="#Motion_23_LShoulder_transform_frame_array_id" count="61" stride="1">
            <param name="TIME" type="float" />
          </accessor>
        </technique_common>
      </source>
      <source id="Motion_23_LShoulder_transform_interp_id" name="Motion_23_LShoulder_transform_interp">
        <Name_array id="Motion_23_LShoulder_transform_interp_array_id" count="61">LINEAR LINEAR LINEAR LINEAR LINEAR LINEAR LINEAR LINEAR LINEAR LINEAR LINEAR LINEAR LINEAR LINEAR LINEAR LINEAR LINEAR LINEAR LINEAR LINEAR LINEAR LINEAR LINEAR LINEAR LINEAR LINEAR LINEAR LINEAR LINEAR LINEAR LINEAR LINEAR LINEAR LINEAR LINEAR LINEAR LINEAR LINEAR LINEAR LINEAR LINEAR LINEAR LINEAR LINEAR LINEAR LINEAR LINEAR LINEAR LINEAR LINEAR LINEAR LINEAR LINEAR LINEAR LINEAR LINEAR LINEAR LINEAR LINEAR LINEAR LINEAR</Name_array>
        <technique_common>
          <accessor source="#Motion_23_LShoulder_transform_interp_array_id" count="61" stride="1">
            <param name="INTERPOLATION" type="Name" />
          </accessor>
        </technique_common>
      </source>
      <source id="Motion_23_LShoulder_transform_pose_id" name="Motion_23_LShoulder_transform_pose">
        <float_array id="Motion_23_LShoulder_transform_pose_array_id" count="976">-0.2921852 0.95250374 -0.08581526 14.18017 -0.95605403 -0.2931888 0.0009481795 -4.5 -0.024256937 0.08232106 0.9963106 -0.240233 0 0 0 1 -0.2910459 0.95282596 -0.08610922 14.18017 -0.9564149 -0.29200697 0.0014958605 -4.5 -0.023719203 0.082791515 0.9962846 -0.240233 0 0 0 1 -0.28981984 0.9531714 -0.08642121 14.18017 -0.95680153 -0.29073405 0.0020898096 -4.5 -0.023133647 0.08329362 0.9962565 -0.240233 0 0 0 1 -0.28853524 0.95353156 -0.08674575 14.18017 -0.9572045 -0.28939903 0.002721358 -4.5 -0.022509247 0.083818644 0.9962268 -0.240233 0 0 0 1 -0.28722024 0.9538985 -0.08707742 14.18017 -0.9576153 -0.28803062 0.0033818148 -4.5 -0.021855041 0.08435799 0.9961958 -0.240233 0 0 0 1 -0.28590286 0.9542635 -0.08741063 14.18017 -0.95802444 -0.28665745 0.0040625557 -4.5 -0.021180172 0.084903024 0.9961641 -0.240233 0 0 0 1 -0.28461134 0.95461935 -0.087739795 14.18017 -0.9584239 -0.2853086 0.004754912 -4.5 -0.020493783 0.085445225 0.9961321 -0.240233 0 0 0 1 -0.28337407 0.95495796 -0.08805922 14.18017 -0.95880497 -0.28401303 0.0054502822 -4.5 -0.019805174 0.08597608 0.9961003 -0.240233 0 0 0 1 -0.2822187 0.9552719 -0.0883631 14.18017 -0.95915943 -0.28279924 0.006140001 -4.5 -0.019123651 0.08648713 0.99606943 -0.240233 0 0 0 1 -0.28117394 0.95555377 -0.08864563 14.18017 -0.9594792 -0.2816968 0.006815508 -4.5 -0.018458612 0.08696999 0.9960399 -0.240233 0 0 0 1 -0.28026807 0.9557962 -0.088900894 14.18017 -0.9597563 -0.28073466 0.0074681453 -4.5 -0.017819539 0.08741628 0.99601245 -0.240233 0 0 0 1 -0.27952886 0.9559919 -0.089122914 14.18017 -0.9599828 -0.27994168 0.00808933 -4.5 -0.017215893 0.087817684 0.9959878 -0.240233 0 0 0 1 -0.27898514 0.95613384 -0.08930573 14.18017 -0.9601511 -0.27934742 0.00867046 -4.5 -0.016657203 0.08816591 0.9959665 -0.240233 0 0 0 1 -0.27866447 0.9562145 -0.0894433 14.18017 -0.9602527 -0.2789805 0.00920289 -4.5 -0.016152993 0.08845269 0.9959494 -0.240233 0 0 0 1 -0.2785951 0.95622647 -0.089529626 14.18017 -0.96028006 -0.27887 0.009677969 -4.5 -0.015712798 0.088669755 0.9959371 -0.240233 0 0 0 1 -0.27880538 0.9561625 -0.08955872 14.18017 -0.9602249 -0.27904522 0.010087039 -4.5 -0.015346076 0.08880885 0.99593043 -0.240233 0 0 0 1 -0.27932322 0.9560145 -0.08952462 14.18017 -0.96007895 -0.27953482 0.010421414 -4.5 -0.015062228 0.088861644 0.9959301 -0.240233 0 0 0 1 -0.28010988 0.95579404 -0.0894229 14.18017 -0.9598529 -0.2803012 0.010669343 -4.5 -0.014867641 0.08882141 0.9959366 -0.240233 0 0 0 1 -0.28109205 0.95552164 -0.08924988 14.18017 -0.9595671 -0.2812717 0.010817554 -4.5 -0.014767066 0.08868198 0.9959505 -0.240233 0 0 0 1 -0.28224683 0.9552045 -0.089001074 14.18017 -0.95922816 -0.28242445 0.010854974 -4.5 -0.014767356 0.08843612 0.9959724 -0.240233 0 0 0 1 -0.28355098 0.95484877 -0.08867203 14.18017 -0.9588418 -0.28373647 0.010770515 -4.5 -0.014875278 0.088076435 0.9960027 -0.240233 0 0 0 1 -0.28498292 0.9544583 -0.08828524 14.18017 -0.95841426 -0.28518462 0.010589272 -4.5 -0.015070569 0.087631576 0.996039 -0.240233 0 0 0 1 -0.28652215 0.9540356 -0.087870434 14.18017 -0.957951 -0.2867452 0.010346215 -4.5 -0.015325759 0.087139994 0.9960782 -0.240233 0 0 0 1 -0.28814638 0.95358634 -0.08743413 14.18017 -0.95745873 -0.2883954 0.010045167 -4.5 -0.015636671 0.08660905 0.9961197 -0.240233 0 0 0 1 -0.28983355 0.95311636 -0.08698282 14.18017 -0.95694345 -0.29011297 0.009689916 -4.5 -0.015999217 0.086046085 0.9961627 -0.240233 0 0 0 1 -0.29156053 0.95263124 -0.08652291 14.18017 -0.9564116 -0.2918743 0.009284321 -4.5 -0.016409274 0.08545846 0.9962066 -0.240233 0 0 0 1 -0.29330575 0.9521371 -0.086060844 14.18017 -0.9558699 -0.2936573 0.008832265 -4.5 -0.016862877 0.08485353 0.99625075 -0.240233 0 0 0 1 -0.29504728 0.95164037 -0.08560297 14.18017 -0.9553251 -0.29543972 0.0083376765 -4.5 -0.017356038 0.08423867 0.99629444 -0.240233 0 0 0 1 -0.29676187 0.9511471 -0.08515558 14.18017 -0.9547839 -0.29719782 0.0078044794 -4.5 -0.017884847 0.08362126 0.9963371 -0.240233 0 0 0 1 -0.29842854 0.9506641 -0.08472496 14.18017 -0.95425385 -0.2989105 0.007236678 -4.5 -0.018445522 0.08300875 0.9963781 -0.240233 0 0 0 1 -0.30002403 0.9501979 -0.08431728 14.18017 -0.9537416 -0.30055392 0.006638229 -4.5 -0.01903427 0.08240854 0.99641687 -0.240233 0 0 0 1 -0.30152726 0.94975555 -0.08393869 14.18017 -0.95325506 -0.30210686 0.0060131885 -4.5 -0.0196474 0.08182812 0.99645275 -0.240233 0 0 0 1 -0.30291593 0.9493447 -0.083586596 14.18017 -0.95280176 -0.30354595 0.0053718984 -4.5 -0.020272583 0.08126868 0.99648607 -0.240233 0 0 0 1 -0.30416822 0.94897324 -0.08325651 14.18017 -0.9523892 -0.30484843 0.0047260597 -4.5 -0.020895706 0.08073012 0.99651694 -0.240233 0 0 0 1 -0.30526197 0.94864863 -0.08295161 14.18017 -0.9520255 -0.30599165 0.004081659 -4.5 -0.021510435 0.080218025 0.9965452 -0.240233 0 0 0 1 -0.30617535 0.94837844 -0.08267507 14.18017 -0.95171845 -0.3069533 0.003444694 -4.5 -0.022110503 0.079738066 0.9965706 -0.240233 0 0 0 1 -0.30688632 0.9481698 -0.08242998 14.18017 -0.9514756 -0.30771112 0.0028211698 -4.5 -0.022689672 0.079295896 0.9965929 -0.240233 0 0 0 1 -0.30737317 0.94803035 -0.08221942 14.18017 -0.95130515 -0.30824268 0.002217047 -4.5 -0.023241712 0.07889722 0.9966118 -0.240233 0 0 0 1 -0.30761325 0.9479674 -0.08204646 14.18017 -0.9512147 -0.3085252 0.0016382895 -4.5 -0.023760358 0.07854776 0.99662715 -0.240233 0 0 0 1 -0.3076769 0.9479584 -0.08191277 14.18017 -0.95118195 -0.30862856 0.0010947995 -4.5 -0.0242428 0.078250796 0.9966389 -0.240233 0 0 0 1 -0.30765045 0.9479751 -0.08181989 14.18017 -0.9511792 -0.3086388 0.0005971566 -4.5 -0.024686698 0.0780091 0.99664694 -0.240233 0 0 0 1 -0.30753672 0.94801617 -0.08177072 14.18017 -0.9512054 -0.3085581 0.000152383 -4.5 -0.025086561 0.07782762 0.9966512 -0.240233 0 0 0 1 -0.3073386 0.9480806 -0.081768125 14.18017 -0.95126015 -0.3083893 -0.0002325438 -4.5 -0.025436897 0.0777113 0.99665135 -0.240233 0 0 0 1 -0.3070588 0.94816715 -0.08181504 14.18017 -0.9513425 -0.30813456 -0.00055061653 -4.5 -0.025732128 0.07766506 0.99664736 -0.240233 0 0 0 1 -0.30669987 0.9482756 -0.08190489 14.18017 -0.9514517 -0.30779696 -0.0008079782 -4.5 -0.025976267 0.077680744 0.99663985 -0.240233 0 0 0 1 -0.3062637 0.948406 -0.082027175 14.18017 -0.9515866 -0.30737865 -0.0010162331 -4.5 -0.026177214 0.07774474 0.9966296 -0.240233 0 0 0 1 -0.30575287 0.9485577 -0.08217896 14.18017 -0.9517465 -0.30688274 -0.0011765249 -4.5 -0.026335306 0.077853814 0.9966169 -0.240233 0 0 0 1 -0.30516982 0.94872993 -0.082357325 14.18017 -0.95193046 -0.30631137 -0.0012900084 -4.5 -0.026450858 0.07800478 0.99660206 -0.240233 0 0 0 1 -0.3045174 0.9489221 -0.082559355 14.18017 -0.9521374 -0.3056674 -0.0013578385 -4.5 -0.026524184 0.078194365 0.99658525 -0.240233 0 0 0 1 -0.30379784 0.9491332 -0.08278215 14.18017 -0.9523663 -0.3049531 -0.0013811775 -4.5 -0.026555596 0.07841934 0.9965667 -0.240233 0 0 0 1 -0.30301368 0.9493628 -0.08302284 14.18017 -0.9526164 -0.3041712 -0.0013611652 -4.5 -0.026545398 0.07867646 0.9965467 -0.240233 0 0 0 1 -0.30216765 0.94961005 -0.0832785 14.18017 -0.9528865 -0.3033241 -0.0012989454 -4.5 -0.026493875 0.07896246 0.99652547 -0.240233 0 0 0 1 -0.30126226 0.9498742 -0.08354629 14.18017 -0.9531757 -0.30241454 -0.0011956654 -4.5 -0.026401343 0.07927409 0.9965032 -0.240233 0 0 0 1 -0.3003 0.95015454 -0.0838233 14.18017 -0.9534831 -0.30144477 -0.0010524467 -4.5 -0.02626809 0.079608046 0.9964801 -0.240233 0 0 0 1 -0.2992835 0.95045024 -0.08410667 14.18017 -0.9538074 -0.30041766 -0.00087042525 -4.5 -0.026094416 0.07996106 0.9964564 -0.240233 0 0 0 1 -0.29821503 0.95076036 -0.084393516 14.18017 -0.9541477 -0.29933524 -0.00065071136 -4.5 -0.025880631 0.08032983 0.9964323 -0.240233 0 0 0 1 -0.29709744 0.95108473 -0.08468099 14.18017 -0.9545032 -0.29820037 -0.00039443374 -4.5 -0.025627047 0.08071109 0.99640805 -0.240233 0 0 0 1 -0.295933 0.9514221 -0.08496618 14.18017 -0.9548725 -0.29701543 -0.000102665275 -4.5 -0.025333963 0.08110151 0.99638385 -0.240233 0 0 0 1 -0.29472482 0.95177215 -0.08524628 14.18017 -0.955255 -0.29578328 0.00022347644 -4.5 -0.02500173 0.0814978 0.9963599 -0.240233 0 0 0 1 -0.29347527 0.95213395 -0.085518345 14.18017 -0.95564944 -0.29450643 0.00058295205 -4.5 -0.024630653 0.08189663 0.9963364 -0.240233 0 0 0 1 -0.29347527 0.95213395 -0.085518345 14.18017 -0.95564944 -0.29450643 0.00058295205 -4.5 -0.024630653 0.08189663 0.9963364 -0.240233 0 0 0 1</float_array>
        <technique_common>
          <accessor source="#Motion_23_LShoulder_transform_pose_array_id" count="61" stride="16">
            <param name="TRANSFORM" type="float4x4" />
          </accessor>
        </technique_common>
      </source>
      <sampler id="Motion_23_LShoulder_transform_samp_id">
        <input semantic="INPUT" source="#Motion_23_LShoulder_transform_frame_id" />
        <input semantic="INTERPOLATION" source="#Motion_23_LShoulder_transform_interp_id" />
        <input semantic="OUTPUT" source="#Motion_23_LShoulder_transform_pose_id" />
      </sampler>
      <channel source="#Motion_23_LShoulder_transform_samp_id" target="LShoulder_bone_id/transform" />
    </animation>
    <animation id="Motion_23_LArm_transform_id" name="Motion_23_LArm_transform">
      <source id="Motion_23_LArm_transform_frame_id" name="Motion_23_LArm_transform_frame">
        <float_array id="Motion_23_LArm_transform_frame_array_id" count="61">0 0.033333335 0.06666667 0.1 0.13333334 0.16666667 0.2 0.23333333 0.26666668 0.3 0.33333334 0.36666667 0.4 0.43333334 0.46666667 0.5 0.53333336 0.56666666 0.6 0.6333333 0.6666667 0.7 0.73333335 0.76666665 0.8 0.8333333 0.8666667 0.9 0.93333334 0.96666664 1 1.0333333 1.0666667 1.1 1.1333333 1.1666666 1.2 1.2333333 1.2666667 1.3 1.3333334 1.3666667 1.4 1.4333333 1.4666667 1.5 1.5333333 1.5666667 1.6 1.6333333 1.6666666 1.7 1.7333333 1.7666667 1.8 1.8333334 1.8666667 1.9 1.9333333 1.9666667 2</float_array>
        <technique_common>
          <accessor source="#Motion_23_LArm_transform_frame_array_id" count="61" stride="1">
            <param name="TIME" type="float" />
          </accessor>
        </technique_common>
      </source>
      <source id="Motion_23_LArm_transform_interp_id" name="Motion_23_LArm_transform_interp">
        <Name_array id="Motion_23_LArm_transform_interp_array_id" count="61">LINEAR LINEAR LINEAR LINEAR LINEAR LINEAR LINEAR LINEAR LINEAR LINEAR LINEAR LINEAR LINEAR LINEAR LINEAR LINEAR LINEAR LINEAR LINEAR LINEAR LINEAR LINEAR LINEAR LINEAR LINEAR LINEAR LINEAR LINEAR LINEAR LINEAR LINEAR LINEAR LINEAR LINEAR LINEAR LINEAR LINEAR LINEAR LINEAR LINEAR LINEAR LINEAR LINEAR LINEAR LINEAR LINEAR LINEAR LINEAR LINEAR LINEAR LINEAR LINEAR LINEAR LINEAR LINEAR LINEAR LINEAR LINEAR LINEAR LINEAR LINEAR</Name_array>
        <technique_common>
          <accessor source="#Motion_23_LArm_transform_interp_array_id" count="61" stride="1">
            <param name="INTERPOLATION" type="Name" />
          </accessor>
        </technique_common>
      </source>
      <source id="Motion_23_LArm_transform_pose_id" name="Motion_23_LArm_transform_pose">
        <float_array id="Motion_23_LArm_transform_pose_array_id" count="976">0.8086394 0.4832859 -0.33546552 12.61957 -0.4733262 0.19581962 -0.8588464 0 -0.3493776 0.8532816 0.38709927 0 0 0 0 1 0.8075621 0.48349097 -0.3377572 12.61957 -0.47628012 0.1968522 -0.8569752 0 -0.34785149 0.8529278 0.38924754 0 0 0 0 1 0.8064295 0.48370984 -0.34014145 12.61957 -0.47937444 0.19798017 -0.8549877 0 -0.34622476 0.85254246 0.39153516 0 0 0 0 1 0.80526125 0.48393697 -0.34257743 12.61957 -0.4825558 0.1991871 -0.8529152 0 -0.34452018 0.8521324 0.39392424 0 0 0 0 1 0.804078 0.48416612 -0.3450243 12.61957 -0.48577103 0.20045733 -0.85078984 0 -0.34276098 0.8517042 0.3963772 0 0 0 0 1 0.8029009 0.48439097 -0.34744132 12.61957 -0.48896736 0.20177543 -0.84864444 0 -0.3409707 0.8512649 0.39885712 0 0 0 0 1 0.8017518 0.4846053 -0.34978813 12.61957 -0.4920928 0.20312625 -0.84651303 0 -0.33917361 0.8508216 0.4013276 0 0 0 0 1 0.80065334 0.48480207 -0.35202444 12.61957 -0.49509525 0.2044949 -0.8444302 0 -0.33739436 0.8503815 0.40375274 0 0 0 0 1 0.7996286 0.48497432 -0.3541101 12.61957 -0.49792343 0.20586717 -0.84243155 0 -0.33565804 0.8499521 0.4060974 0 0 0 0 1 0.7987013 0.48511496 -0.35600525 12.61957 -0.5005264 0.20722878 -0.84055316 0 -0.33399034 0.84954095 0.40832675 0 0 0 0 1 0.79789555 0.4852164 -0.3576699 12.61957 -0.5028535 0.20856613 -0.8388317 0 -0.332417 0.8491556 0.41040677 0 0 0 0 1 0.7972357 0.48527104 -0.3590643 12.61957 -0.50485414 0.20986539 -0.83730453 0 -0.33096448 0.8488042 0.41230327 0 0 0 0 1 0.7967464 0.48527116 -0.3601487 12.61957 -0.50647813 0.2111131 -0.836009 0 -0.32965901 0.84849465 0.4139828 0 0 0 0 1 0.7964519 0.4852088 -0.36088327 12.61957 -0.5076752 0.21229511 -0.83498305 0 -0.32852736 0.8482353 0.4154113 0 0 0 0 1 0.7963765 0.48507607 -0.36122796 12.61957 -0.5083949 0.2133984 -0.8342636 0 -0.32759586 0.84803444 0.41655564 0 0 0 0 1 0.79654384 0.48486495 -0.36114246 12.61957 -0.5085866 0.21440864 -0.8338877 0 -0.32689083 0.8479003 0.41738164 0 0 0 0 1 0.7969766 0.4845676 -0.3605863 12.61957 -0.50819904 0.21531147 -0.8338912 0 -0.32643837 0.84784144 0.41785502 0 0 0 0 1 0.79763865 0.48423713 -0.359565 12.61957 -0.507241 0.21604097 -0.8342859 0 -0.32631138 0.8478448 0.41794753 0 0 0 0 1 0.79846674 0.4839009 -0.35817704 12.61957 -0.50579673 0.21651006 -0.8350408 0 -0.32652804 0.8479171 0.41763157 0 0 0 0 1 0.79944193 0.4835116 -0.3565236 12.61957 -0.5039294 0.21667159 -0.83612716 0 -0.32702866 0.8480978 0.41687208 0 0 0 0 1 0.8005414 0.4830892 -0.3546242 12.61957 -0.50169224 0.2165848 -0.83749384 0 -0.32777804 0.8483607 0.41574717 0 0 0 0 1 0.80174065 0.48266277 -0.35248917 12.61957 -0.49914715 0.21634507 -0.8390751 0 -0.328731 0.8486645 0.41437232 0 0 0 0 1 0.8030196 0.48223752 -0.3501521 12.61957 -0.49633372 0.21595824 -0.8408417 0 -0.3298672 0.8490047 0.4127695 0 0 0 0 1 0.8043583 0.48181877 -0.347647 12.61957 -0.49329153 0.21543008 -0.8427654 0 -0.3311665 0.8493766 0.41096008 0 0 0 0 1 0.8057373 0.48141155 -0.34500775 12.61957 -0.49006024 0.21476698 -0.8448173 0 -0.3326085 0.8497753 0.40896636 0 0 0 0 1 0.80713767 0.481021 -0.34226835 12.61957 -0.48667985 0.21397579 -0.8469693 0 -0.3341729 0.85019594 0.40681118 0 0 0 0 1 0.8085407 0.48065212 -0.33946344 12.61957 -0.4831907 0.21306247 -0.84919435 0 -0.3358402 0.8506338 0.40451634 0 0 0 0 1 0.8099286 0.48030984 -0.33662754 12.61957 -0.4796334 0.21203423 -0.85146534 0 -0.33759063 0.851084 0.4021052 0 0 0 0 1 0.8112838 0.47999904 -0.33379552 12.61957 -0.47604904 0.21089828 -0.85375607 0 -0.33940515 0.8515415 0.3996014 0 0 0 0 1 0.8125899 0.47972408 -0.33100224 12.61957 -0.47247872 0.20966232 -0.8560406 0 -0.3412646 0.8520014 0.39702892 0 0 0 0 1 0.8138305 0.4794896 -0.32828292 12.61957 -0.46896437 0.20833421 -0.8582944 0 -0.34315065 0.85245913 0.39441228 0 0 0 0 1 0.81499016 0.4792997 -0.32567298 12.61957 -0.46554795 0.20692188 -0.8604932 0 -0.3450452 0.8529098 0.39177626 0 0 0 0 1 0.8160539 0.4791583 -0.32320783 12.61957 -0.46227172 0.2054336 -0.86261344 0 -0.3469306 0.853349 0.38914627 0 0 0 0 1 0.8170074 0.47906923 -0.3209229 12.61957 -0.4591784 0.20387846 -0.8646321 0 -0.3487894 0.8537718 0.38654846 0 0 0 0 1 0.81783664 0.47903594 -0.31885388 12.61957 -0.45631084 0.20226485 -0.8665272 0 -0.35060474 0.85417414 0.38400888 0 0 0 0 1 0.81852776 0.4790618 -0.31703636 12.61957 -0.45371214 0.20060194 -0.8682765 0 -0.35236004 0.8545517 0.38155442 0 0 0 0 1 0.8190674 0.47914982 -0.31550598 12.61957 -0.45142543 0.19889855 -0.86985886 0 -0.35403907 0.8549005 0.37921172 0 0 0 0 1 0.81944215 0.4793028 -0.31429818 12.61957 -0.44949397 0.19716376 -0.8712529 0 -0.35562578 0.8552165 0.37700802 0 0 0 0 1 0.81963855 0.4795235 -0.31344837 12.61957 -0.44796106 0.19540662 -0.8724374 0 -0.35710436 0.855496 0.37497067 0 0 0 0 1 0.81971157 0.47973764 -0.31292936 12.61957 -0.44679272 0.19369578 -0.87341756 0 -0.35839817 0.85576504 0.37311792 0 0 0 0 1 0.81972486 0.47990298 -0.31264082 12.61957 -0.4458967 0.19210982 -0.8742254 0 -0.35948202 0.85602975 0.3714643 0 0 0 0 1 0.8196777 0.48006204 -0.31252015 12.61957 -0.4452372 0.19067258 -0.8748759 0 -0.36040568 0.85626185 0.37003154 0 0 0 0 1 0.8195712 0.48021972 -0.31255725 12.61957 -0.44481635 0.18940729 -0.87536466 0 -0.36116675 0.85645425 0.36884236 0 0 0 0 1 0.8194062 0.48038122 -0.31274167 12.61957 -0.44463637 0.18833804 -0.87568676 0 -0.36176232 0.85659945 0.36792034 0 0 0 0 1 0.8191836 0.48054993 -0.31306544 12.61957 -0.4446972 0.1874798 -0.87584 0 -0.3621914 0.8566931 0.3672796 0 0 0 0 1 0.81890523 0.48072448 -0.3135255 12.61957 -0.44499323 0.18682742 -0.8758291 0 -0.36245733 0.85673773 0.36691308 0 0 0 0 1 0.8185728 0.4809028 -0.31411952 12.61957 -0.44551778 0.18637252 -0.8756593 0 -0.36256373 0.8567367 0.36681026 0 0 0 0 1 0.8181881 0.48108304 -0.3148451 12.61957 -0.4462644 0.18610746 -0.8753354 0 -0.36251402 0.8566931 0.36696112 0 0 0 0 1 0.81775236 0.48126352 -0.31570005 12.61957 -0.4472263 0.18602347 -0.87486225 0 -0.36231166 0.85661 0.36735487 0 0 0 0 1 0.8172671 0.48144263 -0.31668198 12.61957 -0.4483968 0.18611288 -0.8742439 0 -0.3619597 0.85648996 0.36798126 0 0 0 0 1 0.8167337 0.48161858 -0.31778866 12.61957 -0.44976872 0.18636692 -0.8734847 0 -0.36146116 0.8563357 0.36882913 0 0 0 0 1 0.8161533 0.4817899 -0.31901783 12.61957 -0.4513352 0.1867773 -0.8725886 0 -0.36081904 0.85615 0.36988765 0 0 0 0 1 0.81552696 0.48195502 -0.3203672 12.61957 -0.4530891 0.18733567 -0.8715594 0 -0.36003616 0.8559351 0.37114584 0 0 0 0 1 0.81485593 0.48211244 -0.32183447 12.61957 -0.4550232 0.18803376 -0.8704006 0 -0.35911515 0.8556933 0.37259275 0 0 0 0 1 0.81414115 0.48226064 -0.3234175 12.61957 -0.45713025 0.18886292 -0.8691161 0 -0.3580589 0.8554271 0.37421697 0 0 0 0 1 0.8133835 0.4823983 -0.32511407 12.61957 -0.459403 0.18981487 -0.8677092 0 -0.35686994 0.8551387 0.3760075 0 0 0 0 1 0.81258404 0.48252374 -0.32692188 12.61957 -0.461834 0.19088113 -0.86618334 0 -0.3555509 0.85483044 0.37795287 0 0 0 0 1 0.8117226 0.48265862 -0.3288573 12.61957 -0.46443897 0.19203484 -0.8645341 0 -0.3541227 0.85449594 0.38004446 0 0 0 0 1 0.81077826 0.4828245 -0.33093667 12.61957 -0.4672336 0.19324887 -0.8627558 0 -0.35260653 0.85412836 0.3822738 0 0 0 0 1 0.8097508 0.48302087 -0.33315825 12.61957 -0.4702113 0.19451356 -0.86085176 0 -0.3510056 0.8537302 0.38462937 0 0 0 0 1 0.8097508 0.48302087 -0.33315825 12.61957 -0.4702113 0.19451356 -0.86085176 0 -0.3510056 0.8537302 0.38462937 0 0 0 0 1</float_array>
        <technique_common>
          <accessor source="#Motion_23_LArm_transform_pose_array_id" count="61" stride="16">
            <param name="TRANSFORM" type="float4x4" />
          </accessor>
        </technique_common>
      </source>
      <sampler id="Motion_23_LArm_transform_samp_id">
        <input semantic="INPUT" source="#Motion_23_LArm_transform_frame_id" />
        <input semantic="INTERPOLATION" source="#Motion_23_LArm_transform_interp_id" />
        <input semantic="OUTPUT" source="#Motion_23_LArm_transform_pose_id" />
      </sampler>
      <channel source="#Motion_23_LArm_transform_samp_id" target="LArm_bone_id/transform" />
    </animation>
    <animation id="Motion_23_LForeArm_transform_id" name="Motion_23_LForeArm_transform">
      <source id="Motion_23_LForeArm_transform_frame_id" name="Motion_23_LForeArm_transform_frame">
        <float_array id="Motion_23_LForeArm_transform_frame_array_id" count="61">0 0.033333335 0.06666667 0.1 0.13333334 0.16666667 0.2 0.23333333 0.26666668 0.3 0.33333334 0.36666667 0.4 0.43333334 0.46666667 0.5 0.53333336 0.56666666 0.6 0.6333333 0.6666667 0.7 0.73333335 0.76666665 0.8 0.8333333 0.8666667 0.9 0.93333334 0.96666664 1 1.0333333 1.0666667 1.1 1.1333333 1.1666666 1.2 1.2333333 1.2666667 1.3 1.3333334 1.3666667 1.4 1.4333333 1.4666667 1.5 1.5333333 1.5666667 1.6 1.6333333 1.6666666 1.7 1.7333333 1.7666667 1.8 1.8333334 1.8666667 1.9 1.9333333 1.9666667 2</float_array>
        <technique_common>
          <accessor source="#Motion_23_LForeArm_transform_frame_array_id" count="61" stride="1">
            <param name="TIME" type="float" />
          </accessor>
        </technique_common>
      </source>
      <source id="Motion_23_LForeArm_transform_interp_id" name="Motion_23_LForeArm_transform_interp">
        <Name_array id="Motion_23_LForeArm_transform_interp_array_id" count="61">LINEAR LINEAR LINEAR LINEAR LINEAR LINEAR LINEAR LINEAR LINEAR LINEAR LINEAR LINEAR LINEAR LINEAR LINEAR LINEAR LINEAR LINEAR LINEAR LINEAR LINEAR LINEAR LINEAR LINEAR LINEAR LINEAR LINEAR LINEAR LINEAR LINEAR LINEAR LINEAR LINEAR LINEAR LINEAR LINEAR LINEAR LINEAR LINEAR LINEAR LINEAR LINEAR LINEAR LINEAR LINEAR LINEAR LINEAR LINEAR LINEAR LINEAR LINEAR LINEAR LINEAR LINEAR LINEAR LINEAR LINEAR LINEAR LINEAR LINEAR LINEAR</Name_array>
        <technique_common>
          <accessor source="#Motion_23_LForeArm_transform_interp_array_id" count="61" stride="1">
            <param name="INTERPOLATION" type="Name" />
          </accessor>
        </technique_common>
      </source>
      <source id="Motion_23_LForeArm_transform_pose_id" name="Motion_23_LForeArm_transform_pose">
        <float_array id="Motion_23_LForeArm_transform_pose_array_id" count="976">0.08449346 -0.0026164001 -0.9964206 22.6 0.0018026468 0.9999953 -0.0024729273 0 0.9964224 -0.0015872479 0.08449781 0 0 0 0 1 0.08597064 -0.0026180749 -0.9962942 22.6 0.0018048235 0.9999953 -0.002472062 0 0.996296 -0.0015856106 0.08597499 0 0 0 0 1 0.08759183 -0.002619912 -0.996153 22.6 0.0018072122 0.9999953 -0.002471109 0 0.9961548 -0.0015838109 0.08759618 0 0 0 0 1 0.08932328 -0.0026218721 -0.99599916 22.6 0.0018097627 0.9999953 -0.0024700882 0 0.99600095 -0.001581886 0.08932763 0 0 0 0 1 0.09113085 -0.0026239166 -0.99583554 22.6 0.001812425 0.9999953 -0.002469019 0 0.99583733 -0.0015798733 0.091135204 0 0 0 0 1 0.09297997 -0.0026260065 -0.9956646 22.6 0.0018151482 0.9999953 -0.0024679212 0 0.9956664 -0.0015778111 0.09298432 0 0 0 0 1 0.09483683 -0.0026281024 -0.9954893 22.6 0.0018178815 0.9999953 -0.0024668153 0 0.9954911 -0.001575737 0.09484118 0 0 0 0 1 0.09666711 -0.0026301676 -0.99531335 22.6 0.0018205763 0.9999953 -0.0024657215 0 0.99531513 -0.0015736894 0.09667146 0 0 0 0 1 0.09843695 -0.0026321623 -0.9951398 22.6 0.001823181 0.9999953 -0.0024646604 0 0.99514157 -0.0015717065 0.0984413 0 0 0 0 1 0.10011232 -0.0026340485 -0.9949726 22.6 0.001825646 0.9999953 -0.0024636523 0 0.9949744 -0.0015698262 0.10011667 0 0 0 0 1 0.10165894 -0.0026357889 -0.9948158 22.6 0.0018279218 0.9999953 -0.002462719 0 0.9948176 -0.0015680882 0.10166329 0 0 0 0 1 0.10304314 -0.0026373449 -0.9946733 22.6 0.0018299579 0.9999953 -0.0024618816 0 0.9946751 -0.0015665308 0.10304749 0 0 0 0 1 0.10423046 -0.0026386795 -0.99454963 22.6 0.0018317048 0.9999953 -0.002461162 0 0.9945514 -0.0015651934 0.104234815 0 0 0 0 1 0.10518724 -0.002639754 -0.99444884 22.6 0.0018331119 0.9999953 -0.0024605806 0 0.9944506 -0.0015641146 0.10519159 0 0 0 0 1 0.105879545 -0.002640531 -0.9943754 22.6 0.0018341299 0.9999953 -0.002460159 0 0.9943772 -0.0015633333 0.1058839 0 0 0 0 1 0.10627329 -0.0026409733 -0.99433345 22.6 0.0018347092 0.9999953 -0.0024599195 0 0.99433523 -0.0015628892 0.106277645 0 0 0 0 1 0.10633415 -0.0026410418 -0.994327 22.6 0.0018347991 0.9999953 -0.0024598825 0 0.9943288 -0.0015628205 0.1063385 0 0 0 0 1 0.10602862 -0.0026406986 -0.99435955 22.6 0.0018343492 0.9999953 -0.0024600686 0 0.99436134 -0.0015631653 0.10603297 0 0 0 0 1 0.10532236 -0.0026399055 -0.99443454 22.6 0.0018333105 0.9999953 -0.0024604981 0 0.9944363 -0.0015639622 0.10532671 0 0 0 0 1 0.1042884 -0.0026387447 -0.9945436 22.6 0.00183179 0.9999953 -0.0024611265 0 0.9945454 -0.001565128 0.10429275 0 0 0 0 1 0.1030398 -0.0026373416 -0.9946737 22.6 0.0018299534 0.9999953 -0.002461884 0 0.9946755 -0.0015665346 0.10304415 0 0 0 0 1 0.101600945 -0.002635724 -0.9948217 22.6 0.0018278366 0.9999953 -0.0024627545 0 0.9948235 -0.0015681536 0.101605296 0 0 0 0 1 0.099996865 -0.0026339188 -0.9949842 22.6 0.0018254763 0.9999953 -0.002463722 0 0.994986 -0.0015699558 0.100001216 0 0 0 0 1 0.09825176 -0.0026319532 -0.995158 22.6 0.0018229082 0.9999953 -0.0024647713 0 0.9951598 -0.0015719141 0.09825611 0 0 0 0 1 0.096390545 -0.0026298554 -0.99534005 22.6 0.0018201687 0.9999953 -0.002465887 0 0.99534184 -0.0015739991 0.0963949 0 0 0 0 1 0.09443802 -0.0026276526 -0.99552727 22.6 0.0018172947 0.9999953 -0.002467053 0 0.99552906 -0.0015761828 0.09444237 0 0 0 0 1 0.09241903 -0.0026253725 -0.9957167 22.6 0.0018143218 0.9999953 -0.0024682544 0 0.9957185 -0.001578437 0.09242338 0 0 0 0 1 0.09035808 -0.002623043 -0.99590594 22.6 0.001811287 0.9999953 -0.0024694765 0 0.9959077 -0.0015807342 0.09036243 0 0 0 0 1 0.08828014 -0.0026206917 -0.99609226 22.6 0.0018082263 0.9999953 -0.0024707036 0 0.99609405 -0.001583046 0.08828449 0 0 0 0 1 0.08621013 -0.0026183464 -0.9962736 22.6 0.0018051764 0.9999953 -0.002471921 0 0.99627537 -0.0015853447 0.08621448 0 0 0 0 1 0.08417243 -0.0026160358 -0.9964478 22.6 0.0018021738 0.9999953 -0.0024731152 0 0.9964496 -0.0015876038 0.08417678 0 0 0 0 1 0.08219236 -0.0026137882 -0.996613 22.6 0.0017992554 0.9999953 -0.0024742715 0 0.9966148 -0.0015897953 0.08219665 0 0 0 0 1 0.08029443 -0.0026116322 -0.9967678 22.6 0.0017964577 0.99999535 -0.0024753755 0 0.9967696 -0.0015918922 0.08029872 0 0 0 0 1 0.07850361 -0.0026095957 -0.9969104 22.6 0.0017938172 0.99999535 -0.0024764137 0 0.9969122 -0.0015938678 0.0785079 0 0 0 0 1 0.07684487 -0.0026077076 -0.9970396 22.6 0.0017913708 0.99999535 -0.0024773718 0 0.9970414 -0.0015956948 0.07684916 0 0 0 0 1 0.07534301 -0.0026059968 -0.9971543 22.6 0.0017891556 0.99999535 -0.0024782368 0 0.9971561 -0.0015973464 0.075347304 0 0 0 0 1 0.07402295 -0.0026044925 -0.9972532 22.6 0.0017872085 0.99999535 -0.0024789954 0 0.99725497 -0.0015987968 0.07402724 0 0 0 0 1 0.07290959 -0.0026032224 -0.9973351 22.6 0.0017855659 0.99999535 -0.0024796333 0 0.99733686 -0.0016000187 0.072913885 0 0 0 0 1 0.07202762 -0.002602216 -0.9973992 22.6 0.0017842643 0.99999535 -0.0024801379 0 0.997401 -0.0016009856 0.072031915 0 0 0 0 1 0.07140213 -0.0026015022 -0.9974442 22.6 0.0017833414 0.99999535 -0.0024804955 0 0.997446 -0.0016016712 0.071406424 0 0 0 0 1 0.07097757 -0.0026010175 -0.99747455 22.6 0.0017827151 0.99999535 -0.0024807379 0 0.99747634 -0.0016021362 0.07098186 0 0 0 0 1 0.07067937 -0.002600677 -0.9974957 22.6 0.001782275 0.99999535 -0.0024809078 0 0.9974975 -0.0016024626 0.07068366 0 0 0 0 1 0.07050449 -0.0026004773 -0.99750805 22.6 0.0017820171 0.99999535 -0.0024810075 0 0.99750984 -0.0016026543 0.07050878 0 0 0 0 1 0.07044923 -0.0026004142 -0.997512 22.6 0.0017819353 0.99999535 -0.002481039 0 0.9975138 -0.0016027146 0.070453525 0 0 0 0 1 0.07051003 -0.0026004836 -0.9975077 22.6 0.0017820252 0.99999535 -0.0024810045 0 0.9975095 -0.0016026481 0.07051432 0 0 0 0 1 0.07068378 -0.0026006822 -0.9974954 22.6 0.0017822816 0.99999535 -0.0024809053 0 0.9974972 -0.001602458 0.07068807 0 0 0 0 1 0.07096702 -0.0026010056 -0.99747527 22.6 0.0017826995 0.99999535 -0.002480744 0 0.99747705 -0.0016021478 0.07097131 0 0 0 0 1 0.07135618 -0.0026014494 -0.9974475 22.6 0.0017832735 0.99999535 -0.0024805213 0 0.9974493 -0.0016017215 0.07136047 0 0 0 0 1 0.071847856 -0.0026020107 -0.99741215 22.6 0.0017839989 0.99999535 -0.0024802405 0 0.99741393 -0.0016011827 0.07185215 0 0 0 0 1 0.07243848 -0.002602685 -0.99736947 22.6 0.0017848706 0.99999535 -0.0024799032 0 0.99737126 -0.0016005354 0.07244277 0 0 0 0 1 0.073125005 -0.0026034685 -0.9973194 22.6 0.0017858838 0.99999535 -0.0024795101 0 0.9973212 -0.0015997824 0.0731293 0 0 0 0 1 0.07390374 -0.0026043565 -0.99726194 22.6 0.0017870326 0.99999535 -0.0024790638 0 0.9972637 -0.0015989278 0.07390803 0 0 0 0 1 0.07477105 -0.002605345 -0.9971973 22.6 0.0017883121 0.99999535 -0.0024785658 0 0.99719906 -0.0015979751 0.07477534 0 0 0 0 1 0.07572383 -0.0026064308 -0.9971254 22.6 0.0017897174 0.99999535 -0.0024780177 0 0.9971272 -0.0015969279 0.07572812 0 0 0 0 1 0.076758385 -0.0026076091 -0.9970463 22.6 0.0017912433 0.99999535 -0.0024774217 0 0.9970481 -0.0015957898 0.076762676 0 0 0 0 1 0.07787156 -0.0026088764 -0.99696004 22.6 0.0017928851 0.99999535 -0.002476779 0 0.99696183 -0.0015945642 0.07787585 0 0 0 0 1 0.0790596 -0.0026102283 -0.9968665 22.6 0.001794637 0.99999535 -0.0024760915 0 0.9968683 -0.0015932545 0.07906389 0 0 0 0 1 0.080319285 -0.0026116604 -0.9967658 22.6 0.0017964942 0.99999535 -0.0024753609 0 0.9967676 -0.0015918645 0.08032358 0 0 0 0 1 0.08164734 -0.0026131691 -0.99665785 22.6 0.0017984519 0.9999953 -0.0024745888 0 0.99665964 -0.0015903977 0.08165163 0 0 0 0 1 0.08303976 -0.0026147503 -0.9965428 22.6 0.0018005043 0.9999953 -0.0024737772 0 0.9965446 -0.0015888578 0.08304405 0 0 0 0 1 0.08303976 -0.0026147503 -0.9965428 22.6 0.0018005043 0.9999953 -0.0024737772 0 0.9965446 -0.0015888578 0.08304405 0 0 0 0 1</float_array>
        <technique_common>
          <accessor source="#Motion_23_LForeArm_transform_pose_array_id" count="61" stride="16">
            <param name="TRANSFORM" type="float4x4" />
          </accessor>
        </technique_common>
      </source>
      <sampler id="Motion_23_LForeArm_transform_samp_id">
        <input semantic="INPUT" source="#Motion_23_LForeArm_transform_frame_id" />
        <input semantic="INTERPOLATION" source="#Motion_23_LForeArm_transform_interp_id" />
        <input semantic="OUTPUT" source="#Motion_23_LForeArm_transform_pose_id" />
      </sampler>
      <channel source="#Motion_23_LForeArm_transform_samp_id" target="LForeArm_bone_id/transform" />
    </animation>
    <animation id="Motion_23_LHand_transform_id" name="Motion_23_LHand_transform">
      <source id="Motion_23_LHand_transform_frame_id" name="Motion_23_LHand_transform_frame">
        <float_array id="Motion_23_LHand_transform_frame_array_id" count="61">0 0.033333335 0.06666667 0.1 0.13333334 0.16666667 0.2 0.23333333 0.26666668 0.3 0.33333334 0.36666667 0.4 0.43333334 0.46666667 0.5 0.53333336 0.56666666 0.6 0.6333333 0.6666667 0.7 0.73333335 0.76666665 0.8 0.8333333 0.8666667 0.9 0.93333334 0.96666664 1 1.0333333 1.0666667 1.1 1.1333333 1.1666666 1.2 1.2333333 1.2666667 1.3 1.3333334 1.3666667 1.4 1.4333333 1.4666667 1.5 1.5333333 1.5666667 1.6 1.6333333 1.6666666 1.7 1.7333333 1.7666667 1.8 1.8333334 1.8666667 1.9 1.9333333 1.9666667 2</float_array>
        <technique_common>
          <accessor source="#Motion_23_LHand_transform_frame_array_id" count="61" stride="1">
            <param name="TIME" type="float" />
          </accessor>
        </technique_common>
      </source>
      <source id="Motion_23_LHand_transform_interp_id" name="Motion_23_LHand_transform_interp">
        <Name_array id="Motion_23_LHand_transform_interp_array_id" count="61">LINEAR LINEAR LINEAR LINEAR LINEAR LINEAR LINEAR LINEAR LINEAR LINEAR LINEAR LINEAR LINEAR LINEAR LINEAR LINEAR LINEAR LINEAR LINEAR LINEAR LINEAR LINEAR LINEAR LINEAR LINEAR LINEAR LINEAR LINEAR LINEAR LINEAR LINEAR LINEAR LINEAR LINEAR LINEAR LINEAR LINEAR LINEAR LINEAR LINEAR LINEAR LINEAR LINEAR LINEAR LINEAR LINEAR LINEAR LINEAR LINEAR LINEAR LINEAR LINEAR LINEAR LINEAR LINEAR LINEAR LINEAR LINEAR LINEAR LINEAR LINEAR</Name_array>
        <technique_common>
          <accessor source="#Motion_23_LHand_transform_interp_array_id" count="61" stride="1">
            <param name="INTERPOLATION" type="Name" />
          </accessor>
        </technique_common>
      </source>
      <source id="Motion_23_LHand_transform_pose_id" name="Motion_23_LHand_transform_pose">
        <float_array id="Motion_23_LHand_transform_pose_array_id" count="976">0.559235 0.8263526 0.06631425 22.600002 -0.28250456 0.26516622 -0.92188823 0 -0.77938914 0.49681804 0.38173866 0 0 0 0 1 0.55832696 0.82703537 0.06544897 22.600002 -0.28286058 0.26393223 -0.92213327 0 -0.7799109 0.4963389 0.38129616 0 0 0 0 1 0.5571327 0.8279041 0.06463593 22.600002 -0.28302774 0.26248258 -0.9224956 0 -0.7807038 0.49565867 0.38055748 0 0 0 0 1 0.55569047 0.82893217 0.06387201 22.600002 -0.2830253 0.26084852 -0.9229598 0 -0.78173196 0.4948026 0.37955981 0 0 0 0 1 0.5540383 0.83009225 0.063153714 22.600002 -0.28287226 0.25906175 -0.9235098 0 -0.782959 0.49379534 0.37834018 0 0 0 0 1 0.55221444 0.8313578 0.062477827 22.600002 -0.28258795 0.25715375 -0.92412984 0 -0.78434896 0.4926624 0.37693566 0 0 0 0 1 0.5502569 0.8327022 0.06184122 22.600002 -0.28219193 0.25515616 -0.92480433 0 -0.7858658 0.49142885 0.37538332 0 0 0 0 1 0.54820406 0.8340994 0.06124109 22.600002 -0.2817041 0.25310063 -0.92551756 0 -0.78747386 0.49012062 0.37372005 0 0 0 0 1 0.5460945 0.8355234 0.060674906 22.600002 -0.28114468 0.25101864 -0.92625445 0 -0.78913784 0.488764 0.37198287 0 0 0 0 1 0.5439666 0.836949 0.06014058 22.600002 -0.2805344 0.24894178 -0.9269998 0 -0.790823 0.4873855 0.37020892 0 0 0 0 1 0.54185945 0.83835053 0.059636623 22.600002 -0.27989408 0.24690205 -0.9277384 0 -0.79249454 0.48601186 0.36843562 0 0 0 0 1 0.53981173 0.8397042 0.059161693 22.600002 -0.27924567 0.24493045 -0.9284562 0 -0.7941191 0.48467088 0.3667001 0 0 0 0 1 0.5378629 0.8409852 0.058715105 22.600002 -0.27861083 0.24305886 -0.9291385 0 -0.79566294 0.4833904 0.36503994 0 0 0 0 1 0.536052 0.8421697 0.058296353 22.600002 -0.27801174 0.24131835 -0.9297715 0 -0.7970933 0.48219877 0.36349225 0 0 0 0 1 0.5344187 0.84323394 0.057905465 22.600002 -0.27747104 0.23974085 -0.93034077 0 -0.7983774 0.4811244 0.36209506 0 0 0 0 1 0.5330024 0.8441548 0.057542503 22.600002 -0.27701157 0.23835713 -0.93083316 0 -0.79948294 0.4801963 0.36088556 0 0 0 0 1 0.5318427 0.84490865 0.057207763 22.600002 -0.2766561 0.23719883 -0.9312347 0 -0.8003779 0.47944355 0.35990155 0 0 0 0 1 0.5309793 0.84547216 0.056901693 22.600002 -0.27642745 0.23629755 -0.9315317 0 -0.80102986 0.4788949 0.3591808 0 0 0 0 1 0.5304515 0.8458221 0.056624234 22.600002 -0.2763485 0.23568416 -0.93171054 0 -0.80140674 0.47857922 0.3587606 0 0 0 0 1 0.5302987 0.8459344 0.056375295 22.600002 -0.2764416 0.2353903 -0.9317571 0 -0.80147564 0.47852504 0.3586787 0 0 0 0 1 0.5304826 0.84582746 0.056249797 22.600002 -0.27664018 0.23546135 -0.9316802 0 -0.80128545 0.47867915 0.35889804 0 0 0 0 1 0.5308975 0.84556425 0.056292206 22.600002 -0.27687106 0.23585093 -0.93151313 0 -0.80093086 0.47895235 0.359325 0 0 0 0 1 0.53148985 0.8451825 0.056436777 22.600002 -0.27714306 0.23646605 -0.93127626 0 -0.80044377 0.47932285 0.3599158 0 0 0 0 1 0.53224623 0.8446902 0.056677014 22.600002 -0.2774504 0.23729038 -0.930975 0 -0.7998345 0.47978288 0.36065662 0 0 0 0 1 0.5331531 0.844096 0.057006836 22.600002 -0.27778763 0.23830783 -0.9306146 0 -0.79911315 0.48032427 0.36153394 0 0 0 0 1 0.5341968 0.84340787 0.057419866 22.600002 -0.2781488 0.23950231 -0.9302 0 -0.79829013 0.48093864 0.36253417 0 0 0 0 1 0.5353639 0.84263396 0.057909966 22.600002 -0.27852818 0.24085772 -0.9297364 0 -0.79737544 0.48161772 0.36364377 0 0 0 0 1 0.5366409 0.84178245 0.058470666 22.600002 -0.27892017 0.24235785 -0.9292288 0 -0.7963793 0.48235354 0.36484927 0 0 0 0 1 0.53801423 0.8408617 0.05909583 22.600002 -0.27931893 0.24398643 -0.9286827 0 -0.7953123 0.48313797 0.36613673 0 0 0 0 1 0.53947043 0.8398798 0.059779555 22.600002 -0.27971882 0.24572754 -0.92810315 0 -0.79418457 0.4839627 0.3674929 0 0 0 0 1 0.5409958 0.8388454 0.060515374 22.600002 -0.2801144 0.24756455 -0.9274955 0 -0.79300666 0.48481998 0.368904 0 0 0 0 1 0.54257715 0.8377664 0.061297536 22.600002 -0.28050005 0.2494818 -0.92686486 0 -0.79178894 0.48570168 0.37035668 0 0 0 0 1 0.5442008 0.83665204 0.06211999 22.600002 -0.28087056 0.25146246 -0.92621726 0 -0.79054236 0.48660046 0.37183702 0 0 0 0 1 0.5458535 0.83551055 0.062977046 22.600002 -0.28122085 0.2534908 -0.92555785 0 -0.78927743 0.48750854 0.37333184 0 0 0 0 1 0.54752177 0.83435094 0.06386322 22.600002 -0.28154576 0.25555074 -0.92489237 0 -0.78800505 0.48841828 0.3748275 0 0 0 0 1 0.5491924 0.83318186 0.064772636 22.600002 -0.28184006 0.2576257 -0.92422676 0 -0.78673613 0.48932278 0.37631017 0 0 0 0 1 0.55085194 0.832013 0.065700114 22.600002 -0.2820996 0.2596997 -0.92356694 0 -0.785482 0.49021468 0.3777666 0 0 0 0 1 0.5524871 0.8308532 0.06664026 22.600002 -0.28231946 0.26175672 -0.9229188 0 -0.7842536 0.49108684 0.37918323 0 0 0 0 1 0.55408466 0.82971203 0.06758782 22.600002 -0.28249526 0.26378047 -0.9222886 0 -0.78306234 0.4919327 0.38054645 0 0 0 0 1 0.5556314 0.828599 0.06853777 22.600002 -0.28262255 0.2657547 -0.92168266 0 -0.78191954 0.49274546 0.38184237 0 0 0 0 1 0.5571142 0.8275238 0.06948516 22.600002 -0.28269744 0.2676636 -0.9211072 0 -0.7808367 0.4935186 0.383058 0 0 0 0 1 0.5585199 0.8264961 0.070424944 22.600002 -0.2827157 0.26949108 -0.92056847 0 -0.7798252 0.49424553 0.3841796 0 0 0 0 1 0.55983526 0.8255261 0.0713523 22.600002 -0.2826734 0.2712208 -0.9200734 0 -0.7788968 0.49492013 0.38519323 0 0 0 0 1 0.56098104 0.82467353 0.072206706 22.600002 -0.28262496 0.2727753 -0.9196286 0 -0.77808964 0.49548686 0.38609505 0 0 0 0 1 0.5618913 0.82398915 0.07293865 22.600002 -0.2826134 0.27408886 -0.9192415 0 -0.77743673 0.49590033 0.38687855 0 0 0 0 1 0.5625803 0.8234674 0.07351801 22.600002 -0.2825774 0.27509522 -0.918952 0 -0.77695143 0.49620974 0.38745642 0 0 0 0 1 0.56307447 0.8230946 0.07390806 22.600002 -0.2824843 0.27574635 -0.91878545 0 -0.7766272 0.4964668 0.38777703 0 0 0 0 1 0.56340015 0.82285357 0.07411021 22.600002 -0.28235748 0.2760725 -0.91872644 0 -0.77643704 0.49668506 0.38787818 0 0 0 0 1 0.5635725 0.8227328 0.07413924 22.600002 -0.2822083 0.27610564 -0.9187623 0 -0.7763662 0.4968665 0.38778758 0 0 0 0 1 0.56360704 0.8227209 0.074009866 22.600002 -0.28204718 0.2758773 -0.91888034 0 -0.77639973 0.49701312 0.38753247 0 0 0 0 1 0.56351876 0.8228059 0.07373664 22.600002 -0.2818849 0.275419 -0.91906774 0 -0.77652276 0.49712673 0.38714027 0 0 0 0 1 0.5633234 0.82297564 0.07333428 22.600002 -0.28173172 0.27476275 -0.919311 0 -0.77672005 0.49720877 0.38663864 0 0 0 0 1 0.5630355 0.8232185 0.072817326 22.600002 -0.2815984 0.27393997 -0.9195974 0 -0.7769771 0.4972608 0.38605487 0 0 0 0 1 0.5626709 0.82352203 0.07220027 22.600002 -0.28149503 0.27298248 -0.9199136 0 -0.77727854 0.4972846 0.3854167 0 0 0 0 1 0.5622443 0.8238747 0.07149774 22.600002 -0.28143254 0.2719217 -0.9202469 0 -0.7776099 0.49728173 0.38475156 0 0 0 0 1 0.56177115 0.82426405 0.07072449 22.600002 -0.28142095 0.2707895 -0.9205842 0 -0.77795595 0.49725425 0.3840869 0 0 0 0 1 0.56126654 0.8246784 0.06989524 22.600002 -0.28147134 0.26961762 -0.92091274 0 -0.77830184 0.49720398 0.3834507 0 0 0 0 1 0.56074536 0.82510626 0.06902468 22.600002 -0.28159395 0.26843745 -0.92121994 0 -0.7786331 0.4971329 0.38286996 0 0 0 0 1 0.56022304 0.8255354 0.06812775 22.600002 -0.2817998 0.26728106 -0.9214932 0 -0.77893454 0.49704334 0.38237274 0 0 0 0 1 0.55971456 0.82595474 0.06721926 22.600002 -0.28209966 0.26617992 -0.92172015 0 -0.77919155 0.49693763 0.38198632 0 0 0 0 1 0.55971456 0.82595474 0.06721926 22.600002 -0.28209966 0.26617992 -0.92172015 0 -0.77919155 0.49693763 0.38198632 0 0 0 0 1</float_array>
        <technique_common>
          <accessor source="#Motion_23_LHand_transform_pose_array_id" count="61" stride="16">
            <param name="TRANSFORM" type="float4x4" />
          </accessor>
        </technique_common>
      </source>
      <sampler id="Motion_23_LHand_transform_samp_id">
        <input semantic="INPUT" source="#Motion_23_LHand_transform_frame_id" />
        <input semantic="INTERPOLATION" source="#Motion_23_LHand_transform_interp_id" />
        <input semantic="OUTPUT" source="#Motion_23_LHand_transform_pose_id" />
      </sampler>
      <channel source="#Motion_23_LHand_transform_samp_id" target="LHand_bone_id/transform" />
    </animation>
    <animation id="Motion_23_Neck_transform_id" name="Motion_23_Neck_transform">
      <source id="Motion_23_Neck_transform_frame_id" name="Motion_23_Neck_transform_frame">
        <float_array id="Motion_23_Neck_transform_frame_array_id" count="61">0 0.033333335 0.06666667 0.1 0.13333334 0.16666667 0.2 0.23333333 0.26666668 0.3 0.33333334 0.36666667 0.4 0.43333334 0.46666667 0.5 0.53333336 0.56666666 0.6 0.6333333 0.6666667 0.7 0.73333335 0.76666665 0.8 0.8333333 0.8666667 0.9 0.93333334 0.96666664 1 1.0333333 1.0666667 1.1 1.1333333 1.1666666 1.2 1.2333333 1.2666667 1.3 1.3333334 1.3666667 1.4 1.4333333 1.4666667 1.5 1.5333333 1.5666667 1.6 1.6333333 1.6666666 1.7 1.7333333 1.7666667 1.8 1.8333334 1.8666667 1.9 1.9333333 1.9666667 2</float_array>
        <technique_common>
          <accessor source="#Motion_23_Neck_transform_frame_array_id" count="61" stride="1">
            <param name="TIME" type="float" />
          </accessor>
        </technique_common>
      </source>
      <source id="Motion_23_Neck_transform_interp_id" name="Motion_23_Neck_transform_interp">
        <Name_array id="Motion_23_Neck_transform_interp_array_id" count="61">LINEAR LINEAR LINEAR LINEAR LINEAR LINEAR LINEAR LINEAR LINEAR LINEAR LINEAR LINEAR LINEAR LINEAR LINEAR LINEAR LINEAR LINEAR LINEAR LINEAR LINEAR LINEAR LINEAR LINEAR LINEAR LINEAR LINEAR LINEAR LINEAR LINEAR LINEAR LINEAR LINEAR LINEAR LINEAR LINEAR LINEAR LINEAR LINEAR LINEAR LINEAR LINEAR LINEAR LINEAR LINEAR LINEAR LINEAR LINEAR LINEAR LINEAR LINEAR LINEAR LINEAR LINEAR LINEAR LINEAR LINEAR LINEAR LINEAR LINEAR LINEAR</Name_array>
        <technique_common>
          <accessor source="#Motion_23_Neck_transform_interp_array_id" count="61" stride="1">
            <param name="INTERPOLATION" type="Name" />
          </accessor>
        </technique_common>
      </source>
      <source id="Motion_23_Neck_transform_pose_id" name="Motion_23_Neck_transform_pose">
        <float_array id="Motion_23_Neck_transform_pose_array_id" count="976">0.9932553 0.06242915 -0.09770632 16.800177 -0.05917443 0.9976032 0.03586463 0 0.099711135 -0.029841019 0.9945688 0 0 0 0 1 0.99344707 0.062325217 -0.095804706 16.800177 -0.05928822 0.9976539 0.03422888 0 0.09771326 -0.028324489 0.9948115 0 0 0 0 1 0.99363196 0.062225096 -0.09393404 16.800177 -0.059397817 0.9977018 0.032602955 0 0.09574688 -0.02681586 0.99504447 0 0 0 0 1 0.993809 0.062129352 -0.09210672 16.800177 -0.05950259 0.99774677 0.030998264 0 0.09382508 -0.025325764 0.99526656 0 0 0 0 1 0.99397725 0.062038474 -0.09033522 16.800177 -0.059602007 0.9977884 0.029426264 0 0.091961 -0.023864875 0.9954766 0 0 0 0 1 0.9941359 0.06195289 -0.08863197 16.800177 -0.059695616 0.9978267 0.02789838 0 0.09016773 -0.02244384 0.99567366 0 0 0 0 1 0.9942842 0.061872937 -0.08700943 16.800177 -0.05978301 0.99786156 0.026426077 0 0.08845842 -0.021073345 0.99585694 0 0 0 0 1 0.9944215 0.061798926 -0.08548007 16.800177 -0.059863884 0.9978929 0.0250208 0 0.08684621 -0.01976405 0.9960257 0 0 0 0 1 0.994547 0.061731093 -0.08405636 16.800177 -0.059937954 0.9979209 0.023694007 0 0.085344255 -0.018526638 0.9961793 0 0 0 0 1 0.9946603 0.061669655 -0.08275079 16.800177 -0.06000501 0.9979454 0.02245715 0 0.0839657 -0.017371776 0.9963172 0 0 0 0 1 0.99476075 0.061614763 -0.08157578 16.800177 -0.06006484 0.9979667 0.021321692 0 0.08272365 -0.016310148 0.99643904 0 0 0 0 1 0.99484783 0.061566595 -0.08054387 16.800177 -0.0601173 0.9979849 0.020299098 0 0.08163131 -0.015352434 0.99654436 0 0 0 0 1 0.99492097 0.061525285 -0.07966749 16.800177 -0.060162194 0.9980001 0.019400807 0 0.0807018 -0.0145093 0.9966327 0 0 0 0 1 0.99497956 0.06149101 -0.078959115 16.800177 -0.060199354 0.99801236 0.018638289 0 0.079948254 -0.013791429 0.9967036 0 0 0 0 1 0.99502295 0.061463956 -0.07843123 16.800177 -0.060228568 0.9980219 0.01802299 0 0.07938384 -0.013209488 0.9967566 0 0 0 0 1 0.99505055 0.06144435 -0.07809624 16.800177 -0.060249567 0.99802876 0.01756635 0 0.07902165 -0.012774141 0.99679106 0 0 0 0 1 0.99506146 0.06143251 -0.07796664 16.800177 -0.06026203 0.998033 0.017279815 0 0.07887482 -0.012496049 0.9968062 0 0 0 0 1 0.9950547 0.061428804 -0.07805482 16.800177 -0.060265522 0.9980346 0.01717482 0 0.07895645 -0.012385871 0.99680114 0 0 0 0 1 0.9950294 0.06143374 -0.07837322 16.800177 -0.060259514 0.99803346 0.01726279 0 0.07927962 -0.012454251 0.9967746 0 0 0 0 1 0.9949842 0.061447933 -0.07893425 16.800177 -0.06024331 0.99802935 0.017555144 0 0.079857424 -0.0127118295 0.99672526 0 0 0 0 1 0.99491763 0.061472174 -0.079750285 16.800177 -0.060216065 0.9980219 0.01806328 0 0.080702916 -0.013169229 0.9966512 0 0 0 0 1 0.994828 0.061505172 -0.08083535 16.800177 -0.060179006 0.9980116 0.018743228 0 0.081827424 -0.013781697 0.9965512 0 0 0 0 1 0.99471337 0.061545126 -0.082203954 16.800177 -0.060133874 0.99799913 0.019536898 0 0.08324188 -0.01449037 0.996424 0 0 0 0 1 0.99457645 0.061591793 -0.083809905 16.800177 -0.06008103 0.99798435 0.020432722 0 0.08489946 -0.015286519 0.99627227 0 0 0 0 1 0.9944221 0.061644726 -0.08558402 16.800177 -0.060021132 0.9979673 0.021418449 0 0.08673038 -0.016162127 0.9961007 0 0 0 0 1 0.99425125 0.061703734 -0.08750485 16.800177 -0.059954375 0.9979479 0.022483269 0 0.08871257 -0.01710772 0.99591035 0 0 0 0 1 0.99406505 0.061768614 -0.08955092 16.800177 -0.05988104 0.9979261 0.023616357 0 0.090823956 -0.018113794 0.9957022 0 0 0 0 1 0.9938646 0.061839085 -0.0917008 16.800177 -0.05980144 0.997902 0.024806913 0 0.093042456 -0.019170873 0.99547756 0 0 0 0 1 0.9936514 0.061914798 -0.09393306 16.800177 -0.059715975 0.9978756 0.026044123 0 0.09534602 -0.020269476 0.9952378 0 0 0 0 1 0.9934269 0.06199533 -0.09622625 16.800177 -0.059625145 0.99784696 0.027317192 0 0.09771261 -0.021400131 0.99498457 0 0 0 0 1 0.9931929 0.06208017 -0.09855901 16.800177 -0.05952953 0.9978163 0.028615318 0 0.10012023 -0.022553362 0.9947197 0 0 0 0 1 0.9929513 0.062168717 -0.1009099 16.800177 -0.05942984 0.9977838 0.029927727 0 0.102546826 -0.023719717 0.9944453 0 0 0 0 1 0.99270415 0.062260266 -0.10325761 16.800177 -0.059326846 0.99774957 0.031243635 0 0.10497047 -0.02488974 0.9941638 0 0 0 0 1 0.9924539 0.062354013 -0.10558079 16.800177 -0.05922147 0.997714 0.03255228 0 0.1073692 -0.026053987 0.99387777 0 0 0 0 1 0.992203 0.062449075 -0.107858144 16.800177 -0.059114717 0.9976774 0.033842906 0 0.10972109 -0.02720303 0.9935901 0 0 0 0 1 0.9919542 0.06254444 -0.11006833 16.800177 -0.059007686 0.9976401 0.035104774 0 0.11200418 -0.02832745 0.9933039 0 0 0 0 1 0.9917105 0.06263907 -0.11219016 16.800177 -0.058901615 0.9976026 0.036327157 0 0.11419669 -0.02941784 0.9930225 0 0 0 0 1 0.9914749 0.0627318 -0.11420239 16.800177 -0.05879781 0.9975653 0.037499335 0 0.11627675 -0.030464802 0.9927495 0 0 0 0 1 0.99125075 0.062821366 -0.11608378 16.800177 -0.058697622 0.99752885 0.03861059 0 0.11822248 -0.031458933 0.9924887 0 0 0 0 1 0.9910413 0.0629065 -0.11781318 16.800177 -0.058602523 0.9974937 0.03965023 0 0.12001216 -0.03239087 0.9922439 0 0 0 0 1 0.99085003 0.06298588 -0.11936939 16.800177 -0.058514018 0.99746037 0.040607587 0 0.12162393 -0.03325125 0.9920191 0 0 0 0 1 0.9906804 0.06305811 -0.120731264 16.800177 -0.058433633 0.9974295 0.04147194 0 0.12303607 -0.034030672 0.99181855 0 0 0 0 1 0.990536 0.063121796 -0.121877655 16.800177 -0.058362924 0.9974017 0.042232625 0 0.12422678 -0.034719795 0.99164623 0 0 0 0 1 0.99042016 0.063175574 -0.12278738 16.800177 -0.058303446 0.99737763 0.042878978 0 0.12517428 -0.035309277 0.9915063 0 0 0 0 1 0.9903364 0.06321809 -0.12343933 16.800177 -0.058256716 0.9973578 0.0434003 0 0.12585686 -0.035789724 0.9914026 0 0 0 0 1 0.99028796 0.06324802 -0.12381225 16.800177 -0.058224205 0.9973428 0.043785907 0 0.12625264 -0.03615179 0.99133915 0 0 0 0 1 0.9902778 0.06326414 -0.12388502 16.800177 -0.058207285 0.9973333 0.04402511 0 0.12633987 -0.03638608 0.9913195 0 0 0 0 1 0.9903088 0.063265316 -0.123636335 16.800177 -0.058207225 0.99732965 0.044107188 0 0.12609664 -0.03648321 0.9913469 0 0 0 0 1 0.99038345 0.06325396 -0.123043075 16.800177 -0.058221646 0.9973302 0.044076707 0 0.1255026 -0.036489073 0.99142206 0 0 0 0 1 0.9905037 0.06323254 -0.122082196 16.800177 -0.058248065 0.997333 0.04397835 0 0.12453746 -0.036449663 0.9915452 0 0 0 0 1 0.9906712 0.06320018 -0.12073225 16.800177 -0.058287468 0.9973385 0.043801527 0 0.12317918 -0.036355738 0.9917183 0 0 0 0 1 0.990887 0.06315609 -0.11897174 16.800177 -0.058340684 0.997347 0.043535642 0 0.12140565 -0.036198013 0.9919427 0 0 0 0 1 0.99113756 0.06310164 -0.11689543 16.800177 -0.058405824 0.9973589 0.04317344 0 0.11931101 -0.035963446 0.9922054 0 0 0 0 1 0.99140465 0.06303904 -0.11464237 16.800177 -0.05847993 0.9973746 0.04270897 0 0.11703372 -0.035637595 0.9924883 0 0 0 0 1 0.991682 0.06296892 -0.11225755 16.800177 -0.058562145 0.9973942 0.042133532 0 0.11461813 -0.035209022 0.99278545 0 0 0 0 1 0.9919635 0.06289194 -0.109786 16.800177 -0.058651548 0.9974181 0.041438453 0 0.112108685 -0.034666315 0.9930911 0 0 0 0 1 0.9922437 0.06280883 -0.10727276 16.800177 -0.058747206 0.99744636 0.040615026 0 0.109549806 -0.03399803 0.9933997 0 0 0 0 1 0.9925175 0.06272031 -0.104763 16.800177 -0.058848195 0.997479 0.039654605 0 0.106986046 -0.033192776 0.9937063 0 0 0 0 1 0.99278 0.0626271 -0.10230186 16.800177 -0.058953606 0.99751616 0.038548503 0 0.10446193 -0.03223912 0.9940062 0 0 0 0 1 0.99302727 0.062529854 -0.09993454 16.800177 -0.0590626 0.99755764 0.037288062 0 0.102022074 -0.031125667 0.99429506 0 0 0 0 1 0.99302727 0.062529854 -0.09993454 16.800177 -0.0590626 0.99755764 0.037288062 0 0.102022074 -0.031125667 0.99429506 0 0 0 0 1</float_array>
        <technique_common>
          <accessor source="#Motion_23_Neck_transform_pose_array_id" count="61" stride="16">
            <param name="TRANSFORM" type="float4x4" />
          </accessor>
        </technique_common>
      </source>
      <sampler id="Motion_23_Neck_transform_samp_id">
        <input semantic="INPUT" source="#Motion_23_Neck_transform_frame_id" />
        <input semantic="INTERPOLATION" source="#Motion_23_Neck_transform_interp_id" />
        <input semantic="OUTPUT" source="#Motion_23_Neck_transform_pose_id" />
      </sampler>
      <channel source="#Motion_23_Neck_transform_samp_id" target="Neck_bone_id/transform" />
    </animation>
    <animation id="Motion_23_Head_transform_id" name="Motion_23_Head_transform">
      <source id="Motion_23_Head_transform_frame_id" name="Motion_23_Head_transform_frame">
        <float_array id="Motion_23_Head_transform_frame_array_id" count="61">0 0.033333335 0.06666667 0.1 0.13333334 0.16666667 0.2 0.23333333 0.26666668 0.3 0.33333334 0.36666667 0.4 0.43333334 0.46666667 0.5 0.53333336 0.56666666 0.6 0.6333333 0.6666667 0.7 0.73333335 0.76666665 0.8 0.8333333 0.8666667 0.9 0.93333334 0.96666664 1 1.0333333 1.0666667 1.1 1.1333333 1.1666666 1.2 1.2333333 1.2666667 1.3 1.3333334 1.3666667 1.4 1.4333333 1.4666667 1.5 1.5333333 1.5666667 1.6 1.6333333 1.6666666 1.7 1.7333333 1.7666667 1.8 1.8333334 1.8666667 1.9 1.9333333 1.9666667 2</float_array>
        <technique_common>
          <accessor source="#Motion_23_Head_transform_frame_array_id" count="61" stride="1">
            <param name="TIME" type="float" />
          </accessor>
        </technique_common>
      </source>
      <source id="Motion_23_Head_transform_interp_id" name="Motion_23_Head_transform_interp">
        <Name_array id="Motion_23_Head_transform_interp_array_id" count="61">LINEAR LINEAR LINEAR LINEAR LINEAR LINEAR LINEAR LINEAR LINEAR LINEAR LINEAR LINEAR LINEAR LINEAR LINEAR LINEAR LINEAR LINEAR LINEAR LINEAR LINEAR LINEAR LINEAR LINEAR LINEAR LINEAR LINEAR LINEAR LINEAR LINEAR LINEAR LINEAR LINEAR LINEAR LINEAR LINEAR LINEAR LINEAR LINEAR LINEAR LINEAR LINEAR LINEAR LINEAR LINEAR LINEAR LINEAR LINEAR LINEAR LINEAR LINEAR LINEAR LINEAR LINEAR LINEAR LINEAR LINEAR LINEAR LINEAR LINEAR LINEAR</Name_array>
        <technique_common>
          <accessor source="#Motion_23_Head_transform_interp_array_id" count="61" stride="1">
            <param name="INTERPOLATION" type="Name" />
          </accessor>
        </technique_common>
      </source>
      <source id="Motion_23_Head_transform_pose_id" name="Motion_23_Head_transform_pose">
        <float_array id="Motion_23_Head_transform_pose_array_id" count="976">0.99621344 0.039121598 -0.07764231 5.120195 -0.034140848 0.9973353 0.06447233 0 0.07995768 -0.061577428 0.99489444 0 0 0 0 1 0.9961422 0.039346833 -0.078438416 5.120195 -0.03417411 0.99721885 0.06623195 0 0.08082628 -0.06329587 0.9947164 0 0 0 0 1 0.9960338 0.039703578 -0.07962605 5.120195 -0.034291588 0.9970808 0.068220064 0 0.082102194 -0.065218985 0.99448764 0 0 0 0 1 0.99588895 0.0401845 -0.081181064 5.120195 -0.034486514 0.9969217 0.07041128 0 0.083760604 -0.067322165 0.9942092 0 0 0 0 1 0.9957081 0.040782295 -0.08307917 5.120195 -0.03475207 0.99674237 0.07278027 0 0.085776664 -0.069580734 0.9938817 0 0 0 0 1 0.99549145 0.041489616 -0.08529613 5.120195 -0.035081424 0.99654347 0.07530179 0 0.08812555 -0.07196998 0.993506 0 0 0 0 1 0.99523896 0.04229904 -0.08780768 5.120195 -0.03546784 0.9963261 0.077950634 0 0.09078232 -0.07446516 0.9930828 0 0 0 0 1 0.9949508 0.04320301 -0.09058959 5.120195 -0.035904713 0.9960914 0.08070159 0 0.09372207 -0.07704152 0.9926131 0 0 0 0 1 0.9946269 0.044193763 -0.093617626 5.120195 -0.03638563 0.9958408 0.08352946 0 0.09691974 -0.0796743 0.9920981 0 0 0 0 1 0.9942675 0.045263346 -0.09686772 5.120195 -0.036904406 0.99557596 0.08640908 0 0.10035034 -0.082338884 0.99153924 0 0 0 0 1 0.99387294 0.04640352 -0.10031582 5.120195 -0.037455134 0.9952989 0.08931516 0 0.10398876 -0.08501059 0.9909387 0 0 0 0 1 0.9934438 0.047605753 -0.10393799 5.120195 -0.038032204 0.9950118 0.09222259 0 0.107809864 -0.08766497 0.99029887 0 0 0 0 1 0.9929809 0.048861243 -0.10771047 5.120195 -0.03863036 0.9947173 0.09510607 0 0.111788474 -0.09027762 0.98962283 0 0 0 0 1 0.99248534 0.050160833 -0.11160953 5.120195 -0.039244674 0.9944182 0.09794035 0 0.115899324 -0.09282429 0.9889141 0 0 0 0 1 0.9919638 0.051493045 -0.11556959 5.120195 -0.039872784 0.9941176 0.10069934 0 0.12007508 -0.095282026 0.9881818 0 0 0 0 1 0.99142504 0.05284535 -0.11951482 5.120195 -0.040513456 0.99381894 0.10335668 0 0.124238014 -0.09762844 0.9874379 0 0 0 0 1 0.9908746 0.054206524 -0.1234066 5.120195 -0.04116411 0.9935258 0.1058866 0 0.12834738 -0.099840425 0.9866909 0 0 0 0 1 0.99031866 0.055564996 -0.12720649 5.120195 -0.041822594 0.99324214 0.10826336 0 0.1323625 -0.10189512 0.98595005 0 0 0 0 1 0.989764 0.056908894 -0.1308763 5.120195 -0.04248709 0.9929719 0.110461116 0 0.13624272 -0.10376988 0.98522574 0 0 0 0 1 0.989218 0.058226075 -0.13437797 5.120195 -0.04315613 0.99271935 0.11245394 0 0.13994737 -0.105442226 0.98452866 0 0 0 0 1 0.98868865 0.059504244 -0.13767372 5.120195 -0.04382852 0.9924887 0.11421591 0 0.14343594 -0.10688993 0.98387027 0 0 0 0 1 0.9881842 0.060730904 -0.14072588 5.120195 -0.044503227 0.9922843 0.11572101 0 0.14666793 -0.108090915 0.98326236 0 0 0 0 1 0.98771346 0.061893545 -0.14349692 5.120195 -0.045179352 0.99211043 0.11694311 0 0.14960282 -0.10902319 0.9827171 0 0 0 0 1 0.9872854 0.062982485 -0.14594802 5.120195 -0.045853037 0.9919669 0.11789478 0 0.15220091 -0.10970363 0.98224235 0 0 0 0 1 0.9869091 0.063989796 -0.14803988 5.120195 -0.046518598 0.99185085 0.11860796 0 0.15442318 -0.11016866 0.98184335 0 0 0 0 1 0.98659366 0.06490569 -0.14973387 5.120195 -0.047172293 0.99176276 0.119085714 0 0.15622982 -0.11042592 0.9815286 0 0 0 0 1 0.98634803 0.06572068 -0.1509914 5.120195 -0.047810126 0.99170274 0.11933099 0 0.1575811 -0.11048296 0.98130614 0 0 0 0 1 0.9861807 0.06642553 -0.15177368 5.120195 -0.048427816 0.99167085 0.1193467 0 0.1584372 -0.11034735 0.9811835 0 0 0 0 1 0.9860998 0.06701134 -0.15204182 5.120195 -0.04902073 0.9916671 0.11913571 0 0.15875831 -0.11002649 0.9811677 0 0 0 0 1 0.9861125 0.067469485 -0.15175666 5.120195 -0.04958386 0.99169123 0.118700825 0 0.15850444 -0.109527685 0.98126453 0 0 0 0 1 0.98622507 0.06779172 -0.15087888 5.120195 -0.050111774 0.991743 0.11804488 0 0.15763554 -0.10885802 0.981479 0 0 0 0 1 0.9864426 0.06797014 -0.14936875 5.120195 -0.05059861 0.99182194 0.11717076 0 0.15611131 -0.10802438 0.9818146 0 0 0 0 1 0.9867687 0.0679972 -0.14718634 5.120195 -0.051038004 0.99192756 0.11608135 0 0.15389138 -0.10703335 0.9822735 0 0 0 0 1 0.9871921 0.06787044 -0.14437932 5.120195 -0.051417924 0.9920591 0.11478184 0 0.15102312 -0.10588804 0.9828427 0 0 0 0 1 0.9876899 0.0675913 -0.14106765 5.120195 -0.05172181 0.992216 0.1132794 0 0.14762628 -0.10458864 0.9834977 0 0 0 0 1 0.9882475 0.067158476 -0.13731924 5.120195 -0.051936157 0.99239737 0.11158022 0 0.14376882 -0.103137046 0.9842222 0 0 0 0 1 0.9888506 0.06657067 -0.13320208 5.120195 -0.05204746 0.99260217 0.109690666 0 0.13951886 -0.10153486 0.9850001 0 0 0 0 1 0.9894855 0.06582646 -0.12878409 5.120195 -0.052042235 0.9928293 0.10761736 0 0.1349447 -0.099783614 0.985816 0 0 0 0 1 0.99013925 0.064924315 -0.124133386 5.120195 -0.051907152 0.99307775 0.10536713 0 0.13011499 -0.09788472 0.9866553 0 0 0 0 1 0.9908005 0.06385536 -0.11931846 5.120195 -0.051621966 0.99334645 0.102946535 0 0.12509826 -0.09584002 0.9875045 0 0 0 0 1 0.99145794 0.062627815 -0.11440703 5.120195 -0.051184043 0.99363345 0.100363314 0 0.11996418 -0.09365019 0.9883513 0 0 0 0 1 0.99210066 0.061265513 -0.10946623 5.120195 -0.050606973 0.99393564 0.09762616 0 0.1147835 -0.09131522 0.9891847 0 0 0 0 1 0.99271923 0.059791908 -0.104563355 5.120195 -0.049904764 0.99425006 0.09474344 0 0.10962701 -0.088835426 0.98999506 0 0 0 0 1 0.99330556 0.058230147 -0.09976604 5.120195 -0.049091935 0.99457365 0.09172336 0 0.10456575 -0.086211614 0.9907742 0 0 0 0 1 0.99385315 0.056602966 -0.09514216 5.120195 -0.048183564 0.9949035 0.0885738 0 0.09967082 -0.08344506 0.99151534 0 0 0 0 1 0.99435663 0.05493479 -0.09075848 5.120195 -0.04719292 0.9952327 0.08535073 0 0.095014535 -0.080585904 0.9922087 0 0 0 0 1 0.9948119 0.05325039 -0.08668139 5.120195 -0.046133127 0.9955527 0.08213744 0 0.09066974 -0.077712424 0.9928443 0 0 0 0 1 0.995216 0.051572032 -0.08297872 5.120195 -0.045020007 0.9958589 0.0789822 0 0.086708374 -0.07486864 0.9934165 0 0 0 0 1 0.9955666 0.049921278 -0.0797186 5.120195 -0.04387017 0.9961474 0.07593298 0 0.083202146 -0.072099075 0.9939211 0 0 0 0 1 0.9958619 0.048319113 -0.07696951 5.120195 -0.042700905 0.99641466 0.07303755 0 0.08022266 -0.06944865 0.99435467 0 0 0 0 1 0.9961004 0.046786092 -0.07480012 5.120195 -0.04152999 0.99665797 0.07034337 0 0.07784122 -0.06696261 0.9947144 0 0 0 0 1 0.9962802 0.04534249 -0.07327924 5.120195 -0.040375493 0.996875 0.06789772 0 0.07612889 -0.06468646 0.9949975 0 0 0 0 1 0.99639875 0.04400854 -0.07247586 5.120195 -0.03925557 0.9970638 0.065747716 0 0.07515652 -0.06266586 0.99520075 0 0 0 0 1 0.99645793 0.04280237 -0.07238436 5.120195 -0.03819059 0.9972228 0.06393896 0 0.07492007 -0.06094808 0.9953252 0 0 0 0 1 0.99646986 0.041738044 -0.07284075 5.120195 -0.037205208 0.99735034 0.06251428 0 0.07525697 -0.05958354 0.9953824 0 0 0 0 1 0.996446 0.040830616 -0.073676534 5.120195 -0.03632303 0.99744487 0.0615169 0 0.07600006 -0.05862211 0.9953831 0 0 0 0 1 0.9963979 0.04009604 -0.074723095 5.120195 -0.0355667 0.9975045 0.06099043 0 0.076982096 -0.058113083 0.9953374 0 0 0 0 1 0.9963375 0.0395509 -0.07581169 5.120195 -0.034958206 0.9975267 0.06097888 0 0.07803596 -0.0581053 0.9952558 0 0 0 0 1 0.9962772 0.039212 -0.07677339 5.120195 -0.034519214 0.99750835 0.061526444 0 0.07899468 -0.058647234 0.9951484 0 0 0 0 1 0.99623024 0.039095934 -0.07743906 5.120195 -0.034271564 0.9974452 0.06267744 0 0.079691656 -0.059787206 0.995025 0 0 0 0 1 0.99623024 0.039095934 -0.07743906 5.120195 -0.034271564 0.9974452 0.06267744 0 0.079691656 -0.059787206 0.995025 0 0 0 0 1</float_array>
        <technique_common>
          <accessor source="#Motion_23_Head_transform_pose_array_id" count="61" stride="16">
            <param name="TRANSFORM" type="float4x4" />
          </accessor>
        </technique_common>
      </source>
      <sampler id="Motion_23_Head_transform_samp_id">
        <input semantic="INPUT" source="#Motion_23_Head_transform_frame_id" />
        <input semantic="INTERPOLATION" source="#Motion_23_Head_transform_interp_id" />
        <input semantic="OUTPUT" source="#Motion_23_Head_transform_pose_id" />
      </sampler>
      <channel source="#Motion_23_Head_transform_samp_id" target="Head_bone_id/transform" />
    </animation>
  </library_animations>
  <library_visual_scenes>
    <visual_scene id="tr0092_00_fi_00_clip_id" name="tr0092_00_fi_00_clip">
      <node id="tr0092_00_fi_bone_id" name="tr0092_00_fi" sid="tr0092_00_fi" type="JOINT">
        <matrix sid="transform">1 0 0 0 0 1 0 0 0 0 1 0 0 0 0 1</matrix>
        <node id="Origin_bone_id" name="Origin" sid="Origin" type="JOINT">
          <matrix sid="transform">1 0 0 0 0 1 0 0 0 0 1 0 0 0 0 1</matrix>
          <node id="Waist_bone_id" name="Waist" sid="Waist" type="JOINT">
            <matrix sid="transform">3.1391647E-07 -1 0 0 1 3.1391647E-07 0 90.6 0 0 1 0 0 0 0 1</matrix>
            <node id="Spine2_bone_id" name="Spine2" sid="Spine2" type="JOINT">
              <matrix sid="transform">1 0 0 13.5 0 1 0 0 0 0 1 0 0 0 0 1</matrix>
              <node id="Spine3_bone_id" name="Spine3" sid="Spine3" type="JOINT">
                <matrix sid="transform">0.99582267 0 0.091308646 13.5 0 1 0 0 -0.091308646 0 0.99582267 0 0 0 0 1</matrix>
                <node id="Neck_bone_id" name="Neck" sid="Neck" type="JOINT">
                  <matrix sid="transform">0.9344343 0 -0.35613555 16.800177 0 1 0 0 0.35613555 0 0.9344343 0 0 0 0 1</matrix>
                  <node id="Head_bone_id" name="Head" sid="Head" type="JOINT">
                    <matrix sid="transform">0.9630491 0 0.2693259 5.120195 0 1 0 0 -0.2693259 0 0.9630491 0 0 0 0 1</matrix>
                    <node id="Loc_Head_bone_id" name="Loc_Head" sid="Loc_Head" type="JOINT">
                      <matrix sid="transform">3.1391647E-07 1 0 33.790222 -1 3.1391647E-07 0 0 0 0 1 0 0 0 0 1</matrix>
                    </node>
                    <node id="Loc_Eye_bone_id" name="Loc_Eye" sid="Loc_Eye" type="JOINT">
                      <matrix sid="transform">3.1391647E-07 1 0 8.002282 -1 3.1391647E-07 0 0 0 0 1 13.722511 0 0 0 1</matrix>
                    </node>
                    <node id="Loc_Mouth_bone_id" name="Loc_Mouth" sid="Loc_Mouth" type="JOINT">
                      <matrix sid="transform">3.1391647E-07 1 0 0.400917 -1 3.1391647E-07 0 0 0 0 1 12.012478 0 0 0 1</matrix>
                    </node>
                  </node>
                </node>
                <node id="LShoulder_bone_id" name="LShoulder" sid="LShoulder" type="JOINT">
                  <matrix sid="transform">-0.44190192 0.8924043 -0.09130862 14.18017 -0.89614785 -0.44375566 -2.0772681E-07 -4.5 -0.040518906 0.08182593 0.9958226 -0.240233 0 0 0 1</matrix>
                  <node id="LArm_bone_id" name="LArm" sid="LArm" type="JOINT">
                    <matrix sid="transform">0.8961479 -0.44375545 0 12.61957 0.44375545 0.8961479 0 0 0 0 1 0 0 0 0 1</matrix>
                    <node id="LForeArm_bone_id" name="LForeArm" sid="LForeArm" type="JOINT">
                      <matrix sid="transform">1 0 0 22.6 0 1 0 0 0 0 1 0 0 0 0 1</matrix>
                      <node id="LHand_bone_id" name="LHand" sid="LHand" type="JOINT">
                        <matrix sid="transform">1 0 0 22.600002 0 1 0 0 0 0 1 0 0 0 0 1</matrix>
                      </node>
                    </node>
                  </node>
                </node>
                <node id="RShoulder_bone_id" name="RShoulder" sid="RShoulder" type="JOINT">
                  <matrix sid="transform">-0.44190192 -0.8924043 -0.09130862 14.18017 0.89614785 -0.44375566 2.0772681E-07 4.5 -0.040518906 -0.08182593 0.9958226 -0.240233 0 0 0 1</matrix>
                  <node id="RArm_bone_id" name="RArm" sid="RArm" type="JOINT">
                    <matrix sid="transform">0.8961479 0.44375545 0 12.61957 -0.44375545 0.8961479 0 0 0 0 1 0 0 0 0 1</matrix>
                    <node id="RForeArm_bone_id" name="RForeArm" sid="RForeArm" type="JOINT">
                      <matrix sid="transform">1 0 0 22.6 0 1 0 0 0 0 1 0 0 0 0 1</matrix>
                      <node id="RHand_bone_id" name="RHand" sid="RHand" type="JOINT">
                        <matrix sid="transform">1 0 0 22.600002 0 1 0 0 0 0 1 0 0 0 0 1</matrix>
                      </node>
                    </node>
                  </node>
                </node>
              </node>
            </node>
            <node id="Hips_bone_id" name="Hips" sid="Hips" type="JOINT">
              <matrix sid="transform">-1 -3.2584137E-07 0 -0.010002 3.2584137E-07 -1 0 0 0 0 1 0 0 0 0 1</matrix>
              <node id="LThigh_bone_id" name="LThigh" sid="LThigh" type="JOINT">
                <matrix sid="transform">1 0 0 11.300003 0 1 0 7.8 0 0 1 0 0 0 0 1</matrix>
                <node id="LLeg_bone_id" name="LLeg" sid="LLeg" type="JOINT">
                  <matrix sid="transform">1 0 0 34.299995 0 1 0 0 0 0 1 0 0 0 0 1</matrix>
                  <node id="LFoot_bone_id" name="LFoot" sid="LFoot" type="JOINT">
                    <matrix sid="transform">3.1391647E-07 0 -1 34.3 0 1 0 0 1 0 3.1391647E-07 0 0 0 0 1</matrix>
                  </node>
                </node>
              </node>
              <node id="RThigh_bone_id" name="RThigh" sid="RThigh" type="JOINT">
                <matrix sid="transform">1 0 0 11.299995 0 1 0 -7.8 0 0 1 0 0 0 0 1</matrix>
                <node id="RLeg_bone_id" name="RLeg" sid="RLeg" type="JOINT">
                  <matrix sid="transform">1 0 0 34.3 0 1 0 0 0 0 1 0 0 0 0 1</matrix>
                  <node id="RFoot_bone_id" name="RFoot" sid="RFoot" type="JOINT">
                    <matrix sid="transform">3.1391647E-07 0 -1 34.3 0 1 0 0 1 0 3.1391647E-07 0 0 0 0 1</matrix>
                  </node>
                </node>
              </node>
            </node>
          </node>
          <node id="CamTgtHead_bone_id" name="CamTgtHead" sid="CamTgtHead" type="JOINT">
            <matrix sid="transform">1 0 0 0 0 1 0 147.26328 0 0 1 -0.155 0 0 0 1</matrix>
          </node>
          <node id="CamTgtBust_bone_id" name="CamTgtBust" sid="CamTgtBust" type="JOINT">
            <matrix sid="transform">1 0 0 0 0 1 0 117.6 0 0 1 0 0 0 0 1</matrix>
          </node>
          <node id="CamTgtBody_bone_id" name="CamTgtBody" sid="CamTgtBody" type="JOINT">
            <matrix sid="transform">1 0 0 0 0 1 0 90.6 0 0 1 0 0 0 0 1</matrix>
          </node>
          <node id="CamTgtFoot_bone_id" name="CamTgtFoot" sid="CamTgtFoot" type="JOINT">
            <matrix sid="transform">1 0 0 0 0 1 0 0 0 0 1 0 0 0 0 1</matrix>
          </node>
        </node>
        <node id="tr0092_00_fi_HeadSkin_bone_id" name="tr0092_00_fi_HeadSkin" sid="tr0092_00_fi_HeadSkin" type="JOINT">
          <matrix sid="transform">1 0 0 0 0 1 0 0 0 0 1 0 0 0 0 1</matrix>
        </node>
        <node id="tr0092_00_fi_FaceSkin_bone_id" name="tr0092_00_fi_FaceSkin" sid="tr0092_00_fi_FaceSkin" type="JOINT">
          <matrix sid="transform">1 0 0 0 0 1 0 0 0 0 1 0 0 0 0 1</matrix>
        </node>
        <node id="tr0092_00_fi_BodySkin_bone_id" name="tr0092_00_fi_BodySkin" sid="tr0092_00_fi_BodySkin" type="JOINT">
          <matrix sid="transform">1 0 0 0 0 1 0 0 0 0 1 0 0 0 0 1</matrix>
        </node>
        <node id="tr0092_00_fi_BottomSkin_bone_id" name="tr0092_00_fi_BottomSkin" sid="tr0092_00_fi_BottomSkin" type="JOINT">
          <matrix sid="transform">1 0 0 0 0 1 0 0 0 0 1 0 0 0 0 1</matrix>
        </node>
      </node>
    </visual_scene>
  </library_visual_scenes>
  <scene>
    <instance_visual_scene url="#tr0092_00_fi_00_clip_id" />
  </scene>
</COLLADA>