<?xml version="1.0" encoding="utf-8"?>
<COLLADA xmlns:xsi="http://www.w3.org/2001/XMLSchema-instance" xmlns:xsd="http://www.w3.org/2001/XMLSchema" version="1.4.1" xmlns="http://www.collada.org/2005/11/COLLADASchema">
  <asset>
    <created>2026-02-17T05:46:48.9727462-05:00</created>
    <modified>2026-02-17T05:46:48.9727466-05:00</modified>
    <up_axis>Y_UP</up_axis>
  </asset>
  <library_animations>
    <animation id="Motion_127_Waist_transform_id" name="Motion_127_Waist_transform">
      <source id="Motion_127_Waist_transform_frame_id" name="Motion_127_Waist_transform_frame">
        <float_array id="Motion_127_Waist_transform_frame_array_id" count="91">0 0.033333335 0.06666667 0.1 0.13333334 0.16666667 0.2 0.23333333 0.26666668 0.3 0.33333334 0.36666667 0.4 0.43333334 0.46666667 0.5 0.53333336 0.56666666 0.6 0.6333333 0.6666667 0.7 0.73333335 0.76666665 0.8 0.8333333 0.8666667 0.9 0.93333334 0.96666664 1 1.0333333 1.0666667 1.1 1.1333333 1.1666666 1.2 1.2333333 1.2666667 1.3 1.3333334 1.3666667 1.4 1.4333333 1.4666667 1.5 1.5333333 1.5666667 1.6 1.6333333 1.6666666 1.7 1.7333333 1.7666667 1.8 1.8333334 1.8666667 1.9 1.9333333 1.9666667 2 2.0333333 2.0666666 2.1 2.1333334 2.1666667 2.2 2.2333333 2.2666667 2.3 2.3333333 2.3666666 2.4 2.4333334 2.4666667 2.5 2.5333333 2.5666666 2.6 2.6333334 2.6666667 2.7 2.7333333 2.7666667 2.8 2.8333333 2.8666666 2.9 2.9333334 2.9666667 3</float_array>
        <technique_common>
          <accessor source="#Motion_127_Waist_transform_frame_array_id" count="91" stride="1">
            <param name="TIME" type="float" />
          </accessor>
        </technique_common>
      </source>
      <source id="Motion_127_Waist_transform_interp_id" name="Motion_127_Waist_transform_interp">
        <Name_array id="Motion_127_Waist_transform_interp_array_id" count="91">LINEAR LINEAR LINEAR LINEAR LINEAR LINEAR LINEAR LINEAR LINEAR LINEAR LINEAR LINEAR LINEAR LINEAR LINEAR LINEAR LINEAR LINEAR LINEAR LINEAR LINEAR LINEAR LINEAR LINEAR LINEAR LINEAR LINEAR LINEAR LINEAR LINEAR LINEAR LINEAR LINEAR LINEAR LINEAR LINEAR LINEAR LINEAR LINEAR LINEAR LINEAR LINEAR LINEAR LINEAR LINEAR LINEAR LINEAR LINEAR LINEAR LINEAR LINEAR LINEAR LINEAR LINEAR LINEAR LINEAR LINEAR LINEAR LINEAR LINEAR LINEAR LINEAR LINEAR LINEAR LINEAR LINEAR LINEAR LINEAR LINEAR LINEAR LINEAR LINEAR LINEAR LINEAR LINEAR LINEAR LINEAR LINEAR LINEAR LINEAR LINEAR LINEAR LINEAR LINEAR LINEAR LINEAR LINEAR LINEAR LINEAR LINEAR LINEAR</Name_array>
        <technique_common>
          <accessor source="#Motion_127_Waist_transform_interp_array_id" count="91" stride="1">
            <param name="INTERPOLATION" type="Name" />
          </accessor>
        </technique_common>
      </source>
      <source id="Motion_127_Waist_transform_pose_id" name="Motion_127_Waist_transform_pose">
        <float_array id="Motion_127_Waist_transform_pose_array_id" count="1456">0.068534374 -0.7782774 -0.62416935 2.215264 -0.0454714 -0.6274271 0.7773466 13.176231 -0.99661195 -0.024893135 -0.078389764 -0.31927624 0 0 0 1 0.068458915 -0.7780974 -0.6244019 2.2175844 -0.045047253 -0.62764287 0.77719706 13.181213 -0.9966364 -0.025078475 -0.078018904 -0.31924567 0 0 0 1 0.06820524 -0.7779453 -0.6246191 2.2193785 -0.044538826 -0.62782705 0.7770773 13.190151 -0.99667656 -0.025180876 -0.07746971 -0.3198411 0 0 0 1 0.06776112 -0.7778238 -0.624819 2.2206647 -0.043936938 -0.6279774 0.77699053 13.202782 -0.9967337 -0.025197208 -0.07672787 -0.32103565 0 0 0 1 0.06711495 -0.77773464 -0.6249995 2.2214615 -0.043233246 -0.6280905 0.7769383 13.21884 -0.9968082 -0.025123447 -0.075778246 -0.3228024 0 0 0 1 0.06625444 -0.7776802 -0.62515897 2.2217877 -0.04241842 -0.6281643 0.7769234 13.238062 -0.9969006 -0.024956346 -0.07460654 -0.32511446 0 0 0 1 0.065167546 -0.7776629 -0.62529457 2.2216616 -0.041483402 -0.628196 0.77694815 13.260185 -0.99701154 -0.024692297 -0.07319784 -0.32794487 0 0 0 1 0.06385183 -0.77766854 -0.6254236 2.2211018 -0.04047227 -0.6282048 0.7769947 13.284943 -0.99713844 -0.024300247 -0.07158613 -0.33126673 0 0 0 1 0.06234479 -0.777686 -0.6255538 2.2201266 -0.03943494 -0.62820315 0.7770494 13.312075 -0.9972753 -0.023776323 -0.06983316 -0.33505315 0 0 0 1 0.060694993 -0.7777238 -0.62566906 2.2187552 -0.03837037 -0.6281793 0.77712184 13.341312 -0.9974186 -0.02316022 -0.067968845 -0.33927718 0 0 0 1 0.05892396 -0.7777801 -0.62576866 2.2170055 -0.03729558 -0.6281357 0.77720994 13.372396 -0.99756575 -0.022458017 -0.06602025 -0.34391198 0 0 0 1 0.057054996 -0.77785313 -0.6258509 2.2148962 -0.036227614 -0.62807226 0.7773114 13.40506 -0.99771357 -0.021676421 -0.064014554 -0.34893057 0 0 0 1 0.05510956 -0.777941 -0.625916 2.2124457 -0.035183877 -0.6279924 0.7774238 13.439039 -0.9978602 -0.020821333 -0.061979413 -0.3543061 0 0 0 1 0.053109407 -0.7780415 -0.6259639 2.2096732 -0.03418228 -0.62789774 0.77754486 13.4740715 -0.9980035 -0.019898057 -0.059942484 -0.36001158 0 0 0 1 0.051077187 -0.77815306 -0.6259944 2.2065964 -0.03324011 -0.62778986 0.77767277 13.509892 -0.99814135 -0.01891321 -0.05793166 -0.3660201 0 0 0 1 0.049034 -0.7782732 -0.6260084 2.2032344 -0.032375455 -0.6276715 0.77780485 13.546237 -0.9982723 -0.017871588 -0.055974245 -0.37230486 0 0 0 1 0.0470019 -0.7784002 -0.62600636 2.1996052 -0.031606108 -0.62754416 0.7779392 13.581737 -0.9983946 -0.016778976 -0.05409789 -0.3788388 0 0 0 1 0.04500127 -0.7785395 -0.62598014 2.1957278 -0.030952632 -0.62740064 0.7780812 13.615188 -0.99850726 -0.015638858 -0.052331567 -0.38559514 0 0 0 1 0.04305291 -0.7786944 -0.6259247 2.1916206 -0.03043428 -0.6272371 0.77823365 13.646575 -0.9986092 -0.014455676 -0.050703406 -0.3925469 0 0 0 1 0.041178703 -0.77885735 -0.62584794 2.187302 -0.030068785 -0.6270616 0.7783893 13.675885 -0.9986993 -0.013234615 -0.049240947 -0.39966714 0 0 0 1 0.039401233 -0.7790221 -0.6257573 2.1827908 -0.02987352 -0.6268821 0.7785413 13.703103 -0.99877685 -0.011981964 -0.047972202 -0.40692902 0 0 0 1 0.03773135 -0.77920485 -0.6256326 2.1781054 -0.029794782 -0.6266773 0.77870905 13.728212 -0.9988436 -0.010741174 -0.04686165 -0.41430557 0 0 0 1 0.036144137 -0.77941656 -0.62546265 2.173264 -0.029776633 -0.62643373 0.77890587 13.7512 -0.9989029 -0.009528756 -0.045850396 -0.42176992 0 0 0 1 0.03461337 -0.7796465 -0.6252625 2.1682858 -0.029826969 -0.62616456 0.7791201 13.772051 -0.9989556 -0.008318275 -0.044928074 -0.4292951 0 0 0 1 0.0331403 -0.77989364 -0.625034 2.1631887 -0.02993688 -0.6258714 0.77935135 13.79075 -0.9990022 -0.0071163476 -0.04408908 -0.43685424 0 0 0 1 0.031726718 -0.7801578 -0.6247778 2.1579916 -0.03009656 -0.62555456 0.77959955 13.807283 -0.99904335 -0.0059304535 -0.043326855 -0.44442046 0 0 0 1 0.03037393 -0.7804383 -0.6244947 2.152713 -0.030296177 -0.6252147 0.77986455 13.821636 -0.99907935 -0.004767716 -0.042634487 -0.4519668 0 0 0 1 0.029084086 -0.78073484 -0.6241851 2.1473713 -0.030525804 -0.6248517 0.78014636 13.833794 -0.9991107 -0.0036360323 -0.04200566 -0.45946634 0 0 0 1 0.0278579 -0.78104675 -0.6238509 2.1419852 -0.03077659 -0.6244674 0.7804443 13.84374 -0.99913806 -0.0025416017 -0.041434288 -0.46689215 0 0 0 1 0.026697695 -0.78137386 -0.62349206 2.136573 -0.031038016 -0.6240617 0.78075856 13.851461 -0.99916166 -0.0014925599 -0.040913463 -0.4742174 0 0 0 1 0.025605083 -0.7817155 -0.6231094 2.1311533 -0.031300575 -0.62363505 0.7810888 13.856944 -0.99918205 -0.00049617887 -0.040436506 -0.48141518 0 0 0 1 0.024581552 -0.78207135 -0.62270385 2.125745 -0.03155464 -0.62318873 0.78143466 13.86063 -0.9991997 0.0004402995 -0.039996862 -0.48845845 0 0 0 1 0.02362883 -0.7824409 -0.62227654 2.1203663 -0.031790882 -0.6227238 0.78179586 13.863021 -0.99921525 0.0013097525 -0.03958893 -0.49532038 0 0 0 1 0.022748172 -0.7828238 -0.6218277 2.1150355 -0.03199911 -0.6222403 0.7821723 13.864186 -0.9992291 0.0021048188 -0.039204717 -0.5019741 0 0 0 1 0.021942914 -0.7832184 -0.6213594 2.1097717 -0.032173187 -0.62174034 0.7825624 13.8642 -0.9992414 0.0028194487 -0.038841367 -0.50839263 0 0 0 1 0.021214545 -0.7836212 -0.6208768 2.1045928 -0.032313854 -0.62122965 0.7829622 13.863132 -0.9992527 0.0034526885 -0.038501024 -0.5145491 0 0 0 1 0.020567358 -0.7840284 -0.6203843 2.0995178 -0.032421052 -0.6207123 0.783368 13.861055 -0.99926275 0.0040016472 -0.038185596 -0.52041656 0 0 0 1 0.020003796 -0.7844367 -0.6198863 2.0945654 -0.032494456 -0.620193 0.78377616 13.858041 -0.99927175 0.0044642985 -0.037896276 -0.52596813 0 0 0 1 0.01952684 -0.7848425 -0.6193876 2.0897534 -0.03253475 -0.6196766 0.7841828 13.854159 -0.99927986 0.0048389733 -0.037635088 -0.53117687 0 0 0 1 0.019139886 -0.7852422 -0.61889285 2.0851011 -0.032541484 -0.61916757 0.7845843 13.849483 -0.99928707 0.00512287 -0.037403703 -0.53601587 0 0 0 1 0.018823981 -0.78563213 -0.61840737 2.0806265 -0.03253007 -0.6186707 0.7849765 13.844082 -0.99929345 0.0053404868 -0.03720236 -0.54045826 0 0 0 1 0.018562078 -0.7860117 -0.617933 2.0763483 -0.03251508 -0.61818707 0.7853582 13.83803 -0.9992989 0.005514294 -0.03703201 -0.54447705 0 0 0 1 0.018357992 -0.7863819 -0.61746776 2.0722854 -0.0324955 -0.6177149 0.7857305 13.831397 -0.9993032 0.0056405067 -0.036893845 -0.5480454 0 0 0 1 0.018215895 -0.7867434 -0.61701137 2.0684557 -0.032471806 -0.6172538 0.7860937 13.824256 -0.9993066 0.0057160556 -0.036790848 -0.5511364 0 0 0 1 0.018140316 -0.78709745 -0.61656183 2.064878 -0.032443136 -0.616802 0.78644943 13.816676 -0.9993089 0.005736798 -0.036724806 -0.5537231 0 0 0 1 0.018134654 -0.78744465 -0.6161186 2.061571 -0.03240955 -0.6163591 0.78679806 13.808732 -0.9993102 0.0056997538 -0.036698222 -0.55577856 0 0 0 1 0.018203855 -0.787786 -0.61568 2.058553 -0.0323703 -0.6159235 0.7871406 13.800492 -0.99931014 0.0056007802 -0.036713004 -0.55727595 0 0 0 1 0.01835376 -0.7881173 -0.6152513 2.0558426 -0.032341897 -0.6155009 0.78747225 13.79203 -0.9993082 0.005445391 -0.03678584 -0.55818826 0 0 0 1 0.018591583 -0.7884318 -0.6148412 2.0534587 -0.032347858 -0.6151 0.7877854 13.783417 -0.9993038 0.005242586 -0.03693986 -0.5584887 0 0 0 1 0.018923044 -0.7887267 -0.6144526 2.0514193 -0.03239903 -0.61472356 0.7880768 13.774723 -0.99929583 0.004994869 -0.037186384 -0.5581503 0 0 0 1 0.019353747 -0.78900003 -0.6140884 2.0497432 -0.03250557 -0.61437535 0.7883442 13.766021 -0.99928427 0.0047038198 -0.037537575 -0.55714613 0 0 0 1 0.019889176 -0.7892485 -0.61375153 2.0484486 -0.032678425 -0.614058 0.7885839 13.757381 -0.99926794 0.0043722093 -0.0380044 -0.5554492 0 0 0 1 0.020534873 -0.7894703 -0.61344504 2.0475545 -0.03292775 -0.6137755 0.78879344 13.748878 -0.9992467 0.0040016472 -0.038599253 -0.5530328 0 0 0 1 0.021296322 -0.7896627 -0.61317146 2.047079 -0.03326413 -0.61353064 0.78897 13.739363 -0.99921966 0.0035944283 -0.039333344 -0.5498698 0 0 0 1 0.022179604 -0.78982323 -0.61293364 2.0470412 -0.033697784 -0.6133268 0.78911036 13.727757 -0.99918604 0.0031522512 -0.04021895 -0.5459334 0 0 0 1 0.023190975 -0.78994954 -0.6127329 2.0474591 -0.03423819 -0.6131656 0.78921175 13.714224 -0.99914443 0.0026763976 -0.041266084 -0.54119676 0 0 0 1 0.024330974 -0.7900487 -0.61256087 2.0483515 -0.034866035 -0.61304 0.78928196 13.698929 -0.9990957 0.0021536648 -0.042461634 -0.53585446 0 0 0 1 0.025585592 -0.790128 -0.61240774 2.049737 -0.035552084 -0.6129401 0.7893293 13.682035 -0.9990403 0.0015768707 -0.043773174 -0.5301382 0 0 0 1 0.026937127 -0.790171 -0.612294 2.0516338 -0.036291778 -0.6128855 0.78933775 13.66371 -0.9989781 0.0009588003 -0.045185924 -0.52407676 0 0 0 1 0.028377056 -0.79016644 -0.61223507 2.0540607 -0.03707367 -0.61289227 0.78929627 13.644116 -0.9989096 0.00029990077 -0.04668641 -0.51769865 0 0 0 1 0.029896915 -0.7901157 -0.612228 2.0570362 -0.037888914 -0.61295724 0.78920686 13.623421 -0.99883455 -0.00039812922 -0.048262 -0.51103264 0 0 0 1 0.031486273 -0.7900208 -0.612271 2.060579 -0.038729012 -0.6130791 0.7890718 13.601787 -0.9987536 -0.0011323392 -0.049900413 -0.50410736 0 0 0 1 0.033136904 -0.78988326 -0.61236143 2.064707 -0.039585143 -0.6132544 0.788893 13.579379 -0.99866664 -0.0019010901 -0.051589012 -0.4969514 0 0 0 1 0.034838617 -0.7897048 -0.6124969 2.0692673 -0.040448457 -0.6134809 0.7886729 13.556365 -0.9985741 -0.0027017295 -0.053315043 -0.48959348 0 0 0 1 0.03658229 -0.789487 -0.612676 2.0740783 -0.041310728 -0.613757 0.7884134 13.532907 -0.9984764 -0.0035318434 -0.055066824 -0.48206222 0 0 0 1 0.03835827 -0.7892318 -0.61289614 2.079119 -0.042162806 -0.6140795 0.78811693 13.509171 -0.99837404 -0.004389316 -0.05683112 -0.47438627 0 0 0 1 0.040156484 -0.7889405 -0.6131562 2.0843666 -0.042996824 -0.61444724 0.7877856 13.485321 -0.9982679 -0.0052710176 -0.058596134 -0.4665943 0 0 0 1 0.041968226 -0.7886146 -0.6134538 2.0897996 -0.04380399 -0.6148565 0.7874213 13.461521 -0.99815816 -0.0061748624 -0.06034875 -0.45871496 0 0 0 1 0.04378265 -0.7882558 -0.61378807 2.0953956 -0.044576496 -0.6153066 0.7870264 13.43794 -0.9980461 -0.007097572 -0.062077403 -0.4507769 0 0 0 1 0.045590997 -0.78786594 -0.6141571 2.1011329 -0.04530531 -0.61579454 0.78660333 13.414739 -0.99793243 -0.008037537 -0.06376934 -0.44280875 0 0 0 1 0.04738295 -0.7874461 -0.61455977 2.1069894 -0.045982778 -0.6163182 0.7861538 13.392084 -0.9978179 -0.008991182 -0.065412045 -0.4348392 0 0 0 1 0.049148858 -0.78699785 -0.61499476 2.112943 -0.046600997 -0.61687505 0.78568006 13.37014 -0.9977037 -0.009955794 -0.066993356 -0.42689687 0 0 0 1 0.050878346 -0.786523 -0.6154615 2.1189718 -0.047151566 -0.61746407 0.7851844 13.3490715 -0.9975911 -0.01092881 -0.068501234 -0.41901046 0 0 0 1 0.052561283 -0.7860229 -0.615959 2.1250536 -0.047626913 -0.618083 0.78466904 13.329044 -0.9974814 -0.011907041 -0.06992328 -0.41120857 0 0 0 1 0.05418825 -0.7854991 -0.6164858 2.1311667 -0.048018903 -0.6187284 0.7841359 13.310223 -0.9973754 -0.012887955 -0.071246505 -0.40351993 0 0 0 1 0.0557487 -0.78495324 -0.6170417 2.137289 -0.048319966 -0.6193998 0.78358734 13.292772 -0.9972749 -0.0138685405 -0.0724597 -0.39597306 0 0 0 1 0.05723262 -0.7843869 -0.61762595 2.1433985 -0.048522234 -0.6200943 0.7830254 13.276856 -0.99718106 -0.014846027 -0.07354987 -0.38859674 0 0 0 1 0.058626056 -0.78382236 -0.61821157 2.1494732 -0.048623085 -0.6207838 0.7824726 13.262641 -0.99709517 -0.015813947 -0.074506044 -0.38141954 0 0 0 1 0.05991602 -0.78328335 -0.61877096 2.155491 -0.0486193 -0.621439 0.78195274 13.250291 -0.9970187 -0.016767353 -0.075316906 -0.37447017 0 0 0 1 0.061095834 -0.78276443 -0.619312 2.1614301 -0.048529714 -0.622067 0.78145885 13.239475 -0.9969515 -0.0176889 -0.07599318 -0.36777723 0 0 0 1 0.062172174 -0.78225946 -0.61984247 2.167268 -0.048381597 -0.6226759 0.78098255 13.2297125 -0.99689204 -0.01856637 -0.07656002 -0.36136943 0 0 0 1 0.06315482 -0.7817702 -0.62036014 2.1729834 -0.048180014 -0.62326455 0.7805254 13.220939 -0.99684 -0.019404948 -0.0770278 -0.3552754 0 0 0 1 0.06404889 -0.7812965 -0.6208652 2.178554 -0.047933787 -0.6238332 0.78008634 13.213094 -0.99679494 -0.020203233 -0.07740641 -0.34952378 0 0 0 1 0.06485909 -0.7808378 -0.62135816 2.1839578 -0.04765141 -0.6243825 0.77966416 13.206114 -0.9967562 -0.020959824 -0.077705145 -0.34414324 0 0 0 1 0.06559014 -0.7803935 -0.6218393 2.1891725 -0.047342062 -0.6249132 0.7792576 13.199935 -0.99672306 -0.021672547 -0.07793367 -0.33916244 0 0 0 1 0.06624663 -0.77996314 -0.62230927 2.1941767 -0.047014475 -0.62542653 0.77886534 13.194498 -0.996695 -0.022339612 -0.07810187 -0.33460996 0 0 0 1 0.06683338 -0.77954656 -0.6227682 2.198948 -0.04667723 -0.62592304 0.7784865 13.189738 -0.9966716 -0.02295968 -0.078219414 -0.33051455 0 0 0 1 0.06735122 -0.77916634 -0.62318814 2.2034643 -0.04634443 -0.6263753 0.77814263 13.185595 -0.99665236 -0.023527563 -0.07829714 -0.3269048 0 0 0 1 0.06780285 -0.7788366 -0.6235513 2.2077036 -0.04602903 -0.62676597 0.7778468 13.182004 -0.99663633 -0.024038732 -0.07834554 -0.32380942 0 0 0 1 0.068194866 -0.77854466 -0.6238731 2.2116442 -0.045735866 -0.6271111 0.777586 13.178904 -0.99662316 -0.024493992 -0.078373194 -0.32125703 0 0 0 1 0.068194866 -0.77854466 -0.6238731 2.2116442 -0.045735866 -0.6271111 0.777586 13.178904 -0.99662316 -0.024493992 -0.078373194 -0.32125703 0 0 0 1</float_array>
        <technique_common>
          <accessor source="#Motion_127_Waist_transform_pose_array_id" count="91" stride="16">
            <param name="TRANSFORM" type="float4x4" />
          </accessor>
        </technique_common>
      </source>
      <sampler id="Motion_127_Waist_transform_samp_id">
        <input semantic="INPUT" source="#Motion_127_Waist_transform_frame_id" />
        <input semantic="INTERPOLATION" source="#Motion_127_Waist_transform_interp_id" />
        <input semantic="OUTPUT" source="#Motion_127_Waist_transform_pose_id" />
      </sampler>
      <channel source="#Motion_127_Waist_transform_samp_id" target="Waist_bone_id/transform" />
    </animation>
    <animation id="Motion_127_Hips_transform_id" name="Motion_127_Hips_transform">
      <source id="Motion_127_Hips_transform_frame_id" name="Motion_127_Hips_transform_frame">
        <float_array id="Motion_127_Hips_transform_frame_array_id" count="91">0 0.033333335 0.06666667 0.1 0.13333334 0.16666667 0.2 0.23333333 0.26666668 0.3 0.33333334 0.36666667 0.4 0.43333334 0.46666667 0.5 0.53333336 0.56666666 0.6 0.6333333 0.6666667 0.7 0.73333335 0.76666665 0.8 0.8333333 0.8666667 0.9 0.93333334 0.96666664 1 1.0333333 1.0666667 1.1 1.1333333 1.1666666 1.2 1.2333333 1.2666667 1.3 1.3333334 1.3666667 1.4 1.4333333 1.4666667 1.5 1.5333333 1.5666667 1.6 1.6333333 1.6666666 1.7 1.7333333 1.7666667 1.8 1.8333334 1.8666667 1.9 1.9333333 1.9666667 2 2.0333333 2.0666666 2.1 2.1333334 2.1666667 2.2 2.2333333 2.2666667 2.3 2.3333333 2.3666666 2.4 2.4333334 2.4666667 2.5 2.5333333 2.5666666 2.6 2.6333334 2.6666667 2.7 2.7333333 2.7666667 2.8 2.8333333 2.8666666 2.9 2.9333334 2.9666667 3</float_array>
        <technique_common>
          <accessor source="#Motion_127_Hips_transform_frame_array_id" count="91" stride="1">
            <param name="TIME" type="float" />
          </accessor>
        </technique_common>
      </source>
      <source id="Motion_127_Hips_transform_interp_id" name="Motion_127_Hips_transform_interp">
        <Name_array id="Motion_127_Hips_transform_interp_array_id" count="91">LINEAR LINEAR LINEAR LINEAR LINEAR LINEAR LINEAR LINEAR LINEAR LINEAR LINEAR LINEAR LINEAR LINEAR LINEAR LINEAR LINEAR LINEAR LINEAR LINEAR LINEAR LINEAR LINEAR LINEAR LINEAR LINEAR LINEAR LINEAR LINEAR LINEAR LINEAR LINEAR LINEAR LINEAR LINEAR LINEAR LINEAR LINEAR LINEAR LINEAR LINEAR LINEAR LINEAR LINEAR LINEAR LINEAR LINEAR LINEAR LINEAR LINEAR LINEAR LINEAR LINEAR LINEAR LINEAR LINEAR LINEAR LINEAR LINEAR LINEAR LINEAR LINEAR LINEAR LINEAR LINEAR LINEAR LINEAR LINEAR LINEAR LINEAR LINEAR LINEAR LINEAR LINEAR LINEAR LINEAR LINEAR LINEAR LINEAR LINEAR LINEAR LINEAR LINEAR LINEAR LINEAR LINEAR LINEAR LINEAR LINEAR LINEAR LINEAR</Name_array>
        <technique_common>
          <accessor source="#Motion_127_Hips_transform_interp_array_id" count="91" stride="1">
            <param name="INTERPOLATION" type="Name" />
          </accessor>
        </technique_common>
      </source>
      <source id="Motion_127_Hips_transform_pose_id" name="Motion_127_Hips_transform_pose">
        <float_array id="Motion_127_Hips_transform_pose_array_id" count="1456">-0.998579 -0.013615816 -0.05151752 -0.010002 0.014871118 -0.9995996 -0.024062138 0 -0.05116928 -0.024794076 0.99838215 0 0 0 0 1 -0.9985789 -0.01361362 -0.05152578 -0.010002 0.014925544 -0.9995719 -0.025162954 0 -0.051161163 -0.025896244 0.9983546 0 0 0 0 1 -0.9985782 -0.013609574 -0.051533476 -0.010002 0.01497467 -0.9995444 -0.026196685 0 -0.05115348 -0.026931144 0.9983276 0 0 0 0 1 -0.9985781 -0.013604246 -0.051540624 -0.010002 0.015018893 -0.99951816 -0.027160084 0 -0.051146302 -0.027895553 0.9983015 0 0 0 0 1 -0.9985777 -0.013598192 -0.051547192 -0.010002 0.015058606 -0.9994929 -0.0280499 0 -0.051139638 -0.02878624 0.99827653 0 0 0 0 1 -0.9985777 -0.013591737 -0.051553167 -0.010002 0.015093965 -0.9994694 -0.028862877 0 -0.05113352 -0.02959997 0.99825305 0 0 0 0 1 -0.9985776 -0.013585202 -0.05155854 -0.010002 0.015125126 -0.99944746 -0.029595776 0 -0.051127993 -0.030333506 0.99823135 0 0 0 0 1 -0.9985775 -0.013579149 -0.051563296 -0.010002 0.015152482 -0.9994277 -0.030245343 0 -0.05112308 -0.030983629 0.9982116 0 0 0 0 1 -0.99857724 -0.013573662 -0.051567405 -0.010002 0.015175953 -0.99941003 -0.030808335 0 -0.051118806 -0.03154709 0.9981942 0 0 0 0 1 -0.9985771 -0.013569304 -0.051570874 -0.010002 0.015195931 -0.999395 -0.0312815 0 -0.05111521 -0.03202066 0.9981793 0 0 0 0 1 -0.9985769 -0.013566394 -0.05157367 -0.010002 0.015212574 -0.9993826 -0.03166159 0 -0.05111231 -0.032401104 0.99816716 0 0 0 0 1 -0.9985769 -0.013565495 -0.05157581 -0.010002 0.015226274 -0.99937356 -0.03194536 0 -0.05111015 -0.03268521 0.99815804 0 0 0 0 1 -0.9985769 -0.013566929 -0.051577266 -0.010002 0.015237189 -0.9993676 -0.032129567 0 -0.051108744 -0.032869738 0.998152 0 0 0 0 1 -0.99857676 -0.013570541 -0.051578 -0.010002 0.015244995 -0.99936473 -0.032210965 0 -0.051108122 -0.032951426 0.9981494 0 0 0 0 1 -0.9985764 -0.01357689 -0.05157802 -0.010002 0.015250088 -0.9993653 -0.032186303 0 -0.051108304 -0.032927062 0.99815017 0 0 0 0 1 -0.9985769 -0.013586302 -0.051577315 -0.010002 0.015252625 -0.9993701 -0.032052338 0 -0.051109336 -0.032793403 0.9981545 0 0 0 0 1 -0.9985765 -0.013598857 -0.05157583 -0.010002 0.015252518 -0.9993777 -0.03180581 0 -0.05111121 -0.032547195 0.99816245 0 0 0 0 1 -0.9985763 -0.013615115 -0.051573582 -0.010002 0.015250161 -0.9993892 -0.03144348 0 -0.05111397 -0.032185223 0.9981741 0 0 0 0 1 -0.99857616 -0.0136346845 -0.051570524 -0.010002 0.015244999 -0.9994042 -0.0309621 0 -0.051117647 -0.03170421 0.9981893 0 0 0 0 1 -0.99857616 -0.013656887 -0.051566765 -0.010002 0.015237226 -0.9994223 -0.03037874 0 -0.0511221 -0.03112122 0.9982074 0 0 0 0 1 -0.9985757 -0.013680666 -0.05156244 -0.010002 0.015226935 -0.9994421 -0.029715726 0 -0.051127154 -0.030458549 0.9982276 0 0 0 0 1 -0.99857616 -0.013706144 -0.051557586 -0.010002 0.015214488 -0.9994645 -0.02897772 0 -0.05113279 -0.029720878 0.99824953 0 0 0 0 1 -0.9985759 -0.013732002 -0.051552188 -0.010002 0.015198805 -0.99948764 -0.028169392 0 -0.05113895 -0.028912807 0.99827296 0 0 0 0 1 -0.99857557 -0.013759315 -0.05154631 -0.010002 0.015181199 -0.99951184 -0.027295368 0 -0.051145595 -0.028039029 0.9982975 0 0 0 0 1 -0.9985758 -0.013786535 -0.05153996 -0.010002 0.015160362 -0.9995376 -0.026360346 0 -0.05115271 -0.027104167 0.99832296 0 0 0 0 1 -0.99857557 -0.013814488 -0.051533185 -0.010002 0.015137361 -0.99956334 -0.025368953 0 -0.05116023 -0.026112897 0.998349 0 0 0 0 1 -0.99857545 -0.0138418665 -0.051525977 -0.010002 0.015111127 -0.99958956 -0.024325868 0 -0.051168125 -0.025069838 0.99837536 0 0 0 0 1 -0.9985758 -0.0138695035 -0.051518407 -0.010002 0.01508273 -0.99961627 -0.023235738 0 -0.051176365 -0.023979682 0.9984017 0 0 0 0 1 -0.9985758 -0.013896558 -0.05151048 -0.010002 0.0150515735 -0.9996425 -0.022103233 0 -0.051184896 -0.022847066 0.9984278 0 0 0 0 1 -0.9985759 -0.013922915 -0.05150223 -0.010002 0.015017778 -0.99966824 -0.02093301 0 -0.051193688 -0.021676645 0.9984535 0 0 0 0 1 -0.9985758 -0.013948212 -0.051493682 -0.010002 0.014981222 -0.99969304 -0.019729724 0 -0.051202685 -0.020473065 0.9984784 0 0 0 0 1 -0.9985759 -0.013972568 -0.051484883 -0.010002 0.014942265 -0.9997171 -0.018498043 0 -0.051211856 -0.019241003 0.99850243 0 0 0 0 1 -0.99857605 -0.013995625 -0.051475864 -0.010002 0.014900787 -0.99974024 -0.017242631 0 -0.051221173 -0.017985111 0.9985254 0 0 0 0 1 -0.9985764 -0.0140177375 -0.05146667 -0.010002 0.0148573825 -0.9997622 -0.01596814 0 -0.05123059 -0.016710065 0.998547 0 0 0 0 1 -0.9985763 -0.014038072 -0.051457305 -0.010002 0.014811457 -0.9997823 -0.014679245 0 -0.051240046 -0.015420507 0.9985673 0 0 0 0 1 -0.9985764 -0.014056267 -0.05144782 -0.010002 0.014762891 -0.99980104 -0.01338061 0 -0.051249523 -0.0141210845 0.99858606 0 0 0 0 1 -0.99857664 -0.01407316 -0.051438257 -0.010002 0.01471276 -0.99981844 -0.012076885 0 -0.05125898 -0.012816499 0.99860317 0 0 0 0 1 -0.998577 -0.01408815 -0.05142866 -0.010002 0.014660703 -0.9998342 -0.01077274 0 -0.051268384 -0.011511394 0.99861854 0 0 0 0 1 -0.9985777 -0.014101598 -0.05141907 -0.010002 0.0146073215 -0.9998485 -0.009472826 0 -0.051277697 -0.010210446 0.99863225 0 0 0 0 1 -0.99857795 -0.0141126625 -0.051409494 -0.010002 0.014552014 -0.99986064 -0.008181825 0 -0.051286865 -0.008918302 0.9986441 0 0 0 0 1 -0.9985781 -0.014121945 -0.05139999 -0.010002 0.014495618 -0.9998709 -0.0069043767 0 -0.05129586 -0.0076396354 0.9986543 0 0 0 0 1 -0.9985788 -0.014129324 -0.051390607 -0.010002 0.014438255 -0.99987996 -0.005645155 0 -0.051304672 -0.006379122 0.99866265 0 0 0 0 1 -0.998579 -0.014134677 -0.051381357 -0.010002 0.0143800415 -0.99988675 -0.0044088126 0 -0.05131323 -0.0051414142 0.9986694 0 0 0 0 1 -0.9985796 -0.014138127 -0.05137231 -0.010002 0.01432134 -0.9998925 -0.003200008 0 -0.051321533 -0.003931183 0.99867445 0 0 0 0 1 -0.99858 -0.014139314 -0.051363464 -0.010002 0.014262029 -0.9998963 -0.0020234114 0 -0.051329527 -0.0027530855 0.99867797 0 0 0 0 1 -0.9985806 -0.01413931 -0.051354907 -0.010002 0.014203423 -0.9998989 -0.000883652 0 -0.051337212 -0.0016118129 0.99868006 0 0 0 0 1 -0.9985807 -0.014137044 -0.051346622 -0.010002 0.014144684 -0.99989986 0.00021458985 0 -0.05134452 -0.00051199645 0.9986809 0 0 0 0 1 -0.9985813 -0.0141335875 -0.051338695 -0.010002 0.014087129 -0.9999 0.0012666779 0 -0.051351465 0.000541666 0.9986805 0 0 0 0 1 -0.9985815 -0.014127868 -0.051331125 -0.010002 0.014029923 -0.9998988 0.0022679348 0 -0.051357985 0.0015445466 0.9986791 0 0 0 0 1 -0.9985821 -0.014121197 -0.051323976 -0.010002 0.013974616 -0.9998971 0.0032137355 0 -0.051364083 0.002491946 0.9986769 0 0 0 0 1 -0.9985827 -0.014113218 -0.051317275 -0.010002 0.013921091 -0.99989474 0.00409942 0 -0.051369727 0.0033792173 0.998674 0 0 0 0 1 -0.9985832 -0.014104287 -0.05131105 -0.010002 0.013869944 -0.9998919 0.0049203406 0 -0.051374894 0.0042016874 0.9986706 0 0 0 0 1 -0.9985833 -0.014093569 -0.05130534 -0.010002 0.013820577 -0.9998882 0.005671822 0 -0.051379547 0.0049547185 0.9986669 0 0 0 0 1 -0.99858415 -0.01408214 -0.05130018 -0.010002 0.013774308 -0.9998851 0.006349244 0 -0.051383693 0.005633629 0.99866307 0 0 0 0 1 -0.9985845 -0.014070119 -0.0512956 -0.010002 0.013731492 -0.99988174 0.0069479523 0 -0.051387288 0.006233752 0.9986594 0 0 0 0 1 -0.99858475 -0.014056908 -0.051291633 -0.010002 0.013691772 -0.9998784 0.0074632866 0 -0.05139031 0.0067504514 0.99865586 0 0 0 0 1 -0.99858475 -0.014043103 -0.051288318 -0.010002 0.013655982 -0.9998753 0.007890607 0 -0.051392745 0.0071790507 0.9986527 0 0 0 0 1 -0.99858546 -0.014028829 -0.051285684 -0.010002 0.013624486 -0.9998733 0.008225262 0 -0.05139458 0.0075148866 0.99865013 0 0 0 0 1 -0.99858594 -0.014014437 -0.051283773 -0.010002 0.013597875 -0.99987185 0.008462615 0 -0.051395793 0.007753297 0.9986483 0 0 0 0 1 -0.9985863 -0.013999334 -0.0512826 -0.010002 0.013575794 -0.99987113 0.008597993 0 -0.051396348 0.007889635 0.99864715 0 0 0 0 1 -0.9985863 -0.0139838755 -0.051282197 -0.010002 0.0135588385 -0.9998709 0.008626753 0 -0.051396213 0.007919231 0.9986469 0 0 0 0 1 -0.99858665 -0.013967945 -0.05128261 -0.010002 0.013547131 -0.99987185 0.008544243 0 -0.051395375 0.007837434 0.99864763 0 0 0 0 1 -0.9985864 -0.013951419 -0.05128385 -0.010002 0.013540786 -0.9998733 0.008345803 0 -0.0513938 0.0076395837 0.99864924 0 0 0 0 1 -0.9985868 -0.013934897 -0.05128598 -0.010002 0.013540644 -0.99987614 0.008026794 0 -0.05139148 0.007321005 0.99865174 0 0 0 0 1 -0.9985868 -0.0139177805 -0.051289 -0.010002 0.013546345 -0.9998795 0.0075825425 0 -0.051388353 0.006877049 0.9986551 0 0 0 0 1 -0.99858665 -0.01389971 -0.051292952 -0.010002 0.0135577675 -0.9998833 0.0070083896 0 -0.051384393 0.0063030683 0.9986591 0 0 0 0 1 -0.99858654 -0.013881578 -0.051297724 -0.010002 0.013574976 -0.9998876 0.0063205087 0 -0.05137971 0.0056152116 0.9986634 0 0 0 0 1 -0.99858654 -0.013863262 -0.05130315 -0.010002 0.013596658 -0.9998919 0.0055420166 0 -0.05137445 0.004836634 0.9986678 0 0 0 0 1 -0.9985868 -0.01384491 -0.05130919 -0.010002 0.013622665 -0.99989617 0.0046787 0 -0.051368646 0.003973121 0.9986718 0 0 0 0 1 -0.99858665 -0.013827147 -0.05131581 -0.010002 0.013653323 -0.99989974 0.0037363584 0 -0.051362332 0.0030304466 0.99867547 0 0 0 0 1 -0.99858665 -0.013809167 -0.05132295 -0.010002 0.0136875305 -0.9999026 0.0027207534 0 -0.051355522 0.0020144235 0.9986784 0 0 0 0 1 -0.99858654 -0.013791593 -0.05133059 -0.010002 0.013725612 -0.9999045 0.0016376863 0 -0.05134827 0.0009308276 0.99868035 0 0 0 0 1 -0.9985864 -0.013774574 -0.05133868 -0.010002 0.013767423 -0.9999052 0.00049294264 0 -0.051340595 -0.00021455548 0.9986812 0 0 0 0 1 -0.9985858 -0.013757303 -0.051347166 -0.010002 0.013811855 -0.99990404 -0.00070771156 0 -0.05133252 -0.0014159107 0.9986806 0 0 0 0 1 -0.9985857 -0.013741123 -0.051356044 -0.010002 0.013859956 -0.9999019 -0.0019584592 0 -0.051324103 -0.002667482 0.9986785 0 0 0 0 1 -0.99858534 -0.013725227 -0.05136525 -0.010002 0.01391062 -0.9998976 -0.003253535 0 -0.051315352 -0.0039634556 0.99867463 0 0 0 0 1 -0.9985851 -0.013710238 -0.05137476 -0.010002 0.013964174 -0.99989164 -0.004587137 0 -0.05130632 -0.005298054 0.9986689 0 0 0 0 1 -0.99858487 -0.013696069 -0.05138453 -0.010002 0.014020236 -0.9998839 -0.0059534837 0 -0.05129703 -0.0066654827 0.9986612 0 0 0 0 1 -0.9985846 -0.0136828665 -0.051394526 -0.010002 0.014078651 -0.9998739 -0.0073467875 0 -0.05128752 -0.008059955 0.9986514 0 0 0 0 1 -0.99858415 -0.013671255 -0.051404707 -0.010002 0.014139749 -0.9998615 -0.008761243 0 -0.051277816 -0.00947569 0.99863946 0 0 0 0 1 -0.9985839 -0.013660906 -0.05141505 -0.010002 0.014202906 -0.9998472 -0.010191074 0 -0.051267974 -0.010906886 0.9986254 0 0 0 0 1 -0.9985832 -0.013652206 -0.0514255 -0.010002 0.014268207 -0.99983025 -0.011630488 0 -0.051258005 -0.0123477625 0.9986091 0 0 0 0 1 -0.9985827 -0.013645545 -0.051436044 -0.010002 0.014335748 -0.99981153 -0.013073684 0 -0.05124796 -0.0137925325 0.9985907 0 0 0 0 1 -0.9985825 -0.013640117 -0.051446628 -0.010002 0.014404425 -0.9997908 -0.014514903 0 -0.051237885 -0.015235389 0.99857026 0 0 0 0 1 -0.9985821 -0.013635356 -0.05145718 -0.010002 0.014473373 -0.999768 -0.015948355 0 -0.051227786 -0.016670503 0.99854785 0 0 0 0 1 -0.99858177 -0.013630697 -0.05146766 -0.010002 0.014541729 -0.99974346 -0.01736828 0 -0.051217716 -0.018092074 0.9985236 0 0 0 0 1 -0.99858105 -0.013626764 -0.051478032 -0.010002 0.014609821 -0.999717 -0.018768864 0 -0.05120771 -0.01949432 0.9984977 0 0 0 0 1 -0.9985807 -0.013623231 -0.051488243 -0.010002 0.014677026 -0.99968946 -0.020144336 0 -0.05119782 -0.020871438 0.9984704 0 0 0 0 1 -0.9985802 -0.013620009 -0.051498253 -0.010002 0.0147429565 -0.9996604 -0.021488901 0 -0.051188085 -0.022217628 0.9984419 0 0 0 0 1 -0.9985796 -0.013617489 -0.051508028 -0.010002 0.014807704 -0.99963033 -0.022796763 0 -0.051178556 -0.023527103 0.9984124 0 0 0 0 1 -0.9985796 -0.013617489 -0.051508028 -0.010002 0.014807704 -0.99963033 -0.022796763 0 -0.051178556 -0.023527103 0.9984124 0 0 0 0 1</float_array>
        <technique_common>
          <accessor source="#Motion_127_Hips_transform_pose_array_id" count="91" stride="16">
            <param name="TRANSFORM" type="float4x4" />
          </accessor>
        </technique_common>
      </source>
      <sampler id="Motion_127_Hips_transform_samp_id">
        <input semantic="INPUT" source="#Motion_127_Hips_transform_frame_id" />
        <input semantic="INTERPOLATION" source="#Motion_127_Hips_transform_interp_id" />
        <input semantic="OUTPUT" source="#Motion_127_Hips_transform_pose_id" />
      </sampler>
      <channel source="#Motion_127_Hips_transform_samp_id" target="Hips_bone_id/transform" />
    </animation>
    <animation id="Motion_127_RThigh_transform_id" name="Motion_127_RThigh_transform">
      <source id="Motion_127_RThigh_transform_frame_id" name="Motion_127_RThigh_transform_frame">
        <float_array id="Motion_127_RThigh_transform_frame_array_id" count="91">0 0.033333335 0.06666667 0.1 0.13333334 0.16666667 0.2 0.23333333 0.26666668 0.3 0.33333334 0.36666667 0.4 0.43333334 0.46666667 0.5 0.53333336 0.56666666 0.6 0.6333333 0.6666667 0.7 0.73333335 0.76666665 0.8 0.8333333 0.8666667 0.9 0.93333334 0.96666664 1 1.0333333 1.0666667 1.1 1.1333333 1.1666666 1.2 1.2333333 1.2666667 1.3 1.3333334 1.3666667 1.4 1.4333333 1.4666667 1.5 1.5333333 1.5666667 1.6 1.6333333 1.6666666 1.7 1.7333333 1.7666667 1.8 1.8333334 1.8666667 1.9 1.9333333 1.9666667 2 2.0333333 2.0666666 2.1 2.1333334 2.1666667 2.2 2.2333333 2.2666667 2.3 2.3333333 2.3666666 2.4 2.4333334 2.4666667 2.5 2.5333333 2.5666666 2.6 2.6333334 2.6666667 2.7 2.7333333 2.7666667 2.8 2.8333333 2.8666666 2.9 2.9333334 2.9666667 3</float_array>
        <technique_common>
          <accessor source="#Motion_127_RThigh_transform_frame_array_id" count="91" stride="1">
            <param name="TIME" type="float" />
          </accessor>
        </technique_common>
      </source>
      <source id="Motion_127_RThigh_transform_interp_id" name="Motion_127_RThigh_transform_interp">
        <Name_array id="Motion_127_RThigh_transform_interp_array_id" count="91">LINEAR LINEAR LINEAR LINEAR LINEAR LINEAR LINEAR LINEAR LINEAR LINEAR LINEAR LINEAR LINEAR LINEAR LINEAR LINEAR LINEAR LINEAR LINEAR LINEAR LINEAR LINEAR LINEAR LINEAR LINEAR LINEAR LINEAR LINEAR LINEAR LINEAR LINEAR LINEAR LINEAR LINEAR LINEAR LINEAR LINEAR LINEAR LINEAR LINEAR LINEAR LINEAR LINEAR LINEAR LINEAR LINEAR LINEAR LINEAR LINEAR LINEAR LINEAR LINEAR LINEAR LINEAR LINEAR LINEAR LINEAR LINEAR LINEAR LINEAR LINEAR LINEAR LINEAR LINEAR LINEAR LINEAR LINEAR LINEAR LINEAR LINEAR LINEAR LINEAR LINEAR LINEAR LINEAR LINEAR LINEAR LINEAR LINEAR LINEAR LINEAR LINEAR LINEAR LINEAR LINEAR LINEAR LINEAR LINEAR LINEAR LINEAR LINEAR</Name_array>
        <technique_common>
          <accessor source="#Motion_127_RThigh_transform_interp_array_id" count="91" stride="1">
            <param name="INTERPOLATION" type="Name" />
          </accessor>
        </technique_common>
      </source>
      <source id="Motion_127_RThigh_transform_pose_id" name="Motion_127_RThigh_transform_pose">
        <float_array id="Motion_127_RThigh_transform_pose_array_id" count="1456">0.88798076 0.017025948 -0.45956537 11.299995 -0.3158726 0.7488742 -0.5825907 -7.8 0.3342375 0.66249347 0.6703639 0 0 0 0 1 0.8879262 0.016619727 -0.45968553 11.299995 -0.31611615 0.7480129 -0.5835643 -7.8 0.334152 0.6634761 0.669434 0 0 0 0 1 0.8877245 0.016184837 -0.46009046 11.299995 -0.31662858 0.74695134 -0.58464515 -7.8 0.33420283 0.6646817 0.66821164 0 0 0 0 1 0.8873856 0.015726298 -0.46075964 11.299995 -0.3173943 0.74570185 -0.5858239 -7.8 0.3343765 0.6660942 0.6667166 0 0 0 0 1 0.8869194 0.015248865 -0.46167248 11.299995 -0.31839767 0.7442763 -0.58709085 -7.8 0.3346594 0.66769767 0.6649683 0 0 0 0 1 0.88633555 0.0147572905 -0.4628083 11.299995 -0.3196231 0.74268675 -0.5884365 -7.8 0.33503783 0.6694764 0.6629864 0 0 0 0 1 0.8856437 0.014256194 -0.4641465 11.299995 -0.321055 0.740945 -0.589851 -7.8 0.33549798 0.6714144 0.6607903 0 0 0 0 1 0.8848536 0.013750404 -0.4656663 11.299995 -0.32267746 0.73906326 -0.5913246 -7.8 0.3360259 0.6734957 0.6583997 0 0 0 0 1 0.88397473 0.01324451 -0.4673471 11.299995 -0.3244748 0.73705345 -0.59284765 -7.8 0.3366078 0.67570466 0.6558341 0 0 0 0 1 0.8830167 0.012743428 -0.46916848 11.299995 -0.32643116 0.7349278 -0.59441054 -7.8 0.33723015 0.6780256 0.65311337 0 0 0 0 1 0.8819894 0.012252107 -0.47110993 11.299995 -0.32853055 0.7326985 -0.59600383 -7.8 0.33787924 0.6804431 0.65025747 0 0 0 0 1 0.8809025 0.011775687 -0.47315127 11.299995 -0.33075696 0.7303779 -0.5976185 -7.8 0.33854187 0.68294173 0.64728665 0 0 0 0 1 0.879766 0.011319488 -0.47527218 11.299995 -0.33309445 0.72797847 -0.5992457 -7.8 0.3392048 0.6855065 0.6442212 0 0 0 0 1 0.87859 0.010889113 -0.47745273 11.299995 -0.33552667 0.725513 -0.60087657 -7.8 0.33985516 0.6881223 0.64108205 0 0 0 0 1 0.87738454 0.010490209 -0.4796731 11.299995 -0.33803758 0.7229941 -0.60250324 -7.8 0.34048045 0.6907746 0.63789 0 0 0 0 1 0.87616026 0.01012896 -0.48191345 11.299995 -0.34061074 0.7204349 -0.6041175 -7.8 0.3410682 0.69344866 0.63466644 0 0 0 0 1 0.8749275 0.00981155 -0.4841545 11.299995 -0.34322995 0.7178484 -0.6057119 -7.8 0.34160653 0.69613034 0.6314329 0 0 0 0 1 0.87369704 0.009544566 -0.4863768 11.299995 -0.34587878 0.715248 -0.6072793 -7.8 0.34208384 0.6988056 0.6282114 0 0 0 0 1 0.87247974 0.009334892 -0.4885611 11.299995 -0.34854078 0.7126473 -0.60881287 -7.8 0.34248853 0.7014604 0.62502396 0 0 0 0 1 0.8712865 0.009189561 -0.49068865 11.299995 -0.35119963 0.71005994 -0.61030626 -7.8 0.3428099 0.7040813 0.62189305 0 0 0 0 1 0.87012863 0.0091159195 -0.4927404 11.299995 -0.35383874 0.7074996 -0.61175364 -7.8 0.34303695 0.70665497 0.6188412 0 0 0 0 1 0.86901724 0.009121671 -0.49469763 11.299995 -0.35644174 0.7049805 -0.6131491 -7.8 0.34315926 0.709168 0.6158916 0 0 0 0 1 0.8679638 0.009214491 -0.49654198 11.299995 -0.35899213 0.70251673 -0.6144875 -7.8 0.3431669 0.7116076 0.61306703 0 0 0 0 1 0.8669572 0.0093462765 -0.49829495 11.299995 -0.36146381 0.7001312 -0.61575985 -7.8 0.34311676 0.713953 0.6103621 0 0 0 0 1 0.86598 0.009462103 -0.4999891 11.299995 -0.3638392 0.6978383 -0.6169625 -7.8 0.3430738 0.7161928 0.60775673 0 0 0 0 1 0.8650341 0.009559274 -0.50162196 11.299995 -0.3661149 0.6956388 -0.61809915 -7.8 0.3430391 0.7183282 0.6052511 0 0 0 0 1 0.8641213 0.00963743 -0.5031913 11.299995 -0.36828613 0.6935389 -0.61916804 -7.8 0.34301555 0.7203547 0.6028511 0 0 0 0 1 0.8632433 0.009696364 -0.50469494 11.299995 -0.37034816 0.6915456 -0.62016684 -7.8 0.34300622 0.7222677 0.6005631 0 0 0 0 1 0.8624017 0.009735644 -0.5061309 11.299995 -0.37229618 0.68966556 -0.62109345 -7.8 0.3430143 0.7240626 0.5983933 0 0 0 0 1 0.8615985 0.00975509 -0.5074967 11.299995 -0.37412548 0.6879053 -0.6219457 -7.8 0.34304258 0.7257349 0.5963478 0 0 0 0 1 0.8608352 0.00975436 -0.5087904 11.299995 -0.37583134 0.68627167 -0.62272143 -7.8 0.34309417 0.7272799 0.5944328 0 0 0 0 1 0.8601136 0.0097331405 -0.51000965 11.299995 -0.37740892 0.6847712 -0.6234187 -7.8 0.34317204 0.7286931 0.5926544 0 0 0 0 1 0.85943544 0.009691134 -0.51115245 11.299995 -0.37885356 0.6834105 -0.62403536 -7.8 0.34327936 0.72997 0.5910187 0 0 0 0 1 0.8588024 0.009627968 -0.5122165 11.299995 -0.38016045 0.68219614 -0.62456894 -7.8 0.34341884 0.7311058 0.5895319 0 0 0 0 1 0.8582161 0.0095433 -0.51319975 11.299995 -0.38132483 0.6811347 -0.62501746 -7.8 0.34359345 0.7320959 0.5881999 0 0 0 0 1 0.8576783 0.009436667 -0.51410013 11.299995 -0.38234186 0.68023264 -0.6253785 -7.8 0.3438062 0.73293555 0.5870288 0 0 0 0 1 0.85719055 0.0093076825 -0.5149153 11.299995 -0.38320667 0.67949617 -0.6256497 -7.8 0.34405962 0.7336199 0.5860245 0 0 0 0 1 0.8567544 0.009155825 -0.51564324 11.299995 -0.38391447 0.6789318 -0.62582844 -7.8 0.34435663 0.7341443 0.58519286 0 0 0 0 1 0.8563716 0.008980542 -0.5162819 11.299995 -0.3844603 0.6785456 -0.6259122 -7.8 0.3446998 0.73450327 0.5845399 0 0 0 0 1 0.8560436 0.00878109 -0.5168291 11.299995 -0.38483918 0.6783436 -0.62589836 -7.8 0.3450916 0.73469234 0.584071 0 0 0 0 1 0.8557718 0.008556858 -0.5172828 11.299995 -0.38504612 0.6783318 -0.6257839 -7.8 0.3455346 0.7347059 0.583792 0 0 0 0 1 0.85555774 0.008307055 -0.51764077 11.299995 -0.38507605 0.67851603 -0.62556577 -7.8 0.34603092 0.7345387 0.58370847 0 0 0 0 1 0.8554029 0.0080307275 -0.517901 11.299995 -0.3849237 0.6789019 -0.6252407 -7.8 0.34658283 0.7341851 0.5838259 0 0 0 0 1 0.85529804 0.0077691525 -0.5180781 11.299995 -0.3846255 0.67948484 -0.6247908 -7.8 0.34717214 0.7336484 0.5841503 0 0 0 0 1 0.8552333 0.007567063 -0.51818794 11.299995 -0.38422114 0.6802593 -0.6241966 -7.8 0.34777886 0.7329325 0.5846878 0 0 0 0 1 0.8552088 0.007428676 -0.5182304 11.299995 -0.38371053 0.68122923 -0.62345254 -7.8 0.34840226 0.73203254 0.5854437 0 0 0 0 1 0.85522556 0.0073455274 -0.5182039 11.299995 -0.38310084 0.682366 -0.6225837 -7.8 0.34903154 0.7309738 0.5863909 0 0 0 0 1 0.85528487 0.007306069 -0.5181066 11.299995 -0.38240108 0.68363273 -0.6216234 -7.8 0.349653 0.7297896 0.5874946 0 0 0 0 1 0.85538703 0.0073094666 -0.5179378 11.299995 -0.3816142 0.68502104 -0.62057775 -7.8 0.3502622 0.7284866 0.5887475 0 0 0 0 1 0.85553265 0.00735493 -0.51769656 11.299995 -0.38074303 0.6865221 -0.6194532 -7.8 0.3508541 0.72707176 0.5901424 0 0 0 0 1 0.85575503 0.007468939 -0.5173273 11.299995 -0.37976792 0.68812543 -0.61827147 -7.8 0.35136825 0.7255533 0.5917033 0 0 0 0 1 0.85608286 0.007674128 -0.5167816 11.299995 -0.37867275 0.68982095 -0.6170527 -7.8 0.35175145 0.7239393 0.5934499 0 0 0 0 1 0.8565099 0.007963717 -0.5160691 11.299995 -0.37746513 0.6916007 -0.6157992 -7.8 0.35200965 0.72223616 0.59536886 0 0 0 0 1 0.8570299 0.008330807 -0.51519936 11.299995 -0.37615287 0.6934563 -0.614514 -7.8 0.35214883 0.7204505 0.59744644 0 0 0 0 1 0.85763633 0.008768663 -0.5141819 11.299995 -0.37474358 0.6953801 -0.6131996 -7.8 0.35217494 0.7185886 0.5996692 0 0 0 0 1 0.8583226 0.009270355 -0.5130267 11.299995 -0.3732453 0.69736385 -0.61185914 -7.8 0.35209414 0.71665734 0.60202324 0 0 0 0 1 0.8590824 0.009829313 -0.51174295 11.299995 -0.37166548 0.69939995 -0.6104952 -7.8 0.35191226 0.7146629 0.6044954 0 0 0 0 1 0.85990906 0.01043877 -0.5103405 11.299995 -0.37001196 0.7014805 -0.609111 -7.8 0.35163558 0.7126122 0.60707194 0 0 0 0 1 0.86079615 0.011092141 -0.50882906 11.299995 -0.3682924 0.7035977 -0.6077096 -7.8 0.35127017 0.710512 0.60973936 0 0 0 0 1 0.8617371 0.01178287 -0.5072183 11.299995 -0.36651456 0.7057439 -0.60629416 -7.8 0.35082233 0.708369 0.6124843 0 0 0 0 1 0.8627254 0.012504563 -0.50551814 11.299995 -0.36468607 0.70791143 -0.6048681 -7.8 0.35029846 0.7061905 0.6152934 0 0 0 0 1 0.8637546 0.013250813 -0.50373846 11.299995 -0.3628146 0.7100927 -0.60343504 -7.8 0.34970498 0.7039834 0.61815345 0 0 0 0 1 0.86481833 0.014015451 -0.5018893 11.299995 -0.36090767 0.7122803 -0.6019987 -7.8 0.34904855 0.70175517 0.6210513 0 0 0 0 1 0.8659102 0.0147922635 -0.49998072 11.299995 -0.35897297 0.7144668 -0.6005627 -7.8 0.34833595 0.69951296 0.6239741 0 0 0 0 1 0.8670292 0.01555267 -0.49801457 11.299995 -0.35699558 0.7166499 -0.5991387 -7.8 0.3475839 0.6972597 0.6269086 0 0 0 0 1 0.8681736 0.016270235 -0.4959938 11.299995 -0.3549627 0.7188269 -0.5977369 -7.8 0.3468083 0.6949987 0.62984186 0 0 0 0 1 0.8693364 0.016942427 -0.4939303 11.299995 -0.35288525 0.72098947 -0.5963608 -7.8 0.34601477 0.6927389 0.6327611 0 0 0 0 1 0.87051064 0.017566934 -0.49183598 11.299995 -0.35077363 0.72313 -0.5950133 -7.8 0.3452088 0.6904885 0.6356544 0 0 0 0 1 0.87168944 0.018141612 -0.48972282 11.299995 -0.34863853 0.72524047 -0.59369814 -7.8 0.34439614 0.6882566 0.6385093 0 0 0 0 1 0.87286603 0.018664345 -0.48760283 11.299995 -0.34649062 0.72731304 -0.59241873 -7.8 0.3435828 0.686052 0.64131385 0 0 0 0 1 0.87403375 0.019133285 -0.48548836 11.299995 -0.34434044 0.72934014 -0.591179 -7.8 0.34277493 0.68388367 0.64405626 0 0 0 0 1 0.875186 0.019546613 -0.4833915 11.299995 -0.34219873 0.73131394 -0.5899831 -7.8 0.34197876 0.6817609 0.6467245 0 0 0 0 1 0.8763164 0.019902796 -0.4813246 11.299995 -0.3400758 0.7332271 -0.5888349 -7.8 0.34120077 0.6796925 0.64930737 0 0 0 0 1 0.8774185 0.020200282 -0.47930017 11.299995 -0.33798242 0.73507196 -0.587739 -7.8 0.34044763 0.6776881 0.6517931 0 0 0 0 1 0.87848616 0.020437673 -0.4773305 11.299995 -0.3359291 0.7368412 -0.5866998 -7.8 0.33972603 0.6757569 0.6541704 0 0 0 0 1 0.87951297 0.020613775 -0.47542822 11.299995 -0.33392638 0.73852754 -0.58572197 -7.8 0.3390429 0.6739081 0.65642804 0 0 0 0 1 0.88049304 0.020727396 -0.47360575 11.299995 -0.33198485 0.7401236 -0.5848102 -7.8 0.33840525 0.67215127 0.6585549 0 0 0 0 1 0.8814202 0.020777449 -0.4718758 11.299995 -0.33011508 0.74162227 -0.58396953 -7.8 0.33782017 0.6704958 0.6605398 0 0 0 0 1 0.8822885 0.02076295 -0.47025087 11.299995 -0.32832772 0.74301624 -0.5832048 -7.8 0.33729497 0.66895133 0.66237175 0 0 0 0 1 0.88309216 0.020682976 -0.4687435 11.299995 -0.32663321 0.74429834 -0.5825211 -7.8 0.33683676 0.66752696 0.66403973 0 0 0 0 1 0.8838252 0.020536542 -0.46736637 11.299995 -0.32504234 0.74546134 -0.58192337 -7.8 0.33645287 0.66623235 0.66553277 0 0 0 0 1 0.8844818 0.020322874 -0.46613193 11.299995 -0.3235656 0.74649847 -0.5814167 -7.8 0.3361507 0.66507673 0.6668401 0 0 0 0 1 0.8850695 0.020052135 -0.46502677 11.299995 -0.32220435 0.7474016 -0.58101225 -7.8 0.33591118 0.6640699 0.6679632 0 0 0 0 1 0.88560164 0.01973933 -0.4640259 11.299995 -0.3209558 0.7481628 -0.5807235 -7.8 0.3357038 0.6632215 0.66890967 0 0 0 0 1 0.8860811 0.019390762 -0.46312448 11.299995 -0.31982458 0.7487744 -0.5805593 -7.8 0.33551827 0.6625412 0.66967654 0 0 0 0 1 0.88651067 0.01901263 -0.46231735 11.299995 -0.31881517 0.7492289 -0.5805282 -7.8 0.33534414 0.66203827 0.6702609 0 0 0 0 1 0.8868931 0.018611044 -0.46159968 11.299995 -0.31793222 0.7495185 -0.5806385 -7.8 0.3351712 0.6617217 0.67065984 0 0 0 0 1 0.8872311 0.018192112 -0.46096638 11.299995 -0.31718042 0.7496352 -0.58089894 -7.8 0.33498886 0.6616011 0.6708699 0 0 0 0 1 0.8875222 0.017788187 -0.46042135 11.299995 -0.31659025 0.7495662 -0.5813099 -7.8 0.33477584 0.66169035 0.6708882 0 0 0 0 1 0.8877692 0.017401263 -0.4599598 11.299995 -0.316171 0.74928916 -0.58189493 -7.8 0.33451718 0.6620143 0.67069757 0 0 0 0 1 0.8877692 0.017401263 -0.4599598 11.299995 -0.316171 0.74928916 -0.58189493 -7.8 0.33451718 0.6620143 0.67069757 0 0 0 0 1</float_array>
        <technique_common>
          <accessor source="#Motion_127_RThigh_transform_pose_array_id" count="91" stride="16">
            <param name="TRANSFORM" type="float4x4" />
          </accessor>
        </technique_common>
      </source>
      <sampler id="Motion_127_RThigh_transform_samp_id">
        <input semantic="INPUT" source="#Motion_127_RThigh_transform_frame_id" />
        <input semantic="INTERPOLATION" source="#Motion_127_RThigh_transform_interp_id" />
        <input semantic="OUTPUT" source="#Motion_127_RThigh_transform_pose_id" />
      </sampler>
      <channel source="#Motion_127_RThigh_transform_samp_id" target="RThigh_bone_id/transform" />
    </animation>
    <animation id="Motion_127_RLeg_transform_id" name="Motion_127_RLeg_transform">
      <source id="Motion_127_RLeg_transform_frame_id" name="Motion_127_RLeg_transform_frame">
        <float_array id="Motion_127_RLeg_transform_frame_array_id" count="91">0 0.033333335 0.06666667 0.1 0.13333334 0.16666667 0.2 0.23333333 0.26666668 0.3 0.33333334 0.36666667 0.4 0.43333334 0.46666667 0.5 0.53333336 0.56666666 0.6 0.6333333 0.6666667 0.7 0.73333335 0.76666665 0.8 0.8333333 0.8666667 0.9 0.93333334 0.96666664 1 1.0333333 1.0666667 1.1 1.1333333 1.1666666 1.2 1.2333333 1.2666667 1.3 1.3333334 1.3666667 1.4 1.4333333 1.4666667 1.5 1.5333333 1.5666667 1.6 1.6333333 1.6666666 1.7 1.7333333 1.7666667 1.8 1.8333334 1.8666667 1.9 1.9333333 1.9666667 2 2.0333333 2.0666666 2.1 2.1333334 2.1666667 2.2 2.2333333 2.2666667 2.3 2.3333333 2.3666666 2.4 2.4333334 2.4666667 2.5 2.5333333 2.5666666 2.6 2.6333334 2.6666667 2.7 2.7333333 2.7666667 2.8 2.8333333 2.8666666 2.9 2.9333334 2.9666667 3</float_array>
        <technique_common>
          <accessor source="#Motion_127_RLeg_transform_frame_array_id" count="91" stride="1">
            <param name="TIME" type="float" />
          </accessor>
        </technique_common>
      </source>
      <source id="Motion_127_RLeg_transform_interp_id" name="Motion_127_RLeg_transform_interp">
        <Name_array id="Motion_127_RLeg_transform_interp_array_id" count="91">LINEAR LINEAR LINEAR LINEAR LINEAR LINEAR LINEAR LINEAR LINEAR LINEAR LINEAR LINEAR LINEAR LINEAR LINEAR LINEAR LINEAR LINEAR LINEAR LINEAR LINEAR LINEAR LINEAR LINEAR LINEAR LINEAR LINEAR LINEAR LINEAR LINEAR LINEAR LINEAR LINEAR LINEAR LINEAR LINEAR LINEAR LINEAR LINEAR LINEAR LINEAR LINEAR LINEAR LINEAR LINEAR LINEAR LINEAR LINEAR LINEAR LINEAR LINEAR LINEAR LINEAR LINEAR LINEAR LINEAR LINEAR LINEAR LINEAR LINEAR LINEAR LINEAR LINEAR LINEAR LINEAR LINEAR LINEAR LINEAR LINEAR LINEAR LINEAR LINEAR LINEAR LINEAR LINEAR LINEAR LINEAR LINEAR LINEAR LINEAR LINEAR LINEAR LINEAR LINEAR LINEAR LINEAR LINEAR LINEAR LINEAR LINEAR LINEAR</Name_array>
        <technique_common>
          <accessor source="#Motion_127_RLeg_transform_interp_array_id" count="91" stride="1">
            <param name="INTERPOLATION" type="Name" />
          </accessor>
        </technique_common>
      </source>
      <source id="Motion_127_RLeg_transform_pose_id" name="Motion_127_RLeg_transform_pose">
        <float_array id="Motion_127_RLeg_transform_pose_array_id" count="1456">0.6082874 0 0.7937169 34.3 0 1 0 0 -0.7937169 0 0.6082874 0 0 0 0 1 0.60835296 0 0.7936666 34.3 0 1 0 0 -0.7936666 0 0.60835296 0 0 0 0 1 0.60839385 0 0.7936353 34.3 0 1 0 0 -0.7936353 0 0.60839385 0 0 0 0 1 0.6084111 0 0.7936221 34.3 0 1 0 0 -0.7936221 0 0.6084111 0 0 0 0 1 0.6084055 0 0.79362637 34.3 0 1 0 0 -0.79362637 0 0.6084055 0 0 0 0 1 0.6083783 0 0.7936472 34.3 0 1 0 0 -0.7936472 0 0.6083783 0 0 0 0 1 0.6083305 0 0.7936838 34.3 0 1 0 0 -0.7936838 0 0.6083305 0 0 0 0 1 0.60826313 0 0.79373544 34.3 0 1 0 0 -0.79373544 0 0.60826313 0 0 0 0 1 0.6081772 0 0.79380125 34.3 0 1 0 0 -0.79380125 0 0.6081772 0 0 0 0 1 0.60807383 0 0.7938805 34.3 0 1 0 0 -0.7938805 0 0.60807383 0 0 0 0 1 0.6079539 0 0.7939724 34.3 0 1 0 0 -0.7939724 0 0.6079539 0 0 0 0 1 0.6078185 0 0.79407597 34.3 0 1 0 0 -0.79407597 0 0.6078185 0 0 0 0 1 0.60766876 0 0.7941906 34.3 0 1 0 0 -0.7941906 0 0.60766876 0 0 0 0 1 0.60750556 0 0.7943154 34.3 0 1 0 0 -0.7943154 0 0.60750556 0 0 0 0 1 0.6073301 0 0.79444957 34.3 0 1 0 0 -0.79444957 0 0.6073301 0 0 0 0 1 0.60714316 0 0.79459244 34.3 0 1 0 0 -0.79459244 0 0.60714316 0 0 0 0 1 0.6069461 0 0.794743 34.3 0 1 0 0 -0.794743 0 0.6069461 0 0 0 0 1 0.60673964 0 0.79490066 34.3 0 1 0 0 -0.79490066 0 0.60673964 0 0 0 0 1 0.60652506 0 0.7950644 34.3 0 1 0 0 -0.7950644 0 0.60652506 0 0 0 0 1 0.6063033 0 0.7952335 34.3 0 1 0 0 -0.7952335 0 0.6063033 0 0 0 0 1 0.6060753 0 0.79540724 34.3 0 1 0 0 -0.79540724 0 0.6060753 0 0 0 0 1 0.6058421 0 0.79558486 34.3 0 1 0 0 -0.79558486 0 0.6058421 0 0 0 0 1 0.605605 0 0.7957654 34.3 0 1 0 0 -0.7957654 0 0.605605 0 0 0 0 1 0.6053647 0 0.7959482 34.3 0 1 0 0 -0.7959482 0 0.6053647 0 0 0 0 1 0.60512245 0 0.79613245 34.3 0 1 0 0 -0.79613245 0 0.60512245 0 0 0 0 1 0.6048792 0 0.7963172 34.3 0 1 0 0 -0.7963172 0 0.6048792 0 0 0 0 1 0.604636 0 0.7965019 34.3 0 1 0 0 -0.7965019 0 0.604636 0 0 0 0 1 0.6043939 0 0.79668564 34.3 0 1 0 0 -0.79668564 0 0.6043939 0 0 0 0 1 0.604154 0 0.7968676 34.3 0 1 0 0 -0.7968676 0 0.604154 0 0 0 0 1 0.6039172 0 0.7970471 34.3 0 1 0 0 -0.7970471 0 0.6039172 0 0 0 0 1 0.60368466 0 0.7972232 34.3 0 1 0 0 -0.7972232 0 0.60368466 0 0 0 0 1 0.60345745 0 0.79739517 34.3 0 1 0 0 -0.79739517 0 0.60345745 0 0 0 0 1 0.60323644 0 0.7975624 34.3 0 1 0 0 -0.7975624 0 0.60323644 0 0 0 0 1 0.6030229 0 0.7977239 34.3 0 1 0 0 -0.7977239 0 0.6030229 0 0 0 0 1 0.6028178 0 0.7978789 34.3 0 1 0 0 -0.7978789 0 0.6028178 0 0 0 0 1 0.6026219 0 0.7980268 34.3 0 1 0 0 -0.7980268 0 0.6026219 0 0 0 0 1 0.60243666 0 0.79816663 34.3 0 1 0 0 -0.79816663 0 0.60243666 0 0 0 0 1 0.60226303 0 0.7982977 34.3 0 1 0 0 -0.7982977 0 0.60226303 0 0 0 0 1 0.60210204 0 0.7984192 34.3 0 1 0 0 -0.7984192 0 0.60210204 0 0 0 0 1 0.6019546 0 0.7985303 34.3 0 1 0 0 -0.7985303 0 0.6019546 0 0 0 0 1 0.6018219 0 0.7986303 34.3 0 1 0 0 -0.7986303 0 0.6018219 0 0 0 0 1 0.60170484 0 0.7987185 34.3 0 1 0 0 -0.7987185 0 0.60170484 0 0 0 0 1 0.6016047 0 0.798794 34.3 0 1 0 0 -0.798794 0 0.6016047 0 0 0 0 1 0.6015224 0 0.7988559 34.3 0 1 0 0 -0.7988559 0 0.6015224 0 0 0 0 1 0.6014589 0 0.79890376 34.3 0 1 0 0 -0.79890376 0 0.6014589 0 0 0 0 1 0.60141075 0 0.79893994 34.3 0 1 0 0 -0.79893994 0 0.60141075 0 0 0 0 1 0.60137373 0 0.79896784 34.3 0 1 0 0 -0.79896784 0 0.60137373 0 0 0 0 1 0.6013477 0 0.79898745 34.3 0 1 0 0 -0.79898745 0 0.6013477 0 0 0 0 1 0.6013325 0 0.7989989 34.3 0 1 0 0 -0.7989989 0 0.6013325 0 0 0 0 1 0.60132813 0 0.7990022 34.3 0 1 0 0 -0.7990022 0 0.60132813 0 0 0 0 1 0.60133445 0 0.7989974 34.3 0 1 0 0 -0.7989974 0 0.60133445 0 0 0 0 1 0.6013514 0 0.79898465 34.3 0 1 0 0 -0.79898465 0 0.6013514 0 0 0 0 1 0.6013789 0 0.79896396 34.3 0 1 0 0 -0.79896396 0 0.6013789 0 0 0 0 1 0.6014168 0 0.7989355 34.3 0 1 0 0 -0.7989355 0 0.6014168 0 0 0 0 1 0.6014651 0 0.79889905 34.3 0 1 0 0 -0.79889905 0 0.6014651 0 0 0 0 1 0.60152364 0 0.79885495 34.3 0 1 0 0 -0.79885495 0 0.60152364 0 0 0 0 1 0.6015923 0 0.7988032 34.3 0 1 0 0 -0.7988032 0 0.6015923 0 0 0 0 1 0.6016711 0 0.7987439 34.3 0 1 0 0 -0.7987439 0 0.6016711 0 0 0 0 1 0.60175997 0 0.79867697 34.3 0 1 0 0 -0.79867697 0 0.60175997 0 0 0 0 1 0.6018586 0 0.79860264 34.3 0 1 0 0 -0.79860264 0 0.6018586 0 0 0 0 1 0.6019672 0 0.7985208 34.3 0 1 0 0 -0.7985208 0 0.6019672 0 0 0 0 1 0.6020854 0 0.7984317 34.3 0 1 0 0 -0.7984317 0 0.6020854 0 0 0 0 1 0.60221326 0 0.7983352 34.3 0 1 0 0 -0.7983352 0 0.60221326 0 0 0 0 1 0.6023506 0 0.79823166 34.3 0 1 0 0 -0.79823166 0 0.6023506 0 0 0 0 1 0.6024974 0 0.79812086 34.3 0 1 0 0 -0.79812086 0 0.6024974 0 0 0 0 1 0.60265356 0 0.79800296 34.3 0 1 0 0 -0.79800296 0 0.60265356 0 0 0 0 1 0.6028191 0 0.7978779 34.3 0 1 0 0 -0.7978779 0 0.6028191 0 0 0 0 1 0.6029936 0 0.797746 34.3 0 1 0 0 -0.797746 0 0.6029936 0 0 0 0 1 0.6031773 0 0.7976071 34.3 0 1 0 0 -0.7976071 0 0.6031773 0 0 0 0 1 0.6033699 0 0.7974615 34.3 0 1 0 0 -0.7974615 0 0.6033699 0 0 0 0 1 0.6035714 0 0.797309 34.3 0 1 0 0 -0.797309 0 0.6035714 0 0 0 0 1 0.6037817 0 0.7971497 34.3 0 1 0 0 -0.7971497 0 0.6037817 0 0 0 0 1 0.6040007 0 0.7969837 34.3 0 1 0 0 -0.7969837 0 0.6040007 0 0 0 0 1 0.6042284 0 0.79681116 34.3 0 1 0 0 -0.79681116 0 0.6042284 0 0 0 0 1 0.6044644 0 0.7966322 34.3 0 1 0 0 -0.7966322 0 0.6044644 0 0 0 0 1 0.6047089 0 0.79644656 34.3 0 1 0 0 -0.79644656 0 0.6047089 0 0 0 0 1 0.60496175 0 0.7962545 34.3 0 1 0 0 -0.7962545 0 0.60496175 0 0 0 0 1 0.6052229 0 0.79605603 34.3 0 1 0 0 -0.79605603 0 0.6052229 0 0 0 0 1 0.6054921 0 0.79585135 34.3 0 1 0 0 -0.79585135 0 0.6054921 0 0 0 0 1 0.60576934 0 0.7956403 34.3 0 1 0 0 -0.7956403 0 0.60576934 0 0 0 0 1 0.6060545 0 0.7954231 34.3 0 1 0 0 -0.7954231 0 0.6060545 0 0 0 0 1 0.60633874 0 0.7952065 34.3 0 1 0 0 -0.7952065 0 0.60633874 0 0 0 0 1 0.6066125 0 0.79499763 34.3 0 1 0 0 -0.79499763 0 0.6066125 0 0 0 0 1 0.6068747 0 0.79479754 34.3 0 1 0 0 -0.79479754 0 0.6068747 0 0 0 0 1 0.6071241 0 0.79460704 34.3 0 1 0 0 -0.79460704 0 0.6071241 0 0 0 0 1 0.60735947 0 0.79442716 34.3 0 1 0 0 -0.79442716 0 0.60735947 0 0 0 0 1 0.6075798 0 0.7942586 34.3 0 1 0 0 -0.7942586 0 0.6075798 0 0 0 0 1 0.607784 0 0.79410243 34.3 0 1 0 0 -0.79410243 0 0.607784 0 0 0 0 1 0.6079707 0 0.79395944 34.3 0 1 0 0 -0.79395944 0 0.6079707 0 0 0 0 1 0.6081389 0 0.79383063 34.3 0 1 0 0 -0.79383063 0 0.6081389 0 0 0 0 1 0.6081389 0 0.79383063 34.3 0 1 0 0 -0.79383063 0 0.6081389 0 0 0 0 1</float_array>
        <technique_common>
          <accessor source="#Motion_127_RLeg_transform_pose_array_id" count="91" stride="16">
            <param name="TRANSFORM" type="float4x4" />
          </accessor>
        </technique_common>
      </source>
      <sampler id="Motion_127_RLeg_transform_samp_id">
        <input semantic="INPUT" source="#Motion_127_RLeg_transform_frame_id" />
        <input semantic="INTERPOLATION" source="#Motion_127_RLeg_transform_interp_id" />
        <input semantic="OUTPUT" source="#Motion_127_RLeg_transform_pose_id" />
      </sampler>
      <channel source="#Motion_127_RLeg_transform_samp_id" target="RLeg_bone_id/transform" />
    </animation>
    <animation id="Motion_127_RFoot_transform_id" name="Motion_127_RFoot_transform">
      <source id="Motion_127_RFoot_transform_frame_id" name="Motion_127_RFoot_transform_frame">
        <float_array id="Motion_127_RFoot_transform_frame_array_id" count="91">0 0.033333335 0.06666667 0.1 0.13333334 0.16666667 0.2 0.23333333 0.26666668 0.3 0.33333334 0.36666667 0.4 0.43333334 0.46666667 0.5 0.53333336 0.56666666 0.6 0.6333333 0.6666667 0.7 0.73333335 0.76666665 0.8 0.8333333 0.8666667 0.9 0.93333334 0.96666664 1 1.0333333 1.0666667 1.1 1.1333333 1.1666666 1.2 1.2333333 1.2666667 1.3 1.3333334 1.3666667 1.4 1.4333333 1.4666667 1.5 1.5333333 1.5666667 1.6 1.6333333 1.6666666 1.7 1.7333333 1.7666667 1.8 1.8333334 1.8666667 1.9 1.9333333 1.9666667 2 2.0333333 2.0666666 2.1 2.1333334 2.1666667 2.2 2.2333333 2.2666667 2.3 2.3333333 2.3666666 2.4 2.4333334 2.4666667 2.5 2.5333333 2.5666666 2.6 2.6333334 2.6666667 2.7 2.7333333 2.7666667 2.8 2.8333333 2.8666666 2.9 2.9333334 2.9666667 3</float_array>
        <technique_common>
          <accessor source="#Motion_127_RFoot_transform_frame_array_id" count="91" stride="1">
            <param name="TIME" type="float" />
          </accessor>
        </technique_common>
      </source>
      <source id="Motion_127_RFoot_transform_interp_id" name="Motion_127_RFoot_transform_interp">
        <Name_array id="Motion_127_RFoot_transform_interp_array_id" count="91">LINEAR LINEAR LINEAR LINEAR LINEAR LINEAR LINEAR LINEAR LINEAR LINEAR LINEAR LINEAR LINEAR LINEAR LINEAR LINEAR LINEAR LINEAR LINEAR LINEAR LINEAR LINEAR LINEAR LINEAR LINEAR LINEAR LINEAR LINEAR LINEAR LINEAR LINEAR LINEAR LINEAR LINEAR LINEAR LINEAR LINEAR LINEAR LINEAR LINEAR LINEAR LINEAR LINEAR LINEAR LINEAR LINEAR LINEAR LINEAR LINEAR LINEAR LINEAR LINEAR LINEAR LINEAR LINEAR LINEAR LINEAR LINEAR LINEAR LINEAR LINEAR LINEAR LINEAR LINEAR LINEAR LINEAR LINEAR LINEAR LINEAR LINEAR LINEAR LINEAR LINEAR LINEAR LINEAR LINEAR LINEAR LINEAR LINEAR LINEAR LINEAR LINEAR LINEAR LINEAR LINEAR LINEAR LINEAR LINEAR LINEAR LINEAR LINEAR</Name_array>
        <technique_common>
          <accessor source="#Motion_127_RFoot_transform_interp_array_id" count="91" stride="1">
            <param name="INTERPOLATION" type="Name" />
          </accessor>
        </technique_common>
      </source>
      <source id="Motion_127_RFoot_transform_pose_id" name="Motion_127_RFoot_transform_pose">
        <float_array id="Motion_127_RFoot_transform_pose_array_id" count="1456">0.3400411 -0.120078154 -0.9327128 34.3 0.011866368 0.9922834 -0.12342117 0 0.94033563 0.030900352 0.33884203 0 0 0 0 1 0.3395834 -0.12006369 -0.9328814 34.3 0.012105402 0.99229515 -0.12330379 0 0.94049805 0.030579008 0.3384204 0 0 0 0 1 0.33919656 -0.119928256 -0.93303955 34.3 0.0125358105 0.9923285 -0.122991696 0 0.940632 0.03002195 0.3380978 0 0 0 0 1 0.33888036 -0.1196754 -0.933187 34.3 0.013144959 0.9923823 -0.12249333 0 0.9407377 0.029243886 0.33787197 0 0 0 0 1 0.33863413 -0.11930862 -0.9333233 34.3 0.013920024 0.99245495 -0.12181699 0 0.94081515 0.0282595 0.33773988 0 0 0 0 1 0.33845657 -0.118831605 -0.9334486 34.3 0.014848236 0.992545 -0.120971024 0 0.94086486 0.027083378 0.3376978 0 0 0 0 1 0.33834773 -0.11824794 -0.93356204 34.3 0.015916765 0.9926507 -0.11996363 0 0.9408865 0.025730137 0.33774328 0 0 0 0 1 0.3383066 -0.11756134 -0.9336637 34.3 0.017112747 0.9927704 -0.11880301 0 0.9408803 0.024214298 0.33787256 0 0 0 0 1 0.3383327 -0.1167755 -0.93375295 34.3 0.018423285 0.9929023 -0.11749732 0 0.94084626 0.022550397 0.33808273 0 0 0 0 1 0.33842546 -0.115894094 -0.93382907 34.3 0.019835453 0.99304473 -0.11605464 0 0.9407841 0.020752918 0.33837044 0 0 0 0 1 0.33858365 -0.11492096 -0.933892 34.3 0.02133632 0.993196 -0.11448316 0 0.94069433 0.018836308 0.33873194 0 0 0 0 1 0.33880723 -0.113859795 -0.93394095 34.3 0.022912942 0.9933545 -0.11279094 0 0.94057685 0.016815055 0.33916456 0 0 0 0 1 0.33909535 -0.11271438 -0.9339753 34.3 0.024552327 0.99351865 -0.110986084 0 0.94043154 0.014703602 0.33966494 0 0 0 0 1 0.33944744 -0.111488484 -0.9339945 34.3 0.026241474 0.9936869 -0.10907671 0 0.9402589 0.012516417 0.3402301 0 0 0 0 1 0.33986264 -0.110185884 -0.933998 34.3 0.027967386 0.993858 -0.10707094 0 0.94005907 0.010267917 0.3408568 0 0 0 0 1 0.34034038 -0.10881038 -0.9339854 34.3 0.029717058 0.99403054 -0.10497694 0 0.9398326 0.007972587 0.34154224 0 0 0 0 1 0.3408798 -0.10736567 -0.93395585 34.3 0.031477448 0.99420357 -0.10280283 0 0.9395798 0.0056448616 0.3422835 0 0 0 0 1 0.34148026 -0.105855554 -0.93390894 34.3 0.033235535 0.99437606 -0.100556865 0 0.93930113 0.0032992251 0.34307796 0 0 0 0 1 0.34214115 -0.104283735 -0.93384385 34.3 0.034978297 0.9945471 -0.098247245 0 0.93899727 0.00095016137 0.3439232 0 0 0 0 1 0.3428614 -0.102653936 -0.9337602 34.3 0.03669271 0.99471617 -0.09588222 0 0.938669 -0.0013878755 0.34481645 0 0 0 0 1 0.34364063 -0.10096983 -0.9336574 34.3 0.038365744 0.9948826 -0.09347014 0 0.9383172 -0.0037003271 0.34575588 0 0 0 0 1 0.3444773 -0.099235095 -0.93353516 34.3 0.039984383 0.9950461 -0.09101938 0 0.9379428 -0.0059727095 0.34673864 0 0 0 0 1 0.34537107 -0.097453326 -0.9333925 34.3 0.041535612 0.9952064 -0.08853829 0 0.9375466 -0.008190472 0.3477633 0 0 0 0 1 0.3463208 -0.09562815 -0.93322945 34.3 0.043006457 0.9953634 -0.08603536 0 0.93712986 -0.0103390515 0.34882772 0 0 0 0 1 0.34732586 -0.0937631 -0.9330451 34.3 0.044383943 0.99551725 -0.0835191 0 0.9366935 -0.012403879 0.34993047 0 0 0 0 1 0.34838468 -0.091861665 -0.9328395 34.3 0.04565507 0.99566805 -0.08099808 0 0.9362391 -0.014370371 0.35106945 0 0 0 0 1 0.34949666 -0.089927316 -0.932612 34.3 0.046806917 0.9958162 -0.078480884 0 0.9357677 -0.016223885 0.35224366 0 0 0 0 1 0.35064214 -0.087963104 -0.9323693 34.3 0.047825694 0.99596196 -0.07597655 0 0.93528754 -0.017950632 0.35343313 0 0 0 0 1 0.35179925 -0.08597195 -0.9321192 34.3 0.048697647 0.99610597 -0.07349423 0 0.93480796 -0.019536788 0.354616 0 0 0 0 1 0.35296303 -0.08397631 -0.9318611 34.3 0.049429208 0.9962469 -0.07105615 0 0.93433076 -0.020980963 0.35578918 0 0 0 0 1 0.35412675 -0.08200486 -0.93159515 34.3 0.05003309 0.9963827 -0.068688825 0 0.9338581 -0.02228603 0.35694873 0 0 0 0 1 0.35528564 -0.08007001 -0.93132216 34.3 0.050505795 0.99651355 -0.0664076 0 0.93339235 -0.0234435 0.35809094 0 0 0 0 1 0.35643476 -0.078184165 -0.93104327 34.3 0.050843902 0.9966392 -0.06422782 0 0.93293583 -0.024444845 0.35921204 0 0 0 0 1 0.35756975 -0.07635975 -0.9307594 34.3 0.051044066 0.9967598 -0.062164843 0 0.9324904 -0.025281481 0.36030883 0 0 0 0 1 0.35868555 -0.07460915 -0.930472 34.3 0.051102974 0.9968753 -0.060234077 0 0.9320586 -0.02594479 0.36137754 0 0 0 0 1 0.3597775 -0.07294476 -0.9301823 34.3 0.051017333 0.9969858 -0.058450904 0 0.93164223 -0.026426103 0.36241454 0 0 0 0 1 0.36084074 -0.07137896 -0.92989194 34.3 0.050783943 0.9970914 -0.056830727 0 0.9312438 -0.026716737 0.36341614 0 0 0 0 1 0.36187077 -0.06992417 -0.9296021 34.3 0.05039959 0.997192 -0.055388942 0 0.9308649 -0.026807925 0.3643788 0 0 0 0 1 0.36286283 -0.06859274 -0.9293145 34.3 0.049861103 0.99728763 -0.05414093 0 0.93050754 -0.026690926 0.36529875 0 0 0 0 1 0.36381233 -0.06739715 -0.9290308 34.3 0.049165368 0.99737805 -0.05310208 0 0.93017375 -0.026356954 0.36617202 0 0 0 0 1 0.36471456 -0.066349775 -0.92875236 34.3 0.048309214 0.99746287 -0.05228774 0 0.9298653 -0.0257972 0.36699456 0 0 0 0 1 0.3655653 -0.06546307 -0.92848086 34.3 0.04728955 0.9975417 -0.051713213 0 0.92958367 -0.025002874 0.36776233 0 0 0 0 1 0.36636007 -0.064716 -0.92821985 34.3 0.046136793 0.99761474 -0.051344458 0 0.9293286 -0.024014529 0.36847198 0 0 0 0 1 0.36709416 -0.06407862 -0.927974 34.3 0.044890266 0.9976824 -0.051134147 0 0.9290999 -0.022885956 0.36911994 0 0 0 0 1 0.36776298 -0.06355023 -0.9277455 34.3 0.043560162 0.99774426 -0.05107765 0 0.92889875 -0.021628283 0.36970162 0 0 0 0 1 0.36836207 -0.06313007 -0.92753655 34.3 0.042156618 0.9977998 -0.051170252 0 0.92872614 -0.020252623 0.37021297 0 0 0 0 1 0.36888742 -0.06281748 -0.927349 34.3 0.040689744 0.9978485 -0.051407173 0 0.928583 -0.018770127 0.3706498 0 0 0 0 1 0.36933476 -0.062611826 -0.9271848 34.3 0.03916964 0.9978899 -0.051783632 0 0.9284706 -0.017192002 0.37100786 0 0 0 0 1 0.36969936 -0.06251253 -0.9270461 34.3 0.037606362 0.9979234 -0.052294772 0 0.9283901 -0.015529495 0.37128246 0 0 0 0 1 0.36997688 -0.06251904 -0.926935 34.3 0.03600992 0.99794847 -0.05293569 0 0.9283429 -0.013793871 0.37146914 0 0 0 0 1 0.37016326 -0.06263086 -0.92685306 34.3 0.034390315 0.9979647 -0.053701457 0 0.92832994 -0.011996459 0.37156373 0 0 0 0 1 0.37025428 -0.062847495 -0.926802 34.3 0.03275748 0.99797153 -0.05458708 0 0.92835265 -0.010148602 0.371562 0 0 0 0 1 0.37024546 -0.063168496 -0.92678374 34.3 0.031121338 0.9979687 -0.05558756 0 0.9284125 -0.008261709 0.37145925 0 0 0 0 1 0.3701324 -0.06359344 -0.9267998 34.3 0.029491754 0.9979557 -0.05669788 0 0.9285108 -0.0063472353 0.37125123 0 0 0 0 1 0.36991072 -0.0641219 -0.9268518 34.3 0.027878558 0.9979323 -0.057912964 0 0.9286489 -0.004416667 0.37093347 0 0 0 0 1 0.36957616 -0.06475349 -0.9269415 34.3 0.026291523 0.9978982 -0.059227757 0 0.9288285 -0.002481537 0.37050182 0 0 0 0 1 0.36915433 -0.065487996 -0.927058 34.3 0.024741463 0.9978532 -0.060636975 0 0.92903876 -0.0005523637 0.36998206 0 0 0 0 1 0.3686754 -0.06632517 -0.927189 34.3 0.02323937 0.99779713 -0.062135432 0 0.92926764 0.001360517 0.3694046 0 0 0 0 1 0.36814183 -0.06726447 -0.9273333 34.3 0.021795291 0.9977299 -0.06371821 0 0.9295141 0.0032458398 0.3687722 0 0 0 0 1 0.3675565 -0.0683053 -0.9274894 34.3 0.020419266 0.99765146 -0.06538042 0 0.929777 0.0050923508 0.36808807 0 0 0 0 1 0.36692196 -0.06944702 -0.9276559 34.3 0.01912135 0.9975619 -0.067117184 0 0.9300552 0.0068887454 0.3673553 0 0 0 0 1 0.36624116 -0.07068897 -0.9278311 34.3 0.01791157 0.99746114 -0.0689237 0 0.9303476 0.00862379 0.3665775 0 0 0 0 1 0.3655166 -0.07203047 -0.9280135 34.3 0.016799953 0.9973494 -0.07079516 0 0.93065315 0.010286223 0.36575788 0 0 0 0 1 0.36475044 -0.073480815 -0.9282013 34.3 0.015786473 0.9972259 -0.0727416 0 0.9309715 0.011879509 0.36489862 0 0 0 0 1 0.36394668 -0.075033985 -0.9283925 34.3 0.01485352 0.9970907 -0.07476342 0 0.93130136 0.013419995 0.36400235 0 0 0 0 1 0.36310905 -0.076667935 -0.9285871 34.3 0.013986513 0.99694514 -0.07684266 0 0.9316417 0.014914572 0.3630721 0 0 0 0 1 0.3622408 -0.078373685 -0.9287837 34.3 0.013183977 0.9967898 -0.07897028 0 0.9319913 0.016361196 0.3621112 0 0 0 0 1 0.36134452 -0.08014232 -0.9289819 34.3 0.012444481 0.99662524 -0.08113734 0 0.9323493 0.017757833 0.36112237 0 0 0 0 1 0.36042386 -0.081964865 -0.92918044 34.3 0.011766627 0.99645215 -0.083334826 0 0.9327144 0.019102536 0.36010957 0 0 0 0 1 0.35948145 -0.08383236 -0.9293789 34.3 0.011149049 0.9962712 -0.08555378 0 0.9330856 0.020393308 0.35907567 0 0 0 0 1 0.3585204 -0.08573584 -0.9295766 34.3 0.010590386 0.99608314 -0.0877853 0 0.93346184 0.02162825 0.35802412 0 0 0 0 1 0.35754377 -0.0876663 -0.9297725 34.3 0.010089319 0.9958888 -0.09002042 0 0.9338418 0.022805471 0.35695833 0 0 0 0 1 0.3565548 -0.089614786 -0.92996657 34.3 0.009644583 0.99568915 -0.09225024 0 0.9342246 0.023923125 0.35588205 0 0 0 0 1 0.35555655 -0.0915723 -0.930158 34.3 0.009254929 0.99548507 -0.0944659 0 0.93460894 0.02497942 0.35479873 0 0 0 0 1 0.35455185 -0.09352991 -0.9303468 34.3 0.008919138 0.99527764 -0.096658505 0 0.9349938 0.02597256 0.35371178 0 0 0 0 1 0.35354394 -0.095478565 -0.9305324 34.3 0.008636028 0.99506795 -0.098819174 0 0.935378 0.02690082 0.35262477 0 0 0 0 1 0.35253608 -0.09740935 -0.9307146 34.3 0.00840446 0.99485713 -0.10093911 0 0.9357605 0.027762517 0.3515417 0 0 0 0 1 0.35153127 -0.09931327 -0.9308934 34.3 0.00822334 0.9946464 -0.10300944 0 0.93613994 0.028555982 0.35046595 0 0 0 0 1 0.3505327 -0.10118134 -0.9310688 34.3 0.008091573 0.99443704 -0.10502136 0 0.93651545 0.029279616 0.34940147 0 0 0 0 1 0.34954363 -0.10300462 -0.9312407 34.3 0.008008119 0.99423045 -0.10696605 0 0.93688583 0.02993181 0.34835178 0 0 0 0 1 0.34856713 -0.10477419 -0.93140936 34.3 0.007971983 0.9940279 -0.10883475 0 0.9372499 0.030511044 0.34732074 0 0 0 0 1 0.34760636 -0.10648108 -0.9315748 34.3 0.007982165 0.99383086 -0.110618636 0 0.9376066 0.031015765 0.34631193 0 0 0 0 1 0.34666497 -0.10811636 -0.93173724 34.3 0.008037742 0.99364084 -0.11230895 0 0.9379546 0.031444523 0.34532946 0 0 0 0 1 0.34574592 -0.10967108 -0.931897 34.3 0.008137777 0.9934592 -0.11389686 0 0.9382929 0.03179581 0.34437698 0 0 0 0 1 0.34485263 -0.11113635 -0.9320544 34.3 0.008281365 0.9932876 -0.11537364 0 0.9386203 0.032068223 0.34345818 0 0 0 0 1 0.34398824 -0.112503275 -0.93220973 34.3 0.008467641 0.9931275 -0.11673051 0 0.93893576 0.03226031 0.34257686 0 0 0 0 1 0.34315634 -0.113762945 -0.9323635 34.3 0.00869571 0.9929804 -0.117958695 0 0.9392381 0.032370713 0.34173673 0 0 0 0 1 0.34236032 -0.11490647 -0.93251586 34.3 0.008964762 0.99284786 -0.1190494 0 0.93952596 0.032398 0.3409418 0 0 0 0 1 0.34160298 -0.115924984 -0.9326676 34.3 0.009273931 0.99273133 -0.119993836 0 0.9397986 0.032340765 0.34019506 0 0 0 0 1 0.3408451 -0.11742379 -0.9327573 34.3 0.010092434 0.9925688 -0.12126544 0 0.9400653 0.031918943 0.33949733 0 0 0 0 1 0.3408451 -0.11742379 -0.9327573 34.3 0.010092434 0.9925688 -0.12126544 0 0.9400653 0.031918943 0.33949733 0 0 0 0 1</float_array>
        <technique_common>
          <accessor source="#Motion_127_RFoot_transform_pose_array_id" count="91" stride="16">
            <param name="TRANSFORM" type="float4x4" />
          </accessor>
        </technique_common>
      </source>
      <sampler id="Motion_127_RFoot_transform_samp_id">
        <input semantic="INPUT" source="#Motion_127_RFoot_transform_frame_id" />
        <input semantic="INTERPOLATION" source="#Motion_127_RFoot_transform_interp_id" />
        <input semantic="OUTPUT" source="#Motion_127_RFoot_transform_pose_id" />
      </sampler>
      <channel source="#Motion_127_RFoot_transform_samp_id" target="RFoot_bone_id/transform" />
    </animation>
    <animation id="Motion_127_LThigh_transform_id" name="Motion_127_LThigh_transform">
      <source id="Motion_127_LThigh_transform_frame_id" name="Motion_127_LThigh_transform_frame">
        <float_array id="Motion_127_LThigh_transform_frame_array_id" count="91">0 0.033333335 0.06666667 0.1 0.13333334 0.16666667 0.2 0.23333333 0.26666668 0.3 0.33333334 0.36666667 0.4 0.43333334 0.46666667 0.5 0.53333336 0.56666666 0.6 0.6333333 0.6666667 0.7 0.73333335 0.76666665 0.8 0.8333333 0.8666667 0.9 0.93333334 0.96666664 1 1.0333333 1.0666667 1.1 1.1333333 1.1666666 1.2 1.2333333 1.2666667 1.3 1.3333334 1.3666667 1.4 1.4333333 1.4666667 1.5 1.5333333 1.5666667 1.6 1.6333333 1.6666666 1.7 1.7333333 1.7666667 1.8 1.8333334 1.8666667 1.9 1.9333333 1.9666667 2 2.0333333 2.0666666 2.1 2.1333334 2.1666667 2.2 2.2333333 2.2666667 2.3 2.3333333 2.3666666 2.4 2.4333334 2.4666667 2.5 2.5333333 2.5666666 2.6 2.6333334 2.6666667 2.7 2.7333333 2.7666667 2.8 2.8333333 2.8666666 2.9 2.9333334 2.9666667 3</float_array>
        <technique_common>
          <accessor source="#Motion_127_LThigh_transform_frame_array_id" count="91" stride="1">
            <param name="TIME" type="float" />
          </accessor>
        </technique_common>
      </source>
      <source id="Motion_127_LThigh_transform_interp_id" name="Motion_127_LThigh_transform_interp">
        <Name_array id="Motion_127_LThigh_transform_interp_array_id" count="91">LINEAR LINEAR LINEAR LINEAR LINEAR LINEAR LINEAR LINEAR LINEAR LINEAR LINEAR LINEAR LINEAR LINEAR LINEAR LINEAR LINEAR LINEAR LINEAR LINEAR LINEAR LINEAR LINEAR LINEAR LINEAR LINEAR LINEAR LINEAR LINEAR LINEAR LINEAR LINEAR LINEAR LINEAR LINEAR LINEAR LINEAR LINEAR LINEAR LINEAR LINEAR LINEAR LINEAR LINEAR LINEAR LINEAR LINEAR LINEAR LINEAR LINEAR LINEAR LINEAR LINEAR LINEAR LINEAR LINEAR LINEAR LINEAR LINEAR LINEAR LINEAR LINEAR LINEAR LINEAR LINEAR LINEAR LINEAR LINEAR LINEAR LINEAR LINEAR LINEAR LINEAR LINEAR LINEAR LINEAR LINEAR LINEAR LINEAR LINEAR LINEAR LINEAR LINEAR LINEAR LINEAR LINEAR LINEAR LINEAR LINEAR LINEAR LINEAR</Name_array>
        <technique_common>
          <accessor source="#Motion_127_LThigh_transform_interp_array_id" count="91" stride="1">
            <param name="INTERPOLATION" type="Name" />
          </accessor>
        </technique_common>
      </source>
      <source id="Motion_127_LThigh_transform_pose_id" name="Motion_127_LThigh_transform_pose">
        <float_array id="Motion_127_LThigh_transform_pose_array_id" count="1456">0.70956504 -0.068492614 -0.70130324 11.300003 0.24715087 0.956227 0.1566728 7.8 0.6598742 -0.28449723 0.69543326 0 0 0 0 1 0.7091261 -0.06845623 -0.70175064 11.300003 0.2454007 0.9570111 0.15462284 7.8 0.6609982 -0.2818572 0.69544077 0 0 0 0 1 0.70859426 -0.06834651 -0.70229834 11.300003 0.24363017 0.9577872 0.152604 7.8 0.66222245 -0.27923536 0.6953338 0 0 0 0 1 0.7079805 -0.068167835 -0.7029344 11.300003 0.24185398 0.95854896 0.15063381 7.8 0.6635287 -0.2766533 0.69512063 0 0 0 0 1 0.707296 -0.06792445 -0.7036466 11.300003 0.24008691 0.9592902 0.14872986 7.8 0.66489893 -0.27413237 0.6948099 0 0 0 0 1 0.7065519 -0.067620486 -0.70442307 11.300003 0.23834404 0.96000504 0.14690946 7.8 0.6663157 -0.2716942 0.6944103 0 0 0 0 1 0.70575947 -0.06725993 -0.7052516 11.300003 0.23664051 0.9606878 0.14519002 7.8 0.6677611 -0.2693603 0.693931 0 0 0 0 1 0.7049301 -0.06684657 -0.7061197 11.300003 0.23499161 0.96133304 0.14358875 7.8 0.66921777 -0.26715225 0.693381 0 0 0 0 1 0.70407546 -0.06638408 -0.7070155 11.300003 0.2334128 0.96193534 0.1421228 7.8 0.6706685 -0.26509166 0.69276994 0 0 0 0 1 0.7032069 -0.06587598 -0.7079268 11.300003 0.2319197 0.9624895 0.1408092 7.8 0.6720962 -0.26320016 0.6921072 0 0 0 0 1 0.70233643 -0.06532563 -0.7088414 11.300003 0.23052795 0.96299046 0.13966481 7.8 0.6734838 -0.26149943 0.6914026 0 0 0 0 1 0.70147586 -0.064736344 -0.7097471 11.300003 0.22925338 0.96343315 0.13870654 7.8 0.67481446 -0.2600112 0.6906661 0 0 0 0 1 0.7006371 -0.06411125 -0.7106317 11.300003 0.22811182 0.9638125 0.13795103 7.8 0.6760715 -0.2587571 0.6899073 0 0 0 0 1 0.6998323 -0.06345344 -0.71148324 11.300003 0.22711918 0.9641234 0.1374149 7.8 0.6772382 -0.25775886 0.68913627 0 0 0 0 1 0.6990738 -0.06276591 -0.7122895 11.300003 0.22629134 0.96436083 0.1371147 7.8 0.67829794 -0.25703824 0.6883627 0 0 0 0 1 0.69837373 -0.062051676 -0.7130384 11.300003 0.22564417 0.96451926 0.13706686 7.8 0.67923397 -0.25661686 0.6875965 0 0 0 0 1 0.69774437 -0.06131374 -0.7137181 11.300003 0.22519356 0.9645932 0.13728774 7.8 0.6800299 -0.25651646 0.68684685 0 0 0 0 1 0.6971984 -0.060555123 -0.7143161 11.300003 0.22495511 0.9645766 0.13779372 7.8 0.6806685 -0.25675863 0.6861235 0 0 0 0 1 0.696747 -0.059808172 -0.7148193 11.300003 0.224917 0.96447957 0.13853359 7.8 0.68114316 -0.25729784 0.6854501 0 0 0 0 1 0.6964017 -0.059112884 -0.7152135 11.300003 0.2250599 0.9643157 0.13943893 7.8 0.681449 -0.25807136 0.68485504 0 0 0 0 1 0.6961744 -0.05848407 -0.71548647 11.300003 0.22538835 0.9640849 0.14050019 7.8 0.68157274 -0.25907493 0.6843529 0 0 0 0 1 0.69607675 -0.057936586 -0.71562594 11.300003 0.22590673 0.9637868 0.14170796 7.8 0.68150073 -0.26030433 0.6839578 0 0 0 0 1 0.6960527 -0.057405703 -0.7156922 11.300003 0.22656122 0.9634323 0.14306714 7.8 0.6813081 -0.26173034 0.68360555 0 0 0 0 1 0.69603753 -0.056821875 -0.7157535 11.300003 0.22729605 0.96303296 0.14458224 7.8 0.68107873 -0.26332262 0.6832225 0 0 0 0 1 0.6960306 -0.056193 -0.7158098 11.300003 0.22811249 0.96258897 0.14624347 7.8 0.68081284 -0.2650751 0.6828097 0 0 0 0 1 0.6960316 -0.055526994 -0.71586084 11.300003 0.2290116 0.96210057 0.148041 7.8 0.6805099 -0.26698166 0.68236876 0 0 0 0 1 0.6960397 -0.054831825 -0.7159065 11.300003 0.22999468 0.96156794 0.14996496 7.8 0.68016994 -0.26903626 0.6819005 0 0 0 0 1 0.69605434 -0.054115392 -0.7159469 11.300003 0.23106295 0.96099126 0.1520056 7.8 0.6797929 -0.27123293 0.68140614 0 0 0 0 1 0.6960749 -0.053385623 -0.71598166 11.300003 0.23221746 0.9603707 0.15415306 7.8 0.6793782 -0.2735655 0.680887 0 0 0 0 1 0.69610083 -0.052650414 -0.71601087 11.300003 0.23345938 0.9597065 0.15639755 7.8 0.67892593 -0.27602792 0.6803442 0 0 0 0 1 0.69613147 -0.051917747 -0.7160346 11.300003 0.23478992 0.9589988 0.15872918 7.8 0.6784355 -0.27861407 0.679779 0 0 0 0 1 0.69616604 -0.05119551 -0.716053 11.300003 0.23621017 0.958248 0.16113819 7.8 0.6779069 -0.28131792 0.67919254 0 0 0 0 1 0.69620395 -0.05049163 -0.7160661 11.300003 0.23772123 0.9574543 0.16361484 7.8 0.67733943 -0.2841334 0.67858636 0 0 0 0 1 0.69624466 -0.04981406 -0.71607393 11.300003 0.23932417 0.9566182 0.16614923 7.8 0.67673284 -0.28705433 0.677962 0 0 0 0 1 0.69628716 -0.049170665 -0.7160771 11.300003 0.24102014 0.95574 0.16873166 7.8 0.6760869 -0.2900747 0.6773206 0 0 0 0 1 0.696331 -0.048569404 -0.71607554 11.300003 0.24281028 0.95482016 0.1713524 7.8 0.67540085 -0.29318848 0.676664 0 0 0 0 1 0.6963751 -0.048018172 -0.7160698 11.300003 0.24469562 0.95385927 0.1740017 7.8 0.67467463 -0.2963896 0.6759937 0 0 0 0 1 0.6964188 -0.047524504 -0.7160602 11.300003 0.24667758 0.9528576 0.17667066 7.8 0.6739072 -0.29967278 0.6753112 0 0 0 0 1 0.6964611 -0.047099337 -0.7160472 11.300003 0.24875446 0.951818 0.17934266 7.8 0.6730997 -0.30302513 0.6746204 0 0 0 0 1 0.696501 -0.046755694 -0.71603096 11.300003 0.2509225 0.95074457 0.1819964 7.8 0.67225313 -0.30642897 0.6739266 0 0 0 0 1 0.69653714 -0.0465065 -0.716012 11.300003 0.2531782 0.9496419 0.18461075 7.8 0.6713693 -0.30986688 0.6732353 0 0 0 0 1 0.6965683 -0.046364747 -0.71599084 11.300003 0.255518 0.94851464 0.18716452 7.8 0.6704499 -0.31332144 0.6725522 0 0 0 0 1 0.6965932 -0.046343416 -0.71596795 11.300003 0.2579383 0.9473678 0.1896367 7.8 0.6694966 -0.3167752 0.6718837 0 0 0 0 1 0.69661057 -0.046455443 -0.7159439 11.300003 0.26043564 0.94620657 0.19200633 7.8 0.6685111 -0.32021093 0.6712361 0 0 0 0 1 0.6966281 -0.046660908 -0.7159135 11.300003 0.26295412 0.94504607 0.1942756 7.8 0.66750616 -0.32359022 0.6706153 0 0 0 0 1 0.6966557 -0.04691197 -0.71587014 11.300003 0.2654299 0.94390374 0.19645025 7.8 0.66649663 -0.32687157 0.67002773 0 0 0 0 1 0.69669443 -0.047209382 -0.7158129 11.300003 0.2678478 0.94278806 0.19851506 7.8 0.6654881 -0.33003324 0.66948014 0 0 0 0 1 0.69677794 -0.047562048 -0.7157083 11.300003 0.2701887 0.9417076 0.20046152 7.8 0.66445357 -0.33305347 0.66901183 0 0 0 0 1 0.6969358 -0.04797803 -0.7155269 11.300003 0.27243388 0.94067115 0.20228085 7.8 0.66337043 -0.33591053 0.6686582 0 0 0 0 1 0.6971632 -0.048457123 -0.71527284 11.300003 0.27456883 0.939688 0.20395672 7.8 0.6622502 -0.33858275 0.6684208 0 0 0 0 1 0.6974557 -0.048998944 -0.7149508 11.300003 0.27657914 0.93876773 0.20547299 7.8 0.6611048 -0.34104878 0.668301 0 0 0 0 1 0.6978084 -0.049603038 -0.714565 11.300003 0.27845064 0.9379198 0.20681328 7.8 0.659946 -0.3432871 0.6683003 0 0 0 0 1 0.69821686 -0.05026885 -0.71411926 11.300003 0.2801691 0.9371539 0.20796128 7.8 0.65878564 -0.34527624 0.66842043 0 0 0 0 1 0.69867635 -0.050995663 -0.71361804 11.300003 0.28172058 0.9364796 0.20890039 7.8 0.6576358 -0.3469947 0.66866267 0 0 0 0 1 0.6991825 -0.05178266 -0.71306545 11.300003 0.2830911 0.9359067 0.20961413 7.8 0.6565084 -0.348421 0.6690288 0 0 0 0 1 0.6997309 -0.05262898 -0.71246535 11.300003 0.2842667 0.93544453 0.2100856 7.8 0.65541524 -0.3495336 0.66952014 0 0 0 0 1 0.70031714 -0.053533524 -0.7118216 11.300003 0.28523365 0.9351024 0.21029805 7.8 0.6543681 -0.3503108 0.6701378 0 0 0 0 1 0.7009386 -0.05445882 -0.7111395 11.300003 0.28601074 0.9348608 0.21031678 7.8 0.6533628 -0.35081267 0.67085576 0 0 0 0 1 0.70159256 -0.05536101 -0.7104245 11.300003 0.28662243 0.9346949 0.21022151 7.8 0.6523921 -0.35111344 0.6716427 0 0 0 0 1 0.7022755 -0.056229457 -0.70968115 11.300003 0.287063 0.93460566 0.21001682 7.8 0.6514629 -0.3512129 0.67249215 0 0 0 0 1 0.70298344 -0.05705352 -0.70891404 11.300003 0.28732693 0.93459415 0.20970696 7.8 0.65058243 -0.35111064 0.67339724 0 0 0 0 1 0.7037063 -0.057853498 -0.7081316 11.300003 0.28743932 0.93465465 0.20928286 7.8 0.64975077 -0.3508185 0.67435175 0 0 0 0 1 0.7044333 -0.05865427 -0.70734245 11.300003 0.28742948 0.93478054 0.2087335 7.8 0.64896685 -0.3503499 0.6753495 0 0 0 0 1 0.70515937 -0.059451528 -0.7065521 11.300003 0.28729817 0.9349709 0.20806046 7.8 0.6482361 -0.3497069 0.6763838 0 0 0 0 1 0.7058791 -0.0602412 -0.705766 11.300003 0.28704607 0.93522495 0.2072652 7.8 0.6475641 -0.34889156 0.67744774 0 0 0 0 1 0.70658743 -0.061019197 -0.70498997 11.300003 0.28667384 0.9355416 0.20634924 7.8 0.64695615 -0.34790593 0.67853457 0 0 0 0 1 0.70727944 -0.061781406 -0.7042293 11.300003 0.28618202 0.9359199 0.20531413 7.8 0.64641756 -0.3467522 0.67963755 0 0 0 0 1 0.7079498 -0.06252376 -0.7034898 11.300003 0.28557116 0.9363585 0.20416133 7.8 0.64595366 -0.34543234 0.68074983 0 0 0 0 1 0.7085935 -0.06324225 -0.70277715 11.300003 0.28484172 0.9368564 0.2028923 7.8 0.6455699 -0.34394842 0.6818644 0 0 0 0 1 0.70920527 -0.06393288 -0.70209724 11.300003 0.28399414 0.9374122 0.20150863 7.8 0.6452715 -0.34230244 0.6829742 0 0 0 0 1 0.7097801 -0.064591736 -0.7014557 11.300003 0.28302875 0.93802446 0.20001197 7.8 0.6450635 -0.34049666 0.6840724 0 0 0 0 1 0.71031284 -0.06521493 -0.7008586 11.300003 0.28194582 0.9386919 0.1984038 7.8 0.64495134 -0.3385329 0.68515193 0 0 0 0 1 0.7107982 -0.06579869 -0.7003117 11.300003 0.28074563 0.9394129 0.19668578 7.8 0.6449402 -0.33641332 0.6862057 0 0 0 0 1 0.71123105 -0.06633919 -0.69982105 11.300003 0.27942827 0.9401859 0.19485968 7.8 0.6450351 -0.33414006 0.6872265 0 0 0 0 1 0.7116064 -0.066832855 -0.69939244 11.300003 0.2779938 0.94100934 0.19292715 7.8 0.6452409 -0.33171496 0.6882073 0 0 0 0 1 0.7119185 -0.067276075 -0.6990321 11.300003 0.27644223 0.9418815 0.19089 7.8 0.64556307 -0.32914013 0.6891408 0 0 0 0 1 0.7121624 -0.067665316 -0.6987462 11.300003 0.27477354 0.9428005 0.18875018 7.8 0.64600646 -0.3264177 0.6900197 0 0 0 0 1 0.7123325 -0.06799717 -0.69854045 11.300003 0.27298743 0.9437648 0.18650958 7.8 0.6465758 -0.3235496 0.6908368 0 0 0 0 1 0.71242404 -0.06825176 -0.69842225 11.300003 0.27109894 0.94476044 0.18420926 7.8 0.64726907 -0.32057664 0.691573 0 0 0 0 1 0.71243215 -0.06840759 -0.69839877 11.300003 0.2691244 0.94577295 0.18189438 7.8 0.64808375 -0.31754357 0.69220924 0 0 0 0 1 0.712346 -0.0684863 -0.6984789 11.300003 0.26709288 0.94679403 0.17956182 7.8 0.6490181 -0.3144689 0.69273716 0 0 0 0 1 0.7121824 -0.068523206 -0.69864213 11.300003 0.2650372 0.9478139 0.17721172 7.8 0.6500397 -0.31137323 0.6931776 0 0 0 0 1 0.7119726 -0.068531886 -0.6988551 11.300003 0.26296562 0.94882786 0.17485645 7.8 0.65111 -0.30826786 0.69356096 0 0 0 0 1 0.71172434 -0.06851999 -0.699109 11.300003 0.2608889 0.94983137 0.1725032 7.8 0.6522158 -0.30516452 0.6938942 0 0 0 0 1 0.7114452 -0.06849521 -0.69939554 11.300003 0.25881827 0.9508202 0.17015897 7.8 0.6533443 -0.30207515 0.6941843 0 0 0 0 1 0.7111432 -0.068465084 -0.69970554 11.300003 0.25676474 0.9517903 0.16783072 7.8 0.6544824 -0.2990114 0.6944386 0 0 0 0 1 0.7108259 -0.068437085 -0.70003057 11.300003 0.25473958 0.9527376 0.16552553 7.8 0.65561736 -0.29598534 0.6946643 0 0 0 0 1 0.71050155 -0.06841853 -0.70036167 11.300003 0.25275415 0.9536586 0.16325033 7.8 0.65673655 -0.29300895 0.6948689 0 0 0 0 1 0.7101778 -0.068416856 -0.7006901 11.300003 0.25081986 0.95454943 0.1610119 7.8 0.65782744 -0.29009408 0.69506013 0 0 0 0 1 0.70986295 -0.06843914 -0.7010069 11.300003 0.24894823 0.95540667 0.15881717 7.8 0.6588774 -0.28725284 0.6952456 0 0 0 0 1 0.70986295 -0.06843914 -0.7010069 11.300003 0.24894823 0.95540667 0.15881717 7.8 0.6588774 -0.28725284 0.6952456 0 0 0 0 1</float_array>
        <technique_common>
          <accessor source="#Motion_127_LThigh_transform_pose_array_id" count="91" stride="16">
            <param name="TRANSFORM" type="float4x4" />
          </accessor>
        </technique_common>
      </source>
      <sampler id="Motion_127_LThigh_transform_samp_id">
        <input semantic="INPUT" source="#Motion_127_LThigh_transform_frame_id" />
        <input semantic="INTERPOLATION" source="#Motion_127_LThigh_transform_interp_id" />
        <input semantic="OUTPUT" source="#Motion_127_LThigh_transform_pose_id" />
      </sampler>
      <channel source="#Motion_127_LThigh_transform_samp_id" target="LThigh_bone_id/transform" />
    </animation>
    <animation id="Motion_127_LLeg_transform_id" name="Motion_127_LLeg_transform">
      <source id="Motion_127_LLeg_transform_frame_id" name="Motion_127_LLeg_transform_frame">
        <float_array id="Motion_127_LLeg_transform_frame_array_id" count="91">0 0.033333335 0.06666667 0.1 0.13333334 0.16666667 0.2 0.23333333 0.26666668 0.3 0.33333334 0.36666667 0.4 0.43333334 0.46666667 0.5 0.53333336 0.56666666 0.6 0.6333333 0.6666667 0.7 0.73333335 0.76666665 0.8 0.8333333 0.8666667 0.9 0.93333334 0.96666664 1 1.0333333 1.0666667 1.1 1.1333333 1.1666666 1.2 1.2333333 1.2666667 1.3 1.3333334 1.3666667 1.4 1.4333333 1.4666667 1.5 1.5333333 1.5666667 1.6 1.6333333 1.6666666 1.7 1.7333333 1.7666667 1.8 1.8333334 1.8666667 1.9 1.9333333 1.9666667 2 2.0333333 2.0666666 2.1 2.1333334 2.1666667 2.2 2.2333333 2.2666667 2.3 2.3333333 2.3666666 2.4 2.4333334 2.4666667 2.5 2.5333333 2.5666666 2.6 2.6333334 2.6666667 2.7 2.7333333 2.7666667 2.8 2.8333333 2.8666666 2.9 2.9333334 2.9666667 3</float_array>
        <technique_common>
          <accessor source="#Motion_127_LLeg_transform_frame_array_id" count="91" stride="1">
            <param name="TIME" type="float" />
          </accessor>
        </technique_common>
      </source>
      <source id="Motion_127_LLeg_transform_interp_id" name="Motion_127_LLeg_transform_interp">
        <Name_array id="Motion_127_LLeg_transform_interp_array_id" count="91">LINEAR LINEAR LINEAR LINEAR LINEAR LINEAR LINEAR LINEAR LINEAR LINEAR LINEAR LINEAR LINEAR LINEAR LINEAR LINEAR LINEAR LINEAR LINEAR LINEAR LINEAR LINEAR LINEAR LINEAR LINEAR LINEAR LINEAR LINEAR LINEAR LINEAR LINEAR LINEAR LINEAR LINEAR LINEAR LINEAR LINEAR LINEAR LINEAR LINEAR LINEAR LINEAR LINEAR LINEAR LINEAR LINEAR LINEAR LINEAR LINEAR LINEAR LINEAR LINEAR LINEAR LINEAR LINEAR LINEAR LINEAR LINEAR LINEAR LINEAR LINEAR LINEAR LINEAR LINEAR LINEAR LINEAR LINEAR LINEAR LINEAR LINEAR LINEAR LINEAR LINEAR LINEAR LINEAR LINEAR LINEAR LINEAR LINEAR LINEAR LINEAR LINEAR LINEAR LINEAR LINEAR LINEAR LINEAR LINEAR LINEAR LINEAR LINEAR</Name_array>
        <technique_common>
          <accessor source="#Motion_127_LLeg_transform_interp_array_id" count="91" stride="1">
            <param name="INTERPOLATION" type="Name" />
          </accessor>
        </technique_common>
      </source>
      <source id="Motion_127_LLeg_transform_pose_id" name="Motion_127_LLeg_transform_pose">
        <float_array id="Motion_127_LLeg_transform_pose_array_id" count="1456">-0.2761954 0 0.9611015 34.299995 0 1 0 0 -0.9611015 0 -0.2761954 0 0 0 0 1 -0.27624917 0 0.96108603 34.299995 0 1 0 0 -0.96108603 0 -0.27624917 0 0 0 0 1 -0.2762127 0 0.96109647 34.299995 0 1 0 0 -0.96109647 0 -0.2762127 0 0 0 0 1 -0.27609086 0 0.9611316 34.299995 0 1 0 0 -0.9611316 0 -0.27609086 0 0 0 0 1 -0.2758875 0 0.9611899 34.299995 0 1 0 0 -0.9611899 0 -0.2758875 0 0 0 0 1 -0.27560675 0 0.9612705 34.299995 0 1 0 0 -0.9612705 0 -0.27560675 0 0 0 0 1 -0.27525342 0 0.9613718 34.299995 0 1 0 0 -0.9613718 0 -0.27525342 0 0 0 0 1 -0.27483106 0 0.96149254 34.299995 0 1 0 0 -0.96149254 0 -0.27483106 0 0 0 0 1 -0.2743441 0 0.9616316 34.299995 0 1 0 0 -0.9616316 0 -0.2743441 0 0 0 0 1 -0.27379704 0 0.9617875 34.299995 0 1 0 0 -0.9617875 0 -0.27379704 0 0 0 0 1 -0.27319372 0 0.96195894 34.299995 0 1 0 0 -0.96195894 0 -0.27319372 0 0 0 0 1 -0.27253866 0 0.9621448 34.299995 0 1 0 0 -0.9621448 0 -0.27253866 0 0 0 0 1 -0.27183628 0 0.9623435 34.299995 0 1 0 0 -0.9623435 0 -0.27183628 0 0 0 0 1 -0.27109015 0 0.96255404 34.299995 0 1 0 0 -0.96255404 0 -0.27109015 0 0 0 0 1 -0.27030516 0 0.9627748 34.299995 0 1 0 0 -0.9627748 0 -0.27030516 0 0 0 0 1 -0.269485 0 0.96300465 34.299995 0 1 0 0 -0.96300465 0 -0.269485 0 0 0 0 1 -0.26863396 0 0.96324235 34.299995 0 1 0 0 -0.96324235 0 -0.26863396 0 0 0 0 1 -0.26775658 0 0.96348655 34.299995 0 1 0 0 -0.96348655 0 -0.26775658 0 0 0 0 1 -0.26685727 0 0.9637361 34.299995 0 1 0 0 -0.9637361 0 -0.26685727 0 0 0 0 1 -0.2659397 0 0.9639896 34.299995 0 1 0 0 -0.9639896 0 -0.2659397 0 0 0 0 1 -0.26500857 0 0.9642461 34.299995 0 1 0 0 -0.9642461 0 -0.26500857 0 0 0 0 1 -0.26406765 0 0.9645041 34.299995 0 1 0 0 -0.9645041 0 -0.26406765 0 0 0 0 1 -0.26312184 0 0.9647625 34.299995 0 1 0 0 -0.9647625 0 -0.26312184 0 0 0 0 1 -0.26217508 0 0.9650203 34.299995 0 1 0 0 -0.9650203 0 -0.26217508 0 0 0 0 1 -0.26123142 0 0.9652762 34.299995 0 1 0 0 -0.9652762 0 -0.26123142 0 0 0 0 1 -0.2602955 0 0.96552896 34.299995 0 1 0 0 -0.96552896 0 -0.2602955 0 0 0 0 1 -0.25937152 0 0.96577764 34.299995 0 1 0 0 -0.96577764 0 -0.25937152 0 0 0 0 1 -0.25846362 0 0.96602094 34.299995 0 1 0 0 -0.96602094 0 -0.25846362 0 0 0 0 1 -0.25757623 0 0.96625805 34.299995 0 1 0 0 -0.96625805 0 -0.25757623 0 0 0 0 1 -0.2567135 0 0.9664876 34.299995 0 1 0 0 -0.9664876 0 -0.2567135 0 0 0 0 1 -0.25587964 0 0.9667086 34.299995 0 1 0 0 -0.9667086 0 -0.25587964 0 0 0 0 1 -0.25507927 0 0.9669202 34.299995 0 1 0 0 -0.9669202 0 -0.25507927 0 0 0 0 1 -0.25431633 0 0.96712106 34.299995 0 1 0 0 -0.96712106 0 -0.25431633 0 0 0 0 1 -0.25359535 0 0.96731037 34.299995 0 1 0 0 -0.96731037 0 -0.25359535 0 0 0 0 1 -0.25292087 0 0.96748704 34.299995 0 1 0 0 -0.96748704 0 -0.25292087 0 0 0 0 1 -0.2522967 0 0.96764994 34.299995 0 1 0 0 -0.96764994 0 -0.2522967 0 0 0 0 1 -0.2517271 0 0.9677982 34.299995 0 1 0 0 -0.9677982 0 -0.2517271 0 0 0 0 1 -0.251217 0 0.96793073 34.299995 0 1 0 0 -0.96793073 0 -0.251217 0 0 0 0 1 -0.25077033 0 0.96804667 34.299995 0 1 0 0 -0.96804667 0 -0.25077033 0 0 0 0 1 -0.25037944 0 0.96814775 34.299995 0 1 0 0 -0.96814775 0 -0.25037944 0 0 0 0 1 -0.2500341 0 0.96823704 34.299995 0 1 0 0 -0.96823704 0 -0.2500341 0 0 0 0 1 -0.24973464 0 0.96831435 34.299995 0 1 0 0 -0.96831435 0 -0.24973464 0 0 0 0 1 -0.2494806 0 0.96837974 34.299995 0 1 0 0 -0.96837974 0 -0.2494806 0 0 0 0 1 -0.24927235 0 0.96843344 34.299995 0 1 0 0 -0.96843344 0 -0.24927235 0 0 0 0 1 -0.24910998 0 0.9684752 34.299995 0 1 0 0 -0.9684752 0 -0.24910998 0 0 0 0 1 -0.24899316 0 0.9685052 34.299995 0 1 0 0 -0.9685052 0 -0.24899316 0 0 0 0 1 -0.24892235 0 0.96852344 34.299995 0 1 0 0 -0.96852344 0 -0.24892235 0 0 0 0 1 -0.24889708 0 0.96852994 34.299995 0 1 0 0 -0.96852994 0 -0.24889708 0 0 0 0 1 -0.24891782 0 0.9685247 34.299995 0 1 0 0 -0.9685247 0 -0.24891782 0 0 0 0 1 -0.2489841 0 0.9685075 34.299995 0 1 0 0 -0.9685075 0 -0.2489841 0 0 0 0 1 -0.2490964 0 0.9684786 34.299995 0 1 0 0 -0.9684786 0 -0.2490964 0 0 0 0 1 -0.24925447 0 0.9684381 34.299995 0 1 0 0 -0.9684381 0 -0.24925447 0 0 0 0 1 -0.24945855 0 0.9683855 34.299995 0 1 0 0 -0.9683855 0 -0.24945855 0 0 0 0 1 -0.2497083 0 0.9683211 34.299995 0 1 0 0 -0.9683211 0 -0.2497083 0 0 0 0 1 -0.25000393 0 0.96824485 34.299995 0 1 0 0 -0.96824485 0 -0.25000393 0 0 0 0 1 -0.25034535 0 0.9681565 34.299995 0 1 0 0 -0.9681565 0 -0.25034535 0 0 0 0 1 -0.25073302 0 0.96805626 34.299995 0 1 0 0 -0.96805626 0 -0.25073302 0 0 0 0 1 -0.25116622 0 0.9679439 34.299995 0 1 0 0 -0.9679439 0 -0.25116622 0 0 0 0 1 -0.25164533 0 0.9678195 34.299995 0 1 0 0 -0.9678195 0 -0.25164533 0 0 0 0 1 -0.25217044 0 0.96768284 34.299995 0 1 0 0 -0.96768284 0 -0.25217044 0 0 0 0 1 -0.25274134 0 0.9675339 34.299995 0 1 0 0 -0.9675339 0 -0.25274134 0 0 0 0 1 -0.25335824 0 0.96737254 34.299995 0 1 0 0 -0.96737254 0 -0.25335824 0 0 0 0 1 -0.2540208 0 0.9671988 34.299995 0 1 0 0 -0.9671988 0 -0.2540208 0 0 0 0 1 -0.25472927 0 0.9670124 34.299995 0 1 0 0 -0.9670124 0 -0.25472927 0 0 0 0 1 -0.25548363 0 0.9668134 34.299995 0 1 0 0 -0.9668134 0 -0.25548363 0 0 0 0 1 -0.256284 0 0.96660155 34.299995 0 1 0 0 -0.96660155 0 -0.256284 0 0 0 0 1 -0.2571299 0 0.9663769 34.299995 0 1 0 0 -0.9663769 0 -0.2571299 0 0 0 0 1 -0.25802147 0 0.9661392 34.299995 0 1 0 0 -0.9661392 0 -0.25802147 0 0 0 0 1 -0.25895917 0 0.9658883 34.299995 0 1 0 0 -0.9658883 0 -0.25895917 0 0 0 0 1 -0.25992572 0 0.9656287 34.299995 0 1 0 0 -0.9656287 0 -0.25992572 0 0 0 0 1 -0.26090205 0 0.96536523 34.299995 0 1 0 0 -0.96536523 0 -0.26090205 0 0 0 0 1 -0.26188397 0 0.96509933 34.299995 0 1 0 0 -0.96509933 0 -0.26188397 0 0 0 0 1 -0.26286757 0 0.96483195 34.299995 0 1 0 0 -0.96483195 0 -0.26286757 0 0 0 0 1 -0.26384842 0 0.9645642 34.299995 0 1 0 0 -0.9645642 0 -0.26384842 0 0 0 0 1 -0.26482272 0 0.9642971 34.299995 0 1 0 0 -0.9642971 0 -0.26482272 0 0 0 0 1 -0.2657863 0 0.964032 34.299995 0 1 0 0 -0.964032 0 -0.2657863 0 0 0 0 1 -0.2667352 0 0.96376985 34.299995 0 1 0 0 -0.96376985 0 -0.2667352 0 0 0 0 1 -0.26766515 0 0.96351194 34.299995 0 1 0 0 -0.96351194 0 -0.26766515 0 0 0 0 1 -0.26857245 0 0.9632595 34.299995 0 1 0 0 -0.9632595 0 -0.26857245 0 0 0 0 1 -0.26945233 0 0.9630137 34.299995 0 1 0 0 -0.9630137 0 -0.26945233 0 0 0 0 1 -0.27030146 0 0.96277577 34.299995 0 1 0 0 -0.96277577 0 -0.27030146 0 0 0 0 1 -0.27111566 0 0.9625468 34.299995 0 1 0 0 -0.9625468 0 -0.27111566 0 0 0 0 1 -0.27189028 0 0.96232826 34.299995 0 1 0 0 -0.96232826 0 -0.27189028 0 0 0 0 1 -0.272622 0 0.9621212 34.299995 0 1 0 0 -0.9621212 0 -0.272622 0 0 0 0 1 -0.2733066 0 0.961927 34.299995 0 1 0 0 -0.961927 0 -0.2733066 0 0 0 0 1 -0.27393973 0 0.96174675 34.299995 0 1 0 0 -0.96174675 0 -0.27393973 0 0 0 0 1 -0.27451777 0 0.96158206 34.299995 0 1 0 0 -0.96158206 0 -0.27451777 0 0 0 0 1 -0.27503622 0 0.9614338 34.299995 0 1 0 0 -0.9614338 0 -0.27503622 0 0 0 0 1 -0.27549148 0 0.9613035 34.299995 0 1 0 0 -0.9613035 0 -0.27549148 0 0 0 0 1 -0.27587914 0 0.96119225 34.299995 0 1 0 0 -0.96119225 0 -0.27587914 0 0 0 0 1 -0.27587914 0 0.96119225 34.299995 0 1 0 0 -0.96119225 0 -0.27587914 0 0 0 0 1</float_array>
        <technique_common>
          <accessor source="#Motion_127_LLeg_transform_pose_array_id" count="91" stride="16">
            <param name="TRANSFORM" type="float4x4" />
          </accessor>
        </technique_common>
      </source>
      <sampler id="Motion_127_LLeg_transform_samp_id">
        <input semantic="INPUT" source="#Motion_127_LLeg_transform_frame_id" />
        <input semantic="INTERPOLATION" source="#Motion_127_LLeg_transform_interp_id" />
        <input semantic="OUTPUT" source="#Motion_127_LLeg_transform_pose_id" />
      </sampler>
      <channel source="#Motion_127_LLeg_transform_samp_id" target="LLeg_bone_id/transform" />
    </animation>
    <animation id="Motion_127_LFoot_transform_id" name="Motion_127_LFoot_transform">
      <source id="Motion_127_LFoot_transform_frame_id" name="Motion_127_LFoot_transform_frame">
        <float_array id="Motion_127_LFoot_transform_frame_array_id" count="91">0 0.033333335 0.06666667 0.1 0.13333334 0.16666667 0.2 0.23333333 0.26666668 0.3 0.33333334 0.36666667 0.4 0.43333334 0.46666667 0.5 0.53333336 0.56666666 0.6 0.6333333 0.6666667 0.7 0.73333335 0.76666665 0.8 0.8333333 0.8666667 0.9 0.93333334 0.96666664 1 1.0333333 1.0666667 1.1 1.1333333 1.1666666 1.2 1.2333333 1.2666667 1.3 1.3333334 1.3666667 1.4 1.4333333 1.4666667 1.5 1.5333333 1.5666667 1.6 1.6333333 1.6666666 1.7 1.7333333 1.7666667 1.8 1.8333334 1.8666667 1.9 1.9333333 1.9666667 2 2.0333333 2.0666666 2.1 2.1333334 2.1666667 2.2 2.2333333 2.2666667 2.3 2.3333333 2.3666666 2.4 2.4333334 2.4666667 2.5 2.5333333 2.5666666 2.6 2.6333334 2.6666667 2.7 2.7333333 2.7666667 2.8 2.8333333 2.8666666 2.9 2.9333334 2.9666667 3</float_array>
        <technique_common>
          <accessor source="#Motion_127_LFoot_transform_frame_array_id" count="91" stride="1">
            <param name="TIME" type="float" />
          </accessor>
        </technique_common>
      </source>
      <source id="Motion_127_LFoot_transform_interp_id" name="Motion_127_LFoot_transform_interp">
        <Name_array id="Motion_127_LFoot_transform_interp_array_id" count="91">LINEAR LINEAR LINEAR LINEAR LINEAR LINEAR LINEAR LINEAR LINEAR LINEAR LINEAR LINEAR LINEAR LINEAR LINEAR LINEAR LINEAR LINEAR LINEAR LINEAR LINEAR LINEAR LINEAR LINEAR LINEAR LINEAR LINEAR LINEAR LINEAR LINEAR LINEAR LINEAR LINEAR LINEAR LINEAR LINEAR LINEAR LINEAR LINEAR LINEAR LINEAR LINEAR LINEAR LINEAR LINEAR LINEAR LINEAR LINEAR LINEAR LINEAR LINEAR LINEAR LINEAR LINEAR LINEAR LINEAR LINEAR LINEAR LINEAR LINEAR LINEAR LINEAR LINEAR LINEAR LINEAR LINEAR LINEAR LINEAR LINEAR LINEAR LINEAR LINEAR LINEAR LINEAR LINEAR LINEAR LINEAR LINEAR LINEAR LINEAR LINEAR LINEAR LINEAR LINEAR LINEAR LINEAR LINEAR LINEAR LINEAR LINEAR LINEAR</Name_array>
        <technique_common>
          <accessor source="#Motion_127_LFoot_transform_interp_array_id" count="91" stride="1">
            <param name="INTERPOLATION" type="Name" />
          </accessor>
        </technique_common>
      </source>
      <source id="Motion_127_LFoot_transform_pose_id" name="Motion_127_LFoot_transform_pose">
        <float_array id="Motion_127_LFoot_transform_pose_array_id" count="1456">0.26847756 0.07426594 -0.9604189 34.3 -0.04578221 0.9968807 0.06428736 0 0.96219736 0.026710391 0.27104014 0 0 0 0 1 0.2685334 0.07674438 -0.96020836 34.3 -0.04532251 0.9967239 0.0669879 0 0.96220356 0.025530564 0.27113193 0 0 0 0 1 0.2688375 0.07979809 -0.95987415 34.3 -0.044919323 0.9965166 0.0702635 0 0.96213746 0.024227448 0.2714855 0 0 0 0 1 0.2693758 0.08338012 -0.9594188 34.3 -0.04457678 0.9962566 0.07406576 0 0.9620029 0.022816278 0.27208424 0 0 0 0 1 0.2701348 0.08744345 -0.95884347 34.3 -0.044299312 0.99594146 0.07834623 0 0.96180284 0.021312067 0.27291214 0 0 0 0 1 0.27109933 0.091941066 -0.9581503 34.3 -0.044091426 0.995569 0.0830564 0 0.961541 0.019729681 0.2739519 0 0 0 0 1 0.2722556 0.09682597 -0.95734096 34.3 -0.043957785 0.99513704 0.088147655 0 0.9612204 0.018083889 0.27518785 0 0 0 0 1 0.2735895 0.1020512 -0.9564174 34.3 -0.043903008 0.9946441 0.093571305 0 0.960844 0.016389485 0.27660453 0 0 0 0 1 0.2750857 0.107569866 -0.9553829 34.3 -0.04393164 0.9940894 0.099278614 0 0.9604154 0.014661416 0.2781855 0 0 0 0 1 0.27673072 0.11333512 -0.95424074 34.3 -0.044048112 0.9934729 0.105220735 0 0.9599375 0.012914695 0.27991664 0 0 0 0 1 0.27850997 0.11930019 -0.9529951 34.3 -0.04425658 0.99279547 0.11134872 0 0.9594131 0.011164572 0.28178322 0 0 0 0 1 0.28040934 0.1254185 -0.9516516 34.3 -0.044561002 0.9920591 0.11761367 0 0.9588456 0.009426579 0.2837714 0 0 0 0 1 0.28241515 0.13164356 -0.9502166 34.3 -0.044965085 0.9912671 0.12396659 0 0.9582378 0.0077165477 0.28586817 0 0 0 0 1 0.28451353 0.13792913 -0.9486978 34.3 -0.045472134 0.9904236 0.13035849 0 0.95759296 0.0060505643 0.2880609 0 0 0 0 1 0.28669137 0.14422907 -0.94710404 34.3 -0.046085138 0.9895343 0.13674042 0 0.9569139 0.004445106 0.2903378 0 0 0 0 1 0.28893578 0.15049751 -0.9454452 34.3 -0.046806727 0.9886061 0.14306341 0 0.9562036 0.0029170513 0.292688 0 0 0 0 1 0.29123384 0.15668882 -0.94373274 34.3 -0.0476391 0.9876469 0.14927861 0 0.95546496 0.0014836043 0.2951007 0 0 0 0 1 0.29357678 0.16273448 -0.94198203 34.3 -0.04856085 0.9866699 0.15532023 0 0.9547013 0.0001450479 0.29756588 0 0 0 0 1 0.29595655 0.16856535 -0.94021034 34.3 -0.0495493 0.9856899 0.16112217 0 0.9539155 -0.0010984018 0.30007368 0 0 0 0 1 0.2983625 0.17413515 -0.9384332 34.3 -0.050604016 0.9847192 0.1666351 0 0.9531102 -0.0022291765 0.30261523 0 0 0 0 1 0.30078405 0.17939796 -0.9366672 34.3 -0.051724255 0.98377126 0.17180994 0 0.9522886 -0.0032292902 0.30518192 0 0 0 0 1 0.30321246 0.18432899 -0.93492514 34.3 -0.052887544 0.98285604 0.17662665 0 0.9514542 -0.0041094944 0.30776292 0 0 0 0 1 0.30563843 0.18891332 -0.93321854 34.3 -0.054061145 0.9819816 0.18107894 0 0.95061165 -0.004893817 0.31034416 0 0 0 0 1 0.3080535 0.19311969 -0.931562 34.3 -0.055228457 0.9811593 0.18513837 0 0.94976455 -0.0055837855 0.31291527 0 0 0 0 1 0.31044942 0.19691712 -0.9299703 34.3 -0.05637274 0.9804007 0.18877675 0 0.94891685 -0.006180659 0.31546557 0 0 0 0 1 0.3127417 0.20027298 -0.9284845 34.3 -0.057468705 0.9797174 0.19196667 0 0.9480981 -0.0066771805 0.31790787 0 0 0 0 1 0.31485742 0.20315488 -0.9271423 34.3 -0.058491513 0.9791211 0.19468072 0 0.94733495 -0.0070667267 0.3201664 0 0 0 0 1 0.31680512 0.20553187 -0.9259543 34.3 -0.059425205 0.9786228 0.19689089 0 0.9466273 -0.0073510483 0.3222465 0 0 0 0 1 0.31859386 0.20737283 -0.9249295 34.3 -0.060253903 0.978233 0.19856912 0 0.94597435 -0.007532291 0.32415402 0 0 0 0 1 0.32023114 0.20864661 -0.9240772 34.3 -0.060961857 0.9779615 0.19968727 0 0.945376 -0.0076126233 0.32589316 0 0 0 0 1 0.32172525 0.2093218 -0.9234053 34.3 -0.061533608 0.9778173 0.20021713 0 0.9448315 -0.0075944588 0.32746887 0 0 0 0 1 0.323084 0.2093668 -0.92292047 34.3 -0.061953872 0.9778086 0.20013028 0 0.9443402 -0.0074804053 0.32888538 0 0 0 0 1 0.32431388 0.20874973 -0.9226288 34.3 -0.062207356 0.97794205 0.19939807 0 0.94390184 -0.007273242 0.3301459 0 0 0 0 1 0.32539243 0.2077099 -0.9224838 34.3 -0.062355146 0.9781655 0.19825254 0 0.9435209 -0.006988272 0.3312394 0 0 0 0 1 0.32629442 0.20651338 -0.9224338 34.3 -0.062469654 0.9784213 0.19695026 0 0.9432017 -0.006639637 0.3321542 0 0 0 0 1 0.32702112 0.20516849 -0.9224766 34.3 -0.062553205 0.97870684 0.19549935 0 0.94294447 -0.0062285364 0.33289176 0 0 0 0 1 0.32757407 0.20368324 -0.92260957 34.3 -0.06260811 0.97901994 0.19390777 0 0.9427489 -0.005756311 0.33345377 0 0 0 0 1 0.32795447 0.20206591 -0.92283 34.3 -0.062636815 0.97935796 0.19218367 0 0.9426147 -0.0052243546 0.33384162 0 0 0 0 1 0.32816398 0.2003247 -0.9231351 34.3 -0.062641844 0.9797186 0.19033512 0 0.9425414 -0.0046342313 0.33405703 0 0 0 0 1 0.3282035 0.19846769 -0.923522 34.3 -0.06262581 0.9800993 0.1883702 0 0.9425287 -0.003987439 0.33410126 0 0 0 0 1 0.32807457 0.19650307 -0.9239879 34.3 -0.06259138 0.9804977 0.186297 0 0.942576 -0.0032856315 0.3339758 0 0 0 0 1 0.32777828 0.19443896 -0.92452955 34.3 -0.06254125 0.9809114 0.18412362 0 0.9426824 -0.0025305152 0.33368188 0 0 0 0 1 0.3273586 0.19228432 -0.92512864 34.3 -0.062482566 0.9813377 0.18185756 0 0.94283205 -0.0017282143 0.3332638 0 0 0 0 1 0.32685864 0.1900483 -0.9257673 34.3 -0.062422425 0.98177433 0.17950648 0 0.9430095 -0.0008846298 0.33276474 0 0 0 0 1 0.3262813 0.18773898 -0.92644185 34.3 -0.062363297 0.982219 0.17707837 0 0.9432133 -1.3783574E-06 0.3321877 0 0 0 0 1 0.32562762 0.18536471 -0.92714965 34.3 -0.062307764 0.98266935 0.1745814 0 0.9434428 0.000920102 0.33153397 0 0 0 0 1 0.32490015 0.18293366 -0.92788744 34.3 -0.062258396 0.9831235 0.17202365 0 0.94369686 0.0018782839 0.33080608 0 0 0 0 1 0.3241005 0.18045406 -0.92865235 34.3 -0.062217653 0.9835792 0.16941333 0 0.94397444 0.0028716251 0.33000594 0 0 0 0 1 0.32323092 0.1779342 -0.92944133 34.3 -0.062188096 0.98403466 0.16675857 0 0.94427454 0.0038986579 0.32913584 0 0 0 0 1 0.32229328 0.17538232 -0.9302516 34.3 -0.06217217 0.9844879 0.16406754 0 0.94459605 0.004957892 0.32819772 0 0 0 0 1 0.3212896 0.17280671 -0.93108046 34.3 -0.062172376 0.9849372 0.16134849 0 0.9449378 0.006047897 0.32719392 0 0 0 0 1 0.32022166 0.17021573 -0.9319253 34.3 -0.06219117 0.98538077 0.15860966 0 0.94529915 0.0071672574 0.32612622 0 0 0 0 1 0.3190922 0.16761757 -0.9327832 34.3 -0.062230945 0.985817 0.1558592 0 0.9456783 0.008314513 0.32499754 0 0 0 0 1 0.31790304 0.1650206 -0.9336519 34.3 -0.062294107 0.9862445 0.15310544 0 0.9460746 0.009488322 0.32380992 0 0 0 0 1 0.3166564 0.16243319 -0.9345288 34.3 -0.062383026 0.9866617 0.15035665 0 0.9464867 0.010687344 0.32256585 0 0 0 0 1 0.31536615 0.15978463 -0.9354214 34.3 -0.062420696 0.98708075 0.14756447 0 0.946915 0.011852808 0.32126576 0 0 0 0 1 0.3140453 0.1570076 -0.93633544 34.3 -0.062333584 0.98751277 0.14468259 0 0.94735944 0.012928262 0.3199106 0 0 0 0 1 0.31269324 0.15405738 -0.9372777 34.3 -0.06218834 0.9879627 0.14164117 0 0.94781625 0.013997503 0.31850982 0 0 0 0 1 0.31131023 0.15089579 -0.9382518 34.3 -0.0620447 0.98843384 0.13838008 0 0.94828075 0.0151344165 0.31707186 0 0 0 0 1 0.30989712 0.14754644 -0.9392517 34.3 -0.06189975 0.9889204 0.13492563 0 0.94875294 0.016326386 0.3155967 0 0 0 0 1 0.30845523 0.14403304 -0.9402712 34.3 -0.06175056 0.9894171 0.1313041 0 0.9492325 0.017560821 0.314085 0 0 0 0 1 0.30698562 0.14037931 -0.9413041 34.3 -0.06159408 0.9899188 0.12754181 0 0.94971883 0.018825267 0.31253737 0 0 0 0 1 0.30548972 0.13660915 -0.9423449 34.3 -0.06142725 0.99042094 0.123665094 0 0.9502119 0.020107243 0.310955 0 0 0 0 1 0.30396873 0.13274647 -0.9433883 34.3 -0.06124687 0.9909191 0.11970033 0 0.9507113 0.021394417 0.30933875 0 0 0 0 1 0.30242437 0.1288152 -0.9444289 34.3 -0.061049663 0.99140936 0.11567381 0 0.9512162 0.022674501 0.3076905 0 0 0 0 1 0.30085766 0.12483956 -0.9454627 34.3 -0.060832307 0.99188817 0.11161204 0 0.9517269 0.023935337 0.30601144 0 0 0 0 1 0.29927063 0.12084365 -0.94648504 34.3 -0.060591344 0.99235255 0.10754135 0 0.9522425 0.025164824 0.30430406 0 0 0 0 1 0.29766458 0.11685171 -0.9474922 34.3 -0.0603232 0.99279976 0.1034882 0 0.9527628 0.026350997 0.30257016 0 0 0 0 1 0.2960415 0.1128881 -0.9484807 34.3 -0.060024265 0.9932276 0.099478975 0 0.95328724 0.027481955 0.3008126 0 0 0 0 1 0.29440308 0.1089772 -0.9494476 34.3 -0.059690762 0.9936343 0.095540114 0 0.9538154 0.028545953 0.29903394 0 0 0 0 1 0.29275107 0.10514346 -0.9503902 34.3 -0.05931884 0.9940185 0.091698 0 0.9543469 0.029531373 0.29723698 0 0 0 0 1 0.2910878 0.1014114 -0.95130616 34.3 -0.058904547 0.99437916 0.08797902 0 0.95488113 0.030426655 0.29542524 0 0 0 0 1 0.28941488 0.09780562 -0.95219386 34.3 -0.0584438 0.9947157 0.08440958 0 0.9554179 0.031220432 0.29360163 0 0 0 0 1 0.287735 0.09435067 -0.9530512 34.3 -0.057932414 0.9950278 0.08101596 0 0.95595634 0.031901427 0.29177022 0 0 0 0 1 0.28607464 0.0910719 -0.95386964 34.3 -0.057367235 0.99531525 0.07782399 0 0.95648855 0.03245739 0.289959 0 0 0 0 1 0.28446192 0.0879947 -0.95464045 34.3 -0.056744955 0.9955783 0.074859425 0 0.9570065 0.032876372 0.28819734 0 0 0 0 1 0.28290015 0.085143715 -0.95536274 34.3 -0.05606085 0.9958171 0.07214846 0 0.9575096 0.03314764 0.28649008 0 0 0 0 1 0.28139275 0.08253098 -0.9560371 34.3 -0.055322908 0.9960328 0.06970033 0 0.95799667 0.03327757 0.28484225 0 0 0 0 1 0.27994382 0.080159105 -0.956664 34.3 -0.05454839 0.9962262 0.06751181 0 0.9584654 0.033284977 0.28325987 0 0 0 0 1 0.27855664 0.07803871 -0.95724404 34.3 -0.05374661 0.9963981 0.06559053 0 0.95891476 0.03317794 0.28174764 0 0 0 0 1 0.2772354 0.07618027 -0.95777714 34.3 -0.05292677 0.996549 0.0639441 0 0.9593431 0.032964483 0.28031063 0 0 0 0 1 0.2759835 0.07459428 -0.95826346 34.3 -0.052098162 0.99667925 0.06258022 0 0.9597494 0.032652654 0.27895325 0 0 0 0 1 0.2748053 0.07329114 -0.9587025 34.3 -0.05127011 0.996789 0.061506577 0 0.96013194 0.03225045 0.27768058 0 0 0 0 1 0.2737043 0.07228118 -0.959094 34.3 -0.0504519 0.9968783 0.060730893 0 0.9604897 0.031765815 0.2764966 0 0 0 0 1 0.2726844 0.0715747 -0.9594375 34.3 -0.04965294 0.99694693 0.060260937 0 0.9608214 0.031206675 0.27540576 0 0 0 0 1 0.27174926 0.07118196 -0.959732 34.3 -0.04888264 0.99699444 0.060104486 0 0.9611258 0.030580882 0.2744121 0 0 0 0 1 0.27090317 0.07111316 -0.95997626 34.3 -0.048150517 0.9970201 0.06026933 0 0.96140164 0.029896196 0.27352005 0 0 0 0 1 0.27014923 0.07137844 -0.960169 34.3 -0.047466096 0.997023 0.06076327 0 0.9616477 0.029160319 0.27273303 0 0 0 0 1 0.26949137 0.07198793 -0.9603083 34.3 -0.04683905 0.99700165 0.061594136 0 0.96186304 0.028380847 0.2720552 0 0 0 0 1 0.26893258 0.072951734 -0.9603923 34.3 -0.046279125 0.99695444 0.062769756 0 0.96204656 0.027565278 0.27148968 0 0 0 0 1 0.26893258 0.072951734 -0.9603923 34.3 -0.046279125 0.99695444 0.062769756 0 0.96204656 0.027565278 0.27148968 0 0 0 0 1</float_array>
        <technique_common>
          <accessor source="#Motion_127_LFoot_transform_pose_array_id" count="91" stride="16">
            <param name="TRANSFORM" type="float4x4" />
          </accessor>
        </technique_common>
      </source>
      <sampler id="Motion_127_LFoot_transform_samp_id">
        <input semantic="INPUT" source="#Motion_127_LFoot_transform_frame_id" />
        <input semantic="INTERPOLATION" source="#Motion_127_LFoot_transform_interp_id" />
        <input semantic="OUTPUT" source="#Motion_127_LFoot_transform_pose_id" />
      </sampler>
      <channel source="#Motion_127_LFoot_transform_samp_id" target="LFoot_bone_id/transform" />
    </animation>
    <animation id="Motion_127_Spine2_transform_id" name="Motion_127_Spine2_transform">
      <source id="Motion_127_Spine2_transform_frame_id" name="Motion_127_Spine2_transform_frame">
        <float_array id="Motion_127_Spine2_transform_frame_array_id" count="91">0 0.033333335 0.06666667 0.1 0.13333334 0.16666667 0.2 0.23333333 0.26666668 0.3 0.33333334 0.36666667 0.4 0.43333334 0.46666667 0.5 0.53333336 0.56666666 0.6 0.6333333 0.6666667 0.7 0.73333335 0.76666665 0.8 0.8333333 0.8666667 0.9 0.93333334 0.96666664 1 1.0333333 1.0666667 1.1 1.1333333 1.1666666 1.2 1.2333333 1.2666667 1.3 1.3333334 1.3666667 1.4 1.4333333 1.4666667 1.5 1.5333333 1.5666667 1.6 1.6333333 1.6666666 1.7 1.7333333 1.7666667 1.8 1.8333334 1.8666667 1.9 1.9333333 1.9666667 2 2.0333333 2.0666666 2.1 2.1333334 2.1666667 2.2 2.2333333 2.2666667 2.3 2.3333333 2.3666666 2.4 2.4333334 2.4666667 2.5 2.5333333 2.5666666 2.6 2.6333334 2.6666667 2.7 2.7333333 2.7666667 2.8 2.8333333 2.8666666 2.9 2.9333334 2.9666667 3</float_array>
        <technique_common>
          <accessor source="#Motion_127_Spine2_transform_frame_array_id" count="91" stride="1">
            <param name="TIME" type="float" />
          </accessor>
        </technique_common>
      </source>
      <source id="Motion_127_Spine2_transform_interp_id" name="Motion_127_Spine2_transform_interp">
        <Name_array id="Motion_127_Spine2_transform_interp_array_id" count="91">LINEAR LINEAR LINEAR LINEAR LINEAR LINEAR LINEAR LINEAR LINEAR LINEAR LINEAR LINEAR LINEAR LINEAR LINEAR LINEAR LINEAR LINEAR LINEAR LINEAR LINEAR LINEAR LINEAR LINEAR LINEAR LINEAR LINEAR LINEAR LINEAR LINEAR LINEAR LINEAR LINEAR LINEAR LINEAR LINEAR LINEAR LINEAR LINEAR LINEAR LINEAR LINEAR LINEAR LINEAR LINEAR LINEAR LINEAR LINEAR LINEAR LINEAR LINEAR LINEAR LINEAR LINEAR LINEAR LINEAR LINEAR LINEAR LINEAR LINEAR LINEAR LINEAR LINEAR LINEAR LINEAR LINEAR LINEAR LINEAR LINEAR LINEAR LINEAR LINEAR LINEAR LINEAR LINEAR LINEAR LINEAR LINEAR LINEAR LINEAR LINEAR LINEAR LINEAR LINEAR LINEAR LINEAR LINEAR LINEAR LINEAR LINEAR LINEAR</Name_array>
        <technique_common>
          <accessor source="#Motion_127_Spine2_transform_interp_array_id" count="91" stride="1">
            <param name="INTERPOLATION" type="Name" />
          </accessor>
        </technique_common>
      </source>
      <source id="Motion_127_Spine2_transform_pose_id" name="Motion_127_Spine2_transform_pose">
        <float_array id="Motion_127_Spine2_transform_pose_array_id" count="1456">0.99413306 -0.060737412 -0.08950112 13.5 0.0492001 0.9908217 -0.1259035 0 0.0963267 0.120761365 0.9879969 0 0 0 0 1 0.99397904 -0.06141148 -0.09074303 13.5 0.0496968 0.9907661 -0.12614565 0 0.09765191 0.12087648 0.9878527 0 0 0 0 1 0.99386424 -0.062101807 -0.09152753 13.5 0.05025846 0.9906984 -0.1264546 0 0.09852924 0.12107867 0.9877408 0 0 0 0 1 0.99379706 -0.06279186 -0.091785274 13.5 0.05087785 0.99061954 -0.12682408 0 0.09888781 0.12136756 0.9876695 0 0 0 0 1 0.9937855 -0.06346495 -0.0914469 13.5 0.05154793 0.9905306 -0.12724751 0 0.09865671 0.12174284 0.98764646 0 0 0 0 1 0.9938205 -0.06411445 -0.09061028 13.5 0.052250955 0.9904326 -0.1277225 0 0.097932234 0.12219876 0.98766226 0 0 0 0 1 0.9938869 -0.06473723 -0.08943139 13.5 0.05296538 0.99032676 -0.12824821 0 0.09686874 0.12272745 0.9877016 0 0 0 0 1 0.9939828 -0.06532179 -0.08792795 13.5 0.053678628 0.99021405 -0.1288205 0 0.095482275 0.123325504 0.9877621 0 0 0 0 1 0.99410594 -0.06585654 -0.086117685 13.5 0.054378122 0.99009573 -0.12943521 0 0.09378891 0.1239894 0.9878412 0 0 0 0 1 0.9942541 -0.06632985 -0.084018305 13.5 0.05505128 0.98997295 -0.13008831 0 0.09180458 0.12471552 0.9879362 0 0 0 0 1 0.9944248 -0.06673016 -0.08164759 13.5 0.05568555 0.9898468 -0.13077591 0 0.08954531 0.12550022 0.9880442 0 0 0 0 1 0.9946156 -0.06704581 -0.07902333 13.5 0.056268364 0.98971874 -0.13149412 0 0.087027 0.1263396 0.9881622 0 0 0 0 1 0.9948239 -0.06726522 -0.07616332 13.5 0.056787126 0.9895898 -0.13223934 0 0.08426556 0.12722975 0.9882874 0 0 0 0 1 0.99504715 -0.06737679 -0.07308543 13.5 0.057229232 0.9894613 -0.13300794 0 0.08127685 0.12816656 0.9884166 0 0 0 0 1 0.99528307 -0.06736895 -0.069807544 13.5 0.05758203 0.9893345 -0.13379657 0 0.07807675 0.1291458 0.9885471 0 0 0 0 1 0.9955271 -0.067261584 -0.066345446 13.5 0.05786427 0.98920864 -0.13460296 0 0.07468309 0.13016185 0.9886761 0 0 0 0 1 0.9957744 -0.06708415 -0.06271427 13.5 0.058104187 0.9890824 -0.13542509 0 0.07111446 0.13120887 0.98880076 0 0 0 0 1 0.9960219 -0.0668395 -0.05893099 13.5 0.058303326 0.988956 -0.13626003 0 0.06738771 0.13228211 0.9889188 0 0 0 0 1 0.99626666 -0.06653051 -0.055012546 13.5 0.05846313 0.9888298 -0.1371048 0 0.063519694 0.13337673 0.98902774 0 0 0 0 1 0.99650604 -0.06616018 -0.05097592 13.5 0.058585074 0.9887041 -0.13795649 0 0.059527323 0.13448803 0.9891256 0 0 0 0 1 0.9967375 -0.0657315 -0.04683813 13.5 0.058670513 0.9885793 -0.13881212 0 0.055427533 0.13561124 0.9892105 0 0 0 0 1 0.9969587 -0.065247595 -0.042616203 13.5 0.058720786 0.9884556 -0.13966884 0 0.051237278 0.1367416 0.98928076 0 0 0 0 1 0.9971677 -0.064711615 -0.03832715 13.5 0.058737148 0.98833346 -0.14052363 0 0.04697352 0.13787441 0.9893352 0 0 0 0 1 0.99735945 -0.06413284 -0.0340745 13.5 0.058714643 0.98821324 -0.14137608 0 0.04273972 0.13900208 0.9893694 0 0 0 0 1 0.9975307 -0.06352077 -0.029961154 13.5 0.058648143 0.9880953 -0.14222576 0 0.038638763 0.14011739 0.9893807 0 0 0 0 1 0.99768233 -0.06287904 -0.026003217 13.5 0.05853863 0.9879799 -0.14306962 0 0.034686737 0.14121586 0.98937094 0 0 0 0 1 0.99781567 -0.062211327 -0.022216763 13.5 0.05838699 0.9878676 -0.14390473 0 0.030899722 0.14229323 0.98934215 0 0 0 0 1 0.99793214 -0.06152135 -0.018617854 13.5 0.05819407 0.9877587 -0.14472789 0 0.027293801 0.14334515 0.9892963 0 0 0 0 1 0.9980331 -0.06081293 -0.015222529 13.5 0.057960693 0.9876537 -0.14553605 0 0.023885062 0.1443675 0.9892358 0 0 0 0 1 0.99812025 -0.060089897 -0.012046793 13.5 0.05768763 0.98755294 -0.14632611 0 0.020689566 0.1453561 0.98916304 0 0 0 0 1 0.99819535 -0.059356086 -0.009106634 13.5 0.05737558 0.9874569 -0.14709477 0 0.017723378 0.14630683 0.9890805 0 0 0 0 1 0.99826 -0.05861543 -0.0064180186 13.5 0.057025284 0.9873661 -0.14783886 0 0.015002572 0.14721563 0.98899066 0 0 0 0 1 0.998316 -0.05787185 -0.0039968705 13.5 0.05663739 0.9872809 -0.14855511 0 0.012543193 0.14807858 0.9888961 0 0 0 0 1 0.99836504 -0.057129275 -0.0018591243 13.5 0.056212578 0.98720187 -0.14924021 0 0.010361316 0.1488917 0.9887992 0 0 0 0 1 0.99840873 -0.05639165 -2.0661857E-05 13.5 0.055751473 0.98712945 -0.14989075 0 0.008472983 0.14965108 0.9887026 0 0 0 0 1 0.9984485 -0.055662896 0.001502625 13.5 0.05525473 0.9870642 -0.15050337 0 0.0068942662 0.1503529 0.98860836 0 0 0 0 1 0.9984856 -0.054946955 0.0026948843 13.5 0.054723006 0.98700655 -0.15107453 0 0.0056412173 0.15099323 0.9885187 0 0 0 0 1 0.99852127 -0.05424643 0.0035570003 13.5 0.054158222 0.9869571 -0.15160036 0 0.004713172 0.15156883 0.98843545 0 0 0 0 1 0.9985561 -0.05356177 0.004117394 13.5 0.05356448 0.98691624 -0.1520761 0 0.004081941 0.15207705 0.9883602 0 0 0 0 1 0.99859047 -0.052893583 0.004401491 13.5 0.052945714 0.9868847 -0.15249708 0 0.003722353 0.15251517 0.9882941 0 0 0 0 1 0.99862456 -0.05224239 0.0044347183 13.5 0.0523059 0.98686284 -0.1528587 0 0.0036092454 0.15288043 0.9882381 0 0 0 0 1 0.99865836 -0.051608622 0.004242502 13.5 0.051649094 0.98685133 -0.15315633 0 0.0037174684 0.15316997 0.98819286 0 0 0 0 1 0.9986916 -0.05099268 0.0038502745 13.5 0.05097943 0.98685056 -0.15338539 0 0.004021887 0.15338098 0.98815894 0 0 0 0 1 0.998724 -0.050394885 0.003283464 13.5 0.050301082 0.9868611 -0.1535413 0 0.0044973725 0.15351054 0.98813677 0 0 0 0 1 0.99875516 -0.049815487 0.0025675017 13.5 0.04961827 0.9868835 -0.15361957 0 0.0051188096 0.15355574 0.98812675 0 0 0 0 1 0.9987848 -0.04925472 0.0017278194 13.5 0.048935268 0.9869182 -0.1536157 0 0.0058610816 0.15351357 0.98812914 0 0 0 0 1 0.9988125 -0.048712753 0.000789847 13.5 0.048256382 0.9869657 -0.1535252 0 0.0066990843 0.15338102 0.9881444 0 0 0 0 1 0.9988382 -0.048189744 -0.00022098352 13.5 0.047585957 0.9870265 -0.1533437 0 0.0076077105 0.15315503 0.9881729 0 0 0 0 1 0.9988614 -0.047688432 -0.0013128573 13.5 0.04692577 0.98710096 -0.1530676 0 0.008595477 0.15283172 0.98821485 0 0 0 0 1 0.9988817 -0.04721263 -0.0025084135 13.5 0.04627636 0.9871867 -0.15271221 0 0.009686217 0.15242536 0.98826754 0 0 0 0 1 0.9988987 -0.04676419 -0.0038040192 13.5 0.045640294 0.9872804 -0.15229699 0 0.01087768 0.15195566 0.98832744 0 0 0 0 1 0.998912 -0.04634496 -0.0051964503 13.5 0.045020185 0.9873815 -0.15182528 0 0.012167215 0.15142614 0.98839366 0 0 0 0 1 0.9989211 -0.04595675 -0.006682487 13.5 0.04441866 0.98748934 -0.15130039 0 0.013552159 0.15084033 0.98846525 0 0 0 0 1 0.99892557 -0.045601405 -0.008258926 13.5 0.04383836 0.9876031 -0.15072563 0 0.015029842 0.15020162 0.9885411 0 0 0 0 1 0.99892503 -0.045280762 -0.009922561 13.5 0.043281928 0.9877223 -0.15010442 0 0.016597578 0.14951359 0.98862034 0 0 0 0 1 0.99891895 -0.04499666 -0.0116702 13.5 0.042751994 0.9878461 -0.14944008 0 0.018252667 0.1487796 0.98870194 0 0 0 0 1 0.99890697 -0.04475092 -0.013498662 13.5 0.042251185 0.9879739 -0.14873599 0 0.019992398 0.14800309 0.9887848 0 0 0 0 1 0.9988886 -0.044545416 -0.015404766 13.5 0.041782152 0.988105 -0.14799565 0 0.021814054 0.14718753 0.98886806 0 0 0 0 1 0.9988639 -0.044369392 -0.017386276 13.5 0.04133489 0.98823935 -0.14722233 0 0.023713965 0.14633639 0.9889506 0 0 0 0 1 0.99883294 -0.04421291 -0.019440874 13.5 0.040900227 0.98837674 -0.14641932 0 0.025688533 0.1454533 0.98903155 0 0 0 0 1 0.9987953 -0.044079054 -0.021565296 13.5 0.040481944 0.98851645 -0.1455901 0 0.027735122 0.14454168 0.98910993 0 0 0 0 1 0.9987503 -0.04397088 -0.023756271 13.5 0.040083807 0.9886578 -0.14473806 0 0.02985108 0.14360495 0.9891848 0 0 0 0 1 0.99869764 -0.04389148 -0.02601052 13.5 0.039709564 0.98880005 -0.14386669 0 0.032033727 0.14264646 0.9892552 0 0 0 0 1 0.9986368 -0.04384396 -0.028324805 13.5 0.039362956 0.98894256 -0.14297943 0 0.03428039 0.14166956 0.9893203 0 0 0 0 1 0.9985673 -0.04383146 -0.030695854 13.5 0.03904771 0.9890847 -0.14207982 0 0.036588367 0.14067765 0.98937917 0 0 0 0 1 0.99848866 -0.043857113 -0.03312043 13.5 0.038767524 0.9892258 -0.14117143 0 0.03895496 0.13967407 0.98943096 0 0 0 0 1 0.99840057 -0.043924097 -0.03559529 13.5 0.038526077 0.9893652 -0.14025773 0 0.041377433 0.13866206 0.989475 0 0 0 0 1 0.9983025 -0.0440356 -0.038117196 13.5 0.038327046 0.98950225 -0.1393424 0 0.043853078 0.13764495 0.98951036 0 0 0 0 1 0.9981942 -0.044194832 -0.040682897 13.5 0.038174056 0.98963636 -0.13842902 0 0.04637912 0.136626 0.9895364 0 0 0 0 1 0.99807525 -0.044405013 -0.04328918 13.5 0.03807071 0.9897669 -0.13752119 0 0.04895283 0.13560845 0.9895524 0 0 0 0 1 0.9979453 -0.044669427 -0.0459328 13.5 0.038020626 0.98989326 -0.13662265 0 0.05157142 0.13459553 0.9895577 0 0 0 0 1 0.997804 -0.04499134 -0.04861053 13.5 0.03802735 0.99001485 -0.13573708 0 0.054232143 0.13359047 0.98955166 0 0 0 0 1 0.997651 -0.04537406 -0.051319167 13.5 0.038094424 0.990131 -0.13486817 0 0.05693221 0.1325964 0.98953366 0 0 0 0 1 0.99748605 -0.045820907 -0.05405545 13.5 0.038225345 0.99024117 -0.1340197 0 0.059668835 0.1316165 0.98950326 0 0 0 0 1 0.997312 -0.046331823 -0.056763764 13.5 0.038427144 0.9903447 -0.13319448 0 0.062386837 0.13065517 0.98946303 0 0 0 0 1 0.9971321 -0.04690697 -0.059390776 13.5 0.038706534 0.99044096 -0.13239527 0 0.06503332 0.12971675 0.9894161 0 0 0 0 1 0.99694675 -0.04755015 -0.06193674 13.5 0.039066613 0.99052936 -0.13162597 0 0.06760899 0.12880443 0.98936266 0 0 0 0 1 0.9967562 -0.048265114 -0.06440186 13.5 0.039510444 0.9906092 -0.13089038 0 0.070114516 0.12792124 0.9893028 0 0 0 0 1 0.99656063 -0.04905566 -0.06678638 13.5 0.040041097 0.9906799 -0.13019235 0 0.072550595 0.12707038 0.98923683 0 0 0 0 1 0.99636036 -0.049925573 -0.06909049 13.5 0.040661603 0.9907407 -0.1295357 0 0.074917905 0.12625492 0.9891648 0 0 0 0 1 0.99615544 -0.050878633 -0.071314424 13.5 0.041375 0.9907909 -0.12892422 0 0.07721718 0.12547794 0.98908687 0 0 0 0 1 0.99594593 -0.051918652 -0.073458366 13.5 0.04218432 0.9908298 -0.12836176 0 0.07944911 0.12474259 0.9890031 0 0 0 0 1 0.99573386 -0.053010132 -0.075525016 13.5 0.043053288 0.99085855 -0.12785065 0 0.08161199 0.12405363 0.98891366 0 0 0 0 1 0.9955217 -0.054105874 -0.07751784 13.5 0.043933917 0.9908789 -0.12739262 0 0.08370347 0.12341645 0.9888185 0 0 0 0 1 0.9953107 -0.05519208 -0.079438016 13.5 0.044811618 0.9908912 -0.1269904 0 0.085723296 0.12283516 0.98871785 0 0 0 0 1 0.9951019 -0.05625497 -0.08128678 13.5 0.045671802 0.99089587 -0.12664689 0 0.08767126 0.12231405 0.98861164 0 0 0 0 1 0.99489653 -0.057280757 -0.08306533 13.5 0.0464999 0.99089336 -0.12636478 0 0.08954716 0.12185735 0.98849994 0 0 0 0 1 0.99469566 -0.05825567 -0.08477484 13.5 0.047281343 0.9908842 -0.12614675 0 0.09135081 0.12146936 0.98838264 0 0 0 0 1 0.99450064 -0.059165932 -0.08641653 13.5 0.048001558 0.9908688 -0.12599547 0 0.093082085 0.12115446 0.98825973 0 0 0 0 1 0.9943127 -0.059997775 -0.08799156 13.5 0.048645996 0.99084777 -0.12591353 0 0.09474077 0.12091699 0.9881312 0 0 0 0 1 0.9943127 -0.059997775 -0.08799156 13.5 0.048645996 0.99084777 -0.12591353 0 0.09474077 0.12091699 0.9881312 0 0 0 0 1</float_array>
        <technique_common>
          <accessor source="#Motion_127_Spine2_transform_pose_array_id" count="91" stride="16">
            <param name="TRANSFORM" type="float4x4" />
          </accessor>
        </technique_common>
      </source>
      <sampler id="Motion_127_Spine2_transform_samp_id">
        <input semantic="INPUT" source="#Motion_127_Spine2_transform_frame_id" />
        <input semantic="INTERPOLATION" source="#Motion_127_Spine2_transform_interp_id" />
        <input semantic="OUTPUT" source="#Motion_127_Spine2_transform_pose_id" />
      </sampler>
      <channel source="#Motion_127_Spine2_transform_samp_id" target="Spine2_bone_id/transform" />
    </animation>
    <animation id="Motion_127_Spine3_transform_id" name="Motion_127_Spine3_transform">
      <source id="Motion_127_Spine3_transform_frame_id" name="Motion_127_Spine3_transform_frame">
        <float_array id="Motion_127_Spine3_transform_frame_array_id" count="91">0 0.033333335 0.06666667 0.1 0.13333334 0.16666667 0.2 0.23333333 0.26666668 0.3 0.33333334 0.36666667 0.4 0.43333334 0.46666667 0.5 0.53333336 0.56666666 0.6 0.6333333 0.6666667 0.7 0.73333335 0.76666665 0.8 0.8333333 0.8666667 0.9 0.93333334 0.96666664 1 1.0333333 1.0666667 1.1 1.1333333 1.1666666 1.2 1.2333333 1.2666667 1.3 1.3333334 1.3666667 1.4 1.4333333 1.4666667 1.5 1.5333333 1.5666667 1.6 1.6333333 1.6666666 1.7 1.7333333 1.7666667 1.8 1.8333334 1.8666667 1.9 1.9333333 1.9666667 2 2.0333333 2.0666666 2.1 2.1333334 2.1666667 2.2 2.2333333 2.2666667 2.3 2.3333333 2.3666666 2.4 2.4333334 2.4666667 2.5 2.5333333 2.5666666 2.6 2.6333334 2.6666667 2.7 2.7333333 2.7666667 2.8 2.8333333 2.8666666 2.9 2.9333334 2.9666667 3</float_array>
        <technique_common>
          <accessor source="#Motion_127_Spine3_transform_frame_array_id" count="91" stride="1">
            <param name="TIME" type="float" />
          </accessor>
        </technique_common>
      </source>
      <source id="Motion_127_Spine3_transform_interp_id" name="Motion_127_Spine3_transform_interp">
        <Name_array id="Motion_127_Spine3_transform_interp_array_id" count="91">LINEAR LINEAR LINEAR LINEAR LINEAR LINEAR LINEAR LINEAR LINEAR LINEAR LINEAR LINEAR LINEAR LINEAR LINEAR LINEAR LINEAR LINEAR LINEAR LINEAR LINEAR LINEAR LINEAR LINEAR LINEAR LINEAR LINEAR LINEAR LINEAR LINEAR LINEAR LINEAR LINEAR LINEAR LINEAR LINEAR LINEAR LINEAR LINEAR LINEAR LINEAR LINEAR LINEAR LINEAR LINEAR LINEAR LINEAR LINEAR LINEAR LINEAR LINEAR LINEAR LINEAR LINEAR LINEAR LINEAR LINEAR LINEAR LINEAR LINEAR LINEAR LINEAR LINEAR LINEAR LINEAR LINEAR LINEAR LINEAR LINEAR LINEAR LINEAR LINEAR LINEAR LINEAR LINEAR LINEAR LINEAR LINEAR LINEAR LINEAR LINEAR LINEAR LINEAR LINEAR LINEAR LINEAR LINEAR LINEAR LINEAR LINEAR LINEAR</Name_array>
        <technique_common>
          <accessor source="#Motion_127_Spine3_transform_interp_array_id" count="91" stride="1">
            <param name="INTERPOLATION" type="Name" />
          </accessor>
        </technique_common>
      </source>
      <source id="Motion_127_Spine3_transform_pose_id" name="Motion_127_Spine3_transform_pose">
        <float_array id="Motion_127_Spine3_transform_pose_array_id" count="1456">0.985451 0.03011464 0.1672705 13.5 0.05960827 0.8604238 -0.50608075 0 -0.15916397 0.50868845 0.84611046 0 0 0 0 1 0.9854172 0.031563856 0.16720264 13.5 0.05813109 0.86107254 -0.5051484 0 -0.15991803 0.5075016 0.8466808 0 0 0 0 1 0.9853266 0.03308638 0.16744207 13.5 0.05675248 0.86169934 -0.5042355 0 -0.16096805 0.50633943 0.8471775 0 0 0 0 1 0.98518693 0.034647524 0.16794704 13.5 0.055482455 0.86229646 -0.5033552 0 -0.16226016 0.50521713 0.84760094 0 0 0 0 1 0.9850062 0.03621271 0.16867554 13.5 0.054331165 0.8628565 -0.50252044 0 -0.16374043 0.50415003 0.84795153 0 0 0 0 1 0.9847923 0.03774758 0.16958547 13.5 0.053308997 0.86337197 -0.501744 0 -0.16535497 0.503154 0.84822977 0 0 0 0 1 0.9845536 0.039217964 0.17063466 13.5 0.052426495 0.86383545 -0.5010387 0 -0.16704997 0.5022452 0.84843624 0 0 0 0 1 0.98429865 0.040589787 0.17178075 13.5 0.051694304 0.86424005 -0.5004167 0 -0.16877161 0.5014395 0.8485721 0 0 0 0 1 0.9840593 0.041795958 0.17285955 13.5 0.051090095 0.864578 -0.49989462 0 -0.17034414 0.50075734 0.8486607 0 0 0 0 1 0.98386306 0.042777155 0.1737342 13.5 0.050599184 0.8648419 -0.49948797 0 -0.17161928 0.5002186 0.8487215 0 0 0 0 1 0.98371243 0.043511026 0.17440356 13.5 0.050243765 0.8650247 -0.4992073 0 -0.1725844 0.4998391 0.8487494 0 0 0 0 1 0.9836096 0.043975174 0.17486657 13.5 0.05004596 0.86511934 -0.49906307 0 -0.17322685 0.49963462 0.8487389 0 0 0 0 1 0.9835564 0.04414709 0.17512228 13.5 0.050027728 0.86511874 -0.49906594 0 -0.17353387 0.4996205 0.8486845 0 0 0 0 1 0.98355436 0.044004157 0.17516975 13.5 0.0502109 0.8650153 -0.49922678 0 -0.17349257 0.4998121 0.8485801 0 0 0 0 1 0.9836047 0.043593634 0.17498937 13.5 0.050547067 0.8648017 -0.49956277 0 -0.17310888 0.5002175 0.84841955 0 0 0 0 1 0.98369175 0.043007996 0.17464483 13.5 0.050990667 0.86447054 -0.5000906 0 -0.1724832 0.5008403 0.8481796 0 0 0 0 1 0.98379695 0.042278726 0.17422979 13.5 0.05155405 0.86404276 -0.50077176 0 -0.17171396 0.50163996 0.847863 0 0 0 0 1 0.98391765 0.041413404 0.17375557 13.5 0.052225746 0.863547 -0.5015566 0 -0.17081727 0.50256485 0.8474963 0 0 0 0 1 0.9840511 0.04042372 0.17323215 13.5 0.052998297 0.86298805 -0.5024369 0 -0.16980766 0.50360453 0.84708196 0 0 0 0 1 0.98419464 0.03932145 0.17266949 13.5 0.05386434 0.86237013 -0.5034048 0 -0.1686996 0.504749 0.84662205 0 0 0 0 1 0.9843457 0.038118295 0.17207745 13.5 0.05481644 0.86169803 -0.5044519 0 -0.16750765 0.50598764 0.84611917 0 0 0 0 1 0.98450154 0.03682607 0.17146598 13.5 0.05584724 0.8609762 -0.50557005 0 -0.16624628 0.5073104 0.84557575 0 0 0 0 1 0.98465973 0.035456605 0.17084497 13.5 0.05694945 0.86020917 -0.50675136 0 -0.1649301 0.5087072 0.84499407 0 0 0 0 1 0.98481786 0.03402174 0.17022431 13.5 0.058115784 0.85940176 -0.5079874 0 -0.16357368 0.5101677 0.844377 0 0 0 0 1 0.9849735 0.0325334 0.16961375 13.5 0.059339054 0.85855854 -0.5092702 0 -0.16219163 0.5116824 0.8437269 0 0 0 0 1 0.98512435 0.03100353 0.16902307 13.5 0.060612112 0.8576845 -0.5105914 0 -0.16079858 0.5132408 0.84304667 0 0 0 0 1 0.9852683 0.029444132 0.16846192 13.5 0.06192789 0.85678446 -0.51194274 0 -0.15940925 0.51483345 0.84233916 0 0 0 0 1 0.98540324 0.027867269 0.16793999 13.5 0.063279405 0.85586345 -0.51331615 0 -0.15803841 0.5164505 0.8416072 0 0 0 0 1 0.9855272 0.026285034 0.16746685 13.5 0.064659745 0.85492676 -0.51470315 0 -0.15670088 0.5180824 0.84085405 0 0 0 0 1 0.98563844 0.024709543 0.16705196 13.5 0.066062085 0.8539796 -0.5160956 0 -0.15541144 0.5197194 0.84008276 0 0 0 0 1 0.985735 0.02315303 0.16670474 13.5 0.067479685 0.8530272 -0.51748526 0 -0.15418503 0.5213525 0.83929646 0 0 0 0 1 0.9858153 0.021627689 0.16643456 13.5 0.06890585 0.85207534 -0.5188638 0 -0.1530366 0.5229722 0.8384986 0 0 0 0 1 0.9858777 0.020145776 0.16625063 13.5 0.070333995 0.8511294 -0.52022284 0 -0.1519811 0.5245692 0.8376926 0 0 0 0 1 0.9859207 0.018719584 0.16616225 13.5 0.07175759 0.85019535 -0.5215542 0 -0.15103364 0.52613443 0.83688194 0 0 0 0 1 0.98594284 0.017361429 0.16617848 13.5 0.073170185 0.8492789 -0.5228494 0 -0.1502093 0.5276589 0.8360701 0 0 0 0 1 0.9859426 0.016083628 0.16630842 13.5 0.074565366 0.84838605 -0.52410036 0 -0.14952318 0.52913374 0.8352606 0 0 0 0 1 0.9859186 0.014898503 0.16656104 13.5 0.075936764 0.84752285 -0.5252986 0 -0.14899045 0.53054976 0.83445716 0 0 0 0 1 0.9858693 0.013818409 0.16694532 13.5 0.07727808 0.8466953 -0.52643627 0 -0.14862634 0.53189856 0.83366305 0 0 0 0 1 0.98579335 0.012855627 0.16747016 13.5 0.07858298 0.84590995 -0.52750456 0 -0.14844608 0.5331708 0.83288217 0 0 0 0 1 0.98568904 0.012022447 0.16814439 13.5 0.07984519 0.8451728 -0.5284956 0 -0.14846487 0.53435785 0.8321177 0 0 0 0 1 0.9855549 0.011331145 0.16897686 13.5 0.08105838 0.8444904 -0.52940106 0 -0.14869805 0.5354508 0.83137316 0 0 0 0 1 0.98538905 0.010793917 0.16997634 13.5 0.08221626 0.8438689 -0.53021294 0 -0.14916082 0.5364408 0.8306517 0 0 0 0 1 0.9851896 0.010425683 0.17115122 13.5 0.08331475 0.8432974 -0.53095025 0 -0.14986691 0.53734607 0.82993925 0 0 0 0 1 0.9849534 0.010213785 0.1725179 13.5 0.08437818 0.8427608 -0.53163385 0 -0.1508213 0.5381913 0.82921827 0 0 0 0 1 0.984687 0.01011838 0.17403777 13.5 0.08541954 0.8422588 -0.5322627 0 -0.15197049 0.53897834 0.82849705 0 0 0 0 1 0.984404 0.010113724 0.17563164 13.5 0.08641749 0.8417925 -0.532839 0 -0.15323439 0.5397065 0.8277899 0 0 0 0 1 0.9841111 0.010186184 0.17726146 13.5 0.08736265 0.8413626 -0.5333637 0 -0.15457411 0.5403751 0.82710433 0 0 0 0 1 0.9838151 0.01032199 0.1788892 13.5 0.08824549 0.8409699 -0.5338373 0 -0.15595071 0.5409833 0.8264481 0 0 0 0 1 0.9835231 0.010507353 0.18047695 13.5 0.0890565 0.8406154 -0.5342609 0 -0.15732537 0.54153055 0.8258289 0 0 0 0 1 0.98324245 0.01072843 0.18198685 13.5 0.08978607 0.8402998 -0.5346351 0 -0.15865932 0.54201585 0.82525516 0 0 0 0 1 0.98298067 0.010971338 0.1833812 13.5 0.090424575 0.8400239 -0.53496104 0 -0.15991381 0.54243857 0.8247351 0 0 0 0 1 0.98274547 0.0112221725 0.18462223 13.5 0.09096238 0.8397883 -0.5352396 0 -0.16105014 0.5427979 0.8242774 0 0 0 0 1 0.98254484 0.011467036 0.18567228 13.5 0.091389805 0.839594 -0.5354716 0 -0.1620296 0.5430934 0.82389075 0 0 0 0 1 0.9823749 0.011710174 0.186554 13.5 0.091714986 0.8394418 -0.5356546 0 -0.16287382 0.54332346 0.8235725 0 0 0 0 1 0.98222655 0.011964176 0.1873176 13.5 0.09195426 0.8393328 -0.53578436 0 -0.16363202 0.54348624 0.8233148 0 0 0 0 1 0.9820993 0.012227695 0.18796673 13.5 0.09211019 0.839268 -0.535859 0 -0.16430679 0.5435804 0.8231182 0 0 0 0 1 0.98199266 0.012499474 0.1885052 13.5 0.09218546 0.8392483 -0.535877 0 -0.16490084 0.54360473 0.8229834 0 0 0 0 1 0.9819061 0.012778185 0.18893665 13.5 0.092182696 0.8392744 -0.5358365 0 -0.16541672 0.5435578 0.8229108 0 0 0 0 1 0.9818392 0.013062604 0.18926477 13.5 0.09210456 0.8393473 -0.53573585 0 -0.16585699 0.54343855 0.82290095 0 0 0 0 1 0.9817912 0.01335153 0.18949334 13.5 0.091953725 0.83946764 -0.5355731 0 -0.16622426 0.54324555 0.8229543 0 0 0 0 1 0.9817616 0.01364376 0.18962601 13.5 0.09173289 0.8396363 -0.5353466 0 -0.16652101 0.5429777 0.8230711 0 0 0 0 1 0.98174965 0.0139381215 0.18966639 13.5 0.09144473 0.839854 -0.53505427 0 -0.16674975 0.54263335 0.82325184 0 0 0 0 1 0.9817547 0.014233451 0.18961823 13.5 0.09109196 0.84012157 -0.5346943 0 -0.16691291 0.5422114 0.82349676 0 0 0 0 1 0.9817761 0.014528666 0.18948516 13.5 0.09067732 0.8404395 -0.534265 0 -0.16701296 0.54171056 0.823806 0 0 0 0 1 0.981813 0.014822643 0.18927091 13.5 0.09020354 0.8408087 -0.53376406 0 -0.16705242 0.5411294 0.8241799 0 0 0 0 1 0.9818648 0.015114289 0.18897912 13.5 0.089673355 0.84122974 -0.53318965 0 -0.16703364 0.54046655 0.8246185 0 0 0 0 1 0.9819306 0.0154025555 0.18861337 13.5 0.089089535 0.8417033 -0.5325398 0 -0.16695897 0.5397206 0.825122 0 0 0 0 1 0.98200977 0.015686385 0.18817739 13.5 0.08845484 0.84222996 -0.53181237 0 -0.16683085 0.5388902 0.8256905 0 0 0 0 1 0.98210144 0.015964754 0.18767479 13.5 0.087772064 0.8428104 -0.53100544 0 -0.16665164 0.5379738 0.82632405 0 0 0 0 1 0.9822049 0.01623664 0.18710922 13.5 0.087043986 0.843445 -0.53011686 0 -0.16642366 0.5369701 0.82702255 0 0 0 0 1 0.98231953 0.016505387 0.18648307 13.5 0.086269066 0.8441347 -0.5291448 0 -0.16615056 0.53587705 0.8277861 0 0 0 0 1 0.98244476 0.016778268 0.18579775 13.5 0.085444674 0.84487134 -0.528102 0 -0.16583583 0.5347064 0.8286058 0 0 0 0 1 0.98258 0.017060027 0.18505545 13.5 0.08457178 0.84564346 -0.52700543 0 -0.16548164 0.5334755 0.82946956 0 0 0 0 1 0.98272455 0.01735419 0.18425861 13.5 0.08365037 0.84644634 -0.52586234 0 -0.16509095 0.53219116 0.830372 0 0 0 0 1 0.98287785 0.017664302 0.18340974 13.5 0.082680434 0.8472754 -0.52467936 0 -0.16466664 0.5308601 0.83130765 0 0 0 0 1 0.9830391 0.017993893 0.18251118 13.5 0.08166194 0.8481257 -0.5234636 0 -0.16421157 0.5294894 0.83227134 0 0 0 0 1 0.9832077 0.018346451 0.18156548 13.5 0.080594815 0.8489929 -0.5222218 0 -0.1637287 0.5280857 0.8332577 0 0 0 0 1 0.98338294 0.01872547 0.18057506 13.5 0.079479 0.84987223 -0.5209609 0 -0.16322096 0.52665603 0.83426154 0 0 0 0 1 0.98356414 0.019134412 0.17954238 13.5 0.07831441 0.8507592 -0.519688 0 -0.16269125 0.5252073 0.83527774 0 0 0 0 1 0.9837506 0.019576738 0.17846996 13.5 0.07710095 0.8516493 -0.51841 0 -0.16214257 0.52374643 0.8363011 0 0 0 0 1 0.9839416 0.020055827 0.17736024 13.5 0.07583848 0.852538 -0.5171339 0 -0.16157788 0.5222803 0.83732665 0 0 0 0 1 0.9841253 0.020592332 0.17627613 13.5 0.07454391 0.8534212 -0.51586384 0 -0.16106062 0.52081496 0.8383384 0 0 0 0 1 0.98429245 0.021202989 0.17526776 13.5 0.073230304 0.85429454 -0.5146048 0 -0.16064146 0.5193565 0.839323 0 0 0 0 1 0.9844461 0.021885365 0.17431845 13.5 0.07189187 0.8551536 -0.5133652 0 -0.16030423 0.51791245 0.8402793 0 0 0 0 1 0.9845893 0.02263708 0.17341143 13.5 0.0705228 0.85599405 -0.512153 0 -0.16003281 0.51648986 0.84120613 0 0 0 0 1 0.98472494 0.023455814 0.17253004 13.5 0.0691174 0.8568113 -0.51097673 0 -0.15981106 0.51509637 0.8421022 0 0 0 0 1 0.984856 0.024339274 0.1716574 13.5 0.06766999 0.8576009 -0.50984454 0 -0.1596228 0.51373947 0.8429664 0 0 0 0 1 0.9849853 0.025285188 0.1707767 13.5 0.066174924 0.85835874 -0.5087643 0 -0.15945187 0.51242656 0.84379745 0 0 0 0 1 0.9851155 0.026291363 0.16987102 13.5 0.06462666 0.85908014 -0.5077447 0 -0.15928213 0.51116544 0.84459406 0 0 0 0 1 0.9852577 0.027785307 0.16880552 13.5 0.06259 0.859769 -0.50683314 0 -0.15921627 0.50992674 0.8453549 0 0 0 0 1 0.9852577 0.027785307 0.16880552 13.5 0.06259 0.859769 -0.50683314 0 -0.15921627 0.50992674 0.8453549 0 0 0 0 1</float_array>
        <technique_common>
          <accessor source="#Motion_127_Spine3_transform_pose_array_id" count="91" stride="16">
            <param name="TRANSFORM" type="float4x4" />
          </accessor>
        </technique_common>
      </source>
      <sampler id="Motion_127_Spine3_transform_samp_id">
        <input semantic="INPUT" source="#Motion_127_Spine3_transform_frame_id" />
        <input semantic="INTERPOLATION" source="#Motion_127_Spine3_transform_interp_id" />
        <input semantic="OUTPUT" source="#Motion_127_Spine3_transform_pose_id" />
      </sampler>
      <channel source="#Motion_127_Spine3_transform_samp_id" target="Spine3_bone_id/transform" />
    </animation>
    <animation id="Motion_127_RShoulder_transform_id" name="Motion_127_RShoulder_transform">
      <source id="Motion_127_RShoulder_transform_frame_id" name="Motion_127_RShoulder_transform_frame">
        <float_array id="Motion_127_RShoulder_transform_frame_array_id" count="91">0 0.033333335 0.06666667 0.1 0.13333334 0.16666667 0.2 0.23333333 0.26666668 0.3 0.33333334 0.36666667 0.4 0.43333334 0.46666667 0.5 0.53333336 0.56666666 0.6 0.6333333 0.6666667 0.7 0.73333335 0.76666665 0.8 0.8333333 0.8666667 0.9 0.93333334 0.96666664 1 1.0333333 1.0666667 1.1 1.1333333 1.1666666 1.2 1.2333333 1.2666667 1.3 1.3333334 1.3666667 1.4 1.4333333 1.4666667 1.5 1.5333333 1.5666667 1.6 1.6333333 1.6666666 1.7 1.7333333 1.7666667 1.8 1.8333334 1.8666667 1.9 1.9333333 1.9666667 2 2.0333333 2.0666666 2.1 2.1333334 2.1666667 2.2 2.2333333 2.2666667 2.3 2.3333333 2.3666666 2.4 2.4333334 2.4666667 2.5 2.5333333 2.5666666 2.6 2.6333334 2.6666667 2.7 2.7333333 2.7666667 2.8 2.8333333 2.8666666 2.9 2.9333334 2.9666667 3</float_array>
        <technique_common>
          <accessor source="#Motion_127_RShoulder_transform_frame_array_id" count="91" stride="1">
            <param name="TIME" type="float" />
          </accessor>
        </technique_common>
      </source>
      <source id="Motion_127_RShoulder_transform_interp_id" name="Motion_127_RShoulder_transform_interp">
        <Name_array id="Motion_127_RShoulder_transform_interp_array_id" count="91">LINEAR LINEAR LINEAR LINEAR LINEAR LINEAR LINEAR LINEAR LINEAR LINEAR LINEAR LINEAR LINEAR LINEAR LINEAR LINEAR LINEAR LINEAR LINEAR LINEAR LINEAR LINEAR LINEAR LINEAR LINEAR LINEAR LINEAR LINEAR LINEAR LINEAR LINEAR LINEAR LINEAR LINEAR LINEAR LINEAR LINEAR LINEAR LINEAR LINEAR LINEAR LINEAR LINEAR LINEAR LINEAR LINEAR LINEAR LINEAR LINEAR LINEAR LINEAR LINEAR LINEAR LINEAR LINEAR LINEAR LINEAR LINEAR LINEAR LINEAR LINEAR LINEAR LINEAR LINEAR LINEAR LINEAR LINEAR LINEAR LINEAR LINEAR LINEAR LINEAR LINEAR LINEAR LINEAR LINEAR LINEAR LINEAR LINEAR LINEAR LINEAR LINEAR LINEAR LINEAR LINEAR LINEAR LINEAR LINEAR LINEAR LINEAR LINEAR</Name_array>
        <technique_common>
          <accessor source="#Motion_127_RShoulder_transform_interp_array_id" count="91" stride="1">
            <param name="INTERPOLATION" type="Name" />
          </accessor>
        </technique_common>
      </source>
      <source id="Motion_127_RShoulder_transform_pose_id" name="Motion_127_RShoulder_transform_pose">
        <float_array id="Motion_127_RShoulder_transform_pose_array_id" count="1456">0.08980751 -0.9546623 0.28382087 14.18017 0.9950532 0.07385409 -0.066441745 4.5 0.042468138 0.28838384 0.95657265 -0.240233 0 0 0 1 0.088900864 -0.9546337 0.28420278 14.18017 0.9951515 0.07307619 -0.06582911 4.5 0.042074203 0.2886771 0.9565016 -0.240233 0 0 0 1 0.08787334 -0.95459265 0.28465983 14.18017 0.99526757 0.07223582 -0.06499565 4.5 0.041481726 0.28902408 0.9564227 -0.240233 0 0 0 1 0.08679849 -0.9545336 0.28518692 14.18017 0.9953946 0.0714044 -0.063960925 4.5 0.040689267 0.2894252 0.9563354 -0.240233 0 0 0 1 0.08574939 -0.9544513 0.2857791 14.18017 0.9955256 0.07065284 -0.062744446 4.5 0.03969544 0.28988072 0.9562392 -0.240233 0 0 0 1 0.08479905 -0.9543405 0.28643173 14.18017 0.9956539 0.07005197 -0.0613657 4.5 0.038498715 0.29039064 0.9561334 -0.240233 0 0 0 1 0.08402091 -0.9541966 0.28714043 14.18017 0.9957733 0.0696733 -0.059844434 4.5 0.03709732 0.29095492 0.95601726 -0.240233 0 0 0 1 0.083488464 -0.9540139 0.28790095 14.18017 0.9958765 0.06958842 -0.058200225 4.5 0.03548932 0.29157287 0.95589006 -0.240233 0 0 0 1 0.08327395 -0.9537883 0.28870988 14.18017 0.9959576 0.06986755 -0.056452833 4.5 0.033672616 0.29224387 0.9557508 -0.240233 0 0 0 1 0.08345103 -0.95351386 0.28956395 14.18017 0.99600935 0.07058251 -0.054622173 4.5 0.03164482 0.29296666 0.95559883 -0.240233 0 0 0 1 0.083943784 -0.9531983 0.29045877 14.18017 0.99603593 0.07165605 -0.052704886 4.5 0.029425085 0.29373163 0.9554349 -0.240233 0 0 0 1 0.08466786 -0.95285016 0.29138976 14.18017 0.99604243 0.07300246 -0.05069638 4.5 0.027033865 0.29452893 0.9552601 -0.240233 0 0 0 1 0.085684836 -0.95246387 0.29235387 14.18017 0.99602175 0.07468134 -0.04861471 4.5 0.024470374 0.29535633 0.9550737 -0.240233 0 0 0 1 0.087055564 -0.95203364 0.29334825 14.18017 0.9959663 0.07675171 -0.04647789 4.5 0.021733567 0.29621112 0.9548752 -0.240233 0 0 0 1 0.08884066 -0.95155317 0.29437056 14.18017 0.995868 0.07927227 -0.044304 4.5 0.018822193 0.29709023 0.9546639 -0.240233 0 0 0 1 0.09093082 -0.9510315 0.295416 14.18017 0.9957325 0.08213228 -0.042084426 4.5 0.015760452 0.29798207 0.95444137 -0.240233 0 0 0 1 0.093171835 -0.9504838 0.29647848 14.18017 0.99557054 0.08517581 -0.039803475 4.5 0.012579769 0.2988738 0.95420974 -0.240233 0 0 0 1 0.09555769 -0.9499057 0.2975702 14.18017 0.99538046 0.08838922 -0.03748645 4.5 0.00930658 0.29977763 0.9539637 -0.240233 0 0 0 1 0.09808326 -0.9492925 0.29870293 14.18017 0.9951603 0.09175944 -0.035158858 4.5 0.0059672296 0.3007058 0.9536983 -0.240233 0 0 0 1 0.10074192 -0.9486453 0.29987222 14.18017 0.99490935 0.095277846 -0.032828003 4.5 0.0025709271 0.3016528 0.9534144 -0.240233 0 0 0 1 0.10352713 -0.94796455 0.3010735 14.18017 0.99462616 0.09893584 -0.030501187 4.5 -0.00087291 0.3026133 0.953113 -0.240233 0 0 0 1 0.106432736 -0.9472516 0.30230218 14.18017 0.99431044 0.10272515 -0.02818583 4.5 -0.0043549687 0.30358207 0.9527953 -0.240233 0 0 0 1 0.10945189 -0.9465071 0.30355346 14.18017 0.993961 0.106636524 -0.025888994 4.5 -0.007865772 0.30455393 0.9524626 -0.240233 0 0 0 1 0.11257899 -0.9457321 0.30482262 14.18017 0.9935775 0.11066198 -0.023618147 4.5 -0.011395842 0.3055238 0.95211625 -0.240233 0 0 0 1 0.11580783 -0.94492775 0.30610472 14.18017 0.99315935 0.114792824 -0.02138047 4.5 -0.014935628 0.3064868 0.9517577 -0.240233 0 0 0 1 0.11913216 -0.9440953 0.30739468 14.18017 0.9927065 0.11902022 -0.0191831 4.5 -0.018475503 0.30743802 0.9513887 -0.240233 0 0 0 1 0.12254614 -0.9432362 0.30868757 14.18017 0.9922188 0.12333566 -0.01703325 4.5 -0.022005811 0.30837294 0.95101094 -0.240233 0 0 0 1 0.12604421 -0.9423516 0.30997798 14.18017 0.99169636 0.12773055 -0.014938042 4.5 -0.025516748 0.3092869 0.9506264 -0.240233 0 0 0 1 0.12962037 -0.94144326 0.31126082 14.18017 0.9911396 0.13219613 -0.012904599 4.5 -0.028998554 0.3101756 0.9502369 -0.240233 0 0 0 1 0.1332689 -0.94051266 0.31253058 14.18017 0.99054885 0.1367237 -0.010939807 4.5 -0.032441303 0.3110347 0.9498447 -0.240233 0 0 0 1 0.13698506 -0.93956167 0.31378165 14.18017 0.9899247 0.14130509 -0.009050906 4.5 -0.035835057 0.31186005 0.94945204 -0.240233 0 0 0 1 0.14073211 -0.93859375 0.31501806 14.18017 0.98927236 0.14590406 -0.007230535 4.5 -0.039175883 0.31265622 0.9490581 -0.240233 0 0 0 1 0.14446288 -0.93761426 0.31624335 14.18017 0.9885989 0.15047354 -0.005469531 4.5 -0.042457953 0.31342798 0.94866234 -0.240233 0 0 0 1 0.14815527 -0.9366294 0.3174513 14.18017 0.9879091 0.15498829 -0.003771767 4.5 -0.045668483 0.31417185 0.9482671 -0.240233 0 0 0 1 0.15178776 -0.93564516 0.31863534 14.18017 0.98720795 0.15942353 -0.002141118 4.5 -0.048794627 0.31488433 0.94787496 -0.240233 0 0 0 1 0.1553384 -0.93466836 0.31978905 14.18017 0.98650104 0.16375393 -0.0005812943 4.5 -0.051823363 0.31556252 0.9474886 -0.240233 0 0 0 1 0.15878564 -0.9337059 0.32090572 14.18017 0.9857944 0.16795444 0.00090399384 4.5 -0.05474165 0.3162035 0.9471107 -0.240233 0 0 0 1 0.16210866 -0.932765 0.32197854 14.18017 0.9850941 0.17200089 0.0023111403 4.5 -0.057536334 0.3168045 0.94674414 -0.240233 0 0 0 1 0.16528541 -0.93185365 0.32300067 14.18017 0.98440707 0.17586756 0.003636703 4.5 -0.060194194 0.31736308 0.94639176 -0.240233 0 0 0 1 0.16829538 -0.9309798 0.32396528 14.18017 0.9837405 0.1795302 0.0048770458 4.5 -0.06270203 0.31787694 0.9460564 -0.240233 0 0 0 1 0.17111754 -0.93015134 0.3248652 14.18017 0.9831011 0.18296427 0.006028861 4.5 -0.06504649 0.31834367 0.9457411 -0.240233 0 0 0 1 0.17373127 -0.9293767 0.3256935 14.18017 0.9824966 0.1861453 0.007088691 4.5 -0.06721437 0.31876123 0.9454488 -0.240233 0 0 0 1 0.1761148 -0.92866486 0.32644308 14.18017 0.98193485 0.18904793 0.008053273 4.5 -0.069192186 0.31912756 0.94518256 -0.240233 0 0 0 1 0.17824829 -0.928024 0.32710704 14.18017 0.9814231 0.1916486 0.00891915 4.5 -0.07096678 0.31944057 0.9449452 -0.240233 0 0 0 1 0.18011034 -0.9274629 0.32767814 14.18017 0.98096913 0.19392216 0.009683058 4.5 -0.07252474 0.31969815 0.9447398 -0.240233 0 0 0 1 0.18168026 -0.92698985 0.3281495 14.18017 0.9805805 0.19584435 0.0103416 4.5 -0.07385279 0.31989813 0.9445692 -0.240233 0 0 0 1 0.18293726 -0.92661345 0.32851416 14.18017 0.9802644 0.19739074 0.010891378 4.5 -0.074937746 0.32003832 0.94443625 -0.240233 0 0 0 1 0.18386024 -0.92634165 0.32876527 14.18017 0.98002803 0.19853663 0.0113289505 4.5 -0.075766414 0.32011622 0.9443437 -0.240233 0 0 0 1 0.18442798 -0.92618227 0.32889616 14.18017 0.9798778 0.1992575 0.011650816 4.5 -0.07632579 0.32012933 0.9442942 -0.240233 0 0 0 1 0.18461859 -0.92614293 0.32890028 14.18017 0.9798205 0.19952822 0.011853337 4.5 -0.07660279 0.32007486 0.9442903 -0.240233 0 0 0 1 0.18440032 -0.9262323 0.32877058 14.18017 0.979863 0.19931376 0.011934683 4.5 -0.076582775 0.3199494 0.9443344 -0.240233 0 0 0 1 0.18377358 -0.9264522 0.32850218 14.18017 0.9800063 0.19861162 0.011886939 4.5 -0.076257065 0.31974965 0.9444284 -0.240233 0 0 0 1 0.18276685 -0.9267969 0.32809114 14.18017 0.9802437 0.19744772 0.011697531 4.5 -0.0756221 0.31947133 0.94457364 -0.240233 0 0 0 1 0.18140757 -0.9272608 0.32753414 14.18017 0.9805687 0.1958471 0.011353672 4.5 -0.0746744 0.3191101 0.9447711 -0.240233 0 0 0 1 0.17972308 -0.9278379 0.32682794 14.18017 0.98097426 0.19383484 0.010842413 4.5 -0.07341069 0.31866115 0.9450217 -0.240233 0 0 0 1 0.17774081 -0.9285214 0.32596946 14.18017 0.98145247 0.19143659 0.01015082 4.5 -0.071827725 0.31811935 0.9453258 -0.240233 0 0 0 1 0.17548728 -0.9293051 0.324956 14.18017 0.98199546 0.18867719 0.009265661 4.5 -0.06992242 0.3174793 0.9456837 -0.240233 0 0 0 1 0.17298943 -0.9301816 0.32378483 14.18017 0.9825947 0.18558204 0.008173779 4.5 -0.06769171 0.31673533 0.9460954 -0.240233 0 0 0 1 0.17026865 -0.9311404 0.3224687 14.18017 0.9832417 0.18217695 0.0068752617 4.5 -0.06514819 0.315894 0.94655514 -0.240233 0 0 0 1 0.16734314 -0.9321659 0.32103413 14.18017 0.9839272 0.17848903 0.005382329 4.5 -0.06231828 0.3149735 0.94705236 -0.240233 0 0 0 1 0.16423339 -0.9332457 0.31949955 14.18017 0.9846423 0.17454493 0.0037001371 4.5 -0.05922018 0.31398505 0.9475792 -0.240233 0 0 0 1 0.16095984 -0.93436724 0.31788334 14.18017 0.9853782 0.17037135 0.001834169 4.5 -0.055871993 0.31294012 0.94812804 -0.240233 0 0 0 1 0.15754312 -0.9355186 0.3162039 14.18017 0.98612654 0.16599458 -0.00021007657 4.5 -0.052291587 0.3118502 0.94869125 -0.240233 0 0 0 1 0.1540041 -0.93668854 0.31447953 14.18017 0.98687935 0.16144133 -0.0024268776 4.5 -0.048496768 0.31072712 0.9492611 -0.240233 0 0 0 1 0.15036416 -0.9378655 0.31272835 14.18017 0.98762846 0.15673852 -0.0048102736 4.5 -0.044505194 0.30958268 0.9498304 -0.240233 0 0 0 1 0.14664525 -0.9390387 0.31096834 14.18017 0.9883664 0.15191317 -0.0073540956 4.5 -0.04033436 0.30842912 0.9503918 -0.240233 0 0 0 1 0.14286834 -0.94020027 0.3092122 14.18017 0.98908657 0.1469931 -0.010045633 4.5 -0.03600715 0.30727285 0.95094 -0.240233 0 0 0 1 0.13905549 -0.941344 0.30746546 14.18017 0.98978174 0.14200902 -0.012863994 4.5 -0.031553417 0.30611253 0.9514723 -0.240233 0 0 0 1 0.13522846 -0.9424645 0.30573517 14.18017 0.99044645 0.13699067 -0.015790418 4.5 -0.027000949 0.30494964 0.95198566 -0.240233 0 0 0 1 0.13145113 -0.94355005 0.30402935 14.18017 0.99106985 0.13200957 -0.01881279 4.5 -0.022383973 0.3037873 0.9524769 -0.240233 0 0 0 1 0.1277839 -0.9445913 0.30235517 14.18017 0.9916434 0.12713331 -0.021918118 4.5 -0.017735764 0.30262932 0.9529433 -0.240233 0 0 0 1 0.12424433 -0.9455855 0.30071828 14.18017 0.99216545 0.122386515 -0.025086507 4.5 -0.013082445 0.3014791 0.953383 -0.240233 0 0 0 1 0.120850086 -0.9465306 0.2991237 14.18017 0.9926348 0.11779374 -0.028297946 4.5 -0.008450016 0.3003404 0.95379466 -0.240233 0 0 0 1 0.11761892 -0.9474249 0.2975766 14.18017 0.9930513 0.11337924 -0.03153245 4.5 -0.0038643628 0.29921764 0.9541771 -0.240233 0 0 0 1 0.11456907 -0.9482667 0.29608142 14.18017 0.99341506 0.10916746 -0.0347701 4.5 0.00064887106 0.2981153 0.95452964 -0.240233 0 0 0 1 0.11171907 -0.9490546 0.2946425 14.18017 0.99372697 0.105183125 -0.037990868 4.5 0.005063966 0.29703853 0.9548521 -0.240233 0 0 0 1 0.109087884 -0.9497873 0.29326397 14.18017 0.993988 0.1014511 -0.041174844 4.5 0.009355411 0.29599255 0.9551444 -0.240233 0 0 0 1 0.106693745 -0.95046407 0.29194957 14.18017 0.9942003 0.09799528 -0.044302136 4.5 0.013497919 0.29498312 0.95540714 -0.240233 0 0 0 1 0.10455614 -0.9510835 0.290703 14.18017 0.99436563 0.094840705 -0.047352858 4.5 0.017466053 0.2940161 0.95564085 -0.240233 0 0 0 1 0.102693975 -0.95164466 0.28952765 14.18017 0.9944862 0.09201169 -0.050307184 4.5 0.021234661 0.29309753 0.9558467 -0.240233 0 0 0 1 0.10112649 -0.9521467 0.28842697 14.18017 0.99456495 0.08953279 -0.053145297 4.5 0.024778455 0.29223377 0.95602584 -0.240233 0 0 0 1 0.09981358 -0.9525945 0.2874037 14.18017 0.99460983 0.0873692 -0.05583833 4.5 0.028081074 0.29142797 0.9561805 -0.240233 0 0 0 1 0.09868485 -0.952996 0.28646076 14.18017 0.99463165 0.08545607 -0.058352746 4.5 0.03113015 0.29068148 0.9563133 -0.240233 0 0 0 1 0.09771377 -0.9533537 0.28560248 14.18017 0.99463683 0.08377236 -0.060661353 4.5 0.033906132 0.2899982 0.9564264 -0.240233 0 0 0 1 0.096871436 -0.9536651 0.28484878 14.18017 0.99463207 0.0822984 -0.0627222 4.5 0.036373384 0.2893957 0.95651823 -0.240233 0 0 0 1 0.09612703 -0.9539259 0.28422707 14.18017 0.9946247 0.0810141 -0.06448669 4.5 0.038489103 0.28889817 0.9565858 -0.240233 0 0 0 1 0.09545076 -0.95413136 0.2837648 14.18017 0.99462163 0.07990044 -0.065906204 4.5 0.040210254 0.28852943 0.9566263 -0.240233 0 0 0 1 0.09481168 -0.95427686 0.28348958 14.18017 0.99463004 0.07893723 -0.06693215 4.5 0.041493937 0.28831324 0.95663667 -0.240233 0 0 0 1 0.09417868 -0.95435756 0.2834291 14.18017 0.9946564 0.07810432 -0.06751573 4.5 0.042297095 0.2882731 0.9566136 -0.240233 0 0 0 1 0.093524635 -0.9543922 0.28352875 14.18017 0.99470985 0.077417135 -0.06751895 4.5 0.042489573 0.28834352 0.95658386 -0.240233 0 0 0 1 0.093524635 -0.9543922 0.28352875 14.18017 0.99470985 0.077417135 -0.06751895 4.5 0.042489573 0.28834352 0.95658386 -0.240233 0 0 0 1</float_array>
        <technique_common>
          <accessor source="#Motion_127_RShoulder_transform_pose_array_id" count="91" stride="16">
            <param name="TRANSFORM" type="float4x4" />
          </accessor>
        </technique_common>
      </source>
      <sampler id="Motion_127_RShoulder_transform_samp_id">
        <input semantic="INPUT" source="#Motion_127_RShoulder_transform_frame_id" />
        <input semantic="INTERPOLATION" source="#Motion_127_RShoulder_transform_interp_id" />
        <input semantic="OUTPUT" source="#Motion_127_RShoulder_transform_pose_id" />
      </sampler>
      <channel source="#Motion_127_RShoulder_transform_samp_id" target="RShoulder_bone_id/transform" />
    </animation>
    <animation id="Motion_127_RArm_transform_id" name="Motion_127_RArm_transform">
      <source id="Motion_127_RArm_transform_frame_id" name="Motion_127_RArm_transform_frame">
        <float_array id="Motion_127_RArm_transform_frame_array_id" count="91">0 0.033333335 0.06666667 0.1 0.13333334 0.16666667 0.2 0.23333333 0.26666668 0.3 0.33333334 0.36666667 0.4 0.43333334 0.46666667 0.5 0.53333336 0.56666666 0.6 0.6333333 0.6666667 0.7 0.73333335 0.76666665 0.8 0.8333333 0.8666667 0.9 0.93333334 0.96666664 1 1.0333333 1.0666667 1.1 1.1333333 1.1666666 1.2 1.2333333 1.2666667 1.3 1.3333334 1.3666667 1.4 1.4333333 1.4666667 1.5 1.5333333 1.5666667 1.6 1.6333333 1.6666666 1.7 1.7333333 1.7666667 1.8 1.8333334 1.8666667 1.9 1.9333333 1.9666667 2 2.0333333 2.0666666 2.1 2.1333334 2.1666667 2.2 2.2333333 2.2666667 2.3 2.3333333 2.3666666 2.4 2.4333334 2.4666667 2.5 2.5333333 2.5666666 2.6 2.6333334 2.6666667 2.7 2.7333333 2.7666667 2.8 2.8333333 2.8666666 2.9 2.9333334 2.9666667 3</float_array>
        <technique_common>
          <accessor source="#Motion_127_RArm_transform_frame_array_id" count="91" stride="1">
            <param name="TIME" type="float" />
          </accessor>
        </technique_common>
      </source>
      <source id="Motion_127_RArm_transform_interp_id" name="Motion_127_RArm_transform_interp">
        <Name_array id="Motion_127_RArm_transform_interp_array_id" count="91">LINEAR LINEAR LINEAR LINEAR LINEAR LINEAR LINEAR LINEAR LINEAR LINEAR LINEAR LINEAR LINEAR LINEAR LINEAR LINEAR LINEAR LINEAR LINEAR LINEAR LINEAR LINEAR LINEAR LINEAR LINEAR LINEAR LINEAR LINEAR LINEAR LINEAR LINEAR LINEAR LINEAR LINEAR LINEAR LINEAR LINEAR LINEAR LINEAR LINEAR LINEAR LINEAR LINEAR LINEAR LINEAR LINEAR LINEAR LINEAR LINEAR LINEAR LINEAR LINEAR LINEAR LINEAR LINEAR LINEAR LINEAR LINEAR LINEAR LINEAR LINEAR LINEAR LINEAR LINEAR LINEAR LINEAR LINEAR LINEAR LINEAR LINEAR LINEAR LINEAR LINEAR LINEAR LINEAR LINEAR LINEAR LINEAR LINEAR LINEAR LINEAR LINEAR LINEAR LINEAR LINEAR LINEAR LINEAR LINEAR LINEAR LINEAR LINEAR</Name_array>
        <technique_common>
          <accessor source="#Motion_127_RArm_transform_interp_array_id" count="91" stride="1">
            <param name="INTERPOLATION" type="Name" />
          </accessor>
        </technique_common>
      </source>
      <source id="Motion_127_RArm_transform_pose_id" name="Motion_127_RArm_transform_pose">
        <float_array id="Motion_127_RArm_transform_pose_array_id" count="1456">0.98430836 0.17427018 -0.027694248 12.61957 -0.08699911 0.34273732 -0.9353943 0 -0.15351945 0.92312574 0.35252059 0 0 0 0 1 0.9844589 0.17325342 -0.028702907 12.61957 -0.087356806 0.34133154 -0.93587476 0 -0.15234628 0.9238377 0.35116178 0 0 0 0 1 0.9846579 0.1719776 -0.029538833 12.61957 -0.087612376 0.3408532 -0.9360252 0 -0.15090695 0.92425257 0.3506912 0 0 0 0 1 0.9849037 0.17044792 -0.030204032 12.61957 -0.08774481 0.34117377 -0.935896 0 -0.1492167 0.9244177 0.3509792 0 0 0 0 1 0.9851945 0.16866896 -0.030700684 12.61957 -0.087732874 0.34216344 -0.9355357 0 -0.14729118 0.9243781 0.3518954 0 0 0 0 1 0.9855286 0.16664472 -0.03103089 12.61957 -0.08755514 0.34369212 -0.93499184 0 -0.1451464 0.9241781 0.35330898 0 0 0 0 1 0.9859038 0.16437894 -0.031196538 12.61957 -0.08719048 0.34562898 -0.9343118 0 -0.14279875 0.92386156 0.3550892 0 0 0 0 1 0.98631793 0.16187498 -0.03119915 12.61957 -0.086618006 0.3478434 -0.9335429 0 -0.14026481 0.9234726 0.3571055 0 0 0 0 1 0.9867686 0.15913619 -0.031039603 12.61957 -0.08581747 0.35020512 -0.9327335 0 -0.13756141 0.9230558 0.35922807 0 0 0 0 1 0.98725307 0.15616591 -0.03071814 12.61957 -0.08476931 0.3525834 -0.9319329 0 -0.13470545 0.9226576 0.36132717 0 0 0 0 1 0.9877428 0.15311435 -0.030335646 12.61957 -0.08360173 0.35482526 -0.9311872 0 -0.13181427 0.9223096 0.36327672 0 0 0 0 1 0.9882173 0.15009534 -0.029965747 12.61957 -0.08240719 0.35678482 -0.93054485 0 -0.12897913 0.9220499 0.36494988 0 0 0 0 1 0.98868585 0.14705801 -0.029566534 12.61957 -0.081113555 0.3583429 -0.9300596 0 -0.12617776 0.921935 0.36621696 0 0 0 0 1 0.9891561 0.1439623 -0.029069755 12.61957 -0.07967531 0.35972333 -0.92965096 0 -0.12337762 0.921886 0.36729276 0 0 0 0 1 0.9896347 0.1407717 -0.02839845 12.61957 -0.07805546 0.3612876 -0.9291817 0 -0.12054247 0.9217671 0.36853075 0 0 0 0 1 0.99012834 0.13744009 -0.027497765 12.61957 -0.076194525 0.36312073 -0.9286214 0 -0.1176448 0.92154956 0.37000835 0 0 0 0 1 0.99064267 0.13392067 -0.026313573 12.61957 -0.07403217 0.36530602 -0.927939 0 -0.1146577 0.92120403 0.37180215 0 0 0 0 1 0.99117434 0.1302189 -0.024828866 12.61957 -0.07156047 0.3679195 -0.9270999 0 -0.11159091 0.9206944 0.37399095 0 0 0 0 1 0.99171233 0.12639144 -0.023062695 12.61957 -0.068822876 0.37102884 -0.9260675 0 -0.10849008 0.9199798 0.37665248 0 0 0 0 1 0.9922501 0.12246685 -0.021015875 12.61957 -0.06583482 0.37470597 -0.9248033 0 -0.10538297 0.91901976 0.37986463 0 0 0 0 1 0.9927814 0.11847283 -0.018689733 12.61957 -0.062611386 0.379022 -0.92326707 0 -0.102298245 0.9177726 0.3837037 0 0 0 0 1 0.99330074 0.114430904 -0.016101163 12.61957 -0.05915217 0.38379794 -0.92152053 0 -0.09927085 0.9162994 0.3879956 0 0 0 0 1 0.9938047 0.11034144 -0.01330192 12.61957 -0.055473335 0.3887598 -0.91966766 0 -0.09630619 0.91470796 0.39247233 0 0 0 0 1 0.9942907 0.10620254 -0.010342523 12.61957 -0.05161275 0.39383644 -0.9177304 0 -0.09339204 0.9130246 0.39706933 0 0 0 0 1 0.99475497 0.102029495 -0.0072483197 12.61957 -0.0475925 0.3989566 -0.91573393 0 -0.0905401 0.91127586 0.40171993 0 0 0 0 1 0.9951941 0.09783844 -0.0040440373 12.61957 -0.043435507 0.4040509 -0.9137047 0 -0.08776145 0.9094892 0.40635872 0 0 0 0 1 0.99560523 0.09364642 -0.00075371563 12.61957 -0.039165366 0.40905035 -0.9116709 0 -0.08506641 0.90769386 0.41092038 0 0 0 0 1 0.995986 0.089471355 0.0025991835 12.61957 -0.03480642 0.41388756 -0.90966237 0 -0.0824645 0.9059205 0.41534036 0 0 0 0 1 0.99633455 0.0853321 0.0059918463 12.61957 -0.030383615 0.4184956 -0.9077105 0 -0.07996441 0.9042012 0.4195543 0 0 0 0 1 0.9966495 0.08124845 0.009402063 12.61957 -0.02592257 0.42280883 -0.9058481 0 -0.07757403 0.90256935 0.4234984 0 0 0 0 1 0.9969301 0.07724105 0.012810318 12.61957 -0.021451468 0.42681003 -0.9040868 0 -0.07530019 0.9010366 0.4271567 0 0 0 0 1 0.9971761 0.073330894 0.01619894 12.61957 -0.017000344 0.4305222 -0.90241987 0 -0.073149264 0.89959615 0.43055314 0 0 0 0 1 0.99738765 0.06953909 0.019548986 12.61957 -0.012597965 0.43394053 -0.9008534 0 -0.07112762 0.8982538 0.43368298 0 0 0 0 1 0.9975656 0.06588687 0.022841595 12.61957 -0.008273095 0.4370606 -0.899394 0 -0.06924142 0.8970155 0.43654168 0 0 0 0 1 0.99771124 0.062395632 0.026057955 12.61957 -0.0040544774 0.43987846 -0.89804816 0 -0.06749661 0.89588714 0.4391247 0 0 0 0 1 0.9978263 0.059086844 0.029179238 12.61957 2.9208139E-05 0.44239038 -0.8968226 0 -0.06589903 0.894874 0.441427 0 0 0 0 1 0.9979128 0.055982046 0.032186612 12.61957 0.0039493125 0.4445933 -0.8957238 0 -0.06445441 0.89398146 0.4434443 0 0 0 0 1 0.99797446 0.05306794 0.035082806 12.61957 0.007712219 0.44648474 -0.894758 0 -0.063146904 0.89321613 0.44517112 0 0 0 0 1 0.9980144 0.05032823 0.037872076 12.61957 0.011327308 0.44806236 -0.89393055 0 -0.06195899 0.89258456 0.44660258 0 0 0 0 1 0.99803495 0.047780022 0.04053783 12.61957 0.014770703 0.44932252 -0.8932475 0 -0.06089394 0.89209104 0.44773382 0 0 0 0 1 0.99803835 0.045436032 0.04306998 12.61957 0.018011652 0.45048195 -0.8926038 0 -0.05995862 0.89162856 0.44877988 0 0 0 0 1 0.9980271 0.043308068 0.04545679 12.61957 0.021021012 0.45173204 -0.89190596 0 -0.059161015 0.8911019 0.44993043 0 0 0 0 1 0.9980039 0.04141198 0.047679268 12.61957 0.023777215 0.45303154 -0.8911773 0 -0.058505632 0.890532 0.45114255 0 0 0 0 1 0.99797136 0.039763972 0.049718708 12.61957 0.026258534 0.45433939 -0.89044154 0 -0.05799666 0.88994074 0.45237356 0 0 0 0 1 0.9979323 0.038380563 0.05155658 12.61957 0.028443137 0.45561433 -0.8897228 0 -0.057637975 0.8893496 0.45358062 0 0 0 0 1 0.99788916 0.037278462 0.053174447 12.61957 0.03030907 0.45681554 -0.88904494 0 -0.05743314 0.88877994 0.4547214 0 0 0 0 1 0.9978444 0.036474593 0.054554004 12.61957 0.031834394 0.45790184 -0.8884326 0 -0.057385597 0.88825417 0.45575362 0 0 0 0 1 0.9978001 0.035985943 0.05567688 12.61957 0.032997172 0.45883173 -0.88791025 0 -0.057498608 0.88779414 0.45663494 0 0 0 0 1 0.9977581 0.035829544 0.056524716 12.61957 0.033775568 0.4595639 -0.8875023 0 -0.05777552 0.8874217 0.45732343 0 0 0 0 1 0.9977196 0.03602231 0.057078898 12.61957 0.034147862 0.4600562 -0.88723296 0 -0.05821968 0.8871588 0.45777696 0 0 0 0 1 0.9976821 0.036606416 0.057362415 12.61957 0.03411801 0.46026653 -0.8871249 0 -0.058876462 0.8870257 0.4579507 0 0 0 0 1 0.997642 0.037625473 0.05740074 12.61957 0.03369199 0.4601518 -0.8872008 0 -0.05979441 0.8870427 0.45779908 0 0 0 0 1 0.9975981 0.039098136 0.057178456 12.61957 0.03285163 0.45966834 -0.8874829 0 -0.060982052 0.8872297 0.4572798 0 0 0 0 1 0.9975484 0.041039914 0.056682296 12.61957 0.031576253 0.45886672 -0.8879439 0 -0.06245076 0.88755685 0.45644587 0 0 0 0 1 0.99748987 0.043464996 0.055899784 12.61957 0.029844232 0.45783305 -0.8885371 0 -0.06421303 0.88797504 0.45538664 0 0 0 0 1 0.9974192 0.04632149 0.054857627 12.61957 0.027704671 0.45657402 -0.889254 0 -0.066238135 0.88847876 0.45411235 0 0 0 0 1 0.9973334 0.049528208 0.05360023 12.61957 0.025235835 0.45509756 -0.8900839 0 -0.06847759 0.8890631 0.4526341 0 0 0 0 1 0.99722934 0.05305743 0.05213934 12.61957 0.02246255 0.45341074 -0.8910186 0 -0.07091569 0.88972116 0.45096272 0 0 0 0 1 0.99710363 0.05688131 0.050486602 12.61957 0.019409673 0.45152074 -0.89204955 0 -0.07353669 0.8904457 0.44910896 0 0 0 0 1 0.99695295 0.060971975 0.048653755 12.61957 0.016102113 0.44943482 -0.89316803 0 -0.07632491 0.8912299 0.4470836 0 0 0 0 1 0.99677444 0.065301515 0.046652563 12.61957 0.012564732 0.44716024 -0.89436567 0 -0.0792646 0.89206696 0.4448974 0 0 0 0 1 0.9965652 0.06984202 0.044494905 12.61957 0.008822357 0.44470477 -0.8956338 0 -0.082339965 0.89295006 0.44256115 0 0 0 0 1 0.9963231 0.07456565 0.04219284 12.61957 0.004899729 0.4420768 -0.89696383 0 -0.08553516 0.8938725 0.440086 0 0 0 0 1 0.99604607 0.0794446 0.039758563 12.61957 0.00082148984 0.43928444 -0.8983476 0 -0.0888342 0.8948283 0.4374823 0 0 0 0 1 0.9957328 0.08445121 0.03720448 12.61957 -0.0033878721 0.43633652 -0.8997772 0 -0.092220955 0.89581156 0.4347607 0 0 0 0 1 0.9953824 0.08955793 0.034543194 12.61957 -0.007704068 0.43324304 -0.90124416 0 -0.09567917 0.8968165 0.43193245 0 0 0 0 1 0.99499464 0.094737366 0.031787608 12.61957 -0.01210298 0.43001384 -0.90274113 0 -0.09919244 0.89783794 0.42900807 0 0 0 0 1 0.99456996 0.099962324 0.02895084 12.61957 -0.016560726 0.42665976 -0.9042605 0 -0.10274415 0.89887094 0.42599845 0 0 0 0 1 0.99410933 0.105205886 0.026046313 12.61957 -0.02105371 0.42319226 -0.90579534 0 -0.10631759 0.89991117 0.42291433 0 0 0 0 1 0.99361444 0.11044128 0.023087699 12.61957 -0.025558572 0.4196232 -0.9073385 0 -0.109895766 0.9009546 0.41976637 0 0 0 0 1 0.9930878 0.11564204 0.020085447 12.61957 -0.030048732 0.4159116 -0.9089084 0 -0.1134618 0.9020224 0.41651165 0 0 0 0 1 0.9925327 0.12078147 0.017050318 12.61957 -0.03449805 0.41202575 -0.9105188 0 -0.11699898 0.90313154 0.41311574 0 0 0 0 1 0.99195266 0.12583315 0.013997138 12.61957 -0.038884383 0.40799302 -0.9121567 0 -0.12049028 0.90427196 0.4096027 0 0 0 0 1 0.9913522 0.13077107 0.010941166 12.61957 -0.04318608 0.4038412 -0.9138092 0 -0.12391831 0.90543425 0.40599638 0 0 0 0 1 0.9907363 0.13556975 0.007898096 12.61957 -0.04738205 0.39959902 -0.91546464 0 -0.1272654 0.9066099 0.40232086 0 0 0 0 1 0.9901106 0.14020419 0.004884094 12.61957 -0.051451724 0.39529592 -0.9171117 0 -0.13051356 0.9077907 0.39860046 0 0 0 0 1 0.98948103 0.14464979 0.0019157231 12.61957 -0.055374965 0.3909617 -0.9187396 0 -0.13364446 0.90896934 0.3948592 0 0 0 0 1 0.9888544 0.14888252 -0.0009900406 12.61957 -0.059132222 0.38662696 -0.9203385 0 -0.13663954 0.9101393 0.3911215 0 0 0 0 1 0.98823756 0.15287879 -0.0038158447 12.61957 -0.0627044 0.3823226 -0.9218989 0 -0.1394799 0.9112944 0.3874117 0 0 0 0 1 0.987638 0.15661544 -0.006544009 12.61957 -0.06607282 0.37808025 -0.92341197 0 -0.14214641 0.9124291 0.38375443 0 0 0 0 1 0.9870632 0.1600698 -0.00915657 12.61957 -0.06921928 0.3739317 -0.9248696 0 -0.14461975 0.91353863 0.38017416 0 0 0 0 1 0.9865212 0.16321944 -0.011635274 12.61957 -0.07212587 0.36990917 -0.9262641 0 -0.1468803 0.9146183 0.37669557 0 0 0 0 1 0.9860198 0.16604233 -0.01396168 12.61957 -0.07477503 0.36604512 -0.927588 0 -0.14890829 0.9156641 0.37334353 0 0 0 0 1 0.985567 0.16851681 -0.016117238 12.61957 -0.07714945 0.36237144 -0.9288352 0 -0.15068394 0.91667277 0.37014234 0 0 0 0 1 0.9851707 0.17062122 -0.018083207 12.61957 -0.0792319 0.35892135 -0.9299988 0 -0.15218708 0.9176404 0.36711746 0 0 0 0 1 0.9848387 0.17233409 -0.019840918 12.61957 -0.08100535 0.35572684 -0.9310728 0 -0.15339765 0.9185638 0.36429358 0 0 0 0 1 0.98457694 0.17364377 -0.02135747 12.61957 -0.08244285 0.35282034 -0.932052 0 -0.15430969 0.91943765 0.36169446 0 0 0 0 1 0.9843994 0.17447999 -0.022685759 12.61957 -0.08357663 0.35023302 -0.9329264 0 -0.15483171 0.9202682 0.35935163 0 0 0 0 1 0.98432505 0.1747311 -0.023941472 12.61957 -0.0844725 0.3479293 -0.9337074 0 -0.1548178 0.921094 0.3572355 0 0 0 0 1 0.9843219 0.17453621 -0.025445566 12.61957 -0.085433766 0.34557652 -0.93449336 0 -0.15430954 0.9220162 0.35506982 0 0 0 0 1 0.9843219 0.17453621 -0.025445566 12.61957 -0.085433766 0.34557652 -0.93449336 0 -0.15430954 0.9220162 0.35506982 0 0 0 0 1</float_array>
        <technique_common>
          <accessor source="#Motion_127_RArm_transform_pose_array_id" count="91" stride="16">
            <param name="TRANSFORM" type="float4x4" />
          </accessor>
        </technique_common>
      </source>
      <sampler id="Motion_127_RArm_transform_samp_id">
        <input semantic="INPUT" source="#Motion_127_RArm_transform_frame_id" />
        <input semantic="INTERPOLATION" source="#Motion_127_RArm_transform_interp_id" />
        <input semantic="OUTPUT" source="#Motion_127_RArm_transform_pose_id" />
      </sampler>
      <channel source="#Motion_127_RArm_transform_samp_id" target="RArm_bone_id/transform" />
    </animation>
    <animation id="Motion_127_RForeArm_transform_id" name="Motion_127_RForeArm_transform">
      <source id="Motion_127_RForeArm_transform_frame_id" name="Motion_127_RForeArm_transform_frame">
        <float_array id="Motion_127_RForeArm_transform_frame_array_id" count="91">0 0.033333335 0.06666667 0.1 0.13333334 0.16666667 0.2 0.23333333 0.26666668 0.3 0.33333334 0.36666667 0.4 0.43333334 0.46666667 0.5 0.53333336 0.56666666 0.6 0.6333333 0.6666667 0.7 0.73333335 0.76666665 0.8 0.8333333 0.8666667 0.9 0.93333334 0.96666664 1 1.0333333 1.0666667 1.1 1.1333333 1.1666666 1.2 1.2333333 1.2666667 1.3 1.3333334 1.3666667 1.4 1.4333333 1.4666667 1.5 1.5333333 1.5666667 1.6 1.6333333 1.6666666 1.7 1.7333333 1.7666667 1.8 1.8333334 1.8666667 1.9 1.9333333 1.9666667 2 2.0333333 2.0666666 2.1 2.1333334 2.1666667 2.2 2.2333333 2.2666667 2.3 2.3333333 2.3666666 2.4 2.4333334 2.4666667 2.5 2.5333333 2.5666666 2.6 2.6333334 2.6666667 2.7 2.7333333 2.7666667 2.8 2.8333333 2.8666666 2.9 2.9333334 2.9666667 3</float_array>
        <technique_common>
          <accessor source="#Motion_127_RForeArm_transform_frame_array_id" count="91" stride="1">
            <param name="TIME" type="float" />
          </accessor>
        </technique_common>
      </source>
      <source id="Motion_127_RForeArm_transform_interp_id" name="Motion_127_RForeArm_transform_interp">
        <Name_array id="Motion_127_RForeArm_transform_interp_array_id" count="91">LINEAR LINEAR LINEAR LINEAR LINEAR LINEAR LINEAR LINEAR LINEAR LINEAR LINEAR LINEAR LINEAR LINEAR LINEAR LINEAR LINEAR LINEAR LINEAR LINEAR LINEAR LINEAR LINEAR LINEAR LINEAR LINEAR LINEAR LINEAR LINEAR LINEAR LINEAR LINEAR LINEAR LINEAR LINEAR LINEAR LINEAR LINEAR LINEAR LINEAR LINEAR LINEAR LINEAR LINEAR LINEAR LINEAR LINEAR LINEAR LINEAR LINEAR LINEAR LINEAR LINEAR LINEAR LINEAR LINEAR LINEAR LINEAR LINEAR LINEAR LINEAR LINEAR LINEAR LINEAR LINEAR LINEAR LINEAR LINEAR LINEAR LINEAR LINEAR LINEAR LINEAR LINEAR LINEAR LINEAR LINEAR LINEAR LINEAR LINEAR LINEAR LINEAR LINEAR LINEAR LINEAR LINEAR LINEAR LINEAR LINEAR LINEAR LINEAR</Name_array>
        <technique_common>
          <accessor source="#Motion_127_RForeArm_transform_interp_array_id" count="91" stride="1">
            <param name="INTERPOLATION" type="Name" />
          </accessor>
        </technique_common>
      </source>
      <source id="Motion_127_RForeArm_transform_pose_id" name="Motion_127_RForeArm_transform_pose">
        <float_array id="Motion_127_RForeArm_transform_pose_array_id" count="1456">-0.13868237 1.7400077E-07 -0.99033684 22.6 1.2123998E-08 1 1.7400077E-07 0 0.99033684 1.2123998E-08 -0.13868237 0 0 0 0 1 -0.13909853 1.7398725E-07 -0.9902785 22.6 1.2159795E-08 1 1.7398725E-07 0 0.9902785 1.2159795E-08 -0.13909853 0 0 0 0 1 -0.13970387 1.739676E-07 -0.99019337 22.6 1.2211849E-08 1 1.739676E-07 0 0.99019337 1.2211849E-08 -0.13970387 0 0 0 0 1 -0.14049375 1.7394186E-07 -0.9900815 22.6 1.227977E-08 1 1.7394186E-07 0 0.9900815 1.227977E-08 -0.14049375 0 0 0 0 1 -0.14146423 1.7391022E-07 -0.9899434 22.6 1.2363202E-08 1 1.7391022E-07 0 0.9899434 1.2363202E-08 -0.14146423 0 0 0 0 1 -0.14261043 1.7387279E-07 -0.98977894 22.6 1.2461719E-08 1 1.7387279E-07 0 0.98977894 1.2461719E-08 -0.14261043 0 0 0 0 1 -0.14392805 1.7382962E-07 -0.9895881 22.6 1.2574951E-08 1 1.7382962E-07 0 0.9895881 1.2574951E-08 -0.14392805 0 0 0 0 1 -0.14541304 1.7378088E-07 -0.989371 22.6 1.2702515E-08 1 1.7378088E-07 0 0.989371 1.2702515E-08 -0.14541304 0 0 0 0 1 -0.1470604 1.7372662E-07 -0.98912746 22.6 1.2843991E-08 1 1.7372662E-07 0 0.98912746 1.2843991E-08 -0.1470604 0 0 0 0 1 -0.14886582 1.7366699E-07 -0.9888574 22.6 1.299896E-08 1 1.7366699E-07 0 0.9888574 1.299896E-08 -0.14886582 0 0 0 0 1 -0.15082514 1.7360205E-07 -0.9885605 22.6 1.3167089E-08 1 1.7360205E-07 0 0.9885605 1.3167089E-08 -0.15082514 0 0 0 0 1 -0.15293336 1.7353193E-07 -0.98823655 22.6 1.3347915E-08 1 1.7353193E-07 0 0.98823655 1.3347915E-08 -0.15293336 0 0 0 0 1 -0.15518641 1.734567E-07 -0.98788524 22.6 1.3541076E-08 1 1.734567E-07 0 0.98788524 1.3541076E-08 -0.15518641 0 0 0 0 1 -0.15757942 1.733764E-07 -0.9875063 22.6 1.37461456E-08 1 1.733764E-07 0 0.9875063 1.37461456E-08 -0.15757942 0 0 0 0 1 -0.16010821 1.732912E-07 -0.98709947 22.6 1.396274E-08 1 1.732912E-07 0 0.98709947 1.396274E-08 -0.16010821 0 0 0 0 1 -0.16275048 1.7320178E-07 -0.98666734 22.6 1.4188913E-08 1 1.7320178E-07 0 0.98666734 1.4188913E-08 -0.16275048 0 0 0 0 1 -0.16547966 1.7310894E-07 -0.9862132 22.6 1.4422426E-08 1 1.7310894E-07 0 0.9862132 1.4422426E-08 -0.16547966 0 0 0 0 1 -0.16828561 1.7301302E-07 -0.9857382 22.6 1.4662362E-08 1 1.7301302E-07 0 0.9857382 1.4662362E-08 -0.16828561 0 0 0 0 1 -0.17115831 1.7291433E-07 -0.9852436 22.6 1.4907847E-08 1 1.7291433E-07 0 0.9852436 1.4907847E-08 -0.17115831 0 0 0 0 1 -0.17408657 1.728132E-07 -0.98473036 22.6 1.5157951E-08 1 1.728132E-07 0 0.98473036 1.5157951E-08 -0.17408657 0 0 0 0 1 -0.17706048 1.7270995E-07 -0.9842 22.6 1.5411807E-08 1 1.7270995E-07 0 0.9842 1.5411807E-08 -0.17706048 0 0 0 0 1 -0.18006957 1.7260493E-07 -0.98365384 22.6 1.5668505E-08 1 1.7260493E-07 0 0.98365384 1.5668505E-08 -0.18006957 0 0 0 0 1 -0.18310356 1.7249846E-07 -0.9830936 22.6 1.592717E-08 1 1.7249846E-07 0 0.9830936 1.592717E-08 -0.18310356 0 0 0 0 1 -0.18615222 1.7239091E-07 -0.9825209 22.6 1.6186945E-08 1 1.7239091E-07 0 0.9825209 1.6186945E-08 -0.18615222 0 0 0 0 1 -0.18920505 1.7228263E-07 -0.9819375 22.6 1.6446911E-08 1 1.7228263E-07 0 0.9819375 1.6446911E-08 -0.18920505 0 0 0 0 1 -0.19225192 1.7217397E-07 -0.9813456 22.6 1.6706203E-08 1 1.7217397E-07 0 0.9813456 1.6706203E-08 -0.19225192 0 0 0 0 1 -0.19528246 1.7206537E-07 -0.980747 22.6 1.6963988E-08 1 1.7206537E-07 0 0.980747 1.6963988E-08 -0.19528246 0 0 0 0 1 -0.19828653 1.7195711E-07 -0.980144 22.6 1.7219342E-08 1 1.7195711E-07 0 0.980144 1.7219342E-08 -0.19828653 0 0 0 0 1 -0.20125377 1.7184962E-07 -0.97953916 22.6 1.7471436E-08 1 1.7184962E-07 0 0.97953916 1.7471436E-08 -0.20125377 0 0 0 0 1 -0.20417428 1.7174331E-07 -0.9789346 22.6 1.7719415E-08 1 1.7174331E-07 0 0.9789346 1.7719415E-08 -0.20417428 0 0 0 0 1 -0.20703769 1.7163853E-07 -0.97833294 22.6 1.796242E-08 1 1.7163853E-07 0 0.97833294 1.796242E-08 -0.20703769 0 0 0 0 1 -0.20983398 1.715357E-07 -0.97773695 22.6 1.8199607E-08 1 1.715357E-07 0 0.97773695 1.8199607E-08 -0.20983398 0 0 0 0 1 -0.21255314 1.7143529E-07 -0.9771495 22.6 1.8430121E-08 1 1.7143529E-07 0 0.9771495 1.8430121E-08 -0.21255314 0 0 0 0 1 -0.21518481 1.713376E-07 -0.9765733 22.6 1.8653118E-08 1 1.713376E-07 0 0.9765733 1.8653118E-08 -0.21518481 0 0 0 0 1 -0.21771932 1.7124313E-07 -0.97601146 22.6 1.8867766E-08 1 1.7124313E-07 0 0.97601146 1.8867766E-08 -0.21771932 0 0 0 0 1 -0.22009528 1.711542E-07 -0.97547835 22.6 1.9068914E-08 1 1.711542E-07 0 0.97547835 1.9068914E-08 -0.22009528 0 0 0 0 1 -0.2222557 1.7107301E-07 -0.97498834 22.6 1.9251743E-08 1 1.7107301E-07 0 0.97498834 1.9251743E-08 -0.2222557 0 0 0 0 1 -0.22419643 1.7099984E-07 -0.974544 22.6 1.94159E-08 1 1.7099984E-07 0 0.974544 1.94159E-08 -0.22419643 0 0 0 0 1 -0.22591269 1.7093492E-07 -0.9741476 22.6 1.9561028E-08 1 1.7093492E-07 0 0.9741476 1.9561028E-08 -0.22591269 0 0 0 0 1 -0.22740054 1.7087851E-07 -0.9738013 22.6 1.9686809E-08 1 1.7087851E-07 0 0.9738013 1.9686809E-08 -0.22740054 0 0 0 0 1 -0.22865522 1.7083079E-07 -0.97350746 22.6 1.9792857E-08 1 1.7083079E-07 0 0.97350746 1.9792857E-08 -0.22865522 0 0 0 0 1 -0.22967255 1.7079203E-07 -0.973268 22.6 1.9878826E-08 1 1.7079203E-07 0 0.973268 1.9878826E-08 -0.22967255 0 0 0 0 1 -0.23044825 1.7076249E-07 -0.9730847 22.6 1.9944359E-08 1 1.7076249E-07 0 0.9730847 1.9944359E-08 -0.23044825 0 0 0 0 1 -0.23097742 1.7074223E-07 -0.97295904 22.6 1.9989066E-08 1 1.7074223E-07 0 0.97295904 1.9989066E-08 -0.23097742 0 0 0 0 1 -0.23125613 1.7073162E-07 -0.972893 22.6 2.00126E-08 1 1.7073162E-07 0 0.972893 2.00126E-08 -0.23125613 0 0 0 0 1 -0.23127925 1.7073071E-07 -0.97288734 22.6 2.0014568E-08 1 1.7073071E-07 0 0.97288734 2.0014568E-08 -0.23127925 0 0 0 0 1 -0.2310425 1.7073978E-07 -0.9729436 22.6 1.9994566E-08 1 1.7073978E-07 0 0.9729436 1.9994566E-08 -0.2310425 0 0 0 0 1 -0.23054111 1.7075891E-07 -0.9730625 22.6 1.995221E-08 1 1.7075891E-07 0 0.9730625 1.995221E-08 -0.23054111 0 0 0 0 1 -0.2297703 1.7078833E-07 -0.97324485 22.6 1.988709E-08 1 1.7078833E-07 0 0.97324485 1.988709E-08 -0.2297703 0 0 0 0 1 -0.22872567 1.7082814E-07 -0.97349095 22.6 1.9798811E-08 1 1.7082814E-07 0 0.97349095 1.9798811E-08 -0.22872567 0 0 0 0 1 -0.22740257 1.7087842E-07 -0.97380084 22.6 1.968698E-08 1 1.7087842E-07 0 0.97380084 1.968698E-08 -0.22740257 0 0 0 0 1 -0.22581208 1.7093872E-07 -0.97417086 22.6 1.955253E-08 1 1.7093872E-07 0 0.97417086 1.955253E-08 -0.22581208 0 0 0 0 1 -0.22397256 1.7100828E-07 -0.9745954 22.6 1.9396971E-08 1 1.7100828E-07 0 0.9745954 1.9396971E-08 -0.22397256 0 0 0 0 1 -0.2219013 1.7108636E-07 -0.97506917 22.6 1.9221744E-08 1 1.7108636E-07 0 0.97506917 1.9221744E-08 -0.2219013 0 0 0 0 1 -0.21961617 1.7117218E-07 -0.97558635 22.6 1.9028363E-08 1 1.7117218E-07 0 0.97558635 1.9028363E-08 -0.21961617 0 0 0 0 1 -0.21713483 1.7126494E-07 -0.9761416 22.6 1.8818284E-08 1 1.7126494E-07 0 0.9761416 1.8818284E-08 -0.21713483 0 0 0 0 1 -0.21447575 1.7136395E-07 -0.97672933 22.6 1.8593035E-08 1 1.7136395E-07 0 0.97672933 1.8593035E-08 -0.21447575 0 0 0 0 1 -0.21165633 1.7146847E-07 -0.9773442 22.6 1.83541E-08 1 1.7146847E-07 0 0.9773442 1.83541E-08 -0.21165633 0 0 0 0 1 -0.20869434 1.7157768E-07 -0.977981 22.6 1.8102945E-08 1 1.7157768E-07 0 0.977981 1.8102945E-08 -0.20869434 0 0 0 0 1 -0.20560789 1.7169091E-07 -0.9786344 22.6 1.7841096E-08 1 1.7169091E-07 0 0.9786344 1.7841096E-08 -0.20560789 0 0 0 0 1 -0.20241523 1.7180741E-07 -0.9792998 22.6 1.7570066E-08 1 1.7180741E-07 0 0.9792998 1.7570066E-08 -0.20241523 0 0 0 0 1 -0.19913411 1.7192647E-07 -0.97997224 22.6 1.7291363E-08 1 1.7192647E-07 0 0.97997224 1.7291363E-08 -0.19913411 0 0 0 0 1 -0.19578242 1.7204738E-07 -0.9806473 22.6 1.7006492E-08 1 1.7204738E-07 0 0.9806473 1.7006492E-08 -0.19578242 0 0 0 0 1 -0.19237888 1.7216945E-07 -0.98132074 22.6 1.6717017E-08 1 1.7216945E-07 0 0.98132074 1.6717017E-08 -0.19237888 0 0 0 0 1 -0.18894112 1.72292E-07 -0.9819884 22.6 1.6424437E-08 1 1.72292E-07 0 0.9819884 1.6424437E-08 -0.18894112 0 0 0 0 1 -0.18548787 1.724144E-07 -0.9826466 22.6 1.6130343E-08 1 1.724144E-07 0 0.9826466 1.6130343E-08 -0.18548787 0 0 0 0 1 -0.18203712 1.7253595E-07 -0.9832917 22.6 1.5836271E-08 1 1.7253595E-07 0 0.9832917 1.5836271E-08 -0.18203712 0 0 0 0 1 -0.17860734 1.7265606E-07 -0.98392045 22.6 1.5543783E-08 1 1.7265606E-07 0 0.98392045 1.5543783E-08 -0.17860734 0 0 0 0 1 -0.17521644 1.7277404E-07 -0.9845299 22.6 1.5254429E-08 1 1.7277404E-07 0 0.9845299 1.5254429E-08 -0.17521644 0 0 0 0 1 -0.17188358 1.7288932E-07 -0.9851172 22.6 1.4969821E-08 1 1.7288932E-07 0 0.9851172 1.4969821E-08 -0.17188358 0 0 0 0 1 -0.1686269 1.7300131E-07 -0.9856799 22.6 1.4691537E-08 1 1.7300131E-07 0 0.9856799 1.4691537E-08 -0.1686269 0 0 0 0 1 -0.16546488 1.7310944E-07 -0.98621565 22.6 1.4421168E-08 1 1.7310944E-07 0 0.98621565 1.4421168E-08 -0.16546488 0 0 0 0 1 -0.16241622 1.7321312E-07 -0.98672235 22.6 1.4160314E-08 1 1.7321312E-07 0 0.98672235 1.4160314E-08 -0.16241622 0 0 0 0 1 -0.15949905 1.7331175E-07 -0.98719805 22.6 1.3910572E-08 1 1.7331175E-07 0 0.98719805 1.3910572E-08 -0.15949905 0 0 0 0 1 -0.15673256 1.7340486E-07 -0.98764116 22.6 1.3673578E-08 1 1.7340486E-07 0 0.98764116 1.3673578E-08 -0.15673256 0 0 0 0 1 -0.15413475 1.7349184E-07 -0.9880498 22.6 1.3450929E-08 1 1.7349184E-07 0 0.9880498 1.3450929E-08 -0.15413475 0 0 0 0 1 -0.1517247 1.7357218E-07 -0.9884228 22.6 1.3244254E-08 1 1.7357218E-07 0 0.9884228 1.3244254E-08 -0.1517247 0 0 0 0 1 -0.14952075 1.7364533E-07 -0.98875856 22.6 1.3055178E-08 1 1.7364533E-07 0 0.98875856 1.3055178E-08 -0.14952075 0 0 0 0 1 -0.14754152 1.7371076E-07 -0.9890558 22.6 1.28852875E-08 1 1.7371076E-07 0 0.9890558 1.28852875E-08 -0.14754152 0 0 0 0 1 -0.14580572 1.7376794E-07 -0.9893132 22.6 1.2736244E-08 1 1.7376794E-07 0 0.9893132 1.2736244E-08 -0.14580572 0 0 0 0 1 -0.14433181 1.7381637E-07 -0.98952925 22.6 1.26096396E-08 1 1.7381637E-07 0 0.98952925 1.26096396E-08 -0.14433181 0 0 0 0 1 -0.14313865 1.7385548E-07 -0.98970264 22.6 1.2507115E-08 1 1.7385548E-07 0 0.98970264 1.2507115E-08 -0.14313865 0 0 0 0 1 -0.1422664 1.7388402E-07 -0.9898284 22.6 1.243216E-08 1 1.7388402E-07 0 0.9898284 1.243216E-08 -0.1422664 0 0 0 0 1 -0.14169002 1.7390286E-07 -0.989911 22.6 1.2382621E-08 1 1.7390286E-07 0 0.989911 1.2382621E-08 -0.14169002 0 0 0 0 1 -0.14132905 1.7391466E-07 -0.9899627 22.6 1.2351592E-08 1 1.7391466E-07 0 0.9899627 1.2351592E-08 -0.14132905 0 0 0 0 1 -0.14110303 1.7392199E-07 -0.9899949 22.6 1.2332158E-08 1 1.7392199E-07 0 0.9899949 1.2332158E-08 -0.14110303 0 0 0 0 1 -0.14093149 1.7392759E-07 -0.99001926 22.6 1.2317415E-08 1 1.7392759E-07 0 0.99001926 1.2317415E-08 -0.14093149 0 0 0 0 1 -0.14073372 1.7393405E-07 -0.99004745 22.6 1.2300404E-08 1 1.7393405E-07 0 0.99004745 1.2300404E-08 -0.14073372 0 0 0 0 1 -0.14042962 1.7394396E-07 -0.99009067 22.6 1.2274256E-08 1 1.7394396E-07 0 0.99009067 1.2274256E-08 -0.14042962 0 0 0 0 1 -0.13993835 1.7395999E-07 -0.9901603 22.6 1.22320145E-08 1 1.7395999E-07 0 0.9901603 1.22320145E-08 -0.13993835 0 0 0 0 1 -0.13993835 1.7395999E-07 -0.9901603 22.6 1.22320145E-08 1 1.7395999E-07 0 0.9901603 1.22320145E-08 -0.13993835 0 0 0 0 1</float_array>
        <technique_common>
          <accessor source="#Motion_127_RForeArm_transform_pose_array_id" count="91" stride="16">
            <param name="TRANSFORM" type="float4x4" />
          </accessor>
        </technique_common>
      </source>
      <sampler id="Motion_127_RForeArm_transform_samp_id">
        <input semantic="INPUT" source="#Motion_127_RForeArm_transform_frame_id" />
        <input semantic="INTERPOLATION" source="#Motion_127_RForeArm_transform_interp_id" />
        <input semantic="OUTPUT" source="#Motion_127_RForeArm_transform_pose_id" />
      </sampler>
      <channel source="#Motion_127_RForeArm_transform_samp_id" target="RForeArm_bone_id/transform" />
    </animation>
    <animation id="Motion_127_RHand_transform_id" name="Motion_127_RHand_transform">
      <source id="Motion_127_RHand_transform_frame_id" name="Motion_127_RHand_transform_frame">
        <float_array id="Motion_127_RHand_transform_frame_array_id" count="91">0 0.033333335 0.06666667 0.1 0.13333334 0.16666667 0.2 0.23333333 0.26666668 0.3 0.33333334 0.36666667 0.4 0.43333334 0.46666667 0.5 0.53333336 0.56666666 0.6 0.6333333 0.6666667 0.7 0.73333335 0.76666665 0.8 0.8333333 0.8666667 0.9 0.93333334 0.96666664 1 1.0333333 1.0666667 1.1 1.1333333 1.1666666 1.2 1.2333333 1.2666667 1.3 1.3333334 1.3666667 1.4 1.4333333 1.4666667 1.5 1.5333333 1.5666667 1.6 1.6333333 1.6666666 1.7 1.7333333 1.7666667 1.8 1.8333334 1.8666667 1.9 1.9333333 1.9666667 2 2.0333333 2.0666666 2.1 2.1333334 2.1666667 2.2 2.2333333 2.2666667 2.3 2.3333333 2.3666666 2.4 2.4333334 2.4666667 2.5 2.5333333 2.5666666 2.6 2.6333334 2.6666667 2.7 2.7333333 2.7666667 2.8 2.8333333 2.8666666 2.9 2.9333334 2.9666667 3</float_array>
        <technique_common>
          <accessor source="#Motion_127_RHand_transform_frame_array_id" count="91" stride="1">
            <param name="TIME" type="float" />
          </accessor>
        </technique_common>
      </source>
      <source id="Motion_127_RHand_transform_interp_id" name="Motion_127_RHand_transform_interp">
        <Name_array id="Motion_127_RHand_transform_interp_array_id" count="91">LINEAR LINEAR LINEAR LINEAR LINEAR LINEAR LINEAR LINEAR LINEAR LINEAR LINEAR LINEAR LINEAR LINEAR LINEAR LINEAR LINEAR LINEAR LINEAR LINEAR LINEAR LINEAR LINEAR LINEAR LINEAR LINEAR LINEAR LINEAR LINEAR LINEAR LINEAR LINEAR LINEAR LINEAR LINEAR LINEAR LINEAR LINEAR LINEAR LINEAR LINEAR LINEAR LINEAR LINEAR LINEAR LINEAR LINEAR LINEAR LINEAR LINEAR LINEAR LINEAR LINEAR LINEAR LINEAR LINEAR LINEAR LINEAR LINEAR LINEAR LINEAR LINEAR LINEAR LINEAR LINEAR LINEAR LINEAR LINEAR LINEAR LINEAR LINEAR LINEAR LINEAR LINEAR LINEAR LINEAR LINEAR LINEAR LINEAR LINEAR LINEAR LINEAR LINEAR LINEAR LINEAR LINEAR LINEAR LINEAR LINEAR LINEAR LINEAR</Name_array>
        <technique_common>
          <accessor source="#Motion_127_RHand_transform_interp_array_id" count="91" stride="1">
            <param name="INTERPOLATION" type="Name" />
          </accessor>
        </technique_common>
      </source>
      <source id="Motion_127_RHand_transform_pose_id" name="Motion_127_RHand_transform_pose">
        <float_array id="Motion_127_RHand_transform_pose_array_id" count="1456">0.9485831 -0.16366813 -0.27092946 22.600002 -0.00875444 0.84204817 -0.5393313 0 0.31640697 0.5139724 0.7973199 0 0 0 0 1 0.9491857 -0.16141504 -0.27016962 22.600002 -0.009894662 0.84272385 -0.5382551 0 0.31456083 0.51357734 0.7983043 0 0 0 0 1 0.94975424 -0.15926105 -0.26944903 22.600002 -0.010977358 0.84339046 -0.53718907 0 0.312804 0.5131554 0.7992654 0 0 0 0 1 0.95029044 -0.15723294 -0.26874885 22.600002 -0.011971198 0.844043 -0.5361418 0 0.31113473 0.51270765 0.80020374 0 0 0 0 1 0.95079595 -0.15535781 -0.26805046 22.600002 -0.0128447935 0.8446767 -0.5351227 0 0.30955145 0.5122356 0.8011196 0 0 0 0 1 0.9512726 -0.15366262 -0.26733533 22.600002 -0.013566755 0.8452868 -0.5341406 0 0.30805245 0.5117402 0.8020135 0 0 0 0 1 0.95172226 -0.15217453 -0.26658508 22.600002 -0.014105581 0.84586895 -0.53320426 0 0.30663612 0.51122266 0.8028858 0 0 0 0 1 0.95214665 -0.15092066 -0.26578134 22.600002 -0.01442983 0.8464186 -0.5323226 0 0.30530077 0.5106843 0.8037369 0 0 0 0 1 0.9525474 -0.14992827 -0.2649058 22.600002 -0.014507987 0.84693146 -0.53150415 0 0.30404454 0.5101261 0.80456716 0 0 0 0 1 0.9529258 -0.14922453 -0.2639403 22.600002 -0.014308542 0.84740293 -0.5307575 0 0.30286583 0.5095491 0.80537695 0 0 0 0 1 0.95328313 -0.14883675 -0.26286665 22.600002 -0.013799965 0.8478284 -0.5300911 0 0.30176285 0.50895447 0.8061665 0 0 0 0 1 0.95362014 -0.1487922 -0.26166672 22.600002 -0.012950748 0.8482027 -0.5295134 0 0.30073386 0.5083434 0.8069362 0 0 0 0 1 0.9539371 -0.14911819 -0.2603224 22.600002 -0.011729345 0.8485207 -0.52903223 0 0.29977727 0.5077169 0.8076863 0 0 0 0 1 0.95423377 -0.14984193 -0.2588153 22.600002 -0.010104246 0.8487764 -0.5286554 0 0.29889107 0.5070759 0.8084171 0 0 0 0 1 0.95450896 -0.15099066 -0.25712723 22.600002 -0.008043952 0.84896344 -0.52839035 0 0.29807365 0.5064216 0.80912864 0 0 0 0 1 0.95476097 -0.15259151 -0.2552398 22.600002 -0.005516976 0.84907454 -0.5282442 0 0.2973232 0.5057551 0.80982137 0 0 0 0 1 0.9549865 -0.15458494 -0.25318825 22.600002 -0.0025892556 0.8491174 -0.52819777 0 0.29663795 0.50507724 0.8104954 0 0 0 0 1 0.9551828 -0.15672773 -0.25112194 22.600002 0.00046668202 0.8491337 -0.5281778 0 0.29601622 0.5043891 0.811151 0 0 0 0 1 0.95535 -0.15887469 -0.24912895 22.600002 0.003488429 0.8491487 -0.5281424 0 0.29545596 0.50369173 0.8117884 0 0 0 0 1 0.9554883 -0.16111547 -0.24715158 22.600002 0.0065776035 0.8491447 -0.5281193 0 0.29495564 0.5029862 0.8124076 0 0 0 0 1 0.95559776 -0.1634547 -0.24518463 22.600002 0.009740457 0.84911966 -0.52811074 0 0.29451326 0.5022732 0.8130089 0 0 0 0 1 0.9556783 -0.16588339 -0.2432317 22.600002 0.0129676685 0.84907377 -0.52811515 0 0.2941272 0.501554 0.8135925 0 0 0 0 1 0.95573014 -0.16839248 -0.24129617 22.600002 0.016249903 0.8490075 -0.5281309 0 0.29379553 0.5008296 0.81415844 0 0 0 0 1 0.9557535 -0.17097321 -0.23938122 22.600002 0.01957839 0.8489214 -0.52815634 0 0.29351643 0.50010055 0.81470704 0 0 0 0 1 0.95574874 -0.17361614 -0.23749049 22.600002 0.02294328 0.84881604 -0.52819014 0 0.29328808 0.49936828 0.81523824 0 0 0 0 1 0.9557163 -0.17631182 -0.23562774 22.600002 0.02633486 0.84869236 -0.5282307 0 0.2931088 0.49863353 0.81575227 0 0 0 0 1 0.9556568 -0.17905195 -0.23379579 22.600002 0.029744744 0.8485509 -0.5282769 0 0.29297665 0.49789724 0.8162493 0 0 0 0 1 0.95557094 -0.18182662 -0.23199843 22.600002 0.03316269 0.84839296 -0.52832717 0 0.29288977 0.49716038 0.8167295 0 0 0 0 1 0.95545954 -0.18462679 -0.23023912 22.600002 0.036579467 0.8482194 -0.5283803 0 0.29284647 0.49642396 0.81719285 0 0 0 0 1 0.95532346 -0.18744421 -0.22852068 22.600002 0.03998667 0.8480314 -0.5284352 0 0.29284483 0.49568874 0.8176396 0 0 0 0 1 0.95516396 -0.19026902 -0.2268468 22.600002 0.043374144 0.8478303 -0.5284907 0 0.292883 0.49495605 0.81806976 0 0 0 0 1 0.95498216 -0.1930925 -0.22522067 22.600002 0.046733104 0.84761775 -0.5285454 0 0.29295918 0.49422613 0.8184836 0 0 0 0 1 0.9547794 -0.19590527 -0.22364578 22.600002 0.05005385 0.84739506 -0.5285983 0 0.29307154 0.49350044 0.81888115 0 0 0 0 1 0.9545571 -0.19869831 -0.2221254 22.600002 0.05332718 0.84716415 -0.5286483 0 0.2932182 0.49277967 0.8192626 0 0 0 0 1 0.95431685 -0.20146304 -0.22066264 22.600002 0.056544416 0.8469267 -0.52869457 0 0.2933975 0.4920649 0.819628 0 0 0 0 1 0.9540603 -0.20419002 -0.21926089 22.600002 0.059695862 0.8466846 -0.5287359 0 0.2936074 0.49135697 0.81997746 0 0 0 0 1 0.95378935 -0.20687027 -0.21792348 22.600002 0.06277244 0.8464401 -0.5287711 0 0.29384616 0.49065667 0.82031125 0 0 0 0 1 0.95350575 -0.20949484 -0.2166535 22.600002 0.06576501 0.8461952 -0.5287993 0 0.29411188 0.48996496 0.82062936 0 0 0 0 1 0.95321155 -0.21205482 -0.21545431 22.600002 0.0686645 0.8459522 -0.52881944 0 0.29440275 0.48928273 0.82093203 0 0 0 0 1 0.9529087 -0.21454164 -0.21432891 22.600002 0.07146228 0.84571344 -0.52883077 0 0.29471704 0.48861098 0.8212193 0 0 0 0 1 0.9525996 -0.2169452 -0.21328107 22.600002 0.07414797 0.8454815 -0.52883184 0 0.29505274 0.48795065 0.82149136 0 0 0 0 1 0.9522387 -0.21933627 -0.2124456 22.600002 0.07671013 0.8452524 -0.5288327 0 0.29556233 0.48727822 0.8217073 0 0 0 0 1 0.95178473 -0.22177595 -0.21194646 22.600002 0.07913479 0.84502244 -0.5288428 0 0.29638413 0.48657215 0.8218297 0 0 0 0 1 0.9512457 -0.2242449 -0.21176825 22.600002 0.081413835 0.844794 -0.52886194 0 0.29749513 0.4858368 0.8218633 0 0 0 0 1 0.95062983 -0.22672172 -0.2118967 22.600002 0.08353685 0.84457 -0.5288886 0 0.2988721 0.48507607 0.82181305 0 0 0 0 1 0.9499448 -0.22918709 -0.2123163 22.600002 0.08549599 0.84435374 -0.5289208 0 0.3004919 0.4842934 0.821684 0 0 0 0 1 0.94919837 -0.23163992 -0.2129916 22.600002 0.08728253 0.84410167 -0.5290312 0 0.30233133 0.48356512 0.8214381 0 0 0 0 1 0.9483984 -0.23407763 -0.21388802 22.600002 0.08888752 0.84377444 -0.529286 0 0.30436727 0.48296204 0.821041 0 0 0 0 1 0.94755274 -0.23647945 -0.21499132 22.600002 0.09030308 0.8433807 -0.5296739 0 0.3065765 0.48247954 0.8205025 0 0 0 0 1 0.9466692 -0.23882398 -0.21628791 22.600002 0.0915204 0.84292936 -0.530183 0 0.30893588 0.48211318 0.81983256 0 0 0 0 1 0.94575584 -0.24109021 -0.21776468 22.600002 0.092531055 0.84242976 -0.53080136 0 0.31142247 0.48185846 0.8190412 0 0 0 0 1 0.94482046 -0.2432583 -0.21940754 22.600002 0.09332791 0.8418907 -0.5315167 0 0.314013 0.481711 0.81813836 0 0 0 0 1 0.9438714 -0.24530742 -0.2212038 22.600002 0.09390273 0.8413216 -0.53231597 0 0.3166846 0.48166618 0.8171344 0 0 0 0 1 0.94291663 -0.24721736 -0.22314078 22.600002 0.09424775 0.8407315 -0.5331865 0 0.31941444 0.4817199 0.81603944 0 0 0 0 1 0.9419646 -0.24896772 -0.22520588 22.600002 0.09435539 0.84013 -0.53411484 0 0.32217956 0.4818679 0.81486416 0 0 0 0 1 0.94102377 -0.25053832 -0.22738701 22.600002 0.09421808 0.8395261 -0.5350877 0 0.3249573 0.4821063 0.81361926 0 0 0 0 1 0.94010246 -0.2519084 -0.22967255 22.600002 0.093827926 0.8389293 -0.53609127 0 0.32772493 0.482431 0.8123156 0 0 0 0 1 0.93920934 -0.25305772 -0.232051 22.600002 0.093177505 0.8383486 -0.5371122 0 0.33046 0.4828388 0.81096417 0 0 0 0 1 0.9383527 -0.25396693 -0.23451027 22.600002 0.09226076 0.83779293 -0.5381366 0 0.33313993 0.48332584 0.8095764 0 0 0 0 1 0.93754125 -0.25461394 -0.23704049 22.600002 0.09106845 0.83727133 -0.53915054 0 0.33574244 0.48388892 0.80816364 0 0 0 0 1 0.93678343 -0.2549784 -0.23963058 22.600002 0.08959362 0.83679235 -0.54014033 0 0.33824515 0.48452514 0.80673766 0 0 0 0 1 0.9360876 -0.2550398 -0.24226981 22.600002 0.08782918 0.8363642 -0.5410924 0 0.34062588 0.48523152 0.80531013 0 0 0 0 1 0.9354621 -0.25477666 -0.24494806 22.600002 0.085767105 0.83599496 -0.5419931 0 0.34286252 0.48600549 0.803893 0 0 0 0 1 0.9349148 -0.25416797 -0.24765489 22.600002 0.083399996 0.83569205 -0.542829 0 0.34493294 0.48684445 0.80249846 0 0 0 0 1 0.93445367 -0.2531917 -0.2503804 22.600002 0.08071953 0.8354625 -0.54358697 0 0.34681517 0.48774624 0.8011385 0 0 0 0 1 0.934086 -0.25182596 -0.25311455 22.600002 0.07771755 0.8353129 -0.5442539 0 0.3484871 0.48870853 0.79982543 0 0 0 0 1 0.93381906 -0.25004807 -0.25584745 22.600002 0.07438513 0.835249 -0.5448174 0 0.3499269 0.48972958 0.7985713 0 0 0 0 1 0.9336592 -0.2478362 -0.2585685 22.600002 0.070714466 0.8352757 -0.54526496 0 0.3511124 0.49080715 0.7973885 0 0 0 0 1 0.93361247 -0.24516718 -0.26126766 22.600002 0.06669603 0.83539724 -0.54558516 0 0.3520218 0.49193957 0.79628897 0 0 0 0 1 0.9336738 -0.242157 -0.2638432 22.600002 0.062476173 0.8355764 -0.5458102 0 0.3526329 0.4931248 0.79528487 0 0 0 0 1 0.93383914 -0.23893803 -0.2661825 22.600002 0.058219172 0.8357725 -0.5459807 0 0.35292354 0.4943612 0.7943878 0 0 0 0 1 0.9341156 -0.23551048 -0.2682589 22.600002 0.0539418 0.83598405 -0.5460961 0 0.3528715 0.4956465 0.7936096 0 0 0 0 1 0.93452454 -0.23185454 -0.27001375 22.600002 0.049661383 0.8362106 -0.54615533 0 0.35241693 0.49698627 0.7929735 0 0 0 0 1 0.9350699 -0.22797313 -0.2714269 22.600002 0.045393087 0.8364502 -0.54615974 0 0.35154483 0.4983766 0.7924878 0 0 0 0 1 0.9357331 -0.2239022 -0.27252787 22.600002 0.04115233 0.8366995 -0.5461139 0 0.35030007 0.4998017 0.7921415 0 0 0 0 1 0.9364955 -0.21967715 -0.2733463 22.600002 0.036954097 0.8369561 -0.546021 0 0.34872717 0.5012449 0.7919235 0 0 0 0 1 0.93733865 -0.2153346 -0.2739111 22.600002 0.03281457 0.83721805 -0.5458839 0 0.346871 0.50268984 0.7918229 0 0 0 0 1 0.9382446 -0.21091062 -0.27425128 22.600002 0.028749593 0.8374843 -0.54570454 0 0.34477603 0.5041197 0.79182875 0 0 0 0 1 0.93919575 -0.2064418 -0.27439597 22.600002 0.024775341 0.8377547 -0.5454843 0 0.3424873 0.5055183 0.7919303 0 0 0 0 1 0.94017506 -0.201965 -0.2743739 22.600002 0.020908438 0.83802986 -0.54522365 0 0.34004962 0.5068689 0.79211754 0 0 0 0 1 0.9411661 -0.19751856 -0.27421293 22.600002 0.017167233 0.83831084 -0.54492223 0 0.33750793 0.50815487 0.7923806 0 0 0 0 1 0.9421533 -0.19313976 -0.273942 22.600002 0.013568692 0.83859956 -0.5445793 0 0.3349076 0.50936013 0.79271 0 0 0 0 1 0.94312143 -0.18886735 -0.27358925 22.600002 0.010131419 0.8388987 -0.54419327 0 0.332294 0.5104685 0.79309684 0 0 0 0 1 0.94405633 -0.18473902 -0.27318347 22.600002 0.0068730265 0.83921164 -0.54376155 0 0.3297127 0.51146394 0.7935328 0 0 0 0 1 0.9449442 -0.18079409 -0.27275258 22.600002 0.003812693 0.839542 -0.5432815 0 0.3272093 0.5123307 0.79400957 0 0 0 0 1 0.9457719 -0.17710409 -0.27230442 22.600002 0.0010059848 0.8398871 -0.54276025 0 0.32483 0.5130534 0.7945198 0 0 0 0 1 0.94652724 -0.17375271 -0.2718386 22.600002 -0.0014776736 0.84024286 -0.54220825 0 0.32262057 0.5136165 0.795056 0 0 0 0 1 0.9471976 -0.17058396 -0.27151012 22.600002 -0.0038391203 0.8406544 -0.5415583 0 0.32062733 0.5140051 0.79561096 0 0 0 0 1 0.9477715 -0.16781959 -0.27123016 22.600002 -0.00585337 0.8410891 -0.5408649 0 0.31889647 0.51420397 0.796178 0 0 0 0 1 0.9482375 -0.16553083 -0.27100775 22.600002 -0.007464938 0.8415462 -0.54013354 0 0.31747428 0.5141979 0.79675 0 0 0 0 1 0.9482375 -0.16553083 -0.27100775 22.600002 -0.007464938 0.8415462 -0.54013354 0 0.31747428 0.5141979 0.79675 0 0 0 0 1</float_array>
        <technique_common>
          <accessor source="#Motion_127_RHand_transform_pose_array_id" count="91" stride="16">
            <param name="TRANSFORM" type="float4x4" />
          </accessor>
        </technique_common>
      </source>
      <sampler id="Motion_127_RHand_transform_samp_id">
        <input semantic="INPUT" source="#Motion_127_RHand_transform_frame_id" />
        <input semantic="INTERPOLATION" source="#Motion_127_RHand_transform_interp_id" />
        <input semantic="OUTPUT" source="#Motion_127_RHand_transform_pose_id" />
      </sampler>
      <channel source="#Motion_127_RHand_transform_samp_id" target="RHand_bone_id/transform" />
    </animation>
    <animation id="Motion_127_LShoulder_transform_id" name="Motion_127_LShoulder_transform">
      <source id="Motion_127_LShoulder_transform_frame_id" name="Motion_127_LShoulder_transform_frame">
        <float_array id="Motion_127_LShoulder_transform_frame_array_id" count="91">0 0.033333335 0.06666667 0.1 0.13333334 0.16666667 0.2 0.23333333 0.26666668 0.3 0.33333334 0.36666667 0.4 0.43333334 0.46666667 0.5 0.53333336 0.56666666 0.6 0.6333333 0.6666667 0.7 0.73333335 0.76666665 0.8 0.8333333 0.8666667 0.9 0.93333334 0.96666664 1 1.0333333 1.0666667 1.1 1.1333333 1.1666666 1.2 1.2333333 1.2666667 1.3 1.3333334 1.3666667 1.4 1.4333333 1.4666667 1.5 1.5333333 1.5666667 1.6 1.6333333 1.6666666 1.7 1.7333333 1.7666667 1.8 1.8333334 1.8666667 1.9 1.9333333 1.9666667 2 2.0333333 2.0666666 2.1 2.1333334 2.1666667 2.2 2.2333333 2.2666667 2.3 2.3333333 2.3666666 2.4 2.4333334 2.4666667 2.5 2.5333333 2.5666666 2.6 2.6333334 2.6666667 2.7 2.7333333 2.7666667 2.8 2.8333333 2.8666666 2.9 2.9333334 2.9666667 3</float_array>
        <technique_common>
          <accessor source="#Motion_127_LShoulder_transform_frame_array_id" count="91" stride="1">
            <param name="TIME" type="float" />
          </accessor>
        </technique_common>
      </source>
      <source id="Motion_127_LShoulder_transform_interp_id" name="Motion_127_LShoulder_transform_interp">
        <Name_array id="Motion_127_LShoulder_transform_interp_array_id" count="91">LINEAR LINEAR LINEAR LINEAR LINEAR LINEAR LINEAR LINEAR LINEAR LINEAR LINEAR LINEAR LINEAR LINEAR LINEAR LINEAR LINEAR LINEAR LINEAR LINEAR LINEAR LINEAR LINEAR LINEAR LINEAR LINEAR LINEAR LINEAR LINEAR LINEAR LINEAR LINEAR LINEAR LINEAR LINEAR LINEAR LINEAR LINEAR LINEAR LINEAR LINEAR LINEAR LINEAR LINEAR LINEAR LINEAR LINEAR LINEAR LINEAR LINEAR LINEAR LINEAR LINEAR LINEAR LINEAR LINEAR LINEAR LINEAR LINEAR LINEAR LINEAR LINEAR LINEAR LINEAR LINEAR LINEAR LINEAR LINEAR LINEAR LINEAR LINEAR LINEAR LINEAR LINEAR LINEAR LINEAR LINEAR LINEAR LINEAR LINEAR LINEAR LINEAR LINEAR LINEAR LINEAR LINEAR LINEAR LINEAR LINEAR LINEAR LINEAR</Name_array>
        <technique_common>
          <accessor source="#Motion_127_LShoulder_transform_interp_array_id" count="91" stride="1">
            <param name="INTERPOLATION" type="Name" />
          </accessor>
        </technique_common>
      </source>
      <source id="Motion_127_LShoulder_transform_pose_id" name="Motion_127_LShoulder_transform_pose">
        <float_array id="Motion_127_LShoulder_transform_pose_array_id" count="1456">-0.31636953 0.9476363 -0.043541133 14.18017 -0.9010083 -0.28580832 0.32633996 -4.5 0.29680717 0.14247493 0.9442491 -0.240233 0 0 0 1 -0.3161832 0.9476934 -0.043651536 14.18017 -0.90141827 -0.28576314 0.3252456 -4.5 0.29575908 0.14218545 0.94462156 -0.240233 0 0 0 1 -0.31596756 0.9477592 -0.043787062 14.18017 -0.90190846 -0.28571606 0.32392538 -4.5 0.29449254 0.14184177 0.94506884 -0.240233 0 0 0 1 -0.31572425 0.9478328 -0.0439457 14.18017 -0.90246904 -0.2856654 0.32240498 -4.5 0.29303226 0.14145067 0.9455812 -0.240233 0 0 0 1 -0.3154546 0.9479141 -0.0441257 14.18017 -0.9030905 -0.28560865 0.32071027 -4.5 0.29140314 0.14101905 0.94614893 -0.240233 0 0 0 1 -0.315161 0.9480026 -0.044325016 14.18017 -0.9037633 -0.28554475 0.31886703 -4.5 0.28963 0.14055376 0.94676244 -0.240233 0 0 0 1 -0.31484437 0.9480976 -0.044541895 14.18017 -0.9044777 -0.28547108 0.31690106 -4.5 0.2877377 0.1400617 0.94741213 -0.240233 0 0 0 1 -0.3145069 0.9481988 -0.04477445 14.18017 -0.9052248 -0.28538597 0.31483832 -4.5 0.28575128 0.1395497 0.94808865 -0.240233 0 0 0 1 -0.31414926 0.9483054 -0.045020834 14.18017 -0.90599495 -0.28528726 0.31270462 -4.5 0.28369564 0.13902462 0.94878286 -0.240233 0 0 0 1 -0.31377363 0.9484176 -0.04527931 14.18017 -0.90677994 -0.28517318 0.31052616 -4.5 0.281596 0.13849327 0.9494858 -0.240233 0 0 0 1 -0.31338084 0.9485345 -0.045548074 14.18017 -0.9075707 -0.28504133 0.308329 -4.5 0.27947763 0.13796254 0.9501887 -0.240233 0 0 0 1 -0.31297266 0.94865584 -0.04582546 14.18017 -0.90835905 -0.28489006 0.30613935 -4.5 0.27736568 0.13743925 0.95088315 -0.240233 0 0 0 1 -0.31254995 0.9487815 -0.046109863 14.18017 -0.909137 -0.28471696 0.30398354 -4.5 0.27528572 0.13693026 0.95156074 -0.240233 0 0 0 1 -0.31211412 0.94891083 -0.04639952 14.18017 -0.90989673 -0.28452003 0.3018879 -4.5 0.2732631 0.13644224 0.95221364 -0.240233 0 0 0 1 -0.3116665 0.94904363 -0.0466929 14.18017 -0.91063035 -0.28429747 0.2998789 -4.5 0.27132347 0.13598219 0.9528339 -0.240233 0 0 0 1 -0.31120777 0.9491795 -0.046988495 14.18017 -0.9113305 -0.28404677 0.29798308 -4.5 0.2694925 0.13555673 0.95341396 -0.240233 0 0 0 1 -0.3107388 0.94931823 -0.047284797 14.18017 -0.91199034 -0.28376544 0.29622698 -4.5 0.26779592 0.13517258 0.9539464 -0.240233 0 0 0 1 -0.3102616 0.9494598 -0.04758031 14.18017 -0.91260266 -0.2834524 0.29463732 -4.5 0.26625955 0.13483657 0.9544239 -0.240233 0 0 0 1 -0.3097713 0.9496052 -0.04787287 14.18017 -0.91317236 -0.28310513 0.29320294 -4.5 0.26487398 0.13454199 0.9548509 -0.240233 0 0 0 1 -0.3092612 0.94975674 -0.048161425 14.18017 -0.91371095 -0.28272235 0.29189098 -4.5 0.2636091 0.1342762 0.9552383 -0.240233 0 0 0 1 -0.30872905 0.94991547 -0.04844647 14.18017 -0.9142217 -0.28230262 0.29069576 -4.5 0.2624598 0.13403702 0.9555883 -0.240233 0 0 0 1 -0.3081714 0.950082 -0.04872837 14.18017 -0.91470724 -0.28184342 0.2896114 -4.5 0.26142082 0.13382219 0.9559031 -0.240233 0 0 0 1 -0.30758584 0.9502573 -0.049007602 14.18017 -0.91517067 -0.2813431 0.28863207 -4.5 0.2604868 0.13362947 0.956185 -0.240233 0 0 0 1 -0.30696952 0.9504422 -0.049284525 14.18017 -0.9156145 -0.28079987 0.28775188 -4.5 0.2596525 0.13345674 0.95643604 -0.240233 0 0 0 1 -0.30631995 0.9506377 -0.049559556 14.18017 -0.91604173 -0.28021193 0.28696504 -4.5 0.2589126 0.13330173 0.9566582 -0.240233 0 0 0 1 -0.30563366 0.95084417 -0.049833074 14.18017 -0.91645455 -0.27957666 0.28626552 -4.5 0.25826174 0.13316214 0.95685357 -0.240233 0 0 0 1 -0.3049085 0.9510626 -0.05010549 14.18017 -0.91685563 -0.27889287 0.2856474 -4.5 0.25769454 0.13303582 0.95702404 -0.240233 0 0 0 1 -0.30414128 0.951294 -0.050377175 14.18017 -0.9172477 -0.27815807 0.28510484 -4.5 0.25720572 0.1329205 0.95717156 -0.240233 0 0 0 1 -0.30332947 0.9515387 -0.05064851 14.18017 -0.91763294 -0.2773707 0.28463182 -4.5 0.25678977 0.13281399 0.957298 -0.240233 0 0 0 1 -0.3024932 0.95179063 -0.050916255 14.18017 -0.9180071 -0.27655184 0.284222 -4.5 0.25643885 0.1327167 0.95740557 -0.240233 0 0 0 1 -0.3016572 0.9520421 -0.051176257 14.18017 -0.9183645 -0.27572715 0.2838687 -4.5 0.25614426 0.13262945 0.9574965 -0.240233 0 0 0 1 -0.3008237 0.95229214 -0.05142817 14.18017 -0.91870576 -0.27490008 0.28356594 -4.5 0.2559 0.13255073 0.9575727 -0.240233 0 0 0 1 -0.29999733 0.95253956 -0.051671185 14.18017 -0.9190316 -0.27407598 0.28330767 -4.5 0.25569993 0.13247901 0.95763606 -0.240233 0 0 0 1 -0.2991811 0.9527836 -0.051904745 14.18017 -0.91934276 -0.2732587 0.28308776 -4.5 0.25553796 0.13241276 0.95768845 -0.240233 0 0 0 1 -0.298378 0.9530231 -0.052128293 14.18017 -0.9196397 -0.27245212 0.28290018 -4.5 0.25540796 0.13235047 0.9577318 -0.240233 0 0 0 1 -0.29759204 0.9532572 -0.05234112 14.18017 -0.9199233 -0.27166116 0.2827388 -4.5 0.2553038 0.13229063 0.9577678 -0.240233 0 0 0 1 -0.29682612 0.95348483 -0.052542582 14.18017 -0.9201941 -0.27088976 0.28259757 -4.5 0.25521928 0.13223174 0.9577985 -0.240233 0 0 0 1 -0.29608393 0.95370513 -0.052732058 14.18017 -0.9204529 -0.2701422 0.28247038 -4.5 0.25514832 0.13217232 0.95782554 -0.240233 0 0 0 1 -0.29536867 0.95391715 -0.052908808 14.18017 -0.9207003 -0.269423 0.2823511 -4.5 0.25508472 0.13211086 0.957851 -0.240233 0 0 0 1 -0.29468393 0.95411986 -0.053072266 14.18017 -0.920937 -0.26873624 0.28223372 -4.5 0.25502235 0.13204595 0.95787656 -0.240233 0 0 0 1 -0.29403317 0.95431226 -0.05322159 14.18017 -0.9211636 -0.26808655 0.28211206 -4.5 0.25495502 0.1319761 0.9579041 -0.240233 0 0 0 1 -0.29341936 0.95449364 -0.05335626 14.18017 -0.921381 -0.26747763 0.28198004 -4.5 0.25487655 0.13189986 0.95793545 -0.240233 0 0 0 1 -0.2928462 0.9546629 -0.05347547 14.18017 -0.92158973 -0.26691413 0.28183156 -4.5 0.2547808 0.13181579 0.9579725 -0.240233 0 0 0 1 -0.2923174 0.9548193 -0.05357852 14.18017 -0.9217907 -0.2664007 0.28166056 -4.5 0.25466156 0.13172244 0.95801705 -0.240233 0 0 0 1 -0.29183567 0.9549617 -0.053664707 14.18017 -0.9219844 -0.2659409 0.2814608 -4.5 0.25451264 0.13161832 0.95807093 -0.240233 0 0 0 1 -0.2914145 0.95508474 -0.05376353 14.18017 -0.9221603 -0.2655356 0.28126672 -4.5 0.25435743 0.13154384 0.9581224 -0.240233 0 0 0 1 -0.29106605 0.95518565 -0.05386386 14.18017 -0.92229533 -0.26518917 0.28115177 -4.5 0.254268 0.13151205 0.9581505 -0.240233 0 0 0 1 -0.29079294 0.9552653 -0.053923607 14.18017 -0.92237484 -0.26490986 0.28115392 -4.5 0.25429168 0.13149533 0.9581465 -0.240233 0 0 0 1 -0.29060078 0.95532244 -0.053944655 14.18017 -0.9223961 -0.26470172 0.28127977 -4.5 0.25443366 0.13149846 0.95810837 -0.240233 0 0 0 1 -0.2904954 0.9553555 -0.053928792 14.18017 -0.92235625 -0.2645688 0.2815358 -4.5 0.2546989 0.13152637 0.9580341 -0.240233 0 0 0 1 -0.29048145 0.9553626 -0.05387781 14.18017 -0.9222519 -0.26451457 0.28192824 -4.5 0.25509226 0.13158382 0.9579215 -0.240233 0 0 0 1 -0.2905649 0.955342 -0.0537934 14.18017 -0.92207974 -0.2645433 0.2824636 -4.5 0.25561866 0.13167581 0.95776856 -0.240233 0 0 0 1 -0.29075074 0.9552921 -0.053677306 14.18017 -0.92183685 -0.26465845 0.2831481 -4.5 0.256283 0.13180721 0.95757294 -0.240233 0 0 0 1 -0.2910446 0.9552107 -0.053531 14.18017 -0.9215193 -0.2648641 0.28398794 -4.5 0.25708988 0.13198301 0.9573324 -0.240233 0 0 0 1 -0.2914517 0.95509636 -0.05335615 14.18017 -0.92112386 -0.26516402 0.28498942 -4.5 0.2580442 0.13220827 0.9570445 -0.240233 0 0 0 1 -0.2919569 0.9549531 -0.05315754 14.18017 -0.9206524 -0.26554108 0.28615898 -4.5 0.2591529 0.13248572 0.9567065 -0.240233 0 0 0 1 -0.29253983 0.95478666 -0.052940726 14.18017 -0.9201087 -0.26597345 0.2875033 -4.5 0.26042348 0.13281743 0.9563154 -0.240233 0 0 0 1 -0.29319787 0.95459765 -0.05270849 14.18017 -0.9194909 -0.26645625 0.28902856 -4.5 0.2618615 0.13320756 0.95586836 -0.240233 0 0 0 1 -0.29392827 0.9543864 -0.052463546 14.18017 -0.9187972 -0.2669853 0.29074103 -4.5 0.26347232 0.13366039 0.9553624 -0.240233 0 0 0 1 -0.29471695 0.95415914 -0.052172802 14.18017 -0.91803956 -0.26756132 0.29259884 -4.5 0.26522648 0.13413055 0.9548109 -0.240233 0 0 0 1 -0.29554963 0.95392 -0.05183556 14.18017 -0.91724217 -0.26818156 0.2945255 -4.5 0.26705244 0.1345927 0.95423675 -0.240233 0 0 0 1 -0.29642296 0.9536677 -0.05148842 14.18017 -0.91641825 -0.2688378 0.29648536 -4.5 0.2689065 0.13507007 0.95364845 -0.240233 0 0 0 1 -0.29733217 0.9534039 -0.05113238 14.18017 -0.915572 -0.26952648 0.2984683 -4.5 0.27077934 0.1355596 0.9530489 -0.240233 0 0 0 1 -0.29827166 0.95312995 -0.050768487 14.18017 -0.9147075 -0.27024353 0.30046433 -4.5 0.2726617 0.13605827 0.9524409 -0.240233 0 0 0 1 -0.29923594 0.9528472 -0.05039788 14.18017 -0.9138288 -0.27098465 0.30246344 -4.5 0.27454442 0.136563 0.95182765 -0.240233 0 0 0 1 -0.30022025 0.95255744 -0.050021738 14.18017 -0.91294074 -0.27174616 0.3044558 -4.5 0.27641842 0.13707066 0.9512121 -0.240233 0 0 0 1 -0.301219 0.9522619 -0.049641177 14.18017 -0.9120474 -0.27252412 0.30643135 -4.5 0.27827448 0.13757806 0.95059747 -0.240233 0 0 0 1 -0.30222738 0.95196235 -0.049257495 14.18017 -0.91115344 -0.27331483 0.3083804 -4.5 0.28010374 0.13808212 0.94998693 -0.240233 0 0 0 1 -0.30323946 0.95166034 -0.048871994 14.18017 -0.9102636 -0.27411377 0.3102931 -4.5 0.28189716 0.13857949 0.94938385 -0.240233 0 0 0 1 -0.30425048 0.9513573 -0.048485965 14.18017 -0.9093825 -0.27491748 0.31215972 -4.5 0.2836458 0.13906704 0.94879156 -0.240233 0 0 0 1 -0.30525517 0.95105505 -0.048100866 14.18017 -0.90851533 -0.2757219 0.31397054 -4.5 0.28534082 0.13954145 0.94821346 -0.240233 0 0 0 1 -0.30624795 0.95075524 -0.04771804 14.18017 -0.9076667 -0.276523 0.31571585 -4.5 0.28697333 0.13999933 0.9476532 -0.240233 0 0 0 1 -0.30722356 0.9504593 -0.04733903 14.18017 -0.9068416 -0.27731693 0.31738606 -4.5 0.2885346 0.14043745 0.9471141 -0.240233 0 0 0 1 -0.308177 0.95016897 -0.04696525 14.18017 -0.9060451 -0.27809966 0.31897148 -4.5 0.29001582 0.14085233 0.94659996 -0.240233 0 0 0 1 -0.30910277 0.94988626 -0.046598375 14.18017 -0.90528256 -0.27886748 0.3204627 -4.5 0.29140836 0.14124063 0.9461143 -0.240233 0 0 0 1 -0.30999577 0.949613 -0.046239905 14.18017 -0.90455925 -0.27961624 0.32185012 -4.5 0.2927036 0.14159888 0.9456608 -0.240233 0 0 0 1 -0.31085074 0.9493501 -0.045891397 14.18017 -0.9038799 -0.28034234 0.32312417 -4.5 0.29389268 0.1419237 0.94524324 -0.240233 0 0 0 1 -0.3116622 0.9491003 -0.04555457 14.18017 -0.9032503 -0.28104162 0.3242754 -4.5 0.29496717 0.14221156 0.9448652 -0.240233 0 0 0 1 -0.31242514 0.948865 -0.045230955 14.18017 -0.90267545 -0.2817104 0.32529432 -4.5 0.29591835 0.14245898 0.9445304 -0.240233 0 0 0 1 -0.3131342 0.9486459 -0.044922233 14.18017 -0.9021607 -0.28234458 0.32617137 -4.5 0.29673758 0.14266247 0.94424266 -0.240233 0 0 0 1 -0.31378424 0.9484449 -0.044630066 14.18017 -0.90171117 -0.28294027 0.3268972 -4.5 0.29741633 0.14281857 0.9440055 -0.240233 0 0 0 1 -0.31436968 0.94826365 -0.044356033 14.18017 -0.90133214 -0.28349352 0.3274622 -4.5 0.29794586 0.14292377 0.94382256 -0.240233 0 0 0 1 -0.31488633 0.94810426 -0.044101775 14.18017 -0.901029 -0.2840011 0.32785693 -4.5 0.29831758 0.14297462 0.94369745 -0.240233 0 0 0 1 -0.31532776 0.94796824 -0.043868914 14.18017 -0.90080655 -0.28445804 0.3280717 -4.5 0.2985227 0.14296755 0.9436337 -0.240233 0 0 0 1 -0.3156935 0.94785595 -0.043668404 14.18017 -0.90066564 -0.28486001 0.3281102 -4.5 0.2985618 0.14291283 0.94362956 -0.240233 0 0 0 1 -0.31598568 0.9477649 -0.043528587 14.18017 -0.900602 -0.28519762 0.3279915 -4.5 0.29844457 0.14284253 0.9436773 -0.240233 0 0 0 1 -0.31620646 0.9476949 -0.043452322 14.18017 -0.9006057 -0.28546727 0.32774696 -4.5 0.2981999 0.14276907 0.94376576 -0.240233 0 0 0 1 -0.316355 0.9476463 -0.04342754 14.18017 -0.90066224 -0.28566575 0.32741803 -4.5 0.2978707 0.14269389 0.9438811 -0.240233 0 0 0 1 -0.31643176 0.94762 -0.04344216 14.18017 -0.90075773 -0.28579044 0.32704622 -4.5 0.29750016 0.1426187 0.9440093 -0.240233 0 0 0 1 -0.31643665 0.9476165 -0.043484062 14.18017 -0.9008779 -0.28583896 0.32667303 -4.5 0.2971313 0.14254513 0.94413656 -0.240233 0 0 0 1 -0.31643665 0.9476165 -0.043484062 14.18017 -0.9008779 -0.28583896 0.32667303 -4.5 0.2971313 0.14254513 0.94413656 -0.240233 0 0 0 1</float_array>
        <technique_common>
          <accessor source="#Motion_127_LShoulder_transform_pose_array_id" count="91" stride="16">
            <param name="TRANSFORM" type="float4x4" />
          </accessor>
        </technique_common>
      </source>
      <sampler id="Motion_127_LShoulder_transform_samp_id">
        <input semantic="INPUT" source="#Motion_127_LShoulder_transform_frame_id" />
        <input semantic="INTERPOLATION" source="#Motion_127_LShoulder_transform_interp_id" />
        <input semantic="OUTPUT" source="#Motion_127_LShoulder_transform_pose_id" />
      </sampler>
      <channel source="#Motion_127_LShoulder_transform_samp_id" target="LShoulder_bone_id/transform" />
    </animation>
    <animation id="Motion_127_LArm_transform_id" name="Motion_127_LArm_transform">
      <source id="Motion_127_LArm_transform_frame_id" name="Motion_127_LArm_transform_frame">
        <float_array id="Motion_127_LArm_transform_frame_array_id" count="91">0 0.033333335 0.06666667 0.1 0.13333334 0.16666667 0.2 0.23333333 0.26666668 0.3 0.33333334 0.36666667 0.4 0.43333334 0.46666667 0.5 0.53333336 0.56666666 0.6 0.6333333 0.6666667 0.7 0.73333335 0.76666665 0.8 0.8333333 0.8666667 0.9 0.93333334 0.96666664 1 1.0333333 1.0666667 1.1 1.1333333 1.1666666 1.2 1.2333333 1.2666667 1.3 1.3333334 1.3666667 1.4 1.4333333 1.4666667 1.5 1.5333333 1.5666667 1.6 1.6333333 1.6666666 1.7 1.7333333 1.7666667 1.8 1.8333334 1.8666667 1.9 1.9333333 1.9666667 2 2.0333333 2.0666666 2.1 2.1333334 2.1666667 2.2 2.2333333 2.2666667 2.3 2.3333333 2.3666666 2.4 2.4333334 2.4666667 2.5 2.5333333 2.5666666 2.6 2.6333334 2.6666667 2.7 2.7333333 2.7666667 2.8 2.8333333 2.8666666 2.9 2.9333334 2.9666667 3</float_array>
        <technique_common>
          <accessor source="#Motion_127_LArm_transform_frame_array_id" count="91" stride="1">
            <param name="TIME" type="float" />
          </accessor>
        </technique_common>
      </source>
      <source id="Motion_127_LArm_transform_interp_id" name="Motion_127_LArm_transform_interp">
        <Name_array id="Motion_127_LArm_transform_interp_array_id" count="91">LINEAR LINEAR LINEAR LINEAR LINEAR LINEAR LINEAR LINEAR LINEAR LINEAR LINEAR LINEAR LINEAR LINEAR LINEAR LINEAR LINEAR LINEAR LINEAR LINEAR LINEAR LINEAR LINEAR LINEAR LINEAR LINEAR LINEAR LINEAR LINEAR LINEAR LINEAR LINEAR LINEAR LINEAR LINEAR LINEAR LINEAR LINEAR LINEAR LINEAR LINEAR LINEAR LINEAR LINEAR LINEAR LINEAR LINEAR LINEAR LINEAR LINEAR LINEAR LINEAR LINEAR LINEAR LINEAR LINEAR LINEAR LINEAR LINEAR LINEAR LINEAR LINEAR LINEAR LINEAR LINEAR LINEAR LINEAR LINEAR LINEAR LINEAR LINEAR LINEAR LINEAR LINEAR LINEAR LINEAR LINEAR LINEAR LINEAR LINEAR LINEAR LINEAR LINEAR LINEAR LINEAR LINEAR LINEAR LINEAR LINEAR LINEAR LINEAR</Name_array>
        <technique_common>
          <accessor source="#Motion_127_LArm_transform_interp_array_id" count="91" stride="1">
            <param name="INTERPOLATION" type="Name" />
          </accessor>
        </technique_common>
      </source>
      <source id="Motion_127_LArm_transform_pose_id" name="Motion_127_LArm_transform_pose">
        <float_array id="Motion_127_LArm_transform_pose_array_id" count="1456">0.58699965 0.26619515 -0.76457274 12.61957 -0.763549 0.49596262 -0.4135383 0 0.2691176 0.8265356 0.49438292 0 0 0 0 1 0.5879986 0.26673442 -0.76361656 12.61957 -0.7630301 0.4961865 -0.41422695 0 0.26840758 0.82622737 0.49528342 0 0 0 0 1 0.58883363 0.26710546 -0.76284313 12.61957 -0.76269305 0.49602878 -0.41503596 0 0.26753378 0.8262023 0.49579787 0 0 0 0 1 0.58950144 0.2673263 -0.76224977 12.61957 -0.7625255 0.4955415 -0.4159248 0 0.2665388 0.82642317 0.4959656 0 0 0 0 1 0.58999896 0.26741496 -0.76183355 12.61957 -0.7625154 0.49477655 -0.416853 0 0.26546463 0.82685274 0.49582565 0 0 0 0 1 0.59032315 0.26738876 -0.7615917 12.61957 -0.76265055 0.49378562 -0.41777965 0 0.26435342 0.82745326 0.4954173 0 0 0 0 1 0.5904709 0.26726514 -0.76152045 12.61957 -0.7629189 0.49262094 -0.41866374 0 0.26324672 0.8281871 0.49478 0 0 0 0 1 0.59043896 0.26706088 -0.76161695 12.61957 -0.76330876 0.4913345 -0.4194641 0 0.26218617 0.8290168 0.49395293 0 0 0 0 1 0.590224 0.266793 -0.7618773 12.61957 -0.76380837 0.48997873 -0.42013997 0 0.2612132 0.829905 0.49297595 0 0 0 0 1 0.5898229 0.2664784 -0.762298 12.61957 -0.7644061 0.4886064 -0.42065075 0 0.26036933 0.8308147 0.491889 0 0 0 0 1 0.5892319 0.26613396 -0.7628751 12.61957 -0.76509064 0.48727047 -0.42095566 0 0.2596959 0.83170915 0.49073195 0 0 0 0 1 0.5884475 0.26577687 -0.76360464 12.61957 -0.76585066 0.48602372 -0.42101496 0 0.25923392 0.8325524 0.48954487 0 0 0 0 1 0.5874657 0.2654241 -0.7644829 12.61957 -0.7666745 0.4849198 -0.42078847 0 0.2590255 0.8333084 0.48836762 0 0 0 0 1 0.5862824 0.26509327 -0.76550543 12.61957 -0.76755077 0.48401165 -0.42023638 0 0.25911173 0.83394146 0.48724002 0 0 0 0 1 0.58490133 0.26474386 -0.76668185 12.61957 -0.7684807 0.48326296 -0.41939753 0 0.259476 0.8344864 0.4861117 0 0 0 0 1 0.58332926 0.2643139 -0.7680267 12.61957 -0.7694708 0.4826041 -0.41833943 0 0.26007986 0.8350038 0.48489892 0 0 0 0 1 0.5815658 0.26378915 -0.76954305 12.61957 -0.7705164 0.48203874 -0.41706496 0 0.26093233 0.83549625 0.48359108 0 0 0 0 1 0.5796108 0.26315513 -0.7712332 12.61957 -0.77161205 0.48157096 -0.41557705 0 0.26204228 0.83596575 0.48217738 0 0 0 0 1 0.5774743 0.2624069 -0.77308863 12.61957 -0.7727489 0.48120308 -0.41388726 0 0.26340574 0.83641267 0.48065704 0 0 0 0 1 0.57517934 0.26155066 -0.77508706 12.61957 -0.77391315 0.48093647 -0.41201767 0 0.2650041 0.8368341 0.47904217 0 0 0 0 1 0.57271653 0.26062164 -0.7772207 12.61957 -0.7751219 0.48074448 -0.4099642 0 0.26679906 0.83723414 0.47734392 0 0 0 0 1 0.57007384 0.25965765 -0.77948296 12.61957 -0.77639484 0.48059863 -0.4077206 0 0.26875067 0.8376174 0.47557354 0 0 0 0 1 0.567267 0.258665 -0.78185713 12.61957 -0.7777227 0.48049682 -0.40530258 0 0.27084228 0.83798283 0.47373962 0 0 0 0 1 0.56431204 0.25765 -0.7843267 12.61957 -0.7790966 0.48043734 -0.40272617 0 0.27305743 0.83832955 0.4718508 0 0 0 0 1 0.5612249 0.256619 -0.7868757 12.61957 -0.7805079 0.48041815 -0.40000737 0 0.2753799 0.8386568 0.46991575 0 0 0 0 1 0.5580218 0.25557837 -0.7894881 12.61957 -0.78194785 0.48043728 -0.39716187 0 0.27779353 0.8389635 0.46794343 0 0 0 0 1 0.55471957 0.25453445 -0.792148 12.61957 -0.7834079 0.48049283 -0.39420632 0 0.28028235 0.839249 0.4659431 0 0 0 0 1 0.55133486 0.25349382 -0.7948401 12.61957 -0.78488004 0.48058283 -0.39115655 0 0.28283072 0.83951235 0.46392435 0 0 0 0 1 0.5478847 0.2524629 -0.79754925 12.61957 -0.7863562 0.48070514 -0.38802904 0 0.28542313 0.839753 0.46189678 0 0 0 0 1 0.5443866 0.25144798 -0.80026066 12.61957 -0.7878285 0.48085785 -0.3848403 0 0.2880443 0.83997005 0.45987046 0 0 0 0 1 0.54085827 0.25045556 -0.8029597 12.61957 -0.7892894 0.48103887 -0.38160676 0 0.2906793 0.8401628 0.45785582 0 0 0 0 1 0.5373175 0.24949229 -0.80563223 12.61957 -0.790732 0.48124617 -0.378345 0 0.29331324 0.8403307 0.4558636 0 0 0 0 1 0.5337827 0.24856439 -0.80826473 12.61957 -0.7921493 0.4814775 -0.37507197 0 0.29593173 0.8404732 0.45390445 0 0 0 0 1 0.5302725 0.2476784 -0.8108431 12.61957 -0.7935343 0.48173106 -0.37180436 0 0.29852045 0.8405894 0.45199 0 0 0 0 1 0.52680826 0.24682215 -0.81335855 12.61957 -0.7948861 0.48197842 -0.3685824 0 0.301047 0.84069955 0.45010567 0 0 0 0 1 0.5234122 0.24598238 -0.8158016 12.61957 -0.79620385 0.48219055 -0.36544722 0 0.30347824 0.84082395 0.44823653 0 0 0 0 1 0.5201039 0.24516392 -0.81816053 12.61957 -0.7974827 0.48236382 -0.36241746 0 0.30579937 0.8409636 0.44639325 0 0 0 0 1 0.51690304 0.2443718 -0.8204229 12.61957 -0.79871774 0.48249513 -0.35951144 0 0.3079956 0.8411189 0.44458723 0 0 0 0 1 0.51382977 0.24361092 -0.82257676 12.61957 -0.79990405 0.48258102 -0.3567478 0 0.31005225 0.8412902 0.44282985 0 0 0 0 1 0.5109043 0.24288625 -0.8246108 12.61957 -0.80103725 0.48261833 -0.3541453 0 0.3119552 0.84147835 0.44113272 0 0 0 0 1 0.5081467 0.24220264 -0.82651365 12.61957 -0.8021132 0.4826032 -0.35172248 0 0.31369004 0.8416841 0.43950713 0 0 0 0 1 0.5055777 0.24156508 -0.82827383 12.61957 -0.80312705 0.48253298 -0.3494979 0 0.31524295 0.8419075 0.43796533 0 0 0 0 1 0.5032174 0.24097872 -0.8298805 12.61957 -0.80407524 0.48240376 -0.34749055 0 0.31659964 0.8421496 0.4365189 0 0 0 0 1 0.5011122 0.24042034 -0.83131504 12.61957 -0.8049284 0.48223805 -0.3457409 0 0.3177686 0.842404 0.4351765 0 0 0 0 1 0.49930608 0.2398699 -0.8325598 12.61957 -0.80566007 0.48205566 -0.34428787 0 0.31875587 0.8426652 0.43394697 0 0 0 0 1 0.49781507 0.23933691 -0.8336054 12.61957 -0.80627006 0.48184925 -0.34314686 0 0.31954435 0.8429348 0.43284202 0 0 0 0 1 0.49663997 0.23881882 -0.83445454 12.61957 -0.8067618 0.48161328 -0.34232157 0 0.32013157 0.8432166 0.4318583 0 0 0 0 1 0.49576712 0.23830196 -0.83512104 12.61957 -0.8071412 0.48134404 -0.34180534 0 0.32052758 0.84351647 0.43097794 0 0 0 0 1 0.49518538 0.23781967 -0.8356035 12.61957 -0.8074008 0.48108983 -0.3415501 0 0.32077298 0.84379756 0.43024445 0 0 0 0 1 0.49488282 0.23740724 -0.83589995 12.61957 -0.80753183 0.48090196 -0.341505 0 0.3209102 0.8440208 0.429704 0 0 0 0 1 0.49485356 0.23706174 -0.83601534 12.61957 -0.8075361 0.4807809 -0.3416652 0 0.32094443 0.84418684 0.42935205 0 0 0 0 1 0.49509102 0.23678008 -0.83595455 12.61957 -0.8074162 0.48072577 -0.34202603 0 0.32087994 0.8442973 0.42918313 0 0 0 0 1 0.49558908 0.23655912 -0.83572197 12.61957 -0.8071735 0.4807371 -0.3425824 0 0.3207216 0.8443528 0.4291923 0 0 0 0 1 0.4963408 0.23639548 -0.8353221 12.61957 -0.80681014 0.48081434 -0.3433292 0 0.32047337 0.8443546 0.4293741 0 0 0 0 1 0.49734002 0.23628578 -0.83475864 12.61957 -0.8063272 0.4809577 -0.3442616 0 0.32013944 0.84430367 0.42972314 0 0 0 0 1 0.4985795 0.23622668 -0.83403563 12.61957 -0.8057265 0.48116684 -0.3453741 0 0.31972373 0.8442011 0.43023401 0 0 0 0 1 0.5000524 0.23621449 -0.8331568 12.61957 -0.8050091 0.4814418 -0.3466613 0 0.31923008 0.84404767 0.43090093 0 0 0 0 1 0.5017519 0.23624572 -0.83212554 12.61957 -0.80417633 0.48178226 -0.3481182 0 0.3186619 0.84384465 0.43171835 0 0 0 0 1 0.5036708 0.23631677 -0.83094525 12.61957 -0.8032291 0.48218858 -0.3497388 0 0.31802318 0.84359264 0.4326808 0 0 0 0 1 0.50580186 0.23642376 -0.8296194 12.61957 -0.8021686 0.48266 -0.35151786 0 0.31731692 0.843293 0.4337821 0 0 0 0 1 0.5081067 0.23659754 -0.8281601 12.61957 -0.8010261 0.48316586 -0.35342312 0 0.31651968 0.8429545 0.43502063 0 0 0 0 1 0.51054555 0.23687041 -0.82658076 12.61957 -0.79983485 0.48367357 -0.355421 0 0.3156065 0.8425867 0.43639457 0 0 0 0 1 0.5131093 0.23724118 -0.8248851 12.61957 -0.79859805 0.48418128 -0.35750473 0 0.31457907 0.8421906 0.43789828 0 0 0 0 1 0.5157888 0.23770866 -0.8230775 12.61957 -0.7973192 0.4846871 -0.35966724 0 0.31343907 0.84176785 0.43952584 0 0 0 0 1 0.5185749 0.23827168 -0.8211618 12.61957 -0.79600155 0.48518956 -0.36190134 0 0.31218833 0.841319 0.44127178 0 0 0 0 1 0.52145857 0.23892903 -0.81914216 12.61957 -0.79464877 0.48568666 -0.3642002 0 0.3108284 0.8408456 0.44313014 0 0 0 0 1 0.52443045 0.23967957 -0.8170229 12.61957 -0.7932644 0.48617655 -0.36655694 0 0.30936113 0.8403488 0.44509506 0 0 0 0 1 0.5274817 0.24052224 -0.8148081 12.61957 -0.7918519 0.48665762 -0.3689646 0 0.3077883 0.8398294 0.44716096 0 0 0 0 1 0.5306029 0.24145612 -0.8125021 12.61957 -0.7904153 0.48712784 -0.37141648 0 0.30611163 0.8392887 0.449322 0 0 0 0 1 0.5337751 0.24247184 -0.8101182 12.61957 -0.78896093 0.48758692 -0.37389797 0 0.3043433 0.8387291 0.45156252 0 0 0 0 1 0.5369744 0.24355689 -0.80767477 12.61957 -0.7874973 0.4880346 -0.37639117 0 0.30250058 0.8381541 0.45386243 0 0 0 0 1 0.54018456 0.24470416 -0.80518353 12.61957 -0.78603065 0.4884699 -0.37888378 0 0.3005934 0.8375661 0.45620894 0 0 0 0 1 0.5433897 0.24590698 -0.80265653 12.61957 -0.78456783 0.48889154 -0.38136387 0 0.29863194 0.8369676 0.45858932 0 0 0 0 1 0.546574 0.24715847 -0.8001059 12.61957 -0.7831151 0.48929912 -0.38381907 0 0.29662696 0.8363606 0.46099174 0 0 0 0 1 0.54972184 0.24845192 -0.7975447 12.61957 -0.78167975 0.48969096 -0.38623762 0 0.29458895 0.83574784 0.46340364 0 0 0 0 1 0.5528178 0.24978057 -0.79498565 12.61957 -0.7802688 0.49006605 -0.38860762 0 0.29252887 0.83513165 0.46581322 0 0 0 0 1 0.5558469 0.2511379 -0.7924418 12.61957 -0.77888924 0.4904235 -0.39091742 0 0.2904579 0.8345146 0.46820897 0 0 0 0 1 0.55879414 0.2525173 -0.7899267 12.61957 -0.77754855 0.49076205 -0.39315507 0 0.2883876 0.833899 0.4705794 0 0 0 0 1 0.56164473 0.2539122 -0.787454 12.61957 -0.7762543 0.49108028 -0.39530933 0 0.28632927 0.83328795 0.47291315 0 0 0 0 1 0.5643842 0.2553162 -0.78503764 12.61957 -0.7750141 0.49137706 -0.3973685 0 0.28429487 0.83268374 0.4751991 0 0 0 0 1 0.56699824 0.25672254 -0.7826919 12.61957 -0.77383566 0.49165112 -0.39932132 0 0.2822966 0.8320894 0.47742635 0 0 0 0 1 0.56947273 0.258125 -0.7804308 12.61957 -0.77272683 0.49190122 -0.4011564 0 0.28034636 0.83150744 0.47958446 0 0 0 0 1 0.57179356 0.25951722 -0.77826923 12.61957 -0.7716956 0.4921258 -0.40286246 0 0.27845663 0.8309411 0.48166263 0 0 0 0 1 0.5739664 0.2608701 -0.7762148 12.61957 -0.7707294 0.4923427 -0.4044438 0 0.27665633 0.8303887 0.48364842 0 0 0 0 1 0.57600605 0.26214433 -0.7742722 12.61957 -0.7698064 0.4925785 -0.40591213 0 0.2749823 0.82984746 0.48552853 0 0 0 0 1 0.57791275 0.2633171 -0.7724513 12.61957 -0.7689196 0.49284512 -0.4072669 0 0.27345848 0.8293176 0.48729116 0 0 0 0 1 0.5796865 0.2643662 -0.77076197 12.61957 -0.76806253 0.4931546 -0.40850765 0 0.27210924 0.8287998 0.48892486 0 0 0 0 1 0.58132786 0.26526904 -0.76921403 12.61957 -0.76722836 0.49351895 -0.40963352 0 0.27095857 0.82829416 0.49041831 0 0 0 0 1 0.58283675 0.2660031 -0.7678175 12.61957 -0.76641023 0.49395 -0.41064423 0 0.27003077 0.82780176 0.49175978 0 0 0 0 1 0.5845834 0.26634586 -0.7663694 12.61957 -0.7652904 0.49469668 -0.41183224 0 0.26943058 0.8272455 0.4930234 0 0 0 0 1 0.5845834 0.26634586 -0.7663694 12.61957 -0.7652904 0.49469668 -0.41183224 0 0.26943058 0.8272455 0.4930234 0 0 0 0 1</float_array>
        <technique_common>
          <accessor source="#Motion_127_LArm_transform_pose_array_id" count="91" stride="16">
            <param name="TRANSFORM" type="float4x4" />
          </accessor>
        </technique_common>
      </source>
      <sampler id="Motion_127_LArm_transform_samp_id">
        <input semantic="INPUT" source="#Motion_127_LArm_transform_frame_id" />
        <input semantic="INTERPOLATION" source="#Motion_127_LArm_transform_interp_id" />
        <input semantic="OUTPUT" source="#Motion_127_LArm_transform_pose_id" />
      </sampler>
      <channel source="#Motion_127_LArm_transform_samp_id" target="LArm_bone_id/transform" />
    </animation>
    <animation id="Motion_127_LForeArm_transform_id" name="Motion_127_LForeArm_transform">
      <source id="Motion_127_LForeArm_transform_frame_id" name="Motion_127_LForeArm_transform_frame">
        <float_array id="Motion_127_LForeArm_transform_frame_array_id" count="91">0 0.033333335 0.06666667 0.1 0.13333334 0.16666667 0.2 0.23333333 0.26666668 0.3 0.33333334 0.36666667 0.4 0.43333334 0.46666667 0.5 0.53333336 0.56666666 0.6 0.6333333 0.6666667 0.7 0.73333335 0.76666665 0.8 0.8333333 0.8666667 0.9 0.93333334 0.96666664 1 1.0333333 1.0666667 1.1 1.1333333 1.1666666 1.2 1.2333333 1.2666667 1.3 1.3333334 1.3666667 1.4 1.4333333 1.4666667 1.5 1.5333333 1.5666667 1.6 1.6333333 1.6666666 1.7 1.7333333 1.7666667 1.8 1.8333334 1.8666667 1.9 1.9333333 1.9666667 2 2.0333333 2.0666666 2.1 2.1333334 2.1666667 2.2 2.2333333 2.2666667 2.3 2.3333333 2.3666666 2.4 2.4333334 2.4666667 2.5 2.5333333 2.5666666 2.6 2.6333334 2.6666667 2.7 2.7333333 2.7666667 2.8 2.8333333 2.8666666 2.9 2.9333334 2.9666667 3</float_array>
        <technique_common>
          <accessor source="#Motion_127_LForeArm_transform_frame_array_id" count="91" stride="1">
            <param name="TIME" type="float" />
          </accessor>
        </technique_common>
      </source>
      <source id="Motion_127_LForeArm_transform_interp_id" name="Motion_127_LForeArm_transform_interp">
        <Name_array id="Motion_127_LForeArm_transform_interp_array_id" count="91">LINEAR LINEAR LINEAR LINEAR LINEAR LINEAR LINEAR LINEAR LINEAR LINEAR LINEAR LINEAR LINEAR LINEAR LINEAR LINEAR LINEAR LINEAR LINEAR LINEAR LINEAR LINEAR LINEAR LINEAR LINEAR LINEAR LINEAR LINEAR LINEAR LINEAR LINEAR LINEAR LINEAR LINEAR LINEAR LINEAR LINEAR LINEAR LINEAR LINEAR LINEAR LINEAR LINEAR LINEAR LINEAR LINEAR LINEAR LINEAR LINEAR LINEAR LINEAR LINEAR LINEAR LINEAR LINEAR LINEAR LINEAR LINEAR LINEAR LINEAR LINEAR LINEAR LINEAR LINEAR LINEAR LINEAR LINEAR LINEAR LINEAR LINEAR LINEAR LINEAR LINEAR LINEAR LINEAR LINEAR LINEAR LINEAR LINEAR LINEAR LINEAR LINEAR LINEAR LINEAR LINEAR LINEAR LINEAR LINEAR LINEAR LINEAR LINEAR</Name_array>
        <technique_common>
          <accessor source="#Motion_127_LForeArm_transform_interp_array_id" count="91" stride="1">
            <param name="INTERPOLATION" type="Name" />
          </accessor>
        </technique_common>
      </source>
      <source id="Motion_127_LForeArm_transform_pose_id" name="Motion_127_LForeArm_transform_pose">
        <float_array id="Motion_127_LForeArm_transform_pose_array_id" count="1456">0.21895838 -0.002294965 -0.9757315 22.6 0.0016696973 0.99999666 -0.0019773506 0 0.9757328 -0.0011962188 0.21896148 0 0 0 0 1 0.2168557 -0.0022931015 -0.976201 22.6 0.0016671494 0.99999666 -0.0019786528 0 0.9762023 -0.0011983905 0.2168588 0 0 0 0 1 0.21492654 -0.0022913893 -0.9766275 22.6 0.0016648107 0.99999666 -0.0019798435 0 0.97662884 -0.001200379 0.21492964 0 0 0 0 1 0.21317726 -0.0022898358 -0.97701085 22.6 0.0016626903 0.99999666 -0.0019809199 0 0.97701216 -0.0012021794 0.21318036 0 0 0 0 1 0.21161407 -0.0022884463 -0.97735065 22.6 0.0016607954 0.99999666 -0.0019818791 0 0.97735196 -0.0012037858 0.21161717 0 0 0 0 1 0.21024334 -0.0022872267 -0.97764635 22.6 0.0016591335 0.99999666 -0.0019827182 0 0.97764766 -0.0012051926 0.21024644 0 0 0 0 1 0.20907164 -0.0022861839 -0.97789764 22.6 0.001657713 0.99999666 -0.001983434 0 0.97789896 -0.0012063937 0.20907474 0 0 0 0 1 0.20810503 -0.002285323 -0.9781038 22.6 0.0016565408 0.99999666 -0.0019840235 0 0.9781051 -0.0012073836 0.20810813 0 0 0 0 1 0.20734996 -0.0022846505 -0.97826415 22.6 0.0016556254 0.99999666 -0.0019844833 0 0.97826546 -0.0012081563 0.20735306 0 0 0 0 1 0.20681268 -0.0022841713 -0.9783779 22.6 0.0016549735 0.99999666 -0.00198481 0 0.9783792 -0.0012087058 0.20681578 0 0 0 0 1 0.20649928 -0.0022838924 -0.9784441 22.6 0.001654594 0.99999666 -0.0019850007 0 0.9784454 -0.0012090264 0.20650238 0 0 0 0 1 0.20641625 -0.0022838176 -0.97846156 22.6 0.0016544927 0.99999666 -0.0019850507 0 0.9784629 -0.001209111 0.20641935 0 0 0 0 1 0.20656943 -0.0022839545 -0.9784293 22.6 0.0016546788 0.99999666 -0.001984958 0 0.9784306 -0.0012089546 0.20657253 0 0 0 0 1 0.20696533 -0.0022843073 -0.9783455 22.6 0.0016551587 0.99999666 -0.001984717 0 0.9783468 -0.0012085496 0.20696843 0 0 0 0 1 0.20760971 -0.002284882 -0.978209 22.6 0.0016559403 0.99999666 -0.0019843252 0 0.97821033 -0.0012078907 0.20761281 0 0 0 0 1 0.20850897 -0.0022856828 -0.97801775 22.6 0.0016570308 0.99999666 -0.0019837772 0 0.97801906 -0.0012069701 0.20851207 0 0 0 0 1 0.2096687 -0.0022867157 -0.97776985 22.6 0.0016584371 0.99999666 -0.0019830696 0 0.97777116 -0.0012057818 0.2096718 0 0 0 0 1 0.21109515 -0.002287985 -0.9774629 22.6 0.0016601665 0.99999666 -0.0019821972 0 0.9774642 -0.0012043186 0.21109825 0 0 0 0 1 0.21286607 -0.002289559 -0.97707874 22.6 0.0016623128 0.99999666 -0.0019811108 0 0.97708005 -0.0012024991 0.21286917 0 0 0 0 1 0.21503395 -0.0022914847 -0.9766039 22.6 0.0016649408 0.99999666 -0.0019797774 0 0.97660524 -0.0012002684 0.21503705 0 0 0 0 1 0.21756828 -0.002293733 -0.9760424 22.6 0.0016680126 0.99999666 -0.0019782118 0 0.9760437 -0.0011976549 0.21757138 0 0 0 0 1 0.22043759 -0.0022962755 -0.97539836 22.6 0.0016714903 0.99999666 -0.0019764318 0 0.9753997 -0.0011946888 0.22044069 0 0 0 0 1 0.2236116 -0.0022990832 -0.97467566 22.6 0.0016753359 0.99999666 -0.0019744528 0 0.97467697 -0.0011913987 0.2236147 0 0 0 0 1 0.22705847 -0.0023021274 -0.97387844 22.6 0.0016795122 0.99999666 -0.0019722916 0 0.97387975 -0.0011878151 0.22706157 0 0 0 0 1 0.23074794 -0.00230538 -0.97301084 22.6 0.0016839815 0.99999666 -0.001969965 0 0.97301215 -0.0011839669 0.23075104 0 0 0 0 1 0.23464847 -0.0023088125 -0.9720776 22.6 0.0016887058 0.99999666 -0.0019674897 0 0.9720789 -0.0011798845 0.23465157 0 0 0 0 1 0.23872942 -0.0023123962 -0.9710834 22.6 0.0016936478 0.99999666 -0.0019648827 0 0.9710847 -0.0011755978 0.23873252 0 0 0 0 1 0.24295998 -0.002316104 -0.9700336 22.6 0.0016987703 0.9999966 -0.0019621619 0 0.9700349 -0.0011711373 0.24296308 0 0 0 0 1 0.2473095 -0.002319907 -0.96893376 22.6 0.0017040356 0.9999966 -0.0019593446 0 0.9689351 -0.0011665332 0.2473126 0 0 0 0 1 0.25174695 -0.0023237793 -0.96779037 22.6 0.0017094072 0.9999966 -0.0019564498 0 0.9677917 -0.0011618173 0.2517501 0 0 0 0 1 0.25624222 -0.0023276925 -0.9666098 22.6 0.0017148476 0.9999966 -0.001953496 0 0.9666111 -0.0011570205 0.25624537 0 0 0 0 1 0.2607649 -0.002331621 -0.96539956 22.6 0.0017203209 0.9999966 -0.0019505022 0 0.9654009 -0.0011521743 0.26076806 0 0 0 0 1 0.26528472 -0.0023355377 -0.9641673 22.6 0.0017257895 0.9999966 -0.0019474879 0 0.9641686 -0.001147311 0.26528788 0 0 0 0 1 0.26977164 -0.0023394173 -0.9629215 22.6 0.0017312181 0.9999966 -0.001944474 0 0.9629228 -0.0011424632 0.2697748 0 0 0 0 1 0.2741956 -0.002343234 -0.9616712 22.6 0.00173657 0.9999966 -0.0019414807 0 0.9616725 -0.0011376634 0.27419877 0 0 0 0 1 0.2785269 -0.0023469618 -0.9604256 22.6 0.001741809 0.9999966 -0.0019385291 0 0.9604269 -0.0011329451 0.27853006 0 0 0 0 1 0.28273618 -0.0023505767 -0.9591949 22.6 0.0017469 0.9999966 -0.0019356409 0 0.9591962 -0.0011283417 0.28273934 0 0 0 0 1 0.28679365 -0.0023540542 -0.9579895 22.6 0.0017518075 0.9999966 -0.0019328385 0 0.9579908 -0.0011238873 0.2867968 0 0 0 0 1 0.29067034 -0.0023573695 -0.95682037 22.6 0.0017564954 0.9999966 -0.0019301433 0 0.9568217 -0.0011196152 0.2906735 0 0 0 0 1 0.29433668 -0.0023604995 -0.9556989 22.6 0.0017609294 0.9999966 -0.0019275793 0 0.9557002 -0.0011155608 0.29433984 0 0 0 0 1 0.29776406 -0.0023634196 -0.9546366 22.6 0.0017650737 0.9999966 -0.0019251681 0 0.9546379 -0.0011117579 0.29776722 0 0 0 0 1 0.30092335 -0.0023661065 -0.95364535 22.6 0.0017688936 0.9999966 -0.001922934 0 0.95364666 -0.0011082416 0.3009265 0 0 0 0 1 0.30378568 -0.0023685377 -0.9527375 22.6 0.0017723549 0.9999966 -0.0019209001 0 0.9527388 -0.0011050468 0.30378884 0 0 0 0 1 0.30632228 -0.0023706888 -0.95192486 22.6 0.001775422 0.9999966 -0.0019190898 0 0.9519262 -0.0011022086 0.30632544 0 0 0 0 1 0.30850422 -0.002372537 -0.95122004 22.6 0.0017780603 0.9999966 -0.0019175267 0 0.95122135 -0.0010997615 0.30850738 0 0 0 0 1 0.31030297 -0.002374059 -0.9506348 22.6 0.0017802352 0.9999966 -0.0019162339 0 0.9506361 -0.0010977404 0.31030613 0 0 0 0 1 0.31172824 -0.0023752637 -0.9501683 22.6 0.0017819583 0.9999966 -0.0019152068 0 0.9501696 -0.0010961363 0.3117314 0 0 0 0 1 0.3128186 -0.0023761853 -0.9498099 22.6 0.0017832769 0.9999966 -0.0019144199 0 0.9498112 -0.001094908 0.31282175 0 0 0 0 1 0.31358838 -0.002376835 -0.949556 22.6 0.0017842075 0.9999966 -0.001913863 0 0.9495573 -0.0010940398 0.31359154 0 0 0 0 1 0.31405133 -0.0023772256 -0.949403 22.6 0.001784767 0.9999966 -0.0019135278 0 0.9494043 -0.0010935174 0.3140545 0 0 0 0 1 0.31422168 -0.0023773694 -0.9493466 22.6 0.001784973 0.9999966 -0.0019134044 0 0.9493479 -0.0010933251 0.31422484 0 0 0 0 1 0.3141129 -0.0023772777 -0.9493826 22.6 0.0017848415 0.9999966 -0.0019134833 0 0.9493839 -0.0010934479 0.31411606 0 0 0 0 1 0.31373924 -0.0023769622 -0.94950616 22.6 0.0017843896 0.9999966 -0.0019137538 0 0.9495075 -0.0010938696 0.3137424 0 0 0 0 1 0.3131141 -0.0023764349 -0.9497125 22.6 0.0017836342 0.9999966 -0.0019142061 0 0.9497138 -0.0010945747 0.31311727 0 0 0 0 1 0.3122512 -0.0023757059 -0.94999665 22.6 0.0017825908 0.9999966 -0.0019148295 0 0.94999796 -0.0010955473 0.31225437 0 0 0 0 1 0.31116432 -0.002374787 -0.95035315 22.6 0.0017812764 0.9999966 -0.0019156134 0 0.95035446 -0.0010967713 0.31116748 0 0 0 0 1 0.3098668 -0.0023736898 -0.950777 22.6 0.0017797076 0.9999966 -0.0019165478 0 0.9507783 -0.0010982307 0.30986995 0 0 0 0 1 0.3083722 -0.0023724253 -0.95126283 22.6 0.0017779006 0.9999966 -0.0019176214 0 0.95126414 -0.0010999097 0.30837536 0 0 0 0 1 0.30669415 -0.0023710043 -0.95180523 22.6 0.001775872 0.9999966 -0.0019188239 0 0.95180655 -0.0011017919 0.3066973 0 0 0 0 1 0.30484605 -0.0023694374 -0.9523987 22.6 0.0017736373 0.9999966 -0.0019201444 0 0.9524 -0.0011038614 0.3048492 0 0 0 0 1 0.3028416 -0.0023677363 -0.953038 22.6 0.0017712135 0.9999966 -0.001921572 0 0.9530393 -0.0011061016 0.30284476 0 0 0 0 1 0.30069447 -0.0023659123 -0.95371765 22.6 0.0017686173 0.9999966 -0.0019230964 0 0.95371896 -0.0011084969 0.30069762 0 0 0 0 1 0.29841775 -0.002363976 -0.9544325 22.6 0.0017658643 0.9999966 -0.0019247069 0 0.9544338 -0.0011110313 0.2984209 0 0 0 0 1 0.29602545 -0.0023619388 -0.9551772 22.6 0.0017629713 0.9999966 -0.0019263928 0 0.9551785 -0.0011136886 0.2960286 0 0 0 0 1 0.29353148 -0.0023598121 -0.95594645 22.6 0.0017599552 0.9999966 -0.0019281433 0 0.95594776 -0.0011164524 0.29353464 0 0 0 0 1 0.29094875 -0.0023576072 -0.95673573 22.6 0.001756832 0.9999966 -0.001929949 0 0.95673704 -0.0011193077 0.2909519 0 0 0 0 1 0.2882915 -0.0023553362 -0.95753986 22.6 0.0017536189 0.9999966 -0.0019317993 0 0.95754117 -0.0011222386 0.28829467 0 0 0 0 1 0.28557342 -0.002353009 -0.958354 22.6 0.0017503316 0.9999966 -0.0019336832 0 0.9583553 -0.0011252286 0.28557658 0 0 0 0 1 0.2828083 -0.0023506386 -0.95917356 22.6 0.0017469875 0.9999966 -0.0019355913 0 0.9591749 -0.0011282627 0.28281146 0 0 0 0 1 0.2800101 -0.0023482365 -0.9599942 22.6 0.0017436033 0.9999966 -0.0019375137 0 0.9599955 -0.0011313253 0.28001326 0 0 0 0 1 0.2771926 -0.002345814 -0.9608115 22.6 0.0017401949 0.9999966 -0.0019394405 0 0.9608128 -0.0011344008 0.27719575 0 0 0 0 1 0.27433532 -0.002343354 -0.9616313 22.6 0.001736739 0.9999966 -0.0019413857 0 0.9616326 -0.0011375116 0.27433848 0 0 0 0 1 0.27141666 -0.002340837 -0.962459 22.6 0.0017332077 0.9999966 -0.0019433631 0 0.96246034 -0.0011406806 0.27141982 0 0 0 0 1 0.2684461 -0.0023382718 -0.9632918 22.6 0.0017296143 0.9999966 -0.0019453666 0 0.96329314 -0.0011438974 0.26844925 0 0 0 0 1 0.2654351 -0.0023356676 -0.9641259 22.6 0.0017259712 0.9999966 -0.0019473871 0 0.9641272 -0.0011471487 0.26543826 0 0 0 0 1 0.26239377 -0.0023330336 -0.9649581 22.6 0.0017222918 0.9999966 -0.0019494185 0 0.9649594 -0.001150424 0.26239693 0 0 0 0 1 0.25933325 -0.0023303784 -0.9657851 22.6 0.0017185884 0.9999966 -0.0019514522 0 0.9657864 -0.0011537106 0.2593364 0 0 0 0 1 0.2562639 -0.0023277116 -0.96660405 22.6 0.0017148742 0.9999966 -0.0019534817 0 0.96660537 -0.0011569973 0.25626707 0 0 0 0 1 0.25319678 -0.0023250424 -0.967412 22.6 0.001711162 0.9999966 -0.0019554994 0 0.9674133 -0.0011602723 0.25319993 0 0 0 0 1 0.2501427 -0.0023223804 -0.9682062 22.6 0.0017074654 0.9999966 -0.0019574987 0 0.96820754 -0.0011635245 0.2501458 0 0 0 0 1 0.24711233 -0.0023197348 -0.96898407 22.6 0.001703797 0.9999966 -0.0019594727 0 0.9689854 -0.0011667423 0.24711543 0 0 0 0 1 0.2441166 -0.0023171157 -0.9697431 22.6 0.0017001703 0.9999966 -0.0019614145 0 0.9697444 -0.0011699147 0.2441197 0 0 0 0 1 0.24116647 -0.0023145329 -0.97048104 22.6 0.0016965985 0.99999666 -0.0019633174 0 0.97048235 -0.0011730302 0.24116957 0 0 0 0 1 0.23827267 -0.0023119955 -0.9711955 22.6 0.0016930947 0.99999666 -0.0019651754 0 0.97119683 -0.0011760786 0.23827577 0 0 0 0 1 0.23544633 -0.0023095135 -0.9718846 22.6 0.0016896718 0.99999666 -0.0019669812 0 0.9718859 -0.0011790476 0.23544943 0 0 0 0 1 0.23269862 -0.0023070972 -0.97254616 22.6 0.001686344 0.99999666 -0.0019687288 0 0.9725475 -0.001181927 0.23270172 0 0 0 0 1 0.23004025 -0.0023047565 -0.9731784 22.6 0.001683124 0.99999666 -0.0019704122 0 0.9731797 -0.0011847059 0.23004335 0 0 0 0 1 0.22748232 -0.0023025014 -0.9737795 22.6 0.0016800257 0.99999666 -0.001972025 0 0.9737808 -0.0011873737 0.22748542 0 0 0 0 1 0.2250359 -0.002300342 -0.9743478 22.6 0.0016770619 0.99999666 -0.0019735612 0 0.9743491 -0.0011899192 0.225039 0 0 0 0 1 0.22233456 -0.0022979542 -0.9749678 22.6 0.0016737888 0.99999666 -0.0019752504 0 0.9749691 -0.0011927235 0.22233766 0 0 0 0 1 0.22233456 -0.0022979542 -0.9749678 22.6 0.0016737888 0.99999666 -0.0019752504 0 0.9749691 -0.0011927235 0.22233766 0 0 0 0 1</float_array>
        <technique_common>
          <accessor source="#Motion_127_LForeArm_transform_pose_array_id" count="91" stride="16">
            <param name="TRANSFORM" type="float4x4" />
          </accessor>
        </technique_common>
      </source>
      <sampler id="Motion_127_LForeArm_transform_samp_id">
        <input semantic="INPUT" source="#Motion_127_LForeArm_transform_frame_id" />
        <input semantic="INTERPOLATION" source="#Motion_127_LForeArm_transform_interp_id" />
        <input semantic="OUTPUT" source="#Motion_127_LForeArm_transform_pose_id" />
      </sampler>
      <channel source="#Motion_127_LForeArm_transform_samp_id" target="LForeArm_bone_id/transform" />
    </animation>
    <animation id="Motion_127_LHand_transform_id" name="Motion_127_LHand_transform">
      <source id="Motion_127_LHand_transform_frame_id" name="Motion_127_LHand_transform_frame">
        <float_array id="Motion_127_LHand_transform_frame_array_id" count="91">0 0.033333335 0.06666667 0.1 0.13333334 0.16666667 0.2 0.23333333 0.26666668 0.3 0.33333334 0.36666667 0.4 0.43333334 0.46666667 0.5 0.53333336 0.56666666 0.6 0.6333333 0.6666667 0.7 0.73333335 0.76666665 0.8 0.8333333 0.8666667 0.9 0.93333334 0.96666664 1 1.0333333 1.0666667 1.1 1.1333333 1.1666666 1.2 1.2333333 1.2666667 1.3 1.3333334 1.3666667 1.4 1.4333333 1.4666667 1.5 1.5333333 1.5666667 1.6 1.6333333 1.6666666 1.7 1.7333333 1.7666667 1.8 1.8333334 1.8666667 1.9 1.9333333 1.9666667 2 2.0333333 2.0666666 2.1 2.1333334 2.1666667 2.2 2.2333333 2.2666667 2.3 2.3333333 2.3666666 2.4 2.4333334 2.4666667 2.5 2.5333333 2.5666666 2.6 2.6333334 2.6666667 2.7 2.7333333 2.7666667 2.8 2.8333333 2.8666666 2.9 2.9333334 2.9666667 3</float_array>
        <technique_common>
          <accessor source="#Motion_127_LHand_transform_frame_array_id" count="91" stride="1">
            <param name="TIME" type="float" />
          </accessor>
        </technique_common>
      </source>
      <source id="Motion_127_LHand_transform_interp_id" name="Motion_127_LHand_transform_interp">
        <Name_array id="Motion_127_LHand_transform_interp_array_id" count="91">LINEAR LINEAR LINEAR LINEAR LINEAR LINEAR LINEAR LINEAR LINEAR LINEAR LINEAR LINEAR LINEAR LINEAR LINEAR LINEAR LINEAR LINEAR LINEAR LINEAR LINEAR LINEAR LINEAR LINEAR LINEAR LINEAR LINEAR LINEAR LINEAR LINEAR LINEAR LINEAR LINEAR LINEAR LINEAR LINEAR LINEAR LINEAR LINEAR LINEAR LINEAR LINEAR LINEAR LINEAR LINEAR LINEAR LINEAR LINEAR LINEAR LINEAR LINEAR LINEAR LINEAR LINEAR LINEAR LINEAR LINEAR LINEAR LINEAR LINEAR LINEAR LINEAR LINEAR LINEAR LINEAR LINEAR LINEAR LINEAR LINEAR LINEAR LINEAR LINEAR LINEAR LINEAR LINEAR LINEAR LINEAR LINEAR LINEAR LINEAR LINEAR LINEAR LINEAR LINEAR LINEAR LINEAR LINEAR LINEAR LINEAR LINEAR LINEAR</Name_array>
        <technique_common>
          <accessor source="#Motion_127_LHand_transform_interp_array_id" count="91" stride="1">
            <param name="INTERPOLATION" type="Name" />
          </accessor>
        </technique_common>
      </source>
      <source id="Motion_127_LHand_transform_pose_id" name="Motion_127_LHand_transform_pose">
        <float_array id="Motion_127_LHand_transform_pose_array_id" count="1456">0.80659723 0.5908341 -0.017776191 22.600002 -0.49053532 0.6858449 0.53757966 0 0.3298121 -0.4248904 0.84302557 0 0 0 0 1 0.80731916 0.58987176 -0.016942069 22.600002 -0.49032888 0.6865027 0.53692794 0 0.3283494 -0.425165 0.843458 0 0 0 0 1 0.8078357 0.58918583 -0.01617387 22.600002 -0.49024045 0.68689877 0.53650206 0 0.32720917 -0.42547643 0.84374404 0 0 0 0 1 0.808148 0.5887761 -0.01547198 22.600002 -0.49027607 0.68704057 0.53628784 0 0.32638335 -0.42581442 0.84389335 0 0 0 0 1 0.80825704 0.58864284 -0.014836639 22.600002 -0.4904417 0.6869351 0.53627145 0 0.32586414 -0.42616868 0.84391516 0 0 0 0 1 0.80816334 0.5887856 -0.014267728 22.600002 -0.49074265 0.6865895 0.53643876 0 0.32564348 -0.42652833 0.84381866 0 0 0 0 1 0.807867 0.5892041 -0.013764858 22.600002 -0.4911841 0.68601024 0.5367757 0 0.32571325 -0.4268823 0.84361273 0 0 0 0 1 0.80736804 0.58989763 -0.013327524 22.600002 -0.49177054 0.68520415 0.53726816 0 0.3260653 -0.4272191 0.8433062 0 0 0 0 1 0.806666 0.59086555 -0.01295504 22.600002 -0.49250656 0.6841774 0.537902 0 0.3266913 -0.42752683 0.8429078 0 0 0 0 1 0.80576026 0.5921068 -0.012646347 22.600002 -0.49339625 0.68293625 0.5386634 0 0.3275829 -0.42779386 0.8424262 0 0 0 0 1 0.80464965 0.59362036 -0.012400448 22.600002 -0.4944436 0.68148667 0.53953815 0 0.3287316 -0.42800784 0.84186983 0 0 0 0 1 0.8033328 0.59540504 -0.012216225 22.600002 -0.49565238 0.67983437 0.5405126 0 0.33012897 -0.42815655 0.8412472 0 0 0 0 1 0.8018082 0.59745914 -0.012092426 22.600002 -0.49702603 0.67798525 0.5415728 0 0.33176613 -0.42822728 0.8405669 0 0 0 0 1 0.80007386 0.5997809 -0.0120277405 22.600002 -0.4985679 0.67594457 0.54270524 0 0.33363435 -0.4282076 0.8398371 0 0 0 0 1 0.79812753 0.60236853 -0.012020871 22.600002 -0.5002813 0.67371774 0.5438961 0 0.3357246 -0.42808464 0.83906645 0 0 0 0 1 0.7959696 0.6052171 -0.012025252 22.600002 -0.5021409 0.67123944 0.5452451 0 0.33806348 -0.4279602 0.83819044 0 0 0 0 1 0.7936 0.6083216 -0.011995599 22.600002 -0.5041221 0.66844743 0.54684454 0 0.34067577 -0.4279286 0.8371482 0 0 0 0 1 0.79101574 0.61167943 -0.011932954 22.600002 -0.5062287 0.66535187 0.5486706 0 0.34355015 -0.42796627 0.8359535 0 0 0 0 1 0.7882135 0.615288 -0.011838108 22.600002 -0.5084642 0.6619625 0.55069935 0 0.34667507 -0.42804942 0.83461976 0 0 0 0 1 0.78522533 0.619099 -0.011729419 22.600002 -0.5107864 0.6583239 0.5529077 0 0.3500264 -0.4281659 0.8331599 0 0 0 0 1 0.7820962 0.62304914 -0.011631504 22.600002 -0.5131371 0.654493 0.555274 0 0.3535757 -0.4283091 0.8315861 0 0 0 0 1 0.778843 0.6271125 -0.011555418 22.600002 -0.51549685 0.6504997 0.5577752 0 0.35730457 -0.4284625 0.82991165 0 0 0 0 1 0.775483 0.6312635 -0.011512488 22.600002 -0.51784635 0.64637434 0.5603885 0 0.3611942 -0.42861006 0.82814986 0 0 0 0 1 0.7720337 0.63547736 -0.0115143955 22.600002 -0.5201673 0.6421477 0.56309175 0 0.36522597 -0.42873636 0.8263142 0 0 0 0 1 0.768513 0.6397295 -0.01157333 22.600002 -0.52244174 0.63785124 0.5658626 0 0.369381 -0.4288264 0.8244183 0 0 0 0 1 0.76493967 0.64399564 -0.011701986 22.600002 -0.5246525 0.63351697 0.5686792 0 0.37364036 -0.42886582 0.82247615 0 0 0 0 1 0.76133215 0.64825255 -0.011913389 22.600002 -0.5267833 0.62917733 0.5715201 0 0.377985 -0.42884088 0.82050157 0 0 0 0 1 0.7577099 0.652477 -0.012221202 22.600002 -0.5288185 0.6248656 0.57436395 0 0.38239592 -0.42873847 0.81850886 0 0 0 0 1 0.7540926 0.6566465 -0.012639552 22.600002 -0.53074324 0.6206155 0.57718974 0 0.38685393 -0.42854613 0.8165122 0 0 0 0 1 0.75051266 0.6607256 -0.013132364 22.600002 -0.5325624 0.61646026 0.57996035 0 0.39129022 -0.4282738 0.81453884 0 0 0 0 1 0.74700487 0.6646782 -0.01365906 22.600002 -0.53428435 0.6124337 0.5826364 0 0.395631 -0.42793447 0.81261814 0 0 0 0 1 0.74359334 0.66848075 -0.014227718 22.600002 -0.5359001 0.6085705 0.5851948 0 0.39985007 -0.4275223 0.8107679 0 0 0 0 1 0.74030185 0.67211074 -0.014846921 22.600002 -0.53740174 0.60490584 0.5876124 0 0.4039215 -0.42703176 0.80900633 0 0 0 0 1 0.73715514 0.67554516 -0.015525624 22.600002 -0.5387817 0.6014753 0.58986586 0 0.40781933 -0.4264577 0.80735195 0 0 0 0 1 0.7341781 0.67876184 -0.016273215 22.600002 -0.540033 0.5983144 0.59193265 0 0.4115178 -0.4257959 0.80582315 0 0 0 0 1 0.73139584 0.68173873 -0.01709938 22.600002 -0.5411489 0.5954591 0.59378976 0 0.41499144 -0.4250421 0.80443853 0 0 0 0 1 0.7288337 0.6844538 -0.01801394 22.600002 -0.5421234 0.59294516 0.59541434 0 0.41821486 -0.42419225 0.8032168 0 0 0 0 1 0.7265193 0.68688345 -0.018996075 22.600002 -0.54292953 0.5907647 0.59684557 0 0.42118555 -0.4233063 0.80213124 0 0 0 0 1 0.72443223 0.68905604 -0.019992486 22.600002 -0.5435878 0.5888501 0.59813696 0 0.42392254 -0.42244202 0.8011445 0 0 0 0 1 0.72253567 0.6910156 -0.020969152 22.600002 -0.54415107 0.58715767 0.5992875 0 0.4264292 -0.42159626 0.8002592 0 0 0 0 1 0.720835 0.6927603 -0.02191241 22.600002 -0.54462534 0.5856845 0.6002974 0 0.42869592 -0.4207813 0.7994766 0 0 0 0 1 0.7193352 0.69428855 -0.022808746 22.600002 -0.54501647 0.5844276 0.60116667 0 0.43071324 -0.4200092 0.7987981 0 0 0 0 1 0.7180413 0.6955988 -0.023644015 22.600002 -0.5453302 0.58338356 0.6018958 0 0.4324715 -0.4192922 0.7982245 0 0 0 0 1 0.7169583 0.69668883 -0.024404347 22.600002 -0.54557186 0.58254915 0.60248476 0 0.43396112 -0.4186421 0.7977572 0 0 0 0 1 0.71609056 0.6975568 -0.025075391 22.600002 -0.5457465 0.5819207 0.6029337 0 0.43517244 -0.41807035 0.7973971 0 0 0 0 1 0.7154429 0.6982005 -0.025642887 22.600002 -0.54585904 0.5814946 0.6032428 0 0.4360956 -0.4175884 0.79714525 0 0 0 0 1 0.7150195 0.6986174 -0.026092201 22.600002 -0.545914 0.58126736 0.60341215 0 0.43672076 -0.41720736 0.79700255 0 0 0 0 1 0.7148243 0.6988052 -0.026408538 22.600002 -0.54591584 0.5812348 0.6034417 0 0.43703783 -0.41693795 0.79696965 0 0 0 0 1 0.71486115 0.69876117 -0.026576951 22.600002 -0.5458686 0.58139324 0.60333186 0 0.43703657 -0.41679102 0.79704726 0 0 0 0 1 0.7151215 0.69849294 -0.026624069 22.600002 -0.545759 0.5817395 0.60309714 0 0.43674737 -0.4167574 0.79722327 0 0 0 0 1 0.71559215 0.69801205 -0.02659078 22.600002 -0.54556817 0.58227086 0.60275704 0 0.4362147 -0.4168211 0.7974816 0 0 0 0 1 0.71626985 0.6973207 -0.02648303 22.600002 -0.5452906 0.5829835 0.6023191 0 0.43544877 -0.41698205 0.797816 0 0 0 0 1 0.71715117 0.69642097 -0.026306838 22.600002 -0.544921 0.58387375 0.6017912 0 0.43445987 -0.4172401 0.7982201 0 0 0 0 1 0.71823245 0.69531476 -0.026068047 22.600002 -0.5444535 0.58493763 0.60118085 0 0.43325812 -0.41759473 0.7986877 0 0 0 0 1 0.7195099 0.6940038 -0.025772408 22.600002 -0.54388237 0.5861711 0.60049593 0 0.43185353 -0.4180456 0.79921234 0 0 0 0 1 0.72097945 0.69248974 -0.025425687 22.600002 -0.5432018 0.5875701 0.59974426 0 0.4302562 -0.41859204 0.79978764 0 0 0 0 1 0.7226371 0.69077414 -0.025033519 22.600002 -0.5424058 0.5891303 0.5989336 0 0.42847586 -0.4192333 0.8004073 0 0 0 0 1 0.7244785 0.6888583 -0.024601564 22.600002 -0.5414882 0.5908473 0.59807193 0 0.42652255 -0.4199688 0.8010647 0 0 0 0 1 0.7264993 0.68674326 -0.02413562 22.600002 -0.5404427 0.5927168 0.5971671 0 0.424406 -0.42079753 0.8017537 0 0 0 0 1 0.72869503 0.6844302 -0.023641318 22.600002 -0.5392632 0.5947342 0.5962268 0 0.42213595 -0.4217186 0.8024678 0 0 0 0 1 0.7310474 0.6819342 -0.023140997 22.600002 -0.5379719 0.596915 0.5952131 0 0.41970938 -0.42267975 0.8032346 0 0 0 0 1 0.73353183 0.67927736 -0.022654653 22.600002 -0.5365986 0.5992706 0.59408474 0 0.4171246 -0.4236236 0.8040834 0 0 0 0 1 0.73613393 0.6764722 -0.022184402 22.600002 -0.5351492 0.6017889 0.59284526 0 0.41439366 -0.42454153 0.8050108 0 0 0 0 1 0.7388397 0.67353076 -0.02173248 22.600002 -0.53362924 0.6044582 0.59149826 0 0.4115286 -0.4254253 0.80601335 0 0 0 0 1 0.74163496 0.67046535 -0.02130112 22.600002 -0.53204453 0.607267 0.5900469 0 0.4085415 -0.42626628 0.8070879 0 0 0 0 1 0.744506 0.6672888 -0.020892635 22.600002 -0.5304011 0.61020356 0.58849496 0 0.40544486 -0.42705652 0.80823094 0 0 0 0 1 0.747439 0.6640137 -0.020509392 22.600002 -0.52870506 0.6132564 0.58684546 0 0.40225095 -0.4277878 0.8094392 0 0 0 0 1 0.7504208 0.660653 -0.020153895 22.600002 -0.5269625 0.616414 0.58510184 0 0.39897245 -0.42845225 0.81070936 0 0 0 0 1 0.7534381 0.65721977 -0.019828752 22.600002 -0.5251802 0.6196652 0.58326733 0 0.39562201 -0.4290422 0.8120382 0 0 0 0 1 0.75647783 0.6537275 -0.019536555 22.600002 -0.5233647 0.6229986 0.5813451 0 0.39221254 -0.42954993 0.8134225 0 0 0 0 1 0.7595274 0.6501895 -0.01928021 22.600002 -0.521523 0.6264032 0.57933825 0 0.3887568 -0.42996818 0.8148592 0 0 0 0 1 0.7625743 0.6466196 -0.019062683 22.600002 -0.5196623 0.6298681 0.5772497 0 0.38526797 -0.4302897 0.8163451 0 0 0 0 1 0.7656065 0.64303184 -0.018887058 22.600002 -0.5177901 0.63338244 0.57508266 0 0.38175923 -0.4305075 0.81787723 0 0 0 0 1 0.768612 0.63944024 -0.018756673 22.600002 -0.5159139 0.6369356 0.5728403 0 0.37824386 -0.43061513 0.8194524 0 0 0 0 1 0.7715792 0.63585913 -0.018674895 22.600002 -0.5140419 0.640517 0.5705251 0 0.37473518 -0.4306056 0.8210678 0 0 0 0 1 0.7744968 0.63230294 -0.018645406 22.600002 -0.5121822 0.6441164 0.5681403 0 0.3712466 -0.43047303 0.8227204 0 0 0 0 1 0.7773537 0.62878656 -0.018671945 22.600002 -0.51034343 0.6477235 0.5656888 0 0.36779177 -0.4302112 0.8244074 0 0 0 0 1 0.780139 0.6253249 -0.018758386 22.600002 -0.5085344 0.65132815 0.5631736 0 0.36438432 -0.4298144 0.8261257 0 0 0 0 1 0.7828422 0.62193286 -0.018908963 22.600002 -0.50676405 0.65492046 0.5605973 0 0.3610378 -0.42927682 0.82787263 0 0 0 0 1 0.7854539 0.618625 -0.019112036 22.600002 -0.50503165 0.6584661 0.5580013 0 0.3577782 -0.42863214 0.82961994 0 0 0 0 1 0.7879655 0.61541533 -0.019349128 22.600002 -0.503332 0.66191983 0.5554449 0 0.35463688 -0.42793238 0.83132815 0 0 0 0 1 0.7903675 0.61231893 -0.019614533 22.600002 -0.50166863 0.6652556 0.55295897 0 0.35163587 -0.4272008 0.8329776 0 0 0 0 1 0.7926507 0.60935104 -0.01990287 22.600002 -0.5000454 0.66844785 0.5505742 0 0.34879702 -0.4264607 0.83454895 0 0 0 0 1 0.79479605 0.6065385 -0.02025564 22.600002 -0.4984508 0.67147195 0.54833585 0 0.3461879 -0.42571875 0.83601284 0 0 0 0 1 0.7967993 0.6038912 -0.020646214 22.600002 -0.49689683 0.6743027 0.54626864 0 0.3438086 -0.42500743 0.83735555 0 0 0 0 1 0.79867357 0.6013991 -0.02096714 22.600002 -0.49542326 0.6769139 0.5443742 0 0.34157914 -0.4243897 0.83858037 0 0 0 0 1 0.80043125 0.59905267 -0.021110505 22.600002 -0.49406955 0.67927986 0.54265475 0 0.3394187 -0.42392775 0.83969057 0 0 0 0 1 0.8020847 0.59684217 -0.020968288 22.600002 -0.49287453 0.68137497 0.5411126 0 0.33724606 -0.4236834 0.8406887 0 0 0 0 1 0.80364543 0.5947576 -0.020432055 22.600002 -0.4918769 0.6831738 0.53975064 0 0.33497941 -0.4237181 0.84157693 0 0 0 0 1 0.8051243 0.59278905 -0.01939328 22.600002 -0.4911152 0.6846507 0.53857154 0 0.33253688 -0.42409268 0.8423566 0 0 0 0 1 0.8051243 0.59278905 -0.01939328 22.600002 -0.4911152 0.6846507 0.53857154 0 0.33253688 -0.42409268 0.8423566 0 0 0 0 1</float_array>
        <technique_common>
          <accessor source="#Motion_127_LHand_transform_pose_array_id" count="91" stride="16">
            <param name="TRANSFORM" type="float4x4" />
          </accessor>
        </technique_common>
      </source>
      <sampler id="Motion_127_LHand_transform_samp_id">
        <input semantic="INPUT" source="#Motion_127_LHand_transform_frame_id" />
        <input semantic="INTERPOLATION" source="#Motion_127_LHand_transform_interp_id" />
        <input semantic="OUTPUT" source="#Motion_127_LHand_transform_pose_id" />
      </sampler>
      <channel source="#Motion_127_LHand_transform_samp_id" target="LHand_bone_id/transform" />
    </animation>
    <animation id="Motion_127_Neck_transform_id" name="Motion_127_Neck_transform">
      <source id="Motion_127_Neck_transform_frame_id" name="Motion_127_Neck_transform_frame">
        <float_array id="Motion_127_Neck_transform_frame_array_id" count="91">0 0.033333335 0.06666667 0.1 0.13333334 0.16666667 0.2 0.23333333 0.26666668 0.3 0.33333334 0.36666667 0.4 0.43333334 0.46666667 0.5 0.53333336 0.56666666 0.6 0.6333333 0.6666667 0.7 0.73333335 0.76666665 0.8 0.8333333 0.8666667 0.9 0.93333334 0.96666664 1 1.0333333 1.0666667 1.1 1.1333333 1.1666666 1.2 1.2333333 1.2666667 1.3 1.3333334 1.3666667 1.4 1.4333333 1.4666667 1.5 1.5333333 1.5666667 1.6 1.6333333 1.6666666 1.7 1.7333333 1.7666667 1.8 1.8333334 1.8666667 1.9 1.9333333 1.9666667 2 2.0333333 2.0666666 2.1 2.1333334 2.1666667 2.2 2.2333333 2.2666667 2.3 2.3333333 2.3666666 2.4 2.4333334 2.4666667 2.5 2.5333333 2.5666666 2.6 2.6333334 2.6666667 2.7 2.7333333 2.7666667 2.8 2.8333333 2.8666666 2.9 2.9333334 2.9666667 3</float_array>
        <technique_common>
          <accessor source="#Motion_127_Neck_transform_frame_array_id" count="91" stride="1">
            <param name="TIME" type="float" />
          </accessor>
        </technique_common>
      </source>
      <source id="Motion_127_Neck_transform_interp_id" name="Motion_127_Neck_transform_interp">
        <Name_array id="Motion_127_Neck_transform_interp_array_id" count="91">LINEAR LINEAR LINEAR LINEAR LINEAR LINEAR LINEAR LINEAR LINEAR LINEAR LINEAR LINEAR LINEAR LINEAR LINEAR LINEAR LINEAR LINEAR LINEAR LINEAR LINEAR LINEAR LINEAR LINEAR LINEAR LINEAR LINEAR LINEAR LINEAR LINEAR LINEAR LINEAR LINEAR LINEAR LINEAR LINEAR LINEAR LINEAR LINEAR LINEAR LINEAR LINEAR LINEAR LINEAR LINEAR LINEAR LINEAR LINEAR LINEAR LINEAR LINEAR LINEAR LINEAR LINEAR LINEAR LINEAR LINEAR LINEAR LINEAR LINEAR LINEAR LINEAR LINEAR LINEAR LINEAR LINEAR LINEAR LINEAR LINEAR LINEAR LINEAR LINEAR LINEAR LINEAR LINEAR LINEAR LINEAR LINEAR LINEAR LINEAR LINEAR LINEAR LINEAR LINEAR LINEAR LINEAR LINEAR LINEAR LINEAR LINEAR LINEAR</Name_array>
        <technique_common>
          <accessor source="#Motion_127_Neck_transform_interp_array_id" count="91" stride="1">
            <param name="INTERPOLATION" type="Name" />
          </accessor>
        </technique_common>
      </source>
      <source id="Motion_127_Neck_transform_pose_id" name="Motion_127_Neck_transform_pose">
        <float_array id="Motion_127_Neck_transform_pose_array_id" count="1456">0.9357976 0.07191648 -0.3451246 16.800177 -0.0219466 0.98895687 0.14656948 0 0.3518541 -0.12958504 0.92704177 0 0 0 0 1 0.93643385 0.07013266 -0.34376308 16.800177 -0.021227768 0.98934776 0.14401545 0 0.3502014 -0.12756361 0.92794746 0 0 0 0 1 0.937096 0.06823836 -0.34233707 16.800177 -0.020360138 0.9897218 0.14154935 0 0.34847754 -0.12567529 0.92885363 0 0 0 0 1 0.93777245 0.06626578 -0.340869 16.800177 -0.019367302 0.99007607 0.1391914 0 0.3467099 -0.123928145 0.9297495 0 0 0 0 1 0.938452 0.06424699 -0.33938193 16.800177 -0.018273093 0.9904078 0.13696161 0 0.34492588 -0.12233034 0.9306242 0 0 0 0 1 0.9391239 0.06221399 -0.33789888 16.800177 -0.017101575 0.9907144 0.13487998 0 0.34315267 -0.12089041 0.93146753 0 0 0 0 1 0.9397776 0.060198687 -0.3364434 16.800177 -0.015877029 0.9909934 0.13296628 0 0.34141758 -0.119617015 0.93226916 0 0 0 0 1 0.9404029 0.05823295 -0.33503926 16.800177 -0.014623897 0.9912427 0.13124023 0 0.33974773 -0.11851911 0.93301916 0 0 0 0 1 0.94099003 0.056348607 -0.33371028 16.800177 -0.0133668315 0.9914604 0.12972137 0 0.33817014 -0.11760588 0.93370754 0 0 0 0 1 0.9415296 0.054577477 -0.3324807 16.800177 -0.012130542 0.9916445 0.1284291 0 0.33671197 -0.11688662 0.9343247 0 0 0 0 1 0.9420122 0.052951403 -0.33137465 16.800177 -0.010939831 0.99179333 0.12738267 0 0.33540022 -0.11637085 0.9348607 0 0 0 0 1 0.942429 0.051502246 -0.33041647 16.800177 -0.00981953 0.9919051 0.12660122 0 0.33426204 -0.11606813 0.9353059 0 0 0 0 1 0.9427712 0.05026196 -0.3296305 16.800177 -0.0087943915 0.99197805 0.12610382 0 0.33332443 -0.11598815 0.93565035 0 0 0 0 1 0.9430299 0.049262583 -0.3290408 16.800177 -0.007889116 0.99201035 0.12590937 0 0.3326145 -0.116140455 0.93588406 0 0 0 0 1 0.94319636 0.04853628 -0.32867146 16.800177 -0.007128192 0.992 0.12603682 0 0.3321594 -0.116534635 0.9359967 0 0 0 0 1 0.94326144 0.04810915 -0.32854727 16.800177 -0.0065422244 0.9919491 0.12646826 0 0.33198646 -0.1171432 0.9359821 0 0 0 0 1 0.94321597 0.04800452 -0.32869315 16.800177 -0.0061644875 0.991862 0.1271685 0 0.33212292 -0.11792114 0.93583596 0 0 0 0 1 0.9430501 0.048250664 -0.32913283 16.800177 -0.0060230754 0.99173903 0.12813066 0 0.33259627 -0.11885124 0.93555015 0 0 0 0 1 0.94275564 0.048798062 -0.32989478 16.800177 -0.006067775 0.9915824 0.12933478 0 0.33342916 -0.119929366 0.935116 0 0 0 0 1 0.94234973 0.04956373 -0.33093873 16.800177 -0.006223796 0.99139506 0.13075605 0 0.33457175 -0.121158235 0.93454933 0 0 0 0 1 0.9418599 0.050525814 -0.33218527 16.800177 -0.0064820684 0.9911778 0.13238055 0 0.33594328 -0.12253068 0.9338781 0 0 0 0 1 0.9412949 0.05166576 -0.33360836 16.800177 -0.0068298727 0.9909315 0.1341942 0 0.33751628 -0.12403781 0.93311167 0 0 0 0 1 0.94066346 0.052965008 -0.33518207 16.800177 -0.0072545037 0.99065715 0.13618305 0 0.33926344 -0.12567085 0.9322592 0 0 0 0 1 0.93997437 0.054404914 -0.33688024 16.800177 -0.007743316 0.9903555 0.13833311 0 0.34115717 -0.12742102 0.9313301 0 0 0 0 1 0.9392367 0.055966802 -0.33867705 16.800177 -0.008283764 0.99002755 0.14063033 0 0.34317023 -0.12927964 0.9303338 0 0 0 0 1 0.93845963 0.057631873 -0.34054667 16.800177 -0.008863455 0.98967427 0.14306054 0 0.3452751 -0.13123813 0.92928016 0 0 0 0 1 0.9376527 0.059381258 -0.34246355 16.800177 -0.009470139 0.9892968 0.1456096 0 0.3474446 -0.13328807 0.92817914 0 0 0 0 1 0.9368256 0.061195955 -0.3444023 16.800177 -0.010091769 0.9888964 0.14826334 0 0.34965134 -0.13542125 0.927041 0 0 0 0 1 0.9359883 0.06305683 -0.34633765 16.800177 -0.010716498 0.98847455 0.1510074 0 0.351868 -0.13762961 0.9258763 0 0 0 0 1 0.9351512 0.06494464 -0.34824473 16.800177 -0.011332745 0.98803276 0.15382746 0 0.35406744 -0.13990536 0.924696 0 0 0 0 1 0.93432504 0.06683998 -0.35009873 16.800177 -0.011929138 0.9875728 0.15670909 0 0.3562224 -0.14224087 0.9235113 0 0 0 0 1 0.9335208 0.06872329 -0.35187507 16.800177 -0.012494592 0.9870966 0.15963781 0 0.3583055 -0.14462867 0.92233384 0 0 0 0 1 0.93274957 0.070574895 -0.35354972 16.800177 -0.013018237 0.9866063 0.16259913 0 0.3602898 -0.14706169 0.9211754 0 0 0 0 1 0.93202305 0.07237492 -0.35509855 16.800177 -0.013489502 0.98610437 0.16557853 0 0.36214793 -0.1495329 0.92004824 0 0 0 0 1 0.9313528 0.07410335 -0.3564978 16.800177 -0.013898047 0.9855932 0.1685614 0 0.36385277 -0.1520355 0.91896486 0 0 0 0 1 0.9307508 0.07574003 -0.35772395 16.800177 -0.014233781 0.9850755 0.17153326 0 0.365377 -0.15456295 0.9179379 0 0 0 0 1 0.93020767 0.07726912 -0.35880795 16.800177 -0.014481667 0.9845543 0.17447965 0 0.36674777 -0.15710618 0.9169589 0 0 0 0 1 0.929704 0.0787205 -0.3597965 16.800177 -0.014668591 0.9840305 0.17739451 0 0.36801532 -0.15964669 0.9160118 0 0 0 0 1 0.9292369 0.08013104 -0.36069065 16.800177 -0.014836028 0.9835046 0.18027376 0 0.36918646 -0.1621658 0.9150976 0 0 0 0 1 0.92880535 0.08149895 -0.36149487 16.800177 -0.014986809 0.98297894 0.18310611 0 0.3702648 -0.16465227 0.9142175 0 0 0 0 1 0.9284081 0.08282252 -0.36221382 16.800177 -0.015123747 0.98245597 0.18588044 0 0.37125424 -0.16709487 0.91337264 0 0 0 0 1 0.928044 0.084099956 -0.3628519 16.800177 -0.015249662 0.98193836 0.18858553 0 0.3721582 -0.1694823 0.9125645 0 0 0 0 1 0.92771184 0.08532958 -0.36341384 16.800177 -0.0153673105 0.9814288 0.19121031 0 0.37298068 -0.17180337 0.91179436 0 0 0 0 1 0.9274103 0.08650966 -0.3639041 16.800177 -0.015479483 0.9809301 0.19374362 0 0.37372515 -0.17404678 0.9110638 0 0 0 0 1 0.9271381 0.087638535 -0.36432737 16.800177 -0.015588902 0.9804451 0.19617443 0 0.37439543 -0.17620133 0.91037416 0 0 0 0 1 0.9268939 0.08871454 -0.36468813 16.800177 -0.015698276 0.97997683 0.19849166 0 0.37499502 -0.17825574 0.9097272 0 0 0 0 1 0.92667633 0.08973607 -0.364991 16.800177 -0.015810303 0.97952837 0.20068434 0 0.37552768 -0.18019882 0.9091245 0 0 0 0 1 0.9264839 0.090701506 -0.36524066 16.800177 -0.015927617 0.9791028 0.20274143 0 0.3759971 -0.18201928 0.90856767 0 0 0 0 1 0.92631537 0.09160931 -0.3654416 16.800177 -0.016052835 0.97870314 0.20465194 0 0.37640688 -0.18370585 0.9080584 0 0 0 0 1 0.92616916 0.09245793 -0.36559835 16.800177 -0.016188554 0.97833276 0.20640486 0 0.37676063 -0.1852473 0.9075984 0 0 0 0 1 0.9260439 0.09324586 -0.36571553 16.800177 -0.016337305 0.9779947 0.20798922 0 0.377062 -0.18663234 0.9071894 0 0 0 0 1 0.9259381 0.093971655 -0.3657977 16.800177 -0.016501613 0.97769207 0.20939408 0 0.37731463 -0.18784972 0.90683305 0 0 0 0 1 0.9258503 0.09463385 -0.36584932 16.800177 -0.016683955 0.97742814 0.2106084 0 0.3775221 -0.18888801 0.906531 0 0 0 0 1 0.92577887 0.09523104 -0.365875 16.800177 -0.016886774 0.9772059 0.21162121 0 0.3776881 -0.189736 0.9062847 0 0 0 0 1 0.9257225 0.09576182 -0.36587915 16.800177 -0.017112497 0.9770283 0.21242146 0 0.37781617 -0.19038223 0.9060958 0 0 0 0 1 0.92567956 0.09622483 -0.36586627 16.800177 -0.017363489 0.9768983 0.21299815 0 0.37790987 -0.19081533 0.90596557 0 0 0 0 1 0.9256486 0.09661869 -0.36584076 16.800177 -0.017642118 0.9768187 0.2133402 0 0.37797275 -0.19102386 0.9058954 0 0 0 0 1 0.9256281 0.096942104 -0.36580706 16.800177 -0.017950729 0.97679204 0.2134365 0 0.37800837 -0.19099633 0.90588635 0 0 0 0 1 0.9256166 0.097193725 -0.36576945 16.800177 -0.018291615 0.97682077 0.21327594 0 0.3780203 -0.19072124 0.90593934 0 0 0 0 1 0.92561245 0.097372234 -0.36573243 16.800177 -0.018667072 0.97690713 0.2128473 0 0.37801206 -0.19018696 0.9060551 0 0 0 0 1 0.92561424 0.0974763 -0.36570016 16.800177 -0.019079369 0.97705317 0.21213935 0 0.37798706 -0.18938188 0.90623415 0 0 0 0 1 0.9256207 0.09751968 -0.36567238 16.800177 -0.019515052 0.9772439 0.21121907 0 0.37794915 -0.18837261 0.9064603 0 0 0 0 1 0.92563045 0.09751822 -0.3656481 16.800177 -0.019958392 0.9774623 0.21016462 0 0.3779021 -0.18723701 0.90671515 0 0 0 0 1 0.9256421 0.09747383 -0.36563042 16.800177 -0.02040828 0.9777066 0.20898163 0 0.3778495 -0.18598029 0.90699565 0 0 0 0 1 0.925667 0.097385325 -0.36559096 16.800177 -0.020867221 0.97797513 0.20767564 0 0.37776342 -0.18460962 0.90731144 0 0 0 0 1 0.92571765 0.097251326 -0.36549833 16.800177 -0.021337938 0.97826624 0.20625202 0 0.37761298 -0.18313216 0.9076734 0 0 0 0 1 0.9257941 0.097073466 -0.3653519 16.800177 -0.021819603 0.9785781 0.20471638 0 0.37739787 -0.1815534 0.90808 0 0 0 0 1 0.92589825 0.09682593 -0.36515367 16.800177 -0.02228384 0.9789108 0.20306899 0 0.37711525 -0.17988418 0.90852946 0 0 0 0 1 0.9260317 0.096483976 -0.36490563 16.800177 -0.022703357 0.9792644 0.20131038 0 0.3767623 -0.1781352 0.90902036 0 0 0 0 1 0.9261945 0.0960509 -0.36460656 16.800177 -0.023078881 0.9796369 0.19944641 0 0.37633908 -0.17631146 0.9095511 0 0 0 0 1 0.9263866 0.09553007 -0.36425534 16.800177 -0.02341114 0.9800267 0.19748305 0 0.37584552 -0.17441802 0.91012007 0 0 0 0 1 0.9266078 0.09492481 -0.36385062 16.800177 -0.023700833 0.980432 0.1954262 0 0.3752816 -0.17245987 0.9107257 0 0 0 0 1 0.92685807 0.09423847 -0.3633913 16.800177 -0.023948647 0.980851 0.19328173 0 0.3746473 -0.170442 0.9113665 0 0 0 0 1 0.9271373 0.09347442 -0.36287597 16.800177 -0.024155278 0.98128194 0.19105563 0 0.37394246 -0.16836941 0.912041 0 0 0 0 1 0.92744523 0.09263602 -0.3623036 16.800177 -0.024321359 0.9817232 0.18875384 0 0.37316728 -0.16624713 0.91274756 0 0 0 0 1 0.9277818 0.09172663 -0.36167273 16.800177 -0.024447579 0.9821731 0.18638232 0 0.37232146 -0.16408011 0.9134848 0 0 0 0 1 0.92814666 0.09074968 -0.36098233 16.800177 -0.024534564 0.9826299 0.18394715 0 0.37140515 -0.1618734 0.91425115 0 0 0 0 1 0.9285397 0.08970851 -0.36023104 16.800177 -0.024582963 0.98309207 0.18145427 0 0.37041825 -0.15963194 0.9150453 0 0 0 0 1 0.92896056 0.08860651 -0.35941774 16.800177 -0.024593424 0.98355806 0.1789097 0 0.3693608 -0.15736075 0.91586584 0 0 0 0 1 0.92940915 0.08744706 -0.35854107 16.800177 -0.024566613 0.9840264 0.1763195 0 0.3682325 -0.1550648 0.9167114 0 0 0 0 1 0.92988497 0.086233586 -0.35759994 16.800177 -0.02450316 0.9844955 0.17368978 0 0.36703345 -0.15274918 0.9175806 0 0 0 0 1 0.93038785 0.08496942 -0.35659316 16.800177 -0.024403738 0.98496413 0.17102656 0 0.36576352 -0.15041882 0.91847223 0 0 0 0 1 0.9309174 0.083657965 -0.35551953 16.800177 -0.024268996 0.9854309 0.16833593 0 0.36442256 -0.14807875 0.9193851 0 0 0 0 1 0.9314733 0.08230262 -0.35437799 16.800177 -0.024099631 0.98589444 0.1656241 0 0.3630106 -0.14573406 0.9203178 0 0 0 0 1 0.93205523 0.08090672 -0.35316736 16.800177 -0.02389631 0.98635364 0.16289717 0 0.36152738 -0.14338976 0.9212694 0 0 0 0 1 0.9326627 0.079473644 -0.3518865 16.800177 -0.023659755 0.9868073 0.16016127 0 0.35997277 -0.14105089 0.9222387 0 0 0 0 1 0.9332955 0.07800673 -0.35053453 16.800177 -0.023390686 0.98725426 0.1574226 0 0.35834673 -0.13872257 0.9232246 0 0 0 0 1 0.93393713 0.07651231 -0.3491522 16.800177 -0.023086336 0.98769367 0.15468766 0 0.35669094 -0.1364079 0.9242102 0 0 0 0 1 0.9345698 0.07499682 -0.34778556 16.800177 -0.022743786 0.9881245 0.15196301 0 0.35505214 -0.13411008 0.925177 0 0 0 0 1 0.9351908 0.07346372 -0.34644088 16.800177 -0.022363648 0.98854584 0.14925484 0 0.3534375 -0.13183407 0.92612183 0 0 0 0 1 0.9351908 0.07346372 -0.34644088 16.800177 -0.022363648 0.98854584 0.14925484 0 0.3534375 -0.13183407 0.92612183 0 0 0 0 1</float_array>
        <technique_common>
          <accessor source="#Motion_127_Neck_transform_pose_array_id" count="91" stride="16">
            <param name="TRANSFORM" type="float4x4" />
          </accessor>
        </technique_common>
      </source>
      <sampler id="Motion_127_Neck_transform_samp_id">
        <input semantic="INPUT" source="#Motion_127_Neck_transform_frame_id" />
        <input semantic="INTERPOLATION" source="#Motion_127_Neck_transform_interp_id" />
        <input semantic="OUTPUT" source="#Motion_127_Neck_transform_pose_id" />
      </sampler>
      <channel source="#Motion_127_Neck_transform_samp_id" target="Neck_bone_id/transform" />
    </animation>
    <animation id="Motion_127_Head_transform_id" name="Motion_127_Head_transform">
      <source id="Motion_127_Head_transform_frame_id" name="Motion_127_Head_transform_frame">
        <float_array id="Motion_127_Head_transform_frame_array_id" count="91">0 0.033333335 0.06666667 0.1 0.13333334 0.16666667 0.2 0.23333333 0.26666668 0.3 0.33333334 0.36666667 0.4 0.43333334 0.46666667 0.5 0.53333336 0.56666666 0.6 0.6333333 0.6666667 0.7 0.73333335 0.76666665 0.8 0.8333333 0.8666667 0.9 0.93333334 0.96666664 1 1.0333333 1.0666667 1.1 1.1333333 1.1666666 1.2 1.2333333 1.2666667 1.3 1.3333334 1.3666667 1.4 1.4333333 1.4666667 1.5 1.5333333 1.5666667 1.6 1.6333333 1.6666666 1.7 1.7333333 1.7666667 1.8 1.8333334 1.8666667 1.9 1.9333333 1.9666667 2 2.0333333 2.0666666 2.1 2.1333334 2.1666667 2.2 2.2333333 2.2666667 2.3 2.3333333 2.3666666 2.4 2.4333334 2.4666667 2.5 2.5333333 2.5666666 2.6 2.6333334 2.6666667 2.7 2.7333333 2.7666667 2.8 2.8333333 2.8666666 2.9 2.9333334 2.9666667 3</float_array>
        <technique_common>
          <accessor source="#Motion_127_Head_transform_frame_array_id" count="91" stride="1">
            <param name="TIME" type="float" />
          </accessor>
        </technique_common>
      </source>
      <source id="Motion_127_Head_transform_interp_id" name="Motion_127_Head_transform_interp">
        <Name_array id="Motion_127_Head_transform_interp_array_id" count="91">LINEAR LINEAR LINEAR LINEAR LINEAR LINEAR LINEAR LINEAR LINEAR LINEAR LINEAR LINEAR LINEAR LINEAR LINEAR LINEAR LINEAR LINEAR LINEAR LINEAR LINEAR LINEAR LINEAR LINEAR LINEAR LINEAR LINEAR LINEAR LINEAR LINEAR LINEAR LINEAR LINEAR LINEAR LINEAR LINEAR LINEAR LINEAR LINEAR LINEAR LINEAR LINEAR LINEAR LINEAR LINEAR LINEAR LINEAR LINEAR LINEAR LINEAR LINEAR LINEAR LINEAR LINEAR LINEAR LINEAR LINEAR LINEAR LINEAR LINEAR LINEAR LINEAR LINEAR LINEAR LINEAR LINEAR LINEAR LINEAR LINEAR LINEAR LINEAR LINEAR LINEAR LINEAR LINEAR LINEAR LINEAR LINEAR LINEAR LINEAR LINEAR LINEAR LINEAR LINEAR LINEAR LINEAR LINEAR LINEAR LINEAR LINEAR LINEAR</Name_array>
        <technique_common>
          <accessor source="#Motion_127_Head_transform_interp_array_id" count="91" stride="1">
            <param name="INTERPOLATION" type="Name" />
          </accessor>
        </technique_common>
      </source>
      <source id="Motion_127_Head_transform_pose_id" name="Motion_127_Head_transform_pose">
        <float_array id="Motion_127_Head_transform_pose_array_id" count="1456">0.9959683 -0.08912039 -0.010235691 5.120195 0.08953905 0.980656 0.17405906 0 -0.005474519 -0.17427379 0.984682 0 0 0 0 1 0.9958748 -0.09039294 -0.007900259 5.120195 0.090393074 0.9807477 0.1730985 0 -0.007898721 -0.17309856 0.9848728 0 0 0 0 1 0.99582183 -0.09108102 -0.0065679895 5.120195 0.09084779 0.9808475 0.17229323 0 -0.00925045 -0.17217006 0.9850238 0 0 0 0 1 0.9958116 -0.0912248 -0.006109198 5.120195 0.09091685 0.9809554 0.17164072 0 -0.009665039 -0.17147726 0.9851407 0 0 0 0 1 0.9958428 -0.0908635 -0.006393878 5.120195 0.09061449 0.98107094 0.17113969 0 -0.009277504 -0.1710076 0.98522604 0 0 0 0 1 0.99591184 -0.0900358 -0.0072917333 5.120195 0.08995556 0.9811926 0.1707897 0 -0.008222593 -0.17074741 0.9852805 0 0 0 0 1 0.9960135 -0.08877975 -0.008672211 5.120195 0.08895521 0.98131835 0.17059085 0 -0.006634812 -0.17068222 0.98530376 0 0 0 0 1 0.9961423 -0.087133154 -0.010404531 5.120195 0.087628946 0.9814459 0.17054349 0 -0.0046485076 -0.17079732 0.98529524 0 0 0 0 1 0.9962929 -0.085133664 -0.012357717 5.120195 0.08599246 0.9815725 0.17064792 0 -0.002397886 -0.17107797 0.9852546 0 0 0 0 1 0.99646056 -0.082818866 -0.014400633 5.120195 0.08406153 0.9816952 0.17090422 0 -1.7060433E-05 -0.17150986 0.9851824 0 0 0 0 1 0.9966417 -0.080226436 -0.01640201 5.120195 0.08185193 0.9818108 0.17131191 0 0.0023599253 -0.17207915 0.9850803 0 0 0 0 1 0.99683386 -0.07739432 -0.018230502 5.120195 0.07937935 0.9819163 0.17186993 0 0.004599071 -0.17277288 0.98495096 0 0 0 0 1 0.99703574 -0.07436066 -0.0197547 5.120195 0.07665924 0.9820086 0.17257625 0 0.006566401 -0.17357907 0.9847981 0 0 0 0 1 0.9972423 -0.07113681 -0.021152094 5.120195 0.073733814 0.9820846 0.17341639 0 0.008436857 -0.17449777 0.9846214 0 0 0 0 1 0.9974462 -0.0677271 -0.022675814 5.120195 0.070652105 0.98214155 0.17437394 0 0.010461019 -0.17553072 0.9844184 0 0 0 0 1 0.99764353 -0.06415964 -0.024307944 5.120195 0.0674397 0.98217696 0.17544326 0 0.012618326 -0.17666915 0.9841894 0 0 0 0 1 0.9978337 -0.060419437 -0.026026765 5.120195 0.064079076 0.9821912 0.17661917 0 0.014892029 -0.17790434 0.9839351 0 0 0 0 1 0.99801564 -0.05649159 -0.027810533 5.120195 0.06055271 0.9821844 0.1778964 0 0.01726542 -0.1792274 0.98365617 0 0 0 0 1 0.99818593 -0.052404497 -0.02964135 5.120195 0.05688626 0.9821541 0.17926902 0 0.01971787 -0.18063 0.98335344 0 0 0 0 1 0.9983415 -0.048186608 -0.031501405 5.120195 0.053105317 0.98209786 0.18073088 0 0.022228656 -0.18210402 0.983028 0 0 0 0 1 0.99847984 -0.04386649 -0.03337299 5.120195 0.049235437 0.982014 0.18227556 0 0.024776956 -0.18364161 0.982681 0 0 0 0 1 0.9985991 -0.03947281 -0.03523852 5.120195 0.0453021 0.9819011 0.18389644 0 0.027341833 -0.18523519 0.98231375 0 0 0 0 1 0.998698 -0.035034336 -0.037080538 5.120195 0.041330718 0.9817583 0.18558662 0 0.029902223 -0.18687753 0.98192805 0 0 0 0 1 0.9987758 -0.030579928 -0.038881753 5.120195 0.03734659 0.98158514 0.18733896 0 0.03243694 -0.18856172 0.9815255 0 0 0 0 1 0.9988325 -0.026138585 -0.04062504 5.120195 0.03337496 0.9813816 0.18914615 0 0.034924652 -0.19028117 0.98110825 0 0 0 0 1 0.9988687 -0.021739336 -0.042293455 5.120195 0.029440893 0.9811483 0.19100054 0 0.03734393 -0.19202961 0.9806784 0 0 0 0 1 0.9988855 -0.017411351 -0.043870237 5.120195 0.025569372 0.98088634 0.19289432 0 0.03967317 -0.19380109 0.9802383 0 0 0 0 1 0.9988847 -0.013183861 -0.04533881 5.120195 0.021785237 0.98059714 0.19481948 0 0.041890636 -0.1955899 0.9797907 0 0 0 0 1 0.99886847 -0.009086179 -0.046682794 5.120195 0.01811319 0.9802828 0.1967678 0 0.04397447 -0.19739074 0.9793381 0 0 0 0 1 0.99883956 -0.0051476625 -0.047886025 5.120195 0.014577782 0.97994566 0.19873095 0 0.045902703 -0.1991984 0.9788835 0 0 0 0 1 0.9988011 -0.001397775 -0.048932508 5.120195 0.011203447 0.9795886 0.20070036 0 0.04765319 -0.20100795 0.97842985 0 0 0 0 1 0.9987566 0.0021340023 -0.049806457 5.120195 0.00801447 0.9792148 0.20266756 0 0.049203712 -0.20281473 0.97798014 0 0 0 0 1 0.99870974 0.0054181153 -0.05049224 5.120195 0.0050350092 0.9788277 0.20462382 0 0.050531875 -0.20461404 0.9775375 0 0 0 0 1 0.99866444 0.008425005 -0.050974406 5.120195 0.0022890721 0.97843117 0.20656055 0 0.051615223 -0.20640135 0.9771051 0 0 0 0 1 0.9986245 0.011126808 -0.051237214 5.120195 -0.00019758567 0.9780144 0.20853716 0 0.052431088 -0.20824021 0.9766714 0 0 0 0 1 0.9985939 0.0134954825 -0.05126474 5.120195 -0.0023993724 0.97756773 0.2106077 0 0.052957006 -0.21018855 0.97622555 0 0 0 0 1 0.99857575 0.015547531 -0.051036637 5.120195 -0.0043392177 0.97709554 0.21275671 0 0.053175513 -0.21223222 0.9757714 0 0 0 0 1 0.99857235 0.017319541 -0.050530396 5.120195 -0.006060457 0.97660196 0.21496947 0 0.05307126 -0.21435632 0.97531265 0 0 0 0 1 0.998578 0.018827789 -0.04987491 5.120195 -0.0075540068 0.976091 0.21723087 0 0.052772425 -0.21654521 0.97484523 0 0 0 0 1 0.99858403 0.020095387 -0.049255803 5.120195 -0.008803902 0.9755668 0.21952656 0 0.0524638 -0.21878207 0.9743623 0 0 0 0 1 0.9985879 0.021132996 -0.04873969 5.120195 -0.009806702 0.9750333 0.22184217 0 0.052211013 -0.22105095 0.9738637 0 0 0 0 1 0.99858713 0.021951593 -0.048393164 5.120195 -0.010558639 0.97449434 0.22416352 0 0.052079614 -0.22333585 0.9733493 0 0 0 0 1 0.99857885 0.022562504 -0.048282806 5.120195 -0.011055634 0.9739539 0.22647642 0 0.0521351 -0.22562076 0.9728192 0 0 0 0 1 0.9985601 0.022977341 -0.04847511 5.120195 -0.011293285 0.9734158 0.22876656 0 0.052442886 -0.22788972 0.97227365 0 0 0 0 1 0.99852735 0.023208037 -0.049036525 5.120195 -0.011266917 0.9728838 0.23101966 0 0.053068355 -0.23012696 0.9717126 0 0 0 0 1 0.9984765 0.023266753 -0.05003337 5.120195 -0.010971585 0.97236186 0.233221 0 0.054076836 -0.23231673 0.97113574 0 0 0 0 1 0.99840266 0.023165893 -0.05153188 5.120195 -0.010402151 0.9718536 0.2353557 0 0.05553367 -0.23444372 0.9705422 0 0 0 0 1 0.9983173 0.0228801 -0.053282492 5.120195 -0.009591371 0.9713629 0.23740721 0 0.057188533 -0.23649669 0.9699478 0 0 0 0 1 0.99823624 0.022377107 -0.05498831 5.120195 -0.008578961 0.9708932 0.2393591 0 0.05874394 -0.23846518 0.96937275 0 0 0 0 1 0.99815947 0.021658974 -0.0566443 5.120195 -0.007370082 0.9704484 0.24119635 0 0.060194436 -0.24033494 0.9688218 0 0 0 0 1 0.9980871 0.02072772 -0.058245383 5.120195 -0.0059699286 0.9700319 0.2429041 0 0.061534733 -0.24209172 0.9683001 0 0 0 0 1 0.99801904 0.01958528 -0.059786312 5.120195 -0.0043837004 0.9696476 0.24446736 0 0.062759615 -0.243721 0.96781266 0 0 0 0 1 0.9979552 0.01823356 -0.061261743 5.120195 -0.0026166015 0.9692989 0.24587153 0 0.06386405 -0.24520846 0.96736455 0 0 0 0 1 0.99789524 0.016674414 -0.06266618 5.120195 -0.00067381933 0.96898925 0.24710186 0 0.06484313 -0.24653955 0.966961 0 0 0 0 1 0.9978389 0.014909675 -0.06399397 5.120195 0.0014394801 0.96872216 0.24814372 0 0.06569212 -0.24769957 0.9666072 0 0 0 0 1 0.99778575 0.012941144 -0.065239295 5.120195 0.0037181783 0.9685008 0.24898267 0 0.06640643 -0.24867392 0.9663082 0 0 0 0 1 0.9977352 0.0107706245 -0.066396125 5.120195 0.0061571933 0.96832836 0.24960415 0 0.06698165 -0.24944766 0.966069 0 0 0 0 1 0.99768674 0.00839991 -0.06745828 5.120195 0.008751537 0.9682079 0.24999379 0 0.06741356 -0.25000584 0.96589464 0 0 0 0 1 0.9976396 0.005830829 -0.06841931 5.120195 0.011496288 0.9681421 0.25013733 0 0.06769812 -0.2503335 0.9657899 0 0 0 0 1 0.99759305 0.0030652187 -0.06927256 5.120195 0.014386643 0.9681337 0.2500204 0 0.06783147 -0.25041524 0.96575934 0 0 0 0 1 0.9975462 0.00010498706 -0.070011154 5.120195 0.017417897 0.96818495 0.24962886 0 0.067809954 -0.25023577 0.9658074 0 0 0 0 1 0.9974981 -0.003047904 -0.07062795 5.120195 0.020585496 0.96829796 0.24894837 0 0.067630135 -0.24977943 0.9659381 0 0 0 0 1 0.99744827 -0.00634949 -0.07111026 5.120195 0.02384312 0.96847516 0.24796638 0 0.06729406 -0.24902913 0.9661553 0 0 0 0 1 0.99739695 -0.009748285 -0.07144429 5.120195 0.027137194 0.96871936 0.24667054 0 0.066804856 -0.24796724 0.9664623 0 0 0 0 1 0.99734414 -0.013230853 -0.07162096 5.120195 0.030452527 0.96903276 0.24504724 0 0.06616088 -0.24657747 0.9668621 0 0 0 0 1 0.99728996 -0.016783599 -0.07163105 5.120195 0.03377411 0.9694174 0.24308272 0 0.06536058 -0.24484323 0.9673571 0 0 0 0 1 0.99723464 -0.020390201 -0.07146575 5.120195 0.037089337 0.96985817 0.24083099 0 0.06440105 -0.24281561 0.9679324 0 0 0 0 1 0.9971784 -0.02403326 -0.07111702 5.120195 0.040386427 0.9703343 0.23837018 0 0.063278474 -0.24056977 0.968567 0 0 0 0 1 0.99712175 -0.027697302 -0.0705766 5.120195 0.043651767 0.97083956 0.23572241 0 0.061989684 -0.23812474 0.9692543 0 0 0 0 1 0.9970652 -0.03136674 -0.06983655 5.120195 0.04687183 0.97136813 0.23290981 0 0.060531374 -0.23549964 0.9699876 0 0 0 0 1 0.9970093 -0.035025835 -0.06888909 5.120195 0.050033115 0.97191435 0.22995467 0 0.058899943 -0.23271368 0.9707601 0 0 0 0 1 0.9969547 -0.03865878 -0.06772676 5.120195 0.053122196 0.972473 0.22687928 0 0.057091575 -0.22978614 0.9715652 0 0 0 0 1 0.99690205 -0.04224963 -0.06634229 5.120195 0.056125585 0.9730394 0.22370586 0 0.05510217 -0.22673634 0.9723962 0 0 0 0 1 0.9968521 -0.045782425 -0.06472871 5.120195 0.059029877 0.9736089 0.22045676 0 0.052927397 -0.22358371 0.97324663 0 0 0 0 1 0.99680567 -0.049241103 -0.06287927 5.120195 0.061821558 0.97417766 0.2171542 0 0.05056267 -0.22034782 0.97411 0 0 0 0 1 0.9967633 -0.05260963 -0.060787544 5.120195 0.064487174 0.9747421 0.21382052 0 0.04800316 -0.21704847 0.9749798 0 0 0 0 1 0.99672574 -0.05587195 -0.058447305 5.120195 0.06701314 0.9752991 0.21047784 0 0.045243796 -0.21370544 0.97584987 0 0 0 0 1 0.99669355 -0.05901201 -0.05585263 5.120195 0.06938583 0.9758459 0.2071484 0 0.04227931 -0.21033886 0.9767139 0 0 0 0 1 0.9966672 -0.062013824 -0.052997757 5.120195 0.071591474 0.9763801 0.20385411 0 0.039104182 -0.2069689 0.9775657 0 0 0 0 1 0.996647 -0.06486149 -0.049877252 5.120195 0.07361625 0.9768999 0.200617 0 0.035712767 -0.2036161 0.9783992 0 0 0 0 1 0.9966331 -0.067539245 -0.046485804 5.120195 0.07544616 0.97740364 0.19745883 0 0.032099172 -0.20030117 0.9792084 0 0 0 0 1 0.99662185 -0.07002153 -0.042917076 5.120195 0.077076696 0.97789 0.19439727 0 0.028356183 -0.19704849 0.97998357 0 0 0 0 1 0.996606 -0.07234121 -0.03928394 5.120195 0.078562744 0.9783535 0.19144782 0 0.024584012 -0.19388431 0.98071635 0 0 0 0 1 0.9965802 -0.07456466 -0.03560926 5.120195 0.07997333 0.97878665 0.18862925 0 0.020788794 -0.19083197 0.9814026 0 0 0 0 1 0.9965425 -0.07671156 -0.03191121 5.120195 0.08133028 0.9791852 0.1859617 0 0.016981574 -0.18791407 0.9820387 0 0 0 0 1 0.99649113 -0.07880185 -0.028207887 5.120195 0.082655154 0.9795451 0.18346533 0 0.013173491 -0.1851531 0.9826214 0 0 0 0 1 0.99642426 -0.08085573 -0.02451739 5.120195 0.08396931 0.9798623 0.18116051 0 0.0093758 -0.18257144 0.98314786 0 0 0 0 1 0.9963401 -0.08289364 -0.020857798 5.120195 0.085293874 0.98013246 0.17906784 0 0.0055998205 -0.1801915 0.98361564 0 0 0 0 1 0.9962371 -0.08493623 -0.017247163 5.120195 0.08664976 0.98035157 0.1772078 0 0.0018569198 -0.17803544 0.9840223 0 0 0 0 1 0.99611366 -0.08700458 -0.01370234 5.120195 0.088057734 0.98052025 0.17557313 0 -0.0018402436 -0.17609738 0.984371 0 0 0 0 1 0.99611366 -0.08700458 -0.01370234 5.120195 0.088057734 0.98052025 0.17557313 0 -0.0018402436 -0.17609738 0.984371 0 0 0 0 1</float_array>
        <technique_common>
          <accessor source="#Motion_127_Head_transform_pose_array_id" count="91" stride="16">
            <param name="TRANSFORM" type="float4x4" />
          </accessor>
        </technique_common>
      </source>
      <sampler id="Motion_127_Head_transform_samp_id">
        <input semantic="INPUT" source="#Motion_127_Head_transform_frame_id" />
        <input semantic="INTERPOLATION" source="#Motion_127_Head_transform_interp_id" />
        <input semantic="OUTPUT" source="#Motion_127_Head_transform_pose_id" />
      </sampler>
      <channel source="#Motion_127_Head_transform_samp_id" target="Head_bone_id/transform" />
    </animation>
  </library_animations>
  <library_visual_scenes>
    <visual_scene id="tr0092_00_fi_00_clip_id" name="tr0092_00_fi_00_clip">
      <node id="tr0092_00_fi_bone_id" name="tr0092_00_fi" sid="tr0092_00_fi" type="JOINT">
        <matrix sid="transform">1 0 0 0 0 1 0 0 0 0 1 0 0 0 0 1</matrix>
        <node id="Origin_bone_id" name="Origin" sid="Origin" type="JOINT">
          <matrix sid="transform">1 0 0 0 0 1 0 0 0 0 1 0 0 0 0 1</matrix>
          <node id="Waist_bone_id" name="Waist" sid="Waist" type="JOINT">
            <matrix sid="transform">3.1391647E-07 -1 0 0 1 3.1391647E-07 0 90.6 0 0 1 0 0 0 0 1</matrix>
            <node id="Spine2_bone_id" name="Spine2" sid="Spine2" type="JOINT">
              <matrix sid="transform">1 0 0 13.5 0 1 0 0 0 0 1 0 0 0 0 1</matrix>
              <node id="Spine3_bone_id" name="Spine3" sid="Spine3" type="JOINT">
                <matrix sid="transform">0.99582267 0 0.091308646 13.5 0 1 0 0 -0.091308646 0 0.99582267 0 0 0 0 1</matrix>
                <node id="Neck_bone_id" name="Neck" sid="Neck" type="JOINT">
                  <matrix sid="transform">0.9344343 0 -0.35613555 16.800177 0 1 0 0 0.35613555 0 0.9344343 0 0 0 0 1</matrix>
                  <node id="Head_bone_id" name="Head" sid="Head" type="JOINT">
                    <matrix sid="transform">0.9630491 0 0.2693259 5.120195 0 1 0 0 -0.2693259 0 0.9630491 0 0 0 0 1</matrix>
                    <node id="Loc_Head_bone_id" name="Loc_Head" sid="Loc_Head" type="JOINT">
                      <matrix sid="transform">3.1391647E-07 1 0 33.790222 -1 3.1391647E-07 0 0 0 0 1 0 0 0 0 1</matrix>
                    </node>
                    <node id="Loc_Eye_bone_id" name="Loc_Eye" sid="Loc_Eye" type="JOINT">
                      <matrix sid="transform">3.1391647E-07 1 0 8.002282 -1 3.1391647E-07 0 0 0 0 1 13.722511 0 0 0 1</matrix>
                    </node>
                    <node id="Loc_Mouth_bone_id" name="Loc_Mouth" sid="Loc_Mouth" type="JOINT">
                      <matrix sid="transform">3.1391647E-07 1 0 0.400917 -1 3.1391647E-07 0 0 0 0 1 12.012478 0 0 0 1</matrix>
                    </node>
                  </node>
                </node>
                <node id="LShoulder_bone_id" name="LShoulder" sid="LShoulder" type="JOINT">
                  <matrix sid="transform">-0.44190192 0.8924043 -0.09130862 14.18017 -0.89614785 -0.44375566 -2.0772681E-07 -4.5 -0.040518906 0.08182593 0.9958226 -0.240233 0 0 0 1</matrix>
                  <node id="LArm_bone_id" name="LArm" sid="LArm" type="JOINT">
                    <matrix sid="transform">0.8961479 -0.44375545 0 12.61957 0.44375545 0.8961479 0 0 0 0 1 0 0 0 0 1</matrix>
                    <node id="LForeArm_bone_id" name="LForeArm" sid="LForeArm" type="JOINT">
                      <matrix sid="transform">1 0 0 22.6 0 1 0 0 0 0 1 0 0 0 0 1</matrix>
                      <node id="LHand_bone_id" name="LHand" sid="LHand" type="JOINT">
                        <matrix sid="transform">1 0 0 22.600002 0 1 0 0 0 0 1 0 0 0 0 1</matrix>
                      </node>
                    </node>
                  </node>
                </node>
                <node id="RShoulder_bone_id" name="RShoulder" sid="RShoulder" type="JOINT">
                  <matrix sid="transform">-0.44190192 -0.8924043 -0.09130862 14.18017 0.89614785 -0.44375566 2.0772681E-07 4.5 -0.040518906 -0.08182593 0.9958226 -0.240233 0 0 0 1</matrix>
                  <node id="RArm_bone_id" name="RArm" sid="RArm" type="JOINT">
                    <matrix sid="transform">0.8961479 0.44375545 0 12.61957 -0.44375545 0.8961479 0 0 0 0 1 0 0 0 0 1</matrix>
                    <node id="RForeArm_bone_id" name="RForeArm" sid="RForeArm" type="JOINT">
                      <matrix sid="transform">1 0 0 22.6 0 1 0 0 0 0 1 0 0 0 0 1</matrix>
                      <node id="RHand_bone_id" name="RHand" sid="RHand" type="JOINT">
                        <matrix sid="transform">1 0 0 22.600002 0 1 0 0 0 0 1 0 0 0 0 1</matrix>
                      </node>
                    </node>
                  </node>
                </node>
              </node>
            </node>
            <node id="Hips_bone_id" name="Hips" sid="Hips" type="JOINT">
              <matrix sid="transform">-1 -3.2584137E-07 0 -0.010002 3.2584137E-07 -1 0 0 0 0 1 0 0 0 0 1</matrix>
              <node id="LThigh_bone_id" name="LThigh" sid="LThigh" type="JOINT">
                <matrix sid="transform">1 0 0 11.300003 0 1 0 7.8 0 0 1 0 0 0 0 1</matrix>
                <node id="LLeg_bone_id" name="LLeg" sid="LLeg" type="JOINT">
                  <matrix sid="transform">1 0 0 34.299995 0 1 0 0 0 0 1 0 0 0 0 1</matrix>
                  <node id="LFoot_bone_id" name="LFoot" sid="LFoot" type="JOINT">
                    <matrix sid="transform">3.1391647E-07 0 -1 34.3 0 1 0 0 1 0 3.1391647E-07 0 0 0 0 1</matrix>
                  </node>
                </node>
              </node>
              <node id="RThigh_bone_id" name="RThigh" sid="RThigh" type="JOINT">
                <matrix sid="transform">1 0 0 11.299995 0 1 0 -7.8 0 0 1 0 0 0 0 1</matrix>
                <node id="RLeg_bone_id" name="RLeg" sid="RLeg" type="JOINT">
                  <matrix sid="transform">1 0 0 34.3 0 1 0 0 0 0 1 0 0 0 0 1</matrix>
                  <node id="RFoot_bone_id" name="RFoot" sid="RFoot" type="JOINT">
                    <matrix sid="transform">3.1391647E-07 0 -1 34.3 0 1 0 0 1 0 3.1391647E-07 0 0 0 0 1</matrix>
                  </node>
                </node>
              </node>
            </node>
          </node>
          <node id="CamTgtHead_bone_id" name="CamTgtHead" sid="CamTgtHead" type="JOINT">
            <matrix sid="transform">1 0 0 0 0 1 0 147.26328 0 0 1 -0.155 0 0 0 1</matrix>
          </node>
          <node id="CamTgtBust_bone_id" name="CamTgtBust" sid="CamTgtBust" type="JOINT">
            <matrix sid="transform">1 0 0 0 0 1 0 117.6 0 0 1 0 0 0 0 1</matrix>
          </node>
          <node id="CamTgtBody_bone_id" name="CamTgtBody" sid="CamTgtBody" type="JOINT">
            <matrix sid="transform">1 0 0 0 0 1 0 90.6 0 0 1 0 0 0 0 1</matrix>
          </node>
          <node id="CamTgtFoot_bone_id" name="CamTgtFoot" sid="CamTgtFoot" type="JOINT">
            <matrix sid="transform">1 0 0 0 0 1 0 0 0 0 1 0 0 0 0 1</matrix>
          </node>
        </node>
        <node id="tr0092_00_fi_HeadSkin_bone_id" name="tr0092_00_fi_HeadSkin" sid="tr0092_00_fi_HeadSkin" type="JOINT">
          <matrix sid="transform">1 0 0 0 0 1 0 0 0 0 1 0 0 0 0 1</matrix>
        </node>
        <node id="tr0092_00_fi_FaceSkin_bone_id" name="tr0092_00_fi_FaceSkin" sid="tr0092_00_fi_FaceSkin" type="JOINT">
          <matrix sid="transform">1 0 0 0 0 1 0 0 0 0 1 0 0 0 0 1</matrix>
        </node>
        <node id="tr0092_00_fi_BodySkin_bone_id" name="tr0092_00_fi_BodySkin" sid="tr0092_00_fi_BodySkin" type="JOINT">
          <matrix sid="transform">1 0 0 0 0 1 0 0 0 0 1 0 0 0 0 1</matrix>
        </node>
        <node id="tr0092_00_fi_BottomSkin_bone_id" name="tr0092_00_fi_BottomSkin" sid="tr0092_00_fi_BottomSkin" type="JOINT">
          <matrix sid="transform">1 0 0 0 0 1 0 0 0 0 1 0 0 0 0 1</matrix>
        </node>
      </node>
    </visual_scene>
  </library_visual_scenes>
  <scene>
    <instance_visual_scene url="#tr0092_00_fi_00_clip_id" />
  </scene>
</COLLADA>