<?xml version="1.0" encoding="utf-8"?>
<COLLADA xmlns:xsi="http://www.w3.org/2001/XMLSchema-instance" xmlns:xsd="http://www.w3.org/2001/XMLSchema" version="1.4.1" xmlns="http://www.collada.org/2005/11/COLLADASchema">
  <asset>
    <created>2026-02-17T05:46:52.9743182-05:00</created>
    <modified>2026-02-17T05:46:52.9743183-05:00</modified>
    <up_axis>Y_UP</up_axis>
  </asset>
  <library_animations>
    <animation id="Motion_30_Waist_transform_id" name="Motion_30_Waist_transform">
      <source id="Motion_30_Waist_transform_frame_id" name="Motion_30_Waist_transform_frame">
        <float_array id="Motion_30_Waist_transform_frame_array_id" count="17">0 0.033333335 0.06666667 0.1 0.13333334 0.16666667 0.2 0.23333333 0.26666668 0.3 0.33333334 0.36666667 0.4 0.43333334 0.46666667 0.5 0.53333336</float_array>
        <technique_common>
          <accessor source="#Motion_30_Waist_transform_frame_array_id" count="17" stride="1">
            <param name="TIME" type="float" />
          </accessor>
        </technique_common>
      </source>
      <source id="Motion_30_Waist_transform_interp_id" name="Motion_30_Waist_transform_interp">
        <Name_array id="Motion_30_Waist_transform_interp_array_id" count="17">LINEAR LINEAR LINEAR LINEAR LINEAR LINEAR LINEAR LINEAR LINEAR LINEAR LINEAR LINEAR LINEAR LINEAR LINEAR LINEAR LINEAR</Name_array>
        <technique_common>
          <accessor source="#Motion_30_Waist_transform_interp_array_id" count="17" stride="1">
            <param name="INTERPOLATION" type="Name" />
          </accessor>
        </technique_common>
      </source>
      <source id="Motion_30_Waist_transform_pose_id" name="Motion_30_Waist_transform_pose">
        <float_array id="Motion_30_Waist_transform_pose_array_id" count="272">-0.24528727 -0.8346332 0.011025606 2.6526551 -0.054972745 0.004686127 -0.8682488 11.905595 0.8328938 -0.24549024 -0.054059196 -9.261012 0 0 0 1 -0.24568044 -0.8345088 0.011671135 2.6628973 -0.056954086 0.0046261293 -0.86812145 11.878737 0.8326448 -0.245914 -0.05593711 -9.515497 0 0 0 1 -0.24575864 -0.8344839 0.011799349 2.6721094 -0.057392374 0.0046277368 -0.86809254 11.943369 0.8325916 -0.24599819 -0.05635673 -10.08453 0 0 0 1 -0.2456207 -0.83452755 0.011579583 2.6822078 -0.056773342 0.0046638804 -0.86813307 12.20138 0.83267474 -0.24584939 -0.055775218 -10.67659 0 0 0 1 -0.24544077 -0.8345847 0.011282656 2.6951084 -0.055843797 0.0046859193 -0.8681932 13.764117 0.8327907 -0.24565521 -0.054892525 -11.000097 0 0 0 1 -0.2453077 -0.8346266 0.011061205 2.7127273 -0.05509352 0.004686127 -0.8682411 18.957727 0.83287966 -0.24551232 -0.054174628 -10.763624 0 0 0 1 -0.24873124 -0.8336134 0.011023946 2.7361088 -0.05494163 0.004911286 -0.8682496 20.773417 0.8318739 -0.248927 -0.054047894 -9.7980175 0 0 0 1 -0.27122018 -0.82657 0.011032788 2.8335578 -0.05475609 0.0063778264 -0.86825174 19.80714 0.82482815 -0.2713695 -0.054010972 -8.761781 0 0 0 1 -0.3031442 -0.8154033 0.011002192 2.8618717 -0.05443404 0.008521815 -0.8682536 17.62973 0.8136587 -0.3032241 -0.053987324 -8.035625 0 0 0 1 -0.33163536 -0.804234 0.011199245 2.6760206 -0.054332063 0.010313959 -0.86824054 15.205944 0.80247486 -0.3316642 -0.054156374 -7.9018826 0 0 0 1 -0.34372985 -0.79914206 0.011039788 2.653983 -0.054059923 0.0112579465 -0.86824584 10.200024 0.79738784 -0.3437227 -0.054104935 -8.150553 0 0 0 1 -0.33655858 -0.8021897 0.010967397 2.637334 -0.054069802 0.010814318 -0.8682509 9.721945 0.8004405 -0.3365634 -0.054039076 -8.371213 0 0 0 1 -0.3186668 -0.80946094 0.01115089 2.6271417 -0.054409277 0.009459164 -0.8682454 10.238135 0.8077072 -0.31872156 -0.05408782 -8.545731 0 0 0 1 -0.2951095 -0.81834304 0.011183014 2.6234915 -0.054644912 0.007841048 -0.86824673 10.920769 0.8165931 -0.29521725 -0.054060027 -8.6559305 0 0 0 1 -0.27122575 -0.82656795 0.011053245 2.6264696 -0.054855343 0.0063892864 -0.8682455 12.850961 0.8248197 -0.27137557 -0.054108772 -8.844749 0 0 0 1 -0.2527399 -0.83240646 0.011056019 2.6361623 -0.05501768 0.00517264 -0.8682433 12.324146 0.8306598 -0.2529286 -0.0541431 -9.120131 0 0 0 1 -0.2527399 -0.83240646 0.011056019 2.6361623 -0.05501768 0.00517264 -0.8682433 12.324146 0.8306598 -0.2529286 -0.0541431 -9.120131 0 0 0 1</float_array>
        <technique_common>
          <accessor source="#Motion_30_Waist_transform_pose_array_id" count="17" stride="16">
            <param name="TRANSFORM" type="float4x4" />
          </accessor>
        </technique_common>
      </source>
      <sampler id="Motion_30_Waist_transform_samp_id">
        <input semantic="INPUT" source="#Motion_30_Waist_transform_frame_id" />
        <input semantic="INTERPOLATION" source="#Motion_30_Waist_transform_interp_id" />
        <input semantic="OUTPUT" source="#Motion_30_Waist_transform_pose_id" />
      </sampler>
      <channel source="#Motion_30_Waist_transform_samp_id" target="Waist_bone_id/transform" />
    </animation>
    <animation id="Motion_30_Hips_transform_id" name="Motion_30_Hips_transform">
      <source id="Motion_30_Hips_transform_frame_id" name="Motion_30_Hips_transform_frame">
        <float_array id="Motion_30_Hips_transform_frame_array_id" count="17">0 0.033333335 0.06666667 0.1 0.13333334 0.16666667 0.2 0.23333333 0.26666668 0.3 0.33333334 0.36666667 0.4 0.43333334 0.46666667 0.5 0.53333336</float_array>
        <technique_common>
          <accessor source="#Motion_30_Hips_transform_frame_array_id" count="17" stride="1">
            <param name="TIME" type="float" />
          </accessor>
        </technique_common>
      </source>
      <source id="Motion_30_Hips_transform_interp_id" name="Motion_30_Hips_transform_interp">
        <Name_array id="Motion_30_Hips_transform_interp_array_id" count="17">LINEAR LINEAR LINEAR LINEAR LINEAR LINEAR LINEAR LINEAR LINEAR LINEAR LINEAR LINEAR LINEAR LINEAR LINEAR LINEAR LINEAR</Name_array>
        <technique_common>
          <accessor source="#Motion_30_Hips_transform_interp_array_id" count="17" stride="1">
            <param name="INTERPOLATION" type="Name" />
          </accessor>
        </technique_common>
      </source>
      <source id="Motion_30_Hips_transform_pose_id" name="Motion_30_Hips_transform_pose">
        <float_array id="Motion_30_Hips_transform_pose_array_id" count="272">-0.9982939 -0.031659406 -0.049062613 -0.001 0.031697635 -0.99949753 -1.06683E-06 0 -0.049037922 -0.0015562336 0.9987957 0 0 0 0 1 -0.9984896 -0.04568888 0.030510703 -0.001 0.04560755 -0.9989537 -0.0033566325 0 0.030632144 -0.0019600445 0.9995288 0 0 0 0 1 -0.97618246 -0.07749044 0.20264053 -0.001 0.07555988 -0.996992 -0.017257769 0 0.20336828 -0.0015352359 0.9791011 0 0 0 0 1 -0.9241601 -0.112051055 0.36520123 -0.001 0.10502724 -0.99369967 -0.03911024 0 0.3672828 0.002211947 0.9301067 0 0 0 0 1 -0.8745296 -0.15587604 0.4592392 -0.001 0.16392022 -0.986215 -0.022589972 0 0.4564298 0.055522993 0.88802534 0 0 0 0 1 -0.85383856 -0.19659214 0.4819869 -0.001 0.23611294 -0.97147596 0.022029214 0 0.46390787 0.13261274 0.87590146 0 0 0 0 1 -0.8959031 -0.20072229 0.39631748 -0.001 0.24248643 -0.9684386 0.057673763 0 0.37223285 0.14777175 0.91630024 0 0 0 0 1 -0.97010374 -0.18213278 0.16039582 -0.001 0.20238757 -0.97186303 0.12050712 0 0.13393442 0.1493665 0.9796689 0 0 0 0 1 -0.9830122 -0.15148959 -0.10362354 -0.001 0.13291326 -0.9769064 0.16729578 0 -0.12657407 0.15068087 0.980446 0 0 0 0 1 -0.9664122 -0.11534444 -0.22965746 -0.001 0.07539975 -0.98155284 0.17569396 0 -0.24568631 0.15247673 0.9572821 0 0 0 0 1 -0.9803864 -0.03165368 -0.19452672 -0.001 0.031351462 -0.99949765 0.0046329666 0 -0.19457565 -0.0015565994 0.9808863 0 0 0 0 1 -0.9943409 0.07709256 -0.0730984 -0.001 -0.07587057 -0.99693 -0.019352935 0 -0.074365936 -0.013697393 0.99713695 0 0 0 0 1 -0.9596547 0.27542984 0.056576107 -0.001 -0.27698392 -0.9606314 -0.021605778 0 0.048397917 -0.036404762 0.9981645 0 0 0 0 1 -0.9186249 0.37783524 0.11562309 -0.001 -0.38094178 -0.92458427 -0.0052071214 0 0.10493587 -0.04882906 0.9932795 0 0 0 0 1 -0.9586282 0.27542254 0.071930476 -0.001 -0.27728704 -0.9606334 -0.01716977 0 0.064369895 -0.03640482 0.9972619 0 0 0 0 1 -0.9969852 0.077094115 -0.00876057 -0.001 -0.076963134 -0.99692965 -0.014416417 0 -0.009845093 -0.013698716 0.9998577 0 0 0 0 1 -0.9969852 0.077094115 -0.00876057 -0.001 -0.076963134 -0.99692965 -0.014416417 0 -0.009845093 -0.013698716 0.9998577 0 0 0 0 1</float_array>
        <technique_common>
          <accessor source="#Motion_30_Hips_transform_pose_array_id" count="17" stride="16">
            <param name="TRANSFORM" type="float4x4" />
          </accessor>
        </technique_common>
      </source>
      <sampler id="Motion_30_Hips_transform_samp_id">
        <input semantic="INPUT" source="#Motion_30_Hips_transform_frame_id" />
        <input semantic="INTERPOLATION" source="#Motion_30_Hips_transform_interp_id" />
        <input semantic="OUTPUT" source="#Motion_30_Hips_transform_pose_id" />
      </sampler>
      <channel source="#Motion_30_Hips_transform_samp_id" target="Hips_bone_id/transform" />
    </animation>
    <animation id="Motion_30_Tail1_transform_id" name="Motion_30_Tail1_transform">
      <source id="Motion_30_Tail1_transform_frame_id" name="Motion_30_Tail1_transform_frame">
        <float_array id="Motion_30_Tail1_transform_frame_array_id" count="17">0 0.033333335 0.06666667 0.1 0.13333334 0.16666667 0.2 0.23333333 0.26666668 0.3 0.33333334 0.36666667 0.4 0.43333334 0.46666667 0.5 0.53333336</float_array>
        <technique_common>
          <accessor source="#Motion_30_Tail1_transform_frame_array_id" count="17" stride="1">
            <param name="TIME" type="float" />
          </accessor>
        </technique_common>
      </source>
      <source id="Motion_30_Tail1_transform_interp_id" name="Motion_30_Tail1_transform_interp">
        <Name_array id="Motion_30_Tail1_transform_interp_array_id" count="17">LINEAR LINEAR LINEAR LINEAR LINEAR LINEAR LINEAR LINEAR LINEAR LINEAR LINEAR LINEAR LINEAR LINEAR LINEAR LINEAR LINEAR</Name_array>
        <technique_common>
          <accessor source="#Motion_30_Tail1_transform_interp_array_id" count="17" stride="1">
            <param name="INTERPOLATION" type="Name" />
          </accessor>
        </technique_common>
      </source>
      <source id="Motion_30_Tail1_transform_pose_id" name="Motion_30_Tail1_transform_pose">
        <float_array id="Motion_30_Tail1_transform_pose_array_id" count="272">0.9218823 -0.029598553 -0.38633797 10.045354 0.046150517 0.998368 0.033636596 0 0.3847119 -0.04883868 0.92174375 0 0 0 0 1 0.9484437 -0.01859066 -0.31640002 10.045354 0.041281648 0.99702024 0.06516451 0 0.3142458 -0.074866384 0.946385 0 0 0 0 1 0.9880348 -0.0057992013 -0.15412211 10.045354 0.024572551 0.9924474 0.12018479 0 0.15226111 -0.122533925 0.98071504 0 0 0 0 1 0.999263 -0.0037743773 0.038199745 10.045354 -0.002406758 0.9870356 0.16048351 0 -0.03831023 -0.16045716 0.98629904 0 0 0 0 1 0.9833168 -0.018447503 0.18096364 10.045354 -0.00954181 0.9882435 0.15259004 0 -0.18165106 -0.15177107 0.9715804 0 0 0 0 1 0.97487664 -0.024413511 0.22140352 10.045354 0.0061880266 0.99656016 0.082640834 0 -0.22265948 -0.07919457 0.9716743 0 0 0 0 1 0.97473705 -0.028203115 0.22156787 10.045354 0.014199711 0.99781394 0.0645422 0 -0.22290379 -0.059765466 0.97300667 0 0 0 0 1 0.97699434 -0.02885757 0.21130385 10.045354 0.015818022 0.99787915 0.06314247 0 -0.21267785 -0.058347426 0.97537875 0 0 0 0 1 0.98168576 -0.025752297 0.1887587 10.045354 0.014362002 0.9980059 0.06146457 0 -0.18996516 -0.05762794 0.98009807 0 0 0 0 1 0.9883432 -0.020326275 0.15087926 10.045354 0.011706855 0.99825966 0.05779793 0 -0.15179151 -0.055357873 0.9868611 0 0 0 0 1 0.9953927 -0.016596403 0.09443501 10.045354 0.0118622035 0.9986549 0.050474167 0 -0.09514567 -0.04912141 0.99425066 0 0 0 0 1 0.99970853 -0.017860223 0.016242865 10.045354 0.017095458 0.9987923 0.046061926 0 -0.017045926 -0.045770824 0.99880654 0 0 0 0 1 0.99609756 -0.022006115 -0.08547157 10.045354 0.02565897 0.99879324 0.041876856 0 0.08444688 -0.043906543 0.99546015 0 0 0 0 1 0.9797091 -0.027116092 -0.19858196 10.045354 0.034998566 0.9987282 0.036291346 0 0.19734532 -0.04250505 0.97941214 0 0 0 0 1 0.9542603 -0.031383406 -0.2973255 10.045354 0.042588722 0.9986028 0.03128277 0 0.2959283 -0.04251462 0.95426357 0 0 0 0 1 0.9304893 -0.032658074 -0.36486042 10.045354 0.046654757 0.9984721 0.029610164 0 0.36333597 -0.044574417 0.9305913 0 0 0 0 1 0.9304893 -0.032658074 -0.36486042 10.045354 0.046654757 0.9984721 0.029610164 0 0.36333597 -0.044574417 0.9305913 0 0 0 0 1</float_array>
        <technique_common>
          <accessor source="#Motion_30_Tail1_transform_pose_array_id" count="17" stride="16">
            <param name="TRANSFORM" type="float4x4" />
          </accessor>
        </technique_common>
      </source>
      <sampler id="Motion_30_Tail1_transform_samp_id">
        <input semantic="INPUT" source="#Motion_30_Tail1_transform_frame_id" />
        <input semantic="INTERPOLATION" source="#Motion_30_Tail1_transform_interp_id" />
        <input semantic="OUTPUT" source="#Motion_30_Tail1_transform_pose_id" />
      </sampler>
      <channel source="#Motion_30_Tail1_transform_samp_id" target="Tail1_bone_id/transform" />
    </animation>
    <animation id="Motion_30_Tail2_transform_id" name="Motion_30_Tail2_transform">
      <source id="Motion_30_Tail2_transform_frame_id" name="Motion_30_Tail2_transform_frame">
        <float_array id="Motion_30_Tail2_transform_frame_array_id" count="17">0 0.033333335 0.06666667 0.1 0.13333334 0.16666667 0.2 0.23333333 0.26666668 0.3 0.33333334 0.36666667 0.4 0.43333334 0.46666667 0.5 0.53333336</float_array>
        <technique_common>
          <accessor source="#Motion_30_Tail2_transform_frame_array_id" count="17" stride="1">
            <param name="TIME" type="float" />
          </accessor>
        </technique_common>
      </source>
      <source id="Motion_30_Tail2_transform_interp_id" name="Motion_30_Tail2_transform_interp">
        <Name_array id="Motion_30_Tail2_transform_interp_array_id" count="17">LINEAR LINEAR LINEAR LINEAR LINEAR LINEAR LINEAR LINEAR LINEAR LINEAR LINEAR LINEAR LINEAR LINEAR LINEAR LINEAR LINEAR</Name_array>
        <technique_common>
          <accessor source="#Motion_30_Tail2_transform_interp_array_id" count="17" stride="1">
            <param name="INTERPOLATION" type="Name" />
          </accessor>
        </technique_common>
      </source>
      <source id="Motion_30_Tail2_transform_pose_id" name="Motion_30_Tail2_transform_pose">
        <float_array id="Motion_30_Tail2_transform_pose_array_id" count="272">0.9266361 0.10180627 0.36191294 28.887178 -0.042720318 0.984916 -0.16767687 1.427915E-05 -0.3735244 0.1399144 0.9170079 7.100376E-05 0 0 0 1 0.8986089 0.14022294 0.41573977 28.887178 -0.083097786 0.98479694 -0.15254426 1.427915E-05 -0.43080944 0.10253058 0.89659953 7.100376E-05 0 0 0 1 0.84861904 0.20497762 0.48767805 28.887178 -0.1631666 0.97835326 -0.12728527 1.427915E-05 -0.50321203 0.028443936 0.8636947 7.100376E-05 0 0 0 1 0.8443624 0.2517269 0.47295433 28.887178 -0.23249641 0.9674583 -0.09984909 1.427915E-05 -0.48269832 -0.025651366 0.875411 7.100376E-05 0 0 0 1 0.9520532 0.22453451 0.20779538 28.887178 -0.21950665 0.97446597 -0.047254264 1.427915E-05 -0.21309975 -0.0006238986 0.9770303 7.100376E-05 0 0 0 1 0.93269193 0.07438902 -0.35291934 28.887178 -0.089210965 0.99567604 -0.025895387 1.427915E-05 0.34946698 0.055636697 0.93529534 7.100376E-05 0 0 0 1 0.872147 -0.0056522107 -0.4892112 28.887178 -0.030055843 0.9974256 -0.06510639 1.427915E-05 0.48831975 0.071485996 0.8697319 7.100376E-05 0 0 0 1 0.94880635 -0.028878521 -0.3145355 28.887178 -0.004923229 0.9943385 -0.10614452 1.427915E-05 0.31582004 0.102259114 0.9432925 7.100376E-05 0 0 0 1 0.99801093 -0.01220029 0.061848793 28.887178 0.020416325 0.99077034 -0.13400471 1.427915E-05 -0.059643056 0.13500088 0.9890488 7.100376E-05 0 0 0 1 0.8581656 0.022716831 0.51287013 28.887178 0.05626102 0.98884153 -0.13793866 1.427915E-05 -0.5102808 0.14722882 0.84731174 7.100376E-05 0 0 0 1 0.47160083 0.032728393 0.8812046 28.887178 0.10158536 0.9906414 -0.09115913 1.427915E-05 -0.8759413 0.1325082 0.4638626 7.100376E-05 0 0 0 1 0.46264184 0.03346986 0.88591325 28.887178 0.098307386 0.9911876 -0.08878524 1.427915E-05 -0.8810779 0.12816758 0.45527452 7.100376E-05 0 0 0 1 0.62101865 0.034751162 0.783025 28.887178 0.07737884 0.9914181 -0.10536909 1.427915E-05 -0.77996695 0.12602574 0.6130001 7.100376E-05 0 0 0 1 0.8064689 0.042355143 0.58975756 28.887178 0.042210415 0.99076205 -0.12887543 1.427915E-05 -0.58976793 0.12882793 0.79723096 7.100376E-05 0 0 0 1 0.9018329 0.060170855 0.42787486 28.887178 0.004932452 0.98875815 -0.14944245 1.427915E-05 -0.43205684 0.13688259 0.89139783 7.100376E-05 0 0 0 1 0.92662024 0.0851158 0.36623797 28.887178 -0.026058977 0.9862364 -0.16327505 1.427915E-05 -0.3750945 0.14175017 0.9160846 7.100376E-05 0 0 0 1 0.92662024 0.0851158 0.36623797 28.887178 -0.026058977 0.9862364 -0.16327505 1.427915E-05 -0.3750945 0.14175017 0.9160846 7.100376E-05 0 0 0 1</float_array>
        <technique_common>
          <accessor source="#Motion_30_Tail2_transform_pose_array_id" count="17" stride="16">
            <param name="TRANSFORM" type="float4x4" />
          </accessor>
        </technique_common>
      </source>
      <sampler id="Motion_30_Tail2_transform_samp_id">
        <input semantic="INPUT" source="#Motion_30_Tail2_transform_frame_id" />
        <input semantic="INTERPOLATION" source="#Motion_30_Tail2_transform_interp_id" />
        <input semantic="OUTPUT" source="#Motion_30_Tail2_transform_pose_id" />
      </sampler>
      <channel source="#Motion_30_Tail2_transform_samp_id" target="Tail2_bone_id/transform" />
    </animation>
    <animation id="Motion_30_RThigh_transform_id" name="Motion_30_RThigh_transform">
      <source id="Motion_30_RThigh_transform_frame_id" name="Motion_30_RThigh_transform_frame">
        <float_array id="Motion_30_RThigh_transform_frame_array_id" count="17">0 0.033333335 0.06666667 0.1 0.13333334 0.16666667 0.2 0.23333333 0.26666668 0.3 0.33333334 0.36666667 0.4 0.43333334 0.46666667 0.5 0.53333336</float_array>
        <technique_common>
          <accessor source="#Motion_30_RThigh_transform_frame_array_id" count="17" stride="1">
            <param name="TIME" type="float" />
          </accessor>
        </technique_common>
      </source>
      <source id="Motion_30_RThigh_transform_interp_id" name="Motion_30_RThigh_transform_interp">
        <Name_array id="Motion_30_RThigh_transform_interp_array_id" count="17">LINEAR LINEAR LINEAR LINEAR LINEAR LINEAR LINEAR LINEAR LINEAR LINEAR LINEAR LINEAR LINEAR LINEAR LINEAR LINEAR LINEAR</Name_array>
        <technique_common>
          <accessor source="#Motion_30_RThigh_transform_interp_array_id" count="17" stride="1">
            <param name="INTERPOLATION" type="Name" />
          </accessor>
        </technique_common>
      </source>
      <source id="Motion_30_RThigh_transform_pose_id" name="Motion_30_RThigh_transform_pose">
        <float_array id="Motion_30_RThigh_transform_pose_array_id" count="272">-0.119725466 -0.0012118435 -0.9928063 5.1066937 0.01775774 0.9998367 -0.0033618817 -8.4549 0.99264824 -0.018032499 -0.11968446 -0.6560296 0 0 0 1 -0.25172734 0.16851696 -0.9530139 5.1066937 -0.106941104 0.9738501 0.20044856 -8.4549 0.9618716 0.15237473 -0.22712326 -0.6560296 0 0 0 1 -0.31222892 0.32492277 -0.8927138 5.1066937 -0.21164086 0.89228654 0.3987892 -8.4549 0.9261322 0.31344834 -0.20983076 -0.6560296 0 0 0 1 -0.21725976 0.29868674 -0.92929256 5.1066937 -0.16110961 0.92800283 0.33593816 -8.4549 0.96272635 0.22270375 -0.15349638 -0.6560296 0 0 0 1 0.012479305 0.22118063 -0.9751531 5.1066937 -0.013149306 0.9751809 0.2210187 -8.4549 0.9998357 0.010064416 0.015077949 -0.6560296 0 0 0 1 0.277591 0.11269063 -0.9540671 5.1066937 0.18202141 0.9689391 0.16740736 -8.4549 0.9432982 -0.22013143 0.24845666 -0.6560296 0 0 0 1 0.4787584 0.020161286 -0.87771523 5.1066937 0.32652408 0.92393184 0.19932869 -8.4549 0.81496775 -0.38202545 0.43575698 -0.6560296 0 0 0 1 0.55506396 -0.01667729 -0.8316404 5.1066937 0.37477353 0.89758426 0.23213641 -8.4549 0.742596 -0.44052738 0.5044669 -0.6560296 0 0 0 1 0.53079754 0.03476304 -0.84678537 5.1066937 0.30375332 0.9249745 0.22837713 -8.4549 0.7911939 -0.37843588 0.4804148 -0.6560296 0 0 0 1 0.5168466 0.13337137 -0.845625 5.1066937 0.20925473 0.9381438 0.27585998 -8.4549 0.83010966 -0.3195283 0.45696783 -0.6560296 0 0 0 1 0.57199776 0.22427379 -0.78899926 5.1066937 0.12261926 0.927707 0.35259637 -8.4549 0.8110383 -0.29843083 0.50314605 -0.6560296 0 0 0 1 0.60600084 0.3005693 -0.7364924 5.1066937 -0.03622879 0.93533313 0.35190824 -8.4549 0.7946385 -0.18657443 0.5777019 -0.6560296 0 0 0 1 0.19158381 0.39879972 -0.89680237 5.1066937 -0.12169446 0.9163292 0.38148552 -8.4549 0.9739025 0.03604941 0.22408557 -0.6560296 0 0 0 1 -0.27585888 0.3898512 -0.8785888 5.1066937 -0.064110115 0.9045577 0.4215036 -8.4549 0.9590579 0.17260188 -0.2245369 -0.6560296 0 0 0 1 -0.30769408 0.3363424 -0.89005506 5.1066937 -0.0060759187 0.9347239 0.35532272 -8.4549 0.95146585 0.114738606 -0.28556538 -0.6560296 0 0 0 1 -0.077233315 0.1243922 -0.9892228 5.1066937 0.04022001 0.9917674 0.12157202 -8.4549 0.9962016 -0.030397162 -0.08160043 -0.6560296 0 0 0 1 -0.077233315 0.1243922 -0.9892228 5.1066937 0.04022001 0.9917674 0.12157202 -8.4549 0.9962016 -0.030397162 -0.08160043 -0.6560296 0 0 0 1</float_array>
        <technique_common>
          <accessor source="#Motion_30_RThigh_transform_pose_array_id" count="17" stride="16">
            <param name="TRANSFORM" type="float4x4" />
          </accessor>
        </technique_common>
      </source>
      <sampler id="Motion_30_RThigh_transform_samp_id">
        <input semantic="INPUT" source="#Motion_30_RThigh_transform_frame_id" />
        <input semantic="INTERPOLATION" source="#Motion_30_RThigh_transform_interp_id" />
        <input semantic="OUTPUT" source="#Motion_30_RThigh_transform_pose_id" />
      </sampler>
      <channel source="#Motion_30_RThigh_transform_samp_id" target="RThigh_bone_id/transform" />
    </animation>
    <animation id="Motion_30_RFoot_transform_id" name="Motion_30_RFoot_transform">
      <source id="Motion_30_RFoot_transform_frame_id" name="Motion_30_RFoot_transform_frame">
        <float_array id="Motion_30_RFoot_transform_frame_array_id" count="17">0 0.033333335 0.06666667 0.1 0.13333334 0.16666667 0.2 0.23333333 0.26666668 0.3 0.33333334 0.36666667 0.4 0.43333334 0.46666667 0.5 0.53333336</float_array>
        <technique_common>
          <accessor source="#Motion_30_RFoot_transform_frame_array_id" count="17" stride="1">
            <param name="TIME" type="float" />
          </accessor>
        </technique_common>
      </source>
      <source id="Motion_30_RFoot_transform_interp_id" name="Motion_30_RFoot_transform_interp">
        <Name_array id="Motion_30_RFoot_transform_interp_array_id" count="17">LINEAR LINEAR LINEAR LINEAR LINEAR LINEAR LINEAR LINEAR LINEAR LINEAR LINEAR LINEAR LINEAR LINEAR LINEAR LINEAR LINEAR</Name_array>
        <technique_common>
          <accessor source="#Motion_30_RFoot_transform_interp_array_id" count="17" stride="1">
            <param name="INTERPOLATION" type="Name" />
          </accessor>
        </technique_common>
      </source>
      <source id="Motion_30_RFoot_transform_pose_id" name="Motion_30_RFoot_transform_pose">
        <float_array id="Motion_30_RFoot_transform_pose_array_id" count="272">0.051639438 0.03448442 -0.99807024 8.212584 -0.1548236 0.987597 0.026112095 1.1789E-07 0.9865916 0.15317641 0.056337953 -3.269041 0 0 0 1 0.2701711 -0.074206784 -0.95994836 7.2939 -0.23764174 0.9610392 -0.14117381 1.1789E-07 0.9330241 0.2662649 0.24201041 -3.8360848 0 0 0 1 0.47901314 -0.1923861 -0.856466 6.4102383 -0.2680011 0.8970499 -0.35139278 1.1789E-07 0.83589584 0.3978556 0.37813896 -4.122847 0 0 0 1 0.41892403 -0.17977583 -0.8900468 6.703043 -0.29222545 0.9013638 -0.31960532 1.1789E-07 0.85971326 0.39398465 0.32506788 -3.763576 0 0 0 1 0.25596392 -0.13890696 -0.95665425 7.4099455 -0.33786112 0.91435647 -0.22316393 1.1789E-07 0.90572196 0.38033816 0.18711102 -2.8838658 0 0 0 1 0.022592902 -0.07884461 -0.9966308 8.328534 -0.38099456 0.92097855 -0.08149649 1.1789E-07 0.92430115 0.38155216 -0.009231806 -1.7811372 0 0 0 1 -0.2286979 -0.023190007 -0.97322136 9.1566105 -0.401888 0.9127991 0.07268962 1.1789E-07 0.88666993 0.4077499 -0.21807504 -0.7527971 0 0 0 1 -0.44082975 0.0036502182 -0.8975833 9.691695 -0.39645675 0.89636856 0.19835696 1.1789E-07 0.80528945 0.4432946 -0.3936987 -0.09611225 0 0 0 1 -0.5794672 -0.031077668 -0.814403 9.770022 -0.37199038 0.8991965 0.2303666 1.1789E-07 0.7251491 0.43643993 -0.5326154 -0.00011873245 0 0 0 1 -0.65994596 -0.03973645 -0.75026125 9.781389 -0.32296354 0.91663325 0.23553763 1.1789E-07 0.67835504 0.3977492 -0.61776185 -0.00011873245 0 0 0 1 -0.68918824 0.041797973 -0.7233761 9.52889 -0.28126985 0.9046155 0.32024688 1.1789E-07 0.66776294 0.42417413 -0.611694 -1.4040918 0 0 0 1 -0.57887924 0.027940579 -0.81493425 8.810986 -0.2346906 0.9514137 0.19932967 1.1789E-07 0.78090894 0.30664527 -0.54419625 -2.6747265 0 0 0 1 -0.070120215 -0.03104034 -0.9970554 5.749994 -0.047884643 0.9984682 -0.027716719 1.1789E-07 0.99638855 0.045800142 -0.07149911 -4.2052374 0 0 0 1 0.459198 -0.17333537 -0.8712589 4.394975 0.12810233 0.98344815 -0.12813874 1.1789E-07 0.8790489 -0.052769247 0.4738021 -4.044948 0 0 0 1 0.37117374 -0.097794324 -0.92339927 7.6111455 0.051580936 0.9950746 -0.08465153 1.1789E-07 0.9271297 -0.016209375 0.3743899 -3.6762447 0 0 0 1 0.15412903 0.013434712 -0.9879594 8.165587 -0.08400059 0.9964656 0.00044566393 1.1789E-07 0.9844736 0.08292048 0.1547128 -3.3118405 0 0 0 1 0.15412903 0.013434712 -0.9879594 8.165587 -0.08400059 0.9964656 0.00044566393 1.1789E-07 0.9844736 0.08292048 0.1547128 -3.3118405 0 0 0 1</float_array>
        <technique_common>
          <accessor source="#Motion_30_RFoot_transform_pose_array_id" count="17" stride="16">
            <param name="TRANSFORM" type="float4x4" />
          </accessor>
        </technique_common>
      </source>
      <sampler id="Motion_30_RFoot_transform_samp_id">
        <input semantic="INPUT" source="#Motion_30_RFoot_transform_frame_id" />
        <input semantic="INTERPOLATION" source="#Motion_30_RFoot_transform_interp_id" />
        <input semantic="OUTPUT" source="#Motion_30_RFoot_transform_pose_id" />
      </sampler>
      <channel source="#Motion_30_RFoot_transform_samp_id" target="RFoot_bone_id/transform" />
    </animation>
    <animation id="Motion_30_RToe_transform_id" name="Motion_30_RToe_transform">
      <source id="Motion_30_RToe_transform_frame_id" name="Motion_30_RToe_transform_frame">
        <float_array id="Motion_30_RToe_transform_frame_array_id" count="17">0 0.033333335 0.06666667 0.1 0.13333334 0.16666667 0.2 0.23333333 0.26666668 0.3 0.33333334 0.36666667 0.4 0.43333334 0.46666667 0.5 0.53333336</float_array>
        <technique_common>
          <accessor source="#Motion_30_RToe_transform_frame_array_id" count="17" stride="1">
            <param name="TIME" type="float" />
          </accessor>
        </technique_common>
      </source>
      <source id="Motion_30_RToe_transform_interp_id" name="Motion_30_RToe_transform_interp">
        <Name_array id="Motion_30_RToe_transform_interp_array_id" count="17">LINEAR LINEAR LINEAR LINEAR LINEAR LINEAR LINEAR LINEAR LINEAR LINEAR LINEAR LINEAR LINEAR LINEAR LINEAR LINEAR LINEAR</Name_array>
        <technique_common>
          <accessor source="#Motion_30_RToe_transform_interp_array_id" count="17" stride="1">
            <param name="INTERPOLATION" type="Name" />
          </accessor>
        </technique_common>
      </source>
      <source id="Motion_30_RToe_transform_pose_id" name="Motion_30_RToe_transform_pose">
        <float_array id="Motion_30_RToe_transform_pose_array_id" count="272">0.99894875 -0.0008264576 -0.04583375 1.5516 -1.268927E-07 0.9998374 -0.01803147 2.4018E-07 0.045841202 0.01801252 0.99878633 -4.51812 0 0 0 1 0.99894875 -0.0008264576 -0.04583375 1.5516 -1.268927E-07 0.9998374 -0.01803147 2.4018E-07 0.045841202 0.01801252 0.99878633 -4.51812 0 0 0 1 0.99894875 -0.0008264576 -0.04583375 1.5516 -1.268927E-07 0.9998374 -0.01803147 2.4018E-07 0.045841202 0.01801252 0.99878633 -4.51812 0 0 0 1 0.99672496 -0.08065789 -0.0058032265 1.5516 0.08076916 0.9964778 0.022546304 2.4018E-07 0.003964249 -0.022941185 0.999729 -4.51812 0 0 0 1 0.93376327 -0.05940476 0.35292664 1.5516 0.051014006 0.9981513 0.03303784 2.4018E-07 -0.3542368 -0.012845322 0.93506753 -4.51812 0 0 0 1 0.683928 0.010640189 0.7294718 1.5516 0.0044549275 0.9998141 -0.018760232 2.4018E-07 -0.7295358 0.016080393 0.6837535 -4.51812 0 0 0 1 0.80390155 0.0042455113 0.5947472 1.5516 0.01110922 0.99969286 -0.022152144 2.4018E-07 -0.5946586 0.024415322 0.8036075 -4.51812 0 0 0 1 0.8382407 0.0028297603 0.5452931 1.5516 0.0113996435 0.99967706 -0.022711622 2.4018E-07 -0.5451813 0.025253953 0.8379377 -4.51812 0 0 0 1 0.8473988 0.0035464026 0.53094506 1.5516 0.009367993 0.9997222 -0.021629062 2.4018E-07 -0.53087425 0.023302332 0.8471302 -4.51812 0 0 0 1 0.9641265 0.00075641973 0.2654421 1.5516 0.0051313727 0.999756 -0.021486897 2.4018E-07 -0.26539358 0.022078168 0.96388733 -4.51812 0 0 0 1 0.9999985 -0.001368509 0.0010667999 1.5516 0.0013893613 0.99980307 -0.01979721 2.4018E-07 -0.0010394972 0.019798663 0.9998034 -4.51812 0 0 0 1 0.9998976 -0.00051769154 0.014300167 1.5516 0.0007629658 0.9998526 -0.017151723 2.4018E-07 -0.014289179 0.017160876 0.9997506 -4.51812 0 0 0 1 0.99741316 0.00044051142 0.07188019 1.5516 0.0005910256 0.9998972 -0.01432888 2.4018E-07 -0.07187912 0.014334297 0.99731034 -4.51812 0 0 0 1 0.9980122 0.00059812877 0.063018516 1.5516 0.000120285054 0.99993503 -0.011395633 2.4018E-07 -0.06302124 0.011380561 0.9979473 -4.51812 0 0 0 1 0.99907357 0.00045139206 0.043032274 1.5516 -3.5681296E-08 0.999945 -0.010488211 2.4018E-07 -0.043034643 0.010478494 0.9990186 -4.51812 0 0 0 1 0.99998385 -9.0000976E-05 -0.005679548 1.5516 1.2735774E-05 0.9999075 -0.013602681 2.4018E-07 0.0056802463 0.013602389 0.99989134 -4.51812 0 0 0 1 0.99998385 -9.0000976E-05 -0.005679548 1.5516 1.2735774E-05 0.9999075 -0.013602681 2.4018E-07 0.0056802463 0.013602389 0.99989134 -4.51812 0 0 0 1</float_array>
        <technique_common>
          <accessor source="#Motion_30_RToe_transform_pose_array_id" count="17" stride="16">
            <param name="TRANSFORM" type="float4x4" />
          </accessor>
        </technique_common>
      </source>
      <sampler id="Motion_30_RToe_transform_samp_id">
        <input semantic="INPUT" source="#Motion_30_RToe_transform_frame_id" />
        <input semantic="INTERPOLATION" source="#Motion_30_RToe_transform_interp_id" />
        <input semantic="OUTPUT" source="#Motion_30_RToe_transform_pose_id" />
      </sampler>
      <channel source="#Motion_30_RToe_transform_samp_id" target="RToe_bone_id/transform" />
    </animation>
    <animation id="Motion_30_LThigh_transform_id" name="Motion_30_LThigh_transform">
      <source id="Motion_30_LThigh_transform_frame_id" name="Motion_30_LThigh_transform_frame">
        <float_array id="Motion_30_LThigh_transform_frame_array_id" count="17">0 0.033333335 0.06666667 0.1 0.13333334 0.16666667 0.2 0.23333333 0.26666668 0.3 0.33333334 0.36666667 0.4 0.43333334 0.46666667 0.5 0.53333336</float_array>
        <technique_common>
          <accessor source="#Motion_30_LThigh_transform_frame_array_id" count="17" stride="1">
            <param name="TIME" type="float" />
          </accessor>
        </technique_common>
      </source>
      <source id="Motion_30_LThigh_transform_interp_id" name="Motion_30_LThigh_transform_interp">
        <Name_array id="Motion_30_LThigh_transform_interp_array_id" count="17">LINEAR LINEAR LINEAR LINEAR LINEAR LINEAR LINEAR LINEAR LINEAR LINEAR LINEAR LINEAR LINEAR LINEAR LINEAR LINEAR LINEAR</Name_array>
        <technique_common>
          <accessor source="#Motion_30_LThigh_transform_interp_array_id" count="17" stride="1">
            <param name="INTERPOLATION" type="Name" />
          </accessor>
        </technique_common>
      </source>
      <source id="Motion_30_LThigh_transform_pose_id" name="Motion_30_LThigh_transform_pose">
        <float_array id="Motion_30_LThigh_transform_pose_array_id" count="272">0.21506 7.233538E-10 -0.9766009 5.106729 1.4355258E-08 1 3.901897E-09 8.454898 0.9766009 -1.4858498E-08 0.21506 -0.65605026 0 0 0 1 0.21506 7.233538E-10 -0.9766009 5.106729 1.4355258E-08 1 3.901897E-09 8.454898 0.9766009 -1.4858498E-08 0.21506 -0.65605026 0 0 0 1 0.21506 7.233538E-10 -0.9766009 5.106729 1.4355258E-08 1 3.901897E-09 8.454898 0.9766009 -1.4858498E-08 0.21506 -0.65605026 0 0 0 1 0.21506 7.233538E-10 -0.9766009 5.106729 1.4355258E-08 1 3.901897E-09 8.454898 0.9766009 -1.4858498E-08 0.21506 -0.65605026 0 0 0 1 0.21506 7.233538E-10 -0.9766009 5.106729 1.4355258E-08 1 3.901897E-09 8.454898 0.9766009 -1.4858498E-08 0.21506 -0.65605026 0 0 0 1 0.21506 7.233538E-10 -0.9766009 5.106729 1.4355258E-08 1 3.901897E-09 8.454898 0.9766009 -1.4858498E-08 0.21506 -0.65605026 0 0 0 1 0.21506 7.233538E-10 -0.9766009 5.106729 1.4355258E-08 1 3.901897E-09 8.454898 0.9766009 -1.4858498E-08 0.21506 -0.65605026 0 0 0 1 0.21506 7.233538E-10 -0.9766009 5.106729 1.4355258E-08 1 3.901897E-09 8.454898 0.9766009 -1.4858498E-08 0.21506 -0.65605026 0 0 0 1 0.21506 7.233538E-10 -0.9766009 5.106729 1.4355258E-08 1 3.901897E-09 8.454898 0.9766009 -1.4858498E-08 0.21506 -0.65605026 0 0 0 1 0.21506 7.233538E-10 -0.9766009 5.106729 1.4355258E-08 1 3.901897E-09 8.454898 0.9766009 -1.4858498E-08 0.21506 -0.65605026 0 0 0 1 0.21506 7.233538E-10 -0.9766009 5.106729 1.4355258E-08 1 3.901897E-09 8.454898 0.9766009 -1.4858498E-08 0.21506 -0.65605026 0 0 0 1 0.21506 7.233538E-10 -0.9766009 5.106729 1.4355258E-08 1 3.901897E-09 8.454898 0.9766009 -1.4858498E-08 0.21506 -0.65605026 0 0 0 1 0.21506 7.233538E-10 -0.9766009 5.106729 1.4355258E-08 1 3.901897E-09 8.454898 0.9766009 -1.4858498E-08 0.21506 -0.65605026 0 0 0 1 0.21506 7.233538E-10 -0.9766009 5.106729 1.4355258E-08 1 3.901897E-09 8.454898 0.9766009 -1.4858498E-08 0.21506 -0.65605026 0 0 0 1 0.21506 7.233538E-10 -0.9766009 5.106729 1.4355258E-08 1 3.901897E-09 8.454898 0.9766009 -1.4858498E-08 0.21506 -0.65605026 0 0 0 1 0.21506 7.233538E-10 -0.9766009 5.106729 1.4355258E-08 1 3.901897E-09 8.454898 0.9766009 -1.4858498E-08 0.21506 -0.65605026 0 0 0 1 0.21506 7.233538E-10 -0.9766009 5.106729 1.4355258E-08 1 3.901897E-09 8.454898 0.9766009 -1.4858498E-08 0.21506 -0.65605026 0 0 0 1</float_array>
        <technique_common>
          <accessor source="#Motion_30_LThigh_transform_pose_array_id" count="17" stride="16">
            <param name="TRANSFORM" type="float4x4" />
          </accessor>
        </technique_common>
      </source>
      <sampler id="Motion_30_LThigh_transform_samp_id">
        <input semantic="INPUT" source="#Motion_30_LThigh_transform_frame_id" />
        <input semantic="INTERPOLATION" source="#Motion_30_LThigh_transform_interp_id" />
        <input semantic="OUTPUT" source="#Motion_30_LThigh_transform_pose_id" />
      </sampler>
      <channel source="#Motion_30_LThigh_transform_samp_id" target="LThigh_bone_id/transform" />
    </animation>
    <animation id="Motion_30_LFoot_transform_id" name="Motion_30_LFoot_transform">
      <source id="Motion_30_LFoot_transform_frame_id" name="Motion_30_LFoot_transform_frame">
        <float_array id="Motion_30_LFoot_transform_frame_array_id" count="17">0 0.033333335 0.06666667 0.1 0.13333334 0.16666667 0.2 0.23333333 0.26666668 0.3 0.33333334 0.36666667 0.4 0.43333334 0.46666667 0.5 0.53333336</float_array>
        <technique_common>
          <accessor source="#Motion_30_LFoot_transform_frame_array_id" count="17" stride="1">
            <param name="TIME" type="float" />
          </accessor>
        </technique_common>
      </source>
      <source id="Motion_30_LFoot_transform_interp_id" name="Motion_30_LFoot_transform_interp">
        <Name_array id="Motion_30_LFoot_transform_interp_array_id" count="17">LINEAR LINEAR LINEAR LINEAR LINEAR LINEAR LINEAR LINEAR LINEAR LINEAR LINEAR LINEAR LINEAR LINEAR LINEAR LINEAR LINEAR</Name_array>
        <technique_common>
          <accessor source="#Motion_30_LFoot_transform_interp_array_id" count="17" stride="1">
            <param name="INTERPOLATION" type="Name" />
          </accessor>
        </technique_common>
      </source>
      <source id="Motion_30_LFoot_transform_pose_id" name="Motion_30_LFoot_transform_pose">
        <float_array id="Motion_30_LFoot_transform_pose_array_id" count="272">-0.3825463 0.07175571 -0.9211457 8.613556 0.16401279 0.9864196 0.008726895 0.748173 0.9092624 -0.14774124 -0.38911998 2.3507524 0 0 0 1 -0.30658424 0.082093954 -0.9482967 8.483018 0.24672577 0.9690766 0.004126437 -0.7974453 0.91931087 -0.23270413 -0.31735826 1.2143006 0 0 0 1 -0.14118683 0.047241136 -0.98885506 7.732521 0.31039333 0.9506076 0.0010965466 -2.2125902 0.94006497 -0.30677924 -0.14887655 -0.13603473 0 0 0 1 0.24681157 0.06305601 -0.9670098 5.650978 0.23847957 0.96324 0.12367774 -1.9269885 0.9392611 -0.2611372 0.22270119 -0.049665928 0 0 0 1 0.5095422 0.060339805 -0.8583274 5.8060617 0.1395296 0.9785409 0.15162188 -1.4236251 0.8490573 -0.19701982 0.49018872 0.5739281 0 0 0 1 0.3938055 -0.039048105 -0.91836405 9.441218 0.13844301 0.99021995 0.017262667 -0.48381948 0.90870833 -0.1339392 0.39536 -0.6912372 0 0 0 1 0.102941275 -0.08676351 -0.9908961 8.862921 0.0094089955 0.9962288 -0.08625297 1.8818507 0.99464285 -0.00044435263 0.103369415 -0.66415215 0 0 0 1 -0.2772689 -0.13300139 -0.9515422 7.506652 -0.1380831 0.9856072 -0.09752691 4.7011147 0.950818 0.1043507 -0.2916435 -0.73502064 0 0 0 1 0.011555433 -0.1697306 -0.98542273 5.731072 -0.47827268 0.86451197 -0.15451315 7.823285 0.8781353 0.47308627 -0.071187735 0.073694706 0 0 0 1 0.074549735 -0.33084154 -0.94073707 6.1261377 -0.2567103 0.9052019 -0.33868772 5.0011115 0.9636089 0.26674598 -0.017447948 -0.71225 0 0 0 1 -0.22762132 -0.14559954 -0.9628028 4.5218554 -0.20897874 0.9730236 -0.09773939 3.3622322 0.9510607 0.17895776 -0.25190818 -1.4306817 0 0 0 1 -0.50008225 -0.058894508 -0.86397284 5.483734 -0.080738194 0.9965099 -0.021196524 3.6245575 0.8622059 0.059155606 -0.50309193 -0.75747156 0 0 0 1 -0.41143942 0.05052799 -0.91003543 6.7466974 0.17481333 0.9842996 -0.024384134 3.149065 0.89451545 -0.16911891 -0.41381264 -1.8131475 0 0 0 1 -0.35968292 0.09379386 -0.9283485 8.05605 0.34352216 0.9383637 -0.0382898 1.8597994 0.8675372 -0.33268046 -0.36973357 -2.8842435 0 0 0 1 -0.18834615 0.09699654 -0.97730106 8.810225 0.30897316 0.95043445 0.034784496 1.8035975 0.9322346 -0.29540828 -0.20898008 -0.17230749 0 0 0 1 -0.29271722 0.07629916 -0.95315003 8.509666 0.18487835 0.98251796 0.021872953 1.7152371 0.9381559 -0.16981423 -0.30170608 1.9788327 0 0 0 1 -0.29271722 0.07629916 -0.95315003 8.509666 0.18487835 0.98251796 0.021872953 1.7152371 0.9381559 -0.16981423 -0.30170608 1.9788327 0 0 0 1</float_array>
        <technique_common>
          <accessor source="#Motion_30_LFoot_transform_pose_array_id" count="17" stride="16">
            <param name="TRANSFORM" type="float4x4" />
          </accessor>
        </technique_common>
      </source>
      <sampler id="Motion_30_LFoot_transform_samp_id">
        <input semantic="INPUT" source="#Motion_30_LFoot_transform_frame_id" />
        <input semantic="INTERPOLATION" source="#Motion_30_LFoot_transform_interp_id" />
        <input semantic="OUTPUT" source="#Motion_30_LFoot_transform_pose_id" />
      </sampler>
      <channel source="#Motion_30_LFoot_transform_samp_id" target="LFoot_bone_id/transform" />
    </animation>
    <animation id="Motion_30_LToe_transform_id" name="Motion_30_LToe_transform">
      <source id="Motion_30_LToe_transform_frame_id" name="Motion_30_LToe_transform_frame">
        <float_array id="Motion_30_LToe_transform_frame_array_id" count="17">0 0.033333335 0.06666667 0.1 0.13333334 0.16666667 0.2 0.23333333 0.26666668 0.3 0.33333334 0.36666667 0.4 0.43333334 0.46666667 0.5 0.53333336</float_array>
        <technique_common>
          <accessor source="#Motion_30_LToe_transform_frame_array_id" count="17" stride="1">
            <param name="TIME" type="float" />
          </accessor>
        </technique_common>
      </source>
      <source id="Motion_30_LToe_transform_interp_id" name="Motion_30_LToe_transform_interp">
        <Name_array id="Motion_30_LToe_transform_interp_array_id" count="17">LINEAR LINEAR LINEAR LINEAR LINEAR LINEAR LINEAR LINEAR LINEAR LINEAR LINEAR LINEAR LINEAR LINEAR LINEAR LINEAR LINEAR</Name_array>
        <technique_common>
          <accessor source="#Motion_30_LToe_transform_interp_array_id" count="17" stride="1">
            <param name="INTERPOLATION" type="Name" />
          </accessor>
        </technique_common>
      </source>
      <source id="Motion_30_LToe_transform_pose_id" name="Motion_30_LToe_transform_pose">
        <float_array id="Motion_30_LToe_transform_pose_array_id" count="272">0.99769986 0.0014876439 0.06776977 1.5516138 -7.613562E-08 0.9997592 -0.021945028 -2.309E-08 -0.067786105 0.021894546 0.9974596 -4.5181184 0 0 0 1 0.9976998 0.0015912035 0.06776864 1.5516138 -0.00010363554 0.9997591 -0.021948544 -2.309E-08 -0.06778724 0.021891033 0.9974596 -4.5181184 0 0 0 1 0.99769956 0.0018372306 0.06776593 1.5516138 -0.00034966308 0.99975884 -0.021956887 -2.309E-08 -0.067789935 0.021882683 0.9974596 -4.5181184 0 0 0 1 0.9976992 0.0021280344 0.06776273 1.5516138 -0.0006404669 0.9997585 -0.021966754 -2.309E-08 -0.067793116 0.021872813 0.9974596 -4.5181184 0 0 0 1 0.9966746 0.002515706 0.08144576 1.5516138 -0.00072746474 0.9997582 -0.021978457 -2.309E-08 -0.08148136 0.02184612 0.9964354 -4.5181184 0 0 0 1 0.99299437 0.0030042334 0.11812368 1.5516138 -0.00040924258 0.9997582 -0.021986542 -2.309E-08 -0.11816117 0.02178417 0.9927555 -4.5181184 0 0 0 1 0.98210436 0.0036123404 0.18830274 1.5516138 0.0005316576 0.9997589 -0.021951953 -2.309E-08 -0.18833663 0.021659223 0.98186564 -4.5181184 0 0 0 1 0.91617066 0.004973302 0.4007575 1.5516138 0.003945911 0.9997626 -0.021427546 -2.309E-08 -0.40076894 0.021212641 0.91593355 -4.5181184 0 0 0 1 0.83721745 0.0047101276 0.54684985 1.5516138 0.0076333415 0.99976486 -0.020297688 -2.309E-08 -0.5468168 0.02116787 0.83698463 -4.5181184 0 0 0 1 0.87007546 0.0015243138 0.49291617 1.5516138 0.009534877 0.99975604 -0.019922258 -2.309E-08 -0.49282628 0.022033764 0.8698487 -4.5181184 0 0 0 1 0.99769986 0.0014876439 0.06776977 1.5516138 -7.613562E-08 0.9997592 -0.021945028 -2.309E-08 -0.067786105 0.021894546 0.9974596 -4.5181184 0 0 0 1 0.95513994 0.0064643994 0.29608428 1.5516138 8.163415E-05 0.999756 -0.022090985 -2.309E-08 -0.29615486 0.021124152 0.95490634 -4.5181184 0 0 0 1 0.96202886 0.0067145396 0.27286515 1.5516138 -0.0006887561 0.9997539 -0.022173168 -2.309E-08 -0.27294686 0.02114329 0.96179676 -4.5181184 0 0 0 1 0.97599757 0.0054111667 0.21771407 1.5516138 -0.00061467243 0.99975574 -0.022092856 -2.309E-08 -0.21778044 0.021428753 0.9757625 -4.5181184 0 0 0 1 0.98892516 0.0034931214 0.14837389 1.5516138 -0.00023142633 0.99975806 -0.021994524 -2.309E-08 -0.1484148 0.021716602 0.98868674 -4.5181184 0 0 0 1 0.9957665 0.0020175525 0.0918963 1.5516138 2.5180634E-07 0.999759 -0.021952098 -2.309E-08 -0.091918446 0.02185919 0.99552655 -4.5181184 0 0 0 1 0.9957665 0.0020175525 0.0918963 1.5516138 2.5180634E-07 0.999759 -0.021952098 -2.309E-08 -0.091918446 0.02185919 0.99552655 -4.5181184 0 0 0 1</float_array>
        <technique_common>
          <accessor source="#Motion_30_LToe_transform_pose_array_id" count="17" stride="16">
            <param name="TRANSFORM" type="float4x4" />
          </accessor>
        </technique_common>
      </source>
      <sampler id="Motion_30_LToe_transform_samp_id">
        <input semantic="INPUT" source="#Motion_30_LToe_transform_frame_id" />
        <input semantic="INTERPOLATION" source="#Motion_30_LToe_transform_interp_id" />
        <input semantic="OUTPUT" source="#Motion_30_LToe_transform_pose_id" />
      </sampler>
      <channel source="#Motion_30_LToe_transform_samp_id" target="LToe_bone_id/transform" />
    </animation>
    <animation id="Motion_30_Spine1_transform_id" name="Motion_30_Spine1_transform">
      <source id="Motion_30_Spine1_transform_frame_id" name="Motion_30_Spine1_transform_frame">
        <float_array id="Motion_30_Spine1_transform_frame_array_id" count="17">0 0.033333335 0.06666667 0.1 0.13333334 0.16666667 0.2 0.23333333 0.26666668 0.3 0.33333334 0.36666667 0.4 0.43333334 0.46666667 0.5 0.53333336</float_array>
        <technique_common>
          <accessor source="#Motion_30_Spine1_transform_frame_array_id" count="17" stride="1">
            <param name="TIME" type="float" />
          </accessor>
        </technique_common>
      </source>
      <source id="Motion_30_Spine1_transform_interp_id" name="Motion_30_Spine1_transform_interp">
        <Name_array id="Motion_30_Spine1_transform_interp_array_id" count="17">LINEAR LINEAR LINEAR LINEAR LINEAR LINEAR LINEAR LINEAR LINEAR LINEAR LINEAR LINEAR LINEAR LINEAR LINEAR LINEAR LINEAR</Name_array>
        <technique_common>
          <accessor source="#Motion_30_Spine1_transform_interp_array_id" count="17" stride="1">
            <param name="INTERPOLATION" type="Name" />
          </accessor>
        </technique_common>
      </source>
      <source id="Motion_30_Spine1_transform_pose_id" name="Motion_30_Spine1_transform_pose">
        <float_array id="Motion_30_Spine1_transform_pose_array_id" count="272">0.98951495 0.09780035 -0.10627897 0.001 -0.0992196 0.9950323 -0.008136797 0 0.104955226 0.01859644 0.99430305 0 0 0 0 1 0.9951692 0.098073594 0.0044449763 0.001 -0.09797122 0.99500304 -0.019251183 0 -0.0063107973 0.018722706 0.9998048 0 0 0 0 1 0.9645381 0.09890991 0.24471031 0.001 -0.09137689 0.9949313 -0.041976456 0 -0.24762182 0.01812702 0.9686872 0 0 0 0 1 0.8750483 0.09930288 0.47373992 0.001 -0.07897707 0.9949047 -0.06266764 0 -0.47754914 0.017422613 0.8784323 0 0 0 0 1 0.7990447 0.09999495 0.5928984 0.001 -0.072292544 0.9948982 -0.07036589 0 -0.5969098 0.01336335 0.80219704 0 0 0 0 1 0.7769692 0.101511754 0.62130046 0.001 -0.0793185 0.99483436 -0.06334995 0 -0.62452185 -5.9667975E-05 0.78100735 0 0 0 0 1 0.8634852 0.103182 0.49370724 0.001 -0.095523864 0.9945909 -0.040794298 0 -0.49524593 -0.011935548 0.8686708 0 0 0 0 1 0.9824865 0.104744315 0.15410677 0.001 -0.10770586 0.99412227 0.0109722195 0 -0.15205169 -0.027378257 0.9879933 0 0 0 0 1 0.9702112 0.10553711 -0.21806443 0.001 -0.09443209 0.9936751 0.06076424 0 0.22309807 -0.038361862 0.97404087 0 0 0 0 1 0.917733 0.10435491 -0.38324428 0.001 -0.0832138 0.99397165 0.0713847 0 0.38838327 -0.03362088 0.9208844 0 0 0 0 1 0.98182696 0.09732223 -0.16292386 0.001 -0.09904986 0.99507934 -0.0024948698 0 0.16187935 0.018587114 0.9866355 0 0 0 0 1 0.99180454 0.096990705 -0.083165824 0.001 -0.09818302 0.99511445 -0.010358918 0 0.08175479 0.018439492 0.9964819 0 0 0 0 1 0.99474585 0.09685927 -0.033150442 0.001 -0.09740258 0.9951292 -0.015182874 0 0.03151837 0.01833204 0.99933505 0 0 0 0 1 0.995233 0.09693925 -0.0106815975 0.001 -0.09711246 0.99512637 -0.01710654 0 0.008971244 0.018062308 0.9997966 0 0 0 0 1 0.9947757 0.09700561 -0.031799562 0.001 -0.09752714 0.9951156 -0.015277941 0 0.030162193 0.018299446 0.9993775 0 0 0 0 1 0.99201035 0.097172074 -0.0804556 0.001 -0.09833243 0.9950974 -0.010578599 0 0.07903321 0.018405475 0.9967021 0 0 0 0 1 0.99201035 0.097172074 -0.0804556 0.001 -0.09833243 0.9950974 -0.010578599 0 0.07903321 0.018405475 0.9967021 0 0 0 0 1</float_array>
        <technique_common>
          <accessor source="#Motion_30_Spine1_transform_pose_array_id" count="17" stride="16">
            <param name="TRANSFORM" type="float4x4" />
          </accessor>
        </technique_common>
      </source>
      <sampler id="Motion_30_Spine1_transform_samp_id">
        <input semantic="INPUT" source="#Motion_30_Spine1_transform_frame_id" />
        <input semantic="INTERPOLATION" source="#Motion_30_Spine1_transform_interp_id" />
        <input semantic="OUTPUT" source="#Motion_30_Spine1_transform_pose_id" />
      </sampler>
      <channel source="#Motion_30_Spine1_transform_samp_id" target="Spine1_bone_id/transform" />
    </animation>
    <animation id="Motion_30_Spine2_transform_id" name="Motion_30_Spine2_transform">
      <source id="Motion_30_Spine2_transform_frame_id" name="Motion_30_Spine2_transform_frame">
        <float_array id="Motion_30_Spine2_transform_frame_array_id" count="17">0 0.033333335 0.06666667 0.1 0.13333334 0.16666667 0.2 0.23333333 0.26666668 0.3 0.33333334 0.36666667 0.4 0.43333334 0.46666667 0.5 0.53333336</float_array>
        <technique_common>
          <accessor source="#Motion_30_Spine2_transform_frame_array_id" count="17" stride="1">
            <param name="TIME" type="float" />
          </accessor>
        </technique_common>
      </source>
      <source id="Motion_30_Spine2_transform_interp_id" name="Motion_30_Spine2_transform_interp">
        <Name_array id="Motion_30_Spine2_transform_interp_array_id" count="17">LINEAR LINEAR LINEAR LINEAR LINEAR LINEAR LINEAR LINEAR LINEAR LINEAR LINEAR LINEAR LINEAR LINEAR LINEAR LINEAR LINEAR</Name_array>
        <technique_common>
          <accessor source="#Motion_30_Spine2_transform_interp_array_id" count="17" stride="1">
            <param name="INTERPOLATION" type="Name" />
          </accessor>
        </technique_common>
      </source>
      <source id="Motion_30_Spine2_transform_pose_id" name="Motion_30_Spine2_transform_pose">
        <float_array id="Motion_30_Spine2_transform_pose_array_id" count="272">0.9615725 0.09238811 0.25853956 10.399851 -0.0938897 0.995561 -0.0065608355 0 -0.25799805 -0.017965483 0.9659784 0 0 0 0 1 0.9651803 0.0818344 0.24845545 10.399851 -0.083085455 0.99652743 -0.0054648477 0 -0.24803989 -0.015368469 0.9686279 0 0 0 0 1 0.9752393 0.052005447 0.21495074 10.399851 -0.052982375 0.9985947 -0.0012182877 0 -0.21471202 -0.01020048 0.97662413 0 0 0 0 1 0.9872172 0.0077043558 0.15919426 10.399851 -0.008523605 0.9999537 0.0044640424 0 -0.15915251 -0.0057638884 0.9872372 0 0 0 0 1 0.9971608 -0.046323694 0.059366867 10.399851 0.045635566 0.9988749 0.012895727 0 -0.059897453 -0.010149873 0.9981529 0 0 0 0 1 0.9870872 -0.1062442 -0.11987927 10.399851 0.10951812 0.9937621 0.021041786 0 0.11689591 -0.033899028 0.99256545 0 0 0 0 1 0.9760092 -0.1530279 -0.15488237 10.399851 0.15554447 0.98782 0.004189114 0 0.15235487 -0.028179713 0.98792404 0 0 0 0 1 0.9822061 -0.18576269 -0.027629001 10.399851 0.18594556 0.98255116 0.0041807787 0 0.026370274 -0.009243877 0.99960953 0 0 0 0 1 0.96759075 -0.20092906 0.15295632 10.399851 0.19969083 0.9795753 0.023576152 0 -0.15456937 0.0077319117 0.9879517 0 0 0 0 1 0.9404677 -0.19609319 0.27761105 10.399851 0.19174285 0.98050207 0.043016307 0 -0.28063342 0.01277449 0.95973 0 0 0 0 1 0.94308835 -0.16846804 0.28671047 10.399851 0.16355269 0.98567426 0.041191306 0 -0.2895426 0.00804523 0.9571313 0 0 0 0 1 0.9568693 -0.12285094 0.26326555 10.399851 0.11901769 0.9924229 0.030523188 0 -0.26502055 0.002126556 0.96424043 0 0 0 0 1 0.9718861 -0.06719658 0.22565901 10.399851 0.06469479 0.9977341 0.0184719 0 -0.22638893 -0.0033536204 0.9740312 0 0 0 0 1 0.9867903 -0.009890782 0.16170062 10.399851 0.008305419 0.9999106 0.01047733 0 -0.16178979 -0.008995936 0.9867842 0 0 0 0 1 0.99799085 0.040952943 0.0483444 10.399851 -0.041566342 0.99906665 0.011751271 0 -0.04781803 -0.01373716 0.9987616 0 0 0 0 1 0.9850152 0.07775868 0.1539434 10.399851 -0.07940117 0.99683243 0.0045405687 0 -0.15310271 -0.016695816 0.98806924 0 0 0 0 1 0.9850152 0.07775868 0.1539434 10.399851 -0.07940117 0.99683243 0.0045405687 0 -0.15310271 -0.016695816 0.98806924 0 0 0 0 1</float_array>
        <technique_common>
          <accessor source="#Motion_30_Spine2_transform_pose_array_id" count="17" stride="16">
            <param name="TRANSFORM" type="float4x4" />
          </accessor>
        </technique_common>
      </source>
      <sampler id="Motion_30_Spine2_transform_samp_id">
        <input semantic="INPUT" source="#Motion_30_Spine2_transform_frame_id" />
        <input semantic="INTERPOLATION" source="#Motion_30_Spine2_transform_interp_id" />
        <input semantic="OUTPUT" source="#Motion_30_Spine2_transform_pose_id" />
      </sampler>
      <channel source="#Motion_30_Spine2_transform_samp_id" target="Spine2_bone_id/transform" />
    </animation>
    <animation id="Motion_30_RArm_transform_id" name="Motion_30_RArm_transform">
      <source id="Motion_30_RArm_transform_frame_id" name="Motion_30_RArm_transform_frame">
        <float_array id="Motion_30_RArm_transform_frame_array_id" count="17">0 0.033333335 0.06666667 0.1 0.13333334 0.16666667 0.2 0.23333333 0.26666668 0.3 0.33333334 0.36666667 0.4 0.43333334 0.46666667 0.5 0.53333336</float_array>
        <technique_common>
          <accessor source="#Motion_30_RArm_transform_frame_array_id" count="17" stride="1">
            <param name="TIME" type="float" />
          </accessor>
        </technique_common>
      </source>
      <source id="Motion_30_RArm_transform_interp_id" name="Motion_30_RArm_transform_interp">
        <Name_array id="Motion_30_RArm_transform_interp_array_id" count="17">LINEAR LINEAR LINEAR LINEAR LINEAR LINEAR LINEAR LINEAR LINEAR LINEAR LINEAR LINEAR LINEAR LINEAR LINEAR LINEAR LINEAR</Name_array>
        <technique_common>
          <accessor source="#Motion_30_RArm_transform_interp_array_id" count="17" stride="1">
            <param name="INTERPOLATION" type="Name" />
          </accessor>
        </technique_common>
      </source>
      <source id="Motion_30_RArm_transform_pose_id" name="Motion_30_RArm_transform_pose">
        <float_array id="Motion_30_RArm_transform_pose_array_id" count="272">-0.16515052 -0.14042225 0.9762208 10.26237 0.21196604 -0.97173643 -0.1039182 7.980536 0.9632216 0.18976352 0.19024742 1.5940145 0 0 0 1 -0.6280298 -0.052589122 0.77641016 10.256843 0.1003679 -0.99485457 0.013801355 7.980536 0.7716895 0.08659433 0.63007677 1.5594482 0 0 0 1 -0.8243549 0.089898735 0.558889 10.24908 0.07536875 -0.9610878 0.26576155 7.980536 0.5610332 0.26120466 0.7855023 1.5100287 0 0 0 1 -0.9433209 0.0706802 0.32426897 10.239965 0.15546095 -0.7691326 0.6198928 7.980536 0.29321995 0.63516885 0.7145506 1.4490925 0 0 0 1 -0.9760926 0.17531139 -0.12848891 10.230381 -0.2139638 -0.67096996 0.709943 7.980536 0.038248908 0.720462 0.69243884 1.3799765 0 0 0 1 -0.73411596 0.24288148 0.6341 10.221211 -0.08430818 -0.9592171 0.2698061 7.980536 0.67377025 0.1446091 0.724653 1.3060173 0 0 0 1 -0.5467346 -0.015601605 0.8371606 10.213341 0.19025266 -0.9759891 0.10606174 7.980536 0.8154049 0.21725966 0.5365753 1.2353473 0 0 0 1 0.10624802 -0.11095816 0.98812926 10.20765 0.14519083 -0.9813719 -0.1258109 7.980536 0.9836823 0.15683447 -0.08815849 1.1815604 0 0 0 1 0.41592628 -0.0861208 0.9053113 10.205023 -0.11594716 -0.99240315 -0.04113622 7.980536 0.9019765 -0.08785863 -0.42275202 1.1561842 0 0 0 1 0.04867685 6.20801E-05 0.9988147 10.206415 -0.020654652 -0.9997864 0.0010687383 7.980536 0.9986011 -0.02068219 -0.048665404 1.1666996 0 0 0 1 -0.790918 0.035092246 0.61091506 10.149344 0.111799926 -0.97326326 0.20064746 7.980536 0.60162234 0.22699596 0.7658481 0.7406861 0 0 0 1 -0.72153604 0.042070292 0.69109744 10.155789 0.16055301 -0.96077895 0.22611144 7.980536 0.67350453 0.27410534 0.68648225 0.81917435 0 0 0 1 -0.5673226 0.046109714 0.8222037 10.199925 0.19414166 -0.9627993 0.18795267 7.980536 0.80028373 0.2662538 0.53726614 1.214041 0 0 0 1 -0.5247195 0.045999758 0.8500314 10.251034 0.22395325 -0.9559051 0.18997425 7.980536 0.8212881 0.2900505 0.49128038 1.5940145 0 0 0 1 -0.27879357 0.07690491 0.95726675 10.278399 0.26102316 -0.95319486 0.15259793 7.980536 0.9241975 0.29241213 0.2456708 1.7099204 0 0 0 1 -0.3060795 0.014863692 0.95189005 10.274327 0.25917614 -0.96081066 0.098340824 7.980536 0.91604763 0.27680725 0.29023188 1.6519897 0 0 0 1 -0.3060795 0.014863692 0.95189005 10.274327 0.25917614 -0.96081066 0.098340824 7.980536 0.91604763 0.27680725 0.29023188 1.6519897 0 0 0 1</float_array>
        <technique_common>
          <accessor source="#Motion_30_RArm_transform_pose_array_id" count="17" stride="16">
            <param name="TRANSFORM" type="float4x4" />
          </accessor>
        </technique_common>
      </source>
      <sampler id="Motion_30_RArm_transform_samp_id">
        <input semantic="INPUT" source="#Motion_30_RArm_transform_frame_id" />
        <input semantic="INTERPOLATION" source="#Motion_30_RArm_transform_interp_id" />
        <input semantic="OUTPUT" source="#Motion_30_RArm_transform_pose_id" />
      </sampler>
      <channel source="#Motion_30_RArm_transform_samp_id" target="RArm_bone_id/transform" />
    </animation>
    <animation id="Motion_30_RForeArm_transform_id" name="Motion_30_RForeArm_transform">
      <source id="Motion_30_RForeArm_transform_frame_id" name="Motion_30_RForeArm_transform_frame">
        <float_array id="Motion_30_RForeArm_transform_frame_array_id" count="17">0 0.033333335 0.06666667 0.1 0.13333334 0.16666667 0.2 0.23333333 0.26666668 0.3 0.33333334 0.36666667 0.4 0.43333334 0.46666667 0.5 0.53333336</float_array>
        <technique_common>
          <accessor source="#Motion_30_RForeArm_transform_frame_array_id" count="17" stride="1">
            <param name="TIME" type="float" />
          </accessor>
        </technique_common>
      </source>
      <source id="Motion_30_RForeArm_transform_interp_id" name="Motion_30_RForeArm_transform_interp">
        <Name_array id="Motion_30_RForeArm_transform_interp_array_id" count="17">LINEAR LINEAR LINEAR LINEAR LINEAR LINEAR LINEAR LINEAR LINEAR LINEAR LINEAR LINEAR LINEAR LINEAR LINEAR LINEAR LINEAR</Name_array>
        <technique_common>
          <accessor source="#Motion_30_RForeArm_transform_interp_array_id" count="17" stride="1">
            <param name="INTERPOLATION" type="Name" />
          </accessor>
        </technique_common>
      </source>
      <source id="Motion_30_RForeArm_transform_pose_id" name="Motion_30_RForeArm_transform_pose">
        <float_array id="Motion_30_RForeArm_transform_pose_array_id" count="272">0.8615975 1.3992245E-05 -0.50759214 4.647473 -1.8200979E-05 1 -3.328797E-06 7.627147E-05 0.50759214 1.2106758E-05 0.8615975 4.391827E-05 0 0 0 1 0.5859047 1.0933075E-05 -0.8103799 4.647473 -1.8028783E-05 1 4.5648403E-07 7.627147E-05 0.8103799 1.4342708E-05 0.5859047 4.391827E-05 0 0 0 1 0.9698916 1.5722457E-05 -0.2435369 4.647473 -1.7703838E-05 1 -5.947144E-06 7.627147E-05 0.2435369 1.0079624E-05 0.9698916 4.391827E-05 0 0 0 1 1 1.6882928E-05 -6.833187E-11 4.647473 -1.6882928E-05 1 -8.094788E-06 7.627147E-05 -6.833187E-11 8.094788E-06 1 4.391827E-05 0 0 0 1 0.52947664 1.0380412E-05 -0.84832454 4.647473 -1.7901619E-05 1 1.0631825E-06 7.627147E-05 0.84832454 1.4623451E-05 0.52947664 4.391827E-05 0 0 0 1 0.3660292 8.845267E-06 -0.9306033 4.647473 -1.7426557E-05 1 2.6505795E-06 7.627147E-05 0.9306033 1.5247023E-05 0.3660292 4.391827E-05 0 0 0 1 0.29745072 8.221925E-06 -0.9547372 4.647473 -1.7186458E-05 1 3.2572316E-06 7.627147E-05 0.9547372 1.5439684E-05 0.29745072 4.391827E-05 0 0 0 1 0.8919321 1.4405824E-05 -0.4521694 4.647473 -1.8134699E-05 1 -3.9124634E-06 7.627147E-05 0.4521694 1.1689607E-05 0.8919321 4.391827E-05 0 0 0 1 1 1.6882928E-05 -6.833187E-11 4.647473 -1.6882928E-05 1 -8.094788E-06 7.627147E-05 -6.833187E-11 8.094788E-06 1 4.391827E-05 0 0 0 1 1 1.6882928E-05 -6.833187E-11 4.647473 -1.6882928E-05 1 -8.094788E-06 7.627147E-05 -6.833187E-11 8.094788E-06 1 4.391827E-05 0 0 0 1 0.3410384 8.616984E-06 -0.94004935 4.647473 -1.7341654E-05 1 2.875182E-06 7.627147E-05 0.94004935 1.5321462E-05 0.3410384 4.391827E-05 0 0 0 1 0.37930572 8.967123E-06 -0.9252714 4.647473 -1.747042E-05 1 2.5295194E-06 7.627147E-05 0.9252714 1.520542E-05 0.37930572 4.391827E-05 0 0 0 1 0.5936594 1.1010217E-05 -0.8047164 4.647473 -1.804454E-05 1 3.7020027E-07 7.627147E-05 0.8047164 1.4300964E-05 0.5936594 4.391827E-05 0 0 0 1 0.53825104 1.0465418E-05 -0.8427845 4.647473 -1.7922774E-05 1 9.711462E-07 7.627147E-05 0.8427845 1.4582318E-05 0.53825104 4.391827E-05 0 0 0 1 0.6163635 1.12379275E-05 -0.78746176 4.647473 -1.8088098E-05 1 1.131275E-07 7.627147E-05 0.78746176 1.41739565E-05 0.6163635 4.391827E-05 0 0 0 1 0.6178565 1.1253002E-05 -0.7862909 4.647473 -1.8090823E-05 1 9.5981704E-08 7.627147E-05 0.7862909 1.4165346E-05 0.6178565 4.391827E-05 0 0 0 1 0.6178565 1.1253002E-05 -0.7862909 4.647473 -1.8090823E-05 1 9.5981704E-08 7.627147E-05 0.7862909 1.4165346E-05 0.6178565 4.391827E-05 0 0 0 1</float_array>
        <technique_common>
          <accessor source="#Motion_30_RForeArm_transform_pose_array_id" count="17" stride="16">
            <param name="TRANSFORM" type="float4x4" />
          </accessor>
        </technique_common>
      </source>
      <sampler id="Motion_30_RForeArm_transform_samp_id">
        <input semantic="INPUT" source="#Motion_30_RForeArm_transform_frame_id" />
        <input semantic="INTERPOLATION" source="#Motion_30_RForeArm_transform_interp_id" />
        <input semantic="OUTPUT" source="#Motion_30_RForeArm_transform_pose_id" />
      </sampler>
      <channel source="#Motion_30_RForeArm_transform_samp_id" target="RForeArm_bone_id/transform" />
    </animation>
    <animation id="Motion_30_RHand_transform_id" name="Motion_30_RHand_transform">
      <source id="Motion_30_RHand_transform_frame_id" name="Motion_30_RHand_transform_frame">
        <float_array id="Motion_30_RHand_transform_frame_array_id" count="17">0 0.033333335 0.06666667 0.1 0.13333334 0.16666667 0.2 0.23333333 0.26666668 0.3 0.33333334 0.36666667 0.4 0.43333334 0.46666667 0.5 0.53333336</float_array>
        <technique_common>
          <accessor source="#Motion_30_RHand_transform_frame_array_id" count="17" stride="1">
            <param name="TIME" type="float" />
          </accessor>
        </technique_common>
      </source>
      <source id="Motion_30_RHand_transform_interp_id" name="Motion_30_RHand_transform_interp">
        <Name_array id="Motion_30_RHand_transform_interp_array_id" count="17">LINEAR LINEAR LINEAR LINEAR LINEAR LINEAR LINEAR LINEAR LINEAR LINEAR LINEAR LINEAR LINEAR LINEAR LINEAR LINEAR LINEAR</Name_array>
        <technique_common>
          <accessor source="#Motion_30_RHand_transform_interp_array_id" count="17" stride="1">
            <param name="INTERPOLATION" type="Name" />
          </accessor>
        </technique_common>
      </source>
      <source id="Motion_30_RHand_transform_pose_id" name="Motion_30_RHand_transform_pose">
        <float_array id="Motion_30_RHand_transform_pose_array_id" count="272">0.44638544 -0.027293228 -0.8944245 4.4852276 -0.2604923 0.9522827 -0.15906411 -6.726176E-05 0.8560863 0.3039946 0.41797543 -5.99972E-05 0 0 0 1 0.6564454 0.015933601 -0.7542053 4.4852276 -0.07237893 0.9964948 -0.041944902 -6.726176E-05 0.7508933 0.082123116 0.65529764 -5.99972E-05 0 0 0 1 0.44371015 0.011594325 -0.89609534 4.4852276 0.2231394 0.96699506 0.12300127 -6.726176E-05 0.86794585 -0.2545311 0.4264784 -5.99972E-05 0 0 0 1 0.4680273 0.094579846 -0.87863815 4.4852276 0.51497996 0.77879715 0.35814875 -6.726176E-05 0.71815455 -0.6201045 0.3157916 -5.99972E-05 0 0 0 1 0.61863744 -0.2787218 -0.7345759 4.4852276 0.67297673 0.6704718 0.3123618 -6.726176E-05 0.4054504 -0.6875912 0.60235226 -5.99972E-05 0 0 0 1 0.8847353 -0.17144184 -0.43341795 4.4852276 0.28631437 0.9336714 0.21513207 -6.726176E-05 0.36778727 -0.31442875 0.8751383 -5.99972E-05 0 0 0 1 0.8539909 -0.117328 -0.50688624 4.4852276 0.071973816 0.99151546 -0.10824429 -6.726176E-05 0.5152856 0.0559571 0.85518974 -5.99972E-05 0 0 0 1 0.4434589 -0.045566637 -0.89513564 4.4852276 -0.13741814 0.9834425 -0.11814015 -6.726176E-05 0.8856977 0.17539817 0.4298547 -5.99972E-05 0 0 0 1 0.11357337 0.076511405 -0.9905792 4.4852276 -0.1761803 0.9827802 0.055709343 -6.726176E-05 0.977784 0.16819344 0.12509745 -5.99972E-05 0 0 0 1 -0.2053982 -0.11899674 -0.9714172 4.4852276 -0.25952348 0.96366835 -0.06317338 -6.726176E-05 0.9436414 0.23912984 -0.2288183 -5.99972E-05 0 0 0 1 0.38488102 -0.12925754 -0.91387033 4.4852276 -0.21890159 0.94911015 -0.2264333 -6.726176E-05 0.89663184 0.28719756 0.33699977 -5.99972E-05 0 0 0 1 0.55503213 -0.11058037 -0.8244461 4.4852276 -0.19263949 0.9470931 -0.25671905 -6.726176E-05 0.8092153 0.3013082 0.50436497 -5.99972E-05 0 0 0 1 0.5475474 -0.10596889 -0.83003765 4.4852276 -0.17938468 0.954022 -0.24013162 -6.726176E-05 0.81732064 0.28037947 0.5033631 -5.99972E-05 0 0 0 1 0.6636693 -0.107306115 -0.74028945 4.4852276 -0.15503871 0.94843435 -0.27646923 -6.726176E-05 0.7317828 0.29825765 0.61281013 -5.99972E-05 0 0 0 1 0.7415504 -0.10750409 -0.6622279 4.4852276 -0.12485335 0.9477216 -0.2936587 -6.726176E-05 0.65917724 0.3004441 0.6893611 -5.99972E-05 0 0 0 1 0.6775578 -0.07852056 -0.73126596 4.4852276 -0.16599944 0.9523006 -0.25606194 -6.726176E-05 0.71649116 0.2948865 0.63220435 -5.99972E-05 0 0 0 1 0.6775578 -0.07852056 -0.73126596 4.4852276 -0.16599944 0.9523006 -0.25606194 -6.726176E-05 0.71649116 0.2948865 0.63220435 -5.99972E-05 0 0 0 1</float_array>
        <technique_common>
          <accessor source="#Motion_30_RHand_transform_pose_array_id" count="17" stride="16">
            <param name="TRANSFORM" type="float4x4" />
          </accessor>
        </technique_common>
      </source>
      <sampler id="Motion_30_RHand_transform_samp_id">
        <input semantic="INPUT" source="#Motion_30_RHand_transform_frame_id" />
        <input semantic="INTERPOLATION" source="#Motion_30_RHand_transform_interp_id" />
        <input semantic="OUTPUT" source="#Motion_30_RHand_transform_pose_id" />
      </sampler>
      <channel source="#Motion_30_RHand_transform_samp_id" target="RHand_bone_id/transform" />
    </animation>
    <animation id="Motion_30_LArm_transform_id" name="Motion_30_LArm_transform">
      <source id="Motion_30_LArm_transform_frame_id" name="Motion_30_LArm_transform_frame">
        <float_array id="Motion_30_LArm_transform_frame_array_id" count="17">0 0.033333335 0.06666667 0.1 0.13333334 0.16666667 0.2 0.23333333 0.26666668 0.3 0.33333334 0.36666667 0.4 0.43333334 0.46666667 0.5 0.53333336</float_array>
        <technique_common>
          <accessor source="#Motion_30_LArm_transform_frame_array_id" count="17" stride="1">
            <param name="TIME" type="float" />
          </accessor>
        </technique_common>
      </source>
      <source id="Motion_30_LArm_transform_interp_id" name="Motion_30_LArm_transform_interp">
        <Name_array id="Motion_30_LArm_transform_interp_array_id" count="17">LINEAR LINEAR LINEAR LINEAR LINEAR LINEAR LINEAR LINEAR LINEAR LINEAR LINEAR LINEAR LINEAR LINEAR LINEAR LINEAR LINEAR</Name_array>
        <technique_common>
          <accessor source="#Motion_30_LArm_transform_interp_array_id" count="17" stride="1">
            <param name="INTERPOLATION" type="Name" />
          </accessor>
        </technique_common>
      </source>
      <source id="Motion_30_LArm_transform_pose_id" name="Motion_30_LArm_transform_pose">
        <float_array id="Motion_30_LArm_transform_pose_array_id" count="272">-0.32911205 0.025092982 0.9439574 10.282996 -0.21634308 -0.9750613 -0.04950852 -7.9669642 0.919174 -0.22051251 0.32633317 1.7541001 0 0 0 1 -0.46418262 0.04048027 0.8848138 10.282995 -0.2897873 -0.95091844 -0.10852092 -7.965498 0.8369931 -0.30678135 0.4531309 1.7540922 0 0 0 1 -0.82571805 0.12536249 0.5499762 10.282995 -0.30752745 -0.9173987 -0.2525993 -7.9620295 0.47288105 -0.3777086 0.79606515 1.7540911 0 0 0 1 -0.95240116 0.24658139 0.17924696 10.282995 -0.30135503 -0.85028803 -0.43150353 -7.957358 0.046010807 -0.4649815 0.884124 1.7540945 0 0 0 1 -0.9657471 0.2593307 0.00894288 10.282996 -0.22109194 -0.80432713 -0.55152166 -7.952285 -0.1358335 -0.53460765 0.83411264 1.7541001 0 0 0 1 -0.57305217 -0.014010042 0.8193988 10.282997 -0.39700466 -0.86995244 -0.29252243 -7.9476104 0.7169365 -0.4929359 0.4929666 1.7541057 0 0 0 1 -0.54161537 -0.01916217 0.840408 10.282997 -0.23936576 -0.95483816 -0.17603469 -7.944135 0.80582684 -0.29650798 0.51256824 1.754109 0 0 0 1 -0.23355842 0.018406555 0.97216845 10.282997 -0.26834047 -0.96221304 -0.046249337 -7.94266 0.9345821 -0.27167407 0.22967237 1.754108 0 0 0 1 0.25761473 0.23754394 0.9365936 10.282996 0.011619076 -0.9700017 0.24282116 -7.943985 0.9661779 -0.05167198 -0.2526468 1.7541001 0 0 0 1 0.015654743 0.54943013 0.83539313 10.282996 -0.5706816 -0.6811348 0.45867014 -7.9489107 0.82102233 -0.48392385 0.30288643 1.7541001 0 0 0 1 -0.43408465 0.63535154 0.6386696 10.1488285 -0.5436449 -0.75005305 0.37665713 -7.9582386 0.71834576 -0.18370833 0.67099226 0.7368827 0 0 0 1 -0.4509585 0.5943093 0.6659076 10.144305 -0.47928017 -0.79062843 0.38104746 -7.9727683 0.75294554 -0.14731976 0.64138126 0.81073666 0 0 0 1 -0.39007056 0.4833696 0.7837082 10.211885 -0.34561574 -0.8657588 0.36195475 -7.976961 0.8534603 -0.12967397 0.5047674 1.2792207 0 0 0 1 -0.37547636 0.33676317 0.86348605 10.279227 -0.27373245 -0.930387 0.24382558 -7.964765 0.88548756 -0.14481342 0.44152117 1.7788658 0 0 0 1 -0.087595224 0.1652172 0.9823596 10.302998 -0.18213083 -0.9721837 0.14726551 -7.9512143 0.9793648 -0.1660182 0.11524981 1.9462829 0 0 0 1 -0.29987264 0.020202436 0.95376533 10.298864 -0.1646834 -0.9858625 -0.03089568 -7.9513407 0.9396573 -0.16633408 0.2989602 1.8475525 0 0 0 1 -0.29987264 0.020202436 0.95376533 10.298864 -0.1646834 -0.9858625 -0.03089568 -7.9513407 0.9396573 -0.16633408 0.2989602 1.8475525 0 0 0 1</float_array>
        <technique_common>
          <accessor source="#Motion_30_LArm_transform_pose_array_id" count="17" stride="16">
            <param name="TRANSFORM" type="float4x4" />
          </accessor>
        </technique_common>
      </source>
      <sampler id="Motion_30_LArm_transform_samp_id">
        <input semantic="INPUT" source="#Motion_30_LArm_transform_frame_id" />
        <input semantic="INTERPOLATION" source="#Motion_30_LArm_transform_interp_id" />
        <input semantic="OUTPUT" source="#Motion_30_LArm_transform_pose_id" />
      </sampler>
      <channel source="#Motion_30_LArm_transform_samp_id" target="LArm_bone_id/transform" />
    </animation>
    <animation id="Motion_30_LForeArm_transform_id" name="Motion_30_LForeArm_transform">
      <source id="Motion_30_LForeArm_transform_frame_id" name="Motion_30_LForeArm_transform_frame">
        <float_array id="Motion_30_LForeArm_transform_frame_array_id" count="17">0 0.033333335 0.06666667 0.1 0.13333334 0.16666667 0.2 0.23333333 0.26666668 0.3 0.33333334 0.36666667 0.4 0.43333334 0.46666667 0.5 0.53333336</float_array>
        <technique_common>
          <accessor source="#Motion_30_LForeArm_transform_frame_array_id" count="17" stride="1">
            <param name="TIME" type="float" />
          </accessor>
        </technique_common>
      </source>
      <source id="Motion_30_LForeArm_transform_interp_id" name="Motion_30_LForeArm_transform_interp">
        <Name_array id="Motion_30_LForeArm_transform_interp_array_id" count="17">LINEAR LINEAR LINEAR LINEAR LINEAR LINEAR LINEAR LINEAR LINEAR LINEAR LINEAR LINEAR LINEAR LINEAR LINEAR LINEAR LINEAR</Name_array>
        <technique_common>
          <accessor source="#Motion_30_LForeArm_transform_interp_array_id" count="17" stride="1">
            <param name="INTERPOLATION" type="Name" />
          </accessor>
        </technique_common>
      </source>
      <source id="Motion_30_LForeArm_transform_pose_id" name="Motion_30_LForeArm_transform_pose">
        <float_array id="Motion_30_LForeArm_transform_pose_array_id" count="272">0.90714955 0 -0.42080843 4.647482 0 1 0 0 0.42080843 0 0.90714955 0 0 0 0 1 1 0 0 4.647482 0 1 0 0 0 0 1 0 0 0 0 1 1 0 0 4.647482 0 1 0 0 0 0 1 0 0 0 0 1 0.9517897 0 -0.30675137 4.647482 0 1 0 0 0.30675137 0 0.9517897 0 0 0 0 1 0.45141858 0 -0.89231235 4.647482 0 1 0 0 0.89231235 0 0.45141858 0 0 0 0 1 0.67160773 0 -0.74090695 4.647482 0 1 0 0 0.74090695 0 0.67160773 0 0 0 0 1 0.33179682 0 -0.94335085 4.647482 0 1 0 0 0.94335085 0 0.33179682 0 0 0 0 1 1 0 0 4.647482 0 1 0 0 0 0 1 0 0 0 0 1 1 0 0 4.647482 0 1 0 0 0 0 1 0 0 0 0 1 0.040614724 0 -0.99917483 4.647482 0 1 0 0 0.99917483 0 0.040614724 0 0 0 0 1 0.085886836 0 -0.99630487 4.647482 0 1 0 0 0.99630487 0 0.085886836 0 0 0 0 1 0.3924812 0 -0.91976005 4.647482 0 1 0 0 0.91976005 0 0.3924812 0 0 0 0 1 0.6983104 0 -0.71579504 4.647482 0 1 0 0 0.71579504 0 0.6983104 0 0 0 0 1 0.72728777 0 -0.68633264 4.647482 0 1 0 0 0.68633264 0 0.72728777 0 0 0 0 1 0.9126027 0 -0.4088475 4.647482 0 1 0 0 0.4088475 0 0.9126027 0 0 0 0 1 0.763758 0 -0.6455027 4.647482 0 1 0 0 0.6455027 0 0.763758 0 0 0 0 1 0.763758 0 -0.6455027 4.647482 0 1 0 0 0.6455027 0 0.763758 0 0 0 0 1</float_array>
        <technique_common>
          <accessor source="#Motion_30_LForeArm_transform_pose_array_id" count="17" stride="16">
            <param name="TRANSFORM" type="float4x4" />
          </accessor>
        </technique_common>
      </source>
      <sampler id="Motion_30_LForeArm_transform_samp_id">
        <input semantic="INPUT" source="#Motion_30_LForeArm_transform_frame_id" />
        <input semantic="INTERPOLATION" source="#Motion_30_LForeArm_transform_interp_id" />
        <input semantic="OUTPUT" source="#Motion_30_LForeArm_transform_pose_id" />
      </sampler>
      <channel source="#Motion_30_LForeArm_transform_samp_id" target="LForeArm_bone_id/transform" />
    </animation>
    <animation id="Motion_30_LHand_transform_id" name="Motion_30_LHand_transform">
      <source id="Motion_30_LHand_transform_frame_id" name="Motion_30_LHand_transform_frame">
        <float_array id="Motion_30_LHand_transform_frame_array_id" count="17">0 0.033333335 0.06666667 0.1 0.13333334 0.16666667 0.2 0.23333333 0.26666668 0.3 0.33333334 0.36666667 0.4 0.43333334 0.46666667 0.5 0.53333336</float_array>
        <technique_common>
          <accessor source="#Motion_30_LHand_transform_frame_array_id" count="17" stride="1">
            <param name="TIME" type="float" />
          </accessor>
        </technique_common>
      </source>
      <source id="Motion_30_LHand_transform_interp_id" name="Motion_30_LHand_transform_interp">
        <Name_array id="Motion_30_LHand_transform_interp_array_id" count="17">LINEAR LINEAR LINEAR LINEAR LINEAR LINEAR LINEAR LINEAR LINEAR LINEAR LINEAR LINEAR LINEAR LINEAR LINEAR LINEAR LINEAR</Name_array>
        <technique_common>
          <accessor source="#Motion_30_LHand_transform_interp_array_id" count="17" stride="1">
            <param name="INTERPOLATION" type="Name" />
          </accessor>
        </technique_common>
      </source>
      <source id="Motion_30_LHand_transform_pose_id" name="Motion_30_LHand_transform_pose">
        <float_array id="Motion_30_LHand_transform_pose_array_id" count="272">0.22728288 0.17759754 -0.9574976 4.485188 0.19654493 0.95463055 0.22372 0 0.9537885 -0.23903902 0.18206531 0 0 0 0 1 0.05679673 0.30014458 -0.95220137 4.485188 0.096667014 0.94760656 0.30446225 0 0.993695 -0.10933894 0.024806857 0 0 0 0 1 0.3394515 0.3092115 -0.88834727 4.485188 -0.26139867 0.9382334 0.22669102 0 0.90357256 0.15526222 0.3993122 0 0 0 0 1 0.7075795 0.45260763 -0.5426579 4.485188 -0.5805609 0.81014854 -0.081291705 0 0.40284026 0.3725663 0.8360108 0 0 0 0 1 0.7590711 0.64950913 -0.044147 4.485188 -0.64914423 0.76028323 0.024107251 0 0.049222104 0.01035865 0.9987341 0 0 0 0 1 0.8112685 0.35647577 -0.46343112 4.485188 -0.11532761 0.8746256 0.47088164 0 0.57318664 -0.32856506 0.75066775 0 0 0 0 1 0.8021377 0.013370447 -0.5969894 4.485188 0.22159433 0.92169774 0.31838533 0 0.5545007 -0.38767835 0.7363657 0 0 0 0 1 -0.051356673 0.3094194 -0.9495379 4.485188 0.23235412 0.9284028 0.28996515 0 0.9712745 -0.20573741 -0.11957455 0 0 0 0 1 0.15480071 -0.108078085 -0.9820162 4.485188 0.14360507 0.9859027 -0.08586855 0 0.977453 -0.12773 0.16813898 0 0 0 0 1 0.8188259 -0.3989146 -0.41278479 4.485188 0.53430307 0.79252374 0.29398346 0 0.20986745 -0.46127343 0.86208034 0 0 0 0 1 0.6475674 -0.34476632 -0.6795533 4.485188 0.61509013 0.7629092 0.19908212 0 0.4498006 -0.5469056 0.7060975 0 0 0 0 1 0.52987677 -0.19621293 -0.8250643 4.485188 0.60083336 0.7734485 0.20193218 0 0.598523 -0.6027253 0.5277237 0 0 0 0 1 0.40641785 -0.050997853 -0.9122629 4.485188 0.51112765 0.8402875 0.18073577 0 0.75734603 -0.5397371 0.36757427 0 0 0 0 1 0.3999319 -0.0042466223 -0.9165351 4.485188 0.38621268 0.9076558 0.16431926 0 0.83120054 -0.41969395 0.3646406 0 0 0 0 1 0.28244138 0.07463111 -0.956377 4.485188 0.2563253 0.95484763 0.15021086 0 0.92440474 -0.2875694 0.25055867 0 0 0 0 1 0.4098552 0.093639255 -0.9073315 4.485188 0.14089939 0.9762785 0.16440114 0 0.9012026 -0.19522312 0.38693905 0 0 0 0 1 0.4098552 0.093639255 -0.9073315 4.485188 0.14089939 0.9762785 0.16440114 0 0.9012026 -0.19522312 0.38693905 0 0 0 0 1</float_array>
        <technique_common>
          <accessor source="#Motion_30_LHand_transform_pose_array_id" count="17" stride="16">
            <param name="TRANSFORM" type="float4x4" />
          </accessor>
        </technique_common>
      </source>
      <sampler id="Motion_30_LHand_transform_samp_id">
        <input semantic="INPUT" source="#Motion_30_LHand_transform_frame_id" />
        <input semantic="INTERPOLATION" source="#Motion_30_LHand_transform_interp_id" />
        <input semantic="OUTPUT" source="#Motion_30_LHand_transform_pose_id" />
      </sampler>
      <channel source="#Motion_30_LHand_transform_samp_id" target="LHand_bone_id/transform" />
    </animation>
    <animation id="Motion_30_Neck1_transform_id" name="Motion_30_Neck1_transform">
      <source id="Motion_30_Neck1_transform_frame_id" name="Motion_30_Neck1_transform_frame">
        <float_array id="Motion_30_Neck1_transform_frame_array_id" count="17">0 0.033333335 0.06666667 0.1 0.13333334 0.16666667 0.2 0.23333333 0.26666668 0.3 0.33333334 0.36666667 0.4 0.43333334 0.46666667 0.5 0.53333336</float_array>
        <technique_common>
          <accessor source="#Motion_30_Neck1_transform_frame_array_id" count="17" stride="1">
            <param name="TIME" type="float" />
          </accessor>
        </technique_common>
      </source>
      <source id="Motion_30_Neck1_transform_interp_id" name="Motion_30_Neck1_transform_interp">
        <Name_array id="Motion_30_Neck1_transform_interp_array_id" count="17">LINEAR LINEAR LINEAR LINEAR LINEAR LINEAR LINEAR LINEAR LINEAR LINEAR LINEAR LINEAR LINEAR LINEAR LINEAR LINEAR LINEAR</Name_array>
        <technique_common>
          <accessor source="#Motion_30_Neck1_transform_interp_array_id" count="17" stride="1">
            <param name="INTERPOLATION" type="Name" />
          </accessor>
        </technique_common>
      </source>
      <source id="Motion_30_Neck1_transform_pose_id" name="Motion_30_Neck1_transform_pose">
        <float_array id="Motion_30_Neck1_transform_pose_array_id" count="272">0.8989506 0.08952971 0.42880335 11.3485155 -0.08482884 0.9959406 -0.030105496 0 -0.42975804 -0.00931154 0.90289605 0 0 0 0 1 0.9184684 0.075100966 0.3882983 11.3485155 -0.07184865 0.9971524 -0.022911206 0 -0.38891324 -0.0068554925 0.9212489 0 0 0 0 1 0.9563648 0.0421972 0.28911206 11.3485155 -0.041016255 0.999107 -0.010144916 0 -0.28928193 -0.0021560518 0.95724154 0 0 0 0 1 0.98497 0.006312434 0.17261015 11.3485155 -0.0057406607 0.9999763 -0.003811513 0 -0.17263012 0.0027633295 0.98498285 0 0 0 0 1 0.9971356 -0.017792046 0.073512495 11.3485155 0.017832406 0.999841 0.000107357686 0 -0.07350272 0.0012038546 0.9972943 0 0 0 0 1 0.9992416 -0.03264998 -0.021218933 11.3485155 0.032871753 0.99940765 0.010188129 0 0.020873722 -0.010877905 0.99972296 0 0 0 0 1 0.99920905 -0.02990253 -0.026212446 11.3485155 0.03023806 0.9994646 0.012498741 0 0.025824666 -0.013281469 0.99957824 0 0 0 0 1 0.9955273 -0.0006637737 0.09447165 11.3485155 -0.00040621363 0.999936 0.011306333 0 -0.09447311 -0.011294139 0.9954634 0 0 0 0 1 0.9681068 0.03729541 0.24774632 11.3485155 -0.038620584 0.9992538 0.00048950687 0 -0.24754319 -0.010042003 0.9688248 0 0 0 0 1 0.94042444 0.06424898 0.33387715 11.3485155 -0.06473617 0.9978555 -0.009679375 0 -0.33378303 -0.012511207 0.9425669 0 0 0 0 1 0.9931325 0.07623358 0.088748395 11.3485155 -0.077374235 0.99695706 0.009479152 0 -0.08775571 -0.016280893 0.996009 0 0 0 0 1 0.9963213 0.08402581 0.016837496 11.3485155 -0.0843026 0.99630415 0.016463688 0 -0.015391894 -0.01782257 0.99972266 0 0 0 0 1 0.99605983 0.088438876 -0.006581882 11.3485155 -0.08831427 0.9959427 0.01728274 0 0.008083643 -0.016633369 0.999829 0 0 0 0 1 0.99578446 0.09020484 0.016625192 11.3485155 -0.090422355 0.9958209 0.012830663 0 -0.0153983245 -0.014279864 0.99977946 0 0 0 0 1 0.98506415 0.09000236 0.14679319 11.3485155 -0.09088254 0.99586135 -0.0007134932 0 -0.14624989 -0.012638101 0.989167 0 0 0 0 1 0.93775976 0.08960407 0.33552605 11.3485155 -0.08789738 0.9959226 -0.020302732 0 -0.3359772 -0.010452777 0.9418121 0 0 0 0 1 0.93775976 0.08960407 0.33552605 11.3485155 -0.08789738 0.9959226 -0.020302732 0 -0.3359772 -0.010452777 0.9418121 0 0 0 0 1</float_array>
        <technique_common>
          <accessor source="#Motion_30_Neck1_transform_pose_array_id" count="17" stride="16">
            <param name="TRANSFORM" type="float4x4" />
          </accessor>
        </technique_common>
      </source>
      <sampler id="Motion_30_Neck1_transform_samp_id">
        <input semantic="INPUT" source="#Motion_30_Neck1_transform_frame_id" />
        <input semantic="INTERPOLATION" source="#Motion_30_Neck1_transform_interp_id" />
        <input semantic="OUTPUT" source="#Motion_30_Neck1_transform_pose_id" />
      </sampler>
      <channel source="#Motion_30_Neck1_transform_samp_id" target="Neck1_bone_id/transform" />
    </animation>
    <animation id="Motion_30_Neck2_transform_id" name="Motion_30_Neck2_transform">
      <source id="Motion_30_Neck2_transform_frame_id" name="Motion_30_Neck2_transform_frame">
        <float_array id="Motion_30_Neck2_transform_frame_array_id" count="17">0 0.033333335 0.06666667 0.1 0.13333334 0.16666667 0.2 0.23333333 0.26666668 0.3 0.33333334 0.36666667 0.4 0.43333334 0.46666667 0.5 0.53333336</float_array>
        <technique_common>
          <accessor source="#Motion_30_Neck2_transform_frame_array_id" count="17" stride="1">
            <param name="TIME" type="float" />
          </accessor>
        </technique_common>
      </source>
      <source id="Motion_30_Neck2_transform_interp_id" name="Motion_30_Neck2_transform_interp">
        <Name_array id="Motion_30_Neck2_transform_interp_array_id" count="17">LINEAR LINEAR LINEAR LINEAR LINEAR LINEAR LINEAR LINEAR LINEAR LINEAR LINEAR LINEAR LINEAR LINEAR LINEAR LINEAR LINEAR</Name_array>
        <technique_common>
          <accessor source="#Motion_30_Neck2_transform_interp_array_id" count="17" stride="1">
            <param name="INTERPOLATION" type="Name" />
          </accessor>
        </technique_common>
      </source>
      <source id="Motion_30_Neck2_transform_pose_id" name="Motion_30_Neck2_transform_pose">
        <float_array id="Motion_30_Neck2_transform_pose_array_id" count="272">0.9898273 0.019754402 -0.1408962 7.732073 -0.019846141 0.99980277 0.0007541311 0 0.1408833 0.002049786 0.9900241 0 0 0 0 1 0.99087757 0.004435224 -0.13469209 7.732073 -0.004577086 0.9999893 -0.00074358913 0 0.13468735 0.001353303 0.9908872 0 0 0 0 1 0.99210566 -0.029155321 -0.12196838 7.732073 0.029101375 0.999574 -0.0022240179 0 0.12198127 -0.001342987 0.9925315 0 0 0 0 1 0.99159867 -0.06531061 -0.11165414 7.732073 0.06551835 0.9978497 -0.0018115625 0 0.11153237 -0.005519052 0.9937455 0 0 0 0 1 0.9851807 -0.08858464 -0.14687335 7.732073 0.089544095 0.9959828 -7.94027E-05 0 0.14629039 -0.013073417 0.9891553 0 0 0 0 1 0.9548271 -0.10006088 -0.279809 7.732073 0.10380657 0.9945965 -0.0014398368 0 0.27844113 -0.027671214 0.96005464 0 0 0 0 1 0.97297376 -0.09541794 -0.2102795 7.732073 0.09931933 0.9950231 0.008046703 0 0.20846516 -0.028714051 0.9776082 0 0 0 0 1 0.99691266 -0.057162445 -0.05382987 7.732073 0.058110464 0.9981785 0.016212812 0 0.05280506 -0.019290837 0.9984185 0 0 0 0 1 0.99603987 -0.010707443 0.08826058 7.732073 0.00995314 0.9999101 0.008981981 0 -0.08834883 -0.008067942 0.9960569 0 0 0 0 1 0.9881163 0.014329145 0.15303864 7.732073 -0.014853606 0.99988705 0.0022841585 0 -0.15298863 -0.00453019 0.9882176 0 0 0 0 1 0.9995752 0.017612712 -0.02322206 7.732073 -0.017452667 0.9998226 0.0070767957 0 0.023342585 -0.006668502 0.99970526 0 0 0 0 1 0.99660665 0.019713016 -0.07991642 7.732073 -0.019088285 0.999781 0.008573803 0 0.08006793 -0.007019242 0.9967647 0 0 0 0 1 0.9931582 0.020809725 -0.11490714 7.732073 -0.020017918 0.9997673 0.008040579 0 0.115047716 -0.0056853658 0.9933437 0 0 0 0 1 0.9927923 0.021072796 -0.11798024 7.732073 -0.020499798 0.9997714 0.006068292 0 0.11808115 -0.003605983 0.9929974 0 0 0 0 1 0.9929509 0.02083341 -0.11668109 7.732073 -0.020544693 0.9997822 0.0036767097 0 0.11673228 -0.0012536148 0.99316263 0 0 0 0 1 0.9911292 0.020325061 -0.13133825 7.732073 -0.020259228 0.99979305 0.0018375512 0 0.13134842 0.0008395609 0.9913359 0 0 0 0 1 0.9911292 0.020325061 -0.13133825 7.732073 -0.020259228 0.99979305 0.0018375512 0 0.13134842 0.0008395609 0.9913359 0 0 0 0 1</float_array>
        <technique_common>
          <accessor source="#Motion_30_Neck2_transform_pose_array_id" count="17" stride="16">
            <param name="TRANSFORM" type="float4x4" />
          </accessor>
        </technique_common>
      </source>
      <sampler id="Motion_30_Neck2_transform_samp_id">
        <input semantic="INPUT" source="#Motion_30_Neck2_transform_frame_id" />
        <input semantic="INTERPOLATION" source="#Motion_30_Neck2_transform_interp_id" />
        <input semantic="OUTPUT" source="#Motion_30_Neck2_transform_pose_id" />
      </sampler>
      <channel source="#Motion_30_Neck2_transform_samp_id" target="Neck2_bone_id/transform" />
    </animation>
    <animation id="Motion_30_Head_transform_id" name="Motion_30_Head_transform">
      <source id="Motion_30_Head_transform_frame_id" name="Motion_30_Head_transform_frame">
        <float_array id="Motion_30_Head_transform_frame_array_id" count="17">0 0.033333335 0.06666667 0.1 0.13333334 0.16666667 0.2 0.23333333 0.26666668 0.3 0.33333334 0.36666667 0.4 0.43333334 0.46666667 0.5 0.53333336</float_array>
        <technique_common>
          <accessor source="#Motion_30_Head_transform_frame_array_id" count="17" stride="1">
            <param name="TIME" type="float" />
          </accessor>
        </technique_common>
      </source>
      <source id="Motion_30_Head_transform_interp_id" name="Motion_30_Head_transform_interp">
        <Name_array id="Motion_30_Head_transform_interp_array_id" count="17">LINEAR LINEAR LINEAR LINEAR LINEAR LINEAR LINEAR LINEAR LINEAR LINEAR LINEAR LINEAR LINEAR LINEAR LINEAR LINEAR LINEAR</Name_array>
        <technique_common>
          <accessor source="#Motion_30_Head_transform_interp_array_id" count="17" stride="1">
            <param name="INTERPOLATION" type="Name" />
          </accessor>
        </technique_common>
      </source>
      <source id="Motion_30_Head_transform_pose_id" name="Motion_30_Head_transform_pose">
        <float_array id="Motion_30_Head_transform_pose_array_id" count="272">0.83814704 0.022040216 -0.5449989 9.214886 -0.024421992 0.9996976 0.002870337 0 0.5448973 0.010904194 0.83843184 0 0 0 0 1 0.8850109 0.013448756 -0.46537605 9.214886 -0.018497374 0.99980915 -0.006283495 0 0.46520272 0.014169196 0.88509077 0 0 0 0 1 0.9591006 -0.006315916 -0.28299493 9.214886 0.0005758514 0.9997925 -0.020361872 0 0.28306478 0.01936612 0.9589052 0 0 0 0 1 0.99343354 -0.032377042 -0.10973377 9.214886 0.0300165 0.99928254 -0.023096014 0 0.110402815 0.01965053 0.99369264 0 0 0 0 1 0.99309784 -0.061090317 -0.10012337 9.214886 0.059881996 0.9980923 -0.0150323855 0 0.100850694 0.008933042 0.9948615 0 0 0 0 1 0.9579919 -0.08656083 -0.27342042 9.214886 0.08684169 0.99616027 -0.011099501 0 0.27333137 -0.013111062 0.96183056 0 0 0 0 1 0.9633104 -0.115085214 -0.24246322 9.214886 0.12104739 0.9925985 0.009786261 0 0.23954238 -0.038776748 0.97011125 0 0 0 0 1 0.98454404 -0.15767217 -0.07624001 9.214886 0.16230291 0.9849818 0.058895048 0 0.065808915 -0.070358746 0.9953486 0 0 0 0 1 0.976086 -0.20664765 0.06747441 9.214886 0.19792558 0.9731774 0.11726556 0 -0.089897215 -0.10110637 0.99080575 0 0 0 0 1 0.96753824 -0.24529926 0.060811102 9.214886 0.234598 0.9612393 0.1448544 0 -0.093986705 -0.12588602 0.9875825 0 0 0 0 1 0.9587636 -0.2610895 -0.11227013 9.214886 0.27307028 0.9557666 0.10928293 0 0.07877141 -0.13543414 0.9876501 0 0 0 0 1 0.91327506 -0.2405788 -0.3287104 9.214886 0.26805487 0.9625618 0.040266015 0 0.30671695 -0.12488637 0.943572 0 0 0 0 1 0.8422277 -0.18882778 -0.5049719 9.214886 0.21255752 0.97708833 -0.01085129 0 0.49545118 -0.09819631 0.86306757 0 0 0 0 1 0.808269 -0.12000006 -0.5764557 9.214886 0.1346322 0.99074167 -0.017468844 0 0.5732149 -0.06348997 0.8169417 0 0 0 0 1 0.8454599 -0.050996594 -0.53159845 9.214886 0.05780711 0.9983204 -0.0038325004 0 0.5309011 -0.027489945 0.84698784 0 0 0 0 1 0.85235786 0.0015092673 -0.5229568 9.214886 -0.001182268 0.99999887 0.00095906586 0 0.5229576 -0.00019919229 0.8523587 0 0 0 0 1 0.85235786 0.0015092673 -0.5229568 9.214886 -0.001182268 0.99999887 0.00095906586 0 0.5229576 -0.00019919229 0.8523587 0 0 0 0 1</float_array>
        <technique_common>
          <accessor source="#Motion_30_Head_transform_pose_array_id" count="17" stride="16">
            <param name="TRANSFORM" type="float4x4" />
          </accessor>
        </technique_common>
      </source>
      <sampler id="Motion_30_Head_transform_samp_id">
        <input semantic="INPUT" source="#Motion_30_Head_transform_frame_id" />
        <input semantic="INTERPOLATION" source="#Motion_30_Head_transform_interp_id" />
        <input semantic="OUTPUT" source="#Motion_30_Head_transform_pose_id" />
      </sampler>
      <channel source="#Motion_30_Head_transform_samp_id" target="Head_bone_id/transform" />
    </animation>
    <animation id="Motion_30_Loc_Head_transform_id" name="Motion_30_Loc_Head_transform">
      <source id="Motion_30_Loc_Head_transform_frame_id" name="Motion_30_Loc_Head_transform_frame">
        <float_array id="Motion_30_Loc_Head_transform_frame_array_id" count="17">0 0.033333335 0.06666667 0.1 0.13333334 0.16666667 0.2 0.23333333 0.26666668 0.3 0.33333334 0.36666667 0.4 0.43333334 0.46666667 0.5 0.53333336</float_array>
        <technique_common>
          <accessor source="#Motion_30_Loc_Head_transform_frame_array_id" count="17" stride="1">
            <param name="TIME" type="float" />
          </accessor>
        </technique_common>
      </source>
      <source id="Motion_30_Loc_Head_transform_interp_id" name="Motion_30_Loc_Head_transform_interp">
        <Name_array id="Motion_30_Loc_Head_transform_interp_array_id" count="17">LINEAR LINEAR LINEAR LINEAR LINEAR LINEAR LINEAR LINEAR LINEAR LINEAR LINEAR LINEAR LINEAR LINEAR LINEAR LINEAR LINEAR</Name_array>
        <technique_common>
          <accessor source="#Motion_30_Loc_Head_transform_interp_array_id" count="17" stride="1">
            <param name="INTERPOLATION" type="Name" />
          </accessor>
        </technique_common>
      </source>
      <source id="Motion_30_Loc_Head_transform_pose_id" name="Motion_30_Loc_Head_transform_pose">
        <float_array id="Motion_30_Loc_Head_transform_pose_array_id" count="272">0 -3.4255542E-08 1.1494253 0.19308531 -1.1494253 0 -3.4255542E-08 0 3.4255542E-08 -1.1494253 0 -10.759587 0 0 0 1 0 -3.4255542E-08 1.1494253 0.19308531 -1.1494253 0 -3.4255542E-08 0 3.4255542E-08 -1.1494253 0 -10.759587 0 0 0 1 0 -3.4255542E-08 1.1494253 0.19308531 -1.1494253 0 -3.4255542E-08 0 3.4255542E-08 -1.1494253 0 -10.759587 0 0 0 1 0 -3.4255542E-08 1.1494253 0.19308531 -1.1494253 0 -3.4255542E-08 0 3.4255542E-08 -1.1494253 0 -10.759587 0 0 0 1 0 -3.4255542E-08 1.1494253 0.19308531 -1.1494253 0 -3.4255542E-08 0 3.4255542E-08 -1.1494253 0 -10.759587 0 0 0 1 0 -3.4255542E-08 1.1494253 0.19308531 -1.1494253 0 -3.4255542E-08 0 3.4255542E-08 -1.1494253 0 -10.759587 0 0 0 1 0 -3.4255542E-08 1.1494253 0.19308531 -1.1494253 0 -3.4255542E-08 0 3.4255542E-08 -1.1494253 0 -10.759587 0 0 0 1 0 -3.4255542E-08 1.1494253 0.19308531 -1.1494253 0 -3.4255542E-08 0 3.4255542E-08 -1.1494253 0 -10.759587 0 0 0 1 0 -3.4255542E-08 1.1494253 0.19308531 -1.1494253 0 -3.4255542E-08 0 3.4255542E-08 -1.1494253 0 -10.759587 0 0 0 1 0 -3.4255542E-08 1.1494253 0.19308531 -1.1494253 0 -3.4255542E-08 0 3.4255542E-08 -1.1494253 0 -10.759587 0 0 0 1 0 -3.4255542E-08 1.1494253 0.19308531 -1.1494253 0 -3.4255542E-08 0 3.4255542E-08 -1.1494253 0 -10.759587 0 0 0 1 0 -3.4255542E-08 1.1494253 0.19308531 -1.1494253 0 -3.4255542E-08 0 3.4255542E-08 -1.1494253 0 -10.759587 0 0 0 1 0 -3.4255542E-08 1.1494253 0.19308531 -1.1494253 0 -3.4255542E-08 0 3.4255542E-08 -1.1494253 0 -10.759587 0 0 0 1 0 -3.4255542E-08 1.1494253 0.19308531 -1.1494253 0 -3.4255542E-08 0 3.4255542E-08 -1.1494253 0 -10.759587 0 0 0 1 0 -3.4255542E-08 1.1494253 0.19308531 -1.1494253 0 -3.4255542E-08 0 3.4255542E-08 -1.1494253 0 -10.759587 0 0 0 1 0 -3.4255542E-08 1.1494253 0.19308531 -1.1494253 0 -3.4255542E-08 0 3.4255542E-08 -1.1494253 0 -10.759587 0 0 0 1 0 -3.4255542E-08 1.1494253 0.19308531 -1.1494253 0 -3.4255542E-08 0 3.4255542E-08 -1.1494253 0 -10.759587 0 0 0 1</float_array>
        <technique_common>
          <accessor source="#Motion_30_Loc_Head_transform_pose_array_id" count="17" stride="16">
            <param name="TRANSFORM" type="float4x4" />
          </accessor>
        </technique_common>
      </source>
      <sampler id="Motion_30_Loc_Head_transform_samp_id">
        <input semantic="INPUT" source="#Motion_30_Loc_Head_transform_frame_id" />
        <input semantic="INTERPOLATION" source="#Motion_30_Loc_Head_transform_interp_id" />
        <input semantic="OUTPUT" source="#Motion_30_Loc_Head_transform_pose_id" />
      </sampler>
      <channel source="#Motion_30_Loc_Head_transform_samp_id" target="Loc_Head_bone_id/transform" />
    </animation>
    <animation id="Motion_30_Loc_Eye_transform_id" name="Motion_30_Loc_Eye_transform">
      <source id="Motion_30_Loc_Eye_transform_frame_id" name="Motion_30_Loc_Eye_transform_frame">
        <float_array id="Motion_30_Loc_Eye_transform_frame_array_id" count="17">0 0.033333335 0.06666667 0.1 0.13333334 0.16666667 0.2 0.23333333 0.26666668 0.3 0.33333334 0.36666667 0.4 0.43333334 0.46666667 0.5 0.53333336</float_array>
        <technique_common>
          <accessor source="#Motion_30_Loc_Eye_transform_frame_array_id" count="17" stride="1">
            <param name="TIME" type="float" />
          </accessor>
        </technique_common>
      </source>
      <source id="Motion_30_Loc_Eye_transform_interp_id" name="Motion_30_Loc_Eye_transform_interp">
        <Name_array id="Motion_30_Loc_Eye_transform_interp_array_id" count="17">LINEAR LINEAR LINEAR LINEAR LINEAR LINEAR LINEAR LINEAR LINEAR LINEAR LINEAR LINEAR LINEAR LINEAR LINEAR LINEAR LINEAR</Name_array>
        <technique_common>
          <accessor source="#Motion_30_Loc_Eye_transform_interp_array_id" count="17" stride="1">
            <param name="INTERPOLATION" type="Name" />
          </accessor>
        </technique_common>
      </source>
      <source id="Motion_30_Loc_Eye_transform_pose_id" name="Motion_30_Loc_Eye_transform_pose">
        <float_array id="Motion_30_Loc_Eye_transform_pose_array_id" count="272">0 -3.4255542E-08 1.1494253 12.980769 -1.1494253 0 -3.4255542E-08 0 3.4255542E-08 -1.1494253 0 0.88205904 0 0 0 1 0 -3.4255542E-08 1.1494253 12.980769 -1.1494253 0 -3.4255542E-08 0 3.4255542E-08 -1.1494253 0 0.88205904 0 0 0 1 0 -3.4255542E-08 1.1494253 12.980769 -1.1494253 0 -3.4255542E-08 0 3.4255542E-08 -1.1494253 0 0.88205904 0 0 0 1 0 -3.4255542E-08 1.1494253 12.980769 -1.1494253 0 -3.4255542E-08 0 3.4255542E-08 -1.1494253 0 0.88205904 0 0 0 1 0 -3.4255542E-08 1.1494253 12.980769 -1.1494253 0 -3.4255542E-08 0 3.4255542E-08 -1.1494253 0 0.88205904 0 0 0 1 0 -3.4255542E-08 1.1494253 12.980769 -1.1494253 0 -3.4255542E-08 0 3.4255542E-08 -1.1494253 0 0.88205904 0 0 0 1 0 -3.4255542E-08 1.1494253 12.980769 -1.1494253 0 -3.4255542E-08 0 3.4255542E-08 -1.1494253 0 0.88205904 0 0 0 1 0 -3.4255542E-08 1.1494253 12.980769 -1.1494253 0 -3.4255542E-08 0 3.4255542E-08 -1.1494253 0 0.88205904 0 0 0 1 0 -3.4255542E-08 1.1494253 12.980769 -1.1494253 0 -3.4255542E-08 0 3.4255542E-08 -1.1494253 0 0.88205904 0 0 0 1 0 -3.4255542E-08 1.1494253 12.980769 -1.1494253 0 -3.4255542E-08 0 3.4255542E-08 -1.1494253 0 0.88205904 0 0 0 1 0 -3.4255542E-08 1.1494253 12.980769 -1.1494253 0 -3.4255542E-08 0 3.4255542E-08 -1.1494253 0 0.88205904 0 0 0 1 0 -3.4255542E-08 1.1494253 12.980769 -1.1494253 0 -3.4255542E-08 0 3.4255542E-08 -1.1494253 0 0.88205904 0 0 0 1 0 -3.4255542E-08 1.1494253 12.980769 -1.1494253 0 -3.4255542E-08 0 3.4255542E-08 -1.1494253 0 0.88205904 0 0 0 1 0 -3.4255542E-08 1.1494253 12.980769 -1.1494253 0 -3.4255542E-08 0 3.4255542E-08 -1.1494253 0 0.88205904 0 0 0 1 0 -3.4255542E-08 1.1494253 12.980769 -1.1494253 0 -3.4255542E-08 0 3.4255542E-08 -1.1494253 0 0.88205904 0 0 0 1 0 -3.4255542E-08 1.1494253 12.980769 -1.1494253 0 -3.4255542E-08 0 3.4255542E-08 -1.1494253 0 0.88205904 0 0 0 1 0 -3.4255542E-08 1.1494253 12.980769 -1.1494253 0 -3.4255542E-08 0 3.4255542E-08 -1.1494253 0 0.88205904 0 0 0 1</float_array>
        <technique_common>
          <accessor source="#Motion_30_Loc_Eye_transform_pose_array_id" count="17" stride="16">
            <param name="TRANSFORM" type="float4x4" />
          </accessor>
        </technique_common>
      </source>
      <sampler id="Motion_30_Loc_Eye_transform_samp_id">
        <input semantic="INPUT" source="#Motion_30_Loc_Eye_transform_frame_id" />
        <input semantic="INTERPOLATION" source="#Motion_30_Loc_Eye_transform_interp_id" />
        <input semantic="OUTPUT" source="#Motion_30_Loc_Eye_transform_pose_id" />
      </sampler>
      <channel source="#Motion_30_Loc_Eye_transform_samp_id" target="Loc_Eye_bone_id/transform" />
    </animation>
    <animation id="Motion_30_Loc_Mouth_transform_id" name="Motion_30_Loc_Mouth_transform">
      <source id="Motion_30_Loc_Mouth_transform_frame_id" name="Motion_30_Loc_Mouth_transform_frame">
        <float_array id="Motion_30_Loc_Mouth_transform_frame_array_id" count="17">0 0.033333335 0.06666667 0.1 0.13333334 0.16666667 0.2 0.23333333 0.26666668 0.3 0.33333334 0.36666667 0.4 0.43333334 0.46666667 0.5 0.53333336</float_array>
        <technique_common>
          <accessor source="#Motion_30_Loc_Mouth_transform_frame_array_id" count="17" stride="1">
            <param name="TIME" type="float" />
          </accessor>
        </technique_common>
      </source>
      <source id="Motion_30_Loc_Mouth_transform_interp_id" name="Motion_30_Loc_Mouth_transform_interp">
        <Name_array id="Motion_30_Loc_Mouth_transform_interp_array_id" count="17">LINEAR LINEAR LINEAR LINEAR LINEAR LINEAR LINEAR LINEAR LINEAR LINEAR LINEAR LINEAR LINEAR LINEAR LINEAR LINEAR LINEAR</Name_array>
        <technique_common>
          <accessor source="#Motion_30_Loc_Mouth_transform_interp_array_id" count="17" stride="1">
            <param name="INTERPOLATION" type="Name" />
          </accessor>
        </technique_common>
      </source>
      <source id="Motion_30_Loc_Mouth_transform_pose_id" name="Motion_30_Loc_Mouth_transform_pose">
        <float_array id="Motion_30_Loc_Mouth_transform_pose_array_id" count="272">0 -3.4255542E-08 1.1494253 11.323319 -1.1494253 0 -3.4255542E-08 0 3.4255542E-08 -1.1494253 0 6.067529 0 0 0 1 0 -3.4255542E-08 1.1494253 11.323319 -1.1494253 0 -3.4255542E-08 0 3.4255542E-08 -1.1494253 0 6.067529 0 0 0 1 0 -3.4255542E-08 1.1494253 11.323319 -1.1494253 0 -3.4255542E-08 0 3.4255542E-08 -1.1494253 0 6.067529 0 0 0 1 0 -3.4255542E-08 1.1494253 11.323319 -1.1494253 0 -3.4255542E-08 0 3.4255542E-08 -1.1494253 0 6.067529 0 0 0 1 0 -3.4255542E-08 1.1494253 11.323319 -1.1494253 0 -3.4255542E-08 0 3.4255542E-08 -1.1494253 0 6.067529 0 0 0 1 0 -3.4255542E-08 1.1494253 11.323319 -1.1494253 0 -3.4255542E-08 0 3.4255542E-08 -1.1494253 0 6.067529 0 0 0 1 0 -3.4255542E-08 1.1494253 11.323319 -1.1494253 0 -3.4255542E-08 0 3.4255542E-08 -1.1494253 0 6.067529 0 0 0 1 0 -3.4255542E-08 1.1494253 11.323319 -1.1494253 0 -3.4255542E-08 0 3.4255542E-08 -1.1494253 0 6.067529 0 0 0 1 0 -3.4255542E-08 1.1494253 11.323319 -1.1494253 0 -3.4255542E-08 0 3.4255542E-08 -1.1494253 0 6.067529 0 0 0 1 0 -3.4255542E-08 1.1494253 11.323319 -1.1494253 0 -3.4255542E-08 0 3.4255542E-08 -1.1494253 0 6.067529 0 0 0 1 0 -3.4255542E-08 1.1494253 11.323319 -1.1494253 0 -3.4255542E-08 0 3.4255542E-08 -1.1494253 0 6.067529 0 0 0 1 0 -3.4255542E-08 1.1494253 11.323319 -1.1494253 0 -3.4255542E-08 0 3.4255542E-08 -1.1494253 0 6.067529 0 0 0 1 0 -3.4255542E-08 1.1494253 11.323319 -1.1494253 0 -3.4255542E-08 0 3.4255542E-08 -1.1494253 0 6.067529 0 0 0 1 0 -3.4255542E-08 1.1494253 11.323319 -1.1494253 0 -3.4255542E-08 0 3.4255542E-08 -1.1494253 0 6.067529 0 0 0 1 0 -3.4255542E-08 1.1494253 11.323319 -1.1494253 0 -3.4255542E-08 0 3.4255542E-08 -1.1494253 0 6.067529 0 0 0 1 0 -3.4255542E-08 1.1494253 11.323319 -1.1494253 0 -3.4255542E-08 0 3.4255542E-08 -1.1494253 0 6.067529 0 0 0 1 0 -3.4255542E-08 1.1494253 11.323319 -1.1494253 0 -3.4255542E-08 0 3.4255542E-08 -1.1494253 0 6.067529 0 0 0 1</float_array>
        <technique_common>
          <accessor source="#Motion_30_Loc_Mouth_transform_pose_array_id" count="17" stride="16">
            <param name="TRANSFORM" type="float4x4" />
          </accessor>
        </technique_common>
      </source>
      <sampler id="Motion_30_Loc_Mouth_transform_samp_id">
        <input semantic="INPUT" source="#Motion_30_Loc_Mouth_transform_frame_id" />
        <input semantic="INTERPOLATION" source="#Motion_30_Loc_Mouth_transform_interp_id" />
        <input semantic="OUTPUT" source="#Motion_30_Loc_Mouth_transform_pose_id" />
      </sampler>
      <channel source="#Motion_30_Loc_Mouth_transform_samp_id" target="Loc_Mouth_bone_id/transform" />
    </animation>
  </library_animations>
  <library_visual_scenes>
    <visual_scene id="pm0826_00_fi_00_clip_id" name="pm0826_00_fi_00_clip">
      <node id="pm0826_00_fi_bone_id" name="pm0826_00_fi" sid="pm0826_00_fi" type="JOINT">
        <matrix sid="transform">1 0 0 0 0 1 0 0 0 0 1 0 0 0 0 1</matrix>
        <node id="Origin_bone_id" name="Origin" sid="Origin" type="JOINT">
          <matrix sid="transform">1 0 0 0 0 1 0 0 0 0 1 0 0 0 0 1</matrix>
          <node id="Waist_bone_id" name="Waist" sid="Waist" type="JOINT">
            <matrix sid="transform">3.1391647E-07 -1 -3.1391647E-07 0 0 3.1391647E-07 -1 14.01674 1 3.1391647E-07 9.854355E-14 -10.644838 0 0 0 1</matrix>
            <node id="Spine1_bone_id" name="Spine1" sid="Spine1" type="JOINT">
              <matrix sid="transform">0.9920104 0 -0.12615596 0.001 0 1 0 0 0.12615596 0 0.9920104 0 0 0 0 1</matrix>
              <node id="Spine2_bone_id" name="Spine2" sid="Spine2" type="JOINT">
                <matrix sid="transform">0.9687204 0 0.2481548 10.399851 0 1 0 0 -0.2481548 0 0.9687204 0 0 0 0 1</matrix>
                <node id="Neck1_bone_id" name="Neck1" sid="Neck1" type="JOINT">
                  <matrix sid="transform">0.9879482 0 0.15478517 11.348516 0 1 0 0 -0.15478517 0 0.9879482 0 0 0 0 1</matrix>
                  <node id="Neck2_bone_id" name="Neck2" sid="Neck2" type="JOINT">
                    <matrix sid="transform">0.9968546 0 0.0792518 7.732073 0 1 0 0 -0.0792518 0 0.9968546 0 0 0 0 1</matrix>
                    <node id="Head_bone_id" name="Head" sid="Head" type="JOINT">
                      <matrix sid="transform">0.93623877 0 -0.35136437 9.214886 0 1 0 0 0.35136437 0 0.93623877 0 0 0 0 1</matrix>
                      <node id="Loc_Head_bone_id" name="Loc_Head" sid="Loc_Head" type="JOINT">
                        <matrix sid="transform">3.1391647E-07 3.1391647E-07 1 0.193085 -1 9.854355E-14 3.1391647E-07 0 0 -1 3.1391647E-07 -10.759587 0 0 0 1</matrix>
                      </node>
                      <node id="Loc_Eye_bone_id" name="Loc_Eye" sid="Loc_Eye" type="JOINT">
                        <matrix sid="transform">3.1391647E-07 3.1391647E-07 1 12.980769 -1 9.854355E-14 3.1391647E-07 0 0 -1 3.1391647E-07 0.882059 0 0 0 1</matrix>
                      </node>
                      <node id="Loc_Mouth_bone_id" name="Loc_Mouth" sid="Loc_Mouth" type="JOINT">
                        <matrix sid="transform">3.1391647E-07 3.1391647E-07 1 11.323319 -1 9.854355E-14 3.1391647E-07 0 0 -1 3.1391647E-07 6.067529 0 0 0 1</matrix>
                      </node>
                    </node>
                  </node>
                </node>
                <node id="LArm_bone_id" name="LArm" sid="LArm" type="JOINT">
                  <matrix sid="transform">0.029614981 -0.12444064 0.991785 10.262369 -0.9891336 -0.1465964 0.011142155 -7.980536 0.14400558 -0.9813379 -0.12742987 1.594027 0 0 0 1</matrix>
                  <node id="LForeArm_bone_id" name="LForeArm" sid="LForeArm" type="JOINT">
                    <matrix sid="transform">1 0 0 4.647482 0 1 0 0 0 0 1 0 0 0 0 1</matrix>
                    <node id="LHand_bone_id" name="LHand" sid="LHand" type="JOINT">
                      <matrix sid="transform">0.14869285 0 -0.98888344 4.485188 0 1 0 0 0.98888344 0 0.14869285 0 0 0 0 1</matrix>
                    </node>
                  </node>
                </node>
                <node id="RArm_bone_id" name="RArm" sid="RArm" type="JOINT">
                  <matrix sid="transform">0.029614981 0.12444064 0.991785 10.26237 0.9891336 -0.1465964 -0.011142155 7.980536 0.14400558 0.9813379 -0.12742987 1.594026 0 0 0 1</matrix>
                  <node id="RForeArm_bone_id" name="RForeArm" sid="RForeArm" type="JOINT">
                    <matrix sid="transform">1 0 0 4.647473 0 1 0 7.6E-05 0 0 1 4.4E-05 0 0 0 1</matrix>
                    <node id="RHand_bone_id" name="RHand" sid="RHand" type="JOINT">
                      <matrix sid="transform">0.14869285 0 -0.98888344 4.485228 0 1 0 -6.7E-05 0.98888344 0 0.14869285 -6E-05 0 0 0 1</matrix>
                    </node>
                  </node>
                </node>
              </node>
            </node>
            <node id="Hips_bone_id" name="Hips" sid="Hips" type="JOINT">
              <matrix sid="transform">-0.998796 3.2584137E-07 -0.0490573 -0.001 -3.2544907E-07 -1 -1.5984899E-08 0 -0.0490573 0 0.998796 0 0 0 0 1</matrix>
              <node id="LThigh_bone_id" name="LThigh" sid="LThigh" type="JOINT">
                <matrix sid="transform">0.21506006 0 -0.9766008 5.106729 0 1 0 8.454898 0.9766008 0 0.21506006 -0.65605 0 0 0 1</matrix>
                <node id="LFoot_bone_id" name="LFoot" sid="LFoot" type="JOINT">
                  <matrix sid="transform">-0.26271054 -1.144528E-08 -0.9648747 9.606683 -8.560196E-08 1 1.144528E-08 0 0.9648747 8.560196E-08 -0.26271054 -1.16132 0 0 0 1</matrix>
                  <node id="LToe_bone_id" name="LToe" sid="LToe" type="JOINT">
                    <matrix sid="transform">1 0 0 1.551614 0 1 0 0 0 0 1 -4.518118 0 0 0 1</matrix>
                  </node>
                </node>
              </node>
              <node id="RThigh_bone_id" name="RThigh" sid="RThigh" type="JOINT">
                <matrix sid="transform">0.21506006 0 -0.9766008 5.106694 0 1 0 -8.4549 0.9766008 0 0.21506006 -0.65603 0 0 0 1</matrix>
                <node id="RFoot_bone_id" name="RFoot" sid="RFoot" type="JOINT">
                  <matrix sid="transform">-0.26271054 -6.4023743E-07 -0.9648747 9.606658 -8.560196E-08 1 -6.4023743E-07 0 0.9648747 -8.560196E-08 -0.26271054 -1.161323 0 0 0 1</matrix>
                  <node id="RToe_bone_id" name="RToe" sid="RToe" type="JOINT">
                    <matrix sid="transform">1 0 0 1.5516 0 1 0 0 0 0 1 -4.51812 0 0 0 1</matrix>
                  </node>
                </node>
              </node>
              <node id="Tail1_bone_id" name="Tail1" sid="Tail1" type="JOINT">
                <matrix sid="transform">0.9954754 0 -0.09501944 10.045354 0 1 0 0 0.09501944 0 0.9954754 0 0 0 0 1</matrix>
                <node id="Tail2_bone_id" name="Tail2" sid="Tail2" type="JOINT">
                  <matrix sid="transform">1 -1E-06 -4E-06 28.887178 1E-06 1 -4E-12 1.4E-05 4E-06 0 1 7.1E-05 0 0 0 1</matrix>
                </node>
              </node>
            </node>
          </node>
          <node id="CamTgtHead_bone_id" name="CamTgtHead" sid="CamTgtHead" type="JOINT">
            <matrix sid="transform">1 0 0 0 0 1 0 18.601784 0 0 1 39.973614 0 0 0 1</matrix>
          </node>
        </node>
        <node id="pm0826_00_fi_BodySkin_bone_id" name="pm0826_00_fi_BodySkin" sid="pm0826_00_fi_BodySkin" type="JOINT">
          <matrix sid="transform">1 0 0 0 0 1 0 0 0 0 1 0 0 0 0 1</matrix>
        </node>
      </node>
    </visual_scene>
  </library_visual_scenes>
  <scene>
    <instance_visual_scene url="#pm0826_00_fi_00_clip_id" />
  </scene>
</COLLADA>