<?xml version="1.0" encoding="utf-8"?>
<COLLADA xmlns:xsi="http://www.w3.org/2001/XMLSchema-instance" xmlns:xsd="http://www.w3.org/2001/XMLSchema" version="1.4.1" xmlns="http://www.collada.org/2005/11/COLLADASchema">
  <asset>
    <created>2026-02-17T05:46:52.9334269-05:00</created>
    <modified>2026-02-17T05:46:52.9334271-05:00</modified>
    <up_axis>Y_UP</up_axis>
  </asset>
  <library_animations>
    <animation id="Motion_76_Waist_transform_id" name="Motion_76_Waist_transform">
      <source id="Motion_76_Waist_transform_frame_id" name="Motion_76_Waist_transform_frame">
        <float_array id="Motion_76_Waist_transform_frame_array_id" count="66">0 0.033333335 0.06666667 0.1 0.13333334 0.16666667 0.2 0.23333333 0.26666668 0.3 0.33333334 0.36666667 0.4 0.43333334 0.46666667 0.5 0.53333336 0.56666666 0.6 0.6333333 0.6666667 0.7 0.73333335 0.76666665 0.8 0.8333333 0.8666667 0.9 0.93333334 0.96666664 1 1.0333333 1.0666667 1.1 1.1333333 1.1666666 1.2 1.2333333 1.2666667 1.3 1.3333334 1.3666667 1.4 1.4333333 1.4666667 1.5 1.5333333 1.5666667 1.6 1.6333333 1.6666666 1.7 1.7333333 1.7666667 1.8 1.8333334 1.8666667 1.9 1.9333333 1.9666667 2 2.0333333 2.0666666 2.1 2.1333334 2.1666667</float_array>
        <technique_common>
          <accessor source="#Motion_76_Waist_transform_frame_array_id" count="66" stride="1">
            <param name="TIME" type="float" />
          </accessor>
        </technique_common>
      </source>
      <source id="Motion_76_Waist_transform_interp_id" name="Motion_76_Waist_transform_interp">
        <Name_array id="Motion_76_Waist_transform_interp_array_id" count="66">LINEAR LINEAR LINEAR LINEAR LINEAR LINEAR LINEAR LINEAR LINEAR LINEAR LINEAR LINEAR LINEAR LINEAR LINEAR LINEAR LINEAR LINEAR LINEAR LINEAR LINEAR LINEAR LINEAR LINEAR LINEAR LINEAR LINEAR LINEAR LINEAR LINEAR LINEAR LINEAR LINEAR LINEAR LINEAR LINEAR LINEAR LINEAR LINEAR LINEAR LINEAR LINEAR LINEAR LINEAR LINEAR LINEAR LINEAR LINEAR LINEAR LINEAR LINEAR LINEAR LINEAR LINEAR LINEAR LINEAR LINEAR LINEAR LINEAR LINEAR LINEAR LINEAR LINEAR LINEAR LINEAR LINEAR</Name_array>
        <technique_common>
          <accessor source="#Motion_76_Waist_transform_interp_array_id" count="66" stride="1">
            <param name="INTERPOLATION" type="Name" />
          </accessor>
        </technique_common>
      </source>
      <source id="Motion_76_Waist_transform_pose_id" name="Motion_76_Waist_transform_pose">
        <float_array id="Motion_76_Waist_transform_pose_array_id" count="1056">-1.1920929E-07 -0.9996904 -0.024879197 0.3 1 -1.1920929E-07 -7.7299774E-08 5.7887573 7.264316E-08 -0.024879195 0.9996905 0.06478788 0 0 0 1 -0.0005902052 -0.9995913 -0.028582875 0.3 0.9999998 -0.0005899668 -1.6544946E-05 5.8116465 -3.222376E-07 -0.028582878 0.9995914 0.086241096 0 0 0 1 -0.0014612675 -0.9994669 -0.032615222 0.3 0.9999989 -0.0014605522 -4.5873225E-05 5.8426194 -1.7862767E-06 -0.03261525 0.99946797 0.09992399 0 0 0 1 -0.0026433468 -0.9993099 -0.037050318 0.3 0.99999654 -0.0026416779 -9.548478E-05 5.879142 -2.451241E-06 -0.03705044 0.9993134 0.10664063 0 0 0 1 -0.0041673183 -0.9991105 -0.041961886 0.3 0.99999136 -0.004163623 -0.00017360225 5.918678 -1.2610108E-06 -0.041962247 0.9991192 0.10719507 0 0 0 1 -0.006062269 -0.99886346 -0.0472755 0.3 0.99998164 -0.006055236 -0.000291856 5.9586926 5.2582473E-06 -0.0472764 0.9988818 0.10239139 0 0 0 1 -0.008257985 -0.9985718 -0.052782588 0.3 0.99996585 -0.008245587 -0.00045241602 5.993087 1.6542152E-05 -0.052784525 0.9986059 0.09303368 0 0 0 1 -0.010614634 -0.9982394 -0.05835602 0.3 0.9999436 -0.010594845 -0.00064817443 6.0158515 2.8762966E-05 -0.05835961 0.9982956 0.07992598 0 0 0 1 -0.013055086 -0.9978729 -0.0638688 0.3 0.9999147 -0.013025999 -0.0008719675 6.0245852 3.8154423E-05 -0.06387474 0.99795794 0.06387237 0 0 0 1 -0.015502095 -0.99748284 -0.069194585 0.3 0.9998799 -0.015461922 -0.0011151545 6.016886 4.2472035E-05 -0.069203556 0.9976026 0.046478912 0 0 0 1 -0.017876387 -0.9970826 -0.07420771 0.3 0.99984026 -0.017824054 -0.0013676174 5.991798 4.0952116E-05 -0.0742203 0.99724185 0.030139804 0 0 0 1 -0.02009964 -0.9966891 -0.078783154 0.3 0.99979794 -0.020034432 -0.0016179308 5.9540563 3.419444E-05 -0.078799754 0.9968905 0.016841307 0 0 0 1 -0.022091746 -0.9963215 -0.082796514 0.3 0.9997559 -0.022013903 -0.0018535033 5.9097977 2.4009496E-05 -0.08281725 0.99656475 0.008569684 0 0 0 1 -0.023773193 -0.9960008 -0.086123794 0.3 0.9997174 -0.023683667 -0.0020609647 5.8651586 1.3001263E-05 -0.08614845 0.99628234 0.00731121 0 0 0 1 -0.025063157 -0.99574816 -0.088641256 0.3 0.99968576 -0.024964094 -0.0022265352 5.8262753 4.2058527E-06 -0.088669226 0.99606115 0.015052138 0 0 0 1 -0.02588296 -0.995585 -0.09022518 0.3 0.99966496 -0.02577722 -0.0023365766 5.7992845 5.066395E-07 -0.09025543 0.99591863 0.03377874 0 0 0 1 -0.02617693 -0.99552625 -0.09078647 0.3 0.99965733 -0.026068807 -0.0023773313 5.7887573 -3.7252903E-09 -0.09081759 0.99586755 0.06478788 0 0 0 1 -0.022087097 -0.99700844 -0.07406958 0.3 0.9997561 -0.0220263 -0.0016365945 6.304591 2.1606684E-07 -0.074087664 0.99725175 0.31354022 0 0 0 1 -0.01299715 -0.9992222 -0.037229944 0.3 0.99991554 -0.01298511 -0.000564022 7.088899 8.0145895E-05 -0.037234128 0.99930656 0.816293 0 0 0 1 -0.0040905476 -0.99999166 -0.0002871423 0.3 0.99999166 -0.0040905476 -9.2860137E-07 7.541043 -2.4597102E-07 -0.0002871437 0.99999994 1.3211895 0 0 0 1 5.9604645E-08 -0.99986386 0.016500067 0.3 1 5.9604645E-08 -1.8626451E-08 7.715857 1.7695129E-08 0.016500065 0.99986386 1.5763799 0 0 0 1 5.9604645E-08 -0.99986386 0.016500067 0.3 1 5.9604645E-08 -1.8626451E-08 7.6663966 1.7695129E-08 0.016500065 0.99986386 1.6204425 0 0 0 1 -1.1920929E-07 -0.9998638 0.016504182 0.3 1 -1.1920929E-07 -1.8905848E-07 7.5899715 1.899898E-07 0.01650418 0.9998638 1.6601632 0 0 0 1 -1.3113022E-06 -0.99986356 0.016515438 0.3 0.99999994 -1.3113022E-06 -3.3620745E-07 7.5899715 3.5669655E-07 0.016515438 0.9998636 1.6957011 0 0 0 1 -3.0994415E-06 -0.99986345 0.016532615 0.3 1.0000001 -3.0994415E-06 -4.6752393E-07 7.661974 5.159527E-07 0.016532615 0.9998633 1.7272893 0 0 0 1 -5.1259995E-06 -0.9998629 0.01655448 0.3 1 -5.1259995E-06 -5.783513E-07 7.715857 6.631017E-07 0.016554482 0.99986297 1.7551602 0 0 0 1 -7.987022E-06 -0.99986255 0.01657982 0.3 1 -7.987022E-06 -6.714836E-07 7.661974 8.046627E-07 0.016579818 0.99986255 1.7795469 0 0 0 1 -1.1205673E-05 -0.99986213 0.016607407 0.3 1 -1.13248825E-05 -7.47852E-07 7.5899715 9.3411654E-07 0.016607407 0.9998621 1.8006818 0 0 0 1 -1.4901161E-05 -0.99986154 0.016636014 0.3 0.99999994 -1.4901161E-05 -8.046627E-07 7.5899715 1.0523945E-06 0.016636014 0.9998616 1.8187981 0 0 0 1 -1.8835068E-05 -0.9998612 0.016664423 0.3 1 -1.8835068E-05 -8.456409E-07 7.661974 1.1585653E-06 0.016664423 0.9998611 1.8341283 0 0 0 1 -2.3126602E-05 -0.99986064 0.016691407 0.3 1 -2.3126602E-05 -8.6613E-07 7.715857 1.2516975E-06 0.016691407 0.9998607 1.8469052 0 0 0 1 -2.7775764E-05 -0.9998603 0.016715743 0.3 1 -2.7894974E-05 -8.698553E-07 7.661974 1.3355166E-06 0.016715743 0.9998603 1.8573616 0 0 0 1 -3.2424927E-05 -0.99986 0.01673621 0.3 1 -3.2424927E-05 -8.577481E-07 7.5899715 1.3997778E-06 0.01673621 0.9998599 1.8657303 0 0 0 1 -3.707409E-05 -0.9998597 0.01675158 0.3 1 -3.707409E-05 -8.288771E-07 7.5899715 1.4510006E-06 0.01675158 0.9998597 1.872244 0 0 0 1 -4.208088E-05 -0.9998595 0.016760632 0.3 0.99999994 -4.208088E-05 -7.832423E-07 7.661974 1.4891848E-06 0.016760632 0.9998595 1.8771356 0 0 0 1 -4.696846E-05 -0.9998596 0.016762145 0.3 1.0000001 -4.696846E-05 -7.208437E-07 7.715857 1.5059486E-06 0.016762145 0.9998595 1.8806379 0 0 0 1 -5.173683E-05 -0.99985963 0.016754892 0.3 1 -5.173683E-05 -6.4168125E-07 7.661974 1.5087426E-06 0.016754892 0.99985963 1.8829834 0 0 0 1 -5.6505203E-05 -0.99985987 0.016737647 0.3 0.99999994 -5.6505203E-05 -5.4668635E-07 7.5899715 1.4938414E-06 0.016737647 0.9998599 1.8844051 0 0 0 1 -6.0915947E-05 -0.99986035 0.016709194 0.3 0.99999994 -6.1035156E-05 -4.367903E-07 7.5899715 1.4565885E-06 0.016709194 0.9998604 1.8851359 0 0 0 1 -6.54459E-05 -0.99986106 0.016668303 0.3 0.99999994 -6.54459E-05 -3.1013042E-07 7.6717544 1.4007092E-06 0.016668301 0.99986106 1.8854082 0 0 0 1 -6.9499016E-05 -0.9998621 0.016613755 0.3 1.0000001 -6.9499016E-05 -1.7229468E-07 7.715857 1.3243407E-06 0.016613755 0.99986196 1.8856876 0 0 0 1 -7.3075294E-05 -0.99986315 0.016544323 0.3 1 -7.3075294E-05 -1.5832484E-08 7.5957766 1.2246892E-06 0.016544323 0.99986315 1.8739154 0 0 0 1 -7.6413155E-05 -0.99986464 0.016458783 0.3 1.0000001 -7.6413155E-05 1.527369E-07 7.3299665 1.1036173E-06 0.016458785 0.9998645 1.8315376 0 0 0 1 -7.903576E-05 -0.9998671 0.016303457 0.3 1 -7.903576E-05 3.306195E-07 6.9448395 9.601936E-07 0.016303457 0.9998671 1.7400007 0 0 0 1 -8.034706E-05 -0.9998722 0.015981961 0.3 0.9999999 -8.034706E-05 4.9266964E-07 6.5176353 7.925555E-07 0.015981961 0.99987227 1.5807508 0 0 0 1 -8.022785E-05 -0.9998809 0.015429015 0.3 1 -8.022785E-05 6.4074993E-07 6.1253486 5.9697777E-07 0.015429015 0.99988097 1.3385472 0 0 0 1 -7.843971E-05 -0.99989367 0.014579332 0.3 1 -7.843971E-05 7.664785E-07 5.8326893 3.7625432E-07 0.014579332 0.9998937 1.0379701 0 0 0 1 -7.498264E-05 -0.99991065 0.013367622 0.3 1 -7.498264E-05 8.721836E-07 5.694244 1.2945384E-07 0.013367621 0.99991065 0.72019684 0 0 0 1 -6.9618225E-05 -0.99993116 0.011728583 0.3 0.99999994 -6.9499016E-05 9.546056E-07 5.671715 -1.383014E-07 0.011728584 0.9999312 0.42640522 0 0 0 1 -6.2942505E-05 -0.9999539 0.009596913 0.3 0.99999994 -6.2942505E-05 1.0235235E-06 5.71869 -4.1909516E-07 0.009596913 0.9999539 0.19777277 0 0 0 1 -5.6147575E-05 -0.9999752 0.007033674 0.3 1 -5.6147575E-05 9.040814E-07 5.7887573 -5.0873496E-07 0.007033674 0.99997526 0.06168031 0 0 0 1 -5.018711E-05 -0.99999076 0.0042976015 0.3 0.99999994 -5.018711E-05 5.6251884E-07 5.8554096 -3.4691766E-07 0.0042976015 0.99999076 -0.007922513 0 0 0 1 -4.529953E-05 -0.9999986 0.0016199029 0.3 0.99999994 -4.529953E-05 2.1181768E-07 5.919162 -1.3835961E-07 0.0016199029 0.9999987 -0.050004993 0 0 0 1 -4.172325E-05 -0.99999976 -0.0007682021 0.3 1 -4.172325E-05 5.989568E-08 5.974135 -9.1968104E-08 -0.0007682021 0.9999997 -0.08595334 0 0 0 1 -3.862381E-05 -0.999996 -0.0028313752 0.3 1 -3.862381E-05 8.929055E-08 6.0144525 -1.9848812E-07 -0.0028313752 0.999996 -0.111676164 0 0 0 1 -3.504753E-05 -0.9999889 -0.0047211805 0.3 1 -3.504753E-05 1.4016405E-07 6.034236 -3.0500814E-07 -0.0047211805 0.99998885 -0.12792632 0 0 0 1 -3.1471252E-05 -0.99997896 -0.0064867586 0.3 0.99999994 -3.1471252E-05 2.02097E-07 6.033289 -4.0698797E-07 -0.0064867586 0.99997896 -0.13545664 0 0 0 1 -2.7656555E-05 -0.9999667 -0.0081772525 0.3 1.0000001 -2.7656555E-05 2.705492E-07 6.0176935 -4.9592927E-07 -0.0081772525 0.99996656 -0.13502003 0 0 0 1 -2.3126602E-05 -0.9999516 -0.009841799 0.3 1 -2.3126602E-05 3.3527613E-07 5.9909883 -5.6345016E-07 -0.009841799 0.99995154 -0.12736925 0 0 0 1 -1.835823E-05 -0.9999335 -0.01152954 0.3 1 -1.835823E-05 3.9301813E-07 5.9567113 -6.053597E-07 -0.01152954 0.99993354 -0.11325724 0 0 0 1 -1.3589859E-05 -0.9999117 -0.01328961 0.3 1 -1.3589859E-05 4.3213367E-07 5.9184017 -6.123446E-07 -0.01328961 0.99991167 -0.09343678 0 0 0 1 -8.940697E-06 -0.999885 -0.0151711395 0.3 1.0000001 -8.940697E-06 4.461035E-07 5.8795986 -5.8021396E-07 -0.0151711395 0.9998849 -0.068660766 0 0 0 1 -4.2915344E-06 -0.9998517 -0.017223246 0.3 1 -4.2915344E-06 4.2654574E-07 5.843839 -5.001202E-07 -0.017223246 0.99985164 -0.03968202 0 0 0 1 -9.536743E-07 -0.99981 -0.019495044 0.3 1 -9.536743E-07 3.5762787E-07 5.8146634 -3.7625432E-07 -0.019495044 0.99981 -0.0072533973 0 0 0 1 4.7683716E-07 -0.99975723 -0.022035625 0.3 1 4.7683716E-07 2.2444874E-07 5.795609 -2.1141022E-07 -0.022035625 0.9997572 0.027872238 0 0 0 1 4.7683716E-07 -0.99975723 -0.022035625 0.3 1 4.7683716E-07 2.2444874E-07 5.795609 -2.1141022E-07 -0.022035625 0.9997572 0.027872238 0 0 0 1</float_array>
        <technique_common>
          <accessor source="#Motion_76_Waist_transform_pose_array_id" count="66" stride="16">
            <param name="TRANSFORM" type="float4x4" />
          </accessor>
        </technique_common>
      </source>
      <sampler id="Motion_76_Waist_transform_samp_id">
        <input semantic="INPUT" source="#Motion_76_Waist_transform_frame_id" />
        <input semantic="INTERPOLATION" source="#Motion_76_Waist_transform_interp_id" />
        <input semantic="OUTPUT" source="#Motion_76_Waist_transform_pose_id" />
      </sampler>
      <channel source="#Motion_76_Waist_transform_samp_id" target="Waist_bone_id/transform" />
    </animation>
    <animation id="Motion_76_Hips_transform_id" name="Motion_76_Hips_transform">
      <source id="Motion_76_Hips_transform_frame_id" name="Motion_76_Hips_transform_frame">
        <float_array id="Motion_76_Hips_transform_frame_array_id" count="66">0 0.033333335 0.06666667 0.1 0.13333334 0.16666667 0.2 0.23333333 0.26666668 0.3 0.33333334 0.36666667 0.4 0.43333334 0.46666667 0.5 0.53333336 0.56666666 0.6 0.6333333 0.6666667 0.7 0.73333335 0.76666665 0.8 0.8333333 0.8666667 0.9 0.93333334 0.96666664 1 1.0333333 1.0666667 1.1 1.1333333 1.1666666 1.2 1.2333333 1.2666667 1.3 1.3333334 1.3666667 1.4 1.4333333 1.4666667 1.5 1.5333333 1.5666667 1.6 1.6333333 1.6666666 1.7 1.7333333 1.7666667 1.8 1.8333334 1.8666667 1.9 1.9333333 1.9666667 2 2.0333333 2.0666666 2.1 2.1333334 2.1666667</float_array>
        <technique_common>
          <accessor source="#Motion_76_Hips_transform_frame_array_id" count="66" stride="1">
            <param name="TIME" type="float" />
          </accessor>
        </technique_common>
      </source>
      <source id="Motion_76_Hips_transform_interp_id" name="Motion_76_Hips_transform_interp">
        <Name_array id="Motion_76_Hips_transform_interp_array_id" count="66">LINEAR LINEAR LINEAR LINEAR LINEAR LINEAR LINEAR LINEAR LINEAR LINEAR LINEAR LINEAR LINEAR LINEAR LINEAR LINEAR LINEAR LINEAR LINEAR LINEAR LINEAR LINEAR LINEAR LINEAR LINEAR LINEAR LINEAR LINEAR LINEAR LINEAR LINEAR LINEAR LINEAR LINEAR LINEAR LINEAR LINEAR LINEAR LINEAR LINEAR LINEAR LINEAR LINEAR LINEAR LINEAR LINEAR LINEAR LINEAR LINEAR LINEAR LINEAR LINEAR LINEAR LINEAR LINEAR LINEAR LINEAR LINEAR LINEAR LINEAR LINEAR LINEAR LINEAR LINEAR LINEAR LINEAR</Name_array>
        <technique_common>
          <accessor source="#Motion_76_Hips_transform_interp_array_id" count="66" stride="1">
            <param name="INTERPOLATION" type="Name" />
          </accessor>
        </technique_common>
      </source>
      <source id="Motion_76_Hips_transform_pose_id" name="Motion_76_Hips_transform_pose">
        <float_array id="Motion_76_Hips_transform_pose_array_id" count="1056">-1 8.7332914E-08 -4.576139E-09 -0.001 -8.7452726E-08 -0.99862957 0.05233596 0 7.8426154E-13 0.05233596 0.9986295 0 0 0 0 1 -0.9999999 -0.00065814634 3.7459853E-05 -0.001 0.0006592049 -0.99862885 0.052346922 0 2.9565545E-06 0.052346937 0.998629 0 0 0 0 1 -0.99999845 -0.0016818485 9.890733E-05 -0.001 0.0016847203 -0.9986265 0.052363925 0 1.0703297E-05 0.052364014 0.9986281 0 0 0 0 1 -0.99999523 -0.0030286657 0.00018044446 -0.001 0.0030339598 -0.9986222 0.05238622 0 2.153551E-05 0.052386526 0.9986269 0 0 0 0 1 -0.9999888 -0.0046557635 0.00027816778 -0.001 0.0046639433 -0.9986143 0.05241302 0 3.375973E-05 0.05241375 0.99862546 0 0 0 0 1 -0.9999788 -0.006520067 0.0003881639 -0.001 0.0065314514 -0.9986026 0.052443597 0 4.5685723E-05 0.052445013 0.9986238 0 0 0 0 1 -0.9999629 -0.008578974 0.0005065229 -0.001 0.008593733 -0.998585 0.05247717 0 5.5605997E-05 0.052479584 0.998622 0 0 0 0 1 -0.99994147 -0.01078964 0.0006293157 -0.001 0.010807801 -0.99856174 0.05251302 0 6.1813975E-05 0.05251675 0.99862003 0 0 0 0 1 -0.9999137 -0.013108987 0.00075259095 -0.001 0.013130423 -0.99853194 0.05255043 0 6.260324E-05 0.05255578 0.998618 0 0 0 0 1 -0.99987936 -0.015494645 0.0008723985 -0.001 0.015519083 -0.99849546 0.052588727 0 5.6242425E-05 0.052595932 0.99861586 0 0 0 0 1 -0.99984 -0.017852543 0.0009833919 -0.001 0.017879559 -0.9984541 0.052626416 0 4.235626E-05 0.052635588 0.9986138 0 0 0 0 1 -0.9997984 -0.020064328 0.0010795477 -0.001 0.020093337 -0.99841046 0.052661676 0 2.1210522E-05 0.052672733 0.9986118 0 0 0 0 1 -0.999756 -0.022048818 0.0011558083 -0.001 0.02207909 -0.99836636 0.052693266 0 -7.903844E-06 0.05270594 0.9986101 0 0 0 0 1 -0.99971783 -0.023725592 0.0012071237 -0.001 0.023756236 -0.9983268 0.052720036 0 -4.5710127E-05 0.052733835 0.9986086 0 0 0 0 1 -0.99968636 -0.025013978 0.0012284336 -0.001 0.025043951 -0.9982941 0.052740786 0 -9.291887E-05 0.05275501 0.99860746 0 0 0 0 1 -0.9996656 -0.025833564 0.0012146936 -0.001 0.025861667 -0.99827266 0.052754328 0 -0.00015023677 0.052768096 0.9986068 0 0 0 0 1 -0.9996686 -0.02571295 0.0011504173 -0.001 0.025737831 -0.99827576 0.052753158 0 -0.00020800557 0.052765287 0.9986069 0 0 0 0 1 -0.9997567 -0.022047698 0.0009632873 -0.001 0.022067826 -0.9983671 0.0526953 0 -0.00020009602 0.052703727 0.9986102 0 0 0 0 1 -0.9999144 -0.013065184 0.0006045393 -0.001 0.0130789 -0.99853253 0.052550618 0 -8.293131E-05 0.05255403 0.99861807 0 0 0 0 1 -0.99999166 -0.0040824236 0.00021415978 -0.001 0.0040880367 -0.99861765 0.052403647 0 -7.0132955E-08 0.052404087 0.99862593 0 0 0 0 1 -1.0000002 -0.00012241094 -4.2071762E-05 -0.001 0.00012004122 -0.99862957 0.052337985 0 -4.8420843E-05 0.052337978 0.99862945 0 0 0 0 1 -0.9999999 0.00038908224 -0.00017304118 -0.001 -0.0003976043 -0.9986298 0.05232938 0 -0.00015244364 0.052329447 0.99862987 0 0 0 0 1 -0.99999976 -6.1926908E-06 -0.00024893697 -0.001 -6.84415E-06 -0.99862933 0.05233595 0 -0.0002489199 0.05233595 0.9986295 0 0 0 0 1 -0.99999976 -7.713913E-06 -0.00030703007 -0.001 -8.365373E-06 -0.99862933 0.05233595 0 -0.00030701302 0.05233595 0.9986295 0 0 0 0 1 -0.99999976 -8.585916E-06 -0.00034033053 -0.001 -9.237376E-06 -0.99862933 0.05233595 0 -0.00034031348 0.05233595 0.99862945 0 0 0 0 1 -0.99999976 -8.894591E-06 -0.00035211834 -0.001 -9.546051E-06 -0.99862945 0.05233595 0 -0.00035210128 0.05233595 0.99862945 0 0 0 0 1 -0.99999976 -8.725822E-06 -0.00034567335 -0.001 -9.377282E-06 -0.99862945 0.05233595 0 -0.0003456563 0.05233595 0.99862945 0 0 0 0 1 -0.99999976 -8.165506E-06 -0.00032427572 -0.001 -8.816966E-06 -0.99862933 0.05233595 0 -0.00032425867 0.05233595 0.9986295 0 0 0 0 1 -0.99999976 -7.2995194E-06 -0.00029120504 -0.001 -7.950979E-06 -0.99862933 0.05233595 0 -0.000291188 0.05233595 0.9986295 0 0 0 0 1 -0.99999976 -6.2137597E-06 -0.00024974154 -0.001 -6.865219E-06 -0.99862933 0.05233595 0 -0.0002497245 0.05233595 0.9986295 0 0 0 0 1 -0.99999976 -4.9941127E-06 -0.00020316511 -0.001 -5.645572E-06 -0.99862933 0.05233595 0 -0.00020314805 0.05233595 0.9986295 0 0 0 0 1 -0.99999976 -3.7264645E-06 -0.00015475557 -0.001 -4.3779237E-06 -0.99862933 0.05233595 0 -0.00015473852 0.05233595 0.9986295 0 0 0 0 1 -0.99999976 -2.496707E-06 -0.00010779303 -0.001 -3.1481663E-06 -0.99862933 0.05233595 0 -0.00010777597 0.05233595 0.9986295 0 0 0 0 1 -0.99999976 -1.3907261E-06 -6.5557324E-05 -0.001 -2.0421855E-06 -0.99862933 0.05233595 0 -6.554027E-05 0.05233595 0.9986295 0 0 0 0 1 -1 -7.327476E-07 -3.1322186E-05 -0.001 -9.0753326E-07 -0.99862957 0.05233596 0 -3.131761E-05 0.05233596 0.9986295 0 0 0 0 1 -1 -1.3198631E-07 -8.380039E-06 -0.001 -3.0677194E-07 -0.99862957 0.05233596 0 -8.375462E-06 0.05233596 0.9986295 0 0 0 0 1 -1 8.7332914E-08 -4.576139E-09 -0.001 -8.7452726E-08 -0.99862957 0.05233596 0 7.8426154E-13 0.05233596 0.9986295 0 0 0 0 1 -1 8.730458E-08 -5.6583715E-09 -0.001 -8.748106E-08 -0.99862957 0.05233596 0 -1.0814483E-09 0.05233596 0.9986295 0 0 0 0 1 -1 8.728231E-08 -6.5086967E-09 -0.001 -8.750333E-08 -0.99862957 0.05233596 0 -1.9317736E-09 0.05233596 0.9986295 0 0 0 0 1 -1 8.726567E-08 -7.144294E-09 -0.001 -8.751997E-08 -0.99862957 0.05233596 0 -2.5673705E-09 0.05233596 0.9986295 0 0 0 0 1 -1 8.725419E-08 -7.58234E-09 -0.001 -8.753145E-08 -0.99862957 0.05233596 0 -3.0054166E-09 0.05233596 0.9986295 0 0 0 0 1 -1 8.724745E-08 -7.840015E-09 -0.001 -8.753819E-08 -0.99862957 0.05233596 0 -3.2630914E-09 0.05233596 0.9986295 0 0 0 0 1 -1 8.724497E-08 -7.934496E-09 -0.001 -8.754067E-08 -0.99862957 0.05233596 0 -3.3575727E-09 0.05233596 0.9986295 0 0 0 0 1 -1 8.724632E-08 -7.882961E-09 -0.001 -8.753932E-08 -0.99862957 0.05233596 0 -3.3060374E-09 0.05233596 0.9986295 0 0 0 0 1 -1 8.7251045E-08 -7.702588E-09 -0.001 -8.7534595E-08 -0.99862957 0.05233596 0 -3.1256648E-09 0.05233596 0.9986295 0 0 0 0 1 -1 8.725869E-08 -7.4105575E-09 -0.001 -8.752695E-08 -0.99862957 0.05233596 0 -2.8336344E-09 0.05233596 0.9986295 0 0 0 0 1 -1 8.7268816E-08 -7.0240462E-09 -0.001 -8.7516824E-08 -0.99862957 0.05233596 0 -2.4471227E-09 0.05233596 0.9986295 0 0 0 0 1 -1 8.728096E-08 -6.5602315E-09 -0.001 -8.750468E-08 -0.99862957 0.05233596 0 -1.9833084E-09 0.05233596 0.9986295 0 0 0 0 1 -1 8.729468E-08 -6.036294E-09 -0.001 -8.749096E-08 -0.99862957 0.05233596 0 -1.4593711E-09 0.05233596 0.9986295 0 0 0 0 1 -1 8.730952E-08 -5.46941E-09 -0.001 -8.747612E-08 -0.99862957 0.05233596 0 -8.9248675E-10 0.05233596 0.9986295 0 0 0 0 1 -1 8.732504E-08 -4.876759E-09 -0.001 -8.74606E-08 -0.99862957 0.05233596 0 -2.998357E-10 0.05233596 0.9986295 0 0 0 0 1 -1 8.734079E-08 -4.2755195E-09 -0.001 -8.744485E-08 -0.99862957 0.05233596 0 3.01404E-10 0.05233596 0.9986295 0 0 0 0 1 -1 8.7356305E-08 -3.6828682E-09 -0.001 -8.7429335E-08 -0.99862957 0.05233596 0 8.9405516E-10 0.05233596 0.9986295 0 0 0 0 1 -1 8.737115E-08 -3.1159837E-09 -0.001 -8.741449E-08 -0.99862957 0.05233596 0 1.4609396E-09 0.05233596 0.9986295 0 0 0 0 1 -1 8.738487E-08 -2.5920466E-09 -0.001 -8.740077E-08 -0.99862957 0.05233596 0 1.9848767E-09 0.05233596 0.9986295 0 0 0 0 1 -1 8.739702E-08 -2.1282318E-09 -0.001 -8.738862E-08 -0.99862957 0.05233596 0 2.4486915E-09 0.05233596 0.9986295 0 0 0 0 1 -1 8.740714E-08 -1.7417205E-09 -0.001 -8.73785E-08 -0.99862957 0.05233596 0 2.8352027E-09 0.05233596 0.9986295 0 0 0 0 1 -1 8.741478E-08 -1.4496897E-09 -0.001 -8.737086E-08 -0.99862957 0.05233596 0 3.1272336E-09 0.05233596 0.9986295 0 0 0 0 1 -1 8.741951E-08 -1.2693174E-09 -0.001 -8.736613E-08 -0.99862957 0.05233596 0 3.3076057E-09 0.05233596 0.9986295 0 0 0 0 1 -1 8.742086E-08 -1.217783E-09 -0.001 -8.736478E-08 -0.99862957 0.05233596 0 3.3591403E-09 0.05233596 0.9986295 0 0 0 0 1 -1 8.7418385E-08 -1.3122634E-09 -0.001 -8.7367255E-08 -0.99862957 0.05233596 0 3.2646599E-09 0.05233596 0.9986295 0 0 0 0 1 -1 8.7411635E-08 -1.5699374E-09 -0.001 -8.7374005E-08 -0.99862957 0.05233596 0 3.0069858E-09 0.05233596 0.9986295 0 0 0 0 1 -1 8.740017E-08 -2.007984E-09 -0.001 -8.738547E-08 -0.99862957 0.05233596 0 2.5689393E-09 0.05233596 0.9986295 0 0 0 0 1 -1 8.738352E-08 -2.6435816E-09 -0.001 -8.740212E-08 -0.99862957 0.05233596 0 1.9333417E-09 0.05233596 0.9986295 0 0 0 0 1 -1 8.736126E-08 -3.493906E-09 -0.001 -8.742438E-08 -0.99862957 0.05233596 0 1.0830173E-09 0.05233596 0.9986295 0 0 0 0 1 -1 8.736126E-08 -3.493906E-09 -0.001 -8.742438E-08 -0.99862957 0.05233596 0 1.0830173E-09 0.05233596 0.9986295 0 0 0 0 1</float_array>
        <technique_common>
          <accessor source="#Motion_76_Hips_transform_pose_array_id" count="66" stride="16">
            <param name="TRANSFORM" type="float4x4" />
          </accessor>
        </technique_common>
      </source>
      <sampler id="Motion_76_Hips_transform_samp_id">
        <input semantic="INPUT" source="#Motion_76_Hips_transform_frame_id" />
        <input semantic="INTERPOLATION" source="#Motion_76_Hips_transform_interp_id" />
        <input semantic="OUTPUT" source="#Motion_76_Hips_transform_pose_id" />
      </sampler>
      <channel source="#Motion_76_Hips_transform_samp_id" target="Hips_bone_id/transform" />
    </animation>
    <animation id="Motion_76_FeelerH_transform_id" name="Motion_76_FeelerH_transform">
      <source id="Motion_76_FeelerH_transform_frame_id" name="Motion_76_FeelerH_transform_frame">
        <float_array id="Motion_76_FeelerH_transform_frame_array_id" count="66">0 0.033333335 0.06666667 0.1 0.13333334 0.16666667 0.2 0.23333333 0.26666668 0.3 0.33333334 0.36666667 0.4 0.43333334 0.46666667 0.5 0.53333336 0.56666666 0.6 0.6333333 0.6666667 0.7 0.73333335 0.76666665 0.8 0.8333333 0.8666667 0.9 0.93333334 0.96666664 1 1.0333333 1.0666667 1.1 1.1333333 1.1666666 1.2 1.2333333 1.2666667 1.3 1.3333334 1.3666667 1.4 1.4333333 1.4666667 1.5 1.5333333 1.5666667 1.6 1.6333333 1.6666666 1.7 1.7333333 1.7666667 1.8 1.8333334 1.8666667 1.9 1.9333333 1.9666667 2 2.0333333 2.0666666 2.1 2.1333334 2.1666667</float_array>
        <technique_common>
          <accessor source="#Motion_76_FeelerH_transform_frame_array_id" count="66" stride="1">
            <param name="TIME" type="float" />
          </accessor>
        </technique_common>
      </source>
      <source id="Motion_76_FeelerH_transform_interp_id" name="Motion_76_FeelerH_transform_interp">
        <Name_array id="Motion_76_FeelerH_transform_interp_array_id" count="66">LINEAR LINEAR LINEAR LINEAR LINEAR LINEAR LINEAR LINEAR LINEAR LINEAR LINEAR LINEAR LINEAR LINEAR LINEAR LINEAR LINEAR LINEAR LINEAR LINEAR LINEAR LINEAR LINEAR LINEAR LINEAR LINEAR LINEAR LINEAR LINEAR LINEAR LINEAR LINEAR LINEAR LINEAR LINEAR LINEAR LINEAR LINEAR LINEAR LINEAR LINEAR LINEAR LINEAR LINEAR LINEAR LINEAR LINEAR LINEAR LINEAR LINEAR LINEAR LINEAR LINEAR LINEAR LINEAR LINEAR LINEAR LINEAR LINEAR LINEAR LINEAR LINEAR LINEAR LINEAR LINEAR LINEAR</Name_array>
        <technique_common>
          <accessor source="#Motion_76_FeelerH_transform_interp_array_id" count="66" stride="1">
            <param name="INTERPOLATION" type="Name" />
          </accessor>
        </technique_common>
      </source>
      <source id="Motion_76_FeelerH_transform_pose_id" name="Motion_76_FeelerH_transform_pose">
        <float_array id="Motion_76_FeelerH_transform_pose_array_id" count="1056">0.05147308 0.0026980788 -0.9986707 5.1797085 -0.3579561 0.9336026 -0.015927315 -2.9190073 0.93231857 0.35830015 0.049021184 8.983796 0 0 0 1 0.054255247 0.002589345 -0.99852365 5.1797085 -0.3563266 0.9342079 -0.016938582 -2.9190073 0.93278486 0.3567196 0.051608324 8.983796 0 0 0 1 0.05938697 0.0025453717 -0.9982317 5.1797085 -0.3534404 0.93527126 -0.018642083 -2.9190073 0.93356997 0.35392255 0.05644262 8.983796 0 0 0 1 0.06727123 0.0025971532 -0.9977313 5.1797085 -0.3493194 0.9367658 -0.021114111 -2.9190073 0.9345857 0.3499473 0.06392467 8.983796 0 0 0 1 0.076442 0.002427891 -0.99707115 5.1797085 -0.3439148 0.93869203 -0.024081051 -2.9190073 0.93588424 0.34474832 0.07259047 8.983796 0 0 0 1 0.0856756 0.002092421 -0.9963209 5.1797085 -0.33749413 0.940939 -0.027045697 -2.9190073 0.93742067 0.3385696 0.08132166 8.983796 0 0 0 1 0.093728185 0.0017612725 -0.99559635 5.1797085 -0.3304364 0.94336903 -0.02943933 -2.9190073 0.9391629 0.33174056 0.08900225 8.983796 0 0 0 1 0.09942818 0.0013719946 -0.9950438 5.1797085 -0.32288587 0.94593143 -0.030959576 -2.9190073 0.9412007 0.32436383 0.09449524 8.983796 0 0 0 1 0.10160458 0.00088594854 -0.9948244 5.1797085 -0.314995 0.9485762 -0.031326696 -2.9190073 0.94363904 0.3165477 0.096658766 8.983796 0 0 0 1 0.099467695 0.0002669096 -0.9950408 5.1797085 -0.30700245 0.951222 -0.030433863 -2.9190073 0.9464965 0.30850714 0.09469783 8.983796 0 0 0 1 0.093779325 -0.00037662685 -0.9955929 5.1797085 -0.29927868 0.95373845 -0.028551176 -2.9190073 0.94954604 0.30063725 0.08932823 8.983796 0 0 0 1 0.08570045 -0.00086788833 -0.99632055 5.1797085 -0.29217142 0.95601344 -0.025964454 -2.9190073 0.9525184 0.29332155 0.08167726 8.983796 0 0 0 1 0.07643634 -0.0012159795 -0.9970736 5.1797085 -0.28587168 0.9579898 -0.023083404 -2.9190073 0.95521444 0.28679955 0.072877645 8.983796 0 0 0 1 0.06720936 -0.001511693 -0.9977377 5.1797085 -0.2805191 0.9596327 -0.020350203 -2.9190073 0.95749253 0.2812522 0.06407219 8.983796 0 0 0 1 0.059218884 -0.0017343909 -0.9982434 5.1797085 -0.2763874 0.96087646 -0.018065587 -2.9190073 0.95922 0.27697176 0.05642265 8.983796 0 0 0 1 0.053666115 -0.0018744916 -0.9985572 5.1797085 -0.2737555 0.96165746 -0.016517863 -2.9190073 0.9603009 0.27424693 0.051095307 8.983796 0 0 0 1 0.051510155 -0.0019276142 -0.9986705 5.1797085 -0.27282214 0.9619326 -0.015928507 -2.9190073 0.9606845 0.27327994 0.04902339 8.983796 0 0 0 1 0.14541209 0.011511594 -0.9893042 5.1797085 -0.30592996 0.95145047 -0.033895746 -2.9190073 0.94088376 0.30758667 0.14187413 8.983796 0 0 0 1 0.2907765 0.041196615 -0.95590365 5.1797085 -0.37607262 0.9235828 -0.07459393 -2.9190073 0.87978315 0.38117936 0.2840491 8.983796 0 0 0 1 0.37167948 0.070549294 -0.9256765 5.1797085 -0.44416887 0.8890925 -0.110582486 -2.9190073 0.8152105 0.452258 0.36179328 8.983796 0 0 0 1 0.4002484 0.08391957 -0.9125561 5.1797085 -0.47371733 0.8713781 -0.12764028 -2.9190073 0.7844699 0.48338148 0.38852185 8.983796 0 0 0 1 0.39232755 0.08391859 -0.9159895 5.1797085 -0.4748047 0.8713784 -0.12353212 -2.9190073 0.78780687 0.48338115 0.38171065 8.983796 0 0 0 1 0.38022077 0.083068445 -0.9211579 5.1797085 -0.47643006 0.87124634 -0.11808562 -2.9190073 0.79274625 0.4837659 0.37084222 8.983796 0 0 0 1 0.3800702 0.08345568 -0.921185 5.1797085 -0.4768042 0.8710793 -0.11780757 -2.9190073 0.7925935 0.48400003 0.37086332 8.983796 0 0 0 1 0.3917026 0.08386652 -0.9162617 5.1797085 -0.4749326 0.87134457 -0.12327887 -2.9190073 0.78804064 0.48345125 0.38113886 8.983796 0 0 0 1 0.4002139 0.08435354 -0.91253126 5.1797085 -0.47335324 0.87166584 -0.12702517 -2.9190073 0.7847073 0.48278683 0.38878185 8.983796 0 0 0 1 0.3918178 0.0838407 -0.9162148 5.1797085 -0.47428575 0.87172806 -0.12305772 -2.9190073 0.7883729 0.48276383 0.38132298 8.983796 0 0 0 1 0.3802179 0.0834191 -0.9211273 5.1797085 -0.47598618 0.87156206 -0.11754458 -2.9190073 0.79301417 0.48313642 0.37108988 8.983796 0 0 0 1 0.3800329 0.083918616 -0.92115825 5.1797085 -0.47641486 0.8713788 -0.11716597 -2.9190073 0.7928453 0.48338044 0.37113273 8.983796 0 0 0 1 0.3916753 0.084207535 -0.91624206 5.1797085 -0.4746462 0.8715682 -0.1228001 -2.9190073 0.7882268 0.4829886 0.3813405 8.983796 0 0 0 1 0.40021443 0.08434859 -0.91253144 5.1797085 -0.47335735 0.87166256 -0.12703224 -2.9190073 0.7847045 0.48279363 0.38877898 8.983796 0 0 0 1 0.39184517 0.08349648 -0.9162345 5.1797085 -0.47457495 0.8715023 -0.12354098 -2.9190073 0.78818524 0.4832309 0.3811193 8.983796 0 0 0 1 0.38025266 0.08298607 -0.9211521 5.1797085 -0.4763505 0.87128186 -0.118144736 -2.9190073 0.79277873 0.48371607 0.3708377 8.983796 0 0 0 1 0.3800702 0.08345568 -0.921185 5.1797085 -0.4768042 0.8710793 -0.11780757 -2.9190073 0.7925935 0.48400003 0.37086332 8.983796 0 0 0 1 0.3917026 0.08386652 -0.9162617 5.1797085 -0.4749326 0.87134457 -0.12327887 -2.9190073 0.78804064 0.48345125 0.38113886 8.983796 0 0 0 1 0.4002139 0.08435354 -0.91253126 5.1797085 -0.47335324 0.87166584 -0.12702517 -2.9190073 0.7847073 0.48278683 0.38878185 8.983796 0 0 0 1 0.3918178 0.0838407 -0.9162148 5.1797085 -0.47428575 0.87172806 -0.12305772 -2.9190073 0.7883729 0.48276383 0.38132298 8.983796 0 0 0 1 0.3802179 0.0834191 -0.9211273 5.1797085 -0.47598618 0.87156206 -0.11754458 -2.9190073 0.79301417 0.48313642 0.37108988 8.983796 0 0 0 1 0.3800329 0.083918616 -0.92115825 5.1797085 -0.47641486 0.8713788 -0.11716597 -2.9190073 0.7928453 0.48338044 0.37113273 8.983796 0 0 0 1 0.39222002 0.084119484 -0.9160171 5.1797085 -0.47517675 0.871186 -0.123458534 -2.9190073 0.787636 0.48369297 0.3816682 8.983796 0 0 0 1 0.40023947 0.08403319 -0.91254956 5.1797085 -0.47362208 0.87145346 -0.12747934 -2.9190073 0.784532 0.4832259 0.38859004 8.983796 0 0 0 1 0.38112676 0.08116017 -0.9209536 5.1797085 -0.47110617 0.87415814 -0.11792599 -2.9190073 0.7954882 0.47881162 0.37140012 8.983796 0 0 0 1 0.33118874 0.07476868 -0.9405975 5.1797085 -0.46385485 0.880985 -0.093295395 -2.9190073 0.8216768 0.4671991 0.32645416 8.983796 0 0 0 1 0.25991005 0.06549317 -0.9634093 5.1797085 -0.45021653 0.8908402 -0.06090027 -2.9190073 0.8542552 0.44957137 0.26102442 8.983796 0 0 0 1 0.18258333 0.054639056 -0.9816709 5.1797085 -0.42995727 0.9023591 -0.029744118 -2.9190073 0.88419455 0.42750734 0.18824822 8.983796 0 0 0 1 0.11115408 0.041755915 -0.9929255 5.1797085 -0.40459305 0.91447127 -0.0068359375 -2.9190073 0.9077164 0.40249065 0.11854136 8.983796 0 0 0 1 0.0621562 0.029170886 -0.9976401 5.1797085 -0.37843633 0.92562073 0.0034872591 -2.9190073 0.923538 0.3773265 0.0685724 8.983796 0 0 0 1 0.037826657 0.018060997 -0.9991211 5.1797085 -0.35417992 0.93517077 0.0034957528 -2.9190073 0.93441206 0.3537364 0.041771173 8.983796 0 0 0 1 0.032876074 0.008491695 -0.9994233 5.1797085 -0.33310205 0.9428862 -0.0029460788 -2.9190073 0.9423174 0.33300683 0.033826947 8.983796 0 0 0 1 0.039873064 0.0019554496 -0.9992028 5.1797085 -0.31742814 0.94822073 -0.0108112395 -2.9190073 0.94744366 0.31760618 0.0384292 8.983796 0 0 0 1 0.051621377 -0.00033158064 -0.99866676 5.1797085 -0.30877703 0.9509952 -0.016276553 -2.9190073 0.94973266 0.30920553 0.048989296 8.983796 0 0 0 1 0.064222455 -0.00031262636 -0.99793553 5.1797085 -0.30524004 0.9520666 -0.019942075 -2.9190073 0.95010734 0.30589062 0.061048627 8.983796 0 0 0 1 0.07717961 0.00016866624 -0.99701726 5.1797085 -0.30454755 0.9522093 -0.02341412 -2.9190073 0.94936514 0.3054462 0.073542476 8.983796 0 0 0 1 0.088935316 0.00033402443 -0.9960373 5.1797085 -0.305572 0.95178705 -0.026965082 -2.9190073 0.94800645 0.30675927 0.08474958 8.983796 0 0 0 1 0.097642004 0.00062941015 -0.9952213 5.1797085 -0.308415 0.95078945 -0.029657513 -2.9190073 0.94622725 0.30983704 0.09303111 8.983796 0 0 0 1 0.10160267 0.0008534342 -0.9948247 5.1797085 -0.31257606 0.9493832 -0.031109333 -2.9190073 0.9444433 0.3141192 0.096726656 8.983796 0 0 0 1 0.1009053 0.0010588765 -0.9948956 5.1797085 -0.3175838 0.9477167 -0.031201646 -2.9190073 0.9428462 0.3191111 0.09596592 8.983796 0 0 0 1 0.097283304 0.001412332 -0.99525577 5.1797085 -0.32313052 0.94587106 -0.03024283 -2.9190073 0.94134086 0.32453963 0.092473865 8.983796 0 0 0 1 0.09151673 0.0017900169 -0.99580187 5.1797085 -0.32901514 0.94389325 -0.028540611 -2.9190073 0.9398796 0.33024585 0.086970985 8.983796 0 0 0 1 0.08438307 0.0021549761 -0.99643105 5.1797085 -0.33496717 0.94186187 -0.026329815 -2.9190073 0.9384436 0.33599347 0.08019906 8.983796 0 0 0 1 0.07666254 0.0024834424 -0.99705404 5.1797085 -0.3407244 0.93986046 -0.023856997 -2.9190073 0.9370324 0.34154958 0.07289827 8.983796 0 0 0 1 0.069138885 0.0027662665 -0.9976032 5.1797085 -0.34603554 0.93797773 -0.02138102 -2.9190073 0.9356704 0.34668446 0.065808 8.983796 0 0 0 1 0.06258154 0.0030050427 -0.9980354 5.1797085 -0.35066044 0.9363065 -0.019168884 -2.9190073 0.9344093 0.35117117 0.05964923 8.983796 0 0 0 1 0.057344317 0.0031348914 -0.99834955 5.1797085 -0.35435247 0.9349497 -0.017417893 -2.9190073 0.933352 0.35476643 0.054724872 8.983796 0 0 0 1 0.05358988 0.0030578673 -0.9985584 5.1797085 -0.3568607 0.9340155 -0.016291514 -2.9190073 0.9326192 0.35721928 0.051145017 8.983796 0 0 0 1 0.05358988 0.0030578673 -0.9985584 5.1797085 -0.3568607 0.9340155 -0.016291514 -2.9190073 0.9326192 0.35721928 0.051145017 8.983796 0 0 0 1</float_array>
        <technique_common>
          <accessor source="#Motion_76_FeelerH_transform_pose_array_id" count="66" stride="16">
            <param name="TRANSFORM" type="float4x4" />
          </accessor>
        </technique_common>
      </source>
      <sampler id="Motion_76_FeelerH_transform_samp_id">
        <input semantic="INPUT" source="#Motion_76_FeelerH_transform_frame_id" />
        <input semantic="INTERPOLATION" source="#Motion_76_FeelerH_transform_interp_id" />
        <input semantic="OUTPUT" source="#Motion_76_FeelerH_transform_pose_id" />
      </sampler>
      <channel source="#Motion_76_FeelerH_transform_samp_id" target="FeelerH_bone_id/transform" />
    </animation>
    <animation id="Motion_76_FeelerG_transform_id" name="Motion_76_FeelerG_transform">
      <source id="Motion_76_FeelerG_transform_frame_id" name="Motion_76_FeelerG_transform_frame">
        <float_array id="Motion_76_FeelerG_transform_frame_array_id" count="66">0 0.033333335 0.06666667 0.1 0.13333334 0.16666667 0.2 0.23333333 0.26666668 0.3 0.33333334 0.36666667 0.4 0.43333334 0.46666667 0.5 0.53333336 0.56666666 0.6 0.6333333 0.6666667 0.7 0.73333335 0.76666665 0.8 0.8333333 0.8666667 0.9 0.93333334 0.96666664 1 1.0333333 1.0666667 1.1 1.1333333 1.1666666 1.2 1.2333333 1.2666667 1.3 1.3333334 1.3666667 1.4 1.4333333 1.4666667 1.5 1.5333333 1.5666667 1.6 1.6333333 1.6666666 1.7 1.7333333 1.7666667 1.8 1.8333334 1.8666667 1.9 1.9333333 1.9666667 2 2.0333333 2.0666666 2.1 2.1333334 2.1666667</float_array>
        <technique_common>
          <accessor source="#Motion_76_FeelerG_transform_frame_array_id" count="66" stride="1">
            <param name="TIME" type="float" />
          </accessor>
        </technique_common>
      </source>
      <source id="Motion_76_FeelerG_transform_interp_id" name="Motion_76_FeelerG_transform_interp">
        <Name_array id="Motion_76_FeelerG_transform_interp_array_id" count="66">LINEAR LINEAR LINEAR LINEAR LINEAR LINEAR LINEAR LINEAR LINEAR LINEAR LINEAR LINEAR LINEAR LINEAR LINEAR LINEAR LINEAR LINEAR LINEAR LINEAR LINEAR LINEAR LINEAR LINEAR LINEAR LINEAR LINEAR LINEAR LINEAR LINEAR LINEAR LINEAR LINEAR LINEAR LINEAR LINEAR LINEAR LINEAR LINEAR LINEAR LINEAR LINEAR LINEAR LINEAR LINEAR LINEAR LINEAR LINEAR LINEAR LINEAR LINEAR LINEAR LINEAR LINEAR LINEAR LINEAR LINEAR LINEAR LINEAR LINEAR LINEAR LINEAR LINEAR LINEAR LINEAR LINEAR</Name_array>
        <technique_common>
          <accessor source="#Motion_76_FeelerG_transform_interp_array_id" count="66" stride="1">
            <param name="INTERPOLATION" type="Name" />
          </accessor>
        </technique_common>
      </source>
      <source id="Motion_76_FeelerG_transform_pose_id" name="Motion_76_FeelerG_transform_pose">
        <float_array id="Motion_76_FeelerG_transform_pose_array_id" count="1056">0.051516354 0.0018000901 -0.9986705 5.179708 -0.8279631 0.5592298 -0.04170239 -7.642064 0.5584112 0.8290107 0.030299902 5.5522857 0 0 0 1 0.054716825 0.0016978383 -0.99850047 5.179708 -0.82720876 0.5601395 -0.044377744 -7.642064 0.5592241 0.82839656 0.03205353 5.5522857 0 0 0 1 0.060014307 0.0015842617 -0.99819624 5.179708 -0.82595015 0.5616298 -0.04876691 -7.642064 0.5605395 0.8273871 0.03501439 5.5522857 0 0 0 1 0.06741226 0.0016272068 -0.9977239 5.179708 -0.8241459 0.56372356 -0.054764807 -7.642064 0.5623514 0.8259619 0.03934294 5.5522857 0 0 0 1 0.076256275 0.0016404986 -0.99708694 5.179708 -0.8217141 0.566527 -0.06191182 -7.642064 0.56477517 0.82404155 0.044549227 5.5522857 0 0 0 1 0.08513963 0.0014104247 -0.99636805 5.179708 -0.81875896 0.5699572 -0.06915614 -7.642064 0.56778955 0.82167315 0.04968077 5.5522857 0 0 0 1 0.09290904 0.0011113584 -0.995674 5.179708 -0.81556594 0.5737226 -0.07546228 -7.642064 0.57115686 0.81904894 0.054210424 5.5522857 0 0 0 1 0.09856373 0.0007663667 -0.9951304 5.179708 -0.81231296 0.5777073 -0.08001146 -7.642064 0.5748328 0.81624365 0.057563543 5.5522857 0 0 0 1 0.10110384 0.00041350722 -0.9948757 5.179708 -0.80919135 0.58179605 -0.08199194 -7.642064 0.57878083 0.8133346 0.059156418 5.5522857 0 0 0 1 0.099527776 0.000102221966 -0.9950349 5.179708 -0.80638576 0.58587205 -0.080598205 -7.642064 0.58295494 0.8104036 0.058392882 5.5522857 0 0 0 1 0.09392518 -0.00016915798 -0.99557924 5.179708 -0.8039428 0.58983743 -0.07594597 -7.642064 0.5872427 0.807522 0.055264592 5.5522857 0 0 0 1 0.08586818 -0.0004196465 -0.9963064 5.179708 -0.801788 0.59357065 -0.0693534 -7.642064 0.5914074 0.8047818 0.050632358 5.5522857 0 0 0 1 0.07658231 -0.0006316006 -0.9970629 5.179708 -0.79991436 0.5969217 -0.061817825 -7.642064 0.5952076 0.8022992 0.045208454 5.5522857 0 0 0 1 0.06729907 -0.0007981062 -0.99773246 5.179708 -0.79834205 0.5997485 -0.054329485 -7.642064 0.5984319 0.8001882 0.039725363 5.5522857 0 0 0 1 0.059256017 -0.00091931224 -0.9982425 5.179708 -0.79712284 0.60191655 -0.047871888 -7.642064 0.6009027 0.79855853 0.034934342 5.5522857 0 0 0 1 0.05369401 -0.0009983182 -0.998557 5.179708 -0.7963338 0.60329676 -0.043423325 -7.642064 0.60246956 0.7975162 0.03159845 5.5522857 0 0 0 1 0.05153823 -0.0010276735 -0.9986705 5.179708 -0.79605484 0.6037861 -0.041703254 -7.642064 0.6030262 0.7971457 0.030299962 5.5522857 0 0 0 1 0.1455285 0.011820704 -0.9892834 5.179708 -0.8054724 0.5820432 -0.11153427 -7.642064 0.57448715 0.81307197 0.09422511 5.5522857 0 0 0 1 0.29083276 0.04055974 -0.9559138 5.179708 -0.8165457 0.53125036 -0.2258895 -7.642064 0.49866757 0.84624344 0.18762386 5.5522857 0 0 0 1 0.37189007 0.06922805 -0.9256917 5.179708 -0.8276166 0.4763639 -0.29686403 -7.642064 0.42041478 0.8765186 0.23444927 5.5522857 0 0 0 1 0.40083218 0.0821569 -0.9124603 5.179708 -0.83340704 0.4463296 -0.3259181 -7.642064 0.3804817 0.8910893 0.24737334 5.5522857 0 0 0 1 0.3925321 0.0829308 -0.9159919 5.179708 -0.83978206 0.4384669 -0.3201765 -7.642064 0.37507966 0.8949131 0.24175608 5.5522857 0 0 0 1 0.38022506 0.08298224 -0.9211639 5.179708 -0.84703624 0.43121225 -0.3107823 -7.642064 0.37142777 0.8984264 0.23424661 5.5522857 0 0 0 1 0.3800931 0.08366045 -0.921157 5.179708 -0.84951246 0.42550665 -0.31188577 -7.642064 0.36586595 0.90107995 0.23280269 5.5522857 0 0 0 1 0.39169192 0.08393961 -0.9162595 5.179708 -0.84771705 0.42007113 -0.3239075 -7.642064 0.35770556 0.9036008 0.23569548 5.5522857 0 0 0 1 0.40018123 0.084233016 -0.91255677 5.179708 -0.8466171 0.41519916 -0.33294025 -7.642064 0.3508483 0.90582263 0.237468 5.5522857 0 0 0 1 0.39163792 0.08416438 -0.91626203 5.179708 -0.85148036 0.4105494 -0.32623678 -7.642064 0.34871337 0.9079458 0.23245102 5.5522857 0 0 0 1 0.37995052 0.08426258 -0.9211609 5.179708 -0.8570411 0.40673912 -0.31629685 -7.642064 0.34802014 0.90964997 0.22675729 5.5522857 0 0 0 1 0.37983203 0.084846824 -0.92115605 5.179708 -0.8581623 0.40410334 -0.31663537 -7.642064 0.3453767 0.9107697 0.22630376 5.5522857 0 0 0 1 0.39145958 0.0849812 -0.91626287 5.179708 -0.8550984 0.40144813 -0.3280946 -7.642064 0.3399501 0.9119307 0.22981799 5.5522857 0 0 0 1 0.39997882 0.085115165 -0.91256356 5.179708 -0.85286 0.39917964 -0.33657894 -7.642064 0.33562884 0.91291344 0.23225474 5.5522857 0 0 0 1 0.39146912 0.08489716 -0.91626656 5.179708 -0.85675526 0.3969316 -0.32926542 -7.642064 0.3357414 0.9139134 0.22812259 5.5522857 0 0 0 1 0.3798102 0.08488423 -0.9211617 5.179708 -0.8614551 0.39532936 -0.31876296 -7.642064 0.33710438 0.9146089 0.22327405 5.5522857 0 0 0 1 0.37970996 0.08536148 -0.92115897 5.179708 -0.8617724 0.3947268 -0.31865203 -7.642064 0.33640558 0.9148247 0.22344387 5.5522857 0 0 0 1 0.39136022 0.08540338 -0.91626596 5.179708 -0.8579726 0.39388984 -0.32974792 -7.642064 0.33274624 0.9151814 0.22742659 5.5522857 0 0 0 1 0.399902 0.085440904 -0.9125668 5.179708 -0.8550923 0.39324617 -0.33789724 -7.642064 0.3299931 0.9154547 0.2303198 5.5522857 0 0 0 1 0.3914098 0.08514094 -0.9162693 5.179708 -0.85845184 0.39242524 -0.33024684 -7.642064 0.33144972 0.9158349 0.2266885 5.5522857 0 0 0 1 0.37976277 0.08507082 -0.9211641 5.179708 -0.8626989 0.39204586 -0.31945378 -7.642064 0.33396238 0.9160039 0.2222749 5.5522857 0 0 0 1 0.3796814 0.08548659 -0.92115915 5.179708 -0.8626315 0.39245212 -0.31913677 -7.642064 0.334229 0.91579115 0.22275019 5.5522857 0 0 0 1 0.39190644 0.08555159 -0.9160187 5.179708 -0.85836196 0.3923266 -0.3305974 -7.642064 0.33109543 0.91583884 0.22718954 5.5522857 0 0 0 1 0.39983034 0.08580178 -0.9125644 5.179708 -0.8553218 0.39281625 -0.3378165 -7.642064 0.32948485 0.91560555 0.23044801 5.5522857 0 0 0 1 0.38032186 0.08345136 -0.92108154 5.179708 -0.86033595 0.39737916 -0.31923646 -7.642064 0.33937788 0.91385216 0.22292817 5.5522857 0 0 0 1 0.33031237 0.07709625 -0.9407177 5.179708 -0.86994696 0.41152328 -0.2717364 -7.642064 0.36617732 0.90813255 0.2030009 5.5522857 0 0 0 1 0.25941634 0.06734648 -0.9634145 5.179708 -0.877489 0.4330998 -0.20600387 -7.642064 0.40338093 0.89882636 0.171449 5.5522857 0 0 0 1 0.1821006 0.05632162 -0.9816655 5.179708 -0.87798095 0.45880854 -0.1365434 -7.642064 0.4427061 0.8867483 0.13299865 5.5522857 0 0 0 1 0.11086655 0.043226212 -0.99289495 5.179708 -0.8703439 0.4865445 -0.07600069 -7.642064 0.47980243 0.87258583 0.091563106 5.5522857 0 0 0 1 0.062392414 0.029801339 -0.9976067 5.179708 -0.85674155 0.51432794 -0.03821802 -7.642064 0.51195806 0.85707563 0.057622194 5.5522857 0 0 0 1 0.03845501 0.017830312 -0.99910134 5.179708 -0.8412041 0.5402396 -0.02273634 -7.642064 0.5393488 0.8413224 0.035773814 5.5522857 0 0 0 1 0.033132076 0.008297384 -0.9994165 5.179708 -0.8266674 0.5622312 -0.022737354 -7.642064 0.5617144 0.8269384 0.025487065 5.5522857 0 0 0 1 0.03950131 0.002054453 -0.9992174 5.179708 -0.8151249 0.5784533 -0.03103435 -7.642064 0.57793677 0.8157129 0.024524331 5.5522857 0 0 0 1 0.051226795 -0.00020328164 -0.9986871 5.179708 -0.807897 0.58785653 -0.041560024 -7.642064 0.5870932 0.8089652 0.029949784 5.5522857 0 0 0 1 0.064419866 -0.00041019917 -0.9979228 5.179708 -0.80401045 0.59232426 -0.05214545 -7.642064 0.59111524 0.8056996 0.03782761 5.5522857 0 0 0 1 0.07724148 -0.00050392747 -0.9970122 5.179708 -0.801895 0.59419477 -0.062425405 -7.642064 0.5924508 0.80432105 0.04549241 5.5522857 0 0 0 1 0.08893216 -0.0005274415 -0.9960376 5.179708 -0.8008246 0.59457743 -0.07181719 -7.642064 0.5922593 0.80403817 0.05245471 5.5522857 0 0 0 1 0.097481966 -8.624792E-05 -0.9952373 5.179708 -0.80087197 0.5936687 -0.07849562 -7.642064 0.590848 0.80470955 0.057802916 5.5522857 0 0 0 1 0.10142934 0.0001796484 -0.9948427 5.179708 -0.80196536 0.59176314 -0.08165762 -7.642064 0.58869654 0.8061118 0.06016624 5.5522857 0 0 0 1 0.10085142 0.00028577447 -0.9949014 5.179708 -0.80410445 0.58889693 -0.081341475 -7.642064 0.5858711 0.8082081 0.059620917 5.5522857 0 0 0 1 0.09733844 0.00061264634 -0.9952512 5.179708 -0.80706334 0.5852137 -0.07857284 -7.642064 0.5823865 0.8108789 0.05745828 5.5522857 0 0 0 1 0.09173989 0.00093102455 -0.9957826 5.179708 -0.81044227 0.5811105 -0.074121475 -7.642064 0.57859063 0.8138242 0.054065585 5.5522857 0 0 0 1 0.084745765 0.0012129545 -0.99640185 5.179708 -0.8140034 0.5768033 -0.06853032 -7.642064 0.57464474 0.8168822 0.049869 5.5522857 0 0 0 1 0.07704806 0.0014422834 -0.9970264 5.179708 -0.81752264 0.57251155 -0.062348187 -7.642064 0.5707192 0.8198954 0.045289993 5.5522857 0 0 0 1 0.06934005 0.0016162992 -0.99759173 5.179708 -0.82079506 0.5684583 -0.05613032 -7.642064 0.5669986 0.8227105 0.04074359 5.5522857 0 0 0 1 0.06231731 0.0017479956 -0.9980548 5.179708 -0.82363725 0.5648697 -0.05043754 -7.642064 0.56368273 0.82517827 0.036640882 5.5522857 0 0 0 1 0.056675255 0.0018611252 -0.9983909 5.179708 -0.82588387 0.56197417 -0.045835048 -7.642064 0.5609846 0.8271527 0.033387065 5.5522857 0 0 0 1 0.05313033 0.0019978583 -0.9985855 5.179708 -0.8273815 0.55999935 -0.04290089 -7.642064 0.55912155 0.8284906 0.031405985 5.5522857 0 0 0 1 0.05313033 0.0019978583 -0.9985855 5.179708 -0.8273815 0.55999935 -0.04290089 -7.642064 0.55912155 0.8284906 0.031405985 5.5522857 0 0 0 1</float_array>
        <technique_common>
          <accessor source="#Motion_76_FeelerG_transform_pose_array_id" count="66" stride="16">
            <param name="TRANSFORM" type="float4x4" />
          </accessor>
        </technique_common>
      </source>
      <sampler id="Motion_76_FeelerG_transform_samp_id">
        <input semantic="INPUT" source="#Motion_76_FeelerG_transform_frame_id" />
        <input semantic="INTERPOLATION" source="#Motion_76_FeelerG_transform_interp_id" />
        <input semantic="OUTPUT" source="#Motion_76_FeelerG_transform_pose_id" />
      </sampler>
      <channel source="#Motion_76_FeelerG_transform_samp_id" target="FeelerG_bone_id/transform" />
    </animation>
    <animation id="Motion_76_FeelerF_transform_id" name="Motion_76_FeelerF_transform">
      <source id="Motion_76_FeelerF_transform_frame_id" name="Motion_76_FeelerF_transform_frame">
        <float_array id="Motion_76_FeelerF_transform_frame_array_id" count="66">0 0.033333335 0.06666667 0.1 0.13333334 0.16666667 0.2 0.23333333 0.26666668 0.3 0.33333334 0.36666667 0.4 0.43333334 0.46666667 0.5 0.53333336 0.56666666 0.6 0.6333333 0.6666667 0.7 0.73333335 0.76666665 0.8 0.8333333 0.8666667 0.9 0.93333334 0.96666664 1 1.0333333 1.0666667 1.1 1.1333333 1.1666666 1.2 1.2333333 1.2666667 1.3 1.3333334 1.3666667 1.4 1.4333333 1.4666667 1.5 1.5333333 1.5666667 1.6 1.6333333 1.6666666 1.7 1.7333333 1.7666667 1.8 1.8333334 1.8666667 1.9 1.9333333 1.9666667 2 2.0333333 2.0666666 2.1 2.1333334 2.1666667</float_array>
        <technique_common>
          <accessor source="#Motion_76_FeelerF_transform_frame_array_id" count="66" stride="1">
            <param name="TIME" type="float" />
          </accessor>
        </technique_common>
      </source>
      <source id="Motion_76_FeelerF_transform_interp_id" name="Motion_76_FeelerF_transform_interp">
        <Name_array id="Motion_76_FeelerF_transform_interp_array_id" count="66">LINEAR LINEAR LINEAR LINEAR LINEAR LINEAR LINEAR LINEAR LINEAR LINEAR LINEAR LINEAR LINEAR LINEAR LINEAR LINEAR LINEAR LINEAR LINEAR LINEAR LINEAR LINEAR LINEAR LINEAR LINEAR LINEAR LINEAR LINEAR LINEAR LINEAR LINEAR LINEAR LINEAR LINEAR LINEAR LINEAR LINEAR LINEAR LINEAR LINEAR LINEAR LINEAR LINEAR LINEAR LINEAR LINEAR LINEAR LINEAR LINEAR LINEAR LINEAR LINEAR LINEAR LINEAR LINEAR LINEAR LINEAR LINEAR LINEAR LINEAR LINEAR LINEAR LINEAR LINEAR LINEAR LINEAR</Name_array>
        <technique_common>
          <accessor source="#Motion_76_FeelerF_transform_interp_array_id" count="66" stride="1">
            <param name="INTERPOLATION" type="Name" />
          </accessor>
        </technique_common>
      </source>
      <source id="Motion_76_FeelerF_transform_pose_id" name="Motion_76_FeelerF_transform_pose">
        <float_array id="Motion_76_FeelerF_transform_pose_array_id" count="1056">0.051550627 -6.854534E-07 -0.99867046 5.1797075 -0.99867046 1.66893E-06 -0.051550746 -9.446115 1.8179417E-06 1.0000001 -7.1525574E-07 0 0 0 0 1 0.054819107 1.180172E-05 -0.99849635 5.1797075 -0.99849623 0.00042557716 -0.054819137 -9.446115 0.00042432547 1 3.504753E-05 0 0 0 0 1 0.060232043 1.4901161E-05 -0.9981844 5.1797075 -0.99818385 0.001054883 -0.060231984 -9.446115 0.0010520816 0.99999946 7.843971E-05 0 0 0 0 1 0.06767726 -7.033348E-05 -0.99770725 5.1797075 -0.99770445 0.0023685694 -0.06767723 -9.446115 0.0023679435 0.99999714 9.012222E-05 0 0 0 0 1 0.07652831 -0.00011947751 -0.99706745 5.1797075 -0.99705803 0.0043426156 -0.07652816 -9.446115 0.004339069 0.9999906 0.00021314621 0 0 0 0 1 0.08540982 -0.00011000037 -0.9963458 5.1797075 -0.99632394 0.0066189766 -0.08540863 -9.446115 0.006604135 0.999978 0.0004557371 0 0 0 0 1 0.09311682 -0.00024217367 -0.9956553 5.1797075 -0.9956132 0.009169161 -0.09311521 -9.446115 0.009151965 0.99995804 0.00061261654 0 0 0 0 1 0.098685026 -0.0004643798 -0.9951186 5.1797075 -0.9950478 0.011890054 -0.09868348 -9.446115 0.011877805 0.9999292 0.00071132183 0 0 0 0 1 0.10114956 -0.0007151067 -0.994871 5.1797075 -0.994763 0.014680505 -0.10114914 -9.446115 0.014677614 0.99989206 0.0007735491 0 0 0 0 1 0.099544406 -0.00092843175 -0.99503267 5.1797075 -0.9948802 0.017436266 -0.09954545 -9.446115 0.017442077 0.99984753 0.0008119941 0 0 0 0 1 0.093946576 -0.0010872185 -0.99557674 5.1797075 -0.9953743 0.020094156 -0.093949586 -9.446115 0.020107478 0.9997977 0.00080543756 0 0 0 0 1 0.08589327 -0.0012170076 -0.99630356 5.1797075 -0.9960476 0.022592664 -0.08589876 -9.446115 0.022613645 0.99974394 0.00072836876 0 0 0 0 1 0.07660842 -0.0013210773 -0.9970604 5.1797075 -0.9967515 0.02482593 -0.07661757 -9.446115 0.024854273 0.9996909 0.0005850196 0 0 0 0 1 0.067322016 -0.0014029443 -0.9977304 5.1797075 -0.9973731 0.02669853 -0.06733549 -9.446115 0.026732445 0.9996426 0.00039803982 0 0 0 0 1 0.059269547 -0.0014635324 -0.99824095 5.1797075 -0.99784464 0.0281263 -0.05928728 -9.446115 0.028163642 0.9996033 0.0002066493 0 0 0 0 1 0.053690255 -0.0014989972 -0.99855655 5.1797075 -0.9981344 0.029034615 -0.053711146 -9.446115 0.029073298 0.9995773 6.258488E-05 0 0 0 0 1 0.05153179 -0.0015156567 -0.9986702 5.1797075 -0.99823856 0.029362023 -0.051554143 -9.446115 0.029401153 0.9995678 0 0 0 0 0 1 0.14541978 0.011249453 -0.989306 5.1797075 -0.9893596 0.0062235594 -0.14535671 -9.446115 0.004521668 0.9999172 0.012034953 0 0 0 0 1 0.29091084 0.03944069 -0.95593685 5.1797075 -0.9551617 -0.04557872 -0.2925555 -9.446115 -0.055108964 0.9981819 0.02441287 0 0 0 0 1 0.3721069 0.06753835 -0.9257295 5.1797075 -0.92074 -0.09925008 -0.37734237 -9.446115 -0.11736372 0.99276793 0.025253534 0 0 0 0 1 0.40048975 0.080907375 -0.9127223 5.1797075 -0.9038271 -0.1289208 -0.40801474 -9.446115 -0.15068024 0.98834884 0.021494865 0 0 0 0 1 0.39284986 0.08116165 -0.9160141 5.1797075 -0.9059315 -0.13696337 -0.40066117 -9.446115 -0.15797874 0.9872456 0.019720793 0 0 0 0 1 0.38063186 0.08111602 -0.92116207 5.1797075 -0.9098243 -0.14526463 -0.38873875 -9.446115 -0.16534525 0.98606205 0.01850897 0 0 0 0 1 0.38042694 0.08193427 -0.92117435 5.1797075 -0.90882915 -0.15125525 -0.3887821 -9.446115 -0.17118698 0.98509324 0.016922653 0 0 0 0 1 0.3920492 0.08218762 -0.9162656 5.1797075 -0.9027872 -0.15708947 -0.40037277 -9.446115 -0.17684135 0.98415864 0.0126110315 0 0 0 0 1 0.40054476 0.082444966 -0.91256046 5.1797075 -0.89805764 -0.16229832 -0.40884185 -9.446115 -0.18181404 0.9832914 0.009032607 0 0 0 0 1 0.391944 0.08275798 -0.9162593 5.1797075 -0.9009744 -0.16691256 -0.4004815 -9.446115 -0.18607822 0.98249245 0.009142399 0 0 0 0 1 0.38024294 0.08292669 -0.9211614 5.1797075 -0.90521514 -0.17095351 -0.38905033 -9.446115 -0.18973854 0.9817829 0.010062695 0 0 0 0 1 0.38021165 0.08308262 -0.9211604 5.1797075 -0.904562 -0.17430699 -0.389082 -9.446115 -0.19289058 0.98118013 0.008879781 0 0 0 0 1 0.39185697 0.08320236 -0.9162563 5.1797075 -0.89899755 -0.17708242 -0.4005562 -9.446115 -0.19558004 0.98067284 0.005407691 0 0 0 0 1 0.4003809 0.083298445 -0.91255486 5.1797075 -0.8947379 -0.17946482 -0.40894532 -9.446115 -0.19783604 0.9802314 0.0026761293 0 0 0 0 1 0.3918059 0.08346516 -0.91625416 5.1797075 -0.8981136 -0.1814624 -0.40057877 -9.446115 -0.1997 0.97984946 0.0038631558 0 0 0 0 1 0.38012064 0.083542466 -0.9211563 5.1797075 -0.9027869 -0.18313503 -0.38914946 -9.446115 -0.20120654 0.97953165 0.0058075786 0 0 0 0 1 0.38025892 0.08313975 -0.92113566 5.1797075 -0.90236413 -0.18507147 -0.3892139 -9.446115 -0.2028352 0.9792018 0.0046473145 0 0 0 0 1 0.39179426 0.08357751 -0.9162489 5.1797075 -0.89729476 -0.18541753 -0.40060258 -9.446115 -0.20337006 0.97909915 0.002348125 0 0 0 0 1 0.40030104 0.08368683 -0.9125545 5.1797075 -0.893411 -0.18593705 -0.40895522 -9.446115 -0.2039018 0.9789914 0.00033587217 0 0 0 0 1 0.3917476 0.083743215 -0.9162537 5.1797075 -0.8971023 -0.18636727 -0.40059274 -9.446115 -0.20430675 0.97890455 0.0021173358 0 0 0 0 1 0.38007987 0.08373535 -0.9211556 5.1797075 -0.90205395 -0.18667436 -0.38916743 -9.446115 -0.2045432 0.9788468 0.0045826435 0 0 0 0 1 0.38008112 0.083740205 -0.9211546 5.1797075 -0.9020246 -0.18680978 -0.38917023 -9.446115 -0.20466986 0.9788205 0.0045329332 0 0 0 0 1 0.3926775 0.083299875 -0.915896 5.1797075 -0.8965941 -0.18704522 -0.40141356 -9.446115 -0.20475179 0.97881305 0.0012378097 0 0 0 0 1 0.40030086 0.083699495 -0.9125533 5.1797075 -0.89323664 -0.18676698 -0.40895772 -9.446115 -0.20466432 0.97883224 4.7683716E-07 0 0 0 0 1 0.3809898 0.08149308 -0.9209808 5.1797075 -0.9025153 -0.1835345 -0.3895911 -9.446115 -0.20078075 0.9796295 0.0036239624 0 0 0 0 1 0.33128846 0.075261325 -0.94052315 5.1797075 -0.92430854 -0.17429078 -0.33952394 -9.446115 -0.1894776 0.9818139 0.011824131 0 0 0 0 1 0.2601534 0.065986305 -0.9633099 5.1797075 -0.9500588 -0.16059756 -0.26757556 -9.446115 -0.17236161 0.9848117 0.02091086 0 0 0 0 1 0.18206888 0.055383414 -0.98172474 5.1797075 -0.9715005 -0.14398384 -0.18829536 -9.446115 -0.151781 0.9880289 0.027590156 0 0 0 0 1 0.11102998 0.042934418 -0.99288917 5.1797075 -0.985495 -0.12426448 -0.115576506 -9.446115 -0.12834308 0.9913198 0.028514624 0 0 0 0 1 0.062263727 0.031902015 -0.99754965 5.1797075 -0.9925067 -0.10330701 -0.06525266 -9.446115 -0.10513577 0.99413764 0.025230825 0 0 0 0 1 0.03792858 0.020523757 -0.9990696 5.1797075 -0.9958067 -0.08251417 -0.0394997 -9.446115 -0.08324814 0.9963785 0.017308116 0 0 0 0 1 0.033148527 0.0111142695 -0.9993885 5.1797075 -0.99744415 -0.06295657 -0.033784032 -9.446115 -0.063293755 0.99795425 0.00899905 0 0 0 0 1 0.039880455 0.004717082 -0.99919343 5.1797075 -0.9980947 -0.04692924 -0.040058196 -9.446115 -0.04708031 0.9988871 0.0028365254 0 0 0 0 1 0.051411748 0.0018519461 -0.9986758 5.1797075 -0.99806273 -0.03498888 -0.051445037 -9.446115 -0.035037786 0.99938595 4.953146E-05 0 0 0 0 1 0.064679086 0.0010385811 -0.9979056 5.1797075 -0.9975815 -0.025442362 -0.06468466 -9.446115 -0.025456041 0.99967587 -0.0006096363 0 0 0 0 1 0.07768643 0.00054109097 -0.99697775 5.1797075 -0.99681693 -0.0179255 -0.07768369 -9.446115 -0.017913401 0.9998392 -0.0008531809 0 0 0 0 1 0.089327335 0.0002771616 -0.99600226 5.1797075 -0.995931 -0.01193738 -0.089324266 -9.446115 -0.011914551 0.9999287 -0.0007902384 0 0 0 0 1 0.097723246 0.00021654367 -0.9952136 5.1797075 -0.99518585 -0.0074595213 -0.09772217 -9.446115 -0.007444948 0.9999722 -0.0005135536 0 0 0 0 1 0.10144198 0.00014665723 -0.99484146 5.1797075 -0.99483323 -0.004036665 -0.10144171 -9.446115 -0.0040307343 0.9999918 -0.00026357174 0 0 0 0 1 0.100927114 -5.120039E-05 -0.99489367 5.1797075 -0.99489284 -0.0012786388 -0.10092673 -9.446115 -0.0012671053 0.9999989 -0.00017976761 0 0 0 0 1 0.097525835 -0.00013121963 -0.995233 5.1797075 -0.9952328 0.0005072355 -0.097525865 -9.446115 0.00051760674 0.9999999 -8.106232E-05 0 0 0 0 1 0.09195888 -0.0001257956 -0.9957626 5.1797075 -0.9957615 0.0014955997 -0.09195879 -9.446115 0.0015006363 0.9999987 1.2397766E-05 0 0 0 0 1 0.08494604 -7.3611736E-05 -0.99638534 5.1797075 -0.9963836 0.0018604994 -0.08494574 -9.446115 0.0018598437 0.99999803 8.493662E-05 0 0 0 0 1 0.077208996 -1.2695789E-05 -0.9970151 5.1797075 -0.9970135 0.0017793179 -0.077209085 -9.446115 0.0017751753 0.99999857 0.00012457371 0 0 0 0 1 0.06947231 2.3752451E-05 -0.9975838 5.1797075 -0.9975828 0.0014358759 -0.06947219 -9.446115 0.0014306903 0.9999989 0.00012350082 0 0 0 0 1 0.062459767 1.1175871E-05 -0.9980475 5.1797075 -0.9980469 0.0010162592 -0.062459677 -9.446115 0.0010136068 0.9999994 7.4625015E-05 0 0 0 0 1 0.056928754 -8.034706E-05 -0.99837834 5.1797075 -0.99837804 0.0007432699 -0.056928933 -9.446115 0.0007466674 0.9999998 -3.7908554E-05 0 0 0 0 1 0.053275168 -0.00013136864 -0.99857974 5.1797075 -0.9985797 0.00048702955 -0.05327511 -9.446115 0.00049325824 0.99999976 -0.00010514259 0 0 0 0 1 0.053275168 -0.00013136864 -0.99857974 5.1797075 -0.9985797 0.00048702955 -0.05327511 -9.446115 0.00049325824 0.99999976 -0.00010514259 0 0 0 0 1</float_array>
        <technique_common>
          <accessor source="#Motion_76_FeelerF_transform_pose_array_id" count="66" stride="16">
            <param name="TRANSFORM" type="float4x4" />
          </accessor>
        </technique_common>
      </source>
      <sampler id="Motion_76_FeelerF_transform_samp_id">
        <input semantic="INPUT" source="#Motion_76_FeelerF_transform_frame_id" />
        <input semantic="INTERPOLATION" source="#Motion_76_FeelerF_transform_interp_id" />
        <input semantic="OUTPUT" source="#Motion_76_FeelerF_transform_pose_id" />
      </sampler>
      <channel source="#Motion_76_FeelerF_transform_samp_id" target="FeelerF_bone_id/transform" />
    </animation>
    <animation id="Motion_76_FeelerE_transform_id" name="Motion_76_FeelerE_transform">
      <source id="Motion_76_FeelerE_transform_frame_id" name="Motion_76_FeelerE_transform_frame">
        <float_array id="Motion_76_FeelerE_transform_frame_array_id" count="66">0 0.033333335 0.06666667 0.1 0.13333334 0.16666667 0.2 0.23333333 0.26666668 0.3 0.33333334 0.36666667 0.4 0.43333334 0.46666667 0.5 0.53333336 0.56666666 0.6 0.6333333 0.6666667 0.7 0.73333335 0.76666665 0.8 0.8333333 0.8666667 0.9 0.93333334 0.96666664 1 1.0333333 1.0666667 1.1 1.1333333 1.1666666 1.2 1.2333333 1.2666667 1.3 1.3333334 1.3666667 1.4 1.4333333 1.4666667 1.5 1.5333333 1.5666667 1.6 1.6333333 1.6666666 1.7 1.7333333 1.7666667 1.8 1.8333334 1.8666667 1.9 1.9333333 1.9666667 2 2.0333333 2.0666666 2.1 2.1333334 2.1666667</float_array>
        <technique_common>
          <accessor source="#Motion_76_FeelerE_transform_frame_array_id" count="66" stride="1">
            <param name="TIME" type="float" />
          </accessor>
        </technique_common>
      </source>
      <source id="Motion_76_FeelerE_transform_interp_id" name="Motion_76_FeelerE_transform_interp">
        <Name_array id="Motion_76_FeelerE_transform_interp_array_id" count="66">LINEAR LINEAR LINEAR LINEAR LINEAR LINEAR LINEAR LINEAR LINEAR LINEAR LINEAR LINEAR LINEAR LINEAR LINEAR LINEAR LINEAR LINEAR LINEAR LINEAR LINEAR LINEAR LINEAR LINEAR LINEAR LINEAR LINEAR LINEAR LINEAR LINEAR LINEAR LINEAR LINEAR LINEAR LINEAR LINEAR LINEAR LINEAR LINEAR LINEAR LINEAR LINEAR LINEAR LINEAR LINEAR LINEAR LINEAR LINEAR LINEAR LINEAR LINEAR LINEAR LINEAR LINEAR LINEAR LINEAR LINEAR LINEAR LINEAR LINEAR LINEAR LINEAR LINEAR LINEAR LINEAR LINEAR</Name_array>
        <technique_common>
          <accessor source="#Motion_76_FeelerE_transform_interp_array_id" count="66" stride="1">
            <param name="INTERPOLATION" type="Name" />
          </accessor>
        </technique_common>
      </source>
      <source id="Motion_76_FeelerE_transform_pose_id" name="Motion_76_FeelerE_transform_pose">
        <float_array id="Motion_76_FeelerE_transform_pose_array_id" count="1056">0.05154091 -0.0008996725 -0.99867034 5.179708 -0.81807727 -0.5735941 -0.04170376 -7.642064 -0.57279396 0.81913906 -0.030299425 -5.5522857 0 0 0 1 0.054771304 -0.0009021759 -0.9984985 5.179708 -0.8178944 -0.5736568 -0.044346094 -7.642064 -0.5727554 0.81909525 -0.03215778 -5.5522857 0 0 0 1 0.060119748 -0.0008870661 -0.99819064 5.179708 -0.81754863 -0.57379365 -0.048729867 -7.642064 -0.57271254 0.81899905 -0.03522134 -5.5522857 0 0 0 1 0.06755775 -0.000834167 -0.99771506 5.179708 -0.8171909 -0.573751 -0.054854333 -7.642064 -0.5723942 0.81902945 -0.039443016 -5.5522857 0 0 0 1 0.07655263 -0.0007659793 -0.9970651 5.179708 -0.8167415 -0.5736337 -0.062266946 -7.642064 -0.5719027 0.8191113 -0.044538498 -5.5522857 0 0 0 1 0.08568913 -0.00073459744 -0.99632174 5.179708 -0.81613696 -0.5736313 -0.06976938 -7.642064 -0.57146996 0.81911343 -0.049753547 -5.5522857 0 0 0 1 0.093636274 -0.000744462 -0.9956061 5.179708 -0.8155664 -0.57361436 -0.07627463 -7.642064 -0.57103723 0.81912506 -0.05431819 -5.5522857 0 0 0 1 0.09928286 -0.00077956915 -0.99505895 5.179708 -0.81505823 -0.57370687 -0.08087364 -7.642064 -0.57080907 0.8190603 -0.057594657 -5.5522857 0 0 0 1 0.10152018 -0.0008196831 -0.99483323 5.179708 -0.81465304 -0.5740278 -0.08266038 -7.642064 -0.570994 0.81883556 -0.05894327 -5.5522857 0 0 0 1 0.09951377 -0.00083881617 -0.99503595 5.179708 -0.8144846 -0.57450724 -0.08097258 -7.642064 -0.57158726 0.8184992 -0.05785477 -5.5522857 0 0 0 1 0.093815565 -0.0008147955 -0.9955892 5.179708 -0.8147108 -0.5748255 -0.07630068 -7.642064 -0.572228 0.8182755 -0.054591298 -5.5522857 0 0 0 1 0.08573204 -0.00077837706 -0.996318 5.179708 -0.81506777 -0.57515955 -0.06968635 -7.642064 -0.57298756 0.81804097 -0.049944162 -5.5522857 0 0 0 1 0.07646847 -0.0007471144 -0.99707174 5.179708 -0.81540537 -0.5755495 -0.062104672 -7.642064 -0.57381773 0.81776667 -0.044620633 -5.5522857 0 0 0 1 0.06723362 -0.00072687864 -0.99773705 5.179708 -0.8156103 -0.5760255 -0.05454123 -7.642064 -0.5746821 0.81743157 -0.039321184 -5.5522857 0 0 0 1 0.059239984 -0.00070789456 -0.99824363 5.179708 -0.8156128 -0.5766045 -0.047993094 -7.642064 -0.57555765 0.8170233 -0.03473556 -5.5522857 0 0 0 1 0.053702235 -0.00066804886 -0.99855673 5.179708 -0.8153785 -0.57729423 -0.04346463 -7.642064 -0.5764321 0.81653583 -0.031546593 -5.5522857 0 0 0 1 0.051543772 -0.00061661005 -0.99867046 5.179708 -0.8149103 -0.5780846 -0.04170248 -7.642064 -0.5772904 0.8159764 -0.030298948 -5.5522857 0 0 0 1 0.14541143 0.011921436 -0.9892994 5.179708 -0.79556966 -0.5930197 -0.1240823 -7.642064 -0.58815336 0.8050996 -0.07674742 -5.5522857 0 0 0 1 0.29090375 0.039475948 -0.9559375 5.179708 -0.73974 -0.6243682 -0.25089565 -7.642064 -0.60676146 0.7801318 -0.15242898 -5.5522857 0 0 0 1 0.37275177 0.06704354 -0.925506 5.179708 -0.6832085 -0.65508986 -0.3226201 -7.642064 -0.6279191 0.7525708 -0.1983813 -5.5522857 0 0 0 1 0.4009593 0.07983908 -0.9126101 5.179708 -0.65425456 -0.6723453 -0.3462693 -7.642064 -0.64123505 0.7359193 -0.21734786 -5.5522857 0 0 0 1 0.39356738 0.08019015 -0.91579175 5.179708 -0.6524242 -0.6774545 -0.33970404 -7.642064 -0.64764774 0.731181 -0.21430612 -5.5522857 0 0 0 1 0.38064355 0.080566764 -0.92120546 5.179708 -0.65227544 -0.6827464 -0.32923287 -7.642064 -0.65547484 0.72620004 -0.2073313 -5.5522857 0 0 0 1 0.38059318 0.0808835 -0.9211985 5.179708 -0.6481279 -0.6872201 -0.32811368 -7.642064 -0.65960515 0.7219323 -0.20912826 -5.5522857 0 0 0 1 0.39220995 0.08117649 -0.916287 5.179708 -0.6401392 -0.69125366 -0.3352472 -7.642064 -0.6606007 0.71803856 -0.21915245 -5.5522857 0 0 0 1 0.40072018 0.08142525 -0.91257507 5.179708 -0.6335813 -0.6948606 -0.3402109 -7.642064 -0.6618143 0.71451986 -0.22685516 -5.5522857 0 0 0 1 0.39213312 0.08167985 -0.9162752 5.179708 -0.63368297 -0.6980525 -0.33342052 -7.642064 -0.6668417 0.7113731 -0.22197056 -5.5522857 0 0 0 1 0.38043332 0.081861734 -0.92117804 5.179708 -0.6350988 -0.70092773 -0.32457548 -7.642064 -0.67224985 0.70851845 -0.21466589 -5.5522857 0 0 0 1 0.3804034 0.08204195 -0.9211745 5.179708 -0.63266623 -0.7034309 -0.3239118 -7.642064 -0.67455673 0.7060131 -0.21568239 -5.5522857 0 0 0 1 0.3920287 0.08221835 -0.91627157 5.179708 -0.6263675 -0.70561886 -0.33130884 -7.642064 -0.6737783 0.7038053 -0.22512388 -5.5522857 0 0 0 1 0.4005592 0.0823375 -0.9125639 5.179708 -0.621411 -0.70749664 -0.33659604 -7.642064 -0.67335033 0.70190394 -0.23222876 -5.5522857 0 0 0 1 0.3919958 0.08247048 -0.916263 5.179708 -0.6229658 -0.7090764 -0.33033946 -7.642064 -0.6769438 0.7002922 -0.22657871 -5.5522857 0 0 0 1 0.3803109 0.082555175 -0.9211668 5.179708 -0.62574637 -0.7104559 -0.32201546 -7.642064 -0.6810324 0.69888276 -0.21853554 -5.5522857 0 0 0 1 0.38029337 0.08263248 -0.92116714 5.179708 -0.6246324 -0.71157646 -0.32170373 -7.642064 -0.68206406 0.6977326 -0.21899295 -5.5522857 0 0 0 1 0.3919328 0.08272597 -0.916267 5.179708 -0.6195859 -0.7124878 -0.32935524 -7.642064 -0.6800751 0.6967912 -0.22799158 -5.5522857 0 0 0 1 0.4004854 0.08275437 -0.91255856 5.179708 -0.6157847 -0.7131891 -0.3349179 -7.642064 -0.678543 0.69606936 -0.23466289 -5.5522857 0 0 0 1 0.39193684 0.0828011 -0.9162585 5.179708 -0.61837304 -0.7136998 -0.3290102 -7.642064 -0.68117577 0.6955407 -0.22852337 -5.5522857 0 0 0 1 0.38025963 0.0828186 -0.9211643 5.179708 -0.62209225 -0.71411276 -0.321005 -7.642064 -0.6844003 0.6951144 -0.22002745 -5.5522857 0 0 0 1 0.38025713 0.08283928 -0.9211633 5.179708 -0.62184274 -0.7143593 -0.32093883 -7.642064 -0.68462825 0.6948581 -0.22012699 -5.5522857 0 0 0 1 0.39311302 0.08245823 -0.9157853 5.179708 -0.61710167 -0.7146884 -0.32925034 -7.642064 -0.68165064 0.6945653 -0.2300682 -5.5522857 0 0 0 1 0.40046537 0.08285168 -0.9125586 5.179708 -0.6144382 -0.71454 -0.33451232 -7.642064 -0.67977446 0.6946714 -0.23524141 -5.5522857 0 0 0 1 0.38116747 0.08055988 -0.9209894 5.179708 -0.6249602 -0.7116518 -0.3208995 -7.642064 -0.68127537 0.69789815 -0.22091174 -5.5522857 0 0 0 1 0.3313232 0.074563056 -0.9405664 5.179708 -0.6510515 -0.70345354 -0.28510493 -7.642064 -0.6829032 0.70681906 -0.18452609 -5.5522857 0 0 0 1 0.26005673 0.06519231 -0.9633901 5.179708 -0.68450606 -0.6912563 -0.23155214 -7.642064 -0.6810448 0.719663 -0.13514137 -5.5522857 0 0 0 1 0.18246806 0.053329676 -0.9817645 5.179708 -0.7168548 -0.6761893 -0.16996351 -7.642064 -0.67292255 0.73479545 -0.08515346 -5.5522857 0 0 0 1 0.111005604 0.041819245 -0.9929396 5.179708 -0.7438351 -0.65909576 -0.1109159 -7.642064 -0.6590806 0.7508955 -0.0420568 -5.5522857 0 0 0 1 0.06242019 0.02939248 -0.99761707 5.179708 -0.76432544 -0.6413696 -0.06671974 -7.642064 -0.6418024 0.7666688 -0.017568946 -5.5522857 0 0 0 1 0.03806311 0.018201709 -0.99910975 5.179708 -0.78100467 -0.6231713 -0.041107 -7.642064 -0.62336445 0.7818739 -0.009504557 -5.5522857 0 0 0 1 0.033398867 0.009210736 -0.99939966 5.179708 -0.7941165 -0.6069157 -0.03213209 -7.642064 -0.6068473 0.7947129 -0.012956023 -5.5522857 0 0 0 1 0.040006936 0.002608478 -0.99919605 5.179708 -0.80309856 -0.594892 -0.033708364 -7.642064 -0.5945016 0.8038014 -0.021705031 -5.5522857 0 0 0 1 0.051084876 -0.0005186796 -0.9986942 5.179708 -0.80791545 -0.5878689 -0.04102087 -7.642064 -0.58708 0.808956 -0.030450225 -5.5522857 0 0 0 1 0.06412852 -0.00062578917 -0.99794155 5.179708 -0.81035066 -0.5836594 -0.051707834 -7.642064 -0.58242553 0.8119985 -0.03793645 -5.5522857 0 0 0 1 0.07739538 -0.00024992228 -0.99700046 5.179708 -0.8116459 -0.5807576 -0.062861115 -7.642064 -0.5789999 0.81407654 -0.045150876 -5.5522857 0 0 0 1 0.089149535 -0.00042068958 -0.9960183 5.179708 -0.8126055 -0.5782888 -0.072488844 -7.642064 -0.5759556 0.8158322 -0.051896214 -5.5522857 0 0 0 1 0.09781319 -0.0006002188 -0.99520457 5.179708 -0.8132759 -0.5764098 -0.07958469 -7.642064 -0.573598 0.81716037 -0.056868434 -5.5522857 0 0 0 1 0.10172385 -0.00075379014 -0.9948125 5.179708 -0.81399345 -0.57494307 -0.08279881 -7.642064 -0.57189786 0.8181933 -0.059099197 -5.5522857 0 0 0 1 0.101062775 -0.0008569062 -0.99487966 5.179708 -0.81482196 -0.57384264 -0.082277685 -7.642064 -0.570834 0.8189651 -0.058692336 -5.5522857 0 0 0 1 0.09758294 -0.0009085536 -0.99522686 5.179708 -0.81559885 -0.5731374 -0.07944697 -7.642064 -0.57032967 0.81945866 -0.056669354 -5.5522857 0 0 0 1 0.09198254 -0.00092321634 -0.99576026 5.179708 -0.8162958 -0.5727612 -0.074873716 -7.642064 -0.57026356 0.81972194 -0.05343771 -5.5522857 0 0 0 1 0.084961176 -0.00091946125 -0.9963838 5.179708 -0.8168823 -0.572647 -0.069126666 -7.642064 -0.57051265 0.81980145 -0.049403787 -5.5522857 0 0 0 1 0.07721877 -0.00091186166 -0.9970136 5.179708 -0.8173398 -0.5727252 -0.0627791 -7.642064 -0.5709577 0.81974673 -0.044970274 -5.5522857 0 0 0 1 0.06945783 -0.0009095669 -0.9975846 5.179708 -0.8176676 -0.57292056 -0.056408644 -7.642064 -0.5714853 0.81961054 -0.040537596 -5.5522857 0 0 0 1 0.062382698 -0.0009123087 -0.9980519 5.179708 -0.81788635 -0.5731509 -0.050597668 -7.642064 -0.5719881 0.8194494 -0.03650093 -5.5522857 0 0 0 1 0.056698143 -0.0009120703 -0.99839103 5.179708 -0.8180364 -0.5733298 -0.045932204 -7.642064 -0.5723653 0.8193244 -0.033252954 -5.5522857 0 0 0 1 0.053168297 -0.000890702 -0.9985852 5.179708 -0.81819606 -0.5733253 -0.043052346 -7.642064 -0.5724758 0.8193275 -0.031211495 -5.5522857 0 0 0 1 0.053168297 -0.000890702 -0.9985852 5.179708 -0.81819606 -0.5733253 -0.043052346 -7.642064 -0.5724758 0.8193275 -0.031211495 -5.5522857 0 0 0 1</float_array>
        <technique_common>
          <accessor source="#Motion_76_FeelerE_transform_pose_array_id" count="66" stride="16">
            <param name="TRANSFORM" type="float4x4" />
          </accessor>
        </technique_common>
      </source>
      <sampler id="Motion_76_FeelerE_transform_samp_id">
        <input semantic="INPUT" source="#Motion_76_FeelerE_transform_frame_id" />
        <input semantic="INTERPOLATION" source="#Motion_76_FeelerE_transform_interp_id" />
        <input semantic="OUTPUT" source="#Motion_76_FeelerE_transform_pose_id" />
      </sampler>
      <channel source="#Motion_76_FeelerE_transform_samp_id" target="FeelerE_bone_id/transform" />
    </animation>
    <animation id="Motion_76_FeelerD_transform_id" name="Motion_76_FeelerD_transform">
      <source id="Motion_76_FeelerD_transform_frame_id" name="Motion_76_FeelerD_transform_frame">
        <float_array id="Motion_76_FeelerD_transform_frame_array_id" count="66">0 0.033333335 0.06666667 0.1 0.13333334 0.16666667 0.2 0.23333333 0.26666668 0.3 0.33333334 0.36666667 0.4 0.43333334 0.46666667 0.5 0.53333336 0.56666666 0.6 0.6333333 0.6666667 0.7 0.73333335 0.76666665 0.8 0.8333333 0.8666667 0.9 0.93333334 0.96666664 1 1.0333333 1.0666667 1.1 1.1333333 1.1666666 1.2 1.2333333 1.2666667 1.3 1.3333334 1.3666667 1.4 1.4333333 1.4666667 1.5 1.5333333 1.5666667 1.6 1.6333333 1.6666666 1.7 1.7333333 1.7666667 1.8 1.8333334 1.8666667 1.9 1.9333333 1.9666667 2 2.0333333 2.0666666 2.1 2.1333334 2.1666667</float_array>
        <technique_common>
          <accessor source="#Motion_76_FeelerD_transform_frame_array_id" count="66" stride="1">
            <param name="TIME" type="float" />
          </accessor>
        </technique_common>
      </source>
      <source id="Motion_76_FeelerD_transform_interp_id" name="Motion_76_FeelerD_transform_interp">
        <Name_array id="Motion_76_FeelerD_transform_interp_array_id" count="66">LINEAR LINEAR LINEAR LINEAR LINEAR LINEAR LINEAR LINEAR LINEAR LINEAR LINEAR LINEAR LINEAR LINEAR LINEAR LINEAR LINEAR LINEAR LINEAR LINEAR LINEAR LINEAR LINEAR LINEAR LINEAR LINEAR LINEAR LINEAR LINEAR LINEAR LINEAR LINEAR LINEAR LINEAR LINEAR LINEAR LINEAR LINEAR LINEAR LINEAR LINEAR LINEAR LINEAR LINEAR LINEAR LINEAR LINEAR LINEAR LINEAR LINEAR LINEAR LINEAR LINEAR LINEAR LINEAR LINEAR LINEAR LINEAR LINEAR LINEAR LINEAR LINEAR LINEAR LINEAR LINEAR LINEAR</Name_array>
        <technique_common>
          <accessor source="#Motion_76_FeelerD_transform_interp_array_id" count="66" stride="1">
            <param name="INTERPOLATION" type="Name" />
          </accessor>
        </technique_common>
      </source>
      <source id="Motion_76_FeelerD_transform_pose_id" name="Motion_76_FeelerD_transform_pose">
        <float_array id="Motion_76_FeelerD_transform_pose_array_id" count="1056">0.051541507 -0.000900507 -0.99867034 5.179708 0.7975586 -0.60179794 0.041704684 7.6420693 -0.6010355 -0.79864776 -0.030299187 -5.5522885 0 0 0 1 0.054297924 -0.0006646514 -0.99852455 5.179708 0.79732347 -0.601964 0.043757707 7.6420693 -0.60110486 -0.79852307 -0.032155395 -5.5522885 0 0 0 1 0.059364736 -0.00059112906 -0.9982361 5.179708 0.79703295 -0.6020446 0.047755748 7.6420693 -0.601011 -0.79846215 -0.035269022 -5.5522885 0 0 0 1 0.06720531 -0.00082343817 -0.9977387 5.179708 0.7969009 -0.60167587 0.054173887 7.6420693 -0.60036004 -0.7987398 -0.039779544 -5.5522885 0 0 0 1 0.07637179 -0.0008177757 -0.997079 5.179708 0.796664 -0.601284 0.06151402 7.6420693 -0.599578 -0.79903495 -0.04526961 -5.5522885 0 0 0 1 0.085627675 -0.0008299053 -0.99632686 5.179708 0.7963681 -0.6008699 0.06894302 7.6420693 -0.59872 -0.7993464 -0.05079007 -5.5522885 0 0 0 1 0.09374946 -0.00086426735 -0.9955954 5.179708 0.79610604 -0.6004306 0.075485885 7.6420693 -0.5978512 -0.7996763 -0.055601954 -5.5522885 0 0 0 1 0.09951019 -0.00088867545 -0.9950362 5.179708 0.7960088 -0.59995604 0.08014193 7.6420693 -0.5970492 -0.8000325 -0.058994293 -5.5522885 0 0 0 1 0.10169536 -0.0008839071 -0.99481523 5.179708 0.7961354 -0.5995482 0.08191794 7.6420693 -0.5965121 -0.80033827 -0.060267687 -5.5522885 0 0 0 1 0.099506915 -0.0008197129 -0.9950366 5.179708 0.7965746 -0.59920335 0.08015376 7.6420693 -0.59629476 -0.80059665 -0.05897212 -5.5522885 0 0 0 1 0.093753934 -0.00069975853 -0.9955952 5.179708 0.79732335 -0.59881115 0.075503826 7.6420693 -0.5962262 -0.8008901 -0.055583 -5.5522885 0 0 0 1 0.08564967 -0.0005993545 -0.99632525 5.179708 0.7981696 -0.5984714 0.06897524 7.6420693 -0.59631324 -0.80114424 -0.050780654 -5.5522885 0 0 0 1 0.076395094 -0.0005534291 -0.9970776 5.179708 0.79901385 -0.5981542 0.06155172 7.6420693 -0.5964401 -0.801381 -0.045253992 -5.5522885 0 0 0 1 0.067188025 -0.00056633353 -0.99774015 5.179708 0.7997682 -0.5978575 0.05419591 7.6420693 -0.5965371 -0.80160224 -0.039716005 -5.5522885 0 0 0 1 0.059226215 -0.00060895085 -0.99824435 5.179708 0.8003601 -0.59760666 0.04785016 7.6420693 -0.59658676 -0.80178905 -0.034906507 -5.5522885 0 0 0 1 0.053702354 -0.0006221831 -0.9985568 5.179708 0.8007276 -0.5974519 0.043435425 7.6420693 -0.5966167 -0.80190456 -0.03158641 -5.5522885 0 0 0 1 0.051541388 -0.0006155968 -0.99867064 5.179708 0.8008564 -0.5974026 0.041700393 7.6420693 -0.5966342 -0.80194116 -0.030297875 -5.5522885 0 0 0 1 0.14606762 -0.011098683 -0.98921245 5.179708 0.7817412 -0.6114943 0.122293174 7.6420693 -0.606255 -0.79117113 -0.080643415 -5.5522885 0 0 0 1 0.2919867 -0.034164786 -0.9558119 5.179708 0.7265886 -0.6419414 0.24490795 7.6420693 -0.6219427 -0.7659919 -0.16261446 -5.5522885 0 0 0 1 0.37396932 -0.05746472 -0.9256591 5.179708 0.67127585 -0.67191935 0.31291026 7.6420693 -0.63994974 -0.73839146 -0.21270251 -5.5522885 0 0 0 1 0.40325677 -0.06796554 -0.91255945 5.179708 0.6435292 -0.6879225 0.33560836 7.6420693 -0.65057987 -0.722595 -0.23367155 -5.5522885 0 0 0 1 0.39529276 -0.06825659 -0.91601574 5.179708 0.64259577 -0.69203746 0.3288695 7.6420693 -0.65636456 -0.7186276 -0.22969615 -5.5522885 0 0 0 1 0.38295645 -0.06852114 -0.9212216 5.179708 0.64347196 -0.69572103 0.31924278 7.6420693 -0.66278815 -0.71503633 -0.22233939 -5.5522885 0 0 0 1 0.38292015 -0.068757 -0.9212191 5.179708 0.640353 -0.6990024 0.31834483 7.6420693 -0.66582286 -0.71180606 -0.22363329 -5.5522885 0 0 0 1 0.3945188 -0.0689283 -0.91629887 5.179708 0.6334459 -0.70197535 0.32554033 7.6420693 -0.66565835 -0.70885766 -0.23327994 -5.5522885 0 0 0 1 0.40306377 -0.06914529 -0.91255605 5.179708 0.62796783 -0.70446134 0.33074275 7.6420693 -0.66572964 -0.7063663 -0.24052191 -5.5522885 0 0 0 1 0.3944971 -0.06927997 -0.9162819 5.179708 0.62886006 -0.7067106 0.32418454 7.6420693 -0.6700054 -0.7041029 -0.23522794 -5.5522885 0 0 0 1 0.3828016 -0.06944987 -0.92121637 5.179708 0.6310593 -0.7086102 0.31565157 7.6420693 -0.67470527 -0.70217407 -0.2274301 -5.5522885 0 0 0 1 0.38277996 -0.069570065 -0.9212162 5.179708 0.6294409 -0.7102568 0.31518102 7.6420693 -0.6762274 -0.7004962 -0.2280817 -5.5522885 0 0 0 1 0.3943993 -0.06964517 -0.91629624 5.179708 0.62397605 -0.711714 0.32267207 7.6420693 -0.67461336 -0.6990085 -0.23724258 -5.5522885 0 0 0 1 0.40295738 -0.06975415 -0.9125567 5.179708 0.619841 -0.7128041 0.32818836 7.6420693 -0.6733666 -0.69788593 -0.24399316 -5.5522885 0 0 0 1 0.39440048 -0.06978586 -0.916285 5.179708 0.62193227 -0.7137754 0.32206336 7.6420693 -0.6764973 -0.69688916 -0.23811126 -5.5522885 0 0 0 1 0.38272113 -0.069875896 -0.92121756 5.179708 0.6252302 -0.7145089 0.31394947 7.6420693 -0.68015563 -0.69612813 -0.22976911 -5.5522885 0 0 0 1 0.38271564 -0.06992048 -0.92121655 5.179708 0.6246454 -0.7150936 0.3137821 7.6420693 -0.68069583 -0.695523 -0.23000205 -5.5522885 0 0 0 1 0.39477384 -0.0702796 -0.9160865 5.179708 0.62030697 -0.71513796 0.3221754 7.6420693 -0.67777056 -0.69544125 -0.2387228 -5.5522885 0 0 0 1 0.40291744 -0.069977045 -0.9125572 5.179708 0.6168224 -0.71585345 0.32723618 7.6420693 -0.67615646 -0.69473493 -0.24526632 -5.5522885 0 0 0 1 0.3947633 -0.07031831 -0.91608804 5.179708 0.6197785 -0.7156699 0.3220111 7.6420693 -0.6782599 -0.6948899 -0.23893845 -5.5522885 0 0 0 1 0.38269877 -0.070001304 -0.9212175 5.179708 0.62354684 -0.7161932 0.31346035 7.6420693 -0.681712 -0.69438314 -0.2304374 -5.5522885 0 0 0 1 0.38269818 -0.0700061 -0.9212173 5.179708 0.6234807 -0.71625876 0.31344116 7.6420693 -0.6817727 -0.6943145 -0.2304635 -5.5522885 0 0 0 1 0.39499044 -0.07000694 -0.91601396 5.179708 0.61920655 -0.7162831 0.32174772 7.6420693 -0.6786499 -0.69428915 -0.2395761 -5.5522885 0 0 0 1 0.40290886 -0.07000512 -0.9125588 5.179708 0.61639285 -0.7162876 0.3270955 7.6420693 -0.67655313 -0.69428444 -0.24544787 -5.5522885 0 0 0 1 0.38353395 -0.06807011 -0.9210148 5.179708 0.6267732 -0.71325696 0.3137195 7.6420693 -0.6782751 -0.6975894 -0.23089373 -5.5522885 0 0 0 1 0.33284515 -0.06266916 -0.94089675 5.179708 0.65223324 -0.7053157 0.27770764 7.6420693 -0.681033 -0.70611775 -0.19388604 -5.5522885 0 0 0 1 0.26228112 -0.054910064 -0.963428 5.179708 0.6853714 -0.69222355 0.2260366 7.6420693 -0.67931926 -0.7195911 -0.1439234 -5.5522885 0 0 0 1 0.18378186 -0.045023233 -0.9819354 5.179708 0.71727896 -0.6768985 0.16528481 7.6420693 -0.67211235 -0.734698 -0.092107415 -5.5522885 0 0 0 1 0.11221981 -0.035426676 -0.9930517 5.179708 0.74439865 -0.6590041 0.10763043 7.6420693 -0.6582381 -0.7513046 -0.047581792 -5.5522885 0 0 0 1 0.06283623 -0.024964333 -0.9977115 5.179708 0.76572424 -0.6399528 0.06423816 7.6420693 -0.6400921 -0.7680085 -0.021096349 -5.5522885 0 0 0 1 0.038372517 -0.015679419 -0.9991405 5.179708 0.782136 -0.6218356 0.03979677 7.6420693 -0.6219251 -0.7829909 -0.011597991 -5.5522885 0 0 0 1 0.03312385 -0.007314861 -0.9994245 5.179708 0.7946564 -0.606279 0.030774683 7.6420693 -0.6061552 -0.79521847 -0.01426959 -5.5522885 0 0 0 1 0.03979057 -0.0019173324 -0.9992063 5.179708 0.803512 -0.59436595 0.033138245 7.6420693 -0.59395754 -0.80419266 -0.022109747 -5.5522885 0 0 0 1 0.051526904 -0.00022098422 -0.9986715 5.179708 0.8079568 -0.5877558 0.04181686 7.6420693 -0.58698434 -0.80903816 -0.030106544 -5.5522885 0 0 0 1 0.06434733 0.0002785325 -0.9979274 5.179708 0.80916387 -0.58527625 0.052012265 7.6420693 -0.58404887 -0.81083375 -0.037886262 -5.5522885 0 0 0 1 0.07742846 0.00030869246 -0.9969979 5.179708 0.809492 -0.58377504 0.0626857 7.6420693 -0.58200306 -0.8119154 -0.045450687 -5.5522885 0 0 0 1 0.08915049 0.00032013655 -0.99601823 5.179708 0.809035 -0.5833061 0.07222679 7.6420693 -0.5809602 -0.8122525 -0.052261114 -5.5522885 0 0 0 1 0.09781343 0.00021740794 -0.99520475 5.179708 0.8081548 -0.58360696 0.079301804 7.6420693 -0.5807912 -0.8120363 -0.057260275 -5.5522885 0 0 0 1 0.10173237 0.00013017654 -0.9948117 5.179708 0.8071695 -0.58453107 0.08246702 7.6420693 -0.5814876 -0.8113713 -0.05957079 -5.5522885 0 0 0 1 0.10089213 0.00016662478 -0.99489737 5.179708 0.8061249 -0.5860851 0.081650645 7.6420693 -0.5830809 -0.81024945 -0.059265733 -5.5522885 0 0 0 1 0.097041786 0.00025728345 -0.99528027 5.179708 0.80492795 -0.5881798 0.07833001 7.6420693 -0.58538365 -0.8087301 -0.05728519 -5.5522885 0 0 0 1 0.091138005 0.00026074052 -0.9958383 5.179708 0.8036816 -0.5905156 0.07339734 7.6420693 -0.5880389 -0.80702615 -0.054027915 -5.5522885 0 0 0 1 0.084141016 3.400445E-05 -0.996454 5.179708 0.802497 -0.59279823 0.06774306 7.6420693 -0.5906937 -0.8053512 -0.049906135 -5.5522885 0 0 0 1 0.07668263 -0.0003402233 -0.9970555 5.179708 0.8013891 -0.5949384 0.061837107 7.6420693 -0.59320766 -0.80377126 -0.045348763 -5.5522885 0 0 0 1 0.06918758 -0.0006329715 -0.9976035 5.179708 0.8003106 -0.59697556 0.05588329 7.6420693 -0.5955804 -0.802259 -0.040796638 -5.5522885 0 0 0 1 0.06231147 -0.0007555187 -0.9980565 5.179708 0.799294 -0.59882665 0.050355464 7.6420693 -0.5977009 -0.8008783 -0.036709905 -5.5522885 0 0 0 1 0.056713462 -0.0005956888 -0.9983903 5.179708 0.7983743 -0.60042405 0.04570976 7.6420693 -0.5994848 -0.79968154 -0.033576608 -5.5522885 0 0 0 1 0.052998006 -0.00049239397 -0.9985947 5.179708 0.7977327 -0.60150266 0.042634517 7.6420693 -0.600678 -0.79887104 -0.031485915 -5.5522885 0 0 0 1 0.052998006 -0.00049239397 -0.9985947 5.179708 0.7977327 -0.60150266 0.042634517 7.6420693 -0.600678 -0.79887104 -0.031485915 -5.5522885 0 0 0 1</float_array>
        <technique_common>
          <accessor source="#Motion_76_FeelerD_transform_pose_array_id" count="66" stride="16">
            <param name="TRANSFORM" type="float4x4" />
          </accessor>
        </technique_common>
      </source>
      <sampler id="Motion_76_FeelerD_transform_samp_id">
        <input semantic="INPUT" source="#Motion_76_FeelerD_transform_frame_id" />
        <input semantic="INTERPOLATION" source="#Motion_76_FeelerD_transform_interp_id" />
        <input semantic="OUTPUT" source="#Motion_76_FeelerD_transform_pose_id" />
      </sampler>
      <channel source="#Motion_76_FeelerD_transform_samp_id" target="FeelerD_bone_id/transform" />
    </animation>
    <animation id="Motion_76_FeelerC_transform_id" name="Motion_76_FeelerC_transform">
      <source id="Motion_76_FeelerC_transform_frame_id" name="Motion_76_FeelerC_transform_frame">
        <float_array id="Motion_76_FeelerC_transform_frame_array_id" count="66">0 0.033333335 0.06666667 0.1 0.13333334 0.16666667 0.2 0.23333333 0.26666668 0.3 0.33333334 0.36666667 0.4 0.43333334 0.46666667 0.5 0.53333336 0.56666666 0.6 0.6333333 0.6666667 0.7 0.73333335 0.76666665 0.8 0.8333333 0.8666667 0.9 0.93333334 0.96666664 1 1.0333333 1.0666667 1.1 1.1333333 1.1666666 1.2 1.2333333 1.2666667 1.3 1.3333334 1.3666667 1.4 1.4333333 1.4666667 1.5 1.5333333 1.5666667 1.6 1.6333333 1.6666666 1.7 1.7333333 1.7666667 1.8 1.8333334 1.8666667 1.9 1.9333333 1.9666667 2 2.0333333 2.0666666 2.1 2.1333334 2.1666667</float_array>
        <technique_common>
          <accessor source="#Motion_76_FeelerC_transform_frame_array_id" count="66" stride="1">
            <param name="TIME" type="float" />
          </accessor>
        </technique_common>
      </source>
      <source id="Motion_76_FeelerC_transform_interp_id" name="Motion_76_FeelerC_transform_interp">
        <Name_array id="Motion_76_FeelerC_transform_interp_array_id" count="66">LINEAR LINEAR LINEAR LINEAR LINEAR LINEAR LINEAR LINEAR LINEAR LINEAR LINEAR LINEAR LINEAR LINEAR LINEAR LINEAR LINEAR LINEAR LINEAR LINEAR LINEAR LINEAR LINEAR LINEAR LINEAR LINEAR LINEAR LINEAR LINEAR LINEAR LINEAR LINEAR LINEAR LINEAR LINEAR LINEAR LINEAR LINEAR LINEAR LINEAR LINEAR LINEAR LINEAR LINEAR LINEAR LINEAR LINEAR LINEAR LINEAR LINEAR LINEAR LINEAR LINEAR LINEAR LINEAR LINEAR LINEAR LINEAR LINEAR LINEAR LINEAR LINEAR LINEAR LINEAR LINEAR LINEAR</Name_array>
        <technique_common>
          <accessor source="#Motion_76_FeelerC_transform_interp_array_id" count="66" stride="1">
            <param name="INTERPOLATION" type="Name" />
          </accessor>
        </technique_common>
      </source>
      <source id="Motion_76_FeelerC_transform_pose_id" name="Motion_76_FeelerC_transform_pose">
        <float_array id="Motion_76_FeelerC_transform_pose_array_id" count="1056">0.051550806 7.748604E-07 -0.9986704 5.179708 0.9986704 1.847744E-06 0.051550835 9.446117 1.9073486E-06 -1 -7.1525574E-07 0 0 0 0 1 0.054962218 5.7905912E-05 -0.9984883 5.179708 0.9984883 -6.318092E-05 0.05496213 9.446117 -6.0111284E-05 -0.9999999 -6.1154366E-05 0 0 0 0 1 0.060584605 0.00016024709 -0.9981632 5.179708 0.9981632 -0.0002117157 0.060584754 9.446117 -0.0002014339 -1.0000001 -0.00017297268 0 0 0 0 1 0.06798065 0.00022524595 -0.9976865 5.179708 0.99768645 -0.00040745735 0.06798038 9.446117 -0.0003913641 -0.99999976 -0.00025236607 0 0 0 0 1 0.076711416 0.00017049909 -0.99705327 5.179708 0.997053 -0.00061511993 0.07671124 9.446117 -0.0006003678 -0.9999997 -0.00021708012 0 0 0 0 1 0.08566284 0.000110358 -0.9963242 5.179708 0.9963237 -0.0010061264 0.08566266 9.446117 -0.000993073 -0.99999946 -0.00019609928 0 0 0 0 1 0.09333265 1.8715858E-05 -0.9956349 5.179708 0.99563366 -0.0016000271 0.09333244 9.446117 -0.001591295 -0.9999987 -0.00016784668 0 0 0 0 1 0.09876764 -0.00021603703 -0.99511045 5.179708 0.99510777 -0.002323866 0.09876779 9.446117 -0.0023338795 -0.99999726 -1.4543533E-05 0 0 0 0 1 0.10110581 -0.00044459105 -0.99487555 5.179708 0.9948697 -0.0033887625 0.10110664 9.446117 -0.0034163892 -0.99999404 9.9778175E-05 0 0 0 0 1 0.09948444 -0.00051113963 -0.99503887 5.179708 0.99502623 -0.005009651 0.099485576 9.446117 -0.005035758 -0.9999872 1.0371208E-05 0 0 0 0 1 0.09393954 -0.00049871206 -0.9955778 5.179708 0.9955524 -0.0071189404 0.093940735 9.446117 -0.0071342885 -0.9999746 -0.00017225742 0 0 0 0 1 0.085891604 -0.0006212592 -0.9963044 5.179708 0.996259 -0.009509802 0.08589369 9.446117 -0.0095279515 -0.99995464 -0.00019800663 0 0 0 0 1 0.076607525 -0.00075668097 -0.9970611 5.179708 0.9969845 -0.012360334 0.0766111 9.446117 -0.012381852 -0.9999234 -0.000192523 0 0 0 0 1 0.0673219 -0.0008972883 -0.99773085 5.179708 0.99760693 -0.015727162 0.06732771 9.446117 -0.015751928 -0.9998759 -0.00016367435 0 0 0 0 1 0.059271395 -0.0010512471 -0.99824136 5.179708 0.99804777 -0.019657731 0.059280574 9.446117 -0.019685447 -0.9998062 -0.00011599064 0 0 0 0 1 0.053692162 -0.0012448728 -0.99855673 5.179708 0.9982636 -0.024192333 0.053706527 9.446117 -0.02422437 -0.9997065 -5.6147575E-05 0 0 0 0 1 0.051528454 -0.001513511 -0.99867046 5.179708 0.9982387 -0.029362679 0.051550806 9.446117 -0.029401511 -0.9995678 -2.2649765E-06 0 0 0 0 1 0.14604414 -0.011921883 -0.9892062 5.179708 0.98820424 -0.04481876 0.14643636 9.446117 -0.046080798 -0.998924 0.0052357316 0 0 0 0 1 0.29197526 -0.0343152 -0.95581007 5.179708 0.95315254 -0.07217038 0.2937544 9.446117 -0.07906142 -0.9968018 0.011635721 0 0 0 0 1 0.37375343 -0.056969255 -0.9257769 5.179708 0.9205961 -0.099015236 0.3777549 9.446117 -0.11318642 -0.99345374 0.015438437 0 0 0 0 1 0.40338242 -0.06707102 -0.9125701 5.179708 0.90546817 -0.114553094 0.40866253 9.446117 -0.13194707 -0.9911504 0.014521956 0 0 0 0 1 0.39567518 -0.06720048 -0.9159286 5.179708 0.908213 -0.11943245 0.40110466 9.446117 -0.13634598 -0.9905654 0.013775945 0 0 0 0 1 0.38324213 -0.06713277 -0.921205 5.179708 0.9127781 -0.12503302 0.38884813 9.446117 -0.14128548 -0.9898787 0.013359427 0 0 0 0 1 0.3830701 -0.06779519 -0.92122805 5.179708 0.912307 -0.1285162 0.38881835 9.446117 -0.14475271 -0.9893874 0.012619257 0 0 0 0 1 0.3947153 -0.06794098 -0.9162882 5.179708 0.9067519 -0.13218951 0.40040895 9.446117 -0.14832777 -0.9888934 0.009428263 0 0 0 0 1 0.4032352 -0.06809303 -0.9125594 5.179708 0.902459 -0.13556719 0.4088877 9.446117 -0.15155554 -0.9884254 0.0067857504 0 0 0 0 1 0.39465576 -0.068327606 -0.916285 5.179708 0.90575933 -0.13867044 0.40046293 9.446117 -0.15442437 -0.98797864 0.0071612597 0 0 0 0 1 0.3829685 -0.06846064 -0.92122114 5.179708 0.91033006 -0.1414702 0.38895425 9.446117 -0.15695336 -0.98757243 0.008143127 0 0 0 0 1 0.3830936 -0.068101555 -0.92119557 5.179708 0.9098183 -0.14448369 0.3890434 9.446117 -0.15959233 -0.98716074 0.0066093206 0 0 0 0 1 0.39463603 -0.068544626 -0.9162773 5.179708 0.90459067 -0.14594257 0.40052032 9.446117 -0.1611773 -0.9869156 0.0044106245 0 0 0 0 1 0.4031368 -0.06871629 -0.9125563 5.179708 0.90055186 -0.1475501 0.40894434 9.446117 -0.16274884 -0.98666465 0.0023996234 0 0 0 0 1 0.39457244 -0.068846345 -0.9162821 5.179708 0.90407836 -0.14908695 0.40051922 9.446117 -0.16417998 -0.98642457 0.0034167767 0 0 0 0 1 0.38289487 -0.068905294 -0.9212185 5.179708 0.90886575 -0.15043902 0.38901308 9.446117 -0.16539225 -0.9862151 0.005023241 0 0 0 0 1 0.38303077 -0.068507135 -0.92119175 5.179708 0.908544 -0.15217638 0.38908887 9.446117 -0.16683906 -0.9859762 0.003953576 0 0 0 0 1 0.3945766 -0.06891757 -0.9162749 5.179708 0.9035032 -0.15246701 0.40054455 9.446117 -0.16730627 -0.9859028 0.0021072626 0 0 0 0 1 0.40308404 -0.06903413 -0.91255546 5.179708 0.8996415 -0.15298033 0.40895262 9.446117 -0.16783473 -0.98581505 0.00044202805 0 0 0 0 1 0.39453006 -0.069095075 -0.9162816 5.179708 0.9033393 -0.15347123 0.40053034 9.446117 -0.16829756 -0.98573446 0.0018673539 0 0 0 0 1 0.3828616 -0.06909868 -0.9212179 5.179708 0.90828574 -0.15386438 0.38902813 9.446117 -0.16862383 -0.985673 0.0038525462 0 0 0 0 1 0.38286048 -0.06911108 -0.9212173 5.179708 0.90824616 -0.15409315 0.38902983 9.446117 -0.16883954 -0.98563623 0.0037737489 0 0 0 0 1 0.3954878 -0.06869647 -0.91589856 5.179708 0.90280175 -0.15433788 0.40140855 9.446117 -0.16893312 -0.98562706 0.000980556 0 0 0 0 1 0.40307808 -0.069090575 -0.9125539 5.179708 0.89943624 -0.15417182 0.40895647 9.446117 -0.1689451 -0.98562545 -7.1525574E-07 0 0 0 0 1 0.38367498 -0.067272276 -0.92101467 5.179708 0.9084587 -0.15158987 0.38951674 9.446117 -0.16582027 -0.9861516 0.002952814 0 0 0 0 1 0.33367378 -0.0621593 -0.9406371 5.179708 0.9295842 -0.14410245 0.33927566 9.446117 -0.15663716 -0.98760873 0.009698987 0 0 0 0 1 0.26211613 -0.054534286 -0.9634943 5.179708 0.95440733 -0.13312411 0.267179 9.446117 -0.1428347 -0.9895979 0.017153919 0 0 0 0 1 0.18362415 -0.045855016 -0.9819263 5.179708 0.97482574 -0.12003124 0.18790159 9.446117 -0.1264782 -0.9917104 0.022660077 0 0 0 0 1 0.112280786 -0.035518646 -0.9930415 5.179708 0.9878074 -0.10446751 0.11542553 9.446117 -0.10784033 -0.9938938 0.023355901 0 0 0 0 1 0.063769996 -0.02636671 -0.9976162 5.179708 0.9939951 -0.087394 0.06584829 9.446117 -0.088921875 -0.99582475 0.020635366 0 0 0 0 1 0.038731456 -0.017054409 -0.99910414 5.179708 0.99665177 -0.071392775 0.039855033 9.446117 -0.07200846 -0.99730253 0.014232159 0 0 0 0 1 0.03274411 -0.009480596 -0.99941874 5.179708 0.99782836 -0.05686891 0.033231378 9.446117 -0.05715096 -0.99833655 0.007597983 0 0 0 0 1 0.039280117 -0.0041826665 -0.99921954 5.179708 0.9982332 -0.04445219 0.03942749 9.446117 -0.044582248 -0.9990028 0.0024291277 0 0 0 0 1 0.051379323 -0.0017386675 -0.9986777 5.179708 0.99806786 -0.034894228 0.051408708 9.446117 -0.03493756 -0.99938947 -5.7458878E-05 0 0 0 0 1 0.06457156 -0.0012361705 -0.9979124 5.179708 0.9975277 -0.027710676 0.06458107 9.446117 -0.02773264 -0.9996153 -0.00055623055 0 0 0 0 1 0.07766616 -0.00082558393 -0.996979 5.179708 0.99674255 -0.021727562 0.07766569 9.446117 -0.021726161 -0.9997635 -0.00086450577 0 0 0 0 1 0.089303136 -0.0006271601 -0.9960042 5.179708 0.99586236 -0.01683402 0.08930096 9.446117 -0.016822815 -0.999858 -0.0008786917 0 0 0 0 1 0.09786391 -0.0005131066 -0.9951996 5.179708 0.9951174 -0.0128132105 0.09786233 9.446117 -0.012802064 -0.9999176 -0.0007432699 0 0 0 0 1 0.101730466 -0.00036248565 -0.994812 5.179708 0.9947673 -0.009443998 0.10172942 9.446117 -0.00943175 -0.9999554 -0.0006002188 0 0 0 0 1 0.101089835 -0.00018370152 -0.99487734 5.179708 0.9948552 -0.006647706 0.10108882 9.446117 -0.0066322386 -0.9999779 -0.0004892349 0 0 0 0 1 0.09766334 -6.765127E-05 -0.99521947 5.179708 0.9952096 -0.0044466257 0.09766263 9.446117 -0.0044320524 -0.99999005 -0.0003669262 0 0 0 0 1 0.0921303 -5.5134296E-06 -0.9957469 5.179708 0.99574304 -0.002776146 0.092129916 9.446117 -0.0027649403 -0.99999607 -0.0002502203 0 0 0 0 1 0.08517188 1.79708E-05 -0.9963664 5.179708 0.9963651 -0.0015710592 0.08517179 9.446117 -0.0015638173 -0.9999988 -0.00015175343 0 0 0 0 1 0.07747102 1.9222498E-05 -0.9969945 5.179708 0.99699414 -0.00076293945 0.07747087 9.446117 -0.00075927377 -0.9999995 -7.8082085E-05 0 0 0 0 1 0.069711804 1.1503696E-05 -0.9975672 5.179708 0.9975671 -0.00027883053 0.069711745 9.446117 -0.00027742982 -0.99999994 -3.0875206E-05 0 0 0 0 1 0.06258094 4.440546E-06 -0.99803984 5.179708 0.99803984 -4.0888786E-05 0.06258091 9.446117 -4.056096E-05 -0.9999999 -6.914139E-06 0 0 0 0 1 0.056765795 1.6093254E-06 -0.99838746 5.179708 0.99838746 3.3199787E-05 0.056765765 9.446117 3.3199787E-05 -0.9999999 3.5762787E-07 0 0 0 0 1 0.052954197 2.8908253E-06 -0.9985969 5.179708 0.9985969 2.8252602E-05 0.052954137 9.446117 2.8282404E-05 -0.99999994 -1.3113022E-06 0 0 0 0 1 0.052954197 2.8908253E-06 -0.9985969 5.179708 0.9985969 2.8252602E-05 0.052954137 9.446117 2.8282404E-05 -0.99999994 -1.3113022E-06 0 0 0 0 1</float_array>
        <technique_common>
          <accessor source="#Motion_76_FeelerC_transform_pose_array_id" count="66" stride="16">
            <param name="TRANSFORM" type="float4x4" />
          </accessor>
        </technique_common>
      </source>
      <sampler id="Motion_76_FeelerC_transform_samp_id">
        <input semantic="INPUT" source="#Motion_76_FeelerC_transform_frame_id" />
        <input semantic="INTERPOLATION" source="#Motion_76_FeelerC_transform_interp_id" />
        <input semantic="OUTPUT" source="#Motion_76_FeelerC_transform_pose_id" />
      </sampler>
      <channel source="#Motion_76_FeelerC_transform_samp_id" target="FeelerC_bone_id/transform" />
    </animation>
    <animation id="Motion_76_FeelerB_transform_id" name="Motion_76_FeelerB_transform">
      <source id="Motion_76_FeelerB_transform_frame_id" name="Motion_76_FeelerB_transform_frame">
        <float_array id="Motion_76_FeelerB_transform_frame_array_id" count="66">0 0.033333335 0.06666667 0.1 0.13333334 0.16666667 0.2 0.23333333 0.26666668 0.3 0.33333334 0.36666667 0.4 0.43333334 0.46666667 0.5 0.53333336 0.56666666 0.6 0.6333333 0.6666667 0.7 0.73333335 0.76666665 0.8 0.8333333 0.8666667 0.9 0.93333334 0.96666664 1 1.0333333 1.0666667 1.1 1.1333333 1.1666666 1.2 1.2333333 1.2666667 1.3 1.3333334 1.3666667 1.4 1.4333333 1.4666667 1.5 1.5333333 1.5666667 1.6 1.6333333 1.6666666 1.7 1.7333333 1.7666667 1.8 1.8333334 1.8666667 1.9 1.9333333 1.9666667 2 2.0333333 2.0666666 2.1 2.1333334 2.1666667</float_array>
        <technique_common>
          <accessor source="#Motion_76_FeelerB_transform_frame_array_id" count="66" stride="1">
            <param name="TIME" type="float" />
          </accessor>
        </technique_common>
      </source>
      <source id="Motion_76_FeelerB_transform_interp_id" name="Motion_76_FeelerB_transform_interp">
        <Name_array id="Motion_76_FeelerB_transform_interp_array_id" count="66">LINEAR LINEAR LINEAR LINEAR LINEAR LINEAR LINEAR LINEAR LINEAR LINEAR LINEAR LINEAR LINEAR LINEAR LINEAR LINEAR LINEAR LINEAR LINEAR LINEAR LINEAR LINEAR LINEAR LINEAR LINEAR LINEAR LINEAR LINEAR LINEAR LINEAR LINEAR LINEAR LINEAR LINEAR LINEAR LINEAR LINEAR LINEAR LINEAR LINEAR LINEAR LINEAR LINEAR LINEAR LINEAR LINEAR LINEAR LINEAR LINEAR LINEAR LINEAR LINEAR LINEAR LINEAR LINEAR LINEAR LINEAR LINEAR LINEAR LINEAR LINEAR LINEAR LINEAR LINEAR LINEAR LINEAR</Name_array>
        <technique_common>
          <accessor source="#Motion_76_FeelerB_transform_interp_array_id" count="66" stride="1">
            <param name="INTERPOLATION" type="Name" />
          </accessor>
        </technique_common>
      </source>
      <source id="Motion_76_FeelerB_transform_pose_id" name="Motion_76_FeelerB_transform_pose">
        <float_array id="Motion_76_FeelerB_transform_pose_array_id" count="1056">0.051518142 0.0017998517 -0.9986704 5.179708 0.7869352 0.61562455 0.041704923 7.6420693 0.6148811 -0.78803754 0.030299485 5.5522885 0 0 0 1 0.054750502 0.0020103455 -0.9984981 5.179708 0.78709275 0.61523485 0.044397265 7.6420693 0.6144 -0.7883413 0.03210205 5.5522885 0 0 0 1 0.060126424 0.002385348 -0.9981879 5.179708 0.7872853 0.6146473 0.048891366 7.6420693 0.6136501 -0.7887984 0.035078585 5.5522885 0 0 0 1 0.067656994 0.0024749935 -0.99770564 5.179708 0.78760624 0.6137254 0.054932147 7.6420693 0.6124533 -0.78951573 0.03957349 5.5522885 0 0 0 1 0.07667798 0.0021553934 -0.9970536 5.179708 0.788111 0.6124094 0.06193328 7.6420693 0.6107385 -0.79053783 0.045259595 5.5522885 0 0 0 1 0.08573902 0.0016863048 -0.9963162 5.179708 0.78883517 0.6107286 0.06891763 7.6420693 0.608595 -0.79183817 0.05103308 5.5522885 0 0 0 1 0.09367466 0.0011896789 -0.9956022 5.179708 0.7898562 0.6086836 0.07504368 7.6420693 0.60609597 -0.7934122 0.056078553 5.5522885 0 0 0 1 0.099324465 0.00079101324 -0.99505484 5.179708 0.79127306 0.60627735 0.07946536 7.6420693 0.60334206 -0.7952529 0.059592247 5.5522885 0 0 0 1 0.10153186 0.00062456727 -0.99483216 5.179708 0.7931931 0.6035147 0.08133164 7.6420693 0.6004466 -0.7973517 0.060780525 5.5522885 0 0 0 1 0.09947115 0.00067293644 -0.9950402 5.179708 0.79572016 0.60036415 0.07995173 7.6420693 0.59744024 -0.7997265 0.05918348 5.5522885 0 0 0 1 0.093768656 0.0005530119 -0.9955939 5.179708 0.798762 0.5968833 0.07556188 7.6420693 0.59429526 -0.8023279 0.05552721 5.5522885 0 0 0 1 0.085671365 0.00028836727 -0.99632335 5.179708 0.80205446 0.5932356 0.06913832 7.6420693 0.59107447 -0.8050288 0.050592005 5.5522885 0 0 0 1 0.07640618 1.8954277E-05 -0.9970768 5.179708 0.80552375 0.5893384 0.06173867 7.6420693 0.58761686 -0.80788624 0.045013845 5.5522885 0 0 0 1 0.067181826 -0.00023671985 -0.99774075 5.179708 0.8090619 0.58520615 0.054338485 7.6420693 0.5838711 -0.8108845 0.039506733 5.5522885 0 0 0 1 0.059209526 -0.0004787445 -0.99824554 5.179708 0.81259465 0.580856 0.047919393 7.6420693 0.579814 -0.8140062 0.034781218 5.5522885 0 0 0 1 0.053700566 -0.00072562695 -0.9985568 5.179708 0.8160763 0.57630724 0.043468237 7.6420693 0.5754439 -0.8172328 0.031540215 5.5522885 0 0 0 1 0.051534474 -0.0010247827 -0.9986707 5.179708 0.8195015 0.57155764 0.04170227 7.6420693 0.5707551 -0.82056123 0.030294776 5.5522885 0 0 0 1 0.14606541 -0.011202246 -0.98921156 5.179708 0.8193735 0.56168306 0.114626735 7.6420693 0.5543393 -0.8272767 0.09122127 5.5522885 0 0 0 1 0.29204768 -0.0332132 -0.9558269 5.179708 0.8065793 0.5456 0.22748733 7.6420693 0.51394355 -0.8373873 0.18613029 5.5522885 0 0 0 1 0.3739779 -0.055185378 -0.9257943 5.179708 0.7971019 0.52941126 0.29043463 7.6420693 0.47409815 -0.8465686 0.2419765 5.5522885 0 0 0 1 0.40341944 -0.06550524 -0.91266745 5.179708 0.79452944 0.51980275 0.3138918 7.6420693 0.45384544 -0.85177124 0.26174438 5.5522885 0 0 0 1 0.3956957 -0.0652419 -0.9160614 5.179708 0.7990893 0.5160786 0.30841413 7.6420693 0.45263815 -0.854053 0.2563442 5.5522885 0 0 0 1 0.38333374 -0.0657002 -0.92127025 5.179708 0.80486465 0.51303333 0.29831147 7.6420693 0.45304322 -0.8558507 0.24954271 5.5522885 0 0 0 1 0.3833784 -0.06552318 -0.9212643 5.179708 0.8067212 0.50942373 0.29948023 7.6420693 0.44969097 -0.8580177 0.24816096 5.5522885 0 0 0 1 0.3950144 -0.0657821 -0.9163167 5.179708 0.80439234 0.50656223 0.3103991 7.6420693 0.4437527 -0.8596903 0.2530141 5.5522885 0 0 0 1 0.40348774 -0.0662283 -0.9125851 5.179708 0.80278265 0.50417536 0.31835094 7.6420693 0.43901914 -0.8610581 0.2565955 5.5522885 0 0 0 1 0.39496005 -0.06610486 -0.91631687 5.179708 0.80715466 0.50131655 0.3117419 7.6420693 0.43875718 -0.8627351 0.25135684 5.5522885 0 0 0 1 0.38330078 -0.066171795 -0.92125016 5.179708 0.8123176 0.4988463 0.30214643 7.6420693 0.4395687 -0.86416066 0.24496067 5.5522885 0 0 0 1 0.3832245 -0.0666461 -0.9212478 5.179708 0.81329507 0.4971248 0.3023543 7.6420693 0.43782443 -0.86511576 0.2447133 5.5522885 0 0 0 1 0.39487982 -0.06676692 -0.9163035 5.179708 0.8104015 0.4951557 0.31316167 7.6420693 0.43280402 -0.86623496 0.24963498 5.5522885 0 0 0 1 0.40340924 -0.0668664 -0.9125732 5.179708 0.8083384 0.4933889 0.32117975 7.6420693 0.42877734 -0.8672348 0.25308836 5.5522885 0 0 0 1 0.39489162 -0.066670865 -0.9163053 5.179708 0.81220996 0.49147624 0.31427047 7.6420693 0.4293896 -0.8683351 0.24823064 5.5522885 0 0 0 1 0.3832397 -0.06667778 -0.9212391 5.179708 0.8168951 0.48993945 0.3043711 7.6420693 0.43105656 -0.86920273 0.24223298 5.5522885 0 0 0 1 0.3831647 -0.06711471 -0.92123854 5.179708 0.81737286 0.48916924 0.30432722 7.6420693 0.4302167 -0.8696028 0.24229014 5.5522885 0 0 0 1 0.39481628 -0.06716922 -0.9163014 5.179708 0.8139597 0.48814428 0.3149359 7.6420693 0.42613322 -0.8701743 0.24740034 5.5522885 0 0 0 1 0.40335977 -0.06722787 -0.9125685 5.179708 0.81143177 0.48724014 0.32276237 7.6420693 0.4229414 -0.8706764 0.25108385 5.5522885 0 0 0 1 0.39485306 -0.06698197 -0.91629934 5.179708 0.8148722 0.48618567 0.3156055 7.6420693 0.4243517 -0.8712846 0.24655366 5.5522885 0 0 0 1 0.3832028 -0.06693828 -0.92123556 5.179708 0.8191236 0.4855283 0.30544853 7.6420693 0.42683974 -0.8716545 0.24088651 5.5522885 0 0 0 1 0.3831334 -0.067321956 -0.92123646 5.179708 0.8191748 0.48559785 0.30520055 7.6420693 0.42680377 -0.8715862 0.24119723 5.5522885 0 0 0 1 0.3954394 -0.067421466 -0.91601425 5.179708 0.81504214 0.48557222 0.31611058 7.6420693 0.42347842 -0.87159276 0.24696577 5.5522885 0 0 0 1 0.40328348 -0.06768808 -0.9125682 5.179708 0.81226563 0.48573816 0.3229288 7.6420693 0.4214108 -0.87147963 0.25087088 5.5522885 0 0 0 1 0.3836 -0.06589946 -0.92114514 5.179708 0.81784034 0.48752797 0.3057018 7.6420693 0.42893845 -0.87061685 0.240911 5.5522885 0 0 0 1 0.33359075 -0.06047845 -0.9407761 5.179708 0.8286582 0.4946335 0.26203692 7.6420693 0.44949177 -0.86699486 0.21512115 5.5522885 0 0 0 1 0.26231778 -0.05240786 -0.96355736 5.179708 0.8392239 0.5052795 0.20098725 7.6420693 0.47633243 -0.86136293 0.17652571 5.5522885 0 0 0 1 0.18426275 -0.043794155 -0.98190093 5.179708 0.844759 0.5177253 0.13543555 7.6420693 0.50242364 -0.8544253 0.132393 5.5522885 0 0 0 1 0.112365425 -0.03367105 -0.99309623 5.179708 0.843259 0.53190887 0.07737729 7.6420693 0.5256313 -0.8461319 0.08816165 5.5522885 0 0 0 1 0.06323475 -0.023749918 -0.99771595 5.179708 0.8361902 0.5469805 0.039976746 7.6420693 0.5447817 -0.8368083 0.05444765 5.5522885 0 0 0 1 0.038848877 -0.014733583 -0.9991365 5.179708 0.8276279 0.56076765 0.02391097 7.6420693 0.5599311 -0.8278421 0.03397906 5.5522885 0 0 0 1 0.03339863 -0.0077186525 -0.99941236 5.179708 0.8195418 0.572559 0.022965789 7.6420693 0.57204527 -0.8198272 0.025448442 5.5522885 0 0 0 1 0.039836943 -0.002886176 -0.999202 5.179708 0.8128628 0.5816441 0.030727714 7.6420693 0.5810913 -0.8134383 0.025516987 5.5522885 0 0 0 1 0.051514745 -0.0001733005 -0.99867225 5.179708 0.8078979 0.58785427 0.041572005 7.6420693 0.58706653 -0.80896676 0.030423164 5.5522885 0 0 0 1 0.064266145 0.00090262294 -0.9979324 5.179708 0.8040968 0.5921917 0.05231887 7.6420693 0.59101444 -0.8057966 0.037332058 5.5522885 0 0 0 1 0.07720935 0.00097543 -0.9970144 5.179708 0.80061054 0.59590787 0.06258273 7.6420693 0.59418976 -0.80305225 0.04522872 5.5522885 0 0 0 1 0.088780284 0.00065279007 -0.996051 5.179708 0.7975154 0.59904945 0.071476966 7.6420693 0.5967304 -0.80071175 0.052663207 5.5522885 0 0 0 1 0.09738004 0.00037190318 -0.9952472 5.179708 0.794835 0.6017924 0.07799554 7.6420693 0.5989612 -0.79865247 0.058306992 5.5522885 0 0 0 1 0.101409435 0.00056535006 -0.9948446 5.179708 0.79261005 0.60430616 0.081138104 7.6420693 0.60123664 -0.796752 0.06083423 5.5522885 0 0 0 1 0.10083085 0.0008855462 -0.994903 5.179708 0.7909143 0.6065826 0.08069691 7.6420693 0.6035623 -0.79501987 0.06046188 5.5522885 0 0 0 1 0.09730291 0.0009764135 -0.9952544 5.179708 0.7896913 0.60855114 0.07780284 7.6420693 0.60573924 -0.79351413 0.05844271 5.5522885 0 0 0 1 0.09175646 0.001246661 -0.99578065 5.179708 0.78877556 0.61027765 0.073445946 7.6420693 0.6077942 -0.7921866 0.055013537 5.5522885 0 0 0 1 0.08485359 0.0016135573 -0.9963921 5.179708 0.78810614 0.6117599 0.06810641 7.6420693 0.6096626 -0.7910418 0.050638437 5.5522885 0 0 0 1 0.07725918 0.0019976795 -0.99700904 5.179708 0.7876283 0.6129968 0.062262297 7.6420693 0.6112877 -0.7900828 0.04578626 5.5522885 0 0 0 1 0.06964064 0.002320379 -0.9975695 5.179708 0.7872981 0.6139885 0.05638978 7.6420693 0.6126271 -0.7893115 0.0409317 5.5522885 0 0 0 1 0.06266707 0.0025032163 -0.9980314 5.179708 0.7870847 0.6147361 0.05096349 7.6420693 0.6136534 -0.78872895 0.036553442 5.5522885 0 0 0 1 0.057008266 0.0024667978 -0.9983707 5.179708 0.7869688 0.6152413 0.04645711 7.6420693 0.6143535 -0.788335 0.033132553 5.5522885 0 0 0 1 0.05342126 0.0020877123 -0.99856985 5.179708 0.78694373 0.61549747 0.04338646 7.6420693 0.6147077 -0.78813607 0.031237721 5.5522885 0 0 0 1 0.05342126 0.0020877123 -0.99856985 5.179708 0.78694373 0.61549747 0.04338646 7.6420693 0.6147077 -0.78813607 0.031237721 5.5522885 0 0 0 1</float_array>
        <technique_common>
          <accessor source="#Motion_76_FeelerB_transform_pose_array_id" count="66" stride="16">
            <param name="TRANSFORM" type="float4x4" />
          </accessor>
        </technique_common>
      </source>
      <sampler id="Motion_76_FeelerB_transform_samp_id">
        <input semantic="INPUT" source="#Motion_76_FeelerB_transform_frame_id" />
        <input semantic="INTERPOLATION" source="#Motion_76_FeelerB_transform_interp_id" />
        <input semantic="OUTPUT" source="#Motion_76_FeelerB_transform_pose_id" />
      </sampler>
      <channel source="#Motion_76_FeelerB_transform_samp_id" target="FeelerB_bone_id/transform" />
    </animation>
    <animation id="Motion_76_FeelerA_transform_id" name="Motion_76_FeelerA_transform">
      <source id="Motion_76_FeelerA_transform_frame_id" name="Motion_76_FeelerA_transform_frame">
        <float_array id="Motion_76_FeelerA_transform_frame_array_id" count="66">0 0.033333335 0.06666667 0.1 0.13333334 0.16666667 0.2 0.23333333 0.26666668 0.3 0.33333334 0.36666667 0.4 0.43333334 0.46666667 0.5 0.53333336 0.56666666 0.6 0.6333333 0.6666667 0.7 0.73333335 0.76666665 0.8 0.8333333 0.8666667 0.9 0.93333334 0.96666664 1 1.0333333 1.0666667 1.1 1.1333333 1.1666666 1.2 1.2333333 1.2666667 1.3 1.3333334 1.3666667 1.4 1.4333333 1.4666667 1.5 1.5333333 1.5666667 1.6 1.6333333 1.6666666 1.7 1.7333333 1.7666667 1.8 1.8333334 1.8666667 1.9 1.9333333 1.9666667 2 2.0333333 2.0666666 2.1 2.1333334 2.1666667</float_array>
        <technique_common>
          <accessor source="#Motion_76_FeelerA_transform_frame_array_id" count="66" stride="1">
            <param name="TIME" type="float" />
          </accessor>
        </technique_common>
      </source>
      <source id="Motion_76_FeelerA_transform_interp_id" name="Motion_76_FeelerA_transform_interp">
        <Name_array id="Motion_76_FeelerA_transform_interp_array_id" count="66">LINEAR LINEAR LINEAR LINEAR LINEAR LINEAR LINEAR LINEAR LINEAR LINEAR LINEAR LINEAR LINEAR LINEAR LINEAR LINEAR LINEAR LINEAR LINEAR LINEAR LINEAR LINEAR LINEAR LINEAR LINEAR LINEAR LINEAR LINEAR LINEAR LINEAR LINEAR LINEAR LINEAR LINEAR LINEAR LINEAR LINEAR LINEAR LINEAR LINEAR LINEAR LINEAR LINEAR LINEAR LINEAR LINEAR LINEAR LINEAR LINEAR LINEAR LINEAR LINEAR LINEAR LINEAR LINEAR LINEAR LINEAR LINEAR LINEAR LINEAR LINEAR LINEAR LINEAR LINEAR LINEAR LINEAR</Name_array>
        <technique_common>
          <accessor source="#Motion_76_FeelerA_transform_interp_array_id" count="66" stride="1">
            <param name="INTERPOLATION" type="Name" />
          </accessor>
        </technique_common>
      </source>
      <source id="Motion_76_FeelerA_transform_pose_id" name="Motion_76_FeelerA_transform_pose">
        <float_array id="Motion_76_FeelerA_transform_pose_array_id" count="1056">0.051478386 0.0026984066 -0.9986705 5.179708 0.25840926 0.9659042 0.015930094 2.9190106 0.96466297 -0.25888577 0.049025893 8.983791 0 0 0 1 0.054206133 0.0027184784 -0.9985261 5.179708 0.2600005 0.96546334 0.016742907 2.9190106 0.9640858 -0.26052484 0.05162722 8.983791 0 0 0 1 0.059293687 0.00265944 -0.99823695 5.179708 0.2628662 0.96466094 0.018183805 2.9190106 0.9630086 -0.26348096 0.056499243 8.983791 0 0 0 1 0.06721014 0.0023632497 -0.997736 5.179708 0.26692438 0.96350443 0.020262875 2.9190106 0.96137094 -0.26768196 0.06412643 8.983791 0 0 0 1 0.0763917 0.0019410849 -0.9970759 5.179708 0.27204245 0.9620171 0.022715554 2.9190106 0.9592482 -0.2729823 0.072962046 8.983791 0 0 0 1 0.08563292 0.0014660209 -0.9963257 5.179708 0.27810055 0.9602183 0.025315285 2.9190106 0.9567273 -0.27924654 0.08181858 8.983791 0 0 0 1 0.09373301 0.0010268837 -0.99559695 5.179708 0.28498298 0.9581288 0.027818695 2.9190106 0.95393866 -0.28633565 0.08951563 8.983791 0 0 0 1 0.0994876 0.0005669296 -0.9950387 5.179708 0.29241836 0.95582664 0.02978167 2.9190106 0.95110136 -0.29393047 0.09492713 8.983791 0 0 0 1 0.101697266 5.337596E-05 -0.9948153 5.179708 0.30013636 0.9534011 0.030733228 2.9190106 0.94845957 -0.30170575 0.096942246 8.983791 0 0 0 1 0.09955573 -0.0004171133 -0.9950319 5.179708 0.30802634 0.9508914 0.030420303 2.9190106 0.94615453 -0.30952457 0.09479517 8.983791 0 0 0 1 0.09383243 -0.0008725822 -0.9955875 5.179708 0.3158899 0.94835436 0.028940886 2.9190106 0.94414455 -0.31721166 0.08926207 8.983791 0 0 0 1 0.085731804 -0.0012432933 -0.9963174 5.179708 0.3233614 0.9459003 0.026644394 2.9190106 0.9423839 -0.3244549 0.08149576 8.983791 0 0 0 1 0.076456726 -0.0015102029 -0.99707174 5.179708 0.3301102 0.9436402 0.023883954 2.9190106 0.94084084 -0.33096963 0.07264614 8.983791 0 0 0 1 0.06721449 -0.0016815364 -0.99773717 5.179708 0.33582315 0.94169015 0.021036312 2.9190106 0.9395238 -0.33647716 0.06385994 8.983791 0 0 0 1 0.059216022 -0.0017882884 -0.99824345 5.179708 0.3402052 0.9401693 0.018496782 2.9190106 0.9384848 -0.34070298 0.056281507 8.983791 0 0 0 1 0.053672373 -0.0018751174 -0.9985568 5.179708 0.34297502 0.9391966 0.016671225 2.9190106 0.9378099 -0.34337485 0.051052034 8.983791 0 0 0 1 0.051504612 -0.0020012707 -0.9986708 5.179708 0.34388798 0.9388768 0.015853941 2.9190106 0.93759716 -0.34424743 0.04904473 8.983791 0 0 0 1 0.14607722 -0.010739848 -0.98921496 5.179708 0.3286059 0.9436911 0.038279608 2.9190106 0.9331022 -0.3306536 0.1413809 8.983791 0 0 0 1 0.2921371 -0.030126065 -0.95590186 5.179708 0.29568604 0.9533789 0.060319275 2.9190106 0.90951943 -0.30026832 0.28742522 8.983791 0 0 0 1 0.3734585 -0.049196124 -0.9263415 5.179708 0.2678505 0.9617784 0.056906983 2.9190106 0.8881356 -0.26937342 0.37236154 8.983791 0 0 0 1 0.40388238 -0.058120638 -0.9129628 5.179708 0.25659364 0.9651156 0.052072793 2.9190106 0.8780881 -0.25529173 0.40470654 8.983791 0 0 0 1 0.39596987 -0.058064483 -0.9164259 5.179708 0.25697765 0.965129 0.04988475 2.9190106 0.88157266 -0.25525385 0.39708328 8.983791 0 0 0 1 0.38363564 -0.05795627 -0.9216641 5.179708 0.2581898 0.96496046 0.046790704 2.9190106 0.8866576 -0.25591487 0.38515693 8.983791 0 0 0 1 0.38364744 -0.057807475 -0.9216686 5.179708 0.25826293 0.9649316 0.04698182 2.9190106 0.8866312 -0.2560573 0.38512307 8.983791 0 0 0 1 0.39522588 -0.05851031 -0.91671866 5.179708 0.25772956 0.9649469 0.04952669 2.9190106 0.881687 -0.2558397 0.39645183 8.983791 0 0 0 1 0.40373176 -0.05897387 -0.91297466 5.179708 0.25716585 0.965 0.051388323 2.9190106 0.87798995 -0.255533 0.40476722 8.983791 0 0 0 1 0.39530557 -0.05821211 -0.9167032 5.179708 0.25721598 0.9650785 0.049633995 2.9190106 0.88180125 -0.25541133 0.39647394 8.983791 0 0 0 1 0.38374752 -0.05741199 -0.92165166 5.179708 0.2576516 0.9650863 0.04716061 2.9190106 0.8867658 -0.25556278 0.38514173 8.983791 0 0 0 1 0.3837521 -0.057299018 -0.9216567 5.179708 0.2577599 0.9650492 0.04732728 2.9190106 0.8867322 -0.2557281 0.385109 8.983791 0 0 0 1 0.39530998 -0.058099918 -0.9167084 5.179708 0.2573232 0.9650412 0.049801655 2.9190106 0.8817679 -0.25557747 0.39644086 8.983791 0 0 0 1 0.40373182 -0.05897349 -0.91297466 5.179708 0.2571656 0.96500003 0.05138863 2.9190106 0.87798995 -0.25553292 0.40476716 8.983791 0 0 0 1 0.39522165 -0.05862207 -0.9167133 5.179708 0.2576223 0.9649841 0.049359523 2.9190106 0.88172024 -0.25567374 0.39648497 8.983791 0 0 0 1 0.38364303 -0.057920158 -0.9216633 5.179708 0.2581552 0.9649685 0.046815693 2.9190106 0.8866645 -0.2558927 0.38515586 8.983791 0 0 0 1 0.3836403 -0.057842575 -0.9216693 5.179708 0.25829855 0.9649232 0.046958342 2.9190106 0.8866239 -0.25608099 0.38512403 8.983791 0 0 0 1 0.39522654 -0.058506697 -0.9167186 5.179708 0.25772643 0.96494764 0.049529284 2.9190106 0.88168764 -0.2558379 0.3964516 8.983791 0 0 0 1 0.4037329 -0.05896812 -0.91297454 5.179708 0.25716028 0.9650013 0.051392183 2.9190106 0.877991 -0.25552952 0.40476704 8.983791 0 0 0 1 0.39530557 -0.05821211 -0.9167032 5.179708 0.25721598 0.9650785 0.049633995 2.9190106 0.88180125 -0.25541133 0.39647394 8.983791 0 0 0 1 0.38374096 -0.057584062 -0.9216436 5.179708 0.25748694 0.9651426 0.046906896 2.9190106 0.8868164 -0.2553113 0.38519186 8.983791 0 0 0 1 0.38373333 -0.057773724 -0.9216349 5.179708 0.2573058 0.9652045 0.046627335 2.9190106 0.8868723 -0.25503445 0.38524663 8.983791 0 0 0 1 0.39670146 -0.058892235 -0.91605663 5.179708 0.25676608 0.9652235 0.049140327 2.9190106 0.88130546 -0.25470626 0.39802712 8.983791 0 0 0 1 0.4037239 -0.059164584 -0.9129658 5.179708 0.25698963 0.9650621 0.051103055 2.9190106 0.8780452 -0.25525427 0.4048233 8.983791 0 0 0 1 0.38433027 -0.056975707 -0.9214358 5.179708 0.25957942 0.9644965 0.048632093 2.9190106 0.88595074 -0.2578766 0.38547492 8.983791 0 0 0 1 0.3341049 -0.05212544 -0.94109344 5.179708 0.26499867 0.9633886 0.0407189 2.9190106 0.9045162 -0.26299286 0.33568603 8.983791 0 0 0 1 0.2623852 -0.04569479 -0.96388084 5.179708 0.2728265 0.9616357 0.028679818 2.9190106 0.92559165 -0.27049735 0.2647857 8.983791 0 0 0 1 0.18453044 -0.038137756 -0.98208654 5.179708 0.28154454 0.9594206 0.015643626 2.9190106 0.9416375 -0.27938783 0.18777978 8.983791 0 0 0 1 0.11241448 -0.029476598 -0.993224 5.179708 0.2901219 0.9569794 0.004435435 2.9190106 0.95036423 -0.28865469 0.11613011 8.983791 0 0 0 1 0.06295973 -0.020820871 -0.99779886 5.179708 0.2983575 0.9544536 -0.0010904521 2.9190106 0.95237535 -0.2976321 0.06630421 8.983791 0 0 0 1 0.038237274 -0.01266472 -0.9991885 5.179708 0.30527616 0.9522638 -0.0003875345 2.9190106 0.95149595 -0.3050136 0.040278196 8.983791 0 0 0 1 0.032844722 -0.006068513 -0.9994419 5.179708 0.30997682 0.9507339 0.004413992 2.9190106 0.95017654 -0.30994883 0.033107698 8.983791 0 0 0 1 0.039630175 -0.0018261075 -0.9992128 5.179708 0.31142035 0.95021296 0.010614827 2.9190106 0.94944555 -0.31159586 0.03822577 8.983791 0 0 0 1 0.051466584 -0.00012424588 -0.9986748 5.179708 0.30898795 0.95093465 0.015805393 2.9190106 0.9496725 -0.3093919 0.04897976 8.983791 0 0 0 1 0.06422937 0.00027406216 -0.9979351 5.179708 0.3039764 0.9524732 0.019826174 2.9190106 0.9505119 -0.30462214 0.06109345 8.983791 0 0 0 1 0.077350855 0.00046758354 -0.9970039 5.179708 0.29825914 0.9541934 0.023587465 2.9190106 0.95134556 -0.29919004 0.07366818 8.983791 0 0 0 1 0.08910847 0.0008480847 -0.99602157 5.179708 0.29290518 0.95575964 0.027018368 2.9190106 0.9519802 -0.29414746 0.08491784 8.983791 0 0 0 1 0.09777421 0.0010272264 -0.9952081 5.179708 0.28790748 0.9572107 0.029273465 2.9190106 0.95265394 -0.28939003 0.09329474 8.983791 0 0 0 1 0.10172957 0.0013221204 -0.99481136 5.179708 0.283239 0.95857257 0.030238062 2.9190106 0.95363885 -0.28484544 0.09714067 8.983791 0 0 0 1 0.10105312 0.0017745495 -0.9948795 5.179708 0.27891836 0.95984477 0.030042708 2.9190106 0.95498323 -0.28052604 0.09650034 8.983791 0 0 0 1 0.09743154 0.0022040904 -0.9952398 5.179708 0.2749812 0.9610107 0.029048264 2.9190106 0.9565001 -0.27650246 0.09302664 8.983791 0 0 0 1 0.091650784 0.0025743842 -0.995788 5.179708 0.27143705 0.9620641 0.027469873 2.9190106 0.95808256 -0.27281135 0.08747518 8.983791 0 0 0 1 0.08449781 0.0028586239 -0.99641955 5.179708 0.26829302 0.9629994 0.025514357 2.9190106 0.9596244 -0.2694883 0.080604374 8.983791 0 0 0 1 0.076761246 0.0030372888 -0.9970449 5.179708 0.26555765 0.9638114 0.023381017 2.9190106 0.9610343 -0.26656765 0.0731768 8.983791 0 0 0 1 0.06923264 0.0030966997 -0.9975958 5.179708 0.26324275 0.9644953 0.02126287 2.9190106 0.96224225 -0.26408195 0.065959394 8.983791 0 0 0 1 0.06269461 0.003028378 -0.9980282 5.179708 0.26136398 0.9650464 0.019346796 2.9190106 0.9632022 -0.26206154 0.059711695 8.983791 0 0 0 1 0.05747962 0.0028856099 -0.9983426 5.179708 0.25992957 0.9654643 0.017756052 2.9190106 0.9639154 -0.26051936 0.054744482 8.983791 0 0 0 1 0.05370283 0.0027492195 -0.9985532 5.179708 0.25894338 0.9657501 0.016585074 2.9190106 0.96439844 -0.2594594 0.051151633 8.983791 0 0 0 1 0.05370283 0.0027492195 -0.9985532 5.179708 0.25894338 0.9657501 0.016585074 2.9190106 0.96439844 -0.2594594 0.051151633 8.983791 0 0 0 1</float_array>
        <technique_common>
          <accessor source="#Motion_76_FeelerA_transform_pose_array_id" count="66" stride="16">
            <param name="TRANSFORM" type="float4x4" />
          </accessor>
        </technique_common>
      </source>
      <sampler id="Motion_76_FeelerA_transform_samp_id">
        <input semantic="INPUT" source="#Motion_76_FeelerA_transform_frame_id" />
        <input semantic="INTERPOLATION" source="#Motion_76_FeelerA_transform_interp_id" />
        <input semantic="OUTPUT" source="#Motion_76_FeelerA_transform_pose_id" />
      </sampler>
      <channel source="#Motion_76_FeelerA_transform_samp_id" target="FeelerA_bone_id/transform" />
    </animation>
    <animation id="Motion_76_TailA1_transform_id" name="Motion_76_TailA1_transform">
      <source id="Motion_76_TailA1_transform_frame_id" name="Motion_76_TailA1_transform_frame">
        <float_array id="Motion_76_TailA1_transform_frame_array_id" count="66">0 0.033333335 0.06666667 0.1 0.13333334 0.16666667 0.2 0.23333333 0.26666668 0.3 0.33333334 0.36666667 0.4 0.43333334 0.46666667 0.5 0.53333336 0.56666666 0.6 0.6333333 0.6666667 0.7 0.73333335 0.76666665 0.8 0.8333333 0.8666667 0.9 0.93333334 0.96666664 1 1.0333333 1.0666667 1.1 1.1333333 1.1666666 1.2 1.2333333 1.2666667 1.3 1.3333334 1.3666667 1.4 1.4333333 1.4666667 1.5 1.5333333 1.5666667 1.6 1.6333333 1.6666666 1.7 1.7333333 1.7666667 1.8 1.8333334 1.8666667 1.9 1.9333333 1.9666667 2 2.0333333 2.0666666 2.1 2.1333334 2.1666667</float_array>
        <technique_common>
          <accessor source="#Motion_76_TailA1_transform_frame_array_id" count="66" stride="1">
            <param name="TIME" type="float" />
          </accessor>
        </technique_common>
      </source>
      <source id="Motion_76_TailA1_transform_interp_id" name="Motion_76_TailA1_transform_interp">
        <Name_array id="Motion_76_TailA1_transform_interp_array_id" count="66">LINEAR LINEAR LINEAR LINEAR LINEAR LINEAR LINEAR LINEAR LINEAR LINEAR LINEAR LINEAR LINEAR LINEAR LINEAR LINEAR LINEAR LINEAR LINEAR LINEAR LINEAR LINEAR LINEAR LINEAR LINEAR LINEAR LINEAR LINEAR LINEAR LINEAR LINEAR LINEAR LINEAR LINEAR LINEAR LINEAR LINEAR LINEAR LINEAR LINEAR LINEAR LINEAR LINEAR LINEAR LINEAR LINEAR LINEAR LINEAR LINEAR LINEAR LINEAR LINEAR LINEAR LINEAR LINEAR LINEAR LINEAR LINEAR LINEAR LINEAR LINEAR LINEAR LINEAR LINEAR LINEAR LINEAR</Name_array>
        <technique_common>
          <accessor source="#Motion_76_TailA1_transform_interp_array_id" count="66" stride="1">
            <param name="INTERPOLATION" type="Name" />
          </accessor>
        </technique_common>
      </source>
      <source id="Motion_76_TailA1_transform_pose_id" name="Motion_76_TailA1_transform_pose">
        <float_array id="Motion_76_TailA1_transform_pose_array_id" count="1056">5.9604645E-07 -2.9895455E-07 -0.99999976 5.2914453 -0.016474798 -0.99986386 2.9150397E-07 -1.01E-09 -0.9998641 0.016474798 -2.3841858E-07 -9.920215 0 0 0 1 0.002297461 9.548804E-05 -0.9999974 5.2914453 -0.014829898 -0.9998901 -0.00012954976 -1.01E-09 -0.99988747 0.014830156 -0.0022958517 -9.920215 0 0 0 1 0.0065618753 0.00017947285 -0.9999785 5.2914453 -0.012637606 -0.9999201 -0.00026239082 -1.01E-09 -0.9998986 0.012639055 -0.0065590143 -9.920215 0 0 0 1 0.013166726 9.225914E-05 -0.9999134 5.2914453 -0.0098797865 -0.99995136 -0.00022235932 -1.01E-09 -0.99986464 0.009881858 -0.013165355 -9.920215 0 0 0 1 0.020835817 -6.440678E-05 -0.999783 5.2914453 -0.0067897383 -0.9999771 -7.708161E-05 -1.01E-09 -0.99976 0.0067898706 -0.020835996 -9.920215 0 0 0 1 0.028562844 -0.00021551782 -0.9995919 5.2914453 -0.0035840746 -0.99999344 0.00011319143 -1.01E-09 -0.99958545 0.003579379 -0.028563261 -9.920215 0 0 0 1 0.035337806 -0.00031448796 -0.9993753 5.2914453 -0.00046032137 -0.99999976 0.00029840757 -1.01E-09 -0.9993753 0.0004494888 -0.035337806 -9.920215 0 0 0 1 0.04014653 -0.00033719896 -0.99919385 5.2914453 0.00239754 -0.99999714 0.00043380074 -1.01E-09 -0.999191 -0.0024130228 -0.040145755 -9.920215 0 0 0 1 0.041972637 -0.00027272827 -0.99911875 5.2914453 0.0048117973 -0.9999883 0.0004751077 -1.01E-09 -0.9991072 -0.0048274985 -0.04197085 -9.920215 0 0 0 1 0.04014665 -0.00012255996 -0.9991937 5.2914453 0.006614835 -0.9999778 0.00038843346 -1.01E-09 -0.9991718 -0.0066250963 -0.0401448 -9.920215 0 0 0 1 0.035344422 -2.8634211E-05 -0.9993752 5.2914453 0.007787605 -0.9999697 0.00030407193 -1.01E-09 -0.9993448 -0.007793486 -0.03534317 -9.920215 0 0 0 1 0.02856934 -3.564218E-05 -0.9995918 5.2914453 0.008518152 -0.99996376 0.00027911318 -1.01E-09 -0.9995556 -0.008522648 -0.02856803 -9.920215 0 0 0 1 0.020824313 -4.1048042E-05 -0.99978334 5.2914453 0.009148318 -0.9999585 0.00023160595 -1.01E-09 -0.9997415 -0.009151158 -0.020823479 -9.920215 0 0 0 1 0.013113439 -3.13404E-05 -0.99991417 5.2914453 0.009961827 -0.99995065 0.00016198866 -1.01E-09 -0.9998646 -0.009963094 -0.013112783 -9.920215 0 0 0 1 0.006439984 -1.1184253E-05 -0.99997926 5.2914453 0.011258501 -0.9999366 8.368911E-05 -1.01E-09 -0.99991584 -0.011258807 -0.0064394474 -9.920215 0 0 0 1 0.0018060803 1.043547E-06 -0.9999983 5.2914453 0.013352757 -0.9999107 2.3072585E-05 -1.01E-09 -0.9999091 -0.013352778 -0.0018057823 -9.920215 0 0 0 1 1.6093254E-06 -1.5441328E-06 -0.99999994 5.2914453 0.016477084 -0.9998641 1.5692785E-06 -1.01E-09 -0.99986416 -0.016477082 -1.4305115E-06 -9.920215 0 0 0 1 0.05222392 0.0010908647 -0.99863493 5.2914453 0.030389972 -0.9995382 0.0004974054 -1.01E-09 -0.998173 -0.03037446 -0.05223322 -9.920215 0 0 0 1 0.13705403 0.0021820124 -0.9905612 5.2914453 0.04230223 -0.9990983 0.0036521181 -1.01E-09 -0.98965997 -0.042403482 -0.13702273 -9.920215 0 0 0 1 0.19020742 -0.0002605971 -0.98174405 5.2914453 0.02303872 -0.9997238 0.004728999 -1.01E-09 -0.9814737 -0.023517614 -0.19014919 -9.920215 0 0 0 1 0.2106371 -0.0028645897 -0.9775601 5.2914453 0.0027261076 -0.9999901 0.003517718 -1.01E-09 -0.97756046 -0.003405896 -0.2106272 -9.920215 0 0 0 1 0.20505387 -0.0027541607 -0.97874683 5.2914453 9.5041934E-05 -0.99999595 0.002833867 -1.01E-09 -0.97875065 -0.00067411736 -0.20505273 -9.920215 0 0 0 1 0.19655532 -0.0026769736 -0.98048913 5.2914453 -0.0021823407 -0.9999951 0.0022927432 -1.01E-09 -0.9804903 0.0016891102 -0.19656026 -9.920215 0 0 0 1 0.19655436 -0.0026374562 -0.9804894 5.2914453 -0.004123911 -0.99998975 0.0018632088 -1.01E-09 -0.98048425 0.0036772287 -0.19656324 -9.920215 0 0 0 1 0.20456141 -0.0025922027 -0.97885025 5.2914453 -0.0058204825 -0.9999819 0.0014317923 -1.01E-09 -0.9788364 0.005404492 -0.20457268 -9.920215 0 0 0 1 0.21044552 -0.0025134764 -0.9776025 5.2914453 -0.007300879 -0.99997306 0.0009993529 -1.01E-09 -0.9775784 0.006927047 -0.2104584 -9.920215 0 0 0 1 0.20455813 -0.0024295852 -0.97885144 5.2914453 -0.008516727 -0.9999635 0.0007021809 -1.01E-09 -0.97881734 0.008192973 -0.20457149 -9.920215 0 0 0 1 0.19655561 -0.0023055987 -0.9804898 5.2914453 -0.009563241 -0.99995387 0.00043425756 -1.01E-09 -0.9804459 0.009291306 -0.19656837 -9.920215 0 0 0 1 0.19655657 -0.0022014948 -0.98049 5.2914453 -0.010461575 -0.9999454 0.00014796993 -1.01E-09 -0.98043674 0.010228386 -0.19656897 -9.920215 0 0 0 1 0.2045623 -0.0021216855 -0.9788513 5.2914453 -0.011243517 -0.99993694 -0.000182305 -1.01E-09 -0.9787891 0.011043023 -0.2045734 -9.920215 0 0 0 1 0.21044838 -0.0020218748 -0.97760296 5.2914453 -0.011928361 -0.99992883 -0.00049976725 -1.01E-09 -0.97753227 0.011766376 -0.21045756 -9.920215 0 0 0 1 0.20456165 -0.0019084793 -0.9788518 5.2914453 -0.012478786 -0.9999219 -0.00065827277 -1.01E-09 -0.9787741 0.012349539 -0.20456946 -9.920215 0 0 0 1 0.19655788 -0.0017649904 -0.98049074 5.2914453 -0.012991551 -0.99991536 -0.0008044457 -1.01E-09 -0.9804062 0.012896215 -0.19656432 -9.920215 0 0 0 1 0.19655794 -0.0016675661 -0.9804909 5.2914453 -0.013481915 -0.9999088 -0.0010021161 -1.01E-09 -0.9803996 0.013415867 -0.19656265 -9.920215 0 0 0 1 0.2045623 -0.0016116067 -0.9788522 5.2914453 -0.013986386 -0.9999013 -0.0012766374 -1.01E-09 -0.9787536 0.013951758 -0.20456469 -9.920215 0 0 0 1 0.2104479 -0.0015473864 -0.9776039 5.2914453 -0.01451949 -0.99989367 -0.0015429333 -1.01E-09 -0.97749734 0.014519017 -0.21044827 -9.920215 0 0 0 1 0.20456094 -0.0014714166 -0.97885275 5.2914453 -0.015046563 -0.99988556 -0.0016414025 -1.01E-09 -0.9787382 0.015064137 -0.20455968 -9.920215 0 0 0 1 0.19655645 -0.001373509 -0.9804915 5.2914453 -0.015665606 -0.99987566 -0.0017397781 -1.01E-09 -0.9803673 0.015701959 -0.19655347 -9.920215 0 0 0 1 0.19655639 -0.0013397061 -0.9804916 5.2914453 -0.016390909 -0.9998636 -0.0019196626 -1.01E-09 -0.98035544 0.01644847 -0.19655144 -9.920215 0 0 0 1 0.2054165 -0.0013791379 -0.9786736 5.2914453 -0.017254675 -0.99984837 -0.0022126515 -1.01E-09 -0.9785224 0.017341211 -0.20540893 -9.920215 0 0 0 1 0.21044326 -0.0014016889 -0.97760516 5.2914453 -0.01828227 -0.99983 -0.0025019627 -1.01E-09 -0.9774352 0.018399362 -0.21043324 -9.920215 0 0 0 1 0.19814509 -0.0013380973 -0.9801718 5.2914453 -0.01945119 -0.9998075 -0.0025672205 -1.01E-09 -0.97997963 0.01957419 -0.19813299 -9.920215 0 0 0 1 0.16717821 -0.001202629 -0.985926 5.2914453 -0.02073092 -0.99978256 -0.0022957018 -1.01E-09 -0.9857088 0.020822946 -0.16716683 -9.920215 0 0 0 1 0.12448144 -0.00085934345 -0.9922215 5.2914453 -0.022303306 -0.9997492 -0.0019322475 -1.01E-09 -0.99197114 0.02237035 -0.12446928 -9.920215 0 0 0 1 0.08004993 -0.0007983288 -0.9967905 5.2914453 -0.02358083 -0.9997213 -0.001093044 -1.01E-09 -0.99651194 0.023592647 -0.080046415 -9.920215 0 0 0 1 0.042125642 -0.00044216122 -0.99911225 5.2914453 -0.024986763 -0.99968755 -0.00061110314 -1.01E-09 -0.9987998 0.024990324 -0.042123437 -9.920215 0 0 0 1 0.016673446 -0.00019352045 -0.9998612 5.2914453 -0.026144762 -0.9996586 -0.00024250802 -1.01E-09 -0.9995193 0.026145171 -0.016673207 -9.920215 0 0 0 1 0.0021856427 -0.00020114891 -0.9999977 5.2914453 -0.026844857 -0.99963975 0.00014240295 -1.01E-09 -0.9996373 0.026844481 -0.0021903515 -9.920215 0 0 0 1 -0.003827691 -0.00033329707 -0.9999926 5.2914453 -0.0271287 -0.9996319 0.0004370166 -1.01E-09 -0.9996246 0.027130172 0.0038172603 -9.920215 0 0 0 1 -0.0038511753 -0.00026179198 -0.99999243 5.2914453 -0.027218286 -0.99962926 0.0003665248 -1.01E-09 -0.9996219 0.027219497 0.0038428903 -9.920215 0 0 0 1 1.8775463E-05 -1.911167E-05 -1.0000001 5.2914453 -0.026974592 -0.9996363 1.8595718E-05 -1.01E-09 -0.99963623 0.026974592 -1.9431114E-05 -9.920215 0 0 0 1 0.007499337 0.00022620708 -0.9999716 5.2914453 -0.026499417 -0.9996482 -0.00042486005 -1.01E-09 -0.99962044 0.026501857 -0.007490158 -9.920215 0 0 0 1 0.018161297 0.00012285914 -0.999835 5.2914453 -0.02576109 -0.9996679 -0.00059076864 -1.01E-09 -0.99950314 0.025767572 -0.018151999 -9.920215 0 0 0 1 0.029409885 -0.00031450205 -0.9995674 5.2914453 -0.024732249 -0.9996941 -0.00041314494 -1.01E-09 -0.9992614 0.0247337 -0.029408693 -9.920215 0 0 0 1 0.03810948 -0.0005320003 -0.9992736 5.2914453 -0.023916654 -0.99971426 -0.00037988368 -1.01E-09 -0.9989875 0.023913752 -0.038111687 -9.920215 0 0 0 1 0.041979074 -0.00031733233 -0.9991185 5.2914453 -0.023494944 -0.9997239 -0.0006696461 -1.01E-09 -0.9988423 0.023502342 -0.04197514 -9.920215 0 0 0 1 0.041356146 -0.00029243808 -0.99914443 5.2914453 -0.022854127 -0.9997387 -0.00065335445 -1.01E-09 -0.998883 0.022861592 -0.041352034 -9.920215 0 0 0 1 0.037886202 -0.00022431277 -0.9992821 5.2914453 -0.02223924 -0.99975264 -0.00061874837 -1.01E-09 -0.99903464 0.022246715 -0.03788197 -9.920215 0 0 0 1 0.03296286 -0.0001518419 -0.99945664 5.2914453 -0.021621693 -0.99976623 -0.0005612122 -1.01E-09 -0.99922276 0.021628443 -0.032958627 -9.920215 0 0 0 1 0.027310908 -0.00010069832 -0.99962705 5.2914453 -0.020977572 -0.99977994 -0.00047241617 -1.01E-09 -0.9994069 0.02098265 -0.027307034 -9.920215 0 0 0 1 0.02108401 -6.1625615E-05 -0.99977756 5.2914453 -0.020311123 -0.9997933 -0.00036670547 -1.01E-09 -0.9995712 0.02031434 -0.021080613 -9.920215 0 0 0 1 0.014818728 -3.0253083E-05 -0.99989027 5.2914453 -0.019625373 -0.9998075 -0.00026060455 -1.01E-09 -0.9996976 0.019627081 -0.014816523 -9.920215 0 0 0 1 0.009053528 -7.1851537E-06 -0.9999591 5.2914453 -0.0189179 -0.9998212 -0.00016409904 -1.01E-09 -0.9997802 0.018918611 -0.009052157 -9.920215 0 0 0 1 0.00432688 9.496696E-06 -0.9999905 5.2914453 -0.018168185 -0.99983466 -8.810498E-05 -1.01E-09 -0.9998254 0.018168397 -0.0043257475 -9.920215 0 0 0 1 0.0011764765 1.5089288E-05 -0.9999993 5.2914453 -0.017355405 -0.99984944 -3.5505742E-05 -1.01E-09 -0.9998487 0.017355435 -0.0011761189 -9.920215 0 0 0 1 0.0011764765 1.5089288E-05 -0.9999993 5.2914453 -0.017355405 -0.99984944 -3.5505742E-05 -1.01E-09 -0.9998487 0.017355435 -0.0011761189 -9.920215 0 0 0 1</float_array>
        <technique_common>
          <accessor source="#Motion_76_TailA1_transform_pose_array_id" count="66" stride="16">
            <param name="TRANSFORM" type="float4x4" />
          </accessor>
        </technique_common>
      </source>
      <sampler id="Motion_76_TailA1_transform_samp_id">
        <input semantic="INPUT" source="#Motion_76_TailA1_transform_frame_id" />
        <input semantic="INTERPOLATION" source="#Motion_76_TailA1_transform_interp_id" />
        <input semantic="OUTPUT" source="#Motion_76_TailA1_transform_pose_id" />
      </sampler>
      <channel source="#Motion_76_TailA1_transform_samp_id" target="TailA1_bone_id/transform" />
    </animation>
    <animation id="Motion_76_TailA2_transform_id" name="Motion_76_TailA2_transform">
      <source id="Motion_76_TailA2_transform_frame_id" name="Motion_76_TailA2_transform_frame">
        <float_array id="Motion_76_TailA2_transform_frame_array_id" count="66">0 0.033333335 0.06666667 0.1 0.13333334 0.16666667 0.2 0.23333333 0.26666668 0.3 0.33333334 0.36666667 0.4 0.43333334 0.46666667 0.5 0.53333336 0.56666666 0.6 0.6333333 0.6666667 0.7 0.73333335 0.76666665 0.8 0.8333333 0.8666667 0.9 0.93333334 0.96666664 1 1.0333333 1.0666667 1.1 1.1333333 1.1666666 1.2 1.2333333 1.2666667 1.3 1.3333334 1.3666667 1.4 1.4333333 1.4666667 1.5 1.5333333 1.5666667 1.6 1.6333333 1.6666666 1.7 1.7333333 1.7666667 1.8 1.8333334 1.8666667 1.9 1.9333333 1.9666667 2 2.0333333 2.0666666 2.1 2.1333334 2.1666667</float_array>
        <technique_common>
          <accessor source="#Motion_76_TailA2_transform_frame_array_id" count="66" stride="1">
            <param name="TIME" type="float" />
          </accessor>
        </technique_common>
      </source>
      <source id="Motion_76_TailA2_transform_interp_id" name="Motion_76_TailA2_transform_interp">
        <Name_array id="Motion_76_TailA2_transform_interp_array_id" count="66">LINEAR LINEAR LINEAR LINEAR LINEAR LINEAR LINEAR LINEAR LINEAR LINEAR LINEAR LINEAR LINEAR LINEAR LINEAR LINEAR LINEAR LINEAR LINEAR LINEAR LINEAR LINEAR LINEAR LINEAR LINEAR LINEAR LINEAR LINEAR LINEAR LINEAR LINEAR LINEAR LINEAR LINEAR LINEAR LINEAR LINEAR LINEAR LINEAR LINEAR LINEAR LINEAR LINEAR LINEAR LINEAR LINEAR LINEAR LINEAR LINEAR LINEAR LINEAR LINEAR LINEAR LINEAR LINEAR LINEAR LINEAR LINEAR LINEAR LINEAR LINEAR LINEAR LINEAR LINEAR LINEAR LINEAR</Name_array>
        <technique_common>
          <accessor source="#Motion_76_TailA2_transform_interp_array_id" count="66" stride="1">
            <param name="INTERPOLATION" type="Name" />
          </accessor>
        </technique_common>
      </source>
      <source id="Motion_76_TailA2_transform_pose_id" name="Motion_76_TailA2_transform_pose">
        <float_array id="Motion_76_TailA2_transform_pose_array_id" count="1056">0.99985206 -0.017198829 -1.6981442E-06 6.654662 0.017198829 0.99985206 -7.32789E-08 0 1.6991532E-06 4.4061967E-08 1 0 0 0 0 1 0.99987674 -0.015538897 -0.0022483468 6.654662 0.015538881 0.99987924 -2.5302554E-05 0 0.0022484683 -9.637354E-06 0.9999975 0 0 0 0 1 0.99989706 -0.013044922 -0.005972096 6.654662 0.013044877 0.9999149 -4.6337766E-05 0 0.005972192 -3.1572265E-05 0.9999822 0 0 0 0 1 0.9998864 -0.0099492585 -0.011320994 6.654662 0.009949253 0.9999505 -5.6817138E-05 0 0.011321 -5.582475E-05 0.9999359 0 0 0 0 1 0.99982125 -0.006484393 -0.017759966 6.654662 0.0064845895 0.99997896 -4.6547724E-05 0 0.017759895 -6.862669E-05 0.9998423 0 0 0 0 1 0.9997039 -0.0028829873 -0.024162965 6.654662 0.002883602 0.9999958 -9.403322E-06 0 0.02416289 -6.027583E-05 0.99970806 0 0 0 0 1 0.99955595 0.0006222777 -0.029791672 6.654662 -0.0006210587 0.9999998 5.0168615E-05 0 0.029791698 -3.1643962E-05 0.9995561 0 0 0 0 1 0.9994177 0.0037988569 -0.033908356 6.654662 -0.003796969 0.9999928 0.00012007222 0 0.033908565 8.7466615E-06 0.99942493 0 0 0 0 1 0.9993393 0.006414395 -0.035775755 6.654662 -0.006411964 0.99997944 0.000182677 0 0.035776187 4.683657E-05 0.99935985 0 0 0 0 1 0.9993653 0.008236663 -0.034656577 6.654662 -0.0082340315 0.9999661 0.00021864484 0 0.034657203 6.6857276E-05 0.99939924 0 0 0 0 1 0.9994886 0.009263192 -0.03060612 6.654662 -0.00926081 0.9999571 0.00021957187 0 0.03060684 6.397791E-05 0.9995315 0 0 0 0 1 0.9996446 0.009855653 -0.024770427 6.654662 -0.0098538725 0.9999514 0.00019391734 0 0.024771135 5.02362E-05 0.99969316 0 0 0 0 1 0.99978375 0.010328049 -0.018048218 6.654662 -0.010327034 0.99994665 0.0001494435 0 0.018048799 3.697337E-05 0.9998371 0 0 0 0 1 0.99987525 0.010994502 -0.01133888 6.654662 -0.010994171 0.99993956 9.152825E-05 0 0.011339201 3.314476E-05 0.9999357 0 0 0 0 1 0.9999106 0.012169205 -0.005542263 6.654662 -0.012169266 0.999926 2.264736E-05 0 0.005542128 4.4799937E-05 0.9999846 0 0 0 0 1 0.99989843 0.014166314 -0.0015583038 6.654662 -0.014166417 0.9998996 -5.5319735E-05 0 0.0015573639 7.73897E-05 0.9999988 0 0 0 0 1 0.99985206 0.017200397 -2.8892498E-06 6.654662 -0.017200397 0.99985206 -0.00013841396 0 5.0804715E-07 0.00013844318 1 0 0 0 0 1 0.99917954 0.031138228 -0.025896858 6.654662 -0.031139744 0.999515 0.00034477373 0 0.025895033 0.00046193073 0.99966455 0 0 0 0 1 0.9967264 0.043229572 -0.06832062 6.654662 -0.04321196 0.99906445 0.001736367 0 0.06833176 0.0012215847 0.9976619 0 0 0 0 1 0.994954 0.024180295 -0.0973748 6.654662 -0.024113799 0.99970746 0.0018598448 0 0.09739129 0.0004976165 0.99524605 0 0 0 0 1 0.9938022 0.0038028988 -0.11109803 6.654662 -0.003682 0.9999924 0.0012933642 0 0.1111021 -0.0008762852 0.9938086 0 0 0 0 1 0.99407005 0.0012924346 -0.10873375 6.654662 -0.0011461509 0.99999833 0.0014078266 0 0.10873539 -0.001274853 0.99406993 0 0 0 0 1 0.99439806 -0.0009355374 -0.10569568 6.654662 0.0010757077 0.9999986 0.0012691683 0 0.10569435 -0.0013757561 0.9943977 0 0 0 0 1 0.9944597 -0.0028884863 -0.1050791 6.654662 0.0030075433 0.999995 0.00097458466 0 0.10507576 -0.0012852151 0.9944634 0 0 0 0 1 0.9940802 -0.0045801704 -0.10855228 6.654662 0.0046836543 0.9999888 0.00069836376 0 0.10854787 -0.001202651 0.9940905 0 0 0 0 1 0.9937899 -0.0060388753 -0.111108795 6.654662 0.006126264 0.99998116 0.00044512886 0 0.11110401 -0.0011230464 0.99380815 0 0 0 0 1 0.99399966 -0.007291521 -0.10913996 6.654662 0.007360517 0.9999729 0.00022932299 0 0.10913532 -0.0010312735 0.99402636 0 0 0 0 1 0.9943491 -0.008360741 -0.105829954 6.654662 0.008412595 0.9999646 4.356596E-05 0 0.10582584 -0.0009336242 0.9943842 0 0 0 0 1 0.99442065 -0.009269252 -0.10507945 6.654662 0.009307029 0.99995667 -0.00013085193 0 0.10507611 -0.0008478555 0.9944638 0 0 0 0 1 0.99404025 -0.0100413775 -0.10855049 6.654662 0.010067468 0.9999493 -0.0003076999 0 0.108548075 -0.00078696245 0.9940909 0 0 0 0 1 0.99375093 -0.010704653 -0.11110567 6.654662 0.010719325 0.9999424 -0.00046529667 0 0.11110426 -0.0007285889 0.9938085 0 0 0 0 1 0.99396276 -0.011285433 -0.109136134 6.654662 0.011289169 0.9999361 -0.0005836622 0 0.10913575 -0.00065191777 0.99402666 0 0 0 0 1 0.99431455 -0.01180688 -0.105826184 6.654662 0.011801216 0.99993014 -0.00067974575 0 0.10582681 -0.0005729964 0.9943844 0 0 0 0 1 0.9943882 -0.012292313 -0.10507582 6.654662 0.012278481 0.9999243 -0.00077853265 0 0.105077446 -0.00051600795 0.9944639 0 0 0 0 1 0.9940094 -0.012766188 -0.108546875 6.654662 0.012744423 0.9999184 -0.00089427433 0 0.10854944 -0.00049445033 0.9940909 0 0 0 0 1 0.9937206 -0.013255262 -0.111102104 6.654662 0.013226311 0.999912 -0.0009976208 0 0.11110556 -0.00047811482 0.9938085 0 0 0 0 1 0.99393165 -0.013785629 -0.10913221 6.654662 0.013751557 0.9999049 -0.0010648465 0 0.1091365 -0.00044235316 0.99402666 0 0 0 0 1 0.9942812 -0.014380924 -0.1058215 6.654662 0.014343271 0.9998965 -0.0011168921 0 0.10582661 -0.0004073218 0.9943845 0 0 0 0 1 0.9943507 -0.015064729 -0.10507067 6.654662 0.0150235575 0.99988645 -0.0011833373 0 0.105076574 -0.0004018831 0.99446404 0 0 0 0 1 0.9938994 -0.015861057 -0.10914405 6.654662 0.015815135 0.9998741 -0.0012864268 0 0.10915071 -0.00044754898 0.9940251 0 0 0 0 1 0.99366766 -0.01679707 -0.111096464 6.654662 0.01674787 0.9998588 -0.0013761001 0 0.111103885 -0.00049324293 0.9938087 0 0 0 0 1 0.9944261 -0.017900689 -0.1039055 6.654662 0.017853046 0.99983966 -0.0013886152 0 0.103913695 -0.00047415422 0.9945862 0 0 0 0 1 0.9960801 -0.019196954 -0.08634776 6.654662 0.019156527 0.99981564 -0.0012968552 0 0.086356744 -0.00036235165 0.9962642 0 0 0 0 1 0.9977812 -0.020707525 -0.06327596 6.654662 0.020677637 0.99978554 -0.0011272177 0 0.06328574 -0.00018368065 0.99799544 0 0 0 0 1 0.9988817 -0.022261152 -0.04171081 6.654662 0.02224149 0.99975216 -0.00093545945 0 0.0417213 6.7026704E-06 0.9991293 0 0 0 0 1 0.99936247 -0.023655508 -0.02674079 6.654662 0.02364305 0.99972016 -0.0007819593 0 0.026751805 0.00014922683 0.9996421 0 0 0 0 1 0.9995453 -0.024865963 -0.017055541 6.654662 0.024858184 0.9996908 -0.0006679024 0 0.017066874 0.00024362892 0.9998543 0 0 0 0 1 0.99961436 -0.025867043 -0.010101395 6.654662 0.025862573 0.9996653 -0.0005727739 0 0.0101128295 0.00031130493 0.9999488 0 0 0 0 1 0.999636 -0.02663274 -0.0043043774 6.654662 0.026630906 0.99964523 -0.00048223874 0 0.004315694 0.00036743373 0.99999064 0 0 0 0 1 0.9996316 -0.027137287 -0.0005554209 6.654662 0.02713706 0.99963164 -0.00041218335 0 0.00056640187 0.00039695902 0.99999976 0 0 0 0 1 0.9996258 -0.027354972 5.169898E-06 6.654662 0.027354972 0.9996257 -0.00038165983 0 5.272331E-06 0.00038165844 0.99999994 0 0 0 0 1 0.9996213 -0.027259804 -0.00376281 6.654662 0.02725846 0.99962837 -0.00040787313 0 0.0037725302 0.0003051503 0.99999285 0 0 0 0 1 0.99956065 -0.02682512 -0.012604671 6.654662 0.026820963 0.9996401 -0.0004986784 0 0.012613513 0.00016038996 0.9999204 0 0 0 0 1 0.9993783 -0.026179926 -0.023613675 6.654662 0.026172811 0.9996573 -0.0006103404 0 0.023621561 -8.0753525E-06 0.999721 0 0 0 0 1 0.9991484 -0.02547895 -0.032453183 6.654662 0.025470128 0.99967533 -0.00068531366 0 0.032460105 -0.0001418565 0.99947304 0 0 0 0 1 0.9990377 -0.02473396 -0.03622091 6.654662 0.024725199 0.99969405 -0.000689865 0 0.03622689 -0.00020636803 0.9993436 0 0 0 0 1 0.99906975 -0.023956021 -0.03585752 6.654662 0.02394843 0.999713 -0.00064126565 0 0.035862595 -0.00021806217 0.9993567 0 0 0 0 1 0.9991939 -0.023155572 -0.032792613 6.654662 0.023149611 0.99973184 -0.0005614868 0 0.032796822 -0.00019810197 0.999462 0 0 0 0 1 0.9993453 -0.022342907 -0.028455345 6.654662 0.022338567 0.9997504 -0.0004704052 0 0.02845875 -0.00016555435 0.9995949 0 0 0 0 1 0.9994906 -0.02152849 -0.023558358 6.654662 0.021525562 0.9997682 -0.00037785975 0 0.023561032 -0.00012943962 0.9997224 0 0 0 0 1 0.99962014 -0.020722903 -0.018170979 6.654662 0.020721134 0.99978524 -0.00028577374 0 0.018172998 -9.085802E-05 0.99983484 0 0 0 0 1 0.99971986 -0.019936718 -0.012758003 6.654662 0.01993579 0.9998012 -0.00019977838 0 0.01275945 -5.4618482E-05 0.9999186 0 0 0 0 1 0.9997857 -0.019180562 -0.007784445 6.654662 0.019180175 0.99981606 -0.00012465594 0 0.007785404 -2.4677796E-05 0.9999697 0 0 0 0 1 0.9998226 -0.018465081 -0.0037153598 6.654662 0.01846497 0.99982953 -6.440504E-05 0 0.0037159158 -4.2104E-06 0.9999931 0 0 0 0 1 0.99984103 -0.017800953 -0.0010157664 6.654662 0.017800938 0.9998416 -2.235917E-05 0 0.0010160034 4.2740203E-06 0.99999946 0 0 0 0 1 0.99984103 -0.017800953 -0.0010157664 6.654662 0.017800938 0.9998416 -2.235917E-05 0 0.0010160034 4.2740203E-06 0.99999946 0 0 0 0 1</float_array>
        <technique_common>
          <accessor source="#Motion_76_TailA2_transform_pose_array_id" count="66" stride="16">
            <param name="TRANSFORM" type="float4x4" />
          </accessor>
        </technique_common>
      </source>
      <sampler id="Motion_76_TailA2_transform_samp_id">
        <input semantic="INPUT" source="#Motion_76_TailA2_transform_frame_id" />
        <input semantic="INTERPOLATION" source="#Motion_76_TailA2_transform_interp_id" />
        <input semantic="OUTPUT" source="#Motion_76_TailA2_transform_pose_id" />
      </sampler>
      <channel source="#Motion_76_TailA2_transform_samp_id" target="TailA2_bone_id/transform" />
    </animation>
    <animation id="Motion_76_TailB_transform_id" name="Motion_76_TailB_transform">
      <source id="Motion_76_TailB_transform_frame_id" name="Motion_76_TailB_transform_frame">
        <float_array id="Motion_76_TailB_transform_frame_array_id" count="66">0 0.033333335 0.06666667 0.1 0.13333334 0.16666667 0.2 0.23333333 0.26666668 0.3 0.33333334 0.36666667 0.4 0.43333334 0.46666667 0.5 0.53333336 0.56666666 0.6 0.6333333 0.6666667 0.7 0.73333335 0.76666665 0.8 0.8333333 0.8666667 0.9 0.93333334 0.96666664 1 1.0333333 1.0666667 1.1 1.1333333 1.1666666 1.2 1.2333333 1.2666667 1.3 1.3333334 1.3666667 1.4 1.4333333 1.4666667 1.5 1.5333333 1.5666667 1.6 1.6333333 1.6666666 1.7 1.7333333 1.7666667 1.8 1.8333334 1.8666667 1.9 1.9333333 1.9666667 2 2.0333333 2.0666666 2.1 2.1333334 2.1666667</float_array>
        <technique_common>
          <accessor source="#Motion_76_TailB_transform_frame_array_id" count="66" stride="1">
            <param name="TIME" type="float" />
          </accessor>
        </technique_common>
      </source>
      <source id="Motion_76_TailB_transform_interp_id" name="Motion_76_TailB_transform_interp">
        <Name_array id="Motion_76_TailB_transform_interp_array_id" count="66">LINEAR LINEAR LINEAR LINEAR LINEAR LINEAR LINEAR LINEAR LINEAR LINEAR LINEAR LINEAR LINEAR LINEAR LINEAR LINEAR LINEAR LINEAR LINEAR LINEAR LINEAR LINEAR LINEAR LINEAR LINEAR LINEAR LINEAR LINEAR LINEAR LINEAR LINEAR LINEAR LINEAR LINEAR LINEAR LINEAR LINEAR LINEAR LINEAR LINEAR LINEAR LINEAR LINEAR LINEAR LINEAR LINEAR LINEAR LINEAR LINEAR LINEAR LINEAR LINEAR LINEAR LINEAR LINEAR LINEAR LINEAR LINEAR LINEAR LINEAR LINEAR LINEAR LINEAR LINEAR LINEAR LINEAR</Name_array>
        <technique_common>
          <accessor source="#Motion_76_TailB_transform_interp_array_id" count="66" stride="1">
            <param name="INTERPOLATION" type="Name" />
          </accessor>
        </technique_common>
      </source>
      <source id="Motion_76_TailB_transform_pose_id" name="Motion_76_TailB_transform_pose">
        <float_array id="Motion_76_TailB_transform_pose_array_id" count="1056">0.4061113 0.76333183 -0.5023925 1.3201653 -0.3708946 0.64013535 0.67280304 1.791E-08 0.83517116 -0.08689827 0.5430819 0.3941086 0 0 0 1 0.4077031 0.76184744 -0.5033553 1.3201653 -0.38535064 0.6433121 0.6615545 1.791E-08 0.8278182 -0.07574952 0.55585873 0.3941086 0 0 0 1 0.4089563 0.7596198 -0.50570005 1.3201653 -0.40478522 0.64765954 0.64551216 1.791E-08 0.8178653 -0.059286296 0.57234734 0.3941086 0 0 0 1 0.40951538 0.75720674 -0.5088568 1.3201653 -0.42900366 0.65208745 0.62509024 1.791E-08 0.8051417 -0.037682682 0.59188426 0.3941086 0 0 0 1 0.40945876 0.75484526 -0.5123985 1.3201653 -0.4571512 0.65579766 0.60078466 1.791E-08 0.7895292 -0.011752933 0.6136005 0.3941086 0 0 0 1 0.40897632 0.75237167 -0.5164061 1.3201653 -0.48779666 0.65850574 0.5730834 1.791E-08 0.77122813 0.017523646 0.6363176 0.3941086 0 0 0 1 0.40789276 0.7498242 -0.5209483 1.3201653 -0.5197237 0.6597924 0.5427349 1.791E-08 0.75067353 0.04937154 0.658826 0.3941086 0 0 0 1 0.4062761 0.74724185 -0.5258986 1.3201653 -0.55189276 0.659371 0.51053333 1.791E-08 0.7282542 0.082822055 0.680284 0.3941086 0 0 0 1 0.40421283 0.74465907 -0.53112596 1.3201653 -0.5833409 0.65713406 0.47737634 1.791E-08 0.7045036 0.1168658 0.70001215 0.3941086 0 0 0 1 0.4018069 0.7421114 -0.5364903 1.3201653 -0.6132018 0.6531676 0.44424736 1.791E-08 0.6800991 0.1504752 0.7175113 0.3941086 0 0 0 1 0.39918017 0.7396391 -0.54183865 1.3201653 -0.64071757 0.64775074 0.41218925 1.791E-08 0.65584767 0.18262775 0.7324691 0.3941086 0 0 0 1 0.39646846 0.7372926 -0.5470031 1.3201653 -0.66524225 0.6413394 0.38227797 1.791E-08 0.63266534 0.21232843 0.74474907 0.3941086 0 0 0 1 0.39381838 0.73513424 -0.5518013 1.3201653 -0.68623304 0.63453615 0.35559547 1.791E-08 0.6115483 0.23862427 0.7543654 0.3941086 0 0 0 1 0.39138216 0.73324007 -0.5560386 1.3201653 -0.7032283 0.62804574 0.3332094 1.791E-08 0.5935402 0.26060987 0.7614411 0.3941086 0 0 0 1 0.3894341 0.7317375 -0.55937576 1.3201653 -0.7158561 0.6226097 0.31608108 1.791E-08 0.5795611 0.27733985 0.7662842 0.3941086 0 0 0 1 0.38819033 0.7307505 -0.56152636 1.3201653 -0.72372013 0.6189529 0.30516636 1.791E-08 0.57055885 0.2879253 0.7691304 0.3941086 0 0 0 1 0.3877241 0.7303786 -0.5623318 1.3201653 -0.7264919 0.61761343 0.30126917 1.791E-08 0.5673442 0.2917202 0.7700778 0.3941086 0 0 0 1 0.39382762 0.75751406 -0.520646 1.3201653 -0.75649625 0.5888593 0.28453138 1.791E-08 0.5221238 0.28181043 0.8049656 0.3941086 0 0 0 1 0.35905433 0.7697245 -0.5278297 1.3201653 -0.61288893 0.6209702 0.48863405 1.791E-08 0.70388013 0.14805484 0.69471765 0.3941086 0 0 0 1 0.29159832 0.75919485 -0.581888 1.3201653 -0.3273399 0.6507972 0.68506324 1.791E-08 0.89878756 -0.009288132 0.43828613 0.3941086 0 0 0 1 0.264858 0.74865156 -0.60775906 1.3201653 -0.263027 0.662457 0.701404 1.791E-08 0.92772144 -0.025915384 0.37237263 0.3941086 0 0 0 1 0.2458849 0.71491724 -0.65454865 1.3201653 -0.24708986 0.69920164 0.67086786 1.791E-08 0.9372765 -0.003223896 0.34857196 0.3941086 0 0 0 1 0.23880744 0.68583 -0.68746513 1.3201653 -0.23276629 0.7277374 0.64514965 1.791E-08 0.94275707 0.0059521794 0.33342725 0.3941086 0 0 0 1 0.24140108 0.6682474 -0.7036838 1.3201653 -0.21190047 0.74392897 0.63377273 1.791E-08 0.9470077 -0.0038824677 0.3211872 0.3941086 0 0 0 1 0.25136882 0.6661507 -0.70218015 1.3201653 -0.23652771 0.74575627 0.622818 1.791E-08 0.93854594 0.009528011 0.34502298 0.3941086 0 0 0 1 0.2570153 0.67119 -0.6953036 1.3201653 -0.27076638 0.7406688 0.6148946 1.791E-08 0.9277008 0.030227512 0.37209886 0.3941086 0 0 0 1 0.24907935 0.68116283 -0.68845963 1.3201653 -0.26848054 0.73156744 0.62667954 1.791E-08 0.9305254 0.028745055 0.36509734 0.3941086 0 0 0 1 0.24188662 0.69642866 -0.6756315 1.3201653 -0.2347097 0.71762604 0.6556861 1.791E-08 0.94148934 -2.4437904E-05 0.3370427 0.3941086 0 0 0 1 0.24698031 0.71287805 -0.6563579 1.3201653 -0.20608824 0.7004882 0.6832598 1.791E-08 0.94685185 -0.0334841 0.31992257 0.3941086 0 0 0 1 0.2590747 0.73496705 -0.6266608 1.3201653 -0.22910368 0.6770587 0.699359 1.791E-08 0.938292 -0.037615955 0.34379244 0.3941086 0 0 0 1 0.264858 0.74865156 -0.60775906 1.3201653 -0.263027 0.662457 0.701404 1.791E-08 0.92772144 -0.025915384 0.37237263 0.3941086 0 0 0 1 0.25661075 0.74245113 -0.6188031 1.3201653 -0.26179844 0.6697011 0.69495463 1.791E-08 0.930383 -0.016331166 0.36622506 0.3941086 0 0 0 1 0.24504393 0.719388 -0.6499495 1.3201653 -0.23184974 0.6944188 0.6811962 1.791E-08 0.9413815 -0.016232371 0.33695304 0.3941086 0 0 0 1 0.24397773 0.6896081 -0.6818472 1.3201653 -0.20914991 0.7239646 0.6573671 1.791E-08 0.9469589 -0.017774671 0.3208627 0.3941086 0 0 0 1 0.2522499 0.6727081 -0.6955816 1.3201653 -0.23570739 0.73989093 0.630082 1.791E-08 0.93851584 0.0050156415 0.3451997 0.3941086 0 0 0 1 0.2570153 0.67119 -0.6953036 1.3201653 -0.27076638 0.7406688 0.6148946 1.791E-08 0.9277008 0.030227512 0.37209886 0.3941086 0 0 0 1 0.24962366 0.6812069 -0.68821883 1.3201653 -0.26869792 0.7315359 0.6266232 1.791E-08 0.9303168 0.02850306 0.36564755 0.3941086 0 0 0 1 0.2420224 0.69641733 -0.67559457 1.3201653 -0.2347458 0.71763706 0.6556611 1.791E-08 0.94144547 -9.1671944E-05 0.33716524 0.3941086 0 0 0 1 0.24698544 0.7128845 -0.6563489 1.3201653 -0.20611763 0.7004823 0.6832569 1.791E-08 0.94684404 -0.03346944 0.319947 0.3941086 0 0 0 1 0.25923824 0.73472214 -0.6268802 1.3201653 -0.22875932 0.6773107 0.6992277 1.791E-08 0.9383308 -0.037861884 0.3436594 0.3941086 0 0 0 1 0.264858 0.74865156 -0.60775906 1.3201653 -0.263027 0.662457 0.701404 1.791E-08 0.92772144 -0.025915384 0.37237263 0.3941086 0 0 0 1 0.2620269 0.7376443 -0.62227225 1.3201653 -0.25609666 0.67483133 0.69211066 1.791E-08 0.93046033 -0.021989793 0.3657322 0.3941086 0 0 0 1 0.25787497 0.6992272 -0.6667696 1.3201653 -0.2025676 0.71389997 0.67030823 1.791E-08 0.94470465 -0.03778979 0.3257377 0.3941086 0 0 0 1 0.25093758 0.64150727 -0.7249129 1.3201653 -0.119698286 0.76369077 0.63438845 1.791E-08 0.96057403 -0.072421014 0.26842606 0.3941086 0 0 0 1 0.24307477 0.5736717 -0.7821863 1.3201653 -0.025355339 0.80985355 0.5860839 1.791E-08 0.9696761 -0.1226296 0.21140063 0.3941086 0 0 0 1 0.23586619 0.5091444 -0.82773125 1.3201653 0.060909167 0.84234315 0.53548867 1.791E-08 0.96987486 -0.1767201 0.1676687 0.3941086 0 0 0 1 0.23845828 0.4621544 -0.85413754 1.3201653 0.119399905 0.8588847 0.49805704 1.791E-08 0.96378493 -0.22074977 0.14962697 0.3941086 0 0 0 1 0.25268602 0.43647802 -0.8635027 1.3201653 0.14587487 0.8650769 0.47996098 1.791E-08 0.95648855 -0.24724275 0.15492165 0.3941086 0 0 0 1 0.27774727 0.42949456 -0.85929674 1.3201653 0.14401256 0.8657676 0.47927746 1.791E-08 0.9497983 -0.2568675 0.178612 0.3941086 0 0 0 1 0.3102188 0.43857026 -0.84345746 1.3201653 0.11889225 0.8623649 0.49212945 1.791E-08 0.9432014 -0.2529484 0.21537924 0.3941086 0 0 0 1 0.3450727 0.46095073 -0.8175874 1.3201653 0.075350285 0.8546765 0.51366377 1.791E-08 0.9355464 -0.23885675 0.26019275 0.3941086 0 0 0 1 0.3785438 0.49337226 -0.78312737 1.3201653 0.018210694 0.84195673 0.5392376 1.791E-08 0.92540425 -0.21838637 0.30973285 0.3941086 0 0 0 1 0.40756184 0.5320668 -0.7421578 1.3201653 -0.04714614 0.8238964 0.56477606 1.791E-08 0.91195977 -0.1951913 0.36087364 0.3941086 0 0 0 1 0.42889333 0.57305884 -0.6983223 1.3201653 -0.114143625 0.8012143 0.5873899 1.791E-08 0.8961148 -0.17221852 0.40904647 0.3941086 0 0 0 1 0.44069016 0.61398095 -0.65484315 1.3201653 -0.17577088 0.7744007 0.6077895 1.791E-08 0.8802822 -0.15274444 0.44919074 0.3941086 0 0 0 1 0.44327283 0.6521135 -0.6150262 1.3201653 -0.22578765 0.745222 0.62742656 1.791E-08 0.8674844 -0.13925578 0.47757584 0.3941086 0 0 0 1 0.44062984 0.68389434 -0.5814928 1.3201653 -0.2630015 0.71769124 0.64478636 1.791E-08 0.85829806 -0.13117865 0.49610144 0.3941086 0 0 0 1 0.43530947 0.70908886 -0.55470586 1.3201653 -0.2907623 0.6938621 0.6587964 1.791E-08 0.85203457 -0.12549275 0.50822103 0.3941086 0 0 0 1 0.42929047 0.72822833 -0.5342221 1.3201653 -0.31160223 0.67460203 0.66919076 1.791E-08 0.84771097 -0.120812446 0.51651776 0.3941086 0 0 0 1 0.42342865 0.74243665 -0.51913 1.3201653 -0.3266337 0.65960884 0.67692435 1.791E-08 0.8449962 -0.11706382 0.5218021 0.3941086 0 0 0 1 0.4178319 0.7525184 -0.50905067 1.3201653 -0.33708346 0.6487177 0.682305 1.791E-08 0.8436772 -0.113496214 0.52471644 0.3941086 0 0 0 1 0.41295403 0.7591758 -0.50311136 1.3201653 -0.34443164 0.6415666 0.68538976 1.791E-08 0.8431108 -0.10974699 0.52642167 0.3941086 0 0 0 1 0.40911472 0.76303864 -0.500397 1.3201653 -0.35012552 0.6376842 0.68612754 1.791E-08 0.8426371 -0.10550314 0.5280453 0.3941086 0 0 0 1 0.4065597 0.76468444 -0.49996692 1.3201653 -0.3555813 0.6365247 0.6843962 1.791E-08 0.84158844 -0.10046899 0.5306928 0.3941086 0 0 0 1 0.4054994 0.76466143 -0.50086236 1.3201653 -0.3621848 0.63748896 0.68002206 1.791E-08 0.83928084 -0.09434378 0.5354501 0.3941086 0 0 0 1 0.4054994 0.76466143 -0.50086236 1.3201653 -0.3621848 0.63748896 0.68002206 1.791E-08 0.83928084 -0.09434378 0.5354501 0.3941086 0 0 0 1</float_array>
        <technique_common>
          <accessor source="#Motion_76_TailB_transform_pose_array_id" count="66" stride="16">
            <param name="TRANSFORM" type="float4x4" />
          </accessor>
        </technique_common>
      </source>
      <sampler id="Motion_76_TailB_transform_samp_id">
        <input semantic="INPUT" source="#Motion_76_TailB_transform_frame_id" />
        <input semantic="INTERPOLATION" source="#Motion_76_TailB_transform_interp_id" />
        <input semantic="OUTPUT" source="#Motion_76_TailB_transform_pose_id" />
      </sampler>
      <channel source="#Motion_76_TailB_transform_samp_id" target="TailB_bone_id/transform" />
    </animation>
    <animation id="Motion_76_Spine1_transform_id" name="Motion_76_Spine1_transform">
      <source id="Motion_76_Spine1_transform_frame_id" name="Motion_76_Spine1_transform_frame">
        <float_array id="Motion_76_Spine1_transform_frame_array_id" count="66">0 0.033333335 0.06666667 0.1 0.13333334 0.16666667 0.2 0.23333333 0.26666668 0.3 0.33333334 0.36666667 0.4 0.43333334 0.46666667 0.5 0.53333336 0.56666666 0.6 0.6333333 0.6666667 0.7 0.73333335 0.76666665 0.8 0.8333333 0.8666667 0.9 0.93333334 0.96666664 1 1.0333333 1.0666667 1.1 1.1333333 1.1666666 1.2 1.2333333 1.2666667 1.3 1.3333334 1.3666667 1.4 1.4333333 1.4666667 1.5 1.5333333 1.5666667 1.6 1.6333333 1.6666666 1.7 1.7333333 1.7666667 1.8 1.8333334 1.8666667 1.9 1.9333333 1.9666667 2 2.0333333 2.0666666 2.1 2.1333334 2.1666667</float_array>
        <technique_common>
          <accessor source="#Motion_76_Spine1_transform_frame_array_id" count="66" stride="1">
            <param name="TIME" type="float" />
          </accessor>
        </technique_common>
      </source>
      <source id="Motion_76_Spine1_transform_interp_id" name="Motion_76_Spine1_transform_interp">
        <Name_array id="Motion_76_Spine1_transform_interp_array_id" count="66">LINEAR LINEAR LINEAR LINEAR LINEAR LINEAR LINEAR LINEAR LINEAR LINEAR LINEAR LINEAR LINEAR LINEAR LINEAR LINEAR LINEAR LINEAR LINEAR LINEAR LINEAR LINEAR LINEAR LINEAR LINEAR LINEAR LINEAR LINEAR LINEAR LINEAR LINEAR LINEAR LINEAR LINEAR LINEAR LINEAR LINEAR LINEAR LINEAR LINEAR LINEAR LINEAR LINEAR LINEAR LINEAR LINEAR LINEAR LINEAR LINEAR LINEAR LINEAR LINEAR LINEAR LINEAR LINEAR LINEAR LINEAR LINEAR LINEAR LINEAR LINEAR LINEAR LINEAR LINEAR LINEAR LINEAR</Name_array>
        <technique_common>
          <accessor source="#Motion_76_Spine1_transform_interp_array_id" count="66" stride="1">
            <param name="INTERPOLATION" type="Name" />
          </accessor>
        </technique_common>
      </source>
      <source id="Motion_76_Spine1_transform_pose_id" name="Motion_76_Spine1_transform_pose">
        <float_array id="Motion_76_Spine1_transform_pose_array_id" count="1056">0.9998508 -0.014346401 -0.009616862 0.001 0.014243084 0.99984103 -0.010727177 0 0.00976923 0.010588604 0.9998962 0 0 0 0 1 0.9996238 -0.015949825 -0.022313967 0.001 0.015793638 0.9998497 -0.007158384 0 0.022424787 0.0068032728 0.9997254 0 0 0 0 1 0.99869233 -0.02040846 -0.0468735 0.001 0.020542374 0.99978614 0.0023769205 0 0.046814967 -0.0033367053 0.998898 0 0 0 0 1 0.9963996 -0.027022826 -0.08035931 0.001 0.028437806 0.9994591 0.016515946 0 0.07986954 -0.018741725 0.9966291 0 0 0 0 1 0.99233186 -0.034928452 -0.118564166 0.001 0.039147545 0.9986736 0.03344377 0 0.11723877 -0.037828818 0.992383 0 0 0 0 1 0.9866002 -0.043463316 -0.15726072 0.001 0.05213133 0.99731565 0.05141866 0 0.15460375 -0.058927868 0.9862176 0 0 0 0 1 0.9797283 -0.05226616 -0.19339265 0.001 0.066683374 0.9953992 0.0688025 0 0.18890683 -0.080303825 0.97870606 0 0 0 0 1 0.97300106 -0.060442455 -0.22274578 0.001 0.081092335 0.9930969 0.08475005 0 0.21608564 -0.100524865 0.97118574 0 0 0 0 1 0.96809644 -0.067521855 -0.24130903 0.001 0.09375763 0.9906668 0.09893857 0 0.23237632 -0.11840664 0.9653917 0 0 0 0 1 0.96449125 -0.07396039 -0.25354773 0.001 0.10476318 0.9883719 0.11020723 0 0.2424485 -0.13285638 0.9610244 0 0 0 0 1 0.96114504 -0.079908796 -0.264225 0.001 0.114426486 0.9864082 0.11792132 0 0.25121075 -0.14357382 0.957225 0 0 0 0 1 0.95816016 -0.08530631 -0.27322498 0.001 0.122719266 0.98480445 0.122882895 0 0.2585905 -0.15127146 0.95406914 0 0 0 0 1 0.9558243 -0.08951967 -0.27997515 0.001 0.12900326 0.98361844 0.12590848 0 0.26411745 -0.15646408 0.95171475 0 0 0 0 1 0.9544355 -0.091900416 -0.2839139 0.001 0.13266042 0.98288596 0.12781408 0 0.26730883 -0.15965444 0.9502928 0 0 0 0 1 0.9542769 -0.091781616 -0.28448504 0.001 0.13308455 0.9826208 0.1294022 0 0.2676642 -0.1613461 0.949907 0 0 0 0 1 0.95558333 -0.08847839 -0.28112644 0.001 0.1296694 0.98280615 0.13144557 0 0.26466268 -0.1620607 0.95062613 0 0 0 0 1 0.9584287 -0.08152116 -0.2734388 0.001 0.12198842 0.9833898 0.13439982 0 0.25794053 -0.162169 0.9524536 0 0 0 0 1 0.9820042 -0.05098087 -0.18184781 0.001 0.07193734 0.9912612 0.11057274 0 0.17462158 -0.121664554 0.97709006 0 0 0 0 1 0.9993526 -0.00377747 -0.035780128 0.001 0.005737213 0.9984793 0.05482856 0 0.035518605 -0.05499834 0.99785453 0 0 0 0 1 0.9991105 0.022973923 0.035360876 0.001 -0.023891637 0.9993828 0.02575285 0 -0.03474741 -0.026574772 0.99904275 0 0 0 0 1 0.9985379 0.018763801 0.05069514 0.001 -0.019958483 0.99953246 0.023163434 0 -0.050236803 -0.024141364 0.9984455 0 0 0 0 1 0.9983672 -0.0068247267 0.056713235 0.001 0.005421356 0.99967617 0.024862152 0 -0.05686455 -0.024514094 0.9980809 0 0 0 0 1 0.99777 -0.02314605 0.06260374 0.001 0.021444058 0.9993856 0.027723419 0 -0.06320697 -0.026319118 0.99765337 0 0 0 0 1 0.9976136 -0.0060630227 0.06877705 0.001 0.0040714517 0.99956936 0.029060215 0 -0.06892363 -0.028710842 0.9972087 0 0 0 0 1 0.997037 0.018140405 0.07475415 0.001 -0.020449672 0.9993334 0.030242667 0 -0.0741557 -0.031681754 0.9967433 0 0 0 0 1 0.99662435 0.018763622 0.079924054 0.001 -0.021468675 0.9992207 0.0331215 0 -0.0792403 -0.034725558 0.9962505 0 0 0 0 1 0.99644357 -0.0068364954 0.083984934 0.001 0.0036279755 0.9992598 0.0382969 0 -0.08418458 -0.037856005 0.9957308 0 0 0 0 1 0.9958605 -0.023150897 0.08789718 0.001 0.01945536 0.99889976 0.04267033 0 -0.08878833 -0.040783625 0.99521524 0 0 0 0 1 0.9956892 -0.006060687 0.09255432 0.001 0.0020252287 0.9990456 0.043632805 0 -0.092730425 -0.043257266 0.99475116 0 0 0 0 1 0.99511415 0.018128876 0.09705247 0.001 -0.022390645 0.99882394 0.043004494 0 -0.09615871 -0.044967446 0.9943498 0 0 0 0 1 0.9947741 0.01874664 0.100364804 0.001 -0.02319093 0.99879295 0.043299288 0 -0.09943195 -0.04540056 0.99400806 0 0 0 0 1 0.99472076 -0.0068532494 0.102389656 0.001 0.0022298214 0.9989754 0.045201614 0 -0.10259453 -0.04473467 0.99371684 0 0 0 0 1 0.9942723 -0.023160301 0.10433719 0.001 0.018505652 0.99879926 0.045360953 0 -0.10526248 -0.04317031 0.99350697 0 0 0 0 1 0.9942282 -0.006046448 0.10711582 0.001 0.0016217532 0.99914354 0.041346613 0 -0.107274085 -0.040934253 0.99338645 0 0 0 0 1 0.9937936 0.0181529 0.109748445 0.001 -0.022211652 0.99910945 0.035873525 0 -0.1089995 -0.038088575 0.9933118 0 0 0 0 1 0.99360794 0.018766666 0.11131527 0.001 -0.022504253 0.9992211 0.03241564 0 -0.11062024 -0.034713503 0.99325633 0 0 0 0 1 0.9936774 -0.006852446 0.1120641 0.001 0.0032772198 0.99948066 0.03205655 0 -0.11222557 -0.03148661 0.9931838 0 0 0 0 1 0.9933554 -0.023173675 0.11272975 0.001 0.01978169 0.99932003 0.031115733 0 -0.113374166 -0.028678998 0.9931384 0 0 0 0 1 0.9934772 -0.0069695455 0.11381762 0.001 0.0039174627 0.9996273 0.027017241 0 -0.1139635 -0.026395136 0.99313426 0 0 0 0 1 0.9932598 0.015931519 0.11480953 0.001 -0.018662041 0.99956703 0.022747533 0 -0.11439742 -0.02473679 0.99312705 0 0 0 0 1 0.99289346 0.029712357 0.1152376 0.001 -0.032289132 0.9992671 0.020558309 0 -0.11454231 -0.024133135 0.9931252 0 0 0 0 1 0.9954812 0.03249365 0.08922656 0.001 -0.034418724 0.99920493 0.020121524 0 -0.088501796 -0.023101663 0.99580806 0 0 0 0 1 0.9992183 0.030525144 0.025120702 0.001 -0.031027008 0.9993217 0.01983686 0 -0.024498139 -0.020600772 0.9994876 0 0 0 0 1 0.9981581 0.024518603 -0.055490717 0.001 -0.023562452 0.9995635 0.017820083 0 0.05590342 -0.016479764 0.9983002 0 0 0 0 1 0.9913248 0.015530543 -0.1305143 0.001 -0.013878228 0.99981177 0.013560111 0 0.13070032 -0.011631167 0.9913537 0 0 0 0 1 0.98396325 0.004895211 -0.17830423 0.001 -0.0036316626 0.9999659 0.0074121747 0 0.17833444 -0.006645766 0.9839475 0 0 0 0 1 0.9810038 -0.00626037 -0.19388732 0.001 0.00647078 0.99997896 0.00045191986 0 0.19388041 -0.0016979373 0.9810237 0 0 0 0 1 0.98156023 -0.01694308 -0.19040072 0.001 0.016076228 0.9998522 -0.0060965726 0 0.19047588 0.0029232278 0.98168755 0 0 0 0 1 0.9846233 -0.02586668 -0.17276524 0.001 0.024287086 0.9996417 -0.011251006 0 0.17299436 0.00688204 0.98489875 0 0 0 0 1 0.98848265 -0.0318337 -0.14794828 0.001 0.030057654 0.9994469 -0.014225421 0 0.14831929 0.009614603 0.9888928 0 0 0 0 1 0.9920959 -0.034198254 -0.12073187 0.001 0.032646388 0.9993572 -0.014809084 0 0.12116071 0.010750572 0.9925747 0 0 0 0 1 0.99475086 -0.034134448 -0.09646531 0.001 0.0329293 0.99935883 -0.0140579855 0 0.09688332 0.010807659 0.99523705 0 0 0 0 1 0.9966196 -0.033178046 -0.07515709 0.001 0.03228598 0.9993934 -0.013053742 0 0.075544596 0.010583094 0.9970863 0 0 0 0 1 0.9978755 -0.032092582 -0.05669711 0.001 0.031441968 0.9994295 -0.012330475 0 0.057060484 0.01052161 0.9983153 0 0 0 0 1 0.9986885 -0.030685626 -0.040983543 0.001 0.030228011 0.9994741 -0.01173937 0 0.041322216 0.010485123 0.99909085 0 0 0 0 1 0.9991891 -0.029027613 -0.027903806 0.001 0.028722467 0.9995238 -0.01127501 0 0.028217807 0.0104644 0.999547 0 0 0 0 1 0.9994799 -0.027189558 -0.01734096 0.001 0.027002564 0.9995756 -0.010927863 0 0.017630724 0.010453928 0.9997899 0 0 0 0 1 0.9996392 -0.025242897 -0.009175263 0.001 0.025144504 0.9996267 -0.010685429 0 0.009441569 0.010450866 0.9999008 0 0 0 0 1 0.9997242 -0.023259144 -0.0032460243 0.001 0.023223795 0.9996748 -0.010532823 0 0.003489953 0.010454533 0.99993926 0 0 0 0 1 0.9997727 -0.021309873 0.0006385791 0.001 0.021315387 0.9997181 -0.010454012 0 -0.00041562543 0.010465248 0.99994516 0 0 0 0 1 0.999807 -0.019466925 0.0026466467 0.001 0.019493543 0.99975556 -0.010433287 0 -0.0024428957 0.010482865 0.99994206 0 0 0 0 1 0.99983716 -0.01780227 0.0029464576 0.001 0.017832177 0.9997863 -0.010455631 0 -0.002759694 0.01050647 0.999941 0 0 0 0 1 0.9998643 -0.016387941 0.0017063624 0.001 0.016404988 0.9998102 -0.010507265 0 -0.001533846 0.010533832 0.9999433 0 0 0 0 1 0.9998826 -0.015295987 -0.0009052263 0.001 0.0152855655 0.9998272 -0.01057609 0 0.0010668417 0.010561012 0.9999437 0 0 0 0 1 0.9998823 -0.01459845 -0.0047198134 0.001 0.014547514 0.99983746 -0.010651972 0 0.004874548 0.010582058 0.9999321 0 0 0 0 1 0.9998823 -0.01459845 -0.0047198134 0.001 0.014547514 0.99983746 -0.010651972 0 0.004874548 0.010582058 0.9999321 0 0 0 0 1</float_array>
        <technique_common>
          <accessor source="#Motion_76_Spine1_transform_pose_array_id" count="66" stride="16">
            <param name="TRANSFORM" type="float4x4" />
          </accessor>
        </technique_common>
      </source>
      <sampler id="Motion_76_Spine1_transform_samp_id">
        <input semantic="INPUT" source="#Motion_76_Spine1_transform_frame_id" />
        <input semantic="INTERPOLATION" source="#Motion_76_Spine1_transform_interp_id" />
        <input semantic="OUTPUT" source="#Motion_76_Spine1_transform_pose_id" />
      </sampler>
      <channel source="#Motion_76_Spine1_transform_samp_id" target="Spine1_bone_id/transform" />
    </animation>
    <animation id="Motion_76_Spine2_transform_id" name="Motion_76_Spine2_transform">
      <source id="Motion_76_Spine2_transform_frame_id" name="Motion_76_Spine2_transform_frame">
        <float_array id="Motion_76_Spine2_transform_frame_array_id" count="66">0 0.033333335 0.06666667 0.1 0.13333334 0.16666667 0.2 0.23333333 0.26666668 0.3 0.33333334 0.36666667 0.4 0.43333334 0.46666667 0.5 0.53333336 0.56666666 0.6 0.6333333 0.6666667 0.7 0.73333335 0.76666665 0.8 0.8333333 0.8666667 0.9 0.93333334 0.96666664 1 1.0333333 1.0666667 1.1 1.1333333 1.1666666 1.2 1.2333333 1.2666667 1.3 1.3333334 1.3666667 1.4 1.4333333 1.4666667 1.5 1.5333333 1.5666667 1.6 1.6333333 1.6666666 1.7 1.7333333 1.7666667 1.8 1.8333334 1.8666667 1.9 1.9333333 1.9666667 2 2.0333333 2.0666666 2.1 2.1333334 2.1666667</float_array>
        <technique_common>
          <accessor source="#Motion_76_Spine2_transform_frame_array_id" count="66" stride="1">
            <param name="TIME" type="float" />
          </accessor>
        </technique_common>
      </source>
      <source id="Motion_76_Spine2_transform_interp_id" name="Motion_76_Spine2_transform_interp">
        <Name_array id="Motion_76_Spine2_transform_interp_array_id" count="66">LINEAR LINEAR LINEAR LINEAR LINEAR LINEAR LINEAR LINEAR LINEAR LINEAR LINEAR LINEAR LINEAR LINEAR LINEAR LINEAR LINEAR LINEAR LINEAR LINEAR LINEAR LINEAR LINEAR LINEAR LINEAR LINEAR LINEAR LINEAR LINEAR LINEAR LINEAR LINEAR LINEAR LINEAR LINEAR LINEAR LINEAR LINEAR LINEAR LINEAR LINEAR LINEAR LINEAR LINEAR LINEAR LINEAR LINEAR LINEAR LINEAR LINEAR LINEAR LINEAR LINEAR LINEAR LINEAR LINEAR LINEAR LINEAR LINEAR LINEAR LINEAR LINEAR LINEAR LINEAR LINEAR LINEAR</Name_array>
        <technique_common>
          <accessor source="#Motion_76_Spine2_transform_interp_array_id" count="66" stride="1">
            <param name="INTERPOLATION" type="Name" />
          </accessor>
        </technique_common>
      </source>
      <source id="Motion_76_Spine2_transform_pose_id" name="Motion_76_Spine2_transform_pose">
        <float_array id="Motion_76_Spine2_transform_pose_array_id" count="1056">0.9977305 0.064998806 0.017577244 1.9826299 -0.06490666 0.9978747 -0.0057637007 0 -0.01791452 0.00460974 0.9998289 0 0 0 0 1 0.9975086 0.069044106 0.014476383 1.9826299 -0.0689427 0.9975932 -0.0073914947 0 -0.014951881 0.006375038 0.9998679 0 0 0 0 1 0.99727577 0.07324646 0.008717989 1.9826299 -0.07316928 0.9972801 -0.008865445 0 -0.00934364 0.008203405 0.9999227 0 0 0 0 1 0.99705255 0.07671412 -0.001079037 1.9826299 -0.07672093 0.99700725 -0.009507623 0 0.00034643876 0.009562384 0.9999542 0 0 0 0 1 0.9968797 0.077559024 -0.014678584 1.9826299 -0.07769211 0.99693924 -0.0087235 0 0.01395707 0.00983669 0.9998542 0 0 0 0 1 0.9967534 0.073712654 -0.032389645 1.9826299 -0.07394319 0.99724454 -0.0059768865 0 0.031859826 0.008352475 0.9994574 0 0 0 0 1 0.9965122 0.063146286 -0.05455289 1.9826299 -0.06328725 0.99799496 -0.00085873285 0 0.054389283 0.00430824 0.99851054 0 0 0 0 1 0.9957008 0.043890804 -0.08156914 1.9826299 -0.04347606 0.99903095 0.0068546007 0 0.08179095 -0.0032788268 0.99664414 0 0 0 0 1 0.99338126 0.014562344 -0.11393682 1.9826299 -0.012729282 0.99977785 0.016799476 0 0.11415615 -0.01523795 0.993346 0 0 0 0 1 0.98906994 -0.014473393 -0.14673494 1.9826299 0.019579347 0.9992498 0.033412695 0 0.14614128 -0.035920464 0.9886114 0 0 0 0 1 0.98406416 -0.032908555 -0.17474198 1.9826299 0.04368661 0.9973489 0.058195025 0 0.17236361 -0.06490152 0.982893 0 0 0 0 1 0.9793995 -0.042061564 -0.1975029 1.9826299 0.05994902 0.9945348 0.085479036 0 0.19282813 -0.095558226 0.97656846 0 0 0 0 1 0.9757364 -0.04404458 -0.21447293 1.9826299 0.068816066 0.9916087 0.109437376 0 0.2078531 -0.1215412 0.9705796 0 0 0 0 1 0.97344726 -0.040845357 -0.2252378 1.9826299 0.07085207 0.98939556 0.12679283 0 0.21767037 -0.1393847 0.9660184 0 0 0 0 1 0.9726991 -0.033753753 -0.22960219 1.9826299 0.06701122 0.988074 0.13863347 0 0.22218457 -0.15023457 0.96336055 0 0 0 0 1 0.9734018 -0.024745736 -0.22776428 1.9826299 0.059316862 0.9874723 0.14621876 0 0.22129264 -0.15583988 0.96267515 0 0 0 0 1 0.97532415 -0.015360722 -0.22024256 1.9826299 0.049474396 0.987413 0.15022618 0 0.21516278 -0.1574156 0.9638077 0 0 0 0 1 0.9696761 -0.052850552 -0.23861094 1.9826299 0.091550194 0.9837983 0.15414107 0 0.2265986 -0.17131177 0.95880413 0 0 0 0 1 0.96904176 -0.068134695 -0.23730935 1.9826299 0.10382663 0.98450625 0.14130625 0 0.22400467 -0.1615707 0.9611019 0 0 0 0 1 0.9848614 -0.007840043 -0.17316636 1.9826299 0.019600408 0.99760664 0.06630853 0 0.17223206 -0.06869884 0.9826579 0 0 0 0 1 0.9905942 0.02613627 -0.13431327 1.9826299 -0.027560042 0.9995818 -0.008751756 0 0.13402836 0.012371117 0.9909003 0 0 0 0 1 0.9918192 0.008488733 -0.12736806 1.9826299 -0.012459528 0.9994598 -0.03041148 0 0.1270411 0.031749636 0.99138916 0 0 0 0 1 0.99258393 -0.018764723 -0.12010434 1.9826299 0.013315891 0.9988522 -0.046010364 0 0.120829865 0.044069853 0.9916945 0 0 0 0 1 0.99330515 -0.018781446 -0.113983005 1.9826299 0.012809874 0.99851775 -0.052898172 0 0.11480756 0.05108392 0.9920734 0 0 0 0 1 0.9939598 0.008464102 -0.10941806 1.9826299 -0.014188433 0.9985648 -0.051643934 0 0.1088239 0.052884463 0.9926533 0 0 0 0 1 0.9941484 0.026109677 -0.104820296 1.9826299 -0.031221677 0.99838656 -0.047428105 0 0.10341285 0.05042324 0.99335957 0 0 0 0 1 0.9950196 0.008503799 -0.099316165 1.9826299 -0.012908242 0.9989574 -0.043789655 0 0.09884024 0.04485356 0.9940919 0 0 0 0 1 0.9953935 -0.018739853 -0.094024524 1.9826299 0.015144073 0.9991318 -0.0388119 0 0.09467022 0.037209198 0.9948131 0 0 0 0 1 0.9957594 -0.018759692 -0.09006267 1.9826299 0.01606075 0.9994027 -0.030599205 0 0.0905829 0.029022971 0.99546593 0 0 0 0 1 0.99617 0.008493312 -0.08702428 1.9826299 -0.010237273 0.9997552 -0.019613277 0 0.08683639 0.020429049 0.9960131 0 0 0 0 1 0.996125 0.026129404 -0.083977714 1.9826299 -0.027084028 0.9995806 -0.010248321 0 0.083674714 0.012483063 0.99641496 0 0 0 0 1 0.9966722 0.008490446 -0.08107031 1.9826299 -0.00899187 0.9999426 -0.0058219526 0 0.081016235 0.0065315524 0.9966914 0 0 0 0 1 0.9967356 -0.018773181 -0.078522265 1.9826299 0.018490596 0.9998197 -0.0043243743 0 0.07858929 0.0028583342 0.996903 0 0 0 0 1 0.99690336 -0.018776715 -0.076361485 1.9826299 0.018601738 0.99982244 -0.0030021335 0 0.076404296 0.001572381 0.9970757 0 0 0 0 1 0.9971823 0.00848358 -0.074534796 1.9826299 -0.008620123 0.99996173 -0.0015104234 0 0.074519135 0.0021486667 0.9972173 0 0 0 0 1 0.9969889 0.026123805 -0.073011726 1.9826299 -0.02632313 0.9996519 -0.0017690072 0 0.072940096 0.0036855778 0.99732953 0 0 0 0 1 0.99738437 0.008490027 -0.07177995 1.9826299 -0.008854569 0.99994946 -0.004761931 0 0.07173589 0.0053850557 0.9974091 0 0 0 0 1 0.9973157 -0.01876879 -0.070775256 1.9826299 0.018198447 0.99979657 -0.008694742 0 0.07092404 0.0073834024 0.9974544 0 0 0 0 1 0.99735487 -0.018955028 -0.07017113 1.9826299 0.018227777 0.99977344 -0.010989897 0 0.07036355 0.009681763 0.99747443 0 0 0 0 1 0.9974969 0.009495195 -0.070069596 1.9826299 -0.010291869 0.99988633 -0.011017491 0 0.06995702 0.01171106 0.9974813 0 0 0 0 1 0.9968688 0.036311027 -0.070243604 1.9826299 -0.037113946 0.9992594 -0.010158956 0 0.06982271 0.012734164 0.9974781 0 0 0 0 1 0.9970791 0.048475776 -0.059020612 1.9826299 -0.049142238 0.9987428 -0.009892583 0 0.058466863 0.012764093 0.99820775 0 0 0 0 1 0.99787986 0.054895 -0.034961026 1.9826299 -0.055277675 0.9984202 -0.010074282 0 0.03435277 0.011985488 0.9993379 0 0 0 0 1 0.99832815 0.05630973 -0.01304085 1.9826299 -0.056444526 0.99835354 -0.0102093825 0 0.012444491 0.010928399 0.99986285 0 0 0 0 1 0.9985184 0.053784627 -0.008261515 1.9826299 -0.053861897 0.9985038 -0.009433528 0 0.0077417754 0.009864531 0.9999214 0 0 0 0 1 0.9981917 0.048418656 -0.035622288 1.9826299 -0.048707932 0.9987864 -0.007297603 0 0.035225715 0.009019495 0.9993387 0 0 0 0 1 0.99620026 0.041482233 -0.07657863 1.9826299 -0.04197207 0.99910724 -0.0047975006 0 0.07631126 0.0079934355 0.997052 0 0 0 0 1 0.99395436 0.03424225 -0.10431803 1.9826299 -0.034729943 0.9993926 -0.002861675 0 0.10415668 0.006467334 0.99453986 0 0 0 0 1 0.9922761 0.027792703 -0.12089574 1.9826299 -0.028188914 0.99960136 -0.0015679769 0 0.12080397 0.0049637854 0.992664 0 0 0 0 1 0.9913295 0.02323596 -0.129329 1.9826299 -0.023519637 0.99972314 -0.0006663826 0 0.1292777 0.0037023756 0.9916015 0 0 0 0 1 0.99107355 0.021259183 -0.1316104 1.9826299 -0.021419888 0.9997705 0.00019467913 0 0.13158435 0.0026261387 0.9913015 0 0 0 0 1 0.99150866 0.021310557 -0.12828268 1.9826299 -0.021358792 0.99977136 0.0009998165 0 0.12827466 0.0017486361 0.9917371 0 0 0 0 1 0.9924965 0.022666663 -0.12015364 1.9826299 -0.022627477 0.9997425 0.0016906429 0 0.120161034 0.0010408168 0.99275386 0 0 0 0 1 0.99382436 0.024607778 -0.10820157 1.9826299 -0.02451364 0.9996971 0.0022002372 0 0.10822294 0.00046576484 0.99412656 0 0 0 0 1 0.9952319 0.026849955 -0.093768075 1.9826299 -0.026733644 0.99963945 0.0024965645 0 0.093801305 2.2101682E-05 0.9955909 0 0 0 0 1 0.9964993 0.02953894 -0.07820867 1.9826299 -0.029427707 0.9995636 0.0025746375 0 0.07825059 -0.00026412262 0.9969337 0 0 0 0 1 0.9975415 0.03260233 -0.06203311 1.9826299 -0.032515455 0.9994683 0.0024096512 0 0.062078692 -0.00038669212 0.9980712 0 0 0 0 1 0.9983195 0.035968393 -0.045435976 1.9826299 -0.035915703 0.9993529 0.001975767 0 0.04547764 -0.00034058164 0.9989653 0 0 0 0 1 0.998787 0.039565857 -0.029309995 1.9826299 -0.039545786 0.999217 0.0012643693 0 0.02933707 -0.00010374887 0.9995696 0 0 0 0 1 0.99895513 0.043323863 -0.01454834 1.9826299 -0.04332344 0.99906105 0.00034457474 0 0.014549608 0.0002860694 0.9998941 0 0 0 0 1 0.99888486 0.047168933 -0.0020425487 1.9826299 -0.047170408 0.99888664 -0.0006788831 0 0.0020082523 0.00077447394 0.9999977 0 0 0 0 1 0.9986706 0.05102462 0.0073172883 1.9826299 -0.05101314 0.99869645 -0.0017475667 0 -0.007396919 0.0013719657 0.9999717 0 0 0 0 1 0.99840933 0.054813016 0.013202956 1.9826299 -0.05478053 0.99849445 -0.0028099932 0 -0.013337102 0.0020822587 0.99990886 0 0 0 0 1 0.99815565 0.058456298 0.016376523 1.9826299 -0.05840086 0.99828583 -0.0038436824 0 -0.016573137 0.0028801905 0.9998585 0 0 0 0 1 0.99792886 0.06187705 0.017585477 1.9826299 -0.061801076 0.9980768 -0.004831804 0 -0.017850636 0.003734995 0.9998337 0 0 0 0 1 0.99792886 0.06187705 0.017585477 1.9826299 -0.061801076 0.9980768 -0.004831804 0 -0.017850636 0.003734995 0.9998337 0 0 0 0 1</float_array>
        <technique_common>
          <accessor source="#Motion_76_Spine2_transform_pose_array_id" count="66" stride="16">
            <param name="TRANSFORM" type="float4x4" />
          </accessor>
        </technique_common>
      </source>
      <sampler id="Motion_76_Spine2_transform_samp_id">
        <input semantic="INPUT" source="#Motion_76_Spine2_transform_frame_id" />
        <input semantic="INTERPOLATION" source="#Motion_76_Spine2_transform_interp_id" />
        <input semantic="OUTPUT" source="#Motion_76_Spine2_transform_pose_id" />
      </sampler>
      <channel source="#Motion_76_Spine2_transform_samp_id" target="Spine2_bone_id/transform" />
    </animation>
    <animation id="Motion_76_Neck_transform_id" name="Motion_76_Neck_transform">
      <source id="Motion_76_Neck_transform_frame_id" name="Motion_76_Neck_transform_frame">
        <float_array id="Motion_76_Neck_transform_frame_array_id" count="66">0 0.033333335 0.06666667 0.1 0.13333334 0.16666667 0.2 0.23333333 0.26666668 0.3 0.33333334 0.36666667 0.4 0.43333334 0.46666667 0.5 0.53333336 0.56666666 0.6 0.6333333 0.6666667 0.7 0.73333335 0.76666665 0.8 0.8333333 0.8666667 0.9 0.93333334 0.96666664 1 1.0333333 1.0666667 1.1 1.1333333 1.1666666 1.2 1.2333333 1.2666667 1.3 1.3333334 1.3666667 1.4 1.4333333 1.4666667 1.5 1.5333333 1.5666667 1.6 1.6333333 1.6666666 1.7 1.7333333 1.7666667 1.8 1.8333334 1.8666667 1.9 1.9333333 1.9666667 2 2.0333333 2.0666666 2.1 2.1333334 2.1666667</float_array>
        <technique_common>
          <accessor source="#Motion_76_Neck_transform_frame_array_id" count="66" stride="1">
            <param name="TIME" type="float" />
          </accessor>
        </technique_common>
      </source>
      <source id="Motion_76_Neck_transform_interp_id" name="Motion_76_Neck_transform_interp">
        <Name_array id="Motion_76_Neck_transform_interp_array_id" count="66">LINEAR LINEAR LINEAR LINEAR LINEAR LINEAR LINEAR LINEAR LINEAR LINEAR LINEAR LINEAR LINEAR LINEAR LINEAR LINEAR LINEAR LINEAR LINEAR LINEAR LINEAR LINEAR LINEAR LINEAR LINEAR LINEAR LINEAR LINEAR LINEAR LINEAR LINEAR LINEAR LINEAR LINEAR LINEAR LINEAR LINEAR LINEAR LINEAR LINEAR LINEAR LINEAR LINEAR LINEAR LINEAR LINEAR LINEAR LINEAR LINEAR LINEAR LINEAR LINEAR LINEAR LINEAR LINEAR LINEAR LINEAR LINEAR LINEAR LINEAR LINEAR LINEAR LINEAR LINEAR LINEAR LINEAR</Name_array>
        <technique_common>
          <accessor source="#Motion_76_Neck_transform_interp_array_id" count="66" stride="1">
            <param name="INTERPOLATION" type="Name" />
          </accessor>
        </technique_common>
      </source>
      <source id="Motion_76_Neck_transform_pose_id" name="Motion_76_Neck_transform_pose">
        <float_array id="Motion_76_Neck_transform_pose_array_id" count="1056">0.9893835 0.109007806 0.09611213 5.41815 -0.11212091 0.9933114 0.027591538 0 -0.092461586 -0.038074795 0.994988 0 0 0 0 1 0.9879828 0.11704703 0.10094531 5.41815 -0.119479105 0.9926667 0.018372454 0 -0.0980546 -0.030212525 0.9947223 0 0 0 0 1 0.98584586 0.12517051 0.11153619 5.41815 -0.12648757 0.99195665 0.0047834283 0 -0.11004032 -0.018823665 0.99374884 0 0 0 0 1 0.98342705 0.1316357 0.12467259 5.41815 -0.13132864 0.991281 -0.010714592 0 -0.12499599 -0.005836062 0.99214005 0 0 0 0 1 0.98166674 0.1335205 0.13602474 5.41815 -0.1313953 0.99102664 -0.024524935 0 -0.13807872 0.006202304 0.99040186 0 0 0 0 1 0.98171884 0.12743689 0.14137891 5.41815 -0.12398641 0.9917354 -0.032988545 0 -0.14441442 0.014856412 0.98940575 0 0 0 0 1 0.9843443 0.10991427 0.1377866 5.41815 -0.10639754 0.9937873 -0.032656264 0 -0.14051995 0.017484855 0.9899234 0 0 0 0 1 0.9897145 0.07761658 0.1201702 5.41815 -0.075587206 0.99691033 -0.02136155 0 -0.12145693 0.012058506 0.99252343 0 0 0 0 1 0.99618214 0.028210158 0.08261571 5.41815 -0.028444787 0.999594 0.001664175 0 -0.082535215 -0.004007808 0.99658006 0 0 0 0 1 0.99912494 -0.022392036 0.035325974 5.41815 0.021123158 0.9991324 0.03589244 0 -0.03609903 -0.035114836 0.9987311 0 0 0 0 1 0.9982731 -0.057971194 -0.009498576 5.41815 0.05852616 0.99539894 0.07586608 0 0.0050568245 -0.07629099 0.99707276 0 0 0 0 1 0.9955075 -0.080200076 -0.050327163 5.41815 0.08551969 0.98974615 0.1144069 0 0.04063567 -0.11819689 0.99215835 0 0 0 0 1 0.99203867 -0.09210514 -0.08588324 5.41815 0.10385067 0.9840834 0.14420432 0 0.07123431 -0.1519753 0.985814 0 0 0 0 1 0.98858136 -0.09706118 -0.11526491 5.41815 0.11504183 0.98017937 0.16128796 0 0.09732549 -0.17270657 0.98015314 0 0 0 0 1 0.98549473 -0.097868934 -0.13864277 5.41815 0.121049106 0.97796685 0.17008226 0 0.11894227 -0.18439774 0.97562814 0 0 0 0 1 0.9828432 -0.0962591 -0.15733223 5.41815 0.12376188 0.97665197 0.17559579 0 0.13675614 -0.19205487 0.97180897 0 0 0 0 1 0.98040956 -0.09506344 -0.1725111 5.41815 0.12639898 0.9753503 0.180873 0 0.15106434 -0.19913486 0.9682587 0 0 0 0 1 0.9650874 -0.13546912 -0.22417489 5.41815 0.17886184 0.9660942 0.1862001 0 0.19134969 -0.21979572 0.9565956 0 0 0 0 1 0.95595896 -0.16399263 -0.243411 5.41815 0.20703392 0.9646259 0.16319887 0 0.20803714 -0.20640574 0.9560948 0 0 0 0 1 0.9838603 -0.11104087 -0.14031695 5.41815 0.12825367 0.9844249 0.12024422 0 0.12477948 -0.13629968 0.98277795 0 0 0 0 1 0.99844825 -0.02661079 -0.048918255 5.41815 0.03013797 0.99688816 0.072840296 0 0.04682769 -0.07420156 0.9961432 0 0 0 0 1 0.9973112 0.038776845 -0.062183388 5.41815 -0.036149412 0.9984279 0.042835787 0 0.06374667 -0.040472716 0.99714506 0 0 0 0 1 0.99345744 0.04088629 -0.10663311 5.41815 -0.03807278 0.9988744 0.02828937 0 0.10766974 -0.024044465 0.9938959 0 0 0 0 1 0.9934139 -0.032077525 -0.109999366 5.41815 0.03423125 0.9992564 0.017746702 0 0.10934829 -0.021395236 0.9937732 0 0 0 0 1 0.9957033 -0.056949526 -0.07301882 5.41815 0.05888445 0.99796104 0.024624202 0 0.07146761 -0.02881807 0.9970265 0 0 0 0 1 0.99883884 -0.009043559 -0.047319476 5.41815 0.010960618 0.999123 0.040411763 0 0.04691251 -0.04088349 0.998062 0 0 0 0 1 0.99715936 0.04933437 -0.056914687 5.41815 -0.046418734 0.99759567 0.05146084 0 0.059316635 -0.04867275 0.9970519 0 0 0 0 1 0.99617964 0.041618608 -0.076772384 5.41815 -0.03791111 0.99807245 0.04913372 0 0.07866927 -0.046035487 0.9958373 0 0 0 0 1 0.99638635 -0.031099206 -0.07903883 5.41815 0.03379398 0.99888426 0.032988235 0 0.07792473 -0.03554006 0.99632555 0 0 0 0 1 0.9968216 -0.056593228 -0.056070343 5.41815 0.057625506 0.9981941 0.016966615 0 0.05500889 -0.02014377 0.9982827 0 0 0 0 1 0.9991781 -0.009046658 -0.03951295 5.41815 0.00920177 0.99995065 0.0037454742 0 0.039477114 -0.0041059847 0.999212 0 0 0 0 1 0.9969088 0.0505108 -0.060178984 5.41815 -0.050724387 0.99871063 -0.0020258515 0 0.059999067 0.0050721313 0.9981856 0 0 0 0 1 0.9948757 0.04268151 -0.09165442 5.41815 -0.042675067 0.9990869 0.002030977 0 0.091657415 0.0018907884 0.9957888 0 0 0 0 1 0.995279 -0.031903483 -0.0916615 5.41815 0.032679357 0.99944156 0.006975773 0 0.09138776 -0.009938278 0.9957658 0 0 0 0 1 0.99660814 -0.05664396 -0.059696678 5.41815 0.058043864 0.998072 0.02198172 0 0.058336448 -0.025372185 0.9979745 0 0 0 0 1 0.99926305 -0.009050079 -0.03730242 5.41815 0.010542775 0.9991434 0.040015563 0 0.03690832 -0.040379345 0.9985025 0 0 0 0 1 0.9980723 0.04076949 -0.04679172 5.41815 -0.03839379 0.997981 0.0505943 0 0.048759956 -0.048700258 0.99762255 0 0 0 0 1 0.9973739 0.030448278 -0.06571379 5.41815 -0.027337423 0.9984861 0.047730472 0 0.06706762 -0.045808677 0.9966963 0 0 0 0 1 0.9973885 -0.022382252 -0.06866772 5.41815 0.024766997 0.9991123 0.034076173 0 0.067844056 -0.035687875 0.99705744 0 0 0 0 1 0.99581903 -0.07513624 -0.051952258 5.41815 0.076091565 0.99696165 0.016659202 0 0.050542697 -0.02054268 0.9985106 0 0 0 0 1 0.99474543 -0.09841216 -0.028223665 5.41815 0.09848545 0.99513775 0.0012146978 0 0.027966892 -0.003987935 0.9996009 0 0 0 0 1 0.99550724 -0.094639905 0.0029422895 5.41815 0.094663255 0.9954668 -0.009202174 0 -0.0020580587 0.009439358 0.9999533 0 0 0 0 1 0.9955121 -0.08471891 0.042169895 5.41815 0.085420564 0.99623024 -0.015121194 0 -0.040729877 0.018655507 0.998996 0 0 0 0 1 0.99444884 -0.07026773 0.07831968 5.41815 0.07188126 0.9972513 -0.017973207 0 -0.07684146 0.02350315 0.99676627 0 0 0 0 1 0.99397784 -0.053737093 0.09550034 5.41815 0.05578653 0.9982635 -0.018919315 0 -0.09431783 0.024133015 0.99524957 0 0 0 0 1 0.99587005 -0.03736977 0.08274245 5.41815 0.039013144 0.99907047 -0.018333856 0 -0.08198041 0.021486182 0.9964023 0 0 0 0 1 0.9989585 -0.023053765 0.03937517 5.41815 0.023674954 0.99960136 -0.015383323 0 -0.039004833 0.016299507 0.99910605 0 0 0 0 1 0.9997233 -0.012332895 -0.020028416 5.41815 0.012142257 0.9998801 -0.009612286 0 0.020144563 0.009366438 0.9997532 0 0 0 0 1 0.9966318 -0.007216588 -0.08168805 5.41815 0.007065207 0.99997276 -0.0021420708 0 0.08170128 0.0015577129 0.99665564 0 0 0 0 1 0.9909248 -0.010199649 -0.13402991 5.41815 0.011015976 0.999925 0.0053504417 0 0.1339653 -0.0067783557 0.99096286 0 0 0 0 1 0.98595953 -0.02338003 -0.16533962 5.41815 0.025586922 0.99960953 0.011230033 0 0.16501251 -0.015302889 0.98617274 0 0 0 0 1 0.9836663 -0.04023392 -0.17544745 5.41815 0.043688577 0.9989191 0.015871128 0 0.17461924 -0.023276942 0.9843609 0 0 0 0 1 0.9834843 -0.053654924 -0.17285764 5.41815 0.058082014 0.9980982 0.020652084 0 0.17142081 -0.030350922 0.9847303 0 0 0 0 1 0.9853175 -0.06283529 -0.1587485 5.41815 0.06778386 0.99736255 0.02594708 0 0.1566994 -0.0363267 0.98697805 0 0 0 0 1 0.9886138 -0.0667528 -0.13485871 5.41815 0.07166641 0.9969181 0.03190996 0 0.132313 -0.041211467 0.9903509 0 0 0 0 1 0.99264497 -0.06434032 -0.10254905 5.41815 0.0685907 0.9969029 0.038470957 0 0.099756196 -0.045221914 0.99398375 0 0 0 0 1 0.99640137 -0.054709986 -0.064739 5.41815 0.057667635 0.9973331 0.044733904 0 0.062118955 -0.04830627 0.99689907 0 0 0 0 1 0.9989237 -0.03867636 -0.025602927 5.41815 0.039908133 0.9979771 0.04948887 0 0.023637084 -0.05045737 0.99844646 0 0 0 0 1 0.99978805 -0.0176757 0.010554434 5.41815 0.017102009 0.99849164 0.05217267 0 -0.011460702 -0.051981106 0.9985823 0 0 0 0 1 0.99914265 0.0068084286 0.04083647 5.41815 -0.008952584 0.9985779 0.052555036 0 -0.040420577 -0.052875567 0.9977827 0 0 0 0 1 0.9975169 0.033434484 0.06198535 5.41815 -0.036603305 0.99804235 0.050711703 0 -0.060168482 -0.052854646 0.9967879 0 0 0 0 1 0.9954334 0.05804956 0.075780064 5.41815 -0.061739042 0.99697155 0.047286082 0 -0.07280563 -0.051748734 0.99600273 0 0 0 0 1 0.99339503 0.07706047 0.08501766 5.41815 -0.08092932 0.99579036 0.04303467 0 -0.081343494 -0.049630847 0.99544966 0 0 0 0 1 0.99164385 0.09129837 0.091143005 5.41815 -0.09509517 0.99473447 0.038213633 0 -0.087174244 -0.046561576 0.9951044 0 0 0 0 1 0.9903174 0.101739824 0.09444806 5.41815 -0.10525729 0.9938965 0.033026345 0 -0.0905115 -0.042647913 0.9949818 0 0 0 0 1 0.9903174 0.101739824 0.09444806 5.41815 -0.10525729 0.9938965 0.033026345 0 -0.0905115 -0.042647913 0.9949818 0 0 0 0 1</float_array>
        <technique_common>
          <accessor source="#Motion_76_Neck_transform_pose_array_id" count="66" stride="16">
            <param name="TRANSFORM" type="float4x4" />
          </accessor>
        </technique_common>
      </source>
      <sampler id="Motion_76_Neck_transform_samp_id">
        <input semantic="INPUT" source="#Motion_76_Neck_transform_frame_id" />
        <input semantic="INTERPOLATION" source="#Motion_76_Neck_transform_interp_id" />
        <input semantic="OUTPUT" source="#Motion_76_Neck_transform_pose_id" />
      </sampler>
      <channel source="#Motion_76_Neck_transform_samp_id" target="Neck_bone_id/transform" />
    </animation>
    <animation id="Motion_76_Head_transform_id" name="Motion_76_Head_transform">
      <source id="Motion_76_Head_transform_frame_id" name="Motion_76_Head_transform_frame">
        <float_array id="Motion_76_Head_transform_frame_array_id" count="66">0 0.033333335 0.06666667 0.1 0.13333334 0.16666667 0.2 0.23333333 0.26666668 0.3 0.33333334 0.36666667 0.4 0.43333334 0.46666667 0.5 0.53333336 0.56666666 0.6 0.6333333 0.6666667 0.7 0.73333335 0.76666665 0.8 0.8333333 0.8666667 0.9 0.93333334 0.96666664 1 1.0333333 1.0666667 1.1 1.1333333 1.1666666 1.2 1.2333333 1.2666667 1.3 1.3333334 1.3666667 1.4 1.4333333 1.4666667 1.5 1.5333333 1.5666667 1.6 1.6333333 1.6666666 1.7 1.7333333 1.7666667 1.8 1.8333334 1.8666667 1.9 1.9333333 1.9666667 2 2.0333333 2.0666666 2.1 2.1333334 2.1666667</float_array>
        <technique_common>
          <accessor source="#Motion_76_Head_transform_frame_array_id" count="66" stride="1">
            <param name="TIME" type="float" />
          </accessor>
        </technique_common>
      </source>
      <source id="Motion_76_Head_transform_interp_id" name="Motion_76_Head_transform_interp">
        <Name_array id="Motion_76_Head_transform_interp_array_id" count="66">LINEAR LINEAR LINEAR LINEAR LINEAR LINEAR LINEAR LINEAR LINEAR LINEAR LINEAR LINEAR LINEAR LINEAR LINEAR LINEAR LINEAR LINEAR LINEAR LINEAR LINEAR LINEAR LINEAR LINEAR LINEAR LINEAR LINEAR LINEAR LINEAR LINEAR LINEAR LINEAR LINEAR LINEAR LINEAR LINEAR LINEAR LINEAR LINEAR LINEAR LINEAR LINEAR LINEAR LINEAR LINEAR LINEAR LINEAR LINEAR LINEAR LINEAR LINEAR LINEAR LINEAR LINEAR LINEAR LINEAR LINEAR LINEAR LINEAR LINEAR LINEAR LINEAR LINEAR LINEAR LINEAR LINEAR</Name_array>
        <technique_common>
          <accessor source="#Motion_76_Head_transform_interp_array_id" count="66" stride="1">
            <param name="INTERPOLATION" type="Name" />
          </accessor>
        </technique_common>
      </source>
      <source id="Motion_76_Head_transform_pose_id" name="Motion_76_Head_transform_pose">
        <float_array id="Motion_76_Head_transform_pose_array_id" count="1056">0.97886217 0.16827917 0.11623653 4.8402977 -0.17720354 0.9815955 0.07119755 0 -0.10211619 -0.09029011 0.99066645 0 0 0 0 1 0.9756982 0.17704464 0.12910546 4.8402977 -0.18545683 0.9810413 0.056246832 0 -0.11669959 -0.07882342 0.9900344 0 0 0 0 1 0.97164834 0.18684275 0.14487684 4.8402977 -0.1938154 0.98039615 0.035481866 0 -0.13540718 -0.06255526 0.9888133 0 0 0 0 1 0.96729827 0.19680049 0.16001143 4.8402977 -0.2012512 0.9794669 0.011938889 0 -0.15437631 -0.043750953 0.98704296 0 0 0 0 1 0.96391606 0.20474534 0.17013285 4.8402977 -0.20604114 0.9784902 -0.010197591 0 -0.16856122 -0.025224742 0.9853684 0 0 0 0 1 0.96299046 0.20830305 0.17105313 4.8402977 -0.2068104 0.9780166 -0.02670165 0 -0.17285483 -0.009662131 0.98489994 0 0 0 0 1 0.96582365 0.2050087 0.15860684 4.8402977 -0.20226358 0.9787601 -0.03343732 0 -0.162093 0.00021416321 0.98677546 0 0 0 0 1 0.9728559 0.19255571 0.12834977 4.8402977 -0.19072382 0.98128515 -0.026531028 0 -0.13105641 0.0013315082 0.991374 0 0 0 0 1 0.9825864 0.16958816 0.07592041 4.8402977 -0.16982363 0.9854686 -0.0033907024 0 -0.07539221 -0.009561422 0.9971081 0 0 0 0 1 0.98890823 0.14765553 0.016073285 4.8402977 -0.14809065 0.9885038 0.030485466 0 -0.011387154 -0.032527633 0.999406 0 0 0 0 1 0.9898457 0.13796936 -0.0342039 4.8402977 -0.13535465 0.98834777 0.069625996 0 0.0434116 -0.06428934 0.9969866 0 0 0 0 1 0.987559 0.13812524 -0.07515703 4.8402977 -0.12953606 0.98554736 0.1091641 0 0.08914913 -0.09807045 0.9911784 0 0 0 0 1 0.9836147 0.14427501 -0.108105764 4.8402977 -0.12829894 0.98144877 0.14246978 0 0.1266551 -0.12626551 0.9838778 0 0 0 0 1 0.9791064 0.15240324 -0.13462502 4.8402977 -0.12946773 0.97771937 0.16523618 0 0.15680802 -0.1443542 0.9770226 0 0 0 0 1 0.97486126 0.15904558 -0.15604499 4.8402977 -0.13026968 0.9750155 0.17992923 0 0.18076324 -0.15507811 0.97122365 0 0 0 0 1 0.9714515 0.16168268 -0.17361069 4.8402977 -0.12808622 0.9734261 0.18983042 0 0.19968948 -0.16217393 0.96634555 0 0 0 0 1 0.9695512 0.15656435 -0.18830302 4.8402977 -0.11867731 0.9730022 0.19794549 0 0.21421048 -0.169571 0.9619561 0 0 0 0 1 0.95342815 0.04291767 -0.29855126 4.8402977 0.016732508 0.9807747 0.19442494 0 0.3011558 -0.19036572 0.93438005 0 0 0 0 1 0.92970496 -0.10067937 -0.35427716 4.8402977 0.15588883 0.9790689 0.13085398 0 0.33368745 -0.17688346 0.92594004 0 0 0 0 1 0.98685527 -0.10728487 -0.120858155 4.8402977 0.12089075 0.9863819 0.11151769 0 0.107248135 -0.12466245 0.9863859 0 0 0 0 1 0.99575204 -0.035875637 0.084798425 4.8402977 0.02880771 0.99612045 0.083151504 0 -0.08745256 -0.080355436 0.9929225 0 0 0 0 1 0.99653965 0.040618315 0.07251795 4.8402977 -0.043805495 0.998118 0.042914093 0 -0.07063837 -0.045942277 0.99644345 0 0 0 0 1 0.9978897 0.058315508 0.028555136 4.8402977 -0.0590987 0.9978761 0.027397308 0 -0.0268968 -0.029027063 0.9992167 0 0 0 0 1 0.9995207 -0.018648563 0.024709295 4.8402977 0.017951405 0.99944276 0.028142074 0 -0.025220335 -0.027685018 0.9992985 0 0 0 0 1 0.99627227 -0.061005387 0.060991358 4.8402977 0.058751356 0.9975456 0.03809251 0 -0.06316551 -0.03436718 0.99741113 0 0 0 0 1 0.995957 -0.023932822 0.08658453 4.8402977 0.019740622 0.99860597 0.048953854 0 -0.087635435 -0.0470467 0.995041 0 0 0 0 1 0.99588764 0.046389684 0.07781929 4.8402977 -0.05043214 0.99743414 0.050811175 0 -0.0752625 -0.054526817 0.9956718 0 0 0 0 1 0.99661946 0.0573163 0.058859557 4.8402977 -0.060221788 0.99698967 0.048835773 0 -0.05588328 -0.05221531 0.997071 0 0 0 0 1 0.99829155 -0.016555473 0.05603497 4.8402977 0.0141604785 0.9989802 0.04287153 0 -0.05668759 -0.042004805 0.9975079 0 0 0 0 1 0.99516696 -0.059500635 0.07811771 4.8402977 0.057188265 0.9978659 0.031513758 0 -0.07982609 -0.026894033 0.99644595 0 0 0 0 1 0.99519706 -0.02397015 0.09491202 4.8402977 0.02288017 0.99965936 0.012555913 0 -0.09518066 -0.010324004 0.99540645 0 0 0 0 1 0.99607944 0.047410715 0.07468602 4.8402977 -0.047360186 0.9988749 -0.0024484938 0 -0.07471807 -0.0010982491 0.99720407 0 0 0 0 1 0.99734503 0.058628757 0.043192048 4.8402977 -0.05874982 0.9982715 0.0015378101 0 -0.043027233 -0.0040712524 0.9990656 0 0 0 0 1 0.9989191 -0.017668536 0.042993523 4.8402977 0.016942194 0.99970853 0.01720041 0 -0.0432849 -0.016453415 0.9989273 0 0 0 0 1 0.99543524 -0.05987336 0.07432264 4.8402977 0.057285573 0.9976912 0.036476772 0 -0.07633503 -0.032052647 0.9965669 0 0 0 0 1 0.9950389 -0.023934146 0.0965643 4.8402977 0.019250227 0.9986059 0.049149174 0 -0.097606026 -0.047046456 0.9941125 0 0 0 0 1 0.9954334 0.037283257 0.087877035 4.8402977 -0.04191491 0.99779487 0.051463455 0 -0.08576453 -0.0549118 0.99480104 0 0 0 0 1 0.99650556 0.045752015 0.06988123 4.8402977 -0.049220104 0.99759805 0.048739623 0 -0.06748344 -0.05200887 0.99636394 0 0 0 0 1 0.9977672 -0.0015000709 0.066771016 4.8402977 -0.0012783919 0.9991356 0.041549634 0 -0.066775635 -0.04154222 0.9969028 0 0 0 0 1 0.99572736 -0.040380493 0.083044775 4.8402977 0.03798677 0.9988216 0.030205896 0 -0.08416664 -0.026922235 0.9960879 0 0 0 0 1 0.99290943 -0.053915735 0.105943345 4.8402977 0.052495155 0.9984905 0.016154105 0 -0.10665438 -0.010478051 0.99424094 0 0 0 0 1 0.98937756 -0.050362494 0.13636585 4.8402977 0.05027776 0.99872696 0.0040676775 0 -0.13639711 0.0028317003 0.9906502 0 0 0 0 1 0.9837889 -0.03934457 0.17496108 4.8402977 0.04039157 0.999181 -0.0024258783 0 -0.17472233 0.009453504 0.98457235 0 0 0 0 1 0.9773028 -0.023348153 0.21055666 4.8402977 0.024947233 0.9996766 -0.0049411906 0 -0.2103732 0.010081845 0.97756916 0 0 0 0 1 0.9737565 -0.005062295 0.22753617 4.8402977 0.0061831875 0.999972 -0.0042136814 0 -0.22750849 0.0055099986 0.9737605 0 0 0 0 1 0.97647464 0.013217675 0.21522678 4.8402977 -0.013495533 0.9999089 -0.00017853035 0 -0.21520953 -0.0027302697 0.9765641 0 0 0 0 1 0.98570764 0.02955945 0.1658513 4.8402977 -0.03142738 0.9994686 0.008649101 0 -0.1655075 -0.013737756 0.98611283 0 0 0 0 1 0.9947693 0.04221282 0.093016855 4.8402977 -0.04448507 0.9987568 0.02249091 0 -0.09195181 -0.026511127 0.9954105 0 0 0 0 1 0.99872226 0.04915066 0.011748342 4.8402977 -0.049575694 0.9980031 0.039140444 0 -0.009801105 -0.039672863 0.99916464 0 0 0 0 1 0.99700385 0.047726944 -0.06087281 4.8402977 -0.044359982 0.99747205 0.055512868 0 0.06336839 -0.052646227 0.9966006 0 0 0 0 1 0.9934664 0.03550253 -0.10846236 4.8402977 -0.028155858 0.9972516 0.06853119 0 0.1105973 -0.065029584 0.9917355 0 0 0 0 1 0.9905618 0.019200081 -0.1357154 4.8402977 -0.008649707 0.99692327 0.07790523 0 0.13679361 -0.07599605 0.98768014 0 0 0 0 1 0.9877239 0.006302567 -0.1560826 4.8402977 0.0071309973 0.99632484 0.085357755 0 0.15604696 -0.08542292 0.9840489 0 0 0 0 1 0.9858994 -0.002470688 -0.16732082 4.8402977 0.018048372 0.99562824 0.09164425 0 0.16636291 -0.093371876 0.9816339 0 0 0 0 1 0.986086 -0.006135257 -0.16612282 4.8402977 0.022619328 0.9949766 0.0975192 0 0.16469002 -0.09991989 0.9812712 0 0 0 0 1 0.9887194 -0.0036664829 -0.14973466 4.8402977 0.019370902 0.9944347 0.10355859 0 0.14852165 -0.10529088 0.98328793 0 0 0 0 1 0.9926681 0.0059313728 -0.12072625 4.8402977 0.007360953 0.993975 0.109359965 0 0.12064753 -0.10944681 0.9866436 0 0 0 0 1 0.9962354 0.021812458 -0.083900295 4.8402977 -0.012171961 0.99343556 0.11374374 0 0.08583056 -0.1122943 0.98996115 0 0 0 0 1 0.9981156 0.042519808 -0.044241805 4.8402977 -0.037144005 0.99256116 0.11594237 0 0.048842546 -0.11408057 0.9922701 0 0 0 0 1 0.9977552 0.06661391 -0.0068634925 4.8402977 -0.06537861 0.99115324 0.115503006 0 0.014496881 -0.11479501 0.9932834 0 0 0 0 1 0.99539065 0.092762016 0.0243435 4.8402977 -0.094925545 0.9891254 0.112339355 0 -0.013657948 -0.11413237 0.99337167 0 0 0 0 1 0.9918851 0.11694189 0.04988493 4.8402977 -0.121711604 0.98680985 0.10673589 0 -0.03674505 -0.111941315 0.9930352 0 0 0 0 1 0.98817354 0.135709 0.07138705 4.8402977 -0.14242403 0.9848068 0.09935289 0 -0.05681937 -0.10834513 0.9924882 0 0 0 0 1 0.9846104 0.14990906 0.08983104 4.8402977 -0.157977 0.9832717 0.090664305 0 -0.07473692 -0.10346026 0.99182177 0 0 0 0 1 0.98144704 0.16055134 0.10480921 4.8402977 -0.16934186 0.9822112 0.08114491 0 -0.089916855 -0.09738802 0.99117637 0 0 0 0 1 0.98144704 0.16055134 0.10480921 4.8402977 -0.16934186 0.9822112 0.08114491 0 -0.089916855 -0.09738802 0.99117637 0 0 0 0 1</float_array>
        <technique_common>
          <accessor source="#Motion_76_Head_transform_pose_array_id" count="66" stride="16">
            <param name="TRANSFORM" type="float4x4" />
          </accessor>
        </technique_common>
      </source>
      <sampler id="Motion_76_Head_transform_samp_id">
        <input semantic="INPUT" source="#Motion_76_Head_transform_frame_id" />
        <input semantic="INTERPOLATION" source="#Motion_76_Head_transform_interp_id" />
        <input semantic="OUTPUT" source="#Motion_76_Head_transform_pose_id" />
      </sampler>
      <channel source="#Motion_76_Head_transform_samp_id" target="Head_bone_id/transform" />
    </animation>
    <animation id="Motion_76_REar1_transform_id" name="Motion_76_REar1_transform">
      <source id="Motion_76_REar1_transform_frame_id" name="Motion_76_REar1_transform_frame">
        <float_array id="Motion_76_REar1_transform_frame_array_id" count="66">0 0.033333335 0.06666667 0.1 0.13333334 0.16666667 0.2 0.23333333 0.26666668 0.3 0.33333334 0.36666667 0.4 0.43333334 0.46666667 0.5 0.53333336 0.56666666 0.6 0.6333333 0.6666667 0.7 0.73333335 0.76666665 0.8 0.8333333 0.8666667 0.9 0.93333334 0.96666664 1 1.0333333 1.0666667 1.1 1.1333333 1.1666666 1.2 1.2333333 1.2666667 1.3 1.3333334 1.3666667 1.4 1.4333333 1.4666667 1.5 1.5333333 1.5666667 1.6 1.6333333 1.6666666 1.7 1.7333333 1.7666667 1.8 1.8333334 1.8666667 1.9 1.9333333 1.9666667 2 2.0333333 2.0666666 2.1 2.1333334 2.1666667</float_array>
        <technique_common>
          <accessor source="#Motion_76_REar1_transform_frame_array_id" count="66" stride="1">
            <param name="TIME" type="float" />
          </accessor>
        </technique_common>
      </source>
      <source id="Motion_76_REar1_transform_interp_id" name="Motion_76_REar1_transform_interp">
        <Name_array id="Motion_76_REar1_transform_interp_array_id" count="66">LINEAR LINEAR LINEAR LINEAR LINEAR LINEAR LINEAR LINEAR LINEAR LINEAR LINEAR LINEAR LINEAR LINEAR LINEAR LINEAR LINEAR LINEAR LINEAR LINEAR LINEAR LINEAR LINEAR LINEAR LINEAR LINEAR LINEAR LINEAR LINEAR LINEAR LINEAR LINEAR LINEAR LINEAR LINEAR LINEAR LINEAR LINEAR LINEAR LINEAR LINEAR LINEAR LINEAR LINEAR LINEAR LINEAR LINEAR LINEAR LINEAR LINEAR LINEAR LINEAR LINEAR LINEAR LINEAR LINEAR LINEAR LINEAR LINEAR LINEAR LINEAR LINEAR LINEAR LINEAR LINEAR LINEAR</Name_array>
        <technique_common>
          <accessor source="#Motion_76_REar1_transform_interp_array_id" count="66" stride="1">
            <param name="INTERPOLATION" type="Name" />
          </accessor>
        </technique_common>
      </source>
      <source id="Motion_76_REar1_transform_pose_id" name="Motion_76_REar1_transform_pose">
        <float_array id="Motion_76_REar1_transform_pose_array_id" count="1056">0.87115276 -0.4906549 0.018725608 18.047485 0.49014485 0.8712471 0.026200194 8.049966 -0.029169887 -0.013646111 0.9994813 0 0 0 0 1 0.8771982 -0.47836405 0.041122373 18.047485 0.47690254 0.8780146 0.04067307 8.049966 -0.055562582 -0.01606698 0.99832594 0 0 0 0 1 0.88285625 -0.46546113 0.06253584 18.047485 0.4626583 0.88486063 0.05448787 8.049966 -0.08069749 -0.019172229 0.99655426 0 0 0 0 1 0.8879093 -0.4525879 0.082348704 18.047485 0.44814938 0.8914291 0.06720266 8.049966 -0.10382314 -0.022765342 0.9943352 0 0 0 0 1 0.892231 -0.44038653 0.099917755 18.047485 0.4341622 0.8974143 0.07842673 8.049966 -0.12420569 -0.026594246 0.9919 0 0 0 0 1 0.89576954 -0.4294975 0.1145812 18.047485 0.4215196 0.9025575 0.08781347 8.049966 -0.14113179 -0.030362407 0.98952514 0 0 0 0 1 0.8984202 -0.42077565 0.12565427 18.047485 0.411282 0.9065376 0.09506139 8.049966 -0.15390985 -0.033725735 0.98750913 0 0 0 0 1 0.9001004 -0.4150624 0.13244791 18.047485 0.4044998 0.90906733 0.09988245 8.049966 -0.16186152 -0.036329087 0.98614454 0 0 0 0 1 0.9007463 -0.41297916 0.13455234 18.047485 0.40196338 0.9099557 0.10201019 8.049966 -0.16456474 -0.037800193 0.9856417 0 0 0 0 1 0.90124077 -0.41499868 0.12466412 18.047485 0.40488097 0.9089978 0.09896692 8.049966 -0.15439054 -0.038718887 0.9872509 0 0 0 0 1 0.9020527 -0.4209107 0.095578045 18.047485 0.4135923 0.9062448 0.08753116 8.049966 -0.123459905 -0.039427377 0.991566 0 0 0 0 1 0.9018389 -0.429534 0.04676641 18.047485 0.42627862 0.9021846 0.065950684 8.049966 -0.07052 -0.03954137 0.99672633 0 0 0 0 1 0.8977525 -0.43994167 -0.022175506 18.047485 0.44046548 0.89717555 0.032652665 8.049966 0.0055300537 -0.039081555 0.9992207 0 0 0 0 1 0.88773036 -0.45164472 -0.08917317 18.047485 0.45328093 0.8913652 -0.0021213535 8.049966 0.08044396 -0.03853731 0.9960139 0 0 0 0 1 0.8759714 -0.46365353 -0.13303952 18.047485 0.4644269 0.8851979 -0.027062943 8.049966 0.13031413 -0.03808077 0.9907412 0 0 0 0 1 0.86652505 -0.4745662 -0.15466501 18.047485 0.47425017 0.87941927 -0.041334424 8.049966 0.15563132 -0.0375326 0.9871019 0 0 0 0 1 0.8614959 -0.4836596 -0.15459037 18.047485 0.48299262 0.8744982 -0.0443964 8.049966 0.15666175 -0.03641869 0.9869806 0 0 0 0 1 0.86344576 -0.4867011 -0.13260259 18.047485 0.48655328 0.87291974 -0.035735507 8.049966 0.13314392 -0.033662554 0.9905249 0 0 0 0 1 0.8428762 -0.49286836 -0.2159641 18.047485 0.48495233 0.8696808 -0.09206806 8.049966 0.23319726 -0.02713031 0.9720509 0 0 0 0 1 0.8253873 -0.54366094 -0.15221229 18.047485 0.53826433 0.8391272 -0.07833909 8.049966 0.17031538 -0.017270355 0.98523825 0 0 0 0 1 0.8102608 -0.5860327 -0.006571328 18.047485 0.5860695 0.8102132 0.008779367 8.049966 0.00017918041 -0.010964831 0.99993986 0 0 0 0 1 0.8488415 -0.52215 0.08262908 18.047485 0.5177365 0.8526963 0.06969862 8.049966 -0.10685065 -0.016382992 0.9941401 0 0 0 0 1 0.9028625 -0.41743404 0.10289888 18.047485 0.41165882 0.90839887 0.0731332 8.049966 -0.12400152 -0.023669992 0.9919997 0 0 0 0 1 0.9108462 -0.40929547 0.05325894 18.047485 0.40686062 0.912065 0.05100826 8.049966 -0.06945307 -0.024791712 0.99727714 0 0 0 0 1 0.88044274 -0.47371072 0.02046341 18.047485 0.47293198 0.88045275 0.03373826 8.049966 -0.033999242 -0.020026803 0.9992212 0 0 0 0 1 0.8576423 -0.5141058 0.012037342 18.047485 0.51367927 0.8575606 0.026897432 8.049966 -0.024150876 -0.016885044 0.9995657 0 0 0 0 1 0.87924707 -0.47371283 0.050207075 18.047485 0.4715142 0.8804488 0.04984209 8.049966 -0.067815594 -0.020150162 0.99749434 0 0 0 0 1 0.9075172 -0.40929607 0.09428328 18.047485 0.40414664 0.91206473 0.06930682 8.049966 -0.11435947 -0.024792857 0.99313 0 0 0 0 1 0.9108392 -0.40929735 0.053362932 18.047485 0.40685654 0.91206414 0.0510568 8.049966 -0.06956783 -0.02479348 0.9972691 0 0 0 0 1 0.8804417 -0.47370294 0.020686183 18.047485 0.47293755 0.8804696 0.03321562 8.049966 -0.033947892 -0.019461144 0.9992341 0 0 0 0 1 0.8576423 -0.5141058 0.012037342 18.047485 0.51367927 0.8575606 0.026897432 8.049966 -0.024150876 -0.016885044 0.9995657 0 0 0 0 1 0.8792503 -0.47371474 0.050132938 18.047485 0.4715205 0.88044786 0.049799647 8.049966 -0.06773026 -0.020147648 0.99750024 0 0 0 0 1 0.90752804 -0.4092972 0.09417348 18.047485 0.40415606 0.9120642 0.06925904 8.049966 -0.11423979 -0.024793742 0.99314374 0 0 0 0 1 0.9108334 -0.4092959 0.0534731 18.047485 0.406849 0.9120648 0.05110489 8.049966 -0.069687955 -0.024792565 0.9972607 0 0 0 0 1 0.8804393 -0.4737039 0.020767674 18.047485 0.47293565 0.88046926 0.033253264 8.049966 -0.034037497 -0.019455707 0.99923116 0 0 0 0 1 0.8576423 -0.5141058 0.012037342 18.047485 0.51367927 0.8575606 0.026897432 8.049966 -0.024150876 -0.016885044 0.9995657 0 0 0 0 1 0.8792446 -0.473713 0.050248258 18.047485 0.47151324 0.88044906 0.049846955 8.049966 -0.06785418 -0.020134948 0.9974921 0 0 0 0 1 0.9075116 -0.40929708 0.09433253 18.047485 0.4041439 0.91206425 0.06932879 8.049966 -0.11441341 -0.024792766 0.9931238 0 0 0 0 1 0.9120518 -0.40659365 0.053320874 18.047485 0.40415254 0.9132673 0.051024497 8.049966 -0.06944245 -0.024987215 0.99727297 0 0 0 0 1 0.88668454 -0.46193695 0.020118037 18.047485 0.46113187 0.8866517 0.034729958 8.049966 -0.033880744 -0.021517452 0.9991942 0 0 0 0 1 0.85764945 -0.5141027 0.011657565 18.047485 0.5136851 0.8575604 0.026792413 8.049966 -0.023771115 -0.01699018 0.99957305 0 0 0 0 1 0.8493056 -0.5276233 0.017137278 18.047485 0.5270617 0.849338 0.028826576 8.049966 -0.029764913 -0.015450168 0.9994375 0 0 0 0 1 0.8563298 -0.515681 0.02779059 18.047485 0.5146855 0.85662025 0.03606375 8.049966 -0.04240337 -0.016579047 0.998963 0 0 0 0 1 0.87030506 -0.49079904 0.04105389 18.047485 0.48910752 0.8710649 0.044942416 8.049966 -0.057818294 -0.019033844 0.99814564 0 0 0 0 1 0.882627 -0.4671912 0.051980697 18.047485 0.46481487 0.8838947 0.051743038 8.049966 -0.07011935 -0.021508398 0.9973067 0 0 0 0 1 0.88637775 -0.45946124 0.056832068 18.047485 0.45672664 0.8879053 0.054999292 8.049966 -0.07573154 -0.022793427 0.9968677 0 0 0 0 1 0.8792338 -0.47321782 0.054889522 18.047485 0.47055253 0.880658 0.054971118 8.049966 -0.07435221 -0.022504058 0.9969781 0 0 0 0 1 0.86409295 -0.50123966 0.04584981 18.047485 0.4991243 0.86506075 0.05044695 8.049966 -0.06494889 -0.020706095 0.99767375 0 0 0 0 1 0.84505314 -0.5338877 0.02914006 18.047485 0.53271264 0.8453624 0.039744236 8.049966 -0.04585287 -0.018062713 0.9987849 0 0 0 0 1 0.8270377 -0.56214523 0.0011645728 18.047485 0.5620129 0.8268847 0.020078849 8.049966 -0.012250196 -0.015951462 0.9997977 0 0 0 0 1 0.8138493 -0.5796438 -0.04077249 18.047485 0.5797159 0.81474113 -0.011240832 8.049966 0.039734706 -0.014488119 0.9991052 0 0 0 0 1 0.8029729 -0.59040457 -0.08159051 18.047485 0.58897835 0.8069961 -0.043149315 8.049966 0.09131878 -0.013407313 0.9957315 0 0 0 0 1 0.7932544 -0.5994719 -0.10668157 18.047485 0.59607923 0.80030346 -0.06483771 8.049966 0.124246016 -0.012157874 0.99217695 0 0 0 0 1 0.7858918 -0.60682064 -0.11892377 18.047485 0.6019344 0.7947679 -0.077581786 8.049966 0.14159502 -0.010613419 0.98986775 0 0 0 0 1 0.7816472 -0.6116232 -0.12224804 18.047485 0.6060205 0.79109645 -0.08309959 8.049966 0.14753564 -0.009130258 0.9890146 0 0 0 0 1 0.780795 -0.6130692 -0.12043836 18.047485 0.6074544 0.7899866 -0.083188206 8.049966 0.14614482 -0.0082078725 0.98922914 0 0 0 0 1 0.7844691 -0.6091503 -0.11637899 18.047485 0.6040162 0.7930138 -0.079331785 8.049966 0.14061514 -0.008061472 0.99003154 0 0 0 0 1 0.79348195 -0.5984975 -0.11039545 18.047485 0.5941731 0.8010824 -0.07228695 8.049966 0.1316994 -0.008235615 0.99125546 0 0 0 0 1 0.80590975 -0.58314896 -0.1022092 18.047485 0.57980263 0.8123206 -0.06296229 8.049966 0.11974304 -0.008519229 0.99276835 0 0 0 0 1 0.8195217 -0.5656843 -0.09157185 18.047485 0.5633353 0.8245752 -0.052240707 8.049966 0.10505962 -0.008773258 0.9944272 0 0 0 0 1 0.83225995 -0.5488086 -0.07843804 18.047485 0.5473815 0.835898 -0.04059562 8.049966 0.08784543 -0.009149434 0.9960921 0 0 0 0 1 0.8428772 -0.5344146 -0.06292135 18.047485 0.5337563 0.8451661 -0.028257903 8.049966 0.06828042 -0.0097667305 0.9976184 0 0 0 0 1 0.85168993 -0.52208966 -0.045240402 18.047485 0.521972 0.8528251 -0.015315607 8.049966 0.046578273 -0.010570075 0.9988587 0 0 0 0 1 0.85910237 -0.5111625 -0.025612812 18.047485 0.5112885 0.8594071 -0.001853582 8.049966 0.022959314 -0.011503121 0.9996702 0 0 0 0 1 0.86547863 -0.500928 -0.004243294 18.047485 0.5009404 0.8653983 0.012024673 8.049966 -0.002351355 -0.012532733 0.9999187 0 0 0 0 1 0.86547863 -0.500928 -0.004243294 18.047485 0.5009404 0.8653983 0.012024673 8.049966 -0.002351355 -0.012532733 0.9999187 0 0 0 0 1</float_array>
        <technique_common>
          <accessor source="#Motion_76_REar1_transform_pose_array_id" count="66" stride="16">
            <param name="TRANSFORM" type="float4x4" />
          </accessor>
        </technique_common>
      </source>
      <sampler id="Motion_76_REar1_transform_samp_id">
        <input semantic="INPUT" source="#Motion_76_REar1_transform_frame_id" />
        <input semantic="INTERPOLATION" source="#Motion_76_REar1_transform_interp_id" />
        <input semantic="OUTPUT" source="#Motion_76_REar1_transform_pose_id" />
      </sampler>
      <channel source="#Motion_76_REar1_transform_samp_id" target="REar1_bone_id/transform" />
    </animation>
    <animation id="Motion_76_REar2_transform_id" name="Motion_76_REar2_transform">
      <source id="Motion_76_REar2_transform_frame_id" name="Motion_76_REar2_transform_frame">
        <float_array id="Motion_76_REar2_transform_frame_array_id" count="66">0 0.033333335 0.06666667 0.1 0.13333334 0.16666667 0.2 0.23333333 0.26666668 0.3 0.33333334 0.36666667 0.4 0.43333334 0.46666667 0.5 0.53333336 0.56666666 0.6 0.6333333 0.6666667 0.7 0.73333335 0.76666665 0.8 0.8333333 0.8666667 0.9 0.93333334 0.96666664 1 1.0333333 1.0666667 1.1 1.1333333 1.1666666 1.2 1.2333333 1.2666667 1.3 1.3333334 1.3666667 1.4 1.4333333 1.4666667 1.5 1.5333333 1.5666667 1.6 1.6333333 1.6666666 1.7 1.7333333 1.7666667 1.8 1.8333334 1.8666667 1.9 1.9333333 1.9666667 2 2.0333333 2.0666666 2.1 2.1333334 2.1666667</float_array>
        <technique_common>
          <accessor source="#Motion_76_REar2_transform_frame_array_id" count="66" stride="1">
            <param name="TIME" type="float" />
          </accessor>
        </technique_common>
      </source>
      <source id="Motion_76_REar2_transform_interp_id" name="Motion_76_REar2_transform_interp">
        <Name_array id="Motion_76_REar2_transform_interp_array_id" count="66">LINEAR LINEAR LINEAR LINEAR LINEAR LINEAR LINEAR LINEAR LINEAR LINEAR LINEAR LINEAR LINEAR LINEAR LINEAR LINEAR LINEAR LINEAR LINEAR LINEAR LINEAR LINEAR LINEAR LINEAR LINEAR LINEAR LINEAR LINEAR LINEAR LINEAR LINEAR LINEAR LINEAR LINEAR LINEAR LINEAR LINEAR LINEAR LINEAR LINEAR LINEAR LINEAR LINEAR LINEAR LINEAR LINEAR LINEAR LINEAR LINEAR LINEAR LINEAR LINEAR LINEAR LINEAR LINEAR LINEAR LINEAR LINEAR LINEAR LINEAR LINEAR LINEAR LINEAR LINEAR LINEAR LINEAR</Name_array>
        <technique_common>
          <accessor source="#Motion_76_REar2_transform_interp_array_id" count="66" stride="1">
            <param name="INTERPOLATION" type="Name" />
          </accessor>
        </technique_common>
      </source>
      <source id="Motion_76_REar2_transform_pose_id" name="Motion_76_REar2_transform_pose">
        <float_array id="Motion_76_REar2_transform_pose_array_id" count="1056">0.9852732 0.078829534 -0.1517321 9.313862 -0.078894936 0.99686724 0.0055987714 2.458075E-05 0.1516981 0.006454573 0.9884058 -4.79395E-06 0 0 0 1 0.98648804 0.0948656 -0.13357344 9.313862 -0.094595514 0.99548054 0.008381221 2.458075E-05 0.13376486 0.0043674745 0.99100345 -4.79395E-06 0 0 0 1 0.9868568 0.11648535 -0.11200335 9.313862 -0.11585913 0.9931919 0.01210622 2.458075E-05 0.11265101 0.0010295035 0.9936341 -4.79395E-06 0 0 0 1 0.98611605 0.14170149 -0.086578704 9.313862 -0.14083531 0.98990273 0.016063146 2.458075E-05 0.087980665 -0.0036467859 0.9961155 -4.79395E-06 0 0 0 1 0.98398334 0.16781785 -0.060116634 9.313862 -0.16691224 0.98577255 0.019817764 2.458075E-05 0.062587105 -0.009466145 0.9979946 -4.79395E-06 0 0 0 1 0.9807246 0.19220299 -0.035175186 9.313862 -0.19146976 0.98122483 0.02317661 2.458075E-05 0.03896938 -0.015994888 0.99911237 -4.79395E-06 0 0 0 1 0.9770945 0.21232277 -0.014334852 9.313862 -0.21190467 0.97693914 0.026198115 2.458075E-05 0.019566735 -0.02256041 0.999554 -4.79395E-06 0 0 0 1 0.97418696 0.22574261 -0.00017662928 9.313862 -0.22564188 0.97377497 0.029120957 2.458075E-05 0.0067458386 -0.028329404 0.99957585 -4.79395E-06 0 0 0 1 0.97301877 0.2306694 0.00511145 9.313862 -0.230713 0.97248966 0.032177243 2.458075E-05 0.002451473 -0.032488342 0.9994691 -4.79395E-06 0 0 0 1 0.973673 0.22782537 -0.0075141145 9.313862 -0.22741705 0.9731231 0.03623544 2.458075E-05 0.01556751 -0.033572633 0.999315 -4.79395E-06 0 0 0 1 0.97451335 0.21848065 -0.05089155 9.313862 -0.21645853 0.9753706 0.042401258 2.458075E-05 0.058901973 -0.030304682 0.9978037 -4.79395E-06 0 0 0 1 0.9693526 0.20355128 -0.13755871 9.313862 -0.1982993 0.9788133 0.051009025 2.458075E-05 0.14502724 -0.02216794 0.9891793 -4.79395E-06 0 0 0 1 0.9437977 0.18339205 -0.27497864 9.313862 -0.17330685 0.9829922 0.060755014 2.458075E-05 0.28144383 -0.009684764 0.9595288 -4.79395E-06 0 0 0 1 0.8970513 0.15835837 -0.41257933 9.313862 -0.14431563 0.98738116 0.06520334 2.458075E-05 0.41769853 0.0010509081 0.9085851 -4.79395E-06 0 0 0 1 0.85363454 0.13027716 -0.5043173 9.313862 -0.115173265 0.99146026 0.06116932 2.458075E-05 0.5079795 0.005867621 0.86134917 -4.79395E-06 0 0 0 1 0.8264522 0.100484 -0.55396724 9.313862 -0.086334124 0.9949255 0.051669225 2.458075E-05 0.5563481 0.0051241424 0.8309335 -4.79395E-06 0 0 0 1 0.82223725 0.06906456 -0.5649389 9.313862 -0.056696374 0.9976121 0.03944102 2.458075E-05 0.56631386 -0.0003998857 0.82418954 -4.79395E-06 0 0 0 1 0.8775458 0.022546781 -0.47896248 9.313862 -0.015519956 0.9997061 0.018625012 2.458075E-05 0.4792416 -0.0089108255 0.8776378 -4.79395E-06 0 0 0 1 0.7877307 -0.05539159 -0.6135243 9.313862 0.04288492 0.9984638 -0.035083745 2.458075E-05 0.6145252 0.0013256036 0.7888961 -4.79395E-06 0 0 0 1 0.82552683 -0.17881031 -0.53528714 9.313862 0.14850713 0.9838797 -0.09963103 2.458075E-05 0.5444732 0.0027541183 0.8387737 -4.79395E-06 0 0 0 1 0.94315445 -0.25500903 -0.21314342 9.313862 0.24595608 0.9668628 -0.06842428 2.458075E-05 0.22352926 0.012110734 0.97462195 -4.79395E-06 0 0 0 1 0.9883565 -0.12543094 0.08613108 9.313862 0.12540665 0.992089 0.0057141613 2.458075E-05 -0.08616643 0.0051537827 0.99626744 -4.79395E-06 0 0 0 1 0.9765822 0.10763278 0.18628569 9.313862 -0.10846429 0.9940837 -0.0057529164 2.458075E-05 -0.18580277 -0.01458715 0.9824788 -4.79395E-06 0 0 0 1 0.97440386 0.20731428 0.08693603 9.313862 -0.2074337 0.9782183 -0.0077576116 2.458075E-05 -0.086650684 -0.010474417 0.9961837 -4.79395E-06 0 0 0 1 0.9956958 0.091641776 0.013840195 9.313862 -0.09161732 0.99579144 -0.002392112 2.458075E-05 -0.014001165 0.0011138143 0.99990135 -4.79395E-06 0 0 0 1 0.9971311 -0.07543074 -0.006300988 9.313862 0.07538066 0.997124 -0.007840443 2.458075E-05 0.006874277 0.007342978 0.9999494 -4.79395E-06 0 0 0 1 0.9951136 -0.05506223 0.08195777 9.313862 0.055141795 0.9984777 0.0012940697 2.458075E-05 -0.08190426 0.0032315527 0.99663496 -4.79395E-06 0 0 0 1 0.97741365 0.116302736 0.17645462 9.313862 -0.11668228 0.993135 -0.008259665 2.458075E-05 -0.17620386 -0.01251602 0.98427415 -4.79395E-06 0 0 0 1 0.9744035 0.20720874 0.087191775 9.313862 -0.20734908 0.9782379 -0.0075439997 2.458075E-05 -0.08685748 -0.010728236 0.99616295 -4.79395E-06 0 0 0 1 0.9957304 0.09123811 0.014019103 9.313862 -0.09121342 0.9958285 -0.0023919903 2.458075E-05 -0.014178862 0.0011030473 0.99989885 -4.79395E-06 0 0 0 1 0.9971311 -0.07543074 -0.006300988 9.313862 0.07538066 0.997124 -0.007840443 2.458075E-05 0.006874277 0.007342978 0.9999494 -4.79395E-06 0 0 0 1 0.99515 -0.05466461 0.08178106 9.313862 0.054745905 0.9984995 0.0012496505 2.458075E-05 -0.081726655 0.0032335883 0.99664956 -4.79395E-06 0 0 0 1 0.9774453 0.116386846 0.17622359 9.313862 -0.11676164 0.9931255 -0.008277098 2.458075E-05 -0.17597549 -0.012485746 0.98431534 -4.79395E-06 0 0 0 1 0.97439843 0.20713596 0.08742093 9.313862 -0.20727499 0.9782533 -0.0075841574 2.458075E-05 -0.08709077 -0.010730182 0.99614257 -4.79395E-06 0 0 0 1 0.99576414 0.09084187 0.014197129 9.313862 -0.090816654 0.9958647 -0.0024123408 2.458075E-05 -0.01435756 0.0011127868 0.9998963 -4.79395E-06 0 0 0 1 0.9971311 -0.07543074 -0.006300988 9.313862 0.07538066 0.997124 -0.007840443 2.458075E-05 0.006874277 0.007342978 0.9999494 -4.79395E-06 0 0 0 1 0.9951504 -0.054268494 0.0820403 9.313862 0.054347128 0.99852127 0.0012759563 2.458075E-05 -0.08198824 0.0031888862 0.9966282 -4.79395E-06 0 0 0 1 0.9773778 0.11646752 0.17654452 9.313862 -0.11683664 0.99311614 -0.0083392365 2.458075E-05 -0.17630047 -0.012476281 0.98425734 -4.79395E-06 0 0 0 1 0.9748512 0.20513608 0.087088056 9.313862 -0.2052594 0.97867787 -0.007633091 2.458075E-05 -0.08679698 -0.010434515 0.99617136 -4.79395E-06 0 0 0 1 0.9965673 0.08159753 0.013979749 9.313862 -0.08156923 0.99666435 -0.0025835666 2.458075E-05 -0.01414393 0.0014343807 0.99989897 -4.79395E-06 0 0 0 1 0.99713457 -0.07542878 -0.0057549174 9.313862 0.07538281 0.99712396 -0.0078253085 2.458075E-05 0.0063286196 0.007369064 0.9999528 -4.79395E-06 0 0 0 1 0.99106085 -0.13212045 0.01850746 9.313862 0.1322356 0.991205 -0.0051372903 2.458075E-05 -0.017665947 0.007538712 0.9998155 -4.79395E-06 0 0 0 1 0.98990434 -0.1199893 0.07544509 9.313862 0.12003169 0.992762 0.0039886665 2.458075E-05 -0.07537762 0.0051074037 0.99714196 -4.79395E-06 0 0 0 1 0.9866976 -0.0699895 0.14672841 9.313862 0.06919864 0.9975477 0.010493787 2.458075E-05 -0.14710306 -0.00020078849 0.98912114 -4.79395E-06 0 0 0 1 0.97851056 -0.013215094 0.20577273 9.313862 0.011362114 0.9998836 0.010184079 2.458075E-05 -0.20588335 -0.0076272166 0.9785468 -4.79395E-06 0 0 0 1 0.97198176 0.019390821 0.23425518 9.313862 -0.022159033 0.9997122 0.009190557 2.458075E-05 -0.23400955 -0.014123921 0.9721317 -4.79395E-06 0 0 0 1 0.97163236 0.017256457 0.23586594 9.313862 -0.02089335 0.9996981 0.012928562 2.458075E-05 -0.23557164 -0.01748984 0.9716996 -4.79395E-06 0 0 0 1 0.9749601 -0.007942267 0.22223799 9.313862 0.0034763927 0.99978423 0.020478986 2.458075E-05 -0.2223527 -0.019193608 0.97477734 -4.79395E-06 0 0 0 1 0.98167247 -0.045462232 0.18507385 9.313862 0.041168097 0.9987879 0.026981305 2.458075E-05 -0.18607613 -0.018867668 0.98235416 -4.79395E-06 0 0 0 1 0.989602 -0.089616545 0.11250182 9.313862 0.087143816 0.9958374 0.02671786 2.458075E-05 -0.11442789 -0.016636211 0.9932923 -4.79395E-06 0 0 0 1 0.9912833 -0.13170075 -0.0035084048 9.313862 0.13173717 0.99118733 0.013890899 2.458075E-05 0.0016480447 -0.014232003 0.99989736 -4.79395E-06 0 0 0 1 0.9765112 -0.16614272 -0.13719502 9.313862 0.16642563 0.98600835 -0.009487283 2.458075E-05 0.13685167 -0.01356833 0.9904986 -4.79395E-06 0 0 0 1 0.9487862 -0.19306919 -0.25005805 9.313862 0.19020212 0.98109126 -0.035821017 2.458075E-05 0.25224572 -0.013575088 0.967568 -4.79395E-06 0 0 0 1 0.917758 -0.21233481 -0.33561027 9.313862 0.20446664 0.97709054 -0.059054974 2.458075E-05 0.34046102 -0.014422927 0.940148 -4.79395E-06 0 0 0 1 0.8947909 -0.22377819 -0.38635817 9.313862 0.21164516 0.9745199 -0.07427864 2.458075E-05 0.39313564 -0.015306981 0.91935307 -4.79395E-06 0 0 0 1 0.8887344 -0.2272861 -0.39811072 9.313862 0.21339983 0.9737233 -0.07952057 2.458075E-05 0.4057236 -0.0142841 0.91388416 -4.79395E-06 0 0 0 1 0.8976759 -0.21773869 -0.38310292 9.313862 0.20481956 0.97594094 -0.07475412 2.458075E-05 0.39016268 -0.011361998 0.9206758 -4.79395E-06 0 0 0 1 0.913198 -0.19105347 -0.3599555 9.313862 0.18057536 0.9815503 -0.06286203 2.458075E-05 0.36532444 -0.0075936187 0.9308493 -4.79395E-06 0 0 0 1 0.93154484 -0.15209359 -0.33029038 9.313862 0.14449853 0.9883602 -0.047583617 2.458075E-05 0.333683 -0.0034001935 0.9426792 -4.79395E-06 0 0 0 1 0.94881 -0.10689154 -0.29721007 9.313862 0.101998374 0.9942707 -0.031970825 2.458075E-05 0.29892465 1.9297004E-05 0.9542767 -4.79395E-06 0 0 0 1 0.9624413 -0.061780315 -0.26436698 9.313862 0.058993455 0.9980874 -0.018475879 2.458075E-05 0.2650028 0.0021860283 0.9642452 -4.79395E-06 0 0 0 1 0.9718235 -0.02159084 -0.23471874 9.313862 0.020131886 0.99976027 -0.008610398 2.458075E-05 0.23484838 0.0036424561 0.9720252 -4.79395E-06 0 0 0 1 0.9779101 0.012892498 -0.20862792 9.313862 -0.013647685 0.9999045 -0.0021806369 2.458075E-05 0.20857988 0.004979755 0.97799265 -4.79395E-06 0 0 0 1 0.9816526 0.041327354 -0.18614551 9.313862 -0.0417017 0.9991283 0.0019057363 2.458075E-05 0.18606201 0.005891813 0.98252034 -4.79395E-06 0 0 0 1 0.9838829 0.06335451 -0.16721447 9.313862 -0.06353134 0.9979706 0.004297133 2.458075E-05 0.16714735 0.006395482 0.9859112 -4.79395E-06 0 0 0 1 0.9838829 0.06335451 -0.16721447 9.313862 -0.06353134 0.9979706 0.004297133 2.458075E-05 0.16714735 0.006395482 0.9859112 -4.79395E-06 0 0 0 1</float_array>
        <technique_common>
          <accessor source="#Motion_76_REar2_transform_pose_array_id" count="66" stride="16">
            <param name="TRANSFORM" type="float4x4" />
          </accessor>
        </technique_common>
      </source>
      <sampler id="Motion_76_REar2_transform_samp_id">
        <input semantic="INPUT" source="#Motion_76_REar2_transform_frame_id" />
        <input semantic="INTERPOLATION" source="#Motion_76_REar2_transform_interp_id" />
        <input semantic="OUTPUT" source="#Motion_76_REar2_transform_pose_id" />
      </sampler>
      <channel source="#Motion_76_REar2_transform_samp_id" target="REar2_bone_id/transform" />
    </animation>
    <animation id="Motion_76_LEar1_transform_id" name="Motion_76_LEar1_transform">
      <source id="Motion_76_LEar1_transform_frame_id" name="Motion_76_LEar1_transform_frame">
        <float_array id="Motion_76_LEar1_transform_frame_array_id" count="66">0 0.033333335 0.06666667 0.1 0.13333334 0.16666667 0.2 0.23333333 0.26666668 0.3 0.33333334 0.36666667 0.4 0.43333334 0.46666667 0.5 0.53333336 0.56666666 0.6 0.6333333 0.6666667 0.7 0.73333335 0.76666665 0.8 0.8333333 0.8666667 0.9 0.93333334 0.96666664 1 1.0333333 1.0666667 1.1 1.1333333 1.1666666 1.2 1.2333333 1.2666667 1.3 1.3333334 1.3666667 1.4 1.4333333 1.4666667 1.5 1.5333333 1.5666667 1.6 1.6333333 1.6666666 1.7 1.7333333 1.7666667 1.8 1.8333334 1.8666667 1.9 1.9333333 1.9666667 2 2.0333333 2.0666666 2.1 2.1333334 2.1666667</float_array>
        <technique_common>
          <accessor source="#Motion_76_LEar1_transform_frame_array_id" count="66" stride="1">
            <param name="TIME" type="float" />
          </accessor>
        </technique_common>
      </source>
      <source id="Motion_76_LEar1_transform_interp_id" name="Motion_76_LEar1_transform_interp">
        <Name_array id="Motion_76_LEar1_transform_interp_array_id" count="66">LINEAR LINEAR LINEAR LINEAR LINEAR LINEAR LINEAR LINEAR LINEAR LINEAR LINEAR LINEAR LINEAR LINEAR LINEAR LINEAR LINEAR LINEAR LINEAR LINEAR LINEAR LINEAR LINEAR LINEAR LINEAR LINEAR LINEAR LINEAR LINEAR LINEAR LINEAR LINEAR LINEAR LINEAR LINEAR LINEAR LINEAR LINEAR LINEAR LINEAR LINEAR LINEAR LINEAR LINEAR LINEAR LINEAR LINEAR LINEAR LINEAR LINEAR LINEAR LINEAR LINEAR LINEAR LINEAR LINEAR LINEAR LINEAR LINEAR LINEAR LINEAR LINEAR LINEAR LINEAR LINEAR LINEAR</Name_array>
        <technique_common>
          <accessor source="#Motion_76_LEar1_transform_interp_array_id" count="66" stride="1">
            <param name="INTERPOLATION" type="Name" />
          </accessor>
        </technique_common>
      </source>
      <source id="Motion_76_LEar1_transform_pose_id" name="Motion_76_LEar1_transform_pose">
        <float_array id="Motion_76_LEar1_transform_pose_array_id" count="1056">0.7388818 0.67211527 0.048111957 18.0475 -0.6701519 0.7404227 -0.051678292 -8.049967 -0.07035695 0.005941836 0.9975042 0 0 0 0 1 0.72859204 0.6819632 0.06387377 18.0475 -0.67876375 0.73137045 -0.06615923 -8.049967 -0.09183355 0.0048478805 0.9957626 0 0 0 0 1 0.7143579 0.69540393 0.07814179 18.0475 -0.6907363 0.71861035 -0.08051455 -8.049967 -0.112143636 0.00354084 0.9936857 0 0 0 0 1 0.6972908 0.71104044 0.09059288 18.0475 -0.7047749 0.7031487 -0.09420282 -8.049967 -0.13068229 0.0018391535 0.9914226 0 0 0 0 1 0.67907435 0.7270831 0.10103573 18.0475 -0.71922696 0.6865494 -0.106594846 -8.049967 -0.14686933 -0.00028179213 0.9891559 0 0 0 0 1 0.66154253 0.741887 0.109385416 18.0475 -0.7326069 0.6705194 -0.11700769 -8.049967 -0.16015153 -0.002730947 0.9870887 0 0 0 0 1 0.6466596 0.753962 0.11564009 18.0475 -0.7435929 0.65689635 -0.124726534 -8.049967 -0.17000262 -0.005333539 0.98542917 0 0 0 0 1 0.636431 0.7619344 0.12004864 18.0475 -0.7509563 0.6476052 -0.12912107 -8.049967 -0.17612588 -0.007974632 0.98433536 0 0 0 0 1 0.6325784 0.7647864 0.12225506 18.0475 -0.75368863 0.6442095 -0.13018273 -8.049967 -0.17831984 -0.009791467 0.98392385 0 0 0 0 1 0.6336384 0.76476187 0.116797484 18.0475 -0.7551877 0.64421177 -0.1211725 -8.049967 -0.16791043 -0.011424467 0.9857361 0 0 0 0 1 0.63703626 0.76441485 0.09927085 18.0475 -0.75872093 0.6445453 -0.0943605 -8.049967 -0.13611513 -0.015207812 0.99057627 0 0 0 0 1 0.64218915 0.7626504 0.07718513 18.0475 -0.76217103 0.64602137 -0.041853648 -8.049967 -0.081782945 -0.03195032 0.9961379 0 0 0 0 1 0.6493609 0.7583287 0.05716748 18.0475 -0.76047015 0.6479051 0.043635935 -8.049967 -0.0039487258 -0.071809635 0.99741054 0 0 0 0 1 0.6579924 0.75178814 0.043133475 18.0475 -0.7500092 0.6491606 0.12679383 -8.049967 0.06732155 -0.115779884 0.9909908 0 0 0 0 1 0.6661014 0.7451282 0.033058163 18.0475 -0.737786 0.6517379 0.17581096 -8.049967 0.10945645 -0.14149776 0.9838687 0 0 0 0 1 0.67262304 0.73959863 0.023920666 18.0475 -0.72778046 0.65533656 0.20216234 -8.049967 0.1338429 -0.15338804 0.9790599 0 0 0 0 1 0.67829657 0.7346885 0.012104377 18.0475 -0.71900356 0.6602392 0.21706712 -8.049967 0.15148495 -0.15593898 0.9760816 0 0 0 0 1 0.69538903 0.71773934 -0.035837904 18.0475 -0.69185436 0.68213 0.23671968 -8.049967 0.19434914 -0.13981764 0.9709168 0 0 0 0 1 0.7369883 0.6659122 -0.11579774 18.0475 -0.63572866 0.74111843 0.21585295 -8.049967 0.22955896 -0.085465156 0.9695351 0 0 0 0 1 0.80928046 0.57695067 -0.110422656 18.0475 -0.56850195 0.81657654 0.10004154 -8.049967 0.14788757 -0.01818617 0.98883694 0 0 0 0 1 0.84907436 0.5270726 -0.035597328 18.0475 -0.5270918 0.84975404 0.009607386 -8.049967 0.03531276 0.010605674 0.99932003 0 0 0 0 1 0.80976737 0.5867442 0.0028280858 18.0475 -0.58670187 0.8097526 -0.009039814 -8.049967 -0.0075941077 0.0056609027 0.9999551 0 0 0 0 1 0.7394955 0.6728674 0.019895982 18.0475 -0.6726973 0.73976016 -0.015270617 -8.049967 -0.024993356 -0.002091419 0.9996854 0 0 0 0 1 0.7344979 0.67840385 0.016765412 18.0475 -0.6783041 0.7346846 -0.011922198 -8.049967 -0.020405356 -0.0026152171 0.99978834 0 0 0 0 1 0.7813461 0.6239888 -0.011672941 18.0475 -0.6239731 0.7814272 0.00539334 -8.049967 0.012486937 0.0030695363 0.9999173 0 0 0 0 1 0.80895585 0.587046 -0.031103097 18.0475 -0.5868659 0.80953395 0.01559674 -8.049967 0.034335017 0.005636275 0.9993945 0 0 0 0 1 0.7813461 0.62399316 -0.011440909 18.0475 -0.62396836 0.78142613 0.006055734 -8.049967 0.012718961 0.002407141 0.9999162 0 0 0 0 1 0.7344979 0.67840385 0.016765412 18.0475 -0.6783041 0.7346846 -0.011922198 -8.049967 -0.020405356 -0.0026152171 0.99978834 0 0 0 0 1 0.7344979 0.67840385 0.016765412 18.0475 -0.6783041 0.7346846 -0.011922198 -8.049967 -0.020405356 -0.0026152171 0.99978834 0 0 0 0 1 0.7813461 0.62399316 -0.011440909 18.0475 -0.62396836 0.78142613 0.006055734 -8.049967 0.012718961 0.002407141 0.9999162 0 0 0 0 1 0.8089557 0.5870342 -0.031328883 18.0475 -0.58687925 0.80953735 0.0149010345 -8.049967 0.03410932 0.0063319933 0.99939805 0 0 0 0 1 0.7813461 0.62399316 -0.011440909 18.0475 -0.62396836 0.78142613 0.006055734 -8.049967 0.012718961 0.002407141 0.9999162 0 0 0 0 1 0.7344979 0.67840385 0.016765412 18.0475 -0.6783041 0.7346846 -0.011922198 -8.049967 -0.020405356 -0.0026152171 0.99978834 0 0 0 0 1 0.7344979 0.67840385 0.016765412 18.0475 -0.6783041 0.7346846 -0.011922198 -8.049967 -0.020405356 -0.0026152171 0.99978834 0 0 0 0 1 0.7813461 0.62399316 -0.011440909 18.0475 -0.62396836 0.78142613 0.006055734 -8.049967 0.012718961 0.002407141 0.9999162 0 0 0 0 1 0.8089557 0.5870342 -0.031328883 18.0475 -0.58687925 0.80953735 0.0149010345 -8.049967 0.03410932 0.0063319933 0.99939805 0 0 0 0 1 0.7813461 0.62399316 -0.011440909 18.0475 -0.62396836 0.78142613 0.006055734 -8.049967 0.012718961 0.002407141 0.9999162 0 0 0 0 1 0.7344979 0.67840385 0.016765412 18.0475 -0.6783041 0.7346846 -0.011922198 -8.049967 -0.020405356 -0.0026152171 0.99978834 0 0 0 0 1 0.7324195 0.680599 0.018621428 18.0475 -0.68048394 0.7326491 -0.012915909 -8.049967 -0.022433529 -0.0032117204 0.99974316 0 0 0 0 1 0.772941 0.6344701 -0.0031414705 18.0475 -0.63447237 0.77294546 0.00034153578 -8.049967 0.0026448795 0.0017291892 0.999995 0 0 0 0 1 0.8089558 0.58703977 -0.031223625 18.0475 -0.586873 0.8095358 0.015225373 -8.049967 0.03421454 0.0060076485 0.99939644 0 0 0 0 1 0.8204252 0.5699096 -0.045885608 18.0475 -0.56951225 0.8216723 0.0225937 -8.049967 0.050579302 0.0075959736 0.99869114 0 0 0 0 1 0.81556624 0.5771089 -0.042390704 18.0475 -0.5768208 0.8166264 0.019977104 -8.049967 0.046146333 0.008159189 0.99890137 0 0 0 0 1 0.8009722 0.59823847 -0.023541309 18.0475 -0.5982429 0.8012785 0.007632892 -8.049967 0.023429435 0.007969687 0.99969375 0 0 0 0 1 0.7800028 0.6257462 0.0061162505 18.0475 -0.6256197 0.77998906 -0.014733364 -8.049967 -0.013989955 0.0076656183 0.99987274 0 0 0 0 1 0.7567786 0.6522288 0.043401547 18.0475 -0.6505676 0.7579859 -0.04710871 -8.049967 -0.06362342 0.0074152257 0.99794644 0 0 0 0 1 0.73824 0.6710241 0.0687631 18.0475 -0.6671088 0.7413937 -0.072809964 -8.049967 -0.09983777 0.007878762 0.9949725 0 0 0 0 1 0.7265161 0.6835669 0.07007508 18.0475 -0.6792383 0.7298378 -0.07727958 -8.049967 -0.1039692 0.008547194 0.9945438 0 0 0 0 1 0.71974003 0.6922341 0.052784435 18.0475 -0.68935627 0.72161037 -0.063767985 -8.049967 -0.08223217 0.00950909 0.99656785 0 0 0 0 1 0.714313 0.69941926 0.023867803 18.0475 -0.6984906 0.714641 -0.03740504 -8.049967 -0.043218717 0.010047469 0.9990151 0 0 0 0 1 0.70751536 0.70659626 -0.011993181 18.0475 -0.7066641 0.70754576 -0.0022132676 -8.049967 0.0069218385 0.010041071 0.9999256 0 0 0 0 1 0.7051959 0.7078126 -0.041232 18.0475 -0.70733184 0.7063354 0.027784687 -8.049967 0.048789974 0.0095710615 0.9987632 0 0 0 0 1 0.7142668 0.6974364 -0.058357053 18.0475 -0.6962201 0.7165725 0.042444114 -8.049967 0.07141913 0.01031293 0.9973931 0 0 0 0 1 0.7301315 0.6801301 -0.06580988 18.0475 -0.6787021 0.7330022 0.04551093 -8.049967 0.07919214 0.011436343 0.99679375 0 0 0 0 1 0.7459651 0.6626623 -0.06644278 18.0475 -0.66146046 0.7488104 0.041870672 -8.049967 0.07749916 0.012715206 0.99691135 0 0 0 0 1 0.75694335 0.65040374 -0.06333762 18.0475 -0.64953434 0.75946563 0.036291312 -8.049967 0.07170675 0.013669488 0.9973321 0 0 0 0 1 0.7634926 0.64314955 -0.058631845 18.0475 -0.64254874 0.7656138 0.031091353 -8.049967 0.064885736 0.013935795 0.9977954 0 0 0 0 1 0.7668849 0.63965535 -0.052235235 18.0475 -0.6392957 0.7685375 0.025517829 -8.049967 0.05646735 0.013824518 0.9983087 0 0 0 0 1 0.76826054 0.63860506 -0.04426356 18.0475 -0.63845056 0.7694186 0.019389296 -8.049967 0.04643931 0.0133640645 0.9988317 0 0 0 0 1 0.76811105 0.6393699 -0.034807675 18.0475 -0.6393712 0.76879585 0.012548282 -8.049967 0.03478299 0.0126165515 0.99931526 0 0 0 0 1 0.7663233 0.6420086 -0.023949428 18.0475 -0.6420961 0.76660883 0.0048515564 -8.049967 0.021474583 0.011659973 0.9997014 0 0 0 0 1 0.7630773 0.64619976 -0.011780711 18.0475 -0.6462745 0.76309526 -0.0038571965 -8.049967 0.0064972844 0.010556913 0.99992317 0 0 0 0 1 0.75854284 0.6516213 0.0016043321 18.0475 -0.6515439 0.7584866 -0.013731558 -8.049967 -0.010164639 0.009370683 0.99990445 0 0 0 0 1 0.75288624 0.65795344 0.016110117 18.0475 -0.65753216 0.75301427 -0.024918824 -8.049967 -0.028526576 0.00816812 0.99955964 0 0 0 0 1 0.7462748 0.66488546 0.031640723 18.0475 -0.6638611 0.7469123 -0.03755665 -8.049967 -0.048603714 0.007022538 0.9987935 0 0 0 0 1 0.7462748 0.66488546 0.031640723 18.0475 -0.6638611 0.7469123 -0.03755665 -8.049967 -0.048603714 0.007022538 0.9987935 0 0 0 0 1</float_array>
        <technique_common>
          <accessor source="#Motion_76_LEar1_transform_pose_array_id" count="66" stride="16">
            <param name="TRANSFORM" type="float4x4" />
          </accessor>
        </technique_common>
      </source>
      <sampler id="Motion_76_LEar1_transform_samp_id">
        <input semantic="INPUT" source="#Motion_76_LEar1_transform_frame_id" />
        <input semantic="INTERPOLATION" source="#Motion_76_LEar1_transform_interp_id" />
        <input semantic="OUTPUT" source="#Motion_76_LEar1_transform_pose_id" />
      </sampler>
      <channel source="#Motion_76_LEar1_transform_samp_id" target="LEar1_bone_id/transform" />
    </animation>
    <animation id="Motion_76_LEar2_transform_id" name="Motion_76_LEar2_transform">
      <source id="Motion_76_LEar2_transform_frame_id" name="Motion_76_LEar2_transform_frame">
        <float_array id="Motion_76_LEar2_transform_frame_array_id" count="66">0 0.033333335 0.06666667 0.1 0.13333334 0.16666667 0.2 0.23333333 0.26666668 0.3 0.33333334 0.36666667 0.4 0.43333334 0.46666667 0.5 0.53333336 0.56666666 0.6 0.6333333 0.6666667 0.7 0.73333335 0.76666665 0.8 0.8333333 0.8666667 0.9 0.93333334 0.96666664 1 1.0333333 1.0666667 1.1 1.1333333 1.1666666 1.2 1.2333333 1.2666667 1.3 1.3333334 1.3666667 1.4 1.4333333 1.4666667 1.5 1.5333333 1.5666667 1.6 1.6333333 1.6666666 1.7 1.7333333 1.7666667 1.8 1.8333334 1.8666667 1.9 1.9333333 1.9666667 2 2.0333333 2.0666666 2.1 2.1333334 2.1666667</float_array>
        <technique_common>
          <accessor source="#Motion_76_LEar2_transform_frame_array_id" count="66" stride="1">
            <param name="TIME" type="float" />
          </accessor>
        </technique_common>
      </source>
      <source id="Motion_76_LEar2_transform_interp_id" name="Motion_76_LEar2_transform_interp">
        <Name_array id="Motion_76_LEar2_transform_interp_array_id" count="66">LINEAR LINEAR LINEAR LINEAR LINEAR LINEAR LINEAR LINEAR LINEAR LINEAR LINEAR LINEAR LINEAR LINEAR LINEAR LINEAR LINEAR LINEAR LINEAR LINEAR LINEAR LINEAR LINEAR LINEAR LINEAR LINEAR LINEAR LINEAR LINEAR LINEAR LINEAR LINEAR LINEAR LINEAR LINEAR LINEAR LINEAR LINEAR LINEAR LINEAR LINEAR LINEAR LINEAR LINEAR LINEAR LINEAR LINEAR LINEAR LINEAR LINEAR LINEAR LINEAR LINEAR LINEAR LINEAR LINEAR LINEAR LINEAR LINEAR LINEAR LINEAR LINEAR LINEAR LINEAR LINEAR LINEAR</Name_array>
        <technique_common>
          <accessor source="#Motion_76_LEar2_transform_interp_array_id" count="66" stride="1">
            <param name="INTERPOLATION" type="Name" />
          </accessor>
        </technique_common>
      </source>
      <source id="Motion_76_LEar2_transform_pose_id" name="Motion_76_LEar2_transform_pose">
        <float_array id="Motion_76_LEar2_transform_pose_array_id" count="1056">0.762999 0.6295235 -0.14674012 9.564364 -0.6447166 0.7247731 -0.2429905 -3.530385E-05 -0.04661494 0.2800073 0.95886546 -5.66549E-06 0 0 0 1 0.7544924 0.6423849 -0.13447261 9.564364 -0.65345716 0.7161976 -0.24506068 -3.530385E-05 -0.06111433 0.2727685 0.96013665 -5.66549E-06 0 0 0 1 0.7385088 0.66398066 -0.11719415 9.564364 -0.6690933 0.7002685 -0.2488738 -3.530385E-05 -0.08318 0.26220933 0.96141946 -5.66549E-06 0 0 0 1 0.71619046 0.69116604 -0.09675084 9.564364 -0.6891736 0.6785413 -0.25420746 -3.530385E-05 -0.11005013 0.2487391 0.9622982 -5.66549E-06 0 0 0 1 0.68973404 0.72010964 -0.07555838 9.564364 -0.71075433 0.6534444 -0.26045862 -3.530385E-05 -0.13818556 0.23335063 0.9625239 -5.66549E-06 0 0 0 1 0.66200805 0.7474096 -0.05589584 9.564364 -0.73127353 0.62776786 -0.26673302 -3.530385E-05 -0.1642692 0.21745454 0.9621482 -5.66549E-06 0 0 0 1 0.6365514 0.7702039 -0.03985276 9.564364 -0.7486486 0.6046706 -0.2718432 -3.530385E-05 -0.1852769 0.20287788 0.961516 -5.66549E-06 0 0 0 1 0.6173781 0.7861189 -0.029345766 9.564364 -0.7612218 0.58758235 -0.27438718 -3.530385E-05 -0.19845793 0.1917393 0.9611714 -5.66549E-06 0 0 0 1 0.6075455 0.7938969 -0.024822779 9.564364 -0.7679901 0.57917106 -0.27340814 -3.530385E-05 -0.20268124 0.18517154 0.9615778 -5.66549E-06 0 0 0 1 0.6054226 0.79502946 -0.03730283 9.564364 -0.772389 0.5755811 -0.26855478 -3.530385E-05 -0.19203815 0.19140144 0.9625419 -5.66549E-06 0 0 0 1 0.60627407 0.7916588 -0.07555162 9.564364 -0.7799191 0.5733248 -0.25104755 -3.530385E-05 -0.15542841 0.21112777 0.9650218 -5.66549E-06 0 0 0 1 0.6031703 0.78415406 -0.1459038 9.564364 -0.79406834 0.5731328 -0.20242098 -3.530385E-05 -0.07510698 0.2379519 0.96836865 -5.66549E-06 0 0 0 1 0.58707345 0.76944375 -0.25159723 9.564364 -0.8068292 0.58151925 -0.104220815 -3.530385E-05 0.06611659 0.2641813 0.96220416 -5.66549E-06 0 0 0 1 0.5580651 0.75149524 -0.35187805 9.564364 -0.80316925 0.595749 -0.0014726818 -3.530385E-05 0.20852429 0.2834395 0.9360447 -5.66549E-06 0 0 0 1 0.5362295 0.7367811 -0.41183925 9.564364 -0.7906722 0.60924715 0.060460642 -3.530385E-05 0.29545814 0.29320902 0.9092486 -5.66549E-06 0 0 0 1 0.5229363 0.7243259 -0.44932118 9.564364 -0.77782 0.6211113 0.096004196 -3.530385E-05 0.3486168 0.29928693 0.8881969 -5.66549E-06 0 0 0 1 0.5124725 0.7126005 -0.47913706 9.564364 -0.7660982 0.63146794 0.119757265 -3.530385E-05 0.3878988 0.30569375 0.869532 -5.66549E-06 0 0 0 1 0.54066855 0.6532165 -0.5300809 9.564364 -0.7234007 0.68264604 0.10337219 -3.530385E-05 0.42938203 0.32757083 0.8416225 -5.66549E-06 0 0 0 1 0.6409379 0.51325744 -0.5707586 9.564364 -0.6284712 0.7778073 -0.0062998235 -3.530385E-05 0.44070673 0.36274314 0.8210938 -5.66549E-06 0 0 0 1 0.7852219 0.3437152 -0.5150597 9.564364 -0.4835757 0.85992104 -0.16337189 -3.530385E-05 0.38675725 0.37735352 0.8414411 -5.66549E-06 0 0 0 1 0.90535873 0.27201065 -0.32609174 9.564364 -0.3599334 0.8990293 -0.24938779 -3.530385E-05 0.2253299 0.3431567 0.91184974 -5.66549E-06 0 0 0 1 0.90791947 0.39304274 -0.14560096 9.564364 -0.41827035 0.8720292 -0.25419503 -3.530385E-05 0.027058776 0.29168916 0.9561303 -5.66549E-06 0 0 0 1 0.8118953 0.57600456 -0.09510391 9.564364 -0.579158 0.77416754 -0.25542235 -3.530385E-05 -0.07349806 0.26245642 0.9621407 -5.66549E-06 0 0 0 1 0.752482 0.64900607 -0.11208053 9.564364 -0.65389436 0.7158597 -0.24488167 -3.530385E-05 -0.078695744 0.25755787 0.9630529 -5.66549E-06 0 0 0 1 0.81763065 0.5552249 -0.15233329 9.564364 -0.57552624 0.7809347 -0.242715 -3.530385E-05 -0.015799053 0.28612304 0.95806265 -5.66549E-06 0 0 0 1 0.8960373 0.4125543 -0.16406123 9.564364 -0.44279376 0.8573746 -0.26237842 -3.530385E-05 0.032416582 0.30774614 0.9509161 -5.66549E-06 0 0 0 1 0.8922861 0.43298024 -0.12788114 9.564364 -0.4514222 0.85151476 -0.26672196 -3.530385E-05 -0.0065926686 0.2957207 0.9552517 -5.66549E-06 0 0 0 1 0.80935824 0.57920676 -0.097256385 9.564364 -0.5826058 0.7708552 -0.25759035 -3.530385E-05 -0.07422749 0.265145 0.96134716 -5.66549E-06 0 0 0 1 0.75248957 0.6489975 -0.11207917 9.564364 -0.6538858 0.7158673 -0.24488245 -3.530385E-05 -0.078694284 0.25755847 0.96305287 -5.66549E-06 0 0 0 1 0.8176838 0.55515176 -0.15231445 9.564364 -0.57545084 0.7809851 -0.2427316 -3.530385E-05 -0.015797578 0.28612718 0.9580614 -5.66549E-06 0 0 0 1 0.8960373 0.4125543 -0.16406123 9.564364 -0.44279376 0.8573746 -0.26237842 -3.530385E-05 0.032416582 0.30774614 0.9509161 -5.66549E-06 0 0 0 1 0.89224505 0.43306163 -0.12789178 9.564364 -0.45150313 0.85147566 -0.26670974 -3.530385E-05 -0.006605029 0.29571402 0.95525366 -5.66549E-06 0 0 0 1 0.80935156 0.5792158 -0.0972578 9.564364 -0.58261484 0.7708485 -0.25758967 -3.530385E-05 -0.074228965 0.26514444 0.9613472 -5.66549E-06 0 0 0 1 0.7524971 0.64898896 -0.11207784 9.564364 -0.6538774 0.7158747 -0.24488327 -3.530385E-05 -0.07869286 0.2575591 0.9630528 -5.66549E-06 0 0 0 1 0.81772965 0.5550864 -0.15230687 9.564364 -0.5753859 0.7810291 -0.24274397 -3.530385E-05 -0.015787765 0.28613418 0.9580595 -5.66549E-06 0 0 0 1 0.8960373 0.4125543 -0.16406123 9.564364 -0.44279376 0.8573746 -0.26237842 -3.530385E-05 0.032416582 0.30774614 0.9509161 -5.66549E-06 0 0 0 1 0.8922085 0.43313125 -0.12791118 9.564364 -0.45157537 0.8514417 -0.26669592 -3.530385E-05 -0.006605439 0.2957099 0.955255 -5.66549E-06 0 0 0 1 0.80934477 0.57922524 -0.09725839 9.564364 -0.58262426 0.77084255 -0.25758636 -3.530385E-05 -0.0742296 0.26514125 0.96134806 -5.66549E-06 0 0 0 1 0.75421154 0.647693 -0.10797555 9.564364 -0.65145415 0.71747017 -0.24666584 -3.530385E-05 -0.08229449 0.25637937 0.9630666 -5.66549E-06 0 0 0 1 0.8253349 0.5486052 -0.1336211 9.564364 -0.56373 0.7871388 -0.25024194 -3.530385E-05 -0.032105684 0.28185964 0.95891833 -5.66549E-06 0 0 0 1 0.8960373 0.4125543 -0.16406123 9.564364 -0.44279376 0.8573746 -0.26237842 -3.530385E-05 0.032416582 0.30774614 0.9509161 -5.66549E-06 0 0 0 1 0.9164628 0.35616237 -0.18233037 9.564364 -0.39489126 0.87854683 -0.26873106 -3.530385E-05 0.064473875 0.31828266 0.94580084 -5.66549E-06 0 0 0 1 0.91424906 0.36574975 -0.17428653 9.564364 -0.40151367 0.8754473 -0.2690332 -3.530385E-05 0.054179844 0.31594175 0.94723034 -5.66549E-06 0 0 0 1 0.8918751 0.42923543 -0.14253324 9.564364 -0.45221046 0.8518914 -0.2641719 -3.530385E-05 0.008030899 0.30006337 0.9538855 -5.66549E-06 0 0 0 1 0.84576017 0.52564657 -0.091572165 9.564364 -0.52969 0.80652106 -0.26258764 -3.530385E-05 -0.0641734 0.27059105 0.9605531 -5.66549E-06 0 0 0 1 0.7703004 0.6371267 -0.026587442 9.564364 -0.618744 0.7366893 -0.2728455 -3.530385E-05 -0.15425047 0.2266238 0.9616904 -5.66549E-06 0 0 0 1 0.6813948 0.73190606 0.0038299933 9.564364 -0.6999155 0.6531247 -0.28904396 -3.530385E-05 -0.21405447 0.19427238 0.9573082 -5.66549E-06 0 0 0 1 0.60374224 0.7967993 -0.024620727 9.564364 -0.767246 0.572411 -0.28927362 -3.530385E-05 -0.21639985 0.19353686 0.9569298 -5.66549E-06 0 0 0 1 0.5410384 0.8360659 -0.0909472 9.564364 -0.82174194 0.50254124 -0.26868665 -3.530385E-05 -0.17893502 0.22010492 0.9589244 -5.66549E-06 0 0 0 1 0.49319828 0.85308886 -0.17027865 9.564364 -0.86149395 0.4518016 -0.23174004 -3.530385E-05 -0.12076269 0.26098782 0.9577587 -5.66549E-06 0 0 0 1 0.46243775 0.85156834 -0.2469466 9.564364 -0.88509524 0.4268645 -0.18545368 -3.530385E-05 -0.05251377 0.30433205 0.9511174 -5.66549E-06 0 0 0 1 0.45524353 0.8369905 -0.30364484 9.564364 -0.89032006 0.43142998 -0.1455966 -3.530385E-05 0.0091385245 0.33662298 0.94159514 -5.66549E-06 0 0 0 1 0.47642827 0.8116914 -0.33789515 9.564364 -0.87717927 0.4649487 -0.11991334 -3.530385E-05 0.059771284 0.35352474 0.9335136 -5.66549E-06 0 0 0 1 0.5173908 0.77859 -0.35511166 9.564364 -0.8500797 0.5153096 -0.10872206 -3.530385E-05 0.09834252 0.35812503 0.92848 -5.66549E-06 0 0 0 1 0.5654738 0.74212795 -0.3598408 9.564364 -0.8155747 0.5680998 -0.11000248 -3.530385E-05 0.122789584 0.35568058 0.92650634 -5.66549E-06 0 0 0 1 0.6119302 0.70673776 -0.3550537 9.564364 -0.7796923 0.6143936 -0.12083269 -3.530385E-05 0.13274568 0.3507738 0.927004 -5.66549E-06 0 0 0 1 0.65125585 0.67713696 -0.34256595 9.564364 -0.7475744 0.65003914 -0.13631445 -3.530385E-05 0.13037774 0.3448691 0.929552 -5.66549E-06 0 0 0 1 0.6839329 0.65336925 -0.32456797 9.564364 -0.7197024 0.67708874 -0.15355563 -3.530385E-05 0.11943279 0.3386141 0.9333147 -5.66549E-06 0 0 0 1 0.7103903 0.63546234 -0.3025445 9.564364 -0.69627947 0.6972509 -0.17039964 -3.530385E-05 0.102666885 0.33170578 0.9377797 -5.66549E-06 0 0 0 1 0.7312162 0.62324363 -0.27729076 9.564364 -0.67727023 0.71181595 -0.1860725 -3.530385E-05 0.0814115 0.32386002 0.9425958 -5.66549E-06 0 0 0 1 0.74680746 0.6160712 -0.25046927 9.564364 -0.6625742 0.7216563 -0.2005184 -3.530385E-05 0.057219133 0.31570312 0.9471312 -5.66549E-06 0 0 0 1 0.7575701 0.61324674 -0.22364253 9.564364 -0.65197676 0.7275843 -0.21341829 -3.530385E-05 0.03184071 0.30748904 0.95101875 -5.66549E-06 0 0 0 1 0.76397854 0.6139905 -0.19837457 9.564364 -0.64520305 0.73029345 -0.22446471 -3.530385E-05 0.0070524365 0.2994781 0.9540771 -5.66549E-06 0 0 0 1 0.7666003 0.61747485 -0.17620659 9.564364 -0.64194053 0.73039174 -0.23332436 -3.530385E-05 -0.01537209 0.29198068 0.9563007 -5.66549E-06 0 0 0 1 0.7660879 0.6228511 -0.15863745 9.564364 -0.64185256 0.72843146 -0.23960994 -3.530385E-05 -0.033684816 0.28538412 0.9578211 -5.66549E-06 0 0 0 1 0.7660879 0.6228511 -0.15863745 9.564364 -0.64185256 0.72843146 -0.23960994 -3.530385E-05 -0.033684816 0.28538412 0.9578211 -5.66549E-06 0 0 0 1</float_array>
        <technique_common>
          <accessor source="#Motion_76_LEar2_transform_pose_array_id" count="66" stride="16">
            <param name="TRANSFORM" type="float4x4" />
          </accessor>
        </technique_common>
      </source>
      <sampler id="Motion_76_LEar2_transform_samp_id">
        <input semantic="INPUT" source="#Motion_76_LEar2_transform_frame_id" />
        <input semantic="INTERPOLATION" source="#Motion_76_LEar2_transform_interp_id" />
        <input semantic="OUTPUT" source="#Motion_76_LEar2_transform_pose_id" />
      </sampler>
      <channel source="#Motion_76_LEar2_transform_samp_id" target="LEar2_bone_id/transform" />
    </animation>
  </library_animations>
  <library_visual_scenes>
    <visual_scene id="pm0819_11_fi_00_clip_id" name="pm0819_11_fi_00_clip">
      <node id="pm0819_11_fi_bone_id" name="pm0819_11_fi" sid="pm0819_11_fi" type="JOINT">
        <matrix sid="transform">1 0 0 0 0 1 0 0 0 0 1 0 0 0 0 1</matrix>
        <node id="Origin_bone_id" name="Origin" sid="Origin" type="JOINT">
          <matrix sid="transform">1 0 0 0 0 1 0 0 0 0 1 0 0 0 0 1</matrix>
          <node id="Waist_bone_id" name="Waist" sid="Waist" type="JOINT">
            <matrix sid="transform">3.1391647E-07 -1 0 0 1 3.1391647E-07 0 5.788757 0 0 1 0 0 0 0 1</matrix>
            <node id="Spine1_bone_id" name="Spine1" sid="Spine1" type="JOINT">
              <matrix sid="transform">1 0 0 0.001 0 1 0 0 0 0 1 0 0 0 0 1</matrix>
              <node id="Spine2_bone_id" name="Spine2" sid="Spine2" type="JOINT">
                <matrix sid="transform">1 0 0 1.98263 0 1 0 0 0 0 1 0 0 0 0 1</matrix>
                <node id="Neck_bone_id" name="Neck" sid="Neck" type="JOINT">
                  <matrix sid="transform">1 0 0 5.41815 0 1 0 0 0 0 1 0 0 0 0 1</matrix>
                  <node id="Head_bone_id" name="Head" sid="Head" type="JOINT">
                    <matrix sid="transform">1 0 0 4.840298 0 1 0 0 0 0 1 0 0 0 0 1</matrix>
                    <node id="LEar1_bone_id" name="LEar1" sid="LEar1" type="JOINT">
                      <matrix sid="transform">0.70537543 0.7071024 0.049513794 18.0475 -0.7053668 0.7071111 -0.049513184 -8.049967 -0.07002265 0 0.9975454 0 0 0 0 1</matrix>
                      <node id="LEar2_bone_id" name="LEar2" sid="LEar2" type="JOINT">
                        <matrix sid="transform">1 0 0 9.564364 0 1 0 -3.5E-05 0 0 1 -6E-06 0 0 0 1</matrix>
                      </node>
                    </node>
                    <node id="REar1_bone_id" name="REar1" sid="REar1" type="JOINT">
                      <matrix sid="transform">0.70537543 -0.7071024 0.049513794 18.047485 0.7053668 0.7071111 0.049513184 8.049966 -0.07002265 0 0.9975454 0 0 0 0 1</matrix>
                      <node id="REar2_bone_id" name="REar2" sid="REar2" type="JOINT">
                        <matrix sid="transform">1 0 0 9.313862 0 1 0 2.5E-05 0 0 1 -5E-06 0 0 0 1</matrix>
                      </node>
                    </node>
                    <node id="Loc_Head_bone_id" name="Loc_Head" sid="Loc_Head" type="JOINT">
                      <matrix sid="transform">3.1391647E-07 1 0 21.83159 -1 3.1391647E-07 0 0 0 0 1 0 0 0 0 1</matrix>
                    </node>
                    <node id="Loc_Mouth_bone_id" name="Loc_Mouth" sid="Loc_Mouth" type="JOINT">
                      <matrix sid="transform">3.1391647E-07 1 0 5.987138 -1 3.1391647E-07 0 0 0 0 1 12.229816 0 0 0 1</matrix>
                    </node>
                    <node id="Loc_Eye_bone_id" name="Loc_Eye" sid="Loc_Eye" type="JOINT">
                      <matrix sid="transform">3.1391647E-07 1 0 13.835901 -1 3.1391647E-07 0 0 0 0 1 11.213694 0 0 0 1</matrix>
                    </node>
                  </node>
                </node>
              </node>
            </node>
            <node id="Hips_bone_id" name="Hips" sid="Hips" type="JOINT">
              <matrix sid="transform">-1 3.2584137E-07 0 -0.001 -3.2584137E-07 -1 0 0 0 0 1 0 0 0 0 1</matrix>
              <node id="TailA1_bone_id" name="TailA1" sid="TailA1" type="JOINT">
                <matrix sid="transform">3.1391647E-07 -6.2783295E-07 -1 5.291445 0 -1 6.2783295E-07 0 -1 -1.970871E-13 -3.1391647E-07 -9.920215 0 0 0 1</matrix>
                <node id="TailA2_bone_id" name="TailA2" sid="TailA2" type="JOINT">
                  <matrix sid="transform">1 0 0 6.654662 0 1 0 0 0 0 1 0 0 0 0 1</matrix>
                  <node id="TailB_bone_id" name="TailB" sid="TailB" type="JOINT">
                    <matrix sid="transform">0.3361503 0 -0.94180834 1.320165 0 1 0 0 0.94180834 0 0.3361503 0.394109 0 0 0 1</matrix>
                  </node>
                </node>
              </node>
              <node id="FeelerA_bone_id" name="FeelerA" sid="FeelerA" type="JOINT">
                <matrix sid="transform">0.051549025 7.019715E-08 -0.99867046 5.179708 0.3086058 0.9510566 0.015929582 2.919011 0.94979215 -0.30901664 0.049026024 8.983791 0 0 0 1</matrix>
              </node>
              <node id="FeelerB_bone_id" name="FeelerB" sid="FeelerB" type="JOINT">
                <matrix sid="transform">0.051548865 -4.1189773E-07 -0.9986705 5.179708 0.8079414 0.58778536 0.041703664 7.642069 0.5870039 -0.80901694 0.0303 5.552289 0 0 0 1</matrix>
              </node>
              <node id="FeelerC_bone_id" name="FeelerC" sid="FeelerC" type="JOINT">
                <matrix sid="transform">0.05154847 -3.1349913E-07 -0.9986705 5.179708 0.9986705 1.6181914E-08 0.05154847 9.446117 0 -1 3.1391647E-07 0 0 0 0 1</matrix>
              </node>
              <node id="FeelerD_bone_id" name="FeelerD" sid="FeelerD" type="JOINT">
                <matrix sid="transform">0.051548865 -3.3164847E-07 -0.9986705 5.179708 0.8079414 -0.58778536 0.0417041 7.642069 -0.5870039 -0.80901694 -0.030299399 -5.552289 0 0 0 1</matrix>
              </node>
              <node id="FeelerE_bone_id" name="FeelerE" sid="FeelerE" type="JOINT">
                <matrix sid="transform">0.051548943 2.2361505E-07 -0.9986705 5.179708 -0.8079425 -0.5877837 -0.04170416 -7.642064 -0.5870022 0.80901814 -0.030299444 -5.552286 0 0 0 1</matrix>
              </node>
              <node id="FeelerF_bone_id" name="FeelerF" sid="FeelerF" type="JOINT">
                <matrix sid="transform">0.051554423 3.1349902E-07 -0.99867016 5.179708 -0.99867016 1.6183783E-08 -0.051554423 -9.446115 0 1 3.1391647E-07 0 0 0 0 1</matrix>
              </node>
              <node id="FeelerG_bone_id" name="FeelerG" sid="FeelerG" type="JOINT">
                <matrix sid="transform">0.051548943 5.199312E-07 -0.9986705 5.179708 -0.8079425 0.5877837 -0.041703723 -7.642064 0.5870022 0.80901814 0.030300045 5.552286 0 0 0 1</matrix>
              </node>
              <node id="FeelerH_bone_id" name="FeelerH" sid="FeelerH" type="JOINT">
                <matrix sid="transform">0.051546082 5.0962467E-07 -0.99867064 5.179708 -0.30860534 0.9510568 -0.015928095 -2.919007 0.94979244 0.3090161 0.04902341 8.983796 0 0 0 1</matrix>
              </node>
            </node>
          </node>
          <node id="CamTgtHead_bone_id" name="CamTgtHead" sid="CamTgtHead" type="JOINT">
            <matrix sid="transform">1 0 0 0 0 1 0 31.866737 0 0 1 11.213694 0 0 0 1</matrix>
          </node>
        </node>
        <node id="pm0819_11_fi_BodySkin_bone_id" name="pm0819_11_fi_BodySkin" sid="pm0819_11_fi_BodySkin" type="JOINT">
          <matrix sid="transform">1 0 0 0 0 1 0 0 0 0 1 0 0 0 0 1</matrix>
        </node>
        <node id="pm0819_11_fi_TailSkin_bone_id" name="pm0819_11_fi_TailSkin" sid="pm0819_11_fi_TailSkin" type="JOINT">
          <matrix sid="transform">1 0 0 0 0 1 0 0 0 0 1 0 0 0 0 1</matrix>
        </node>
      </node>
    </visual_scene>
  </library_visual_scenes>
  <scene>
    <instance_visual_scene url="#pm0819_11_fi_00_clip_id" />
  </scene>
</COLLADA>