<?xml version="1.0" encoding="utf-8"?>
<COLLADA version="1.4.1" xmlns="http://www.collada.org/2005/11/COLLADASchema">
	<asset>
		<created>2026-02-16T07:45:23Z</created>
		<modified>2026-02-16T07:45:23Z</modified>
		<up_axis>Y_UP</up_axis>
	</asset>
	<library_images>
		<image id="pm0513_00_Body1.tga_id" name="pm0513_00_Body1.tga">
			<init_from>./pm0513_00_Body1.tga.png</init_from>
		</image>
		<image id="pm0513_00_Body2.tga_id" name="pm0513_00_Body2.tga">
			<init_from>./pm0513_00_Body2.tga.png</init_from>
		</image>
		<image id="pm0513_00_BodyNor.tga_id" name="pm0513_00_BodyNor.tga">
			<init_from>./pm0513_00_BodyNor.tga.png</init_from>
		</image>
		<image id="pm0513_00_Eye1.tga_id" name="pm0513_00_Eye1.tga">
			<init_from>./pm0513_00_Eye1.tga.png</init_from>
		</image>
		<image id="pm0513_00_Eye2.tga_id" name="pm0513_00_Eye2.tga">
			<init_from>./pm0513_00_Eye2.tga.png</init_from>
		</image>
		<image id="pm0513_00_EyeNor.tga_id" name="pm0513_00_EyeNor.tga">
			<init_from>./pm0513_00_EyeNor.tga.png</init_from>
		</image>
		<image id="pm0513_00_Mouth1.tga_id" name="pm0513_00_Mouth1.tga">
			<init_from>./pm0513_00_Mouth1.tga.png</init_from>
		</image>
		<image id="pm0513_00_Mouth2.tga_id" name="pm0513_00_Mouth2.tga">
			<init_from>./pm0513_00_Mouth2.tga.png</init_from>
		</image>
		<image id="pm0513_00_MouthNor.tga_id" name="pm0513_00_MouthNor.tga">
			<init_from>./pm0513_00_MouthNor.tga.png</init_from>
		</image>
		<image id="pm0513_00_Iris1.tga_id" name="pm0513_00_Iris1.tga">
			<init_from>./pm0513_00_Iris1.tga.png</init_from>
		</image>
		<image id="pm0513_00_Iris2.tga_id" name="pm0513_00_Iris2.tga">
			<init_from>./pm0513_00_Iris2.tga.png</init_from>
		</image>
	</library_images>
	<library_materials>
		<material id="Body00_mat_id" name="Body00_mat">
			<instance_effect url="#eff_Body00_id" />
		</material>
		<material id="LEye_mat_id" name="LEye_mat">
			<instance_effect url="#eff_LEye_id" />
		</material>
		<material id="REye_mat_id" name="REye_mat">
			<instance_effect url="#eff_REye_id" />
		</material>
		<material id="Mouth_mat_id" name="Mouth_mat">
			<instance_effect url="#eff_Mouth_id" />
		</material>
		<material id="LIris_mat_id" name="LIris_mat">
			<instance_effect url="#eff_LIris_id" />
		</material>
		<material id="RIris_mat_id" name="RIris_mat">
			<instance_effect url="#eff_RIris_id" />
		</material>
		<material id="Body01_mat_id" name="Body01_mat">
			<instance_effect url="#eff_Body01_id" />
		</material>
	</library_materials>
	<library_effects>
		<effect id="eff_Body00_id" name="eff_Body00">
			<profile_COMMON>
				<newparam sid="img_surface">
					<surface type="2D">
						<init_from>pm0513_00_Body1.tga_id</init_from>
						<format>PNG</format>
					</surface>
				</newparam>
				<newparam sid="img_sampler">
					<sampler2D>
						<source>img_surface</source>
						<wrap_s>MIRROR</wrap_s>
						<wrap_t>WRAP</wrap_t>
						<minfilter>LINEAR_MIPMAP_LINEAR</minfilter>
						<magfilter>LINEAR</magfilter>
						<mipfilter>LINEAR</mipfilter>
					</sampler2D>
				</newparam>
				<technique sid="img_technique">
					<phong>
						<emission>
							<color>0 0 0 1</color>
						</emission>
						<ambient>
							<color>0 0 0 1</color>
						</ambient>
						<diffuse>
							<texture texture="img_sampler" texcoord="uv" />
						</diffuse>
						<specular>
							<color>1 1 1 1</color>
						</specular>
					</phong>
				</technique>
			</profile_COMMON>
		</effect>
		<effect id="eff_LEye_id" name="eff_LEye">
			<profile_COMMON>
				<newparam sid="img_surface">
					<surface type="2D">
						<init_from>pm0513_00_Eye1.tga_id</init_from>
						<format>PNG</format>
					</surface>
				</newparam>
				<newparam sid="img_sampler">
					<sampler2D>
						<source>img_surface</source>
						<wrap_s>MIRROR</wrap_s>
						<wrap_t>WRAP</wrap_t>
						<minfilter>LINEAR_MIPMAP_LINEAR</minfilter>
						<magfilter>LINEAR</magfilter>
						<mipfilter>LINEAR</mipfilter>
					</sampler2D>
				</newparam>
				<technique sid="img_technique">
					<phong>
						<emission>
							<color>0 0 0 1</color>
						</emission>
						<ambient>
							<color>0 0 0 1</color>
						</ambient>
						<diffuse>
							<texture texture="img_sampler" texcoord="uv" />
						</diffuse>
						<specular>
							<color>1 1 1 1</color>
						</specular>
					</phong>
				</technique>
			</profile_COMMON>
		</effect>
		<effect id="eff_REye_id" name="eff_REye">
			<profile_COMMON>
				<newparam sid="img_surface">
					<surface type="2D">
						<init_from>pm0513_00_Eye1.tga_id</init_from>
						<format>PNG</format>
					</surface>
				</newparam>
				<newparam sid="img_sampler">
					<sampler2D>
						<source>img_surface</source>
						<wrap_s>MIRROR</wrap_s>
						<wrap_t>WRAP</wrap_t>
						<minfilter>LINEAR_MIPMAP_LINEAR</minfilter>
						<magfilter>LINEAR</magfilter>
						<mipfilter>LINEAR</mipfilter>
					</sampler2D>
				</newparam>
				<technique sid="img_technique">
					<phong>
						<emission>
							<color>0 0 0 1</color>
						</emission>
						<ambient>
							<color>0 0 0 1</color>
						</ambient>
						<diffuse>
							<texture texture="img_sampler" texcoord="uv" />
						</diffuse>
						<specular>
							<color>1 1 1 1</color>
						</specular>
					</phong>
				</technique>
			</profile_COMMON>
		</effect>
		<effect id="eff_Mouth_id" name="eff_Mouth">
			<profile_COMMON>
				<newparam sid="img_surface">
					<surface type="2D">
						<init_from>pm0513_00_Mouth1.tga_id</init_from>
						<format>PNG</format>
					</surface>
				</newparam>
				<newparam sid="img_sampler">
					<sampler2D>
						<source>img_surface</source>
						<wrap_s>MIRROR</wrap_s>
						<wrap_t>WRAP</wrap_t>
						<minfilter>LINEAR_MIPMAP_LINEAR</minfilter>
						<magfilter>LINEAR</magfilter>
						<mipfilter>LINEAR</mipfilter>
					</sampler2D>
				</newparam>
				<technique sid="img_technique">
					<phong>
						<emission>
							<color>0 0 0 1</color>
						</emission>
						<ambient>
							<color>0 0 0 1</color>
						</ambient>
						<diffuse>
							<texture texture="img_sampler" texcoord="uv" />
						</diffuse>
						<specular>
							<color>1 1 1 1</color>
						</specular>
					</phong>
				</technique>
			</profile_COMMON>
		</effect>
		<effect id="eff_LIris_id" name="eff_LIris">
			<profile_COMMON>
				<newparam sid="img_surface">
					<surface type="2D">
						<init_from>pm0513_00_Iris1.tga_id</init_from>
						<format>PNG</format>
					</surface>
				</newparam>
				<newparam sid="img_sampler">
					<sampler2D>
						<source>img_surface</source>
						<wrap_s>MIRROR</wrap_s>
						<wrap_t>WRAP</wrap_t>
						<minfilter>LINEAR_MIPMAP_LINEAR</minfilter>
						<magfilter>LINEAR</magfilter>
						<mipfilter>LINEAR</mipfilter>
					</sampler2D>
				</newparam>
				<technique sid="img_technique">
					<phong>
						<emission>
							<color>0 0 0 1</color>
						</emission>
						<ambient>
							<color>0 0 0 1</color>
						</ambient>
						<diffuse>
							<texture texture="img_sampler" texcoord="uv" />
						</diffuse>
						<specular>
							<color>1 1 1 1</color>
						</specular>
					</phong>
				</technique>
			</profile_COMMON>
		</effect>
		<effect id="eff_RIris_id" name="eff_RIris">
			<profile_COMMON>
				<newparam sid="img_surface">
					<surface type="2D">
						<init_from>pm0513_00_Iris1.tga_id</init_from>
						<format>PNG</format>
					</surface>
				</newparam>
				<newparam sid="img_sampler">
					<sampler2D>
						<source>img_surface</source>
						<wrap_s>MIRROR</wrap_s>
						<wrap_t>WRAP</wrap_t>
						<minfilter>LINEAR_MIPMAP_LINEAR</minfilter>
						<magfilter>LINEAR</magfilter>
						<mipfilter>LINEAR</mipfilter>
					</sampler2D>
				</newparam>
				<technique sid="img_technique">
					<phong>
						<emission>
							<color>0 0 0 1</color>
						</emission>
						<ambient>
							<color>0 0 0 1</color>
						</ambient>
						<diffuse>
							<texture texture="img_sampler" texcoord="uv" />
						</diffuse>
						<specular>
							<color>1 1 1 1</color>
						</specular>
					</phong>
				</technique>
			</profile_COMMON>
		</effect>
		<effect id="eff_Body01_id" name="eff_Body01">
			<profile_COMMON>
				<newparam sid="img_surface">
					<surface type="2D">
						<init_from>pm0513_00_Body1.tga_id</init_from>
						<format>PNG</format>
					</surface>
				</newparam>
				<newparam sid="img_sampler">
					<sampler2D>
						<source>img_surface</source>
						<wrap_s>MIRROR</wrap_s>
						<wrap_t>WRAP</wrap_t>
						<minfilter>LINEAR_MIPMAP_LINEAR</minfilter>
						<magfilter>LINEAR</magfilter>
						<mipfilter>LINEAR</mipfilter>
					</sampler2D>
				</newparam>
				<technique sid="img_technique">
					<phong>
						<emission>
							<color>0 0 0 1</color>
						</emission>
						<ambient>
							<color>0 0 0 1</color>
						</ambient>
						<diffuse>
							<texture texture="img_sampler" texcoord="uv" />
						</diffuse>
						<specular>
							<color>1 1 1 1</color>
						</specular>
					</phong>
				</technique>
			</profile_COMMON>
		</effect>
	</library_effects>
	<library_geometries>
		<geometry id="mesh_0_Body00_id" name="mesh_0_Body00">
			<mesh>
				<source id="mesh_0_Body00_position_id" name="mesh_0_Body00_position">
					<float_array id="mesh_0_Body00_position_array_id" count="2535">22.935202 22.420113 -2E-06 24.66968 22.016573 2.025897 24.66968 22.361053 -2E-06 26.030535 21.866972 1.805017 26.030535 22.191315 -2E-06 26.030535 21.866974 -1.80502 24.66968 22.016575 -2.025901 22.935202 22.094112 -2.025116 20.791681 21.920567 -1.949686 20.791681 22.271818 -2E-06 20.791681 21.845442 2.011805 22.935202 22.094112 2.101518 27.261309 21.62387 1.57508 27.261309 21.909878 -2E-06 27.261309 21.62387 -1.575083 20.791681 21.276512 -2.939641 22.935202 21.380192 -3.102042 20.791681 20.289621 -3.415029 22.935202 20.289621 -3.603693 24.669683 21.341421 -3.103245 24.66968 20.289621 -3.605089 26.030535 20.28962 -3.319435 26.030539 21.221405 -2.868888 27.261309 20.28962 -2.89443 27.261309 21.050388 -2.544492 27.261309 21.050388 2.54449 26.030535 21.221401 2.868885 27.261305 20.28962 2.894425 26.030535 20.28962 3.319431 24.66968 21.34142 3.103239 24.669676 20.28962 3.605085 24.669687 19.477104 3.425185 26.030539 19.512894 3.177811 23.143217 20.289621 3.603689 23.03921 21.380192 3.102037 20.791681 20.289621 3.415025 20.791681 21.276512 2.939637 27.261305 20.28962 2.894425 27.261305 19.561007 2.758853 23.987127 19.907522 3.545791 24.391005 19.395426 3.357948 23.204752 20.199738 3.629268 22.306414 19.991396 3.625991 24.66968 18.870447 2.397281 23.783388 18.800674 2.548603 23.829485 18.70523 -2E-06 24.669683 18.706509 -2E-06 26.030535 18.94444 2.149883 26.030539 18.785395 -2E-06 26.030535 19.00256 -2.356287 24.66968 18.925121 -2.742059 23.898005 18.758215 -1.169762 27.261309 19.09027 -1.996732 27.261309 18.893682 -1E-06 27.261305 19.059383 1.832526 22.935202 18.476837 -2E-06 22.935202 18.498184 2.548192 21.863443 18.489283 1.723868 21.863443 18.544125 -2E-06 22.061045 18.790695 2.710526 20.791681 18.785368 2.561828 27.261305 19.561005 -2.806396 26.030539 19.50228 -3.235385 27.261309 20.28962 -2.89443 26.030535 20.28962 -3.319435 24.66968 20.289621 -3.605089 24.669687 19.447649 -3.53656 22.935202 20.289621 -3.603693 22.935202 19.44092 -3.514978 20.791681 20.289621 -3.415029 20.791681 19.486908 -3.246501 22.935202 18.890676 -2.847703 21.80659 19.284876 3.428714 20.791681 20.289621 3.415025 20.791681 19.361546 3.156128 20.791681 18.957565 -2.785957 21.876505 18.650562 -1.215185 22.935202 18.650105 -1.274099 20.791681 18.642166 -2E-06 28.23633 20.289621 -2.064307 28.236326 19.628227 -1.993292 28.795767 20.289621 -1.065452 28.770975 19.737883 -0.936126 28.971197 20.28962 -1E-06 28.91722 19.76788 -1E-06 28.769854 19.724392 0.930318 28.795763 20.289621 1.065448 28.236326 19.628227 1.897444 28.236326 20.289621 2.064303 28.236326 19.23559 1.279812 28.704798 19.417831 0.679488 28.23633 19.047258 -1E-06 28.705526 19.378714 -0.000439 28.705164 19.42227 -0.6814 28.23633 19.19631 -1.524594 27.261309 19.09027 -1.996732 27.261309 18.893682 -1E-06 27.261305 19.059383 1.832526 27.261305 19.561007 2.758853 27.261305 20.28962 2.894425 19.42077 20.289621 -3.181171 19.42077 19.535254 -2.979834 18.049852 20.289621 -2.947313 18.049852 19.5836 -2.713167 16.678942 20.289625 -2.550554 16.709978 19.661818 -2.324346 19.420763 19.006523 -2.456988 18.049852 19.05548 -2.12802 19.420763 18.690163 -2E-06 18.049852 18.73816 -2E-06 15.308023 19.355583 -1.442558 15.308023 18.955202 0.002255 13.71863 19.500599 -1.039938 13.71863 20.289621 -1.470695 15.308023 20.287062 -2.041019 13.71863 19.159292 -2E-06 13.71863 19.500597 1.039935 15.308023 19.355583 1.44707 13.71863 20.28962 1.470691 15.308023 20.28706 2.045531 15.308023 21.253658 1.447069 13.71863 21.1136 1.039934 15.308023 21.654037 0.002255 13.71863 21.454906 -2E-06 13.71863 21.113602 -1.039939 15.308023 21.318754 -1.175168 13.71863 20.289621 -1.470695 15.308023 20.287062 -2.041019 12.416338 20.289621 1.095323 12.416338 21.009502 0.77451 12.416338 21.307686 -2E-06 12.416338 21.0095 -0.774514 12.416338 20.289621 -1.095327 12.416338 20.289621 -1.095327 12.416338 19.569742 -0.774514 12.416338 19.271557 -2E-06 12.416338 19.56974 0.77451 18.049852 21.948915 -2E-06 18.049852 21.631731 -1.613232 16.70997 21.02466 -2.211646 18.049852 21.048834 -2.515689 18.049852 19.002243 2.069995 16.687944 20.883312 2.193758 16.678942 20.289621 2.55055 18.049852 21.609806 1.83559 19.420763 22.110367 -2E-06 19.42077 21.727623 1.923698 19.420763 21.77615 -1.781459 19.420763 21.162674 -2.727665 11.273418 20.289621 1.065635 11.273418 20.997046 0.753518 11.273418 21.290073 -1E-06 11.273418 20.997044 -0.753521 11.273418 20.289623 -1.065639 11.273418 20.289623 -1.065639 11.273418 19.5822 -0.75352 11.273418 19.289173 -1E-06 11.273418 19.5822 0.753518 18.049852 21.047457 2.494647 19.42077 21.161983 2.717142 18.049852 20.289621 2.947309 18.049852 19.58789 2.717728 16.687937 19.707413 2.200818 19.42077 18.893806 2.315912 19.420763 18.690163 -2E-06 18.049852 18.73816 -2E-06 19.42077 19.474718 2.936928 19.42077 20.289621 3.181167 15.308023 19.355583 1.44707 15.308023 20.28706 2.045531 18.049852 20.289621 -2.947313 19.42077 20.289621 -3.181171 16.678942 20.289625 -2.550554 18.049852 21.048834 -2.515689 16.70997 21.02466 -2.211646 15.308023 20.287062 -2.041019 20.791681 21.845442 2.011805 20.791681 21.276512 2.939637 20.791681 22.271818 -2E-06 19.42077 21.727623 1.923698 19.420763 22.110367 -2E-06 19.420763 21.77615 -1.781459 20.791681 21.920567 -1.949686 19.420763 21.162674 -2.727665 20.791681 21.276512 -2.939641 20.791681 20.289621 -3.415029 20.791681 18.642166 -2E-06 20.791681 18.785368 2.561828 20.791681 19.361546 3.156128 20.791681 20.289621 3.415025 6.91279 1.395953 1.735806 6.994692 0.55566 1.641137 5.888498 1.449947 1.029978 8.12504 1.235225 3.163288 8.199244 0.425006 3.120403 5.846033 0.584239 0.955587 4.91437 0.688175 0.663731 4.911303 1.473564 0.745506 7.897181 0 3.188048 6.795877 0 1.818683 5.864939 0 1.239858 5.021715 -0 1.018305 8.598841 1.31173 4.506408 8.760469 0.377853 4.567452 8.512873 0 4.515464 8.120981 1.945212 4.344581 7.654696 1.835733 3.252717 7.286737 2.110713 4.184878 6.841105 2.065309 3.528174 6.575411 2.126029 2.611718 6.709932 1.920038 2.196429 5.913584 2.189756 1.81973 5.862993 1.958124 1.441161 4.996935 2.257569 1.458081 4.924135 2.021898 1.135852 6.427675 2.213166 4.521182 6.590631 2.18013 4.768076 8.481333 0 5.654937 8.736818 0.418651 5.957216 7.755671 0 6.390399 8.003328 0.407448 6.727123 8.637682 1.335736 5.902264 7.947901 1.38818 6.65617 7.402849 2.033449 5.956101 8.027399 2.043975 5.334224 7.111101 0.366121 7.117531 6.880693 -0 6.72341 5.766008 0.380448 6.813992 7.00741 1.32692 7.02364 5.81164 1.309291 6.752388 4.607164 0.480999 5.879797 4.629465 1.281619 5.754287 5.83433 -0 6.543469 4.794779 0 5.678264 3.591227 0.612123 4.241274 3.694315 1.295692 4.186505 3.160151 0.651718 2.832382 3.223764 1.391986 2.857805 3.409159 -0 3.000485 3.803713 0 4.147226 6.649866 1.95124 6.298475 5.822092 1.86405 6.148482 3.55356 1.983855 2.943592 3.968935 1.864189 4.045789 3.925272 2.251425 3.02029 4.366846 2.193145 3.909392 5.028666 2.139263 4.646633 4.804827 1.831626 5.329835 5.808161 2.133841 5.268077 5.703287 2.148435 4.745018 6.318529 2.146179 5.217201 6.590631 2.18013 4.768076 6.427675 2.213166 4.521182 3.432947 -0 2.033442 3.208727 0.673265 1.765355 3.956095 -0 1.256257 3.760981 0.694812 0.972533 3.275789 1.444584 1.81548 3.832727 1.497182 1.071295 4.035227 2.003548 1.305218 3.55884 1.96246 2.000739 4.263666 2.286193 1.611438 3.9153 2.238897 2.29906 6.774317 2.144844 5.041753 7.402849 2.033449 5.956101 8.027399 2.043975 5.334224 7.13682 2.193573 4.654347 8.120981 1.945212 4.344581 7.286737 2.110713 4.184878 6.428537 0 4.505774 8.512873 0 4.515464 7.199533 -0 5.621828 7.897181 0 3.188048 8.481333 0 5.654937 7.755671 0 6.390399 6.880693 -0 6.72341 5.83433 -0 6.543469 6.795877 0 1.818683 5.864939 0 1.239858 5.021715 -0 1.018305 3.956095 -0 1.256257 3.432947 -0 2.033442 3.409159 -0 3.000485 3.803713 0 4.147226 4.794779 0 5.678264 23.341585 18.424158 3.843588 24.282843 18.341322 4.565137 23.649862 18.254784 4.733473 24.217794 18.362305 5.193132 24.401102 18.79991 5.268024 24.581858 19.043798 4.67072 23.835321 18.208359 5.273177 23.477747 18.34484 5.446104 23.040464 18.377714 4.989828 23.354528 18.691795 5.610614 22.824873 18.85824 5.233405 23.682642 18.466158 5.531505 23.664713 18.649467 5.65982 24.188005 18.692158 5.488527 24.103079 18.476082 5.387785 23.905119 18.40775 5.491104 23.974894 18.622309 5.655949 24.469778 19.232456 3.902415 24.067492 18.578543 3.650705 24.391005 19.395426 3.357948 23.783388 18.800674 2.548603 22.935202 18.498184 2.548192 22.642809 18.565607 4.137712 22.061045 18.790695 2.710526 21.80659 19.284876 3.428714 22.398607 19.030304 4.428329 22.306414 19.991396 3.625991 22.744535 19.574657 4.517219 23.204752 20.199738 3.629268 23.477934 19.837236 4.352317 23.987127 19.907522 3.545791 24.164465 19.608288 4.163258 24.391005 19.395426 3.357948 24.469778 19.232456 3.902415 24.581858 19.043798 4.67072 24.366266 19.202631 4.876381 24.401102 18.79991 5.268024 24.263258 18.981647 5.369445 23.762354 19.389523 5.153187 23.920317 19.022318 5.590297 23.523218 18.964182 5.622416 23.1239 19.173307 5.301067 23.354528 18.691795 5.610614 24.188005 18.692158 5.488527 24.137503 18.87768 5.516222 23.947607 18.903543 5.649662 23.71707 18.867756 5.659944 23.664713 18.649467 5.65982 23.974894 18.622309 5.655949 5.309771 4.967206 0.788928 6.538919 5.725981 1.284737 5.515764 4.450728 1.425193 6.626917 4.844909 1.82499 7.713511 5.463403 2.890249 7.4844 6.691398 2.356739 7.584681 7.431031 3.772827 6.637728 9.122748 2.363066 6.589365 8.321561 0.991877 5.780199 9.292534 3.757092 6.639086 7.589363 5.065498 4.868967 10.763828 2.3504 3.613329 9.849096 3.573437 4.34112 8.82101 4.526813 2.341585 7.963985 3.859354 3.095156 7.461524 4.33255 5.587122 10.623073 0.756631 5.350611 9.829977 -0.580799 5.921328 7.031657 -0.120558 4.450335 7.928913 -2.013664 4.822405 5.906005 -0.597429 3.812723 6.588716 -2.10565 3.374269 5.295053 -0.087194 2.446032 5.736467 -1.441148 2.45801 6.316353 3.684875 1.333315 6.60298 3.424367 2.275827 5.601007 2.83332 1.244768 5.770041 2.779228 1.184679 5.318391 1.222994 2.493456 5.209359 1.270019 0.831995 5.281116 0.327523 1.281641 5.470474 -0.75002 3.374269 5.295053 -0.087194 2.446032 5.736467 -1.441148 7.961283 5.862072 4.313671 7.067865 5.892819 5.670729 5.25905 7.283181 5.740926 5.839014 5.631426 6.205201 3.98649 6.378001 5.248068 4.636576 5.140128 5.750705 3.796122 4.677063 4.800481 4.864115 3.909385 5.594097 4.097178 3.857725 4.626167 4.871653 2.91678 5.171974 5.757662 2.979085 5.374467 5.969713 4.082965 6.012328 5.703287 2.148435 4.745018 5.028666 2.139263 4.646633 4.153147 2.962614 4.34368 4.366846 2.193145 3.909392 6.427675 2.213166 4.521182 6.756334 3.058354 4.99525 7.442652 3.157288 3.926622 7.834505 4.327444 4.248805 7.41305 4.236258 2.867682 7.030054 3.118761 2.712096 6.522989 4.042577 1.903359 6.259073 3.205896 1.877215 7.07229 4.204947 5.505505 6.841105 2.065309 3.528174 6.575411 2.126029 2.611718 5.913584 2.189756 1.81973 3.832964 3.018483 3.37113 3.925272 2.251425 3.02029 3.99235 3.064242 2.632545 3.9153 2.238897 2.29906 4.486368 3.125882 1.824291 4.540133 3.829948 1.800266 3.915392 3.830623 2.739979 4.263666 2.286193 1.611438 3.732973 3.834484 3.501518 5.411821 3.21114 1.627248 4.996935 2.257569 1.458081 4.486368 3.125882 1.824291 4.540133 3.829948 1.800266 5.533319 3.968137 1.615203 4.263666 2.286193 1.611438 7.713511 5.463403 2.890249 7.961283 5.862072 4.313671 6.626917 4.844909 1.82499 5.515764 4.450728 1.425193 4.448366 4.251426 1.691235 4.138079 4.668823 1.143317 5.309771 4.967206 0.788928 3.374269 5.295053 -0.087194 3.751375 4.23294 2.647487 4.448366 4.251426 1.691235 3.366251 4.634489 2.296519 4.138079 4.668823 1.143317 3.06315 4.884703 3.379466 3.505289 4.327022 3.505603 3.270533 5.50296 4.50525 3.796122 4.677063 4.800481 3.98649 6.378001 5.248068 2.493456 5.209359 1.270019 3.374269 5.295053 -0.087194 2.275827 5.601007 2.83332 2.45801 6.316353 3.684875 3.095156 7.461524 4.33255 4.097178 3.857725 4.626167 2E-06 7.151892 -3.995383 0.936388 7.445587 -4.02754 2E-06 6.851453 -3.754664 0.77836 7.591064 -4.20704 2E-06 7.259233 -4.143543 1.42856 7.122043 -3.731788 1.332125 8.401945 -4.230228 1.109125 8.390772 -4.367762 1.785769 8.362646 -4.007614 1.864611 9.377159 -4.133506 3.492487 9.277236 -3.20821 3.31518 8.160273 -3.205142 4.388453 9.154426 -2.187964 4.450335 7.928913 -2.013664 3.812723 6.588716 -2.10565 2.881479 6.815056 -3.016258 2.446032 5.736467 -1.441148 1.756266 6.021019 -2.439172 0.808954 5.681914 -1.97493 1.281641 5.470474 -0.75002 0.921549 6.278152 -3.047279 5.350611 9.829977 -0.580799 0.98115 9.228394 -4.399679 0.787561 9.157731 -4.526634 2E-06 9.715382 -4.530016 2E-06 9.491861 -4.639351 2E-06 10.034857 -4.45594 2E-06 6.39514 -3.344479 -0.778364 7.591064 -4.20704 -0.936392 7.445587 -4.02754 -1.428556 7.122043 -3.731788 -1.332121 8.401945 -4.230228 -1.109129 8.390772 -4.367762 -0.787565 9.157731 -4.526634 -0.981146 9.228394 -4.399679 -1.864614 9.377159 -4.133506 -1.785772 8.362646 -4.007614 -0.921545 6.278152 -3.047279 2E-06 6.851453 -3.754664 2.143847 6.228778 -37.904335 2.682245 5.697481 -39.365166 3.031855 8.379728 -37.904335 3.793268 8.379728 -39.365166 4.038706 8.379726 -41.088345 2.855799 5.523929 -41.08835 3.731279 8.379727 -42.811504 2.638414 5.741313 -42.811504 2.308466 8.379727 -45.454132 1.632334 6.747396 -45.454132 1.166834 8.379728 -47.83929 0.825075 7.554657 -47.83929 0.825075 9.204803 -47.839287 1.632334 10.012059 -45.454124 2E-06 9.546564 -47.839283 0.468752 8.852309 -48.85521 2E-06 8.963146 -49.36819 2E-06 10.688194 -45.45413 2E-06 6.071266 -45.454136 2E-06 7.212898 -47.83929 2.638414 11.018141 -42.81151 2E-06 12.111006 -42.81151 2E-06 4.648448 -42.81151 2.855799 11.235528 -41.088352 2E-06 12.41844 -41.088352 2E-06 4.341021 -41.088352 2.682245 11.061977 -39.36517 2E-06 12.172997 -39.36517 2E-06 4.586457 -39.36517 2.143847 10.530679 -37.904335 2E-06 11.421629 -37.904327 2E-06 5.337822 -37.904335 1.440607 6.939123 -36.928246 2.143847 6.228778 -37.904335 2.037325 8.379726 -36.928246 3.031855 8.379728 -37.904335 1.007036 8.379728 -36.585342 0.712084 7.66765 -36.585342 0.712084 9.091811 -36.585342 1.440607 9.820334 -36.928246 2E-06 9.386765 -36.585346 2E-06 10.417048 -36.928246 2E-06 6.342405 -36.92825 2E-06 7.372694 -36.585342 0.583414 8.379727 -49.368195 2E-06 8.379727 -50.897087 2E-06 7.796312 -49.368195 0.468752 7.90715 -48.85521 0.825075 7.554657 -47.83929 1.166834 8.379728 -47.83929 0.468752 8.852309 -48.85521 -2.143843 10.530679 -37.904335 -2.682249 11.061976 -39.36516 -3.031858 8.379729 -37.904335 2E-06 12.172997 -39.36517 -2.855795 11.235525 -41.088345 2E-06 12.41844 -41.088352 -2.638411 11.01814 -42.81151 2E-06 12.111006 -42.81151 -1.63233 10.012059 -45.45413 2E-06 10.688194 -45.45413 -0.825071 9.204804 -47.839287 2E-06 9.546564 -47.839283 -0.468748 8.85231 -48.855206 2E-06 8.963146 -49.36819 -1.16683 8.379727 -47.839287 -2.308462 8.379726 -45.454132 -0.825071 7.554657 -47.83929 -1.63233 6.747397 -45.454136 2E-06 7.212898 -47.83929 2E-06 6.071266 -45.454136 -3.731276 8.379727 -42.81151 -2.638411 5.741316 -42.81151 2E-06 4.648448 -42.81151 -4.03871 8.379728 -41.088352 -2.855795 5.523931 -41.088352 2E-06 4.341021 -41.088352 -3.793272 8.379729 -39.365166 -2.682249 5.697481 -39.36517 2E-06 4.586457 -39.36517 2E-06 11.421629 -37.904327 -2.143843 6.228778 -37.904335 2E-06 5.337822 -37.904335 2E-06 10.417048 -36.928246 -1.440603 6.939121 -36.928246 -2.037321 8.379727 -36.928246 -3.031858 8.379729 -37.904335 -0.71208 7.667649 -36.585342 -1.007032 8.379727 -36.585342 -1.440603 9.820334 -36.928246 -0.71208 9.091812 -36.585346 2E-06 9.386765 -36.585346 2E-06 7.372694 -36.585342 2E-06 6.342405 -36.92825 -2.143843 10.530679 -37.904335 -0.583418 8.379727 -49.368195 2E-06 8.379727 -50.897087 2E-06 7.796312 -49.368195 -0.468748 7.90715 -48.85521 -1.16683 8.379727 -47.839287 -0.468748 8.85231 -48.855206 1.0478 8.384138 -7.247705 1.088564 8.388548 -5.333464 0.737688 7.638062 -7.247705 0.763292 7.608475 -5.333464 2E-06 7.329416 -7.247705 2E-06 7.286137 -5.333464 0.77836 7.591064 -4.20704 2E-06 7.259233 -4.143543 0.74325 9.119035 -7.247705 0.774424 9.146257 -5.333464 0.787561 9.157731 -4.526634 2E-06 9.491861 -4.639351 2E-06 9.475732 -5.333464 1.109125 8.390772 -4.367762 2E-06 9.43125 -7.247705 2E-06 9.386766 -9.161945 0.712084 9.091812 -9.161945 2E-06 9.386766 -11.432529 0.712084 9.091812 -11.432529 1.007036 8.379728 -9.161945 1.007036 8.379728 -11.432528 0.712084 7.667649 -11.432528 0.712084 7.667649 -9.161945 2E-06 7.372695 -9.161945 2E-06 7.372695 -11.432528 2E-06 9.386766 -13.703114 0.712084 9.091812 -13.703113 2E-06 9.386766 -15.973695 0.712084 9.091812 -15.973694 1.007036 8.379728 -13.703112 1.007036 8.379728 -15.973694 0.712084 7.667649 -15.973694 0.712084 7.667649 -13.703112 2E-06 7.372695 -13.703112 2E-06 7.372695 -15.973694 2E-06 9.386766 -18.244276 0.712084 9.091812 -18.244276 2E-06 9.386766 -20.51486 0.712084 9.091812 -20.51486 1.007036 8.379729 -18.244276 1.007036 8.379729 -20.51486 0.712084 7.667649 -20.51486 0.712084 7.667649 -18.244276 2E-06 7.372695 -18.244276 2E-06 7.372695 -20.51486 2E-06 9.386767 -22.785444 0.712084 9.091812 -22.785444 2E-06 9.386766 -25.056026 0.712084 9.091812 -25.056026 1.007036 8.379729 -22.785444 1.007036 8.379729 -25.056026 0.712084 7.667649 -25.056026 0.712084 7.667649 -22.785444 2E-06 7.372695 -22.785444 2E-06 7.372695 -25.056026 2E-06 9.386766 -27.326609 0.712084 9.091812 -27.326609 2E-06 9.386766 -29.59719 0.712084 9.091812 -29.597193 1.007036 8.379729 -27.326609 1.007036 8.379729 -29.59719 0.712084 7.667649 -29.59719 0.712084 7.667649 -27.326609 2E-06 7.372695 -27.326609 2E-06 7.372695 -29.59719 2E-06 9.386766 -31.867773 0.712084 9.091812 -31.867777 2E-06 9.386766 -34.13836 0.712084 9.091812 -34.13836 1.007036 8.379729 -31.867773 1.007036 8.379728 -34.13836 0.712084 7.667649 -34.13836 0.712084 7.667649 -31.867773 2E-06 7.372695 -31.867773 2E-06 7.372695 -34.13836 0.712081 9.091812 -35.746082 1.007035 8.379728 -35.74608 -0 9.386766 -35.746082 0.712081 7.667649 -35.746082 -0 7.372694 -35.746082 2E-06 9.386765 -36.585346 0.712084 9.091811 -36.585342 0.712084 7.66765 -36.585342 2E-06 7.372694 -36.585342 1.007036 8.379728 -36.585342 -1.007032 8.379728 -34.13836 -0.71208 7.667649 -34.13836 -1.007032 8.379729 -31.867773 -0.71208 7.667649 -31.867773 2E-06 7.372695 -31.867773 2E-06 7.372695 -34.13836 -0.71208 9.091812 -34.13836 -0.71208 9.091812 -31.867777 2E-06 9.386766 -34.13836 2E-06 9.386766 -31.867773 2E-06 9.386766 -29.59719 -0.71208 9.091812 -29.597193 -0.71208 9.091812 -27.326609 2E-06 9.386766 -27.326609 -1.007032 8.379729 -27.326609 -1.007032 8.379729 -29.59719 -0.71208 7.667649 -29.59719 -0.71208 7.667649 -27.326609 2E-06 7.372695 -27.326609 2E-06 7.372695 -29.59719 2E-06 9.386766 -25.056026 -0.71208 9.091812 -25.056026 -0.71208 9.091812 -22.785444 2E-06 9.386767 -22.785444 -1.007032 8.379729 -22.785444 -1.007032 8.379729 -25.056026 -0.71208 7.667649 -25.056026 -0.71208 7.667649 -22.785444 2E-06 7.372695 -22.785444 2E-06 7.372695 -25.056026 2E-06 9.386766 -20.51486 -0.71208 9.091812 -20.51486 -0.71208 9.091812 -18.244276 2E-06 9.386766 -18.244276 -1.007032 8.379729 -18.244276 -1.007032 8.379729 -20.51486 -0.71208 7.667649 -20.51486 -0.71208 7.667649 -18.244276 2E-06 7.372695 -18.244276 2E-06 7.372695 -20.51486 2E-06 9.386766 -15.973695 -0.71208 9.091812 -15.973694 -0.71208 9.091812 -13.703113 2E-06 9.386766 -13.703114 -1.007032 8.379728 -13.703112 -1.007032 8.379728 -15.973694 -0.71208 7.667649 -15.973694 -0.71208 7.667649 -13.703112 2E-06 7.372695 -13.703112 2E-06 7.372695 -15.973694 2E-06 9.386766 -11.432529 -0.71208 9.091812 -11.432529 -0.71208 9.091812 -9.161945 2E-06 9.386766 -9.161945 -1.007032 8.379728 -9.161945 -1.007032 8.379728 -11.432528 -0.71208 7.667649 -11.432528 -0.71208 7.667649 -9.161945 2E-06 7.372695 -9.161945 2E-06 7.372695 -11.432528 2E-06 9.43125 -7.247705 -0.743254 9.119035 -7.247705 2E-06 9.475732 -5.333464 -0.774427 9.146257 -5.333464 2E-06 9.491861 -4.639351 -0.787565 9.157731 -4.526634 -1.08856 8.388548 -5.333464 -1.109129 8.390772 -4.367762 -1.047796 8.384138 -7.247705 -0.737692 7.638062 -7.247705 -0.763296 7.608475 -5.333464 2E-06 7.329416 -7.247705 2E-06 7.286137 -5.333464 -0.778364 7.591064 -4.20704 2E-06 7.259233 -4.143543 5.374368 19.672813 -0.62589 8.308965 19.623585 -0.691855 5.401333 19.419498 -0.002761 4.207987 19.447414 -0.004562 5.374368 19.672813 0.624801 4.163416 19.691551 0.599983 5.335729 20.284374 0.892119 4.09955 20.28095 0.862582 5.335729 21.031063 0.637497 4.09955 21.093693 0.620969 5.335729 21.351988 -0.000551 4.09955 21.449581 -0.000909 4.09955 21.093695 -0.621752 5.335728 21.031063 -0.637973 4.09955 20.28095 -0.861397 5.335729 20.284376 -0.891404 4.163416 19.69155 -0.601781 5.335729 20.284376 -0.891404 4.09955 20.28095 -0.861397 8.300076 20.984325 0.694522 8.300076 20.288414 0.980032 8.300076 21.275263 -0.000128 8.300076 20.984325 -0.694634 8.300077 20.288418 -0.97987 8.300077 20.288418 -0.97987 8.315166 19.348202 -0.000636 8.308964 19.623585 0.691602 11.273418 21.290073 -1E-06 11.273418 20.997046 0.753518 11.273418 20.997044 -0.753521 11.273418 20.289623 -1.065639 11.273418 20.289623 -1.065639 11.273418 19.5822 -0.75352 11.273418 19.289173 -1E-06 8.308965 19.623585 -0.691855 11.273418 19.5822 0.753518 11.273418 20.289621 1.065635 24.66968 22.016573 2.025897 23.03921 21.380192 3.102037 24.66968 21.34142 3.103239 22.935202 22.094112 2.101518 28.236334 20.801678 -1.851605 28.23633 21.1884 -1.219478 28.77537 20.650196 -1.042267 28.795767 20.289621 -1.065452 28.23633 20.289621 -2.064307 28.971197 20.28962 -1E-06 28.924593 20.65664 -1E-06 28.775366 20.650194 1.042263 28.795763 20.289621 1.065448 28.23633 20.801676 1.851603 28.236326 20.289621 2.064303 28.691126 20.901321 -0.852701 28.23633 21.409487 -2E-06 28.764635 21.009369 -1E-06 28.691126 20.901323 0.852697 28.23633 21.1884 1.219475 27.261309 21.909878 -2E-06 27.261309 21.62387 1.57508 27.261309 21.62387 -1.575083 27.261309 21.050388 -2.544492 27.261309 20.28962 -2.89443 27.261309 21.050388 2.54449 27.261305 20.28962 2.894425 -1.007035 8.379728 -35.74608 -0.71208 9.091812 -34.13836 -0.712081 9.091812 -35.746082 2E-06 9.386766 -34.13836 -0 9.386766 -35.746082 -1.007032 8.379728 -34.13836 -0.712081 7.667649 -35.746082 -0.71208 7.667649 -34.13836 -0 7.372694 -35.746082 2E-06 7.372695 -34.13836 -0.71208 9.091812 -36.585346 2E-06 9.386765 -36.585346 -1.007032 8.379727 -36.585342 -0.71208 7.667649 -36.585342 2E-06 7.372694 -36.585342 3.760981 0.694812 0.972533 4.911303 1.473564 0.745506 4.91437 0.688175 0.663731 3.956095 -0 1.256257 5.021715 -0 1.018305 3.832727 1.497182 1.071295 4.035227 2.003548 1.305218 4.924135 2.021898 1.135852 4.263666 2.286193 1.611438 4.996935 2.257569 1.458081 3.654688 20.275644 1.123044 4.09955 21.093693 0.620969 3.415964 21.2483 0.766084 4.09955 20.28095 0.862582 4.163416 19.691551 0.599983 4.09955 21.449581 -0.000909 3.274553 21.622995 0.035491 2.385172 21.356798 1.136349 2.1019 21.840107 0.053685 4.09955 21.093695 -0.621752 3.599146 20.28849 -1.171721 3.401339 21.17901 -0.838351 4.09955 21.449581 -0.000909 3.274553 21.622995 0.035491 2.391085 21.323471 -1.239925 2.1019 21.840107 0.053685 4.09955 20.28095 -0.861397 4.163416 19.69155 -0.601781 3.613329 9.849096 3.573437 1.63518 9.487811 3.894764 2.341585 7.963985 3.859354 1.477983 8.329431 3.825488</float_array>
					<technique_common>
						<accessor source="#mesh_0_Body00_position_array_id" count="845" stride="3">
							<param name="X" type="float" />
							<param name="Y" type="float" />
							<param name="Z" type="float" />
						</accessor>
					</technique_common>
				</source>
				<source id="mesh_0_Body00_normal_id" name="mesh_0_Body00_normal">
					<float_array id="mesh_0_Body00_normal_array_id" count="2535">-0.022884 0.999736 0.002208 0.097468 0.928515 0.358274 0.085788 0.996313 -0.000752 0.19609 0.91758 0.345825 0.177434 0.984133 0 0.196091 0.91758 -0.345824 0.09314 0.929958 -0.355673 -0.024121 0.931447 -0.363076 -0.110666 0.92418 -0.365575 -0.100879 0.994864 0.008269 -0.109665 0.919592 0.377259 -0.02799 0.928218 0.370982 0.363968 0.872397 0.326268 0.343052 0.939316 0 0.363968 0.872397 -0.326267 -0.12529 0.655563 -0.744674 -0.035497 0.656175 -0.753774 -0.140025 0.12775 -0.981872 -0.05025 0.157013 -0.986317 0.101696 0.66016 -0.744209 0.103469 0.173377 -0.979405 0.264505 0.16513 -0.950142 0.234801 0.652317 -0.720661 0.489599 0.140315 -0.860584 0.434444 0.605771 -0.666558 0.434444 0.60577 0.666559 0.2348 0.652316 0.720661 0.494729 0.104891 0.862694 0.260997 0.123001 0.957471 0.105097 0.657139 0.746407 0.086099 0.060596 0.994442 0.12638 -0.591468 0.796363 0.229864 -0.574231 0.785762 -0.032284 0.262883 0.964287 -0.034097 0.650725 0.758548 -0.147243 0.141496 0.978927 -0.122738 0.652909 0.747425 0.494729 0.104891 0.862694 0.439445 -0.54374 0.715007 0.417913 0.390983 0.82005 0.752844 -0.40043 0.522381 0.036154 0.56799 0.822241 -0.356273 0.378441 0.854314 0.097532 -0.952442 0.288689 0.353678 -0.93508 0.023202 0.140157 -0.98994 -0.019356 0.053709 -0.998528 -0.007537 0.124211 -0.950251 0.285648 0.081421 -0.996656 -0.006924 0.138292 -0.942939 -0.30289 0.074732 -0.956096 -0.283365 0.093766 -0.991574 -0.089386 0.224191 -0.923389 -0.311596 0.136634 -0.990622 0.000241 0.236847 -0.928184 0.287017 0.104881 -0.993435 -0.045677 0.026367 -0.999282 0.027205 -0.108562 -0.988013 0.109747 -0.085675 -0.995009 -0.051151 -0.340211 -0.88865 0.307502 -0.140314 -0.924503 0.35441 0.439976 -0.49393 -0.749969 0.255425 -0.525652 -0.811448 0.489599 0.140315 -0.860584 0.264505 0.16513 -0.950142 0.103469 0.173377 -0.979405 0.110992 -0.50851 -0.853873 -0.05025 0.157013 -0.986317 -0.043361 -0.477218 -0.877715 -0.140025 0.12775 -0.981872 -0.140462 -0.462653 -0.875342 -0.003605 -0.913849 -0.406039 -0.570413 -0.382154 0.72704 -0.147243 0.141496 0.978927 -0.180976 -0.516302 0.837067 -0.092573 -0.920495 -0.37963 -0.057067 -0.990335 -0.126411 0.045693 -0.991864 -0.118821 -0.099231 -0.994504 -0.033391 0.77004 0.076237 -0.633424 0.740991 -0.36162 -0.56583 0.945215 0.016795 -0.326015 0.926542 -0.25714 -0.274589 0.999998 0.002041 9.2E-05 0.968976 -0.247153 -0.00073 0.910069 -0.301605 0.284268 0.943964 0.006128 0.329992 0.717001 -0.432241 0.546879 0.771454 0.046564 0.634579 0.496634 -0.823774 0.273406 0.760458 -0.619245 0.195546 0.367178 -0.930094 0.010302 0.764308 -0.644824 0.005949 0.800357 -0.571427 -0.181385 0.525555 -0.801762 -0.284552 0.224191 -0.923389 -0.311596 0.136634 -0.990622 0.000241 0.236847 -0.928184 0.287017 0.439445 -0.54374 0.715007 0.494729 0.104891 0.862694 -0.181617 0.107835 -0.977439 -0.183265 -0.48868 -0.852998 -0.226753 0.086589 -0.970096 -0.221929 -0.528115 -0.81966 -0.344171 0.060535 -0.936953 -0.297182 -0.508496 -0.808155 -0.120231 -0.890582 -0.438643 -0.150706 -0.889329 -0.43172 -0.057855 -0.998124 -0.020023 -0.090239 -0.995863 -0.010682 -0.242196 -0.768382 -0.592393 -0.133767 -0.991009 -0.002905 -0.199215 -0.757437 -0.621774 -0.270337 0.016411 -0.962626 -0.355386 0.044325 -0.933668 -0.125811 -0.992054 -9E-06 -0.200014 -0.75734 0.621635 -0.238316 -0.764521 0.598926 -0.285444 -0.006492 0.958373 -0.334328 -0.006519 0.942434 -0.224 0.767907 0.600119 -0.208061 0.751938 0.625539 -0.136004 0.990702 -0.003571 -0.13623 0.990676 -0.001569 -0.187732 0.767096 -0.613449 -0.211494 0.811884 -0.544165 -0.270337 0.016411 -0.962626 -0.355386 0.044325 -0.933668 -0.139398 -0.002372 0.990234 -0.106924 0.732298 0.672538 -0.074455 0.997225 -0 -0.106925 0.732298 -0.672538 -0.139398 -0.002372 -0.990234 -0.139398 -0.002372 -0.990234 -0.098419 -0.734557 -0.671372 -0.061165 -0.998128 -1E-06 -0.098419 -0.734557 0.671371 -0.122914 0.992416 -0.00189 -0.141959 0.918834 -0.368228 -0.261187 0.62879 -0.732397 -0.181676 0.673124 -0.716866 -0.166599 -0.88314 0.43853 -0.251553 0.575106 0.778443 -0.32893 0.027978 0.94394 -0.148246 0.888031 0.435229 -0.114895 0.993363 0.005424 -0.122332 0.910849 0.394194 -0.138971 0.919664 -0.367294 -0.162187 0.663916 -0.730008 -0.025566 -0.002518 0.99967 -0.018762 0.718841 0.694921 -0.012677 0.99992 -9E-06 -0.018759 0.718807 -0.694956 -0.025565 -0.002494 -0.99967 -0.025565 -0.002494 -0.99967 -0.022466 -0.721961 -0.691569 -0.018877 -0.999822 -6E-05 -0.022495 -0.722047 0.691479 -0.188836 0.628957 0.754158 -0.152893 0.651741 0.742871 -0.24313 0.081775 0.966541 -0.235171 -0.529788 0.814874 -0.296439 -0.522648 0.799352 -0.125384 -0.906621 0.402886 -0.057855 -0.998124 -0.020023 -0.090239 -0.995863 -0.010682 -0.175898 -0.518871 0.83656 -0.179115 0.097389 0.978996 -0.238316 -0.764521 0.598926 -0.334328 -0.006519 0.942434 -0.226753 0.086589 -0.970096 -0.181617 0.107835 -0.977439 -0.344171 0.060535 -0.936953 -0.181676 0.673124 -0.716866 -0.261187 0.62879 -0.732397 -0.355386 0.044325 -0.933668 -0.109665 0.919592 0.377259 -0.122738 0.652909 0.747425 -0.100879 0.994864 0.008269 -0.122332 0.910849 0.394194 -0.114895 0.993363 0.005424 -0.138971 0.919664 -0.367294 -0.110666 0.92418 -0.365575 -0.162187 0.663916 -0.730008 -0.12529 0.655563 -0.744674 -0.140025 0.12775 -0.981872 -0.099231 -0.994504 -0.033391 -0.140314 -0.924503 0.35441 -0.180976 -0.516302 0.837067 -0.147243 0.141496 0.978927 0.638724 0.380725 -0.668641 0.646752 -0.173221 -0.742769 0.420102 0.364109 -0.831227 0.80313 0.370102 -0.466912 0.840285 -0.206482 -0.501285 0.400522 -0.165307 -0.901252 0.010131 -0.178409 -0.983904 0.021454 0.352448 -0.935585 0.416435 -0.871164 -0.260105 0.338402 -0.851654 -0.400212 0.210311 -0.841055 -0.498394 0.00567 -0.730062 -0.683358 0.906516 0.379653 -0.184642 0.958284 -0.221701 -0.180388 0.462339 -0.882235 -0.088905 0.527014 0.832952 -0.168665 0.507901 0.806453 -0.30277 0.122438 0.986889 -0.105164 0.750224 0.654443 -0.094169 0.791253 0.371244 -0.485898 0.493468 0.76396 -0.415758 0.521229 0.393253 -0.757411 0.377306 0.710485 -0.594013 0.074093 0.513271 -0.855022 0.052437 0.697332 -0.714827 0.602684 0.480921 0.636779 0.005484 0.999974 0.004634 0.507871 -0.838904 0.195721 0.892526 -0.289475 0.345834 0.212074 -0.930262 0.299396 0.536143 -0.34906 0.768576 0.832629 0.464724 0.301266 0.483561 0.495058 0.721863 0.180888 0.926271 0.330608 0.40675 0.906249 0.115184 0.076406 -0.344285 0.935751 0.040634 -0.86665 0.497259 -0.428675 -0.268054 0.862777 0.043573 0.469586 0.881811 -0.413646 0.411927 0.811919 -0.745557 -0.183565 0.640663 -0.704603 0.364304 0.608948 -0.201596 -0.895085 0.397721 -0.390401 -0.859699 0.329399 -0.901242 -0.123547 0.415331 -0.853223 0.311967 0.417956 -0.983604 -0.118568 0.135883 -0.94291 0.295163 0.154272 -0.567566 -0.819703 0.077176 -0.510792 -0.827936 0.231546 -0.02326 0.900721 0.433775 -0.267731 0.839722 0.472427 -0.743047 0.64952 0.161259 -0.650049 0.661886 0.373287 -0.911967 0.377564 0.160504 -0.825824 0.248266 0.506339 -0.490091 0.554083 0.672907 -0.490245 0.753844 0.437469 -0.08003 0.985663 0.148541 0.069325 0.449327 0.890674 -0.027934 0.986824 0.15937 0.005484 0.999974 0.004634 0.602684 0.480921 0.636779 -0.668997 -0.710147 -0.219396 -0.93668 -0.152572 -0.315202 -0.286535 -0.863964 -0.414083 -0.563369 -0.176116 -0.807217 -0.898077 0.326261 -0.294977 -0.53838 0.35276 -0.765315 -0.410543 0.709844 -0.572343 -0.700005 0.686165 -0.197916 -0.472504 0.614363 -0.6319 -0.811417 0.538678 -0.226778 0.005742 0.997497 0.070482 0.180888 0.926271 0.330608 0.40675 0.906249 0.115184 0.079157 0.99679 -0.011985 0.527014 0.832952 -0.168665 0.122438 0.986889 -0.105164 0 -1 0 0.462339 -0.882235 -0.088905 0 -1 -0 0.416435 -0.871164 -0.260105 0.507871 -0.838904 0.195721 0.212074 -0.930262 0.299396 0.040634 -0.86665 0.497259 -0.201596 -0.895085 0.397721 0.338402 -0.851654 -0.400212 0.210311 -0.841055 -0.498394 0.00567 -0.730062 -0.683358 -0.286535 -0.863964 -0.414083 -0.668997 -0.710147 -0.219396 -0.567566 -0.819703 0.077176 -0.510792 -0.827936 0.231546 -0.390401 -0.859699 0.329399 -0.038388 -0.989266 -0.140998 0.608269 -0.783058 -0.129728 -0.036926 -0.995796 -0.083826 0.633968 -0.697676 0.333665 0.864896 -0.075792 0.496196 0.990292 0.095009 0.101464 0.127855 -0.923183 0.362473 -0.264078 -0.747717 0.609247 -0.514072 -0.827488 0.225818 -0.39209 -0.197495 0.898477 -0.762318 -0.100472 0.639356 -0.048449 -0.603528 0.795869 -0.079722 -0.273791 0.958479 0.678135 -0.220601 0.701048 0.580966 -0.571894 0.57915 0.266375 -0.664353 0.69834 0.327069 -0.304209 0.894697 0.984734 0.127499 -0.118504 0.582725 -0.763628 -0.278037 0.752844 -0.40043 0.522381 0.353678 -0.93508 0.023202 0.026367 -0.999282 0.027205 -0.546269 -0.830734 0.107102 -0.340211 -0.88865 0.307502 -0.570413 -0.382154 0.72704 -0.880466 -0.101075 0.463209 -0.356273 0.378441 0.854314 -0.490923 0.670117 0.556721 0.036154 0.56799 0.822241 0.104587 0.892622 0.438507 0.417913 0.390983 0.82005 0.600457 0.770713 0.213199 0.752844 -0.40043 0.522381 0.984734 0.127499 -0.118504 0.990292 0.095009 0.101464 0.617099 0.708822 0.341701 0.864896 -0.075792 0.496196 0.645685 0.467074 0.604097 0.148362 0.842554 0.517775 0.234626 0.636757 0.734501 -0.198461 0.400541 0.894528 -0.397808 0.624191 0.67241 -0.39209 -0.197495 0.898477 0.678135 -0.220601 0.701048 0.619443 0.205136 0.757767 0.308602 0.245142 0.919059 -0.044503 0.159408 0.986209 -0.079722 -0.273791 0.958479 0.327069 -0.304209 0.894697 0.330758 -0.676131 -0.658367 0.708284 -0.31176 -0.633356 0.190645 -0.487058 -0.852308 0.612841 -0.272476 -0.741743 0.900128 -0.092089 -0.42578 0.91426 0.05165 -0.401821 0.906 0.403016 0.129389 0.838083 0.544731 0.029748 0.888592 0.171716 -0.425344 0.431444 0.724108 0.538074 0.518349 0.547402 0.657013 0.605404 0.595034 0.528602 0.145148 0.342239 0.928334 -0.165179 0.553064 0.816601 -0.210375 0.009235 0.977577 -0.529408 0.139697 0.836786 0.883234 0.468617 -0.017207 0.880332 0.180045 -0.438862 0.760834 -0.205513 -0.615546 0.757946 -0.12124 -0.640951 0.440544 -0.654905 -0.614021 0.498818 -0.607232 -0.618425 -0.000232 -0.923546 -0.383488 0.162554 -0.91657 -0.365344 -0.580435 -0.325523 0.746412 -0.138607 -0.397128 0.907236 -0.494865 -0.769112 0.404446 -0.09539 -0.839964 0.534193 -0.031187 -0.991392 0.127162 -0.234221 -0.971169 -0.044405 0.012001 -0.998196 -0.058832 0.039655 -0.984062 -0.173349 -0.000232 -0.923546 -0.383488 0.162554 -0.91657 -0.365344 0.979841 0.082684 0.181865 0.633627 0.159234 0.757074 -0.11177 0.405525 0.907225 0.004141 0.071485 0.997433 -0.593121 0.082209 0.800905 -0.544143 -0.111468 0.831555 -0.789639 -0.32235 0.522074 -0.51439 -0.292274 0.806212 -0.831622 -0.279214 0.480047 -0.464958 -0.465886 0.752838 0.088391 -0.537538 0.838594 0.071066 -0.311389 0.947621 0.069325 0.449327 0.890674 -0.490091 0.554083 0.672907 -0.824988 -0.323301 0.463542 -0.825824 0.248266 0.506339 0.602684 0.480921 0.636779 0.578777 -0.521919 0.626592 0.901419 -0.425646 0.079182 0.961817 -0.237853 0.135402 0.864665 -0.190892 -0.464667 0.833496 -0.268159 -0.48309 0.54264 -0.160131 -0.824561 0.533997 -0.127675 -0.835791 0.645834 -0.278253 0.710967 0.750224 0.654443 -0.094169 0.791253 0.371244 -0.485898 0.521229 0.393253 -0.757411 -0.986328 -0.142622 0.082565 -0.911967 0.377564 0.160504 -0.938444 0.070859 -0.338085 -0.811417 0.538678 -0.226778 -0.574852 0.162556 -0.801948 -0.537063 -0.18661 -0.822642 -0.895422 -0.215699 -0.389477 -0.472504 0.614363 -0.6319 -0.961553 -0.271127 0.04366 0.053921 0.051072 -0.997238 0.074093 0.513271 -0.855022 -0.574852 0.162556 -0.801948 -0.537063 -0.18661 -0.822642 0.073796 -0.156567 -0.984907 -0.472504 0.614363 -0.6319 0.900128 -0.092089 -0.42578 0.979841 0.082684 0.181865 0.612841 -0.272476 -0.741743 0.190645 -0.487058 -0.852308 -0.384581 -0.629647 -0.675013 -0.180436 -0.867572 -0.463424 0.330758 -0.676131 -0.658367 -0.000232 -0.923546 -0.383488 -0.747383 -0.58766 -0.309958 -0.384581 -0.629647 -0.675013 -0.561492 -0.810905 -0.164803 -0.180436 -0.867572 -0.463424 -0.772668 -0.602963 0.198544 -0.859065 -0.503674 0.091214 -0.777105 -0.259998 0.573157 -0.789639 -0.32235 0.522074 -0.593121 0.082209 0.800905 -0.234221 -0.971169 -0.044405 -0.000232 -0.923546 -0.383488 -0.494865 -0.769112 0.404446 -0.580435 -0.325523 0.746412 -0.529408 0.139697 0.836786 -0.831622 -0.279214 0.480047 1E-06 -0.663893 -0.747827 0.316721 -0.509877 -0.799821 0 -0.633038 -0.774121 0.589134 -0.688177 -0.423478 1E-06 -0.923286 -0.384114 0.255527 -0.526549 -0.810834 0.446318 -0.187795 -0.874947 0.862784 -0.097369 -0.496108 0.396374 -0.201451 -0.895715 0.355508 0.031172 -0.934153 0.626016 -0.011123 -0.779731 0.571218 -0.19359 -0.797642 0.78591 0.010896 -0.618245 0.757946 -0.12124 -0.640951 0.498818 -0.607232 -0.618425 0.413289 -0.557268 -0.72017 0.162554 -0.91657 -0.365344 0.184414 -0.856453 -0.482162 0.09066 -0.936092 -0.339873 0.039655 -0.984062 -0.173349 0.134516 -0.784892 -0.604856 0.880332 0.180045 -0.438862 0.371475 0.162703 -0.914076 0.656527 0.546194 -0.520235 0 0.358941 -0.93336 1E-06 0.850091 -0.526636 1E-06 0.148185 -0.98896 0 -0.770373 -0.637593 -0.589135 -0.688176 -0.423478 -0.316723 -0.509877 -0.79982 -0.255527 -0.526549 -0.810834 -0.446323 -0.187793 -0.874945 -0.862787 -0.097367 -0.496104 -0.656529 0.546195 -0.520231 -0.371477 0.162706 -0.914074 -0.355508 0.031171 -0.934153 -0.396374 -0.201452 -0.895715 -0.134516 -0.784892 -0.604856 0 -0.633038 -0.774121 0.567827 -0.567021 0.596708 0.673272 -0.67317 0.305855 0.802513 0 0.596634 0.951788 0 0.306755 0.999845 -0 -0.017599 0.706997 -0.706997 -0.017599 0.943954 -0 -0.330076 0.667477 -0.667477 -0.330076 0.891481 0 -0.453057 0.630372 -0.630372 -0.453058 0.908265 -0 -0.418396 0.646227 -0.64671 -0.405163 0.646228 0.64671 -0.405162 0.630373 0.630372 -0.453057 1E-06 0.908432 -0.418033 0.660595 0.66122 -0.355532 2E-06 0.911879 -0.410458 1E-06 0.891481 -0.453058 -0 -0.891481 -0.453058 0 -0.908432 -0.418033 0.667476 0.667476 -0.330077 -0 0.943954 -0.330077 -0 -0.943954 -0.330076 0.706998 0.706997 -0.017599 0 0.999845 -0.0176 -0 -0.999845 -0.017599 0.673272 0.67317 0.305855 0 0.952367 0.304954 -0 -0.952367 0.304954 0.567826 0.567021 0.596708 0 0.802403 0.596782 0 -0.802404 0.596782 0.366173 -0.365478 0.855771 0.567827 -0.567021 0.596708 0.518165 -0 0.855281 0.802513 0 0.596634 0.795948 -1E-06 0.605365 0.562819 -0.56282 0.605366 0.56282 0.562819 0.605366 0.366173 0.365477 0.855771 -0 0.795948 0.605365 -0 0.516546 0.85626 0 -0.516547 0.856259 -1E-06 -0.795948 0.605365 0.911697 -1E-06 -0.410863 7E-06 -2E-06 -1 2E-06 -0.91188 -0.410457 0.660594 -0.661221 -0.355531 0.646227 -0.64671 -0.405163 0.908265 -0 -0.418396 0.660595 0.66122 -0.355532 -0.567825 0.567021 0.596709 -0.673271 0.673171 0.305855 -0.802512 -0 0.596636 0 0.952367 0.304954 -0.706997 0.706998 -0.0176 0 0.999845 -0.0176 -0.667476 0.667476 -0.330077 -0 0.943954 -0.330077 -0.630373 0.630372 -0.453058 1E-06 0.891481 -0.453058 -0.646227 0.64671 -0.405162 1E-06 0.908432 -0.418033 -0.660592 0.661222 -0.355532 2E-06 0.911879 -0.410458 -0.908265 0 -0.418395 -0.891481 0 -0.453058 -0.646228 -0.64671 -0.405162 -0.630373 -0.630372 -0.453058 0 -0.908432 -0.418033 -0 -0.891481 -0.453058 -0.943954 -0 -0.330077 -0.667476 -0.667477 -0.330077 -0 -0.943954 -0.330076 -0.999845 0 -0.017601 -0.706997 -0.706997 -0.0176 -0 -0.999845 -0.017599 -0.951788 0 0.306756 -0.673272 -0.67317 0.305854 -0 -0.952367 0.304954 0 0.802403 0.596782 -0.567826 -0.567021 0.596708 0 -0.802404 0.596782 -0 0.516546 0.85626 -0.366172 -0.365478 0.855771 -0.518163 0 0.855282 -0.802512 -0 0.596636 -0.562819 -0.562821 0.605366 -0.795948 -0 0.605365 -0.366172 0.365477 0.855771 -0.56282 0.56282 0.605365 -0 0.795948 0.605365 -1E-06 -0.795948 0.605365 0 -0.516547 0.856259 -0.567825 0.567021 0.596709 -0.911697 -0 -0.410862 7E-06 -2E-06 -1 2E-06 -0.91188 -0.410457 -0.660593 -0.661223 -0.35553 -0.908265 0 -0.418395 -0.660592 0.661222 -0.355532 0.999776 -0.000534 -0.021136 0.999776 -0.000969 -0.021137 0.707775 -0.706128 -0.020904 0.708484 -0.705418 -0.020884 1E-06 -0.999762 -0.021826 2E-06 -0.999761 -0.021859 0.589134 -0.688177 -0.423478 1E-06 -0.923286 -0.384114 0.708617 0.705246 -0.022129 0.709951 0.703904 -0.022092 0.656527 0.546194 -0.520235 1E-06 0.850091 -0.526636 2E-06 0.999755 -0.022142 0.862784 -0.097369 -0.496108 1E-06 0.999755 -0.022144 0 0.999939 -0.011056 0.7075 0.706627 -0.011074 -0 1 0 0.707108 0.707106 0 0.999944 -0.000141 -0.010567 1 -1E-06 0 0.707107 -0.707106 0 0.70728 -0.706856 -0.010461 0 -0.999941 -0.010903 0 -1 0 -0 1 0 0.707108 0.707106 0 -0 1 0 0.707108 0.707106 0 1 -1E-06 0 1 -1E-06 0 0.707107 -0.707106 0 0.707107 -0.707106 0 -0 -1 0 -0 -1 0 -0 1 0 0.707108 0.707106 0 -0 1 0 0.707108 0.707106 0 1 -1E-06 0 1 -1E-06 0 0.707107 -0.707106 0 0.707107 -0.707106 0 -0 -1 0 0 -1 0 -0 1 -0 0.707108 0.707106 -0 -0 1 -0 0.707108 0.707106 -0 1 -1E-06 0 1 -1E-06 0 0.707107 -0.707106 0 0.707107 -0.707106 0 -0 -1 0 -0 -1 0 -0 1 0 0.707108 0.707106 0 0 1 0 0.707108 0.707106 0 1 -1E-06 0 1 -1E-06 0 0.707107 -0.707106 0 0.707107 -0.707106 0 -0 -1 0 -0 -1 0 0 1 0 0.707108 0.707106 -0 0 1 0 0.707108 0.707106 -1E-06 1 -1E-06 -0 1 -1E-06 -1E-06 0.707107 -0.707106 -1E-06 0.707107 -0.707106 0 0 -1 0 0 -1 -0 0.707108 0.707106 0 1 -1E-06 1E-06 0 1 -0 0.707107 -0.707107 1E-06 0 -1 0 -0 0.795948 0.605365 0.56282 0.562819 0.605366 0.562819 -0.56282 0.605366 -1E-06 -0.795948 0.605365 0.795948 -1E-06 0.605365 -1 -1E-06 0 -0.707107 -0.707107 0 -1 -1E-06 -0 -0.707107 -0.707106 0 0 -1 0 0 -1 -0 -0.707108 0.707106 0 -0.707108 0.707106 -0 0 1 0 0 1 0 0 1 0 -0.707108 0.707106 0 -0.707108 0.707106 0 -0 1 0 -1 -1E-06 0 -1 -1E-06 0 -0.707107 -0.707106 0 -0.707107 -0.707106 0 -0 -1 0 -0 -1 0 -0 1 -0 -0.707108 0.707106 -0 -0.707108 0.707106 -0 -0 1 -0 -1 -1E-06 0 -1 -1E-06 0 -0.707107 -0.707106 0 -0.707107 -0.707106 0 -0 -1 0 -0 -1 0 -0 1 0 -0.707108 0.707106 0 -0.707108 0.707106 0 -0 1 0 -1 -1E-06 0 -1 -1E-06 0 -0.707107 -0.707106 0 -0.707107 -0.707106 0 -0 -1 0 0 -1 0 -0 1 0 -0.707108 0.707106 0 -0.707108 0.707106 0 -0 1 0 -1 -1E-06 0 -1 -1E-06 0 -0.707107 -0.707106 0 -0.707107 -0.707106 0 -0 -1 0 -0 -1 0 -0 1 0 -0.707108 0.707106 0 -0.7075 0.706627 -0.011074 0 0.999939 -0.011056 -0.999944 -0.000141 -0.010568 -1 -1E-06 0 -0.707107 -0.707106 0 -0.707281 -0.706855 -0.010461 0 -0.999941 -0.010903 0 -1 0 1E-06 0.999755 -0.022144 -0.708618 0.705245 -0.02213 2E-06 0.999755 -0.022142 -0.709952 0.703903 -0.022093 1E-06 0.850091 -0.526636 -0.656529 0.546195 -0.520231 -0.999776 -0.000969 -0.021138 -0.862787 -0.097367 -0.496104 -0.999776 -0.000534 -0.021137 -0.707777 -0.706127 -0.020904 -0.708485 -0.705417 -0.020885 1E-06 -0.999762 -0.021826 2E-06 -0.999761 -0.021859 -0.589135 -0.688176 -0.423478 1E-06 -0.923286 -0.384114 -0.025504 -0.716764 -0.696849 -0.025747 -0.718433 -0.695119 -0.02433 -0.999703 -0.001203 0.689378 -0.723596 -0.034171 -0.025802 -0.718431 0.69512 0.568817 -0.4188 0.707851 -0.021698 -0.040648 0.998938 0.307419 0.096417 0.946677 0.010218 0.66009 0.751117 0.174074 0.647173 0.742203 0.03844 0.999261 -0.000189 0.15544 0.987843 -0.002189 0.175295 0.64795 -0.741238 0.010247 0.659433 -0.751693 0.3002 0.065716 -0.95161 -0.021693 -0.040132 -0.998959 0.515278 -0.453295 -0.727332 -0.021693 -0.040132 -0.998959 0.3002 0.065716 -0.95161 -0.009952 0.697688 0.716332 -0.026073 -0.015872 0.999534 0.00377 0.999993 -6.3E-05 -0.009939 0.697455 -0.716559 -0.026067 -0.015708 -0.999537 -0.026067 -0.015708 -0.999537 -0.023098 -0.999733 -0.00042 -0.025872 -0.719021 0.694507 -0.012677 0.99992 -9E-06 -0.018762 0.718841 0.694921 -0.018759 0.718807 -0.694956 -0.025565 -0.002494 -0.99967 -0.025565 -0.002494 -0.99967 -0.022466 -0.721961 -0.691569 -0.018877 -0.999822 -6E-05 -0.025747 -0.718433 -0.695119 -0.022495 -0.722047 0.691479 -0.025566 -0.002518 0.99967 0.097468 0.928515 0.358274 -0.034097 0.650725 0.758548 0.105097 0.657139 0.746407 -0.02799 0.928218 0.370982 0.698155 0.472444 -0.537938 0.577834 0.763236 -0.289101 0.89618 0.323532 -0.303625 0.945215 0.016795 -0.326015 0.77004 0.076237 -0.633424 0.999998 0.002041 9.2E-05 0.966402 0.257037 1E-06 0.89618 0.323531 0.303627 0.943964 0.006128 0.329992 0.698156 0.472441 0.537938 0.771454 0.046564 0.634579 0.760146 0.609181 -0.226002 0.535157 0.844753 0 0.784512 0.620114 1E-06 0.760148 0.609178 0.226004 0.577836 0.763234 0.289102 0.343052 0.939316 0 0.363968 0.872397 0.326268 0.363968 0.872397 -0.326267 0.434444 0.605771 -0.666558 0.489599 0.140315 -0.860584 0.434444 0.60577 0.666559 0.494729 0.104891 0.862694 -1 -1E-06 -0 -0.707108 0.707106 0 -0.707107 0.707106 -1E-06 0 1 0 0 1 -0 -1 -1E-06 0 -0.707107 -0.707107 0 -0.707107 -0.707107 0 0 -1 0 0 -1 -0 -0.56282 0.56282 0.605365 -0 0.795948 0.605365 -0.795948 -0 0.605365 -0.562819 -0.562821 0.605366 -1E-06 -0.795948 0.605365 -0.563369 -0.176116 -0.807217 0.021454 0.352448 -0.935585 0.010131 -0.178409 -0.983904 -0.286535 -0.863964 -0.414083 0.00567 -0.730062 -0.683358 -0.53838 0.35276 -0.765315 -0.410543 0.709844 -0.572343 0.052437 0.697332 -0.714827 -0.472504 0.614363 -0.6319 0.074093 0.513271 -0.855022 0.529394 0.297713 0.794424 0.174074 0.647173 0.742203 0.317602 0.680449 0.660392 0.307419 0.096417 0.946677 0.568817 -0.4188 0.707851 0.15544 0.987843 -0.002189 0.23477 0.972046 0.003229 0.260302 0.781371 0.567188 0.195926 0.980544 0.012092 0.175295 0.64795 -0.741238 0.559258 0.247874 -0.791068 0.332309 0.683015 -0.650432 0.15544 0.987843 -0.002189 0.23477 0.972046 0.003229 0.27425 0.782348 -0.559213 0.195926 0.980544 0.012092 0.3002 0.065716 -0.95161 0.515278 -0.453295 -0.727332 0.145148 0.342239 0.928334 0.146519 0.0023 0.989205 -0.210375 0.009235 0.977577 0.048169 -0.136932 0.989409</float_array>
					<technique_common>
						<accessor source="#mesh_0_Body00_normal_array_id" count="845" stride="3">
							<param name="X" type="float" />
							<param name="Y" type="float" />
							<param name="Z" type="float" />
						</accessor>
					</technique_common>
				</source>
				<source id="mesh_0_Body00_uv0_id" name="mesh_0_Body00_uv0">
					<float_array id="mesh_0_Body00_uv0_array_id" count="1690">0.719787 0.723964 0.729974 0.70521104 0.719453 0.705984 0.728986 0.691011 0.719339 0.691723 0.709606 0.691575 0.708611 0.70636797 0.708923 0.72509503 0.709842 0.748874 0.720692 0.746592 0.731405 0.744161 0.730521 0.72253096 0.727816 0.677562 0.719269 0.678469 0.71073 0.67799604 0.703084 0.750387 0.701771 0.72569203 0.696547 0.752346 0.694718 0.72642 0.701633 0.70608103 0.694794 0.70515096 0.696675 0.688165 0.702735 0.690548 0.699877 0.672974 0.704572 0.67645204 0.734063 0.675883 0.735834 0.690086 0.738927 0.67233396 0.742188 0.68846 0.736364 0.70475 0.742188 0.704424 0.746309 0.704839 0.747043 0.69028103 0.742187 0.71958196 0.736445 0.720881 0.742188 0.742458 0.736836 0.743024 0.745634 0.67237496 0.749621 0.676502 0.744074 0.711244 0.746759 0.707649 0.742643 0.71897197 0.743664 0.72774 0.752414 0.705253 0.751692 0.714351 0.764832 0.714795 0.764952 0.70592296 0.753607 0.690942 0.765068 0.69143903 0.777773 0.691512 0.779788 0.70645 0.771142 0.714538 0.775734 0.67827797 0.765151 0.678384 0.755392 0.67778397 0.764628 0.724474 0.751716 0.723371 0.75558 0.734215 0.764307 0.73582697 0.750745 0.731847 0.750734 0.743768 0.780746 0.67712 0.783414 0.69068 0.784464 0.672871 0.787926 0.687849 0.790023 0.704948 0.785066 0.70611596 0.790291 0.72658 0.785189 0.725963 0.78843 0.753038 0.78347 0.75128 0.780261 0.725752 0.746883 0.732975 0.742188 0.742458 0.746817 0.742877 0.779384 0.75035703 0.770876 0.736658 0.771481 0.72511697 0.763741 0.74735403 0.779055 0.660689 0.776359 0.66630304 0.772594 0.653197 0.770783 0.659096 0.765412 0.650349 0.765351 0.656892 0.759916 0.65887 0.758133 0.652609 0.754486 0.665473 0.751372 0.65995 0.758434 0.667309 0.761601 0.661872 0.765256 0.668037 0.765309 0.661942 0.769022 0.66210103 0.773179 0.668199 0.775734 0.67827797 0.765151 0.678384 0.755392 0.67778397 0.749621 0.676502 0.745634 0.67237496 0.786043 0.770452 0.781284 0.767769 0.782804 0.787453 0.778418 0.78412104 0.778307 0.803599 0.774592 0.799721 0.776846 0.766021 0.773834 0.781762 0.762794 0.762226 0.761488 0.777426 0.766837 0.813511 0.757855 0.80927896 0.762345 0.833503 0.767546 0.837059 0.773183 0.818751 0.755444 0.831084 0.748294 0.828665 0.748988 0.805044 0.742187 0.82734 0.742188 0.803268 0.735296 0.805162 0.735952 0.82862604 0.726432 0.809251 0.7289 0.831037 0.722114 0.833551 0.719064 0.81289303 0.716745 0.837168 0.711112 0.818628 0.742187 0.845392 0.736263 0.845853 0.730126 0.846911 0.724259 0.848127 0.718792 0.84950197 0.765625 0.849405 0.76053 0.848102 0.754774 0.846943 0.748318 0.84589 0.722884 0.77701104 0.713425 0.780565 0.710612 0.798959 0.707074 0.783386 0.750315 0.772398 0.738439 0.787236 0.742188 0.78610003 0.733107 0.773 0.721627 0.76158 0.732119 0.75843596 0.711426 0.764552 0.704786 0.766765 0.742187 0.864771 0.736263 0.864771 0.730126 0.864771 0.724259 0.864771 0.718792 0.864771 0.765625 0.864771 0.76053 0.864771 0.754774 0.864771 0.748318 0.864771 0.737653 0.771668 0.737148 0.757101 0.742187 0.770639 0.745888 0.77105 0.745876 0.787187 0.75068 0.757831 0.762794 0.762226 0.761488 0.777426 0.74642 0.756764 0.742188 0.756343 0.748988 0.805044 0.742188 0.803268 0.70177 0.786588 0.698788 0.769511 0.70599 0.803164 0.707074 0.783386 0.710612 0.798959 0.711112 0.818628 0.731405 0.744161 0.736836 0.743024 0.720692 0.746592 0.732119 0.75843596 0.721627 0.76158 0.711426 0.764552 0.709842 0.748874 0.704786 0.766765 0.703084 0.750387 0.696547 0.752346 0.763741 0.74735403 0.750734 0.743768 0.746817 0.742877 0.742188 0.742458 0.819605 0.518986 0.819906 0.54650104 0.836591 0.51946604 0.795121 0.52829504 0.796348 0.551687 0.837235 0.546229 0.84902 0.543237 0.849365 0.52084696 0.797798 0.566308 0.820332 0.566308 0.83549 0.566308 0.847764 0.566307 0.782397 0.534847 0.782397 0.556196 0.782397 0.566308 0.782397 0.514736 0.794451 0.50293 0.776736 0.48638898 0.791484 0.46110803 0.812525 0.475092 0.816554 0.49360102 0.831569 0.483393 0.834926 0.498254 0.848795 0.48572302 0.84979 0.49989402 0.753906 0.45064098 0.753906 0.46853298 0.767855 0.566308 0.767855 0.556407 0.753906 0.566308 0.753906 0.556226 0.767855 0.54066 0.753906 0.540114 0.753906 0.51954 0.767855 0.52024 0.738771 0.556424 0.738771 0.566308 0.724229 0.555641 0.738771 0.53966796 0.724229 0.535317 0.708353 0.550623 0.708346 0.527443 0.724229 0.566308 0.707743 0.566308 0.682276 0.545568 0.681909 0.523306 0.663099 0.54514503 0.662903 0.522874 0.665869 0.566308 0.682496 0.566308 0.738771 0.51993203 0.724229 0.515146 0.66352 0.50148296 0.680981 0.50095797 0.664534 0.48586 0.680471 0.48079002 0.700981 0.47402602 0.707245 0.504447 0.728268 0.484307 0.725251 0.45749903 0.74142 0.4856 0.753906 0.46853298 0.753906 0.45064098 0.652989 0.566308 0.650874 0.544532 0.640625 0.566505 0.640625 0.543688 0.650856 0.52298796 0.640625 0.521441 0.640625 0.50019896 0.651399 0.504549 0.640625 0.48599398 0.653716 0.48738098 0.753906 0.486435 0.753906 0.51954 0.767855 0.52024 0.765259 0.48785102 0.782397 0.514736 0.776736 0.48638898 0.890625 0.52348 0.902875 0.505926 0.890502 0.50386703 0.904798 0.52673304 0.897922 0.49275202 0.890566 0.49014997 0.884014 0.49354398 0.878597 0.50442004 0.904032 0.55209696 0.900964 0.566712 0.896919 0.57638 0.88964 0.58248997 0.883304 0.577701 0.879118 0.566496 0.876647 0.54967 0.876086 0.523322 0.979316 0.775627 0.986659 0.757021 0.980192 0.75622404 0.985015 0.743001 0.990274 0.73700297 0.996094 0.75294 0.980832 0.743786 0.976766 0.741156 0.97345 0.752952 0.972883 0.734739 0.966797 0.748913 0.978392 0.73614204 0.977298 0.731532 0.985964 0.73260903 0.983978 0.737375 0.981194 0.7369 0.981843 0.730675 0.996094 0.78046703 0.986646 0.779624 0.996094 0.824219 0.98365 0.824219 0.977926 0.824219 0.972405 0.774143 0.972491 0.824219 0.966797 0.824219 0.966797 0.773122 0.961954 0.824219 0.96118 0.774373 0.955382 0.824219 0.953862 0.77896 0.947915 0.824219 0.946449 0.779747 0.941406 0.824219 0.941406 0.783962 0.941406 0.758925 0.944932 0.757775 0.944316 0.742979 0.947294 0.74490297 0.952726 0.756428 0.951808 0.742943 0.956355 0.74191296 0.960575 0.751593 0.959447 0.736571 0.947479 0.736866 0.9489 0.74068797 0.951565 0.73975 0.95425 0.738908 0.955154 0.733828 0.950876 0.73333204 0.978243 0.916655 0.963824 0.916178 0.977207 0.935366 0.963632 0.93455 0.95039 0.931987 0.950923 0.913957 0.941242 0.913095 0.943056 0.885185 0.953298 0.883763 0.933118 0.888027 0.93255 0.91384 0.934012 0.85997903 0.922024 0.870672 0.922972 0.890586 0.908981 0.885329 0.911655 0.897199 0.945352 0.854136 0.955748 0.85071003 0.966108 0.885135 0.972772 0.852506 0.978634 0.886006 0.981654 0.859587 0.992188 0.888207 0.992188 0.863862 0.901634 0.902242 0.898848 0.888484 0.892784 0.903692 0.89388 0.890374 0.885486 0.881315 0.879988 0.896322 0.883472 0.869573 0.876436 0.862205 0.867188 0.888207 0.867188 0.863862 0.941119 0.931722 0.932276 0.93292 0.924264 0.915156 0.925063 0.934381 0.91478 0.917993 0.91702 0.936594 0.907085 0.938413 0.916645 0.954327 0.905861 0.953974 0.914973 0.972401 0.923586 0.971399 0.924941 0.952435 0.92345 0.992188 0.91422 0.992188 0.903537 0.972597 0.901063 0.992187 0.933812 0.992188 0.933153 0.971012 0.944178 0.968364 0.942292 0.949851 0.953145 0.949732 0.956202 0.970232 0.965596 0.950161 0.968567 0.968356 0.93271 0.951999 0.947346 0.992188 0.958853 0.992188 0.97157 0.992187 0.891227 0.972075 0.88725 0.992188 0.880917 0.971689 0.877341 0.992188 0.867188 0.970963 0.867188 0.950344 0.882897 0.950928 0.867188 0.992188 0.893056 0.951801 0.979501 0.968332 0.983802 0.992187 0.992188 0.970963 0.992188 0.950344 0.977732 0.948562 0.992188 0.992188 0.95039 0.931987 0.941119 0.931722 0.963632 0.93455 0.977207 0.935366 0.992188 0.937007 0.992188 0.917969 0.978243 0.916655 0.992188 0.888207 0.883072 0.939241 0.867188 0.937007 0.882191 0.923784 0.867188 0.917969 0.894097 0.924721 0.893823 0.939467 0.905455 0.922337 0.907085 0.938413 0.91478 0.917993 0.879988 0.896322 0.867188 0.888207 0.892784 0.903692 0.901634 0.902242 0.911655 0.897199 0.905861 0.953974 0.5 0.341985 0.510965 0.345837 0.5 0.332286 0.506621 0.35470998 0.5 0.352108 0.514505 0.33990902 0.514399 0.36329103 0.508952 0.36346 0.51724 0.362817 0.517801 0.380606 0.5325 0.376895 0.530984 0.35832602 0.542794 0.374142 0.542759 0.35409898 0.53845 0.32688898 0.528359 0.333816 0.528486 0.290807 0.520494 0.307155 0.510045 0.29325598 0.517763 0.269558 0.51012 0.31480998 0.556592 0.38284498 0.510725 0.378218 0.506052 0.372352 0.5 0.38724297 0.5 0.37620598 0.5 0.39387 0.5 0.31918502 0.493379 0.35470998 0.489035 0.345837 0.485495 0.33990902 0.485601 0.36329103 0.491048 0.36346 0.493948 0.372352 0.489275 0.378218 0.482199 0.380606 0.48276 0.362817 0.48988 0.31480998 0.5 0.332286 0.335025 0.40225798 0.336199 0.38285297 0.320312 0.400517 0.320312 0.38184202 0.320312 0.36377102 0.336553 0.36348897 0.320312 0.345626 0.335976 0.344014 0.320312 0.30939198 0.332374 0.30672002 0.320311 0.271232 0.327452 0.26939303 0.313281 0.269238 0.308248 0.306642 0.306817 0.26306802 0.315495 0.25274497 0.312931 0.24166399 0.296266 0.29766 0.344315 0.297835 0.333897 0.26338398 0.30463 0.344024 0.286567 0.33740902 0.353989 0.337349 0.304061 0.363522 0.284648 0.36289698 0.355945 0.362747 0.304422 0.382883 0.286027 0.38793302 0.354602 0.38782102 0.305586 0.402268 0.290115 0.410057 0.350514 0.41004997 0.33381 0.42211002 0.335025 0.40225798 0.320314 0.420749 0.320312 0.400517 0.320315 0.44531202 0.332817 0.44531202 0.307372 0.44531202 0.306736 0.422103 0.297808 0.44531298 0.294179 0.427801 0.346407 0.427846 0.342772 0.44531202 0.320305 0.24527699 0.320313 0.20798099 0.328013 0.24203402 0.325361 0.25293398 0.327452 0.26939303 0.320311 0.271232 0.315495 0.25274497 0.410556 0.18575901 0.409334 0.20599598 0.425818 0.18739903 0.390254 0.20141798 0.40896 0.22605997 0.388593 0.22744602 0.409628 0.24611402 0.390859 0.25392002 0.413699 0.28381002 0.401785 0.2934 0.418342 0.32012802 0.411549 0.32703203 0.420471 0.334777 0.418553 0.348024 0.42585 0.31791002 0.425787 0.280863 0.433356 0.31998497 0.437858 0.283737 0.440147 0.326728 0.449721 0.29321998 0.425781 0.24420702 0.44191 0.246144 0.460587 0.253982 0.425789 0.22557598 0.442602 0.226134 0.462903 0.22765797 0.425802 0.206877 0.442263 0.206096 0.461325 0.20170099 0.394852 0.17842102 0.441086 0.185857 0.456814 0.17868698 0.398921 0.15976 0.439877 0.16546601 0.425833 0.166753 0.425818 0.18739903 0.438531 0.140625 0.425844 0.140625 0.411802 0.16540802 0.413169 0.140625 0.403833 0.140625 0.44793 0.140625 0.452818 0.15990901 0.410556 0.18575901 0.425929 0.343584 0.426048 0.376467 0.433336 0.34773803 0.431316 0.33462298 0.42585 0.31791002 0.420471 0.334777 0.667723 0.605489 0.658229 0.605489 0.667722 0.615353 0.658228 0.615353 0.667719 0.625021 0.658223 0.625021 0.641142 0.615353 0.640764 0.625021 0.667724 0.595693 0.658232 0.595693 0.642914 0.595693 0.643574 0.585937 0.658236 0.585937 0.64203 0.60548997 0.667727 0.585937 0.677586 0.585937 0.677587 0.595693 0.689518 0.585937 0.689522 0.595693 0.677588 0.605489 0.689525 0.605489 0.689526 0.615353 0.677588 0.615353 0.677587 0.625021 0.689527 0.625021 0.701472 0.585937 0.701473 0.595693 0.713423 0.585937 0.713423 0.595693 0.701473 0.605489 0.713424 0.605489 0.713424 0.615353 0.701474 0.615353 0.701474 0.625021 0.713424 0.625021 0.725373 0.585938 0.725373 0.595693 0.737323 0.585938 0.737323 0.595693 0.725373 0.605489 0.737323 0.605489 0.737323 0.615353 0.725373 0.615353 0.725374 0.625021 0.737324 0.625021 0.749274 0.585938 0.749274 0.595693 0.761224 0.585938 0.761224 0.595693 0.749274 0.605489 0.761224 0.605489 0.761224 0.615353 0.749274 0.615353 0.749274 0.625021 0.761224 0.625021 0.773174 0.585938 0.773174 0.595693 0.785124 0.585938 0.785124 0.595693 0.773174 0.605489 0.785124 0.605489 0.785124 0.615353 0.773174 0.615353 0.773174 0.625021 0.785124 0.625021 0.797074 0.585938 0.797074 0.595693 0.809024 0.585938 0.809024 0.595693 0.797074 0.605489 0.809024 0.605489 0.809024 0.615353 0.797074 0.615353 0.797074 0.625021 0.809024 0.625021 0.820084 0.595693 0.820084 0.605489 0.820084 0.585938 0.820084 0.615353 0.820084 0.625021 0.832031 0.585938 0.832031 0.595693 0.832032 0.615353 0.832032 0.625021 0.832031 0.60548997 0.190976 0.605489 0.190976 0.615353 0.202926 0.605489 0.202926 0.615353 0.202926 0.625021 0.190976 0.625021 0.190976 0.595693 0.202926 0.595693 0.190976 0.585938 0.202926 0.585938 0.214876 0.585938 0.214876 0.595693 0.226826 0.595693 0.226826 0.585938 0.226826 0.605489 0.214876 0.605489 0.214876 0.615353 0.226826 0.615353 0.226826 0.625021 0.214876 0.625021 0.238776 0.585938 0.238776 0.595693 0.250726 0.595693 0.250726 0.585938 0.250726 0.605489 0.238776 0.605489 0.238776 0.615353 0.250726 0.615353 0.250726 0.625021 0.238776 0.625021 0.262677 0.585938 0.262677 0.595693 0.274627 0.595693 0.274627 0.585938 0.274627 0.605489 0.262677 0.605489 0.262677 0.615353 0.274626 0.615353 0.274626 0.625021 0.262676 0.625021 0.286577 0.585937 0.286577 0.595693 0.298527 0.595693 0.298528 0.585937 0.298527 0.605489 0.286576 0.605489 0.286576 0.615353 0.298526 0.615353 0.298526 0.625021 0.286576 0.625021 0.310482 0.585937 0.310478 0.595693 0.322413 0.595693 0.322414 0.585937 0.322412 0.605489 0.310475 0.605489 0.310474 0.615353 0.322412 0.615353 0.322413 0.625021 0.310473 0.625021 0.332273 0.585937 0.332276 0.595693 0.341764 0.585937 0.341768 0.595693 0.356426 0.585937 0.357086 0.595693 0.341771 0.605489 0.35797 0.60548997 0.332277 0.605489 0.332278 0.615353 0.341772 0.615353 0.332281 0.625021 0.341777 0.625021 0.358858 0.615353 0.359236 0.625021 0.76053 0.95527 0.76053 0.907863 0.754774 0.95527 0.754774 0.992188 0.748318 0.95527 0.748318 0.992188 0.742188 0.95527 0.742188 0.992187 0.736263 0.95527 0.736263 0.992188 0.730126 0.95527 0.730126 0.992187 0.724259 0.992187 0.724259 0.95527 0.718792 0.992188 0.718792 0.95527 0.76053 0.992187 0.765625 0.95527 0.765625 0.992188 0.736263 0.907863 0.742188 0.907863 0.730126 0.907863 0.724259 0.907863 0.718792 0.907863 0.765625 0.907863 0.754774 0.907863 0.748318 0.907863 0.730126 0.864771 0.736263 0.864771 0.724259 0.864771 0.718792 0.864771 0.765625 0.864771 0.76053 0.864771 0.754774 0.864771 0.76053 0.907863 0.748318 0.864771 0.742187 0.864771 0.729974 0.70521104 0.736445 0.720881 0.736364 0.70475 0.730521 0.72253096 0.70815 0.664341 0.712333 0.666057 0.712766 0.656988 0.711888 0.652774 0.705298 0.660517 0.719054 0.650041 0.7191 0.65475297 0.725512 0.656507 0.726324 0.652178 0.73032 0.66367304 0.733196 0.65961504 0.714176 0.65967596 0.719199 0.666685 0.719142 0.659321 0.724136 0.659323 0.726088 0.66563797 0.719269 0.678469 0.727816 0.677562 0.71073 0.67799604 0.704572 0.67645204 0.699877 0.672974 0.734063 0.675883 0.738927 0.67233396 0.179916 0.605489 0.190976 0.595693 0.179916 0.595693 0.190976 0.585938 0.179916 0.585938 0.190976 0.605489 0.179916 0.615354 0.190976 0.615353 0.179916 0.625021 0.190976 0.625021 0.167969 0.595693 0.167969 0.585938 0.167969 0.60548997 0.167968 0.615353 0.167968 0.625021 0.863281 0.543688 0.849365 0.52084696 0.84902 0.543237 0.863281 0.566308 0.847764 0.566307 0.863281 0.521441 0.863281 0.50019896 0.84979 0.49989402 0.863281 0.48599398 0.848795 0.48572302 0.584675 0.607431 0.579472 0.632496 0.588986 0.632377 0.578025 0.61094296 0.573177 0.59561 0.57849 0.652344 0.590924 0.652344 0.602021 0.628218 0.60443 0.652344 0.549405 0.63197 0.543172 0.606866 0.539592 0.62929 0.550416 0.652344 0.537982 0.652344 0.526619 0.62533903 0.524476 0.652344 0.55069 0.61035097 0.555259 0.595366 0.596973 0.381423 0.614286 0.375372 0.608094 0.34788 0.61571 0.35426903</float_array>
					<technique_common>
						<accessor source="#mesh_0_Body00_uv0_array_id" count="845" stride="2">
							<param name="S" type="float" />
							<param name="T" type="float" />
						</accessor>
					</technique_common>
				</source>
				<source id="mesh_0_Body00_color_id" name="mesh_0_Body00_color">
					<float_array id="mesh_0_Body00_color_array_id" count="3380">1 1 1 0.49803922 1 1 1 0.49803922 1 1 1 0.49803922 1 1 1 0.49803922 1 1 1 0.49803922 1 1 1 0.49803922 1 1 1 0.49803922 1 1 1 0.49803922 1 1 1 0.49803922 1 1 1 0.49803922 1 1 1 0.49803922 1 1 1 0.49803922 1 1 1 0.49803922 1 1 1 0.49803922 1 1 1 0.49803922 1 1 1 0.49803922 1 1 1 0.49803922 1 1 1 0.49803922 1 1 1 0.49803922 1 1 1 0.49803922 1 1 1 0.49803922 1 1 1 0.49803922 1 1 1 0.49803922 1 1 1 0.49803922 1 1 1 0.49803922 1 1 1 0.49803922 1 1 1 0.49803922 1 1 1 0.49803922 1 1 1 0.49803922 1 1 1 0.49803922 1 1 1 0.49803922 1 1 1 0.49803922 1 1 1 0.49803922 1 1 1 0.49803922 1 1 1 0.49803922 1 1 1 0.49803922 1 1 1 0.49803922 1 1 1 0.49803922 1 1 1 0.49803922 1 1 1 0.49803922 1 1 1 0.49803922 1 1 1 0.49803922 1 1 1 0.49803922 1 1 1 0.49803922 1 1 1 0.49803922 1 1 1 0.49803922 1 1 1 0.49803922 1 1 1 0.49803922 1 1 1 0.49803922 1 1 1 0.49803922 1 1 1 0.49803922 1 1 1 0.49803922 1 1 1 0.49803922 1 1 1 0.49803922 1 1 1 0.49803922 1 1 1 0.49803922 1 1 1 0.49803922 1 1 1 0.49803922 1 1 1 0.49803922 1 1 1 0.49803922 1 1 1 0.49803922 1 1 1 0.49803922 1 1 1 0.49803922 1 1 1 0.49803922 1 1 1 0.49803922 1 1 1 0.49803922 1 1 1 0.49803922 1 1 1 0.49803922 1 1 1 0.49803922 1 1 1 0.49803922 1 1 1 0.49803922 1 1 1 0.49803922 1 1 1 0.49803922 1 1 1 0.49803922 1 1 1 0.49803922 1 1 1 0.49803922 1 1 1 0.49803922 1 1 1 0.49803922 1 1 1 0.49803922 1 1 1 0.49803922 1 1 1 0.49803922 1 1 1 0.49803922 1 1 1 0.49803922 1 1 1 0.49803922 1 1 1 0.49803922 1 1 1 0.49803922 1 1 1 0.49803922 1 1 1 0.49803922 1 1 1 0.49803922 1 1 1 0.49803922 1 1 1 0.49803922 1 1 1 0.49803922 1 1 1 0.49803922 1 1 1 0.49803922 1 1 1 0.49803922 1 1 1 0.49803922 1 1 1 0.49803922 1 1 1 0.49803922 1 1 1 0.49803922 1 1 1 0.49803922 1 1 1 0.49803922 1 1 1 0.49803922 1 1 1 0.49803922 1 1 1 0.49803922 1 1 1 0.49803922 1 1 1 0.49803922 1 1 1 0.49803922 1 1 1 0.49803922 1 1 1 0.49803922 1 1 1 0.49803922 1 1 1 0.49803922 1 1 1 0.49803922 1 1 1 0.49803922 1 1 1 0.49803922 1 1 1 0.49803922 1 1 1 0.49803922 1 1 1 0.49803922 1 1 1 0.49803922 1 1 1 0.49803922 1 1 1 0.49803922 1 1 1 0.49803922 1 1 1 0.49803922 1 1 1 0.49803922 1 1 1 0.49803922 1 1 1 0.49803922 1 1 1 0.49803922 1 1 1 0.49803922 1 1 1 0.49803922 1 1 1 0.49803922 1 1 1 0.49803922 1 1 1 0.49803922 1 1 1 0.49803922 1 1 1 0.49803922 1 1 1 0.49803922 1 1 1 0.49803922 1 1 1 0.49803922 1 1 1 0.49803922 1 1 1 0.49803922 1 1 1 0.49803922 1 1 1 0.49803922 1 1 1 0.49803922 1 1 1 0.49803922 1 1 1 0.49803922 1 1 1 0.49803922 1 1 1 0.49803922 1 1 1 0.49803922 1 1 1 0.49803922 1 1 1 0.49803922 1 1 1 0.49803922 1 1 1 0.49803922 1 1 1 0.49803922 1 1 1 0.49803922 1 1 1 0.49803922 1 1 1 0.49803922 1 1 1 0.49803922 1 1 1 0.49803922 1 1 1 0.49803922 1 1 1 0.49803922 1 1 1 0.49803922 1 1 1 0.49803922 1 1 1 0.49803922 1 1 1 0.49803922 1 1 1 0.49803922 1 1 1 0.49803922 1 1 1 0.49803922 1 1 1 0.49803922 1 1 1 0.49803922 1 1 1 0.49803922 1 1 1 0.49803922 1 1 1 0.49803922 1 1 1 0.49803922 1 1 1 0.49803922 1 1 1 0.49803922 1 1 1 0.49803922 1 1 1 0.49803922 1 1 1 0.49803922 1 1 1 0.49803922 1 1 1 0.49803922 1 1 1 0.49803922 1 1 1 0.49803922 1 1 1 0.49803922 1 1 1 0.49803922 1 1 1 0.49803922 1 1 1 0.49803922 1 1 1 0.49803922 1 1 1 0.49803922 1 1 1 0.49803922 1 1 1 0.49803922 1 1 1 0.49803922 1 1 1 0.49803922 1 1 1 1 1 1 1 1 1 1 1 1 1 1 1 1 1 1 1 1 1 1 1 1 1 1 1 1 1 1 1 1 1 1 1 1 1 1 1 1 1 1 1 1 1 1 1 1 1 1 1 1 1 1 1 1 1 1 1 1 1 1 1 1 1 1 1 1 1 1 1 1 1 1 1 1 1 1 1 1 1 1 1 1 1 1 1 1 1 1 1 1 1 1 1 1 1 1 1 1 1 1 1 1 1 1 1 1 1 1 1 1 1 1 1 1 1 1 1 1 1 1 1 1 1 1 1 1 1 1 1 1 1 1 1 1 1 1 1 1 1 1 1 1 1 1 1 1 1 1 1 1 1 1 1 1 1 1 1 1 1 1 1 1 1 1 1 1 1 1 1 1 1 1 1 1 1 1 1 1 1 1 1 1 1 1 1 1 1 1 1 1 1 1 1 1 1 1 1 1 1 1 1 1 1 1 1 1 1 1 1 1 1 1 1 1 1 1 1 1 1 1 1 1 1 1 1 1 1 1 1 1 1 1 1 1 1 1 1 1 1 1 1 1 1 1 1 1 1 1 1 1 1 1 1 1 1 1 1 1 1 1 1 1 1 1 1 1 1 1 1 1 1 1 1 1 1 1 1 1 1 1 1 1 1 1 1 1 1 1 1 1 1 1 1 1 1 1 1 1 1 1 1 1 1 1 1 1 1 1 1 1 1 1 1 1 1 1 1 1 1 1 1 1 1 1 1 1 1 1 1 1 1 1 1 1 1 1 1 1 1 1 1 1 1 1 1 1 1 1 1 1 1 1 1 1 1 1 1 1 1 1 1 1 1 1 1 1 1 1 1 1 1 1 1 1 1 1 1 1 1 1 1 0.49803922 1 1 1 0.49803922 1 1 1 0.49803922 1 1 1 0.49803922 1 1 1 0.49803922 1 1 1 0.49803922 1 1 1 0.49803922 1 1 1 0.49803922 1 1 1 0.49803922 1 1 1 0.49803922 1 1 1 0.49803922 1 1 1 0.49803922 1 1 1 0.49803922 1 1 1 0.49803922 1 1 1 0.49803922 1 1 1 0.49803922 1 1 1 0.49803922 1 1 1 0.49803922 1 1 1 0.49803922 1 1 1 0.49803922 1 1 1 0.49803922 1 1 1 0.49803922 1 1 1 0.49803922 1 1 1 0.49803922 1 1 1 0.49803922 1 1 1 0.49803922 1 1 1 0.49803922 1 1 1 0.49803922 1 1 1 0.49803922 1 1 1 0.49803922 1 1 1 0.49803922 1 1 1 0.49803922 1 1 1 0.49803922 1 1 1 0.49803922 1 1 1 0.49803922 1 1 1 0.49803922 1 1 1 0.49803922 1 1 1 0.49803922 1 1 1 0.49803922 1 1 1 0.49803922 1 1 1 0.49803922 1 1 1 0.49803922 1 1 1 0.49803922 1 1 1 0.49803922 1 1 1 0.49803922 1 1 1 0.49803922 1 1 1 0.49803922 1 1 1 0.49803922 1 1 1 0.49803922 1 1 1 1 1 1 1 1 1 1 1 1 1 1 1 1 1 1 1 1 1 1 1 1 1 1 1 1 1 1 1 1 1 1 1 1 1 1 1 1 1 1 1 1 1 1 1 1 1 1 1 1 1 1 1 1 1 1 1 1 1 1 1 1 1 1 1 1 1 1 1 1 1 1 1 1 1 1 1 1 1 1 1 1 1 1 1 1 1 1 1 1 1 1 1 1 1 1 1 1 1 1 1 1 1 1 1 1 1 1 1 1 1 1 1 1 1 1 1 1 1 1 1 1 1 1 1 1 1 1 1 1 1 1 1 1 1 1 1 1 1 1 1 1 1 1 1 1 1 1 1 1 1 1 1 1 1 1 1 1 1 1 1 1 1 1 1 1 1 1 1 1 1 1 1 1 1 1 1 1 1 1 1 1 1 1 1 1 1 1 1 1 1 1 1 1 1 1 1 1 1 1 1 1 1 1 1 1 1 1 1 1 1 1 1 1 1 1 1 1 1 1 1 1 1 1 1 1 1 1 1 1 1 1 1 1 1 1 1 1 1 1 1 1 1 1 1 1 1 1 1 1 1 1 1 1 1 1 1 1 1 1 1 1 1 1 1 1 1 1 1 1 1 1 1 1 1 1 1 1 1 1 1 1 1 1 1 1 1 1 1 1 1 1 1 1 1 1 1 1 1 1 1 1 1 1 1 1 1 1 1 1 1 1 1 1 1 1 1 1 1 1 1 1 1 1 1 1 1 1 1 1 1 1 1 1 1 1 1 1 1 1 1 1 1 1 1 1 1 1 1 1 1 1 1 1 1 1 1 1 1 1 1 1 1 1 1 1 1 1 1 1 1 1 1 1 1 1 1 1 1 1 1 1 1 1 1 1 1 1 1 1 1 1 1 1 1 1 1 1 1 1 1 1 1 1 1 1 1 1 1 1 1 1 1 1 1 1 1 1 1 1 1 1 1 1 1 1 1 1 1 1 1 1 1 1 1 1 1 1 1 1 1 1 1 1 1 1 1 1 1 1 1 1 1 1 1 1 1 1 1 1 1 1 1 1 1 1 1 1 1 1 1 1 1 1 1 1 1 1 1 1 1 1 1 1 1 1 1 1 1 1 1 1 1 1 1 1 1 1 1 1 1 1 1 1 1 1 1 1 1 1 1 1 1 1 1 1 1 1 1 1 1 1 1 1 1 1 1 1 1 1 1 1 1 1 1 1 1 1 1 1 1 1 1 1 1 1 1 1 1 1 1 1 1 1 1 1 1 0.49803922 1 1 1 0.49803922 1 1 1 0.49803922 1 1 1 0.49803922 1 1 1 0.49803922 1 1 1 0.49803922 1 1 1 0.49803922 1 1 1 0.49803922 1 1 1 0.49803922 1 1 1 0.49803922 1 1 1 0.49803922 1 1 1 0.49803922 1 1 1 0.49803922 1 1 1 0.49803922 1 1 1 0.49803922 1 1 1 0.49803922 1 1 1 0.49803922 1 1 1 0.49803922 1 1 1 0.49803922 1 1 1 0.49803922 1 1 1 0.49803922 1 1 1 0.49803922 1 1 1 0.49803922 1 1 1 0.49803922 1 1 1 0.49803922 1 1 1 0.49803922 1 1 1 0.49803922 1 1 1 0.49803922 1 1 1 0.49803922 1 1 1 0.49803922 1 1 1 0.49803922 1 1 1 0.49803922 1 1 1 0.49803922 1 1 1 0.49803922 1 1 1 0.49803922 1 1 1 0.49803922 1 1 1 0.49803922 1 1 1 0.49803922 1 1 1 0.49803922 1 1 1 0.49803922 1 1 1 0.49803922 1 1 1 0.49803922 1 1 1 0.49803922 1 1 1 0.49803922 1 1 1 0.49803922 1 1 1 0.49803922 1 1 1 0.49803922 1 1 1 0.49803922 1 1 1 0.49803922 1 1 1 0.49803922 1 1 1 0.49803922 1 1 1 0.49803922 1 1 1 0.49803922 1 1 1 0.49803922 1 1 1 0.49803922 1 1 1 0.49803922 1 1 1 0.49803922 1 1 1 0.49803922 1 1 1 0.49803922 1 1 1 0.49803922 1 1 1 0.49803922 1 1 1 0.49803922 1 1 1 0.49803922 1 1 1 0.49803922 1 1 1 0.49803922 1 1 1 0.49803922 1 1 1 0.49803922 1 1 1 0.49803922 1 1 1 0.49803922 1 1 1 0.49803922 1 1 1 0.49803922 1 1 1 0.49803922 1 1 1 0.49803922 1 1 1 0.49803922 1 1 1 0.49803922 1 1 1 0.49803922 1 1 1 0.49803922 1 1 1 0.49803922 1 1 1 0.49803922 1 1 1 0.49803922 1 1 1 0.49803922 1 1 1 0.49803922 1 1 1 0.49803922 1 1 1 0.49803922 1 1 1 0.49803922 1 1 1 0.49803922 1 1 1 0.49803922 1 1 1 0.49803922 1 1 1 0.49803922 1 1 1 0.49803922 1 1 1 0.49803922 1 1 1 0.49803922 1 1 1 0.49803922 1 1 1 0.49803922 1 1 1 0.49803922 1 1 1 0.49803922 1 1 1 0.49803922 1 1 1 0.49803922 1 1 1 0.49803922 1 1 1 0.49803922 1 1 1 0.49803922 1 1 1 0.8980392 1 1 1 1 1 1 1 0.8980392 1 1 1 1 1 1 1 0.8980392 1 1 1 1 1 1 1 1 1 1 1 1 1 1 1 0.8980392 1 1 1 1 1 1 1 1 1 1 1 1 1 1 1 1 1 1 1 1 1 1 1 0.8980392 1 1 1 0.69803923 1 1 1 0.69803923 1 1 1 0.49803922 1 1 1 0.49803922 1 1 1 0.69803923 1 1 1 0.49803922 1 1 1 0.49803922 1 1 1 0.69803923 1 1 1 0.69803923 1 1 1 0.49803922 1 1 1 0.49803922 1 1 1 0.49803922 1 1 1 0.49803922 1 1 1 0.49803922 1 1 1 0.49803922 1 1 1 0.49803922 1 1 1 0.49803922 1 1 1 0.49803922 1 1 1 0.49803922 1 1 1 0.49803922 1 1 1 0.49803922 1 1 1 0.49803922 1 1 1 0.49803922 1 1 1 0.49803922 1 1 1 0.49803922 1 1 1 0.49803922 1 1 1 0.49803922 1 1 1 0.49803922 1 1 1 0.49803922 1 1 1 0.49803922 1 1 1 0.49803922 1 1 1 0.49803922 1 1 1 0.49803922 1 1 1 0.49803922 1 1 1 0.49803922 1 1 1 0.49803922 1 1 1 0.49803922 1 1 1 0.49803922 1 1 1 0.49803922 1 1 1 0.49803922 1 1 1 0.49803922 1 1 1 0.49803922 1 1 1 0.49803922 1 1 1 0.49803922 1 1 1 0.49803922 1 1 1 0.49803922 1 1 1 0.49803922 1 1 1 0.49803922 1 1 1 0.49803922 1 1 1 0.49803922 1 1 1 0.49803922 1 1 1 0.49803922 1 1 1 0.49803922 1 1 1 0.49803922 1 1 1 0.49803922 1 1 1 0.49803922 1 1 1 0.49803922 1 1 1 0.49803922 1 1 1 0.49803922 1 1 1 0.49803922 1 1 1 0.49803922 1 1 1 0.49803922 1 1 1 0.49803922 1 1 1 0.49803922 1 1 1 0.49803922 1 1 1 0.49803922 1 1 1 0.49803922 1 1 1 0.49803922 1 1 1 0.49803922 1 1 1 0.49803922 1 1 1 0.49803922 1 1 1 0.49803922 1 1 1 0.49803922 1 1 1 0.49803922 1 1 1 0.49803922 1 1 1 0.49803922 1 1 1 0.49803922 1 1 1 0.49803922 1 1 1 0.49803922 1 1 1 0.49803922 1 1 1 0.49803922 1 1 1 0.49803922 1 1 1 0.49803922 1 1 1 0.49803922 1 1 1 0.49803922 1 1 1 0.49803922 1 1 1 0.49803922 1 1 1 0.49803922 1 1 1 0.49803922 1 1 1 0.49803922 1 1 1 0.49803922 1 1 1 0.49803922 1 1 1 0.49803922 1 1 1 0.49803922 1 1 1 0.49803922 1 1 1 0.49803922 1 1 1 0.49803922 1 1 1 0.49803922 1 1 1 0.49803922 1 1 1 0.49803922 1 1 1 0.49803922 1 1 1 0.49803922 1 1 1 0.49803922 1 1 1 0.49803922 1 1 1 0.49803922 1 1 1 0.49803922 1 1 1 0.49803922 1 1 1 0.49803922 1 1 1 0.49803922 1 1 1 0.49803922 1 1 1 0.49803922 1 1 1 0.49803922 1 1 1 0.49803922 1 1 1 0.49803922 1 1 1 0.49803922 1 1 1 0.49803922 1 1 1 0.49803922 1 1 1 0.49803922 1 1 1 0.49803922 1 1 1 0.49803922 1 1 1 0.49803922 1 1 1 0.49803922 1 1 1 0.69803923 1 1 1 0.69803923 1 1 1 0.69803923 1 1 1 0.49803922 1 1 1 0.49803922 1 1 1 0.69803923 1 1 1 0.69803923 1 1 1 0.49803922 1 1 1 0.8980392 1 1 1 0.8980392 1 1 1 1 1 1 1 1 1 1 1 1 1 1 1 1 1 1 1 1 1 1 1 1 1 1 1 0.8980392 1 1 1 0.8980392 1 1 1 1 1 1 1 0.8980392 1 1 1 1 1 1 1 1 1 1 1 1 1 1 1 0.49803922 1 1 1 0.49803922 1 1 1 0.49803922 1 1 1 0.7490196 1 1 1 0.49803922 1 1 1 0.7490196 1 1 1 0.49803922 1 1 1 0.7490196 1 1 1 0.49803922 1 1 1 0.7490196 1 1 1 0.49803922 1 1 1 0.7490196 1 1 1 0.7490196 1 1 1 0.49803922 1 1 1 0.7490196 1 1 1 0.49803922 1 1 1 0.7490196 1 1 1 0.49803922 1 1 1 0.7490196 1 1 1 0.49803922 1 1 1 0.49803922 1 1 1 0.49803922 1 1 1 0.49803922 1 1 1 0.49803922 1 1 1 0.49803922 1 1 1 0.49803922 1 1 1 0.49803922 1 1 1 0.49803922 1 1 1 0.49803922 1 1 1 0.49803922 1 1 1 0.49803922 1 1 1 0.49803922 1 1 1 0.49803922 1 1 1 0.49803922 1 1 1 0.49803922 1 1 1 0.49803922 1 1 1 0.49803922 1 1 1 0.49803922 1 1 1 0.49803922 1 1 1 0.49803922 1 1 1 0.49803922 1 1 1 0.49803922 1 1 1 0.49803922 1 1 1 0.49803922 1 1 1 0.49803922 1 1 1 0.49803922 1 1 1 0.49803922 1 1 1 0.49803922 1 1 1 0.49803922 1 1 1 0.49803922 1 1 1 0.49803922 1 1 1 0.49803922 1 1 1 0.49803922 1 1 1 0.49803922 1 1 1 0.49803922 1 1 1 0.49803922 1 1 1 0.49803922 1 1 1 0.49803922 1 1 1 0.49803922 1 1 1 0.49803922 1 1 1 0.49803922 1 1 1 0.49803922 1 1 1 0.49803922 1 1 1 0.49803922 1 1 1 0.49803922 1 1 1 0.49803922 1 1 1 0.49803922 1 1 1 0.49803922 1 1 1 0.49803922 1 1 1 0.49803922 1 1 1 0.49803922 1 1 1 0.49803922 1 1 1 0.49803922 1 1 1 0.49803922 1 1 1 0.49803922 1 1 1 0.49803922 1 1 1 0.49803922 1 1 1 0.49803922 1 1 1 0.49803922 1 1 1 1 1 1 1 1 1 1 1 1 1 1 1 1 1 1 1 1 1 1 1 1 1 1 1 1 1 1 1 1 1 1 1 1 1 1 1 1 1 1 1 1 1 1 1 0.7490196 1 1 1 1 1 1 1 0.7490196 1 1 1 0.7490196 1 1 1 0.7490196 1 1 1 1 1 1 1 1 1 1 1 1 1 1 1 0.7490196 1 1 1 1 1 1 1 1 1 1 1 0.7490196 1 1 1 1 1 1 1 1 1 1 1 1 1 1 1 0.7490196 1 1 1 0.7490196 1 1 1 1 1 1 1 1 1 1 1 1 1 1 1 1</float_array>
					<technique_common>
						<accessor source="#mesh_0_Body00_color_array_id" count="845" stride="4">
							<param name="R" type="float" />
							<param name="G" type="float" />
							<param name="B" type="float" />
							<param name="A" type="float" />
						</accessor>
					</technique_common>
				</source>
				<vertices id="mesh_0_Body00_vertices_id">
					<input semantic="POSITION" source="#mesh_0_Body00_position_id" />
				</vertices>
				<triangles material="Body00" count="1156">
					<input semantic="VERTEX" source="#mesh_0_Body00_vertices_id" offset="0" />
					<input semantic="NORMAL" source="#mesh_0_Body00_normal_id" offset="0" />
					<input semantic="COLOR" source="#mesh_0_Body00_color_id" offset="0" />
					<input semantic="TEXCOORD" source="#mesh_0_Body00_uv0_id" offset="0" set="0" />
					<p>0 1 2 3 2 1 4 2 3 5 2 4 6 2 5 0 2 7 7 2 6 8 0 7 9 0 8 9 10 0 0 10 11 11 1 0 12 4 3 13 4 12 13 14 4 4 14 5 8 7 15 15 7 16 6 16 7 15 16 17 17 16 18 16 19 18 19 16 6 18 19 20 20 19 21 21 19 22 19 6 22 22 6 5 22 23 21 24 23 22 14 24 5 5 24 22 3 25 12 26 25 3 1 26 3 25 26 27 27 26 28 29 28 26 29 26 1 30 28 29 30 31 28 28 31 32 29 33 30 34 33 29 34 35 33 36 35 34 10 36 11 11 36 34 32 37 28 38 37 32 30 39 31 31 39 40 33 41 30 41 39 30 41 33 42 35 42 33 31 40 43 31 43 32 43 40 44 45 43 44 46 43 45 43 46 47 32 43 47 47 38 32 47 46 48 46 49 48 50 49 46 50 46 51 51 46 45 52 48 49 53 48 52 53 54 48 48 54 47 54 38 47 45 44 55 55 51 45 55 44 56 57 55 56 58 55 57 59 57 56 60 57 59 49 61 52 62 61 49 50 62 49 61 62 63 63 62 64 62 65 64 66 65 62 66 62 50 65 66 67 67 66 68 68 69 67 70 69 68 50 71 66 66 71 68 71 70 68 50 51 71 59 72 60 73 72 42 74 72 73 60 72 74 75 70 71 75 71 76 58 76 55 76 71 77 77 51 55 55 76 77 71 51 77 60 78 57 57 78 58 75 76 78 78 76 58 63 79 61 61 79 80 61 80 52 81 80 79 82 80 81 83 82 81 84 82 83 83 85 84 86 85 83 86 87 85 88 87 86 87 89 85 85 89 90 85 90 84 89 91 90 90 91 92 84 90 92 91 93 92 82 84 93 93 84 92 94 93 91 80 82 94 94 82 93 95 80 94 95 94 96 96 94 91 89 96 91 97 96 89 89 87 97 97 87 98 88 98 87 99 98 88 70 100 69 101 100 70 75 101 70 101 102 100 103 102 101 103 104 102 105 104 103 106 103 101 106 101 75 78 106 75 107 103 106 107 105 103 108 107 106 108 106 78 109 107 108 109 110 107 110 105 107 111 110 109 111 112 110 112 113 110 110 113 114 110 114 105 105 114 104 115 112 111 115 111 116 116 111 117 111 109 117 116 117 118 118 117 119 120 118 119 121 118 120 122 121 120 123 121 122 123 122 124 124 122 125 124 125 126 126 125 127 121 128 118 128 116 118 129 128 121 123 129 121 130 129 123 130 123 131 131 123 124 131 124 132 132 124 126 112 133 113 134 133 112 115 134 112 135 134 115 135 115 136 136 115 116 136 116 128 122 137 125 122 120 137 125 137 138 125 138 139 125 139 127 139 138 140 117 109 141 120 119 142 142 119 143 137 120 144 120 142 144 137 144 145 137 145 138 145 144 146 138 145 147 138 147 140 140 147 148 129 149 128 149 136 128 150 149 129 130 150 129 151 150 130 151 130 152 152 130 131 152 131 153 153 131 132 134 154 133 155 154 134 135 155 134 156 155 135 156 135 157 157 135 136 157 136 149 144 158 146 142 143 158 144 142 158 146 158 159 160 159 158 158 143 160 143 161 160 162 161 143 162 141 161 141 163 161 141 164 163 165 164 141 161 163 166 166 160 161 167 159 160 167 160 166 168 141 162 168 162 169 169 162 143 140 148 170 170 148 171 172 173 170 174 173 172 175 174 172 146 159 176 176 159 177 167 177 159 178 179 176 180 179 178 180 178 181 181 178 182 181 182 183 183 182 184 183 184 171 171 184 185 164 186 163 163 186 187 163 187 166 166 187 188 188 167 166 189 167 188 189 177 167 190 191 192 190 193 191 191 193 194 192 191 195 196 192 195 197 192 196 194 198 191 191 198 199 195 191 200 200 191 199 196 195 201 201 195 200 193 202 194 194 202 203 198 194 204 204 194 203 193 205 202 206 205 193 190 206 193 206 207 205 208 207 206 206 209 208 210 209 206 210 206 190 209 210 211 211 210 212 210 190 212 212 190 192 211 212 213 213 212 214 212 192 214 214 192 197 208 215 207 207 215 216 203 217 204 218 217 203 218 219 217 220 219 218 221 220 218 202 221 203 203 221 218 222 220 221 221 223 222 224 223 221 205 224 202 202 224 221 220 225 219 219 225 226 225 227 226 228 227 225 222 228 220 220 228 225 223 228 222 229 227 228 229 230 227 231 230 229 227 230 232 226 227 232 232 230 233 230 231 234 234 231 235 235 236 234 237 236 235 236 238 234 234 238 239 233 230 239 239 230 234 240 229 228 240 228 223 241 229 240 241 231 229 235 242 237 243 242 235 243 244 242 245 244 243 245 243 246 246 243 247 243 235 247 247 235 231 247 231 241 246 247 248 248 247 241 249 246 248 248 241 250 250 241 240 251 249 248 250 251 248 252 249 251 236 253 238 254 253 236 254 255 253 256 255 254 257 256 254 237 257 236 236 257 254 258 256 257 257 259 258 260 259 257 242 260 237 237 260 257 260 261 259 262 261 260 244 262 242 242 262 260 250 240 263 263 251 250 263 240 264 265 263 264 266 263 265 266 251 263 267 266 265 268 266 267 268 251 266 269 270 271 272 270 269 270 273 271 271 273 274 274 275 271 271 275 276 271 276 269 277 272 269 278 277 269 279 278 269 280 279 269 280 269 281 282 281 269 283 282 269 284 283 269 269 276 284 285 286 287 286 288 287 286 289 288 290 289 286 287 288 291 292 287 291 293 287 292 293 285 287 294 293 292 295 293 294 296 294 292 292 291 296 297 294 296 298 288 289 299 288 298 288 299 291 296 291 300 291 299 300 297 296 301 301 296 300 300 299 301 301 299 298 286 302 290 303 302 286 303 286 285 302 303 304 304 303 305 303 285 305 305 285 306 285 307 306 307 285 293 306 307 308 307 309 308 310 309 307 307 293 310 310 293 295 310 311 309 312 311 310 310 295 312 312 313 311 314 313 312 314 315 313 316 315 314 316 317 315 318 317 316 318 316 319 319 316 320 319 320 321 321 320 322 320 323 322 314 323 316 316 323 320 322 323 324 323 325 324 326 325 323 312 295 326 312 326 314 314 326 323 295 327 326 326 327 325 321 322 328 328 322 329 322 324 329 329 324 330 325 331 324 324 331 330 331 325 332 332 325 327 330 331 333 333 331 332 328 329 333 333 329 330 334 335 336 336 335 337 337 335 338 338 335 339 339 340 338 340 339 341 341 339 342 335 342 339 343 340 341 344 340 343 341 345 343 345 346 343 343 346 347 343 347 344 346 348 347 347 348 349 350 345 341 342 350 341 351 350 342 352 351 342 352 342 335 334 352 335 353 351 352 354 353 352 354 352 334 355 353 354 356 355 354 334 356 354 357 355 356 349 348 358 358 348 359 359 360 358 361 360 359 361 362 360 360 362 363 362 364 363 363 364 365 363 365 366 366 365 367 340 344 368 338 340 368 368 344 369 344 370 369 344 347 370 369 370 371 370 372 371 370 347 372 372 347 349 371 372 373 373 372 374 374 375 373 376 375 374 375 376 377 378 375 377 379 375 378 371 373 379 379 373 375 378 377 380 380 377 381 377 382 381 377 376 382 381 382 383 384 378 380 385 378 384 385 379 378 384 386 385 386 387 385 387 386 388 388 386 389 389 390 388 391 390 389 385 387 392 392 379 385 369 371 392 392 371 379 387 368 392 392 368 369 393 386 384 386 393 389 389 393 394 394 391 389 395 391 394 382 396 383 383 396 397 396 398 397 397 398 399 398 400 399 398 401 400 402 401 398 396 402 398 399 400 403 404 402 396 376 404 382 382 404 396 391 395 405 405 395 406 406 407 405 407 408 405 405 408 409 390 391 409 409 391 405 410 407 406 388 411 387 387 411 412 390 413 388 388 413 411 409 414 390 390 414 413 408 415 409 409 415 414 415 416 414 414 416 417 416 418 417 402 419 401 404 419 402 401 419 420 419 421 420 420 421 422 419 423 421 424 423 419 424 419 404 424 425 423 426 425 424 426 427 425 428 422 421 429 422 428 428 421 430 430 421 423 430 423 431 431 423 425 427 432 425 425 432 431 426 424 433 433 424 404 434 435 436 434 437 435 438 437 434 436 435 439 437 440 435 441 440 437 440 442 435 435 442 439 442 440 443 443 444 442 442 444 445 444 446 445 445 446 447 447 448 445 445 448 449 445 449 442 442 449 439 448 450 449 449 450 451 449 451 439 450 452 451 453 452 450 439 451 454 454 436 439 447 446 455 443 440 456 441 456 440 457 456 441 457 458 456 459 458 457 458 460 456 456 460 443 461 436 454 434 462 438 463 462 434 436 463 434 464 463 436 463 465 462 462 465 466 459 467 458 458 467 468 467 466 468 468 466 465 458 468 460 465 469 468 460 468 469 470 469 465 464 470 463 463 470 465 461 471 472 472 471 464 473 474 475 475 474 476 476 474 477 477 474 478 477 478 479 479 478 480 479 480 481 481 480 482 481 482 483 483 482 484 485 481 483 486 481 485 486 479 481 487 486 485 485 488 487 485 483 488 487 488 489 490 486 487 482 491 484 484 491 492 493 479 486 490 493 486 493 477 479 494 493 490 480 495 482 482 495 491 496 477 493 494 496 493 496 476 477 497 496 494 478 498 480 480 498 495 499 476 496 497 499 496 499 475 476 500 499 497 474 501 478 478 501 498 473 501 474 502 475 499 500 502 499 503 502 500 504 501 473 475 505 506 507 505 508 509 505 507 510 505 509 509 507 511 511 507 512 507 508 512 512 508 502 511 512 513 513 512 514 512 502 514 514 502 503 510 515 505 505 515 506 506 515 504 516 515 510 488 517 489 489 517 518 518 517 519 519 517 520 519 520 492 492 520 521 517 522 520 520 522 521 523 522 517 524 525 526 524 527 525 525 527 528 528 527 529 528 529 530 530 529 531 530 531 532 532 531 533 532 533 534 534 533 535 534 535 536 536 535 537 538 532 534 534 536 538 539 532 538 539 530 532 540 539 538 541 539 540 542 541 540 543 541 542 544 530 539 541 544 539 544 528 530 545 544 541 543 545 541 546 545 543 547 528 544 545 547 544 547 525 528 548 547 545 546 548 545 549 548 546 550 525 547 548 550 547 526 525 550 551 550 548 549 551 548 551 526 550 552 551 549 553 527 524 554 526 551 552 554 551 555 554 552 524 556 553 557 526 554 558 559 557 560 558 557 561 558 560 561 562 558 558 562 559 563 556 562 563 562 561 564 556 563 560 557 565 565 557 566 557 554 566 566 554 555 562 556 567 559 562 567 536 537 568 568 537 569 570 568 569 571 568 570 540 571 542 542 571 570 540 572 571 571 572 568 572 573 568 574 575 576 576 575 577 577 578 576 579 578 577 580 579 577 581 579 580 582 575 574 583 575 582 584 575 583 584 583 585 585 583 586 587 575 584 575 587 577 577 587 580 586 583 588 588 583 582 588 582 589 589 582 590 582 574 590 589 590 591 591 590 592 590 593 592 590 574 593 592 593 594 594 593 595 595 593 596 593 574 596 596 574 576 596 597 595 578 597 576 576 597 596 595 597 598 591 592 599 599 592 600 592 594 600 599 600 601 601 600 602 600 603 602 600 594 603 602 603 604 604 603 605 605 603 606 595 598 606 603 594 606 606 594 595 606 607 605 606 598 607 605 607 608 601 602 609 609 602 610 602 604 610 609 610 611 611 610 612 610 613 612 610 604 613 612 613 614 614 613 615 615 613 616 605 608 616 613 604 616 616 604 605 616 617 615 616 608 617 615 617 618 611 612 619 619 612 620 612 614 620 619 620 621 621 620 622 620 623 622 620 614 623 622 623 624 624 623 625 625 623 626 615 618 626 623 614 626 626 614 615 626 627 625 626 618 627 625 627 628 621 622 629 629 622 630 622 624 630 629 630 631 631 630 632 630 633 632 630 624 633 632 633 634 634 633 635 635 633 636 625 628 636 633 624 636 636 624 625 636 637 635 636 628 637 635 637 638 631 632 639 639 632 640 632 634 640 639 640 641 641 640 642 640 643 642 640 634 643 642 643 644 644 643 645 645 643 646 635 638 646 643 634 646 646 634 635 646 647 645 646 638 647 645 647 648 642 644 649 649 644 650 641 642 651 651 642 649 645 648 652 650 644 652 652 644 645 652 648 653 651 649 654 654 649 655 649 650 655 652 653 656 656 650 652 656 653 657 658 650 656 655 650 658 659 660 661 661 660 662 662 660 663 663 660 664 661 665 659 666 665 661 666 667 665 668 667 666 666 669 668 670 669 666 661 670 666 671 669 670 672 669 671 671 670 673 673 670 674 674 670 661 661 662 674 674 675 673 674 662 675 663 675 662 673 675 676 676 675 677 677 675 678 678 675 663 671 679 672 680 679 671 673 680 671 681 679 680 682 679 681 681 680 683 683 680 684 684 680 673 673 676 684 684 685 683 684 676 685 677 685 676 683 685 686 686 685 687 687 685 688 688 685 677 681 689 682 690 689 681 683 690 681 691 689 690 692 689 691 691 690 693 693 690 694 694 690 683 683 686 694 694 695 693 694 686 695 687 695 686 693 695 696 696 695 697 697 695 698 698 695 687 691 699 692 700 699 691 693 700 691 701 699 700 702 699 701 701 700 703 703 700 704 704 700 693 693 696 704 704 705 703 704 696 705 697 705 696 703 705 706 706 705 707 707 705 708 708 705 697 701 709 702 710 709 701 703 710 701 711 709 710 712 709 711 711 710 713 713 710 714 714 710 703 703 706 714 714 715 713 714 706 715 707 715 706 713 715 716 716 715 717 717 715 718 718 715 707 711 719 712 720 719 711 713 720 711 720 721 719 722 721 720 721 722 723 723 722 724 722 725 724 724 725 726 725 722 727 727 722 720 727 720 713 713 716 727 727 728 725 727 716 728 717 728 716 725 728 729 725 729 726 730 729 728 730 728 717 731 729 730 729 731 732 726 729 732 732 731 733 734 735 736 737 734 736 738 737 736 739 737 738 740 739 738 741 739 740 742 741 740 743 741 742 744 743 742 745 743 744 745 744 746 746 744 747 746 747 748 748 747 749 750 734 737 750 751 734 752 751 750 742 740 753 753 740 754 740 738 754 744 742 755 755 742 753 744 755 747 747 755 756 747 756 749 749 756 757 751 758 734 734 758 735 736 735 759 738 736 760 760 736 759 754 738 760 755 753 761 755 761 756 761 753 762 753 754 762 756 761 763 756 763 757 757 763 764 758 765 735 735 765 766 759 735 767 767 768 766 760 759 769 769 759 767 754 760 770 770 760 769 762 754 770 771 772 773 774 772 771 775 776 777 778 775 777 779 775 778 778 777 780 780 777 781 781 782 780 780 782 783 782 784 783 783 784 785 777 776 786 777 786 781 776 787 786 786 787 788 781 786 788 787 789 788 782 781 789 789 781 788 790 789 787 784 782 790 790 782 789 791 790 787 776 791 787 792 790 791 792 784 790 793 791 776 775 793 776 794 793 775 779 794 775 795 794 779 796 785 784 796 784 792 797 785 796 798 799 800 799 801 800 800 801 802 803 799 798 798 804 803 803 804 805 806 805 804 807 805 806 800 802 808 808 802 809 798 800 810 810 800 808 810 811 798 798 811 804 806 804 812 812 804 811 813 814 815 813 815 816 816 815 817 818 814 813 819 814 818 820 814 819 819 821 820 820 821 822 823 824 825 826 824 823 823 827 826 824 828 825 825 828 829 829 830 825 831 830 829 832 833 834 832 834 835 835 834 836 837 836 834 838 836 837 839 833 832 840 833 839 841 842 843 843 842 844</p>
				</triangles>
			</mesh>
		</geometry>
		<geometry id="mesh_1_Body00_id" name="mesh_1_Body00">
			<mesh>
				<source id="mesh_1_Body00_position_id" name="mesh_1_Body00_position">
					<float_array id="mesh_1_Body00_position_array_id" count="2334">-24.669676 22.361053 -3E-06 -24.669676 22.016573 2.025896 -22.935202 22.420113 -3E-06 -26.03053 21.866972 1.805016 -26.03053 22.191315 -3E-06 -26.03053 21.866974 -1.805021 -24.669676 22.016575 -2.025902 -22.935202 22.094112 -2.025116 -20.791677 21.920567 -1.949686 -20.791677 22.271818 -2E-06 -20.791677 21.845442 2.011805 -22.935202 22.094112 2.101518 -27.261305 21.62387 1.575079 -27.261305 21.909878 -3E-06 -27.261305 21.62387 -1.575084 -20.791677 21.276512 -2.939641 -22.935202 21.380192 -3.102042 -20.791677 20.289621 -3.415029 -22.935202 20.289621 -3.603693 -24.669683 21.341421 -3.103245 -24.669676 20.289621 -3.60509 -26.03053 20.28962 -3.319437 -26.030539 21.221405 -2.868889 -27.261305 20.28962 -2.894431 -27.261305 21.050388 -2.544493 -27.261305 21.050388 2.544488 -26.03053 21.221401 2.868884 -27.261305 20.28962 2.894424 -26.03053 20.28962 3.31943 -24.669676 21.34142 3.103238 -24.669676 20.28962 3.605084 -24.669683 19.477104 3.425184 -26.030539 19.512894 3.17781 -23.143217 20.289621 3.603688 -23.039206 21.380192 3.102037 -20.791677 20.289621 3.415025 -20.791677 21.276512 2.939637 -27.261305 20.28962 2.894424 -27.261305 19.561007 2.758852 -23.987127 19.907522 3.545791 -24.391005 19.395426 3.357947 -23.204748 20.199738 3.629267 -22.30641 19.991396 3.625991 -24.669676 18.870447 2.39728 -23.783384 18.800674 2.548603 -23.829481 18.70523 -3E-06 -24.669683 18.706509 -3E-06 -26.03053 18.94444 2.149882 -26.030539 18.785395 -3E-06 -26.03053 19.00256 -2.356288 -24.669676 18.925121 -2.74206 -23.898 18.758215 -1.169762 -27.261305 19.09027 -1.996734 -27.261305 18.893682 -3E-06 -27.261305 19.059383 1.832524 -22.935202 18.476837 -2E-06 -22.935202 18.498184 2.548191 -21.86344 18.489283 1.723868 -21.86344 18.544125 -2E-06 -22.06104 18.790695 2.710526 -20.791677 18.785368 2.561828 -27.261305 19.561005 -2.806397 -26.030539 19.50228 -3.235386 -27.261305 20.28962 -2.894431 -26.03053 20.28962 -3.319437 -24.669676 20.289621 -3.60509 -24.669683 19.447649 -3.536561 -22.935202 20.289621 -3.603693 -22.935202 19.44092 -3.514979 -20.791677 20.289621 -3.415029 -20.791677 19.486908 -3.246501 -22.935202 18.890676 -2.847704 -21.806593 19.284876 3.428714 -20.791677 20.289621 3.415025 -20.791677 19.361546 3.156128 -20.791677 18.957565 -2.785957 -21.876501 18.650562 -1.215185 -22.935202 18.650105 -1.274099 -20.791677 18.642166 -2E-06 -28.236326 20.289621 -2.064308 -28.236326 19.628227 -1.993293 -28.795767 20.289621 -1.065454 -28.770971 19.737883 -0.936128 -28.971197 20.28962 -3E-06 -28.91722 19.76788 -3E-06 -28.76985 19.724392 0.930316 -28.79576 20.289621 1.065447 -28.236326 19.628227 1.897442 -28.236326 20.289621 2.064301 -28.236326 19.23559 1.279811 -28.704794 19.417831 0.679486 -28.236326 19.047258 -3E-06 -28.705526 19.378714 -0.000441 -28.70516 19.42227 -0.681402 -28.236326 19.19631 -1.524596 -27.261305 19.09027 -1.996734 -27.261305 18.893682 -3E-06 -27.261305 19.059383 1.832524 -27.261305 19.561007 2.758852 -27.261305 20.28962 2.894424 -19.420767 20.289621 3.181168 -20.791677 21.276512 2.939637 -19.420767 21.161983 2.717142 -18.049849 20.289621 2.94731 -18.049849 21.047457 2.494648 -19.420767 19.474718 2.936929 -18.049849 19.58789 2.717728 -16.678938 20.289621 2.550552 -16.687933 19.707413 2.200819 -19.420767 18.893806 2.315912 -18.049849 19.002243 2.069996 -19.420767 18.690163 -2E-06 -18.049849 18.73816 -1E-06 -15.308027 19.355583 1.447071 -15.308027 18.955202 0.002257 -13.718626 19.500597 1.039937 -13.718626 19.159292 0 -13.718626 19.500599 -1.039937 -15.308027 19.355583 -1.442557 -13.718626 20.289621 -1.470693 -15.308027 20.287062 -2.041018 -13.718626 20.28962 1.470693 -15.308027 20.28706 2.045532 -15.308027 21.253658 1.44707 -13.718626 21.1136 1.039936 -15.308027 21.654037 0.002257 -13.718626 21.454906 -0 -13.718626 21.113602 -1.039937 -15.308027 21.318754 -1.175166 -13.718626 20.289621 -1.470693 -15.308027 20.287062 -2.041018 -12.416334 20.289621 1.095325 -12.416334 21.009502 0.774512 -12.416334 21.307686 -0 -12.416334 21.0095 -0.774512 -12.416334 20.289621 -1.095326 -12.416334 20.289621 -1.095326 -12.416334 19.569742 -0.774512 -12.416334 19.271557 0 -12.416334 19.56974 0.774512 -18.049849 21.948915 -2E-06 -18.049849 21.631731 -1.613231 -16.709967 21.02466 -2.211645 -18.049849 21.048834 -2.515688 -18.049849 19.05548 -2.128019 -16.68794 20.883312 2.193759 -16.678938 20.289621 2.550552 -18.049849 21.609806 1.835591 -19.420767 22.110367 -2E-06 -19.420767 21.727623 1.923698 -19.420767 21.77615 -1.781458 -19.420767 21.162674 -2.727665 -11.273418 20.289621 1.065635 -11.273418 20.997046 0.753518 -11.273418 21.290073 -2E-06 -11.273418 20.997044 -0.753521 -11.273418 20.289623 -1.065639 -11.273418 20.289623 -1.065639 -11.273418 19.5822 -0.75352 -11.273418 19.289173 -1E-06 -11.273418 19.5822 0.753518 -18.049849 21.047457 2.494648 -19.420767 21.161983 2.717142 -18.049849 20.289621 -2.947312 -19.420767 20.289621 -3.181171 -16.678938 20.289625 -2.550553 -15.308027 20.287062 -2.041018 -20.791677 21.276512 -2.939641 -20.791677 20.289621 -3.415029 -20.791677 21.920567 -1.949686 -20.791677 22.271818 -2E-06 -20.791677 21.845442 2.011805 -20.791677 21.276512 2.939637 -8.300076 20.288414 0.980032 -8.300076 20.984325 0.694522 -5.335729 20.284374 0.892119 -5.335729 21.031063 0.637497 -4.099548 20.28095 0.862582 -4.099546 21.093693 0.620969 -5.335729 21.351988 -0.000551 -4.099546 21.449581 -0.000909 -4.099546 21.093695 -0.621752 -5.335728 21.031063 -0.637973 -4.099546 20.28095 -0.861397 -5.335729 20.284376 -0.891404 -4.163412 19.691551 0.599983 -5.374368 19.672813 0.624801 -4.207983 19.447414 -0.004562 -5.401333 19.419498 -0.002761 -5.374368 19.672813 -0.62589 -4.163412 19.69155 -0.601781 -5.335729 20.284376 -0.891404 -4.099546 20.28095 -0.861397 -8.300076 21.275263 -0.000128 -8.300076 20.984325 -0.694634 -8.300077 20.288418 -0.97987 -8.300077 20.288418 -0.97987 -8.308965 19.623585 -0.691855 -8.315166 19.348202 -0.000636 -8.308964 19.623585 0.691602 -11.273418 20.289621 1.065635 -11.273418 19.5822 0.753518 -11.273418 19.289173 -1E-06 -11.273418 19.5822 -0.75352 -11.273418 20.289623 -1.065639 -11.273418 20.997044 -0.753521 -11.273418 20.289623 -1.065639 -11.273418 21.290073 -2E-06 -8.300076 20.984325 0.694522 -5.888502 1.449947 1.029978 -6.994696 0.55566 1.641137 -6.912786 1.395953 1.735806 -8.125044 1.235225 3.163289 -8.19924 0.425006 3.120403 -5.846029 0.584239 0.955587 -4.914373 0.688175 0.663731 -4.911306 1.473565 0.745506 -7.897177 0 3.188049 -6.795874 0 1.818683 -5.864943 0 1.239858 -5.021711 0 1.018305 -8.598837 1.31173 4.506408 -8.760466 0.377854 4.567452 -8.512869 0 4.515464 -8.120977 1.945212 4.344582 -7.654692 1.835733 3.252718 -7.286741 2.110714 4.184878 -6.841101 2.065309 3.528175 -6.575415 2.12603 2.611718 -6.709929 1.920038 2.196429 -5.91358 2.189756 1.81973 -5.862989 1.958124 1.441161 -4.996931 2.257569 1.45808 -4.924139 2.021899 1.135851 -6.427671 2.213166 4.521183 -6.590635 2.18013 4.768076 -5.703283 2.148435 4.745018 -5.808165 2.13384 5.268077 -5.028669 2.139263 4.646633 -4.804823 1.831625 5.329835 -5.822088 1.864049 6.148482 -3.968931 1.864188 4.045789 -4.366842 2.193145 3.909391 -3.925268 2.251425 3.020289 -3.553564 1.983855 2.943592 -3.694311 1.295692 4.186504 -3.223768 1.391985 2.857804 -3.160154 0.651718 2.832382 -3.591223 0.612123 4.241273 -3.409163 -0 3.000485 -3.803717 -0 4.147226 -4.629461 1.281618 5.754287 -4.607168 0.480999 5.879797 -5.811636 1.309291 6.752388 -5.766012 0.380448 6.813992 -7.007406 1.32692 7.02364 -7.111105 0.366121 7.117531 -5.834333 -0 6.543469 -4.794775 0 5.678264 -6.88069 -0 6.72341 -6.64987 1.95124 6.298475 -6.318525 2.146179 5.217201 -7.755667 0 6.390399 -8.003325 0.407448 6.727123 -8.736814 0.418651 5.957216 -8.637678 1.335736 5.902264 -7.947905 1.38818 6.65617 -8.481337 0 5.654937 -7.402853 2.033449 5.956101 -8.027403 2.043975 5.334224 -8.760466 0.377854 4.567452 -8.512869 0 4.515464 -8.598837 1.31173 4.506408 -8.120977 1.945212 4.344582 -7.136824 2.193573 4.654348 -7.286741 2.110714 4.184878 -3.432943 -0 2.033442 -3.208723 0.673265 1.765355 -3.956099 -0 1.256257 -3.760977 0.694812 0.972533 -3.275793 1.444584 1.81548 -3.832724 1.497182 1.071295 -4.035231 2.003548 1.305218 -3.558844 1.962459 2.000739 -4.26367 2.286193 1.611437 -3.915297 2.238897 2.299059 -3.160154 0.651718 2.832382 -3.223768 1.391985 2.857804 -3.553564 1.983855 2.943592 -3.925268 2.251425 3.020289 -6.774321 2.144844 5.041753 -6.590635 2.18013 4.768076 -7.199537 -0 5.621828 -8.512869 0 4.515464 -6.428541 0 4.505774 -7.897177 0 3.188049 -8.481337 0 5.654937 -7.755667 0 6.390399 -6.88069 -0 6.72341 -5.834333 -0 6.543469 -6.795874 0 1.818683 -5.864943 0 1.239858 -5.021711 0 1.018305 -3.956099 -0 1.256257 -3.432943 -0 2.033442 -3.409163 -0 3.000485 -3.803717 -0 4.147226 -4.794775 0 5.678264 -20.791677 18.642166 -2E-06 -19.420767 18.893806 2.315912 -20.791677 18.785368 2.561828 -19.420767 19.474718 2.936929 -20.791677 19.361546 3.156128 -19.420767 18.690163 -2E-06 -19.420767 19.006523 -2.456988 -18.049849 19.05548 -2.128019 -18.049849 18.73816 -1E-06 -18.049849 19.5836 -2.713166 -19.420767 19.535254 -2.979834 -18.049849 20.289621 -2.947312 -16.678938 20.289625 -2.550553 -16.709974 19.661818 -2.324345 -19.420767 20.289621 -3.181171 -15.308027 20.287062 -2.041018 -15.308027 19.355583 -1.442557 -20.791677 18.957565 -2.785957 -20.791677 19.486908 -3.246501 -20.791677 20.289621 -3.415029 3.217875 13.951285 -2.877228 3.403131 11.545298 -3.072872 1.618448 13.913839 -3.835111 1.745562 11.47289 -4.021211 1.864611 9.377159 -4.133506 3.492487 9.277236 -3.20821 4.388453 9.154426 -2.187964 4.412882 11.765103 -1.785702 4.253107 13.920788 -1.630912 4.982027 11.997334 0.033769 5.350611 9.829977 -0.580799 5.587122 10.623073 0.756631 4.511942 11.956603 1.886854 4.868967 10.763828 2.3504 3.421 11.647184 3.169524 3.613329 9.849096 3.573437 1.559389 11.49192 3.902879 1.63518 9.487811 3.894764 2E-06 11.420978 4.130629 2E-06 9.414886 4.109731 1.477983 8.329431 3.825488 2E-06 8.329263 3.904662 1.519686 13.920787 3.673581 3.228342 13.920787 2.899167 4.713625 13.920787 0.023496 4.255648 13.920788 1.813273 1.52286 16.236017 -3.569822 3.015581 16.236021 -2.610322 1.4321 18.732752 -2.94663 2.812853 18.732754 -2.202483 3.992456 16.23602 -1.483377 3.762346 18.736307 -1.211536 4.481562 16.236017 0.018248 4.255816 18.732752 0.025438 3.906084 18.71286 1.361 4.015673 16.23602 1.628311 2.870249 18.683855 2.166376 3.076777 16.23602 2.639575 1.329195 18.732754 2.876856 1.43609 16.236017 3.446376 1.259737 20.26434 -2.330196 2.619127 20.218607 -1.830702 3.599146 20.28849 -1.171721 4.163416 19.69155 -0.601781 2.612665 20.267166 1.730202 3.654688 20.275644 1.123044 4.163416 19.691551 0.599983 1.237299 20.289621 2.250448 2E-06 18.732752 -3.197965 2E-06 16.236017 -3.772929 2E-06 13.920787 -4.096482 1.618448 13.913839 -3.835111 2E-06 11.478584 -4.377319 1.745562 11.47289 -4.021211 2E-06 20.276695 -2.503349 2E-06 20.289621 2.404917 2E-06 18.732754 3.05854 2E-06 16.236017 3.657096 2E-06 13.920787 3.903265 1.519686 13.920787 3.673581 1.559389 11.49192 3.902879 2E-06 11.420978 4.130629 3.415964 21.2483 0.766084 2.385172 21.356798 1.136349 1.10103 21.402815 1.547531 2E-06 21.417547 1.758818 1.039423 21.35533 -1.662214 2E-06 21.380135 -1.773301 2.391085 21.323471 -1.239925 3.401339 21.17901 -0.838351 2E-06 10.034857 -4.45594 1.864611 9.377159 -4.133506 0.678385 21.71813 1.163694 2E-06 21.725498 1.370423 1.062204 21.792944 -0.668063 0.649515 21.749296 -1.131927 2E-06 21.761702 -1.256065 2.1019 21.840107 0.053685 1.272974 21.941801 0.005296 1.071825 21.787119 0.653889 2.1019 21.840107 0.053685 1.272974 21.941801 0.005296 -1.618444 13.913839 -3.835111 -1.745565 11.47289 -4.021211 -3.403128 11.545298 -3.072872 -1.864614 9.377159 -4.133506 -3.492483 9.277236 -3.20821 -4.388456 9.154426 -2.187964 -4.412878 11.765103 -1.785701 -3.217871 13.951285 -2.877228 -4.253103 13.920788 -1.630912 -4.982023 11.997334 0.033769 -5.350615 9.829978 -0.580798 -5.587118 10.623073 0.756632 -4.511938 11.956603 1.886855 -4.868963 10.763828 2.350401 -3.420996 11.647184 3.169524 -3.613325 9.849096 3.573437 -1.559393 11.49192 3.902879 -1.635183 9.487811 3.894764 2E-06 11.420978 4.130629 2E-06 9.414886 4.109731 -1.47798 8.329431 3.825487 2E-06 8.329263 3.904662 -2.341589 7.963985 3.859354 -0.93572 7.273575 3.613581 -1.333319 6.602979 3.424366 -1.519682 13.920787 3.673581 -3.228346 13.920787 2.899167 -4.713629 13.920787 0.023497 -4.255644 13.920788 1.813273 -1.522856 16.236017 -3.569822 -3.015577 16.236021 -2.610322 -1.432104 18.732752 -2.94663 -2.812857 18.732754 -2.202483 -3.992453 16.23602 -1.483377 -3.762342 18.736307 -1.211536 -4.481558 16.236017 0.018248 -4.255819 18.732752 0.025438 -3.906088 18.71286 1.361 -4.015669 16.23602 1.628311 -2.870245 18.683855 2.166376 -3.076773 16.23602 2.639575 -1.329191 18.732754 2.876856 -1.436094 16.236017 3.446376 -1.259741 20.26434 -2.330196 -2.619123 20.218607 -1.830702 -3.599142 20.28849 -1.171721 -4.163412 19.69155 -0.601781 -4.099546 20.28095 -0.861397 -2.612661 20.267166 1.730202 -3.654692 20.275644 1.123044 -4.163412 19.691551 0.599983 -4.099548 20.28095 0.862582 -1.237303 20.289621 2.250448 2E-06 18.732752 -3.197965 2E-06 16.236017 -3.772929 2E-06 13.920787 -4.096482 -1.618444 13.913839 -3.835111 2E-06 20.276695 -2.503349 2E-06 20.289621 2.404917 2E-06 18.732754 3.05854 2E-06 16.236017 3.657096 2E-06 13.920787 3.903265 -1.519682 13.920787 3.673581 -1.559393 11.49192 3.902879 2E-06 11.420978 4.130629 -3.415968 21.2483 0.766084 -2.385168 21.356798 1.136349 -3.274549 21.622995 0.035491 -2.101904 21.840107 0.053685 -1.101027 21.402815 1.547531 2E-06 21.417547 1.758818 -1.039427 21.35533 -1.662214 2E-06 21.380135 -1.773301 -2.391081 21.323471 -1.239925 -3.401342 21.17901 -0.838351 -3.274549 21.622995 0.035491 -2.101904 21.840107 0.053685 -4.099546 21.449581 -0.000909 -4.099546 21.093695 -0.621752 -4.099546 21.093693 0.620969 -3.599142 20.28849 -1.171721 -4.099546 20.28095 -0.861397 -4.099546 21.449581 -0.000909 -0.678381 21.71813 1.163694 2E-06 21.725498 1.370423 -1.071821 21.787119 0.653889 -1.27297 21.941801 0.005296 -1.062201 21.792944 -0.668063 -0.649511 21.749296 -1.131927 2E-06 21.761702 -1.256065 -1.27297 21.941801 0.005296 2E-06 5.415906 -0.793796 -0.80895 5.681914 -1.97493 2E-06 5.589585 -1.878795 0.808954 5.681914 -1.97493 1.281641 5.470474 -0.75002 0.831995 5.281116 0.327523 2E-06 5.274916 0.310807 2E-06 5.318743 1.23698 1.184679 5.318391 1.222994 2E-06 5.77505 2.769992 1.244768 5.770041 2.779228 0.603174 5.920131 -2.474996 1.756266 6.021019 -2.439172 0.921549 6.278152 -3.047279 2E-06 5.888257 -2.57916 2E-06 6.39514 -3.344479 -1.184675 5.31839 1.222993 -1.244764 5.77004 2.779227 -0.831999 5.281116 0.327523 -1.281637 5.470474 -0.750021 -2.446035 5.736467 -1.441148 -1.756269 6.021019 -2.439172 -0.603178 5.920131 -2.474996 -0.921545 6.278152 -3.047279 -2.881475 6.815056 -3.016259 -3.812727 6.588717 -2.10565 -3.315176 8.160273 -3.205142 -4.450338 7.928913 -2.013663 -1.428556 7.122043 -3.731788 -4.388456 9.154426 -2.187964 -5.350615 9.829978 -0.580798 -3.492483 9.277236 -3.20821 -1.785772 8.362646 -4.007614 -1.864614 9.377159 -4.133506 -23.649862 18.254784 4.733473 -24.282843 18.341322 4.565137 -23.341581 18.424158 3.843588 -24.217794 18.362305 5.193132 -24.401098 18.79991 5.268023 -24.581854 19.043798 4.67072 -23.835318 18.208359 5.273176 -23.477743 18.34484 5.446104 -23.040464 18.377714 4.989828 -23.354528 18.691795 5.610613 -22.824873 18.85824 5.233404 -23.682638 18.466158 5.531505 -23.66471 18.649467 5.65982 -24.188002 18.692158 5.488526 -24.103079 18.476082 5.387784 -23.905119 18.40775 5.491103 -23.97489 18.622309 5.655948 -24.469778 19.232456 3.902414 -24.067488 18.578543 3.650704 -24.391005 19.395426 3.357947 -23.783384 18.800674 2.548603 -22.935202 18.498184 2.548191 -22.642805 18.565607 4.137711 -22.06104 18.790695 2.710526 -21.806593 19.284876 3.428714 -22.398603 19.030304 4.428328 -22.30641 19.991396 3.625991 -22.744535 19.574657 4.517218 -23.204748 20.199738 3.629267 -23.477934 19.837236 4.352316 -23.987127 19.907522 3.545791 -24.164465 19.608288 4.163257 -24.391005 19.395426 3.357947 -24.469778 19.232456 3.902414 -24.581854 19.043798 4.67072 -24.366262 19.202631 4.87638 -24.401098 18.79991 5.268023 -24.263258 18.981647 5.369445 -23.76235 19.389523 5.153187 -23.920317 19.022318 5.590296 -23.523214 18.964182 5.622416 -23.1239 19.173307 5.301066 -23.354528 18.691795 5.610613 -22.824873 18.85824 5.233404 -24.188002 18.692158 5.488526 -24.137503 18.87768 5.516222 -23.947607 18.903543 5.649662 -23.71707 18.867756 5.659944 -23.66471 18.649467 5.65982 -23.97489 18.622309 5.655948 -5.51576 4.450728 1.425194 -6.538923 5.725982 1.284739 -5.309774 4.967207 0.788929 -6.626913 4.84491 1.824992 -7.713507 5.463404 2.890252 -7.484404 6.691399 2.356742 -7.584684 7.431032 3.77283 -6.637724 9.122749 2.363069 -6.589361 8.321562 0.99188 -5.780203 9.292534 3.757094 -6.639082 7.589363 5.065501 -4.868963 10.763828 2.350401 -3.613325 9.849096 3.573437 -4.341116 8.821009 4.526814 -2.341589 7.963985 3.859354 -3.095152 7.461524 4.332549 -5.587118 10.623073 0.756632 -5.350615 9.829978 -0.580798 -5.921324 7.031658 -0.120556 -4.450338 7.928913 -2.013663 -4.822401 5.906005 -0.597429 -3.812727 6.588717 -2.10565 -3.374273 5.295053 -0.087195 -2.446035 5.736467 -1.441148 -2.458006 6.316352 3.684875 -1.333319 6.602979 3.424366 -2.275824 5.601006 2.833319 -1.244764 5.77004 2.779227 -1.184675 5.31839 1.222993 -2.49346 5.209359 1.270018 -0.831999 5.281116 0.327523 -1.281637 5.470474 -0.750021 -3.374273 5.295053 -0.087195 -2.446035 5.736467 -1.441148 -7.961279 5.862072 4.313674 -7.067862 5.892819 5.670732 -5.259047 7.28318 5.740927 -5.839003 5.631425 6.205203 -3.986486 6.378 5.248068 -4.636572 5.140127 5.750705 -3.796118 4.677062 4.80048 -4.864111 3.909384 5.594097 -4.097174 3.857724 4.626166 -4.871656 2.91678 5.171974 -5.757658 2.979085 5.374468 -5.969709 4.082964 6.012329 -5.703283 2.148435 4.745018 -5.028669 2.139263 4.646633 -4.153151 2.962613 4.34368 -4.366842 2.193145 3.909391 -6.427671 2.213166 4.521183 -6.756338 3.058354 4.995251 -7.442656 3.157289 3.926624 -7.834509 4.327445 4.248808 -7.413054 4.236259 2.867685 -7.030058 3.118762 2.712098 -6.522985 4.042578 1.90336 -6.259077 3.205897 1.877216 -7.072287 4.204947 5.505507 -6.841101 2.065309 3.528175 -6.575415 2.12603 2.611718 -5.91358 2.189756 1.81973 -3.83296 3.018482 3.371129 -3.925268 2.251425 3.020289 -3.992346 3.064242 2.632545 -3.915297 2.238897 2.299059 -4.486364 3.125882 1.824291 -4.540136 3.829948 1.800266 -3.915396 3.830622 2.739978 -4.26367 2.286193 1.611437 -3.732969 3.834483 3.501517 -5.411825 3.211141 1.627249 -4.996931 2.257569 1.45808 -4.486364 3.125882 1.824291 -4.540136 3.829948 1.800266 -5.533316 3.968137 1.615204 -4.26367 2.286193 1.611437 -7.713507 5.463404 2.890252 -7.961279 5.862072 4.313674 -6.626913 4.84491 1.824992 -5.51576 4.450728 1.425194 -4.44837 4.251426 1.691235 -4.138083 4.668823 1.143317 -5.309774 4.967207 0.788929 -3.374273 5.295053 -0.087195 -3.751379 4.23294 2.647486 -4.44837 4.251426 1.691235 -3.366247 4.634488 2.296518 -4.138083 4.668823 1.143317 -3.063154 4.884702 3.379465 -3.505285 4.327021 3.505602 -3.270536 5.502959 4.50525 -3.796118 4.677062 4.80048 -3.986486 6.378 5.248068 -2.49346 5.209359 1.270018 -3.374273 5.295053 -0.087195 -2.275824 5.601006 2.833319 -2.458006 6.316352 3.684875 -3.095152 7.461524 4.332549 -4.097174 3.857724 4.626166 -23.039206 21.380192 3.102037 -24.669676 22.016573 2.025896 -24.669676 21.34142 3.103238 -22.935202 22.094112 2.101518 0.253473 23.473019 0.554893 0.614656 23.48615 0.316421 0.257883 23.755894 0.009544 0.700129 23.696686 0.012865 0.608477 23.491966 -0.298127 0.234911 23.504185 -0.515313 2E-06 23.755892 0.009543 2E-06 23.516592 -0.526337 2E-06 23.480389 0.586369 1.071825 21.787119 0.653889 0.678385 21.71813 1.163694 1.272974 21.941801 0.005296 1.062204 21.792944 -0.668063 0.649515 21.749296 -1.131927 2E-06 21.761702 -1.256065 2E-06 21.725498 1.370423 -28.775366 20.650196 -1.042268 -28.236326 21.1884 -1.219479 -28.236334 20.801678 -1.851606 -28.795767 20.289621 -1.065454 -28.236326 20.289621 -2.064308 -28.971197 20.28962 -3E-06 -28.92459 20.65664 -3E-06 -28.775366 20.650194 1.042261 -28.79576 20.289621 1.065447 -28.236326 20.801676 1.851601 -28.236326 20.289621 2.064301 -28.691122 20.901321 -0.852703 -28.236326 21.409487 -3E-06 -28.764631 21.009369 -3E-06 -28.691122 20.901323 0.852696 -28.236326 21.1884 1.219473 -27.261305 21.909878 -3E-06 -27.261305 21.62387 1.575079 -27.261305 21.62387 -1.575084 -27.261305 21.050388 -2.544493 -27.261305 20.28962 -2.894431 -27.261305 21.050388 2.544488 -27.261305 20.28962 2.894424 -0.253469 23.473019 0.554893 -0.257879 23.755894 0.009544 -0.61466 23.48615 0.316421 -0.700132 23.696686 0.012865 -0.608473 23.491966 -0.298127 -0.234915 23.504185 -0.515313 2E-06 23.755892 0.009543 2E-06 23.516592 -0.526337 2E-06 23.480389 0.586369 -1.071821 21.787119 0.653889 -0.678381 21.71813 1.163694 -1.27297 21.941801 0.005296 -1.062201 21.792944 -0.668063 -0.649511 21.749296 -1.131927 2E-06 21.761702 -1.256065 2E-06 21.725498 1.370423 -4.911306 1.473565 0.745506 -3.760977 0.694812 0.972533 -4.914373 0.688175 0.663731 -3.956099 -0 1.256257 -5.021711 0 1.018305 -3.832724 1.497182 1.071295 -4.035231 2.003548 1.305218 -4.924139 2.021899 1.135851 -4.26367 2.286193 1.611437 -4.996931 2.257569 1.45808 0.935724 7.273576 3.613581 2E-06 6.611187 3.46441 1.333315 6.60298 3.424367 2.341585 7.963985 3.859354 1.477983 8.329431 3.825488 2E-06 7.26115 3.670383 1.244768 5.770041 2.779228 2E-06 5.77505 2.769992 2E-06 8.329263 3.904662 2E-06 6.611187 3.46441 -0.93572 7.273575 3.613581 -1.333319 6.602979 3.424366 2E-06 7.26115 3.670383 -1.244764 5.77004 2.779227 2E-06 5.77505 2.769992 2E-06 8.329263 3.904662 -4.255819 18.732752 0.025438 -4.163412 19.691551 0.599983 -4.207983 19.447414 -0.004562 -4.163412 19.69155 -0.601781 4.163416 19.691551 0.599983 4.255816 18.732752 0.025438 4.207987 19.447414 -0.004562 4.163416 19.69155 -0.601781</float_array>
					<technique_common>
						<accessor source="#mesh_1_Body00_position_array_id" count="778" stride="3">
							<param name="X" type="float" />
							<param name="Y" type="float" />
							<param name="Z" type="float" />
						</accessor>
					</technique_common>
				</source>
				<source id="mesh_1_Body00_normal_id" name="mesh_1_Body00_normal">
					<float_array id="mesh_1_Body00_normal_array_id" count="2334">-0.085788 0.996313 -0.000752 -0.097468 0.928515 0.358274 0.022884 0.999736 0.002208 -0.19609 0.91758 0.345825 -0.177434 0.984133 0 -0.196091 0.917581 -0.345824 -0.09314 0.929958 -0.355673 0.024121 0.931447 -0.363076 0.110666 0.924179 -0.365575 0.100879 0.994864 0.008269 0.109665 0.919592 0.377259 0.02799 0.928218 0.370982 -0.363968 0.872397 0.326268 -0.343052 0.939316 0 -0.363968 0.872397 -0.326267 0.125291 0.655564 -0.744674 0.035497 0.656175 -0.753774 0.140025 0.12775 -0.981872 0.05025 0.157013 -0.986317 -0.101696 0.660161 -0.744208 -0.103468 0.173377 -0.979405 -0.264505 0.16513 -0.950142 -0.234801 0.652317 -0.72066 -0.489599 0.140315 -0.860584 -0.434445 0.605771 -0.666558 -0.434444 0.605771 0.666558 -0.2348 0.652317 0.720661 -0.494728 0.104892 0.862694 -0.260997 0.123002 0.957471 -0.105097 0.657139 0.746407 -0.086099 0.060596 0.994442 -0.12638 -0.591468 0.796363 -0.229864 -0.574231 0.785762 0.032283 0.262883 0.964288 0.034096 0.650725 0.758548 0.147243 0.141496 0.978927 0.122738 0.652909 0.747426 -0.494728 0.104892 0.862694 -0.439445 -0.54374 0.715007 -0.417914 0.390982 0.82005 -0.752843 -0.400432 0.52238 -0.036155 0.56799 0.822241 0.356273 0.37844 0.854314 -0.097532 -0.952442 0.288689 -0.353678 -0.93508 0.023202 -0.140158 -0.98994 -0.019356 -0.053709 -0.998528 -0.007537 -0.124211 -0.950251 0.285648 -0.081421 -0.996656 -0.006924 -0.138292 -0.942939 -0.30289 -0.074732 -0.956096 -0.283365 -0.093766 -0.991574 -0.089386 -0.22419 -0.923389 -0.311595 -0.136635 -0.990622 0.000242 -0.236847 -0.928184 0.287017 -0.104882 -0.993435 -0.045678 -0.026368 -0.999282 0.027205 0.108561 -0.988013 0.109747 0.085675 -0.995009 -0.051151 0.340212 -0.88865 0.307502 0.140314 -0.924503 0.35441 -0.439976 -0.49393 -0.749969 -0.255425 -0.525652 -0.811448 -0.489599 0.140315 -0.860584 -0.264505 0.16513 -0.950142 -0.103468 0.173377 -0.979405 -0.110992 -0.50851 -0.853873 0.05025 0.157013 -0.986317 0.043361 -0.477218 -0.877715 0.140025 0.12775 -0.981872 0.140462 -0.462653 -0.875342 0.003605 -0.913849 -0.406038 0.570414 -0.382153 0.72704 0.147243 0.141496 0.978927 0.180975 -0.516302 0.837067 0.092573 -0.920495 -0.37963 0.057067 -0.990335 -0.126411 -0.045693 -0.991864 -0.118821 0.099231 -0.994504 -0.033391 -0.77004 0.07624 -0.633424 -0.740991 -0.361621 -0.565829 -0.945215 0.016799 -0.326015 -0.926542 -0.25714 -0.27459 -0.999998 0.002043 9.3E-05 -0.968976 -0.247155 -0.000729 -0.910069 -0.301604 0.284269 -0.943964 0.006128 0.329992 -0.717002 -0.432241 0.546878 -0.771454 0.046565 0.634579 -0.496635 -0.823773 0.273407 -0.760459 -0.619244 0.195548 -0.367178 -0.930094 0.010303 -0.764307 -0.644825 0.005949 -0.800355 -0.571429 -0.181386 -0.525553 -0.801764 -0.284551 -0.22419 -0.923389 -0.311595 -0.136635 -0.990622 0.000242 -0.236847 -0.928184 0.287017 -0.439445 -0.54374 0.715007 -0.494728 0.104892 0.862694 0.179115 0.097389 0.978996 0.122738 0.652909 0.747426 0.152892 0.651741 0.742871 0.24313 0.081775 0.966541 0.188836 0.628957 0.754158 0.175897 -0.518871 0.83656 0.235171 -0.529788 0.814874 0.32893 0.027978 0.94394 0.296439 -0.522647 0.799352 0.125384 -0.906621 0.402886 0.166599 -0.88314 0.43853 0.057855 -0.998124 -0.020023 0.090239 -0.995863 -0.010682 0.238316 -0.764522 0.598926 0.133767 -0.991009 -0.002906 0.200014 -0.75734 0.621635 0.125811 -0.992054 -1E-05 0.199215 -0.757437 -0.621774 0.242196 -0.768383 -0.592393 0.270337 0.016411 -0.962626 0.355386 0.044326 -0.933668 0.285443 -0.006492 0.958374 0.334328 -0.006519 0.942434 0.224 0.767907 0.600119 0.20806 0.751938 0.62554 0.136004 0.990702 -0.003571 0.136229 0.990676 -0.001569 0.187732 0.767096 -0.613449 0.211494 0.811884 -0.544165 0.270337 0.016411 -0.962626 0.355386 0.044326 -0.933668 0.139399 -0.002373 0.990233 0.106925 0.732297 0.672539 0.074454 0.997224 -0 0.106924 0.732298 -0.672538 0.139398 -0.002372 -0.990234 0.139398 -0.002372 -0.990234 0.098419 -0.734557 -0.671372 0.061165 -0.998128 -1E-06 0.09842 -0.734557 0.671371 0.122914 0.992416 -0.00189 0.141958 0.918834 -0.368228 0.261187 0.62879 -0.732397 0.181676 0.673125 -0.716866 0.150706 -0.889329 -0.43172 0.251554 0.575106 0.778443 0.32893 0.027978 0.94394 0.148246 0.888031 0.435228 0.114895 0.993363 0.005424 0.122332 0.910849 0.394194 0.138971 0.919664 -0.367294 0.162187 0.663916 -0.730008 0.025567 -0.002518 0.99967 0.018763 0.718841 0.694921 0.012677 0.99992 -9E-06 0.018758 0.718807 -0.694957 0.025564 -0.002495 -0.99967 0.025564 -0.002495 -0.99967 0.022466 -0.721961 -0.691569 0.018877 -0.999822 -6E-05 0.022495 -0.722046 0.691479 0.188836 0.628957 0.754158 0.152892 0.651741 0.742871 0.226753 0.08659 -0.970096 0.181617 0.107836 -0.977439 0.344172 0.060535 -0.936953 0.355386 0.044326 -0.933668 0.125291 0.655564 -0.744674 0.140025 0.12775 -0.981872 0.110666 0.924179 -0.365575 0.100879 0.994864 0.008269 0.109665 0.919592 0.377259 0.122738 0.652909 0.747426 0.026073 -0.015872 0.999534 0.009952 0.697688 0.716332 0.021698 -0.040648 0.998938 -0.010218 0.660091 0.751117 -0.307422 0.096417 0.946676 -0.174076 0.647173 0.742203 -0.03844 0.999261 -0.00019 -0.15544 0.987843 -0.00219 -0.175296 0.647949 -0.741238 -0.010247 0.659433 -0.751693 -0.300201 0.065715 -0.95161 0.021693 -0.040132 -0.998959 -0.56882 -0.418798 0.70785 0.025802 -0.71843 0.69512 -0.68938 -0.723593 -0.034172 0.02433 -0.999703 -0.001202 0.025504 -0.716764 -0.696849 -0.515278 -0.453293 -0.727333 0.021693 -0.040132 -0.998959 -0.300201 0.065715 -0.95161 -0.00377 0.999993 -6.3E-05 0.009939 0.697455 -0.716559 0.026067 -0.015708 -0.999537 0.026067 -0.015708 -0.999537 0.025747 -0.718433 -0.695119 0.023098 -0.999733 -0.000419 0.025872 -0.719021 0.694507 0.025567 -0.002518 0.99967 0.022495 -0.722046 0.691479 0.018877 -0.999822 -6E-05 0.022466 -0.721961 -0.691569 0.025564 -0.002495 -0.99967 0.018758 0.718807 -0.694957 0.025564 -0.002495 -0.99967 0.012677 0.99992 -9E-06 0.009952 0.697688 0.716332 -0.420103 0.36411 -0.831227 -0.646752 -0.173223 -0.742769 -0.638723 0.380726 -0.66864 -0.80313 0.370103 -0.466912 -0.840285 -0.206485 -0.501284 -0.400523 -0.165308 -0.901252 -0.010132 -0.178409 -0.983904 -0.021455 0.352449 -0.935585 -0.416434 -0.871165 -0.260104 -0.338401 -0.851655 -0.400211 -0.210311 -0.841055 -0.498394 -0.00567 -0.730061 -0.683358 -0.906516 0.379652 -0.184641 -0.958285 -0.2217 -0.180387 -0.46234 -0.882234 -0.088906 -0.527015 0.832951 -0.168666 -0.507901 0.806454 -0.30277 -0.122438 0.986889 -0.105164 -0.750225 0.654442 -0.094169 -0.791253 0.371241 -0.485899 -0.493468 0.76396 -0.415758 -0.521229 0.393252 -0.757412 -0.377307 0.710485 -0.594012 -0.074093 0.513271 -0.855022 -0.052437 0.697333 -0.714827 -0.602683 0.480919 0.636781 -0.005483 0.999974 0.004634 -0.069323 0.449326 0.890674 0.08003 0.985663 0.14854 0.49009 0.554084 0.672906 0.490244 0.753845 0.437468 0.267731 0.839722 0.472427 0.65005 0.661886 0.373286 0.825823 0.248267 0.506339 0.911968 0.377561 0.160504 0.74305 0.649517 0.161257 0.853224 0.311966 0.417954 0.94291 0.295164 0.154271 0.983604 -0.118567 0.135883 0.901242 -0.123549 0.415329 0.567565 -0.819703 0.077177 0.510791 -0.827937 0.231544 0.704603 0.364302 0.608949 0.745556 -0.183567 0.640663 0.413646 0.411926 0.81192 0.428675 -0.268055 0.862777 -0.043573 0.469586 0.881811 -0.076406 -0.344285 0.935751 0.201597 -0.895085 0.397722 0.390402 -0.859699 0.3294 -0.040634 -0.866651 0.497258 0.02326 0.900721 0.433775 0.027934 0.986824 0.15937 -0.212074 -0.930261 0.299397 -0.536143 -0.34906 0.768575 -0.892527 -0.289473 0.345833 -0.83263 0.464722 0.301264 -0.483562 0.495057 0.721863 -0.507874 -0.838902 0.195722 -0.180889 0.926271 0.330608 -0.406752 0.906248 0.115183 -0.958285 -0.2217 -0.180387 -0.46234 -0.882234 -0.088906 -0.906516 0.379652 -0.184641 -0.527015 0.832951 -0.168666 -0.079157 0.99679 -0.011985 -0.122438 0.986889 -0.105164 0.668996 -0.710148 -0.219394 0.936681 -0.15257 -0.3152 0.286534 -0.863964 -0.414083 0.563368 -0.176116 -0.807217 0.898077 0.326264 -0.294974 0.53838 0.352763 -0.765314 0.410543 0.709844 -0.572342 0.700007 0.686163 -0.197915 0.472504 0.614361 -0.631902 0.811419 0.538675 -0.22678 0.983604 -0.118567 0.135883 0.94291 0.295164 0.154271 0.74305 0.649517 0.161257 0.911968 0.377561 0.160504 -0.005742 0.997497 0.070482 -0.005483 0.999974 0.004634 -0 -1 -0 -0.46234 -0.882234 -0.088906 -0 -1 -0 -0.416434 -0.871165 -0.260104 -0.507874 -0.838902 0.195722 -0.212074 -0.930261 0.299397 -0.040634 -0.866651 0.497258 0.201597 -0.895085 0.397722 -0.338401 -0.851655 -0.400211 -0.210311 -0.841055 -0.498394 -0.00567 -0.730061 -0.683358 0.286534 -0.863964 -0.414083 0.668996 -0.710148 -0.219394 0.567565 -0.819703 0.077177 0.510791 -0.827937 0.231544 0.390402 -0.859699 0.3294 0.099231 -0.994504 -0.033391 0.125384 -0.906621 0.402886 0.140314 -0.924503 0.35441 0.175897 -0.518871 0.83656 0.180975 -0.516302 0.837067 0.057855 -0.998124 -0.020023 0.120231 -0.890582 -0.438643 0.150706 -0.889329 -0.43172 0.090239 -0.995863 -0.010682 0.221929 -0.528115 -0.81966 0.183265 -0.48868 -0.852998 0.226753 0.08659 -0.970096 0.344172 0.060535 -0.936953 0.297183 -0.508496 -0.808155 0.181617 0.107836 -0.977439 0.355386 0.044326 -0.933668 0.242196 -0.768383 -0.592393 0.092573 -0.920495 -0.37963 0.140462 -0.462653 -0.875342 0.140025 0.12775 -0.981872 0.646114 0.11956 -0.753818 0.643131 0.091387 -0.760283 0.342711 0.116281 -0.932217 0.347226 0.083763 -0.934033 0.355508 0.031172 -0.934153 0.626016 -0.011123 -0.779731 0.78591 0.010896 -0.618245 0.86537 0.118263 -0.486979 0.874561 0.117446 -0.470478 0.968808 0.246982 -0.020301 0.880332 0.180045 -0.438862 0.883234 0.468617 -0.017207 0.821534 0.270582 0.501864 0.605404 0.595034 0.528602 0.506952 0.177182 0.843567 0.145148 0.342239 0.928334 0.229545 0.080979 0.969923 0.146519 0.0023 0.989205 0 0.044435 0.999012 0 -0.066597 0.99778 0.048169 -0.136932 0.989409 -0 -0.173912 0.984761 0.276804 0.10798 0.95484 0.576715 0.125124 0.807307 0.992568 0.120373 -0.017887 0.868842 0.129164 0.477944 0.335117 0.177339 -0.925336 0.634634 0.157363 -0.756622 0.301576 0.294816 -0.906717 0.573003 0.218564 -0.789872 0.861302 0.128038 -0.491696 0.820145 0.069947 -0.567865 0.994183 0.104809 -0.024786 0.999023 0.014741 -0.041669 0.824379 0.119724 0.553232 0.857198 0.120613 0.500664 0.506423 0.242125 0.827593 0.568106 0.15409 0.808401 0.266726 0.292635 0.918271 0.286248 0.167129 0.943467 0.23758 0.451381 -0.860123 0.445583 0.376171 -0.812374 0.559258 0.247874 -0.791068 0.515278 -0.453295 -0.727332 0.405057 0.396451 0.823866 0.529394 0.297713 0.794424 0.568817 -0.4188 0.707851 0.233097 0.44251 0.865939 0 0.318682 -0.947862 0 0.182678 -0.983173 0 0.114481 -0.993426 0.342711 0.116281 -0.932217 0 0.08026 -0.996774 0.347226 0.083763 -0.934033 0 0.473987 -0.880532 0 0.453842 0.891082 0 0.307998 0.951387 0 0.16785 0.985813 0 0.098886 0.995099 0.276804 0.10798 0.95484 0.229545 0.080979 0.969923 0 0.044435 0.999012 0.317602 0.680449 0.660392 0.260302 0.781371 0.567188 0.199769 0.711565 0.673622 0 0.682616 0.730777 0.178798 0.717352 -0.673378 0 0.696056 -0.717988 0.27425 0.782348 -0.559213 0.332309 0.683015 -0.650432 1E-06 0.148185 -0.98896 0.355508 0.031172 -0.934153 0.326652 0.656434 0.679995 -0 0.630305 0.776347 0.51528 0.694496 -0.502158 0.28166 0.656617 -0.699659 0 0.624037 -0.781395 0.195926 0.980544 0.012092 0.643613 0.765305 0.008387 0.520544 0.69387 0.497572 0.195926 0.980544 0.012092 0.643613 0.765305 0.008387 -0.342711 0.116282 -0.932217 -0.347227 0.083763 -0.934033 -0.643131 0.091387 -0.760283 -0.355508 0.031171 -0.934153 -0.626016 -0.011122 -0.779731 -0.785909 0.010897 -0.618246 -0.86537 0.118264 -0.486979 -0.646114 0.11956 -0.753818 -0.87456 0.117446 -0.470479 -0.968808 0.246981 -0.020301 -0.880332 0.180046 -0.43886 -0.883234 0.468617 -0.017206 -0.821534 0.270581 0.501864 -0.605404 0.595034 0.528602 -0.506952 0.177182 0.843567 -0.145147 0.342239 0.928334 -0.229545 0.080979 0.969923 -0.146519 0.0023 0.989205 0 0.044435 0.999012 0 -0.066597 0.99778 -0.048169 -0.136932 0.989409 -0 -0.173912 0.984761 0.210376 0.009235 0.977577 -0.011985 -0.238704 0.971018 0.138607 -0.397128 0.907236 -0.276804 0.10798 0.95484 -0.576715 0.125124 0.807306 -0.992568 0.120373 -0.017887 -0.868842 0.129164 0.477944 -0.335117 0.177339 -0.925336 -0.634635 0.157362 -0.756622 -0.301576 0.294815 -0.906717 -0.573004 0.218564 -0.789871 -0.861302 0.128037 -0.491696 -0.820144 0.069948 -0.567865 -0.994183 0.104809 -0.024787 -0.999023 0.014744 -0.041671 -0.824379 0.119725 0.553231 -0.857198 0.120613 0.500664 -0.506422 0.242125 0.827594 -0.568106 0.15409 0.808401 -0.266726 0.292634 0.918271 -0.286248 0.167129 0.943467 -0.23758 0.451381 -0.860122 -0.445584 0.376171 -0.812374 -0.559259 0.247874 -0.791068 -0.515278 -0.453293 -0.727333 -0.300201 0.065715 -0.95161 -0.405056 0.396451 0.823867 -0.529395 0.297713 0.794423 -0.56882 -0.418798 0.70785 -0.307422 0.096417 0.946676 -0.233098 0.44251 0.865939 0 0.318682 -0.947862 0 0.182678 -0.983173 0 0.114481 -0.993426 -0.342711 0.116282 -0.932217 0 0.473987 -0.880532 0 0.453842 0.891082 0 0.307998 0.951387 0 0.16785 0.985813 0 0.098886 0.995099 -0.276804 0.10798 0.95484 -0.229545 0.080979 0.969923 0 0.044435 0.999012 -0.317603 0.680449 0.660392 -0.260301 0.781371 0.567188 -0.23477 0.972046 0.003229 -0.195926 0.980544 0.012093 -0.199769 0.711566 0.673622 0 0.682616 0.730777 -0.178798 0.717353 -0.673377 0 0.696056 -0.717988 -0.27425 0.782348 -0.559212 -0.33231 0.683014 -0.650432 -0.23477 0.972046 0.003229 -0.195926 0.980544 0.012093 -0.15544 0.987843 -0.00219 -0.175296 0.647949 -0.741238 -0.174076 0.647173 0.742203 -0.559259 0.247874 -0.791068 -0.300201 0.065715 -0.95161 -0.15544 0.987843 -0.00219 -0.326651 0.656433 0.679996 -0 0.630305 0.776347 -0.520544 0.693869 0.497574 -0.643613 0.765305 0.008385 -0.51528 0.694496 -0.502158 -0.281661 0.656618 -0.699657 0 0.624037 -0.781395 -0.643613 0.765305 0.008385 0 -0.987079 -0.160234 -0.09066 -0.936092 -0.339872 0 -0.953617 -0.301022 0.09066 -0.936092 -0.339873 0.039655 -0.984062 -0.173349 0.012001 -0.998196 -0.058832 0 -0.99876 -0.04979 0 -0.986432 0.16417 -0.031187 -0.991392 0.127162 -0 -0.830908 0.55641 -0.09539 -0.839964 0.534193 0.088213 -0.876045 -0.474092 0.184414 -0.856453 -0.482162 0.134516 -0.784892 -0.604856 0 -0.880186 -0.474629 0 -0.770373 -0.637593 0.031187 -0.991392 0.127162 0.09539 -0.839964 0.534193 -0.012001 -0.998196 -0.058832 -0.039655 -0.984062 -0.173349 -0.162555 -0.91657 -0.365344 -0.184414 -0.856453 -0.482162 -0.088213 -0.876045 -0.474092 -0.134516 -0.784892 -0.604856 -0.413288 -0.557268 -0.72017 -0.498819 -0.607232 -0.618425 -0.571218 -0.19359 -0.797642 -0.757946 -0.12124 -0.640952 -0.255527 -0.526549 -0.810834 -0.785909 0.010897 -0.618246 -0.880332 0.180046 -0.43886 -0.626016 -0.011122 -0.779731 -0.396374 -0.201452 -0.895715 -0.355508 0.031171 -0.934153 0.036927 -0.995796 -0.083827 -0.608269 -0.783057 -0.12973 0.038387 -0.989265 -0.140998 -0.63397 -0.697674 0.333666 -0.864896 -0.075792 0.496196 -0.990292 0.095008 0.101464 -0.127854 -0.923183 0.362473 0.264078 -0.747717 0.609247 0.514072 -0.827488 0.225819 0.392092 -0.197496 0.898476 0.762318 -0.100471 0.639357 0.048448 -0.603526 0.79587 0.079722 -0.273791 0.95848 -0.678134 -0.220601 0.701049 -0.580967 -0.571889 0.579155 -0.266375 -0.664349 0.698344 -0.327069 -0.304207 0.894698 -0.984734 0.127496 -0.118504 -0.582724 -0.763628 -0.278038 -0.752843 -0.400432 0.52238 -0.353678 -0.93508 0.023202 -0.026368 -0.999282 0.027205 0.546269 -0.830734 0.107103 0.340212 -0.88865 0.307502 0.570414 -0.382153 0.72704 0.880466 -0.101073 0.46321 0.356273 0.37844 0.854314 0.490922 0.670118 0.55672 -0.036155 0.56799 0.822241 -0.104587 0.892622 0.438507 -0.417914 0.390982 0.82005 -0.600457 0.770712 0.2132 -0.752843 -0.400432 0.52238 -0.984734 0.127496 -0.118504 -0.990292 0.095008 0.101464 -0.6171 0.708822 0.3417 -0.864896 -0.075792 0.496196 -0.645687 0.46707 0.604098 -0.148361 0.842555 0.517775 -0.234625 0.636757 0.734501 0.198462 0.40054 0.894528 0.397808 0.624191 0.672409 0.392092 -0.197496 0.898476 0.762318 -0.100471 0.639357 -0.678134 -0.220601 0.701049 -0.619443 0.205126 0.757769 -0.308603 0.245138 0.91906 0.044504 0.159408 0.986209 0.079722 -0.273791 0.95848 -0.327069 -0.304207 0.894698 -0.190646 -0.487059 -0.852307 -0.708284 -0.311761 -0.633355 -0.330759 -0.676131 -0.658366 -0.612842 -0.272476 -0.741742 -0.900128 -0.092089 -0.42578 -0.914261 0.051649 -0.401821 -0.906 0.403016 0.12939 -0.838082 0.544732 0.029747 -0.888592 0.171717 -0.425343 -0.431443 0.724109 0.538074 -0.518348 0.547401 0.657014 -0.605404 0.595034 0.528602 -0.145147 0.342239 0.928334 0.16518 0.553064 0.816601 0.210376 0.009235 0.977577 0.529409 0.139697 0.836786 -0.883234 0.468617 -0.017206 -0.880332 0.180046 -0.43886 -0.760834 -0.205512 -0.615546 -0.757946 -0.12124 -0.640952 -0.440544 -0.654904 -0.614021 -0.498819 -0.607232 -0.618425 0.000231 -0.923546 -0.383488 -0.162555 -0.91657 -0.365344 0.580434 -0.325524 0.746412 0.138607 -0.397128 0.907236 0.494864 -0.769112 0.404446 0.09539 -0.839964 0.534193 0.031187 -0.991392 0.127162 0.234221 -0.971169 -0.044406 -0.012001 -0.998196 -0.058832 -0.039655 -0.984062 -0.173349 0.000231 -0.923546 -0.383488 -0.162555 -0.91657 -0.365344 -0.979841 0.082684 0.181866 -0.633625 0.159234 0.757076 0.111771 0.405524 0.907225 -0.004139 0.071484 0.997433 0.593123 0.082208 0.800904 0.544144 -0.111468 0.831554 0.789641 -0.322348 0.522072 0.51439 -0.292276 0.806212 0.831621 -0.279216 0.480047 0.464958 -0.465887 0.752837 -0.08839 -0.537538 0.838594 -0.071064 -0.31139 0.947622 -0.069323 0.449326 0.890674 0.49009 0.554084 0.672906 0.824987 -0.323303 0.463544 0.825823 0.248267 0.506339 -0.602683 0.480919 0.636781 -0.578776 -0.52192 0.626592 -0.901418 -0.425648 0.079184 -0.961818 -0.237851 0.135403 -0.864664 -0.190889 -0.464668 -0.833495 -0.268159 -0.483091 -0.54264 -0.160128 -0.824561 -0.533997 -0.127674 -0.835791 -0.645832 -0.278251 0.710969 -0.750225 0.654442 -0.094169 -0.791253 0.371241 -0.485899 -0.521229 0.393252 -0.757412 0.986328 -0.142621 0.082566 0.911968 0.377561 0.160504 0.938443 0.070862 -0.338087 0.811419 0.538675 -0.22678 0.574851 0.162558 -0.801949 0.537063 -0.186607 -0.822643 0.895422 -0.215695 -0.389481 0.472504 0.614361 -0.631902 0.961553 -0.271127 0.043658 -0.053922 0.051072 -0.997238 -0.074093 0.513271 -0.855022 0.574851 0.162558 -0.801949 0.537063 -0.186607 -0.822643 -0.073797 -0.156566 -0.984907 0.472504 0.614361 -0.631902 -0.900128 -0.092089 -0.42578 -0.979841 0.082684 0.181866 -0.612842 -0.272476 -0.741742 -0.190646 -0.487059 -0.852307 0.38458 -0.629648 -0.675013 0.180435 -0.867572 -0.463424 -0.330759 -0.676131 -0.658366 0.000231 -0.923546 -0.383488 0.747382 -0.587661 -0.30996 0.38458 -0.629648 -0.675013 0.561491 -0.810905 -0.164803 0.180435 -0.867572 -0.463424 0.772668 -0.602963 0.198544 0.859066 -0.503673 0.091212 0.777106 -0.259997 0.573156 0.789641 -0.322348 0.522072 0.593123 0.082208 0.800904 0.234221 -0.971169 -0.044406 0.000231 -0.923546 -0.383488 0.494864 -0.769112 0.404446 0.580434 -0.325524 0.746412 0.529409 0.139697 0.836786 0.831621 -0.279216 0.480047 0.034096 0.650725 0.758548 -0.097468 0.928515 0.358274 -0.105097 0.657139 0.746407 0.02799 0.928218 0.370982 0.300012 0.665835 0.683122 0.621055 0.538915 0.569088 0.135291 0.990733 0.01205 0.686397 0.727204 0.005825 0.611441 0.545245 -0.573453 0.269449 0.672344 -0.689457 0 0.999905 0.013778 0 0.690385 -0.723443 -0 0.690353 0.723473 0.520544 0.69387 0.497572 0.326652 0.656434 0.679995 0.643613 0.765305 0.008387 0.51528 0.694496 -0.502158 0.28166 0.656617 -0.699659 0 0.624037 -0.781395 -0 0.630305 0.776347 -0.896179 0.323536 -0.303623 -0.577835 0.763235 -0.289101 -0.698155 0.472444 -0.537937 -0.945215 0.016799 -0.326015 -0.77004 0.07624 -0.633424 -0.999998 0.002043 9.3E-05 -0.966401 0.25704 1E-06 -0.89618 0.32353 0.303627 -0.943964 0.006128 0.329992 -0.698155 0.472442 0.537938 -0.771454 0.046565 0.634579 -0.760146 0.609181 -0.226001 -0.535157 0.844752 -0 -0.784513 0.620113 0 -0.760149 0.609177 0.226003 -0.577836 0.763234 0.289102 -0.343052 0.939316 0 -0.363968 0.872397 0.326268 -0.363968 0.872397 -0.326267 -0.434445 0.605771 -0.666558 -0.489599 0.140315 -0.860584 -0.434444 0.605771 0.666558 -0.494728 0.104892 0.862694 -0.30001 0.665835 0.683123 -0.13529 0.990733 0.01205 -0.621054 0.538915 0.56909 -0.686397 0.727204 0.005823 -0.611441 0.545244 -0.573454 -0.26945 0.672345 -0.689456 0 0.999905 0.013778 0 0.690385 -0.723443 -0 0.690353 0.723473 -0.520544 0.693869 0.497574 -0.326651 0.656433 0.679996 -0.643613 0.765305 0.008385 -0.51528 0.694496 -0.502158 -0.281661 0.656618 -0.699657 0 0.624037 -0.781395 -0 0.630305 0.776347 -0.021455 0.352449 -0.935585 0.563368 -0.176116 -0.807217 -0.010132 -0.178409 -0.983904 0.286534 -0.863964 -0.414083 -0.00567 -0.730061 -0.683358 0.53838 0.352763 -0.765314 0.410543 0.709844 -0.572342 -0.052437 0.697333 -0.714827 0.472504 0.614361 -0.631902 -0.074093 0.513271 -0.855022 0.011985 -0.238704 0.971018 -0 -0.459793 0.888026 -0.138607 -0.397128 0.907236 -0.210375 0.009235 0.977577 0.048169 -0.136932 0.989409 -0 -0.247352 0.968926 -0.09539 -0.839964 0.534193 -0 -0.830908 0.55641 -0 -0.173912 0.984761 -0 -0.459793 0.888026 -0.011985 -0.238704 0.971018 0.138607 -0.397128 0.907236 -0 -0.247352 0.968926 0.09539 -0.839964 0.534193 -0 -0.830908 0.55641 -0 -0.173912 0.984761 -0.999023 0.014744 -0.041671 -0.56882 -0.418798 0.70785 -0.68938 -0.723593 -0.034172 -0.515278 -0.453293 -0.727333 0.568817 -0.4188 0.707851 0.999023 0.014741 -0.041669 0.689378 -0.723596 -0.034171 0.515278 -0.453295 -0.727332</float_array>
					<technique_common>
						<accessor source="#mesh_1_Body00_normal_array_id" count="778" stride="3">
							<param name="X" type="float" />
							<param name="Y" type="float" />
							<param name="Z" type="float" />
						</accessor>
					</technique_common>
				</source>
				<source id="mesh_1_Body00_uv0_id" name="mesh_1_Body00_uv0">
					<float_array id="mesh_1_Body00_uv0_array_id" count="1556">0.280547 0.705984 0.270026 0.70521104 0.280213 0.723964 0.271014 0.691011 0.280661 0.691723 0.290394 0.691575 0.291389 0.70636797 0.291077 0.72509503 0.290157 0.748874 0.279308 0.746592 0.268595 0.744161 0.269479 0.72253096 0.272184 0.677563 0.280731 0.678469 0.28927 0.67799604 0.296916 0.750387 0.298229 0.72569203 0.303453 0.752346 0.305282 0.72642 0.298367 0.70608103 0.305206 0.70515096 0.303325 0.688165 0.297265 0.690548 0.300123 0.672974 0.295428 0.67645204 0.265937 0.675883 0.264166 0.690086 0.261073 0.67233396 0.257813 0.68846 0.263636 0.70475 0.257812 0.704424 0.253691 0.704839 0.252957 0.69028103 0.257813 0.71958196 0.263555 0.720881 0.257812 0.742458 0.263164 0.743024 0.254366 0.67237496 0.250379 0.676502 0.255926 0.711244 0.253241 0.707649 0.257357 0.71897197 0.256336 0.72774 0.247586 0.705253 0.248307 0.714351 0.235168 0.714795 0.235048 0.70592296 0.246393 0.690942 0.234932 0.69143903 0.222227 0.691512 0.220211 0.70645 0.228859 0.714538 0.224266 0.67827797 0.234849 0.678384 0.244608 0.67778397 0.235372 0.724474 0.248284 0.723371 0.24442 0.734215 0.235693 0.73582697 0.249255 0.731847 0.249266 0.743768 0.219254 0.67712 0.216586 0.69068 0.215536 0.672871 0.212074 0.687849 0.209977 0.704948 0.214934 0.70611596 0.209709 0.72658 0.214811 0.725963 0.21157 0.753038 0.21653 0.75128 0.219739 0.725752 0.253117 0.732975 0.257812 0.742458 0.253183 0.742877 0.220616 0.75035703 0.229124 0.736658 0.228519 0.72511697 0.236259 0.74735403 0.220945 0.660689 0.223641 0.66630304 0.227406 0.653197 0.229217 0.659096 0.234588 0.650349 0.234649 0.656892 0.240084 0.65887 0.241867 0.652609 0.245514 0.665473 0.248628 0.65995 0.241566 0.667309 0.238399 0.661872 0.234744 0.668037 0.234691 0.661942 0.230978 0.66210103 0.226821 0.668199 0.224266 0.67827797 0.234849 0.678384 0.244608 0.67778397 0.250379 0.676502 0.254366 0.67237496 0.257813 0.756343 0.263164 0.743024 0.262852 0.757101 0.257812 0.770639 0.262347 0.771668 0.25358 0.756764 0.254113 0.77105 0.257813 0.78610003 0.254124 0.787187 0.24932 0.757831 0.249685 0.772398 0.237206 0.762226 0.238512 0.777426 0.251012 0.805044 0.242145 0.80927896 0.251706 0.828665 0.244556 0.831084 0.237655 0.833503 0.233163 0.813511 0.232454 0.837059 0.226817 0.818751 0.257812 0.82734 0.257813 0.803268 0.264704 0.805162 0.264048 0.82862604 0.273568 0.809251 0.2711 0.831037 0.277886 0.833551 0.280936 0.81289303 0.283255 0.837168 0.288888 0.818628 0.257812 0.845392 0.263737 0.845853 0.269874 0.846911 0.275741 0.848127 0.281208 0.84950197 0.234375 0.849405 0.23947 0.848102 0.245226 0.846943 0.251682 0.84589 0.277116 0.77701104 0.286575 0.780565 0.289388 0.798959 0.292926 0.783386 0.226166 0.781762 0.261561 0.787236 0.257813 0.78610003 0.266893 0.773 0.278373 0.76158 0.267881 0.75843596 0.288574 0.764552 0.295214 0.766765 0.257812 0.864771 0.263737 0.864771 0.269874 0.864771 0.275741 0.864771 0.281208 0.864771 0.234375 0.864771 0.23947 0.864771 0.245226 0.864771 0.251682 0.864771 0.262347 0.771668 0.262852 0.757101 0.29823 0.786588 0.301212 0.769511 0.29401 0.803164 0.288888 0.818628 0.296916 0.750387 0.303453 0.752346 0.290157 0.748874 0.279308 0.746592 0.268595 0.744161 0.263164 0.743024 0.257812 0.907863 0.263737 0.907863 0.257813 0.95527 0.263737 0.95527 0.257813 0.992187 0.263737 0.992188 0.269874 0.95527 0.269874 0.992187 0.275741 0.992187 0.275741 0.95527 0.281208 0.992188 0.281208 0.95527 0.251682 0.992188 0.251682 0.95527 0.245226 0.992188 0.245226 0.95527 0.23947 0.95527 0.23947 0.992187 0.234375 0.95527 0.234375 0.992188 0.269874 0.907863 0.275741 0.907863 0.281208 0.907863 0.234375 0.907863 0.23947 0.907863 0.245226 0.907863 0.251682 0.907863 0.257812 0.864771 0.251682 0.864771 0.245226 0.864771 0.23947 0.864771 0.234375 0.864771 0.275741 0.864771 0.281208 0.864771 0.269874 0.864771 0.263737 0.907863 0.163409 0.51946604 0.180094 0.54650104 0.180395 0.518986 0.204879 0.52829504 0.203652 0.551687 0.162765 0.546229 0.15098 0.543237 0.150635 0.52084696 0.202202 0.566308 0.179668 0.566308 0.16451 0.566308 0.152236 0.566307 0.217603 0.534847 0.217603 0.556196 0.217603 0.566308 0.217603 0.514736 0.205549 0.50293 0.223263 0.48638898 0.208516 0.46110803 0.187475 0.475092 0.183446 0.49360102 0.16843 0.483393 0.165074 0.498254 0.151205 0.48572302 0.15021 0.49989402 0.246094 0.45064098 0.246094 0.46853298 0.274749 0.45749903 0.271732 0.484307 0.299019 0.474025 0.292755 0.504447 0.275771 0.515146 0.319019 0.50095797 0.319529 0.48079002 0.335466 0.48586 0.33648 0.50148296 0.318091 0.523306 0.337097 0.522874 0.336901 0.54514503 0.317724 0.545568 0.334131 0.566308 0.317504 0.566308 0.291654 0.527443 0.291647 0.550623 0.275771 0.535317 0.275771 0.555641 0.261229 0.53966796 0.261229 0.556424 0.275771 0.566308 0.292257 0.566308 0.261229 0.566308 0.261229 0.51993203 0.25858 0.4856 0.246094 0.566308 0.246094 0.556226 0.232145 0.556407 0.232145 0.54066 0.246094 0.540114 0.232145 0.566308 0.246094 0.51954 0.232145 0.52024 0.217603 0.556196 0.217603 0.566308 0.217603 0.534847 0.217603 0.514736 0.234741 0.48785102 0.223263 0.48638898 0.347011 0.566308 0.349126 0.544532 0.359375 0.566505 0.359375 0.543688 0.349144 0.52298796 0.359375 0.521441 0.359375 0.50019896 0.348601 0.504549 0.359375 0.48599398 0.346284 0.48738098 0.336901 0.54514503 0.337097 0.522874 0.33648 0.50148296 0.335466 0.48586 0.246094 0.486435 0.246094 0.46853298 0.109498 0.50386703 0.097125 0.505926 0.109375 0.52348 0.095202 0.52673304 0.102078 0.49275202 0.109434 0.49014997 0.115986 0.49354398 0.121403 0.50442004 0.095968 0.55209696 0.099036 0.566712 0.103081 0.57638 0.11036 0.58248997 0.116696 0.577701 0.120882 0.566496 0.123353 0.54967 0.123914 0.523322 0.236259 0.74735403 0.24932 0.757831 0.249266 0.743768 0.25358 0.756764 0.253183 0.742877 0.237206 0.762226 0.223154 0.766021 0.226166 0.781762 0.238512 0.777426 0.221582 0.78412104 0.218716 0.767769 0.217196 0.787453 0.221693 0.803599 0.225408 0.799721 0.213957 0.770452 0.226817 0.818751 0.233163 0.813511 0.220616 0.75035703 0.21653 0.75128 0.21157 0.753038 0.53229 0.457622 0.532388 0.41537702 0.515114 0.457622 0.515943 0.415527 0.517801 0.380606 0.5325 0.376895 0.542794 0.374142 0.546333 0.41785002 0.547416 0.457622 0.56325 0.41957903 0.556592 0.38284498 0.568206 0.391712 0.580954 0.41839403 0.582741 0.39589798 0.596445 0.41298002 0.596973 0.381423 0.614626 0.41088003 0.614286 0.375372 0.628884 0.40977597 0.628884 0.374366 0.61571 0.35426903 0.628884 0.354366 0.61431 0.457622 0.596326 0.457622 0.563834 0.457622 0.581827 0.457622 0.514799 0.512877 0.532234 0.512877 0.514897 0.56921804 0.531639 0.56921804 0.547474 0.512877 0.547595 0.56921804 0.564119 0.512877 0.564265 0.56921804 0.58134 0.56921804 0.581904 0.512877 0.596576 0.56921804 0.596226 0.512877 0.614941 0.56921804 0.614622 0.512877 0.513464 0.59790003 0.529383 0.600157 0.543172 0.606866 0.555259 0.595366 0.599256 0.602373 0.584675 0.607431 0.573177 0.59561 0.615514 0.59814 0.5 0.56921804 0.5 0.512877 0.5 0.457622 0.515114 0.457622 0.5 0.41635197 0.515943 0.415527 0.5 0.596843 0.628928 0.59396 0.628928 0.56921804 0.628928 0.512877 0.628928 0.457622 0.61431 0.457622 0.614626 0.41088003 0.628884 0.40977597 0.588986 0.632377 0.602021 0.628218 0.616608 0.624069 0.628928 0.621305 0.511269 0.62123597 0.5 0.619416 0.526619 0.62533903 0.539592 0.62929 0.5 0.39387 0.517801 0.380606 0.620621 0.634978 0.628928 0.63237 0.51302 0.64143896 0.507408 0.63432896 0.5 0.63066804 0.524476 0.652344 0.515625 0.652344 0.615342 0.64229 0.60443 0.652344 0.613281 0.652344 0.484886 0.457622 0.484057 0.415527 0.467612 0.41537702 0.482199 0.380606 0.4675 0.376895 0.457206 0.374142 0.453667 0.41785002 0.46771 0.457622 0.452584 0.457622 0.43675 0.41957903 0.443408 0.38284498 0.431794 0.391712 0.419046 0.41839403 0.417259 0.39589798 0.403555 0.41298002 0.403027 0.381423 0.385374 0.41088003 0.385714 0.375372 0.371116 0.40977597 0.371116 0.374366 0.38429 0.35426903 0.371116 0.354366 0.391906 0.34788 0.379589 0.334467 0.383262 0.321777 0.38569 0.457622 0.403674 0.457622 0.436166 0.457622 0.418173 0.457622 0.485201 0.512877 0.467766 0.512877 0.485103 0.56921804 0.46836 0.56921804 0.452526 0.512877 0.452405 0.56921804 0.435881 0.512877 0.435735 0.56921804 0.41866 0.56921804 0.418096 0.512877 0.403424 0.56921804 0.403774 0.512877 0.385059 0.56921804 0.385378 0.512877 0.486536 0.59790003 0.470617 0.600157 0.456828 0.606866 0.444741 0.595366 0.44931 0.61035097 0.400744 0.602373 0.415325 0.607431 0.426823 0.59561 0.421975 0.61094296 0.384486 0.59814 0.5 0.56921804 0.5 0.512877 0.5 0.457622 0.484886 0.457622 0.5 0.596843 0.371072 0.59396 0.371072 0.56921804 0.371072 0.512877 0.371072 0.457622 0.38569 0.457622 0.385374 0.41088003 0.371116 0.40977597 0.411014 0.632377 0.397979 0.628218 0.409076 0.652344 0.39557 0.652344 0.383392 0.624069 0.371072 0.621305 0.488731 0.62123597 0.5 0.619416 0.47338 0.62533903 0.460408 0.62929 0.462018 0.652344 0.475524 0.652344 0.449584 0.652344 0.450595 0.63197 0.420528 0.632496 0.456828 0.606866 0.44931 0.61035097 0.42151 0.652344 0.379379 0.634978 0.371072 0.63237 0.384658 0.64229 0.386719 0.652344 0.48698 0.64143896 0.492592 0.63432896 0.5 0.63066804 0.484375 0.652344 0.5 0.26546198 0.489955 0.29325598 0.5 0.29083502 0.510045 0.29325598 0.517763 0.269558 0.509459 0.23757899 0.5 0.238729 0.5 0.21857601 0.512339 0.21795899 0.5 0.1875 0.511719 0.1875 0.506532 0.30310303 0.520494 0.307155 0.51012 0.31480998 0.5 0.303468 0.5 0.31918502 0.487661 0.21795899 0.488281 0.1875 0.490541 0.23757899 0.482236 0.269558 0.471514 0.290807 0.479506 0.307155 0.493468 0.30310303 0.48988 0.31480998 0.471641 0.333816 0.46155 0.32688898 0.469016 0.35832602 0.45724 0.35409898 0.485495 0.33990902 0.457206 0.374142 0.443408 0.38284498 0.4675 0.376895 0.48276 0.362817 0.482199 0.380606 0.019808 0.75622404 0.013341 0.757021 0.020684 0.775627 0.014985 0.743001 0.009726 0.73700297 0.003906 0.75294 0.019168 0.743786 0.023234 0.741156 0.026549 0.752952 0.027117 0.734739 0.033203 0.748913 0.021608 0.73614097 0.022702 0.731532 0.014036 0.73260903 0.016022 0.737375 0.018806 0.7369 0.018158 0.730675 0.003906 0.78046703 0.013354 0.779624 0.003906 0.824219 0.01635 0.824219 0.022074 0.824219 0.027595 0.774143 0.027509 0.824219 0.033203 0.824219 0.033203 0.773122 0.038046 0.824219 0.03882 0.774373 0.044618 0.824219 0.046138 0.77896 0.052085 0.824219 0.053551 0.779747 0.058594 0.824219 0.058594 0.783962 0.058594 0.758925 0.055068 0.757775 0.055684 0.742979 0.052706 0.74490297 0.047274 0.756428 0.048192 0.742943 0.043645 0.74191296 0.039425 0.751593 0.040553 0.736571 0.033203 0.748913 0.052521 0.736866 0.0511 0.74068797 0.048435 0.73975 0.04575 0.738908 0.044846 0.733828 0.049124 0.73333204 0.022793 0.935366 0.036176 0.916178 0.021757 0.916655 0.036368 0.93455 0.04961 0.931987 0.049077 0.913957 0.058758 0.913095 0.056944 0.885185 0.046702 0.883763 0.066882 0.888027 0.06745 0.91384 0.065988 0.85997903 0.077976 0.870672 0.077028 0.890586 0.091019 0.885329 0.088345 0.897199 0.054648 0.854136 0.044252 0.85071003 0.033892 0.885135 0.027228 0.852506 0.021366 0.886006 0.018346 0.859587 0.007812 0.888207 0.007812 0.863862 0.098366 0.902242 0.101152 0.888484 0.107217 0.903692 0.10612 0.890374 0.114514 0.881315 0.120012 0.896322 0.116528 0.869573 0.123564 0.862205 0.132813 0.888207 0.132813 0.863862 0.058881 0.931722 0.067724 0.93292 0.075736 0.915156 0.074937 0.934381 0.08522 0.917993 0.08298 0.936594 0.092915 0.938413 0.083355 0.954327 0.094139 0.953974 0.085027 0.972401 0.076415 0.971399 0.075059 0.952435 0.076551 0.992188 0.08578 0.992188 0.096463 0.972597 0.098937 0.992187 0.066188 0.992188 0.066847 0.971012 0.055822 0.968364 0.057708 0.949851 0.046855 0.949732 0.043798 0.970232 0.034404 0.950161 0.031433 0.968356 0.06729 0.951999 0.052654 0.992188 0.041147 0.992188 0.02843 0.992187 0.108773 0.972075 0.11275 0.992188 0.119083 0.971689 0.122659 0.992188 0.132813 0.970963 0.132812 0.950344 0.117104 0.950928 0.132813 0.992188 0.106944 0.951801 0.020499 0.968332 0.016198 0.992188 0.007812 0.970963 0.007812 0.950344 0.022268 0.948562 0.007813 0.992188 0.04961 0.931987 0.058881 0.931722 0.036368 0.93455 0.022793 0.935366 0.007812 0.937007 0.007812 0.917969 0.021757 0.916655 0.007812 0.888207 0.116928 0.939241 0.132813 0.937007 0.117809 0.923784 0.132813 0.917969 0.105903 0.924721 0.106177 0.939467 0.094545 0.922337 0.092915 0.938413 0.08522 0.917993 0.120012 0.896322 0.132813 0.888207 0.107217 0.903692 0.098366 0.902242 0.088345 0.897199 0.094139 0.953974 0.263555 0.720881 0.270026 0.70521104 0.263636 0.70475 0.269479 0.72253096 0.894531 0.769531 0.898437 0.773438 0.902344 0.761366 0.902344 0.769531 0.90625 0.773438 0.910156 0.769531 0.902344 0.75390697 0.912109 0.761719 0.892578 0.761719 0.894531 0.808594 0.886719 0.804687 0.902344 0.808594 0.910156 0.808594 0.917969 0.804687 0.923828 0.800781 0.880859 0.800781 0.287234 0.656988 0.287667 0.666057 0.29185 0.664341 0.288112 0.652774 0.294702 0.660517 0.280946 0.650041 0.2809 0.65475297 0.274488 0.656507 0.273676 0.652178 0.26968 0.66367304 0.266804 0.65961504 0.285824 0.65967596 0.280801 0.666685 0.280858 0.659321 0.275864 0.659323 0.273912 0.66563797 0.280731 0.678469 0.272184 0.677563 0.28927 0.67799604 0.295428 0.67645204 0.300123 0.672974 0.265937 0.675883 0.261073 0.67233396 0.105469 0.769531 0.097656 0.761366 0.101562 0.773438 0.097656 0.769531 0.09375 0.773438 0.089844 0.769531 0.097656 0.75390697 0.087891 0.761719 0.107422 0.761719 0.105469 0.808594 0.113281 0.804687 0.097656 0.808594 0.089844 0.808594 0.082031 0.804687 0.076172 0.800781 0.119141 0.800781 0.150635 0.52084696 0.136719 0.543688 0.15098 0.543237 0.136719 0.566308 0.152236 0.566307 0.136719 0.521441 0.136719 0.50019896 0.15021 0.49989402 0.136719 0.48599398 0.151205 0.48572302 0.620411 0.334467 0.628884 0.32174098 0.616738 0.321778 0.608094 0.34788 0.61571 0.35426903 0.628884 0.334378 0.617188 0.300781 0.628884 0.300781 0.628884 0.354366 0.371116 0.32174098 0.379589 0.334467 0.383262 0.321777 0.371116 0.334378 0.382813 0.300781 0.371116 0.300781 0.371116 0.354366 0.435735 0.56921804 0.426823 0.59561 0.436017 0.589261 0.444741 0.595366 0.573177 0.59561 0.564265 0.56921804 0.563983 0.589261 0.555259 0.595366</float_array>
					<technique_common>
						<accessor source="#mesh_1_Body00_uv0_array_id" count="778" stride="2">
							<param name="S" type="float" />
							<param name="T" type="float" />
						</accessor>
					</technique_common>
				</source>
				<source id="mesh_1_Body00_color_id" name="mesh_1_Body00_color">
					<float_array id="mesh_1_Body00_color_array_id" count="3112">1 1 1 0.49803922 1 1 1 0.49803922 1 1 1 0.49803922 1 1 1 0.49803922 1 1 1 0.49803922 1 1 1 0.49803922 1 1 1 0.49803922 1 1 1 0.49803922 1 1 1 0.49803922 1 1 1 0.49803922 1 1 1 0.49803922 1 1 1 0.49803922 1 1 1 0.49803922 1 1 1 0.49803922 1 1 1 0.49803922 1 1 1 0.49803922 1 1 1 0.49803922 1 1 1 0.49803922 1 1 1 0.49803922 1 1 1 0.49803922 1 1 1 0.49803922 1 1 1 0.49803922 1 1 1 0.49803922 1 1 1 0.49803922 1 1 1 0.49803922 1 1 1 0.49803922 1 1 1 0.49803922 1 1 1 0.49803922 1 1 1 0.49803922 1 1 1 0.49803922 1 1 1 0.49803922 1 1 1 0.49803922 1 1 1 0.49803922 1 1 1 0.49803922 1 1 1 0.49803922 1 1 1 0.49803922 1 1 1 0.49803922 1 1 1 0.49803922 1 1 1 0.49803922 1 1 1 0.49803922 1 1 1 0.49803922 1 1 1 0.49803922 1 1 1 0.49803922 1 1 1 0.49803922 1 1 1 0.49803922 1 1 1 0.49803922 1 1 1 0.49803922 1 1 1 0.49803922 1 1 1 0.49803922 1 1 1 0.49803922 1 1 1 0.49803922 1 1 1 0.49803922 1 1 1 0.49803922 1 1 1 0.49803922 1 1 1 0.49803922 1 1 1 0.49803922 1 1 1 0.49803922 1 1 1 0.49803922 1 1 1 0.49803922 1 1 1 0.49803922 1 1 1 0.49803922 1 1 1 0.49803922 1 1 1 0.49803922 1 1 1 0.49803922 1 1 1 0.49803922 1 1 1 0.49803922 1 1 1 0.49803922 1 1 1 0.49803922 1 1 1 0.49803922 1 1 1 0.49803922 1 1 1 0.49803922 1 1 1 0.49803922 1 1 1 0.49803922 1 1 1 0.49803922 1 1 1 0.49803922 1 1 1 0.49803922 1 1 1 0.49803922 1 1 1 0.49803922 1 1 1 0.49803922 1 1 1 0.49803922 1 1 1 0.49803922 1 1 1 0.49803922 1 1 1 0.49803922 1 1 1 0.49803922 1 1 1 0.49803922 1 1 1 0.49803922 1 1 1 0.49803922 1 1 1 0.49803922 1 1 1 0.49803922 1 1 1 0.49803922 1 1 1 0.49803922 1 1 1 0.49803922 1 1 1 0.49803922 1 1 1 0.49803922 1 1 1 0.49803922 1 1 1 0.49803922 1 1 1 0.49803922 1 1 1 0.49803922 1 1 1 0.49803922 1 1 1 0.49803922 1 1 1 0.49803922 1 1 1 0.49803922 1 1 1 0.49803922 1 1 1 0.49803922 1 1 1 0.49803922 1 1 1 0.49803922 1 1 1 0.49803922 1 1 1 0.49803922 1 1 1 0.49803922 1 1 1 0.49803922 1 1 1 0.49803922 1 1 1 0.49803922 1 1 1 0.49803922 1 1 1 0.49803922 1 1 1 0.49803922 1 1 1 0.49803922 1 1 1 0.49803922 1 1 1 0.49803922 1 1 1 0.49803922 1 1 1 0.49803922 1 1 1 0.49803922 1 1 1 0.49803922 1 1 1 0.49803922 1 1 1 0.49803922 1 1 1 0.49803922 1 1 1 0.49803922 1 1 1 0.49803922 1 1 1 0.49803922 1 1 1 0.49803922 1 1 1 0.49803922 1 1 1 0.49803922 1 1 1 0.49803922 1 1 1 0.49803922 1 1 1 0.49803922 1 1 1 0.49803922 1 1 1 0.49803922 1 1 1 0.49803922 1 1 1 0.49803922 1 1 1 0.49803922 1 1 1 0.49803922 1 1 1 0.49803922 1 1 1 0.49803922 1 1 1 0.49803922 1 1 1 0.49803922 1 1 1 0.49803922 1 1 1 0.49803922 1 1 1 0.49803922 1 1 1 0.49803922 1 1 1 0.49803922 1 1 1 0.49803922 1 1 1 0.49803922 1 1 1 0.49803922 1 1 1 0.49803922 1 1 1 0.49803922 1 1 1 0.49803922 1 1 1 0.49803922 1 1 1 0.49803922 1 1 1 0.49803922 1 1 1 0.49803922 1 1 1 0.49803922 1 1 1 0.49803922 1 1 1 0.49803922 1 1 1 0.49803922 1 1 1 0.49803922 1 1 1 0.49803922 1 1 1 0.49803922 1 1 1 0.49803922 1 1 1 0.49803922 1 1 1 0.49803922 1 1 1 0.49803922 1 1 1 0.49803922 1 1 1 0.49803922 1 1 1 0.49803922 1 1 1 0.49803922 1 1 1 0.49803922 1 1 1 0.49803922 1 1 1 0.49803922 1 1 1 0.7490196 1 1 1 0.7490196 1 1 1 0.49803922 1 1 1 0.7490196 1 1 1 0.7490196 1 1 1 0.49803922 1 1 1 0.7490196 1 1 1 0.49803922 1 1 1 0.7490196 1 1 1 0.49803922 1 1 1 0.7490196 1 1 1 0.49803922 1 1 1 0.49803922 1 1 1 0.7490196 1 1 1 0.49803922 1 1 1 0.7490196 1 1 1 0.49803922 1 1 1 0.49803922 1 1 1 0.49803922 1 1 1 0.49803922 1 1 1 0.49803922 1 1 1 0.49803922 1 1 1 0.49803922 1 1 1 0.49803922 1 1 1 0.49803922 1 1 1 0.49803922 1 1 1 0.49803922 1 1 1 0.49803922 1 1 1 0.49803922 1 1 1 0.49803922 1 1 1 0.49803922 1 1 1 0.49803922 1 1 1 1 1 1 1 1 1 1 1 1 1 1 1 1 1 1 1 1 1 1 1 1 1 1 1 1 1 1 1 1 1 1 1 1 1 1 1 1 1 1 1 1 1 1 1 1 1 1 1 1 1 1 1 1 1 1 1 1 1 1 1 1 1 1 1 1 1 1 1 1 1 1 1 1 1 1 1 1 1 1 1 1 1 1 1 1 1 1 1 1 1 1 1 1 1 1 1 1 1 1 1 1 1 1 1 1 1 1 1 1 1 1 1 1 1 1 1 1 1 1 1 1 1 1 1 1 1 1 1 1 1 1 1 1 1 1 1 1 1 1 1 1 1 1 1 1 1 1 1 1 1 1 1 1 1 1 1 1 1 1 1 1 1 1 1 1 1 1 1 1 1 1 1 1 1 1 1 1 1 1 1 1 1 1 1 1 1 1 1 1 1 1 1 1 1 1 1 1 1 1 1 1 1 1 1 1 1 1 1 1 1 1 1 1 1 1 1 1 1 1 1 1 1 1 1 1 1 1 1 1 1 1 1 1 1 1 1 1 1 1 1 1 1 1 1 1 1 1 1 1 1 1 1 1 1 1 1 1 1 1 1 1 1 1 1 1 1 1 1 1 1 1 1 1 1 1 1 1 1 1 1 1 1 1 1 1 1 1 1 1 1 1 1 1 1 1 1 1 1 1 1 1 1 1 1 1 1 1 1 1 1 1 1 1 1 1 1 1 1 1 1 1 1 1 1 1 1 1 1 1 1 1 1 1 1 1 1 1 1 1 1 1 1 1 1 1 1 1 1 1 1 1 1 1 1 1 1 1 1 1 1 1 1 1 1 1 1 1 1 1 1 1 1 1 1 1 1 1 1 1 1 1 1 1 1 1 1 1 1 1 1 1 1 1 1 1 1 0.49803922 1 1 1 0.49803922 1 1 1 0.49803922 1 1 1 0.49803922 1 1 1 0.49803922 1 1 1 0.49803922 1 1 1 0.49803922 1 1 1 0.49803922 1 1 1 0.49803922 1 1 1 0.49803922 1 1 1 0.49803922 1 1 1 0.49803922 1 1 1 0.49803922 1 1 1 0.49803922 1 1 1 0.49803922 1 1 1 0.49803922 1 1 1 0.49803922 1 1 1 0.49803922 1 1 1 0.49803922 1 1 1 0.49803922 1 1 1 1 1 1 1 1 1 1 1 1 1 1 1 1 1 1 1 1 1 1 1 1 1 1 1 1 1 1 1 1 1 1 1 1 1 1 1 1 1 1 1 1 1 1 1 1 1 1 1 1 1 1 1 1 1 1 1 1 1 1 1 1 1 1 1 1 1 1 1 1 1 1 1 1 1 1 1 1 1 1 1 1 1 1 1 1 1 1 1 1 1 1 1 1 1 1 1 1 1 1 1 1 1 1 1 1 1 1 1 1 1 1 1 1 1 1 1 1 1 1 1 1 1 1 1 1 1 1 1 1 1 1 1 1 1 1 1 1 1 1 1 1 1 1 1 1 1 1 1 1 1 1 1 1 1 1 1 1 1 1 1 1 1 1 1 1 1 1 1 1 1 1 1 0.7490196 1 1 1 1 1 1 1 1 1 1 1 0.7490196 1 1 1 1 1 1 1 1 1 1 1 1 1 1 1 1 1 1 1 1 1 1 1 1 1 1 1 1 1 1 1 1 1 1 1 1 1 1 1 1 1 1 1 1 1 1 1 1 1 1 1 1 1 1 1 1 1 1 1 1 1 1 1 1 1 1 1 1 1 1 1 1 1 1 1 1 1 1 1 1 1 1 1 1 1 1 1 1 1 1 1 1 1 1 1 1 1 1 1 1 1 1 1 1 1 1 1 1 1 1 1 1 1 1 1 1 1 1 1 1 1 1 1 1 1 1 1 1 1 1 1 1 1 1 1 1 1 1 1 1 1 1 1 1 1 1 1 1 1 1 1 1 1 1 1 1 1 1 1 1 1 1 1 1 1 1 1 1 1 1 1 1 1 1 1 1 1 1 1 1 1 1 1 1 1 1 1 1 1 1 1 1 1 1 1 1 1 1 1 1 1 1 1 1 1 1 1 1 1 1 1 1 1 1 1 1 1 1 1 1 1 1 1 1 1 1 1 1 1 1 1 1 1 1 1 1 1 1 1 1 1 1 1 1 1 1 1 1 1 1 1 1 1 1 1 1 1 1 1 1 1 1 1 1 1 1 1 1 1 1 1 1 1 1 1 1 1 1 1 1 1 1 1 1 1 1 1 1 1 1 1 1 1 1 1 1 1 1 1 1 1 1 1 1 1 1 1 1 1 1 1 1 1 1 1 1 1 1 1 1 1 1 1 1 1 1 1 0.7490196 1 1 1 0.7490196 1 1 1 1 1 1 1 1 1 1 1 0.7490196 1 1 1 0.7490196 1 1 1 1 1 1 1 1 1 1 1 1 1 1 1 1 1 1 1 1 1 1 1 1 1 1 1 1 1 1 1 1 1 1 1 1 1 1 1 1 1 1 1 1 1 1 1 1 1 1 1 1 1 1 1 1 1 1 1 1 1 1 1 1 1 1 1 1 1 1 1 1 1 1 1 1 1 1 1 1 1 1 1 1 1 1 1 1 1 1 1 1 1 1 1 1 1 1 1 1 1 1 1 0.7490196 1 1 1 0.7490196 1 1 1 0.7490196 1 1 1 1 1 1 1 0.7490196 1 1 1 0.7490196 1 1 1 1 1 1 1 1 1 1 1 1 1 1 1 1 1 1 1 1 1 1 1 1 1 1 1 1 1 1 1 1 1 1 1 1 1 1 1 1 1 1 1 1 1 1 1 1 1 1 1 1 1 1 1 1 1 1 1 1 1 1 1 1 1 1 1 1 1 1 1 1 1 1 1 1 1 1 1 1 1 1 1 1 1 1 1 1 1 1 1 1 1 1 1 1 1 1 1 1 1 1 1 1 1 1 1 1 1 1 1 1 1 1 1 1 1 1 1 1 1 1 1 1 1 1 1 1 1 1 1 1 1 1 1 1 1 1 1 1 1 1 1 1 1 1 1 1 1 1 1 1 1 1 1 1 1 1 1 1 1 1 1 1 1 1 1 1 1 1 1 0.49803922 1 1 1 0.49803922 1 1 1 0.49803922 1 1 1 0.49803922 1 1 1 0.49803922 1 1 1 0.49803922 1 1 1 0.49803922 1 1 1 0.49803922 1 1 1 0.49803922 1 1 1 0.49803922 1 1 1 0.49803922 1 1 1 0.49803922 1 1 1 0.49803922 1 1 1 0.49803922 1 1 1 0.49803922 1 1 1 0.49803922 1 1 1 0.49803922 1 1 1 0.49803922 1 1 1 0.49803922 1 1 1 0.49803922 1 1 1 0.49803922 1 1 1 0.49803922 1 1 1 0.49803922 1 1 1 0.49803922 1 1 1 0.49803922 1 1 1 0.49803922 1 1 1 0.49803922 1 1 1 0.49803922 1 1 1 0.49803922 1 1 1 0.49803922 1 1 1 0.49803922 1 1 1 0.49803922 1 1 1 0.49803922 1 1 1 0.49803922 1 1 1 0.49803922 1 1 1 0.49803922 1 1 1 0.49803922 1 1 1 0.49803922 1 1 1 0.49803922 1 1 1 0.49803922 1 1 1 0.49803922 1 1 1 0.49803922 1 1 1 0.49803922 1 1 1 0.49803922 1 1 1 0.49803922 1 1 1 0.49803922 1 1 1 0.49803922 1 1 1 0.49803922 1 1 1 0.49803922 1 1 1 0.49803922 1 1 1 1 1 1 1 1 1 1 1 1 1 1 1 1 1 1 1 1 1 1 1 1 1 1 1 1 1 1 1 1 1 1 1 1 1 1 1 1 1 1 1 1 1 1 1 1 1 1 1 1 1 1 1 1 1 1 1 1 1 1 1 1 1 1 1 1 1 1 1 1 1 1 1 1 1 1 1 1 1 1 1 1 1 1 1 1 1 1 1 1 1 1 1 1 1 1 1 1 1 1 1 1 1 1 1 1 1 1 1 1 1 1 1 1 1 1 1 1 1 1 1 1 1 1 1 1 1 1 1 1 1 1 1 1 1 1 1 1 1 1 1 1 1 1 1 1 1 1 1 1 1 1 1 1 1 1 1 1 1 1 1 1 1 1 1 1 1 1 1 1 1 1 1 1 1 1 1 1 1 1 1 1 1 1 1 1 1 1 1 1 1 1 1 1 1 1 1 1 1 1 1 1 1 1 1 1 1 1 1 1 1 1 1 1 1 1 1 1 1 1 1 1 1 1 1 1 1 1 1 1 1 1 1 1 1 1 1 1 1 1 1 1 1 1 1 1 1 1 1 1 1 1 1 1 1 1 1 1 1 1 1 1 1 1 1 1 1 1 1 1 1 1 1 1 1 1 1 1 1 1 1 1 1 1 1 1 1 1 1 1 1 1 1 1 1 1 1 1 1 1 1 1 1 1 1 1 1 1 1 1 1 1 1 1 1 1 1 1 1 1 1 1 1 1 1 1 1 1 1 1 1 1 1 1 1 1 1 1 1 1 1 1 1 1 1 1 1 1 1 1 1 1 1 1 1 1 1 1 1 1 1 1 1 1 1 1 1 1 1 1 1 1 1 1 1 1 1 1 1 1 1 1 1 1 1 1 1 1 1 1 1 1 1 1 1 1 1 1 1 1 1 0.49803922 1 1 1 0.49803922 1 1 1 0.49803922 1 1 1 0.49803922 1 1 1 1 1 1 1 1 1 1 1 1 1 1 1 1 1 1 1 1 1 1 1 1 1 1 1 1 1 1 1 1 1 1 1 1 1 1 1 1 1 1 1 1 1 1 1 1 1 1 1 1 1 1 1 1 1 1 1 1 1 1 1 1 1 1 1 0.49803922 1 1 1 0.49803922 1 1 1 0.49803922 1 1 1 0.49803922 1 1 1 0.49803922 1 1 1 0.49803922 1 1 1 0.49803922 1 1 1 0.49803922 1 1 1 0.49803922 1 1 1 0.49803922 1 1 1 0.49803922 1 1 1 0.49803922 1 1 1 0.49803922 1 1 1 0.49803922 1 1 1 0.49803922 1 1 1 0.49803922 1 1 1 0.49803922 1 1 1 0.49803922 1 1 1 0.49803922 1 1 1 0.49803922 1 1 1 0.49803922 1 1 1 0.49803922 1 1 1 0.49803922 1 1 1 1 1 1 1 1 1 1 1 1 1 1 1 1 1 1 1 1 1 1 1 1 1 1 1 1 1 1 1 1 1 1 1 1 1 1 1 1 1 1 1 1 1 1 1 1 1 1 1 1 1 1 1 1 1 1 1 1 1 1 1 1 1 1 1 1 1 1 1 1 1 1 1 1 1 1 1 1 1 1 1 1 1 1 1 1 1 1 1 1 1 1 1 1 1 1 1 1 1 1 1 1 1 1 1 1 1 1 1 1 1 1 1 1 1 1 1 1 1 1 1 1 1 1 1 1 1 1 1 1 1 1 1 1 1 1 1 1 1 1 1 1 1 1 1 1 1 1 1 1 1 1 1 1 1 1 1 1 1 1 1 1 1 1 1 1 1 1 1 1 1 1 1 0.7490196 1 1 1 0.7490196 1 1 1 0.7490196 1 1 1 0.7490196 1 1 1 1 1 1 1 0.7490196 1 1 1 0.7490196</float_array>
					<technique_common>
						<accessor source="#mesh_1_Body00_color_array_id" count="778" stride="4">
							<param name="R" type="float" />
							<param name="G" type="float" />
							<param name="B" type="float" />
							<param name="A" type="float" />
						</accessor>
					</technique_common>
				</source>
				<vertices id="mesh_1_Body00_vertices_id">
					<input semantic="POSITION" source="#mesh_1_Body00_position_id" />
				</vertices>
				<triangles material="Body00" count="1030">
					<input semantic="VERTEX" source="#mesh_1_Body00_vertices_id" offset="0" />
					<input semantic="NORMAL" source="#mesh_1_Body00_normal_id" offset="0" />
					<input semantic="COLOR" source="#mesh_1_Body00_color_id" offset="0" />
					<input semantic="TEXCOORD" source="#mesh_1_Body00_uv0_id" offset="0" set="0" />
					<p>0 1 2 0 3 1 4 3 0 0 5 4 6 5 0 6 0 7 7 0 2 7 2 8 8 2 9 9 2 10 10 2 11 2 1 11 3 4 12 12 4 13 13 4 14 14 4 5 15 7 8 16 7 15 16 6 7 17 16 15 18 16 17 18 19 16 19 6 16 20 19 18 20 21 19 19 21 22 19 22 6 6 22 5 23 22 21 24 22 23 14 5 24 24 5 22 25 3 12 26 3 25 3 26 1 27 26 25 28 26 27 26 28 29 1 26 29 29 28 30 30 28 31 31 28 32 33 29 30 34 29 33 35 34 33 36 34 35 10 11 36 36 11 34 37 32 28 38 32 37 30 31 39 39 31 40 33 30 41 30 39 41 41 42 33 35 33 42 43 40 31 31 32 43 44 40 43 43 45 44 46 45 43 43 47 46 43 32 47 38 47 32 46 47 48 48 49 46 46 49 50 45 46 51 51 46 50 49 48 52 52 48 53 53 48 54 54 48 47 54 47 38 45 55 44 45 51 55 44 55 56 56 55 57 57 55 58 56 57 59 59 57 60 61 49 52 62 49 61 49 62 50 63 62 61 64 62 63 65 62 64 66 62 65 50 62 66 65 67 66 66 67 68 69 68 67 70 68 69 68 71 66 66 71 50 70 71 68 71 51 50 60 72 59 42 72 73 73 72 74 74 72 60 75 71 70 76 71 75 58 55 76 77 71 76 55 51 77 76 55 77 77 51 71 60 57 78 78 57 58 58 76 78 78 76 75 61 79 63 80 79 61 52 80 61 79 80 81 81 80 82 81 82 83 83 82 84 84 85 83 83 85 86 85 87 86 86 87 88 85 89 87 90 89 85 84 90 85 89 90 91 91 90 92 92 90 84 92 93 91 82 93 84 84 93 92 91 93 94 80 94 82 82 94 93 94 80 95 91 94 96 96 94 95 96 89 91 97 89 96 89 97 87 87 97 98 98 88 87 99 88 98 74 100 73 73 100 101 101 100 102 100 103 102 102 103 104 105 103 100 105 100 74 106 103 105 103 106 107 103 107 104 107 106 108 109 106 105 110 106 109 106 110 108 109 111 110 110 111 112 110 112 113 108 110 113 113 112 114 113 114 115 115 114 116 116 114 117 117 114 118 114 112 118 117 118 119 119 118 120 121 113 115 122 113 121 107 108 122 122 108 113 121 123 122 124 123 121 124 125 123 126 125 124 127 125 126 128 125 127 129 128 127 130 128 129 131 124 121 121 115 131 132 124 131 132 126 124 133 126 132 127 126 134 134 126 133 129 127 135 135 127 134 136 117 119 137 117 136 137 116 117 138 116 137 115 116 139 139 116 138 131 115 139 128 140 125 125 140 123 141 140 128 142 141 128 130 142 128 143 141 142 118 112 144 123 145 122 122 145 146 123 140 147 123 147 145 140 148 147 141 148 140 147 148 149 150 148 141 141 143 150 150 143 151 152 132 131 131 139 152 153 132 152 153 133 132 154 133 153 134 133 155 155 133 154 135 134 156 156 134 155 157 137 136 158 137 157 158 138 137 159 138 158 139 138 160 160 138 159 152 139 160 147 149 161 161 146 145 145 147 161 161 149 162 143 163 151 151 163 164 163 143 165 165 143 142 165 142 166 151 164 167 167 164 168 150 151 169 169 151 167 148 150 170 170 150 169 148 170 149 149 170 171 149 171 162 162 171 172 173 153 152 174 153 173 174 154 153 175 174 173 176 174 175 177 176 175 178 176 177 178 179 176 180 179 178 181 179 180 182 179 181 183 182 181 184 182 183 177 175 185 185 175 186 175 173 186 185 186 187 187 186 188 188 189 187 187 189 190 189 191 190 190 191 192 179 193 176 176 193 174 182 193 179 194 193 182 184 194 182 195 194 184 189 196 191 197 196 189 188 197 189 198 197 188 186 199 188 188 199 198 186 173 199 173 200 199 199 200 201 198 199 202 202 199 201 197 198 203 203 198 202 196 197 204 204 197 203 194 195 205 205 195 206 193 194 207 207 194 205 193 207 208 209 210 211 211 210 212 212 210 213 214 210 209 209 215 214 216 215 209 210 217 213 218 217 210 214 219 210 210 219 218 215 220 214 214 220 219 213 221 212 222 221 213 217 223 213 213 223 222 221 224 212 212 224 225 225 211 212 226 225 224 227 225 226 228 225 227 229 225 228 229 211 225 230 229 228 231 229 230 209 211 231 231 211 229 232 231 230 233 231 232 216 209 233 233 209 231 226 234 227 235 234 226 234 235 236 236 235 237 236 237 238 238 237 239 239 237 240 239 241 238 238 241 242 242 241 243 243 241 244 241 245 244 239 245 241 244 245 246 245 247 246 248 247 245 248 249 247 250 249 248 251 248 245 251 245 239 240 251 239 252 248 251 252 250 248 253 252 251 253 251 240 254 252 253 255 254 253 256 254 255 254 257 252 252 257 258 258 250 252 256 259 254 254 259 257 255 253 260 260 253 240 260 240 261 261 240 237 237 235 261 256 262 259 263 262 256 255 263 256 264 262 263 264 263 265 265 263 266 266 263 255 267 262 264 268 265 266 266 255 268 268 255 260 269 265 268 270 267 264 265 270 264 271 267 270 272 270 265 269 272 265 273 272 269 274 273 269 275 273 274 249 276 247 247 276 277 276 278 277 277 278 279 277 279 280 280 279 281 282 280 281 283 280 282 284 283 282 285 283 284 280 286 277 287 286 280 283 287 280 288 287 283 285 288 283 289 288 285 274 269 290 290 269 268 261 290 260 260 290 268 290 291 274 274 291 275 261 291 290 292 293 294 294 293 295 293 292 296 296 292 297 297 292 298 298 292 299 294 299 292 300 294 295 301 294 300 294 301 302 303 294 302 303 304 294 305 294 304 306 294 305 307 294 306 307 299 294 308 309 310 309 311 310 310 311 312 313 309 308 313 308 314 315 313 314 316 313 315 315 314 317 317 314 318 317 318 319 319 320 317 317 320 321 321 315 317 319 318 322 323 321 320 324 321 323 324 315 321 314 308 325 314 325 318 318 325 326 318 326 322 322 326 327 328 329 330 330 329 331 331 329 332 332 329 333 329 334 333 335 334 329 329 328 335 335 328 336 335 336 337 335 337 338 338 334 335 338 337 339 337 340 339 339 340 341 340 342 341 341 342 343 344 343 342 345 343 344 346 345 344 347 345 346 345 347 348 348 347 349 344 342 350 350 342 351 342 340 351 337 336 352 337 352 340 340 352 353 351 340 353 354 328 330 355 328 354 356 355 354 357 355 356 355 357 358 336 328 358 358 328 355 358 357 359 358 359 360 352 336 360 360 336 358 360 359 361 362 360 361 363 360 362 353 352 363 363 352 360 364 363 362 365 363 364 351 353 365 365 353 363 351 365 350 366 365 364 367 365 366 350 365 367 368 357 356 369 357 368 357 369 359 359 369 370 359 370 371 359 371 361 364 362 372 372 362 373 362 374 373 362 361 374 366 364 375 375 364 372 356 354 376 376 354 377 377 354 378 378 354 379 378 379 380 380 379 381 368 356 382 382 356 376 383 366 375 384 366 383 384 367 366 385 367 384 386 367 385 387 367 386 386 388 387 389 388 386 390 372 373 391 372 390 375 372 392 392 372 391 383 375 393 393 375 392 382 394 368 395 394 382 394 396 368 368 396 369 370 369 397 397 369 396 381 398 380 399 398 381 392 400 393 393 400 401 394 402 396 403 402 394 395 403 394 404 403 395 402 405 396 406 405 402 391 407 392 392 407 400 391 408 407 407 408 409 378 380 410 410 380 411 380 398 411 411 412 410 411 413 412 411 398 413 412 413 414 414 415 412 412 415 416 410 412 417 412 416 417 417 416 418 419 418 416 420 419 416 415 420 416 421 419 420 419 421 422 422 421 423 422 423 424 424 423 425 424 425 426 426 425 427 427 428 426 429 428 427 430 429 427 431 429 430 425 432 427 427 432 430 432 433 430 430 433 431 434 433 432 426 435 424 424 435 436 436 422 424 437 418 419 422 437 419 438 437 422 438 422 436 410 417 439 439 417 440 439 440 441 441 440 442 440 443 442 418 443 417 417 443 440 442 443 444 445 444 443 437 445 418 418 445 443 446 444 445 445 447 446 448 447 445 438 448 437 437 448 445 447 448 449 449 448 450 448 438 450 450 438 436 435 450 436 450 451 449 452 451 450 452 450 435 441 442 453 453 442 454 444 454 442 455 454 444 456 455 444 446 456 444 457 455 456 458 447 449 459 447 458 447 459 460 447 460 446 460 459 461 451 462 449 449 462 458 463 439 441 464 439 463 464 465 439 439 465 466 463 441 467 467 441 453 451 468 462 469 468 451 452 469 451 470 469 452 470 452 471 471 452 472 473 471 472 474 471 473 458 475 459 476 475 458 476 477 475 478 477 476 462 479 458 458 479 476 468 480 462 462 480 479 481 467 453 482 467 481 481 453 483 483 453 454 455 484 454 454 484 483 485 483 484 486 483 485 484 487 485 488 487 484 475 489 459 459 489 461 490 488 484 491 488 490 477 492 475 475 492 489 480 493 479 494 493 480 495 478 476 493 495 479 479 495 476 496 478 495 497 481 483 483 486 497 498 481 497 498 482 481 499 482 498 497 486 500 501 502 503 503 504 501 501 504 505 506 501 505 507 501 506 507 506 508 508 506 509 508 509 510 510 509 511 503 512 504 512 513 504 514 513 512 515 512 503 512 515 514 514 515 516 510 517 508 518 517 510 507 519 501 517 519 508 508 519 507 501 519 520 520 502 501 521 502 520 522 502 521 522 523 502 502 523 503 503 523 515 524 523 522 516 515 524 524 515 523 522 521 525 525 521 526 525 526 527 527 526 528 524 522 529 529 522 525 530 527 528 528 531 530 532 527 530 532 533 527 529 525 533 533 525 527 534 533 532 535 536 537 535 538 536 538 539 536 536 539 540 541 538 535 535 542 541 543 542 535 537 543 535 543 544 542 545 544 543 544 546 542 542 546 541 547 546 544 539 538 548 548 538 549 541 549 538 541 546 550 550 549 541 550 546 551 551 546 547 548 549 551 551 549 550 552 536 540 553 536 552 537 536 553 552 554 553 553 554 555 553 555 537 537 555 556 537 556 557 557 543 537 557 556 558 558 559 557 557 559 560 545 543 560 560 543 557 559 561 560 560 561 562 562 545 560 561 563 562 562 563 564 563 565 564 564 565 566 565 567 566 566 567 568 568 569 566 566 569 570 569 571 570 570 571 572 570 572 573 570 573 566 566 573 564 573 572 574 574 575 573 573 575 576 576 545 562 573 576 564 564 576 562 575 577 576 576 577 578 579 572 571 580 572 579 572 580 574 574 580 581 581 582 574 574 582 575 577 575 583 583 575 582 583 582 584 584 582 581 581 580 584 584 580 579 585 586 587 588 586 585 588 589 586 586 589 590 589 591 590 591 592 590 590 592 593 593 586 590 591 594 592 595 594 591 594 596 592 594 597 596 598 597 594 595 598 594 598 599 597 600 599 598 592 596 601 601 593 592 602 593 601 602 603 593 603 586 593 586 603 587 604 603 602 604 605 603 587 603 605 606 605 604 605 606 607 607 587 605 607 606 608 600 609 599 599 609 610 609 611 610 610 611 612 612 611 613 613 611 614 614 615 613 616 615 614 614 617 616 616 617 618 619 595 591 619 591 589 620 595 619 620 621 595 621 598 595 622 621 620 622 623 621 621 623 598 598 623 600 624 623 622 625 623 624 624 626 625 625 626 627 628 627 626 626 629 628 630 629 626 626 624 630 630 624 622 629 631 628 628 631 632 632 633 628 633 627 628 634 633 632 629 635 631 636 635 629 630 636 629 637 635 636 637 636 638 639 637 638 640 637 639 641 640 639 642 640 641 638 636 643 643 636 630 630 622 643 643 622 620 638 643 619 619 643 620 644 635 637 637 640 644 644 640 645 642 645 640 646 645 642 633 634 647 647 634 648 647 648 649 649 648 650 650 651 649 651 652 649 649 652 653 653 647 649 654 651 650 655 647 653 627 633 655 655 633 647 656 646 642 657 646 656 658 657 656 658 656 659 659 656 660 656 642 660 660 642 641 661 657 658 639 638 662 662 638 663 641 639 664 664 639 662 660 641 665 665 641 664 659 660 666 666 660 665 666 665 667 667 665 668 667 668 669 653 652 670 653 670 655 670 652 671 670 671 672 672 671 673 674 670 672 675 670 674 655 670 675 676 675 674 677 675 676 676 678 677 672 673 679 679 673 680 674 672 681 681 672 679 676 674 682 682 674 681 678 676 683 683 676 682 677 684 675 675 684 655 685 686 687 688 686 685 689 690 691 691 690 692 692 693 691 691 693 694 691 694 695 695 689 691 695 694 696 697 689 695 689 698 690 699 698 689 698 700 690 690 700 692 700 693 692 701 693 700 701 694 693 702 694 701 702 703 694 694 703 696 699 689 704 704 689 697 705 706 707 705 707 708 708 707 709 710 705 708 711 705 710 710 712 711 713 712 710 713 714 712 715 714 713 716 706 705 711 716 705 706 716 717 717 716 718 718 716 711 718 719 717 712 719 711 711 719 718 717 719 720 714 720 712 712 720 719 717 720 721 721 706 717 721 720 722 720 714 722 723 706 721 706 723 707 707 723 724 724 709 707 725 709 724 714 715 726 722 714 726 726 715 727 728 729 730 730 729 731 729 732 731 733 732 729 734 733 729 728 734 729 735 733 734 736 734 728 737 728 730 738 728 737 737 730 739 739 730 731 731 732 739 739 732 740 732 733 740 740 733 741 741 733 742 742 733 735 736 728 743 743 728 738 744 745 746 745 747 746 746 747 748 749 745 744 749 744 750 750 744 751 750 751 752 752 751 753 754 755 756 756 757 754 754 757 758 759 755 754 755 760 756 761 760 755 759 754 762 762 754 758 763 764 765 766 764 763 765 767 763 763 767 768 769 764 766 770 771 772 772 773 770 774 775 776 775 777 776</p>
				</triangles>
			</mesh>
		</geometry>
		<geometry id="mesh_2_LEye_id" name="mesh_2_LEye">
			<mesh>
				<source id="mesh_2_LEye_position_id" name="mesh_2_LEye_position">
					<float_array id="mesh_2_LEye_position_array_id" count="87">8.357752 31.656942 10.136813 4.013712 33.122227 12.045599 3.992105 31.656933 12.06884 2E-06 33.122227 12.585682 2E-06 31.656933 12.608815 8.323252 33.122234 10.09117 10.209459 31.65694 8.568453 10.190981 33.12223 8.517418 3.92856 34.58752 11.864973 2E-06 34.58752 12.394684 2E-06 36.052814 12.030567 3.843416 36.052814 11.512711 7.903673 36.05281 9.658041 8.1616 34.58752 9.956122 9.679918 36.05281 8.126548 9.990412 34.58752 8.377635 2E-06 30.191643 12.462998 3.970507 30.191643 11.924459 8.211428 30.191647 10.041345 10.078226 30.191647 8.50834 9.797068 28.826212 8.332229 7.975222 28.826212 9.81242 3.826159 28.82621 11.652679 2E-06 28.826212 12.189951 9.210772 37.418243 7.730654 7.502565 37.418243 9.18211 3.69031 36.968163 11.181049 1.7E-05 36.75327 11.775101 9.049746 37.789665 7.585305</float_array>
					<technique_common>
						<accessor source="#mesh_2_LEye_position_array_id" count="29" stride="3">
							<param name="X" type="float" />
							<param name="Y" type="float" />
							<param name="Z" type="float" />
						</accessor>
					</technique_common>
				</source>
				<source id="mesh_2_LEye_normal_id" name="mesh_2_LEye_normal">
					<float_array id="mesh_2_LEye_normal_array_id" count="87">0.518136 -0.038548 0.854429 0.274571 0.076876 0.958489 0.272245 -0.040572 0.961372 -0 0.076238 0.99709 -0 -0.04106 0.999157 0.522099 0.086382 0.848499 0.716921 -0.038568 0.696086 0.717365 0.084313 0.691577 0.279894 0.099567 0.954854 0.00063 0.161946 0.986799 0.004622 0.032954 0.999446 0.302179 -0.017272 0.953095 0.538239 0.156147 0.828201 0.522801 0.136089 0.841522 0.733508 0.187556 0.65329 0.712134 0.187135 0.676643 0 -0.153188 0.988197 0.267889 -0.160572 0.949975 0.510552 -0.163347 0.844188 0.705455 -0.173021 0.687312 0.686592 -0.299804 0.662352 0.494331 -0.286491 0.820707 0.255852 -0.290078 0.922168 0 -0.270405 0.962747 0.816383 0.026922 0.576884 0.615559 -0.229711 0.75387 0.312501 -0.304467 0.899802 0.008071 -0.332974 0.942901 0.856807 -0.205713 0.472826</float_array>
					<technique_common>
						<accessor source="#mesh_2_LEye_normal_array_id" count="29" stride="3">
							<param name="X" type="float" />
							<param name="Y" type="float" />
							<param name="Z" type="float" />
						</accessor>
					</technique_common>
				</source>
				<source id="mesh_2_LEye_uv0_id" name="mesh_2_LEye_uv0">
					<float_array id="mesh_2_LEye_uv0_array_id" count="58">1.188033 -0.82228804 1.085113 -0.851285 1.085129 -0.820318 0.999917 -0.850551 0.999917 -0.81980205 1.186833 -0.854319 1.241914 -0.823437 1.241343 -0.85716903 1.083657 -0.882488 0.999917 -0.88157797 0.999917 -0.91360795 1.082988 -0.91462195 1.179904 -0.91961396 1.183689 -0.88654006 1.232277 -0.92609406 1.237635 -0.89132905 0.999917 -0.788646 1.085959 -0.78896105 1.186953 -0.789919 1.240328 -0.789932 1.237049 -0.75869906 1.185365 -0.75869906 1.084864 -0.75869906 0.999917 -0.75869906 1.225169 -0.960008 1.174858 -0.952466 1.081036 -0.935879 0.999918 -0.929744 1.224527 -0.95991194</float_array>
					<technique_common>
						<accessor source="#mesh_2_LEye_uv0_array_id" count="29" stride="2">
							<param name="S" type="float" />
							<param name="T" type="float" />
						</accessor>
					</technique_common>
				</source>
				<vertices id="mesh_2_LEye_vertices_id">
					<input semantic="POSITION" source="#mesh_2_LEye_position_id" />
				</vertices>
				<triangles material="LEye" count="37">
					<input semantic="VERTEX" source="#mesh_2_LEye_vertices_id" offset="0" />
					<input semantic="NORMAL" source="#mesh_2_LEye_normal_id" offset="0" />
					<input semantic="TEXCOORD" source="#mesh_2_LEye_uv0_id" offset="0" set="0" />
					<p>0 1 2 1 3 2 2 3 4 5 1 0 6 5 0 7 5 6 1 8 3 3 8 9 8 10 9 11 10 8 8 12 11 13 12 8 5 13 1 1 13 8 13 14 12 15 14 13 7 15 5 5 15 13 4 16 2 2 16 17 0 2 18 18 2 17 6 0 19 19 0 18 18 20 19 21 20 18 17 21 18 22 21 17 16 22 17 23 22 16 14 24 12 12 24 25 25 11 12 11 26 10 26 11 25 10 26 27 25 24 28</p>
				</triangles>
			</mesh>
		</geometry>
		<geometry id="mesh_3_REye_id" name="mesh_3_REye">
			<mesh>
				<source id="mesh_3_REye_position_id" name="mesh_3_REye_position">
					<float_array id="mesh_3_REye_position_array_id" count="90">-8.161596 34.58752 9.956122 -3.928564 34.58752 11.864973 -7.903669 36.05281 9.658041 -9.679914 36.05281 8.126548 -9.990416 34.58752 8.377635 -3.843412 36.052814 11.512711 2E-06 36.052814 12.030567 2E-06 34.58752 12.394684 2E-06 33.122227 12.585682 -4.013708 33.122227 12.045599 -3.992109 31.656933 12.06884 2E-06 31.656933 12.608815 -8.357748 31.656942 10.136813 -8.323248 33.122234 10.09117 -10.209455 31.65694 8.568453 -10.190977 33.12223 8.517418 2E-06 30.191643 12.462998 -3.970503 30.191643 11.924459 -8.211424 30.191647 10.041345 -10.078222 30.191647 8.50834 -9.797064 28.826212 8.332229 -7.975218 28.826212 9.81242 -3.826155 28.82621 11.652679 2E-06 28.826212 12.189951 -3.713163 36.831493 11.230571 1.7E-05 36.75327 11.775101 -7.892874 36.954025 9.128267 -9.210768 37.418243 7.730654 -7.502569 37.418243 9.18211 -6.581427 37.165634 9.741108</float_array>
					<technique_common>
						<accessor source="#mesh_3_REye_position_array_id" count="30" stride="3">
							<param name="X" type="float" />
							<param name="Y" type="float" />
							<param name="Z" type="float" />
						</accessor>
					</technique_common>
				</source>
				<source id="mesh_3_REye_normal_id" name="mesh_3_REye_normal">
					<float_array id="mesh_3_REye_normal_array_id" count="90">-0.523504 0.132288 0.841691 -0.279162 0.096243 0.955409 -0.558462 0.14132 0.817404 -0.734605 0.254759 0.628851 -0.717564 0.180355 0.672736 -0.284075 -0.02919 0.958358 0.004622 0.032954 0.999446 0.00063 0.161946 0.986799 -0 0.076238 0.99709 -0.274421 0.076879 0.958532 -0.272289 -0.040628 0.961357 -0 -0.04106 0.999157 -0.518184 -0.038611 0.854397 -0.522099 0.086382 0.848499 -0.716497 -0.040428 0.696418 -0.718051 0.080726 0.691293 0 -0.153188 0.988197 -0.267928 -0.160675 0.949946 -0.510954 -0.163676 0.843881 -0.704552 -0.175833 0.687524 -0.689129 -0.301687 0.658852 -0.494189 -0.286927 0.82064 -0.255945 -0.290195 0.922106 0 -0.270405 0.962747 -0.286348 -0.294573 0.911719 0.008071 -0.332974 0.942901 -0.725762 0.098886 0.680801 -0.812498 0.168307 0.558139 -0.73216 -0.177741 0.657533 -0.513462 -0.314761 0.798299</float_array>
					<technique_common>
						<accessor source="#mesh_3_REye_normal_array_id" count="30" stride="3">
							<param name="X" type="float" />
							<param name="Y" type="float" />
							<param name="Z" type="float" />
						</accessor>
					</technique_common>
				</source>
				<source id="mesh_3_REye_uv0_id" name="mesh_3_REye_uv0">
					<float_array id="mesh_3_REye_uv0_array_id" count="60">0.816119 -0.886557 0.916163 -0.88249505 0.819908 -0.919634 0.76753 -0.926121 0.762167 -0.89135206 0.916835 -0.91463196 0.999917 -0.91360795 0.999917 -0.88157797 0.999917 -0.850551 0.914705 -0.85129094 0.914687 -0.82032204 0.999917 -0.81980205 0.811769 -0.822296 0.812972 -0.854332 0.75788 -0.82344997 0.758454 -0.85718703 0.999917 -0.788646 0.913857 -0.78896296 0.812846 -0.789924 0.759464 -0.789938 0.762743 -0.75869906 0.814432 -0.75869906 0.914953 -0.75869906 0.999917 -0.75869906 0.918497 -0.93271506 0.999918 -0.929744 0.815763 -0.942441 0.774643 -0.960039 0.824959 -0.95249 0.84802 -0.94500196</float_array>
					<technique_common>
						<accessor source="#mesh_3_REye_uv0_array_id" count="30" stride="2">
							<param name="S" type="float" />
							<param name="T" type="float" />
						</accessor>
					</technique_common>
				</source>
				<vertices id="mesh_3_REye_vertices_id">
					<input semantic="POSITION" source="#mesh_3_REye_position_id" />
				</vertices>
				<triangles material="REye" count="39">
					<input semantic="VERTEX" source="#mesh_3_REye_vertices_id" offset="0" />
					<input semantic="NORMAL" source="#mesh_3_REye_normal_id" offset="0" />
					<input semantic="TEXCOORD" source="#mesh_3_REye_uv0_id" offset="0" set="0" />
					<p>0 1 2 2 3 0 0 3 4 2 1 5 1 6 5 7 6 1 1 8 7 9 8 1 0 9 1 9 10 8 8 10 11 9 12 10 13 12 9 13 9 0 0 4 13 13 14 12 15 14 13 13 4 15 10 16 11 17 16 10 12 18 10 10 18 17 14 19 12 12 19 18 20 18 19 21 18 20 18 21 17 17 21 22 17 22 16 16 22 23 6 24 5 25 24 6 2 26 3 3 26 27 26 28 27 2 28 26 2 29 28 2 5 29 29 5 24</p>
				</triangles>
			</mesh>
		</geometry>
		<geometry id="mesh_4_Mouth_id" name="mesh_4_Mouth">
			<mesh>
				<source id="mesh_4_Mouth_position_id" name="mesh_4_Mouth_position">
					<float_array id="mesh_4_Mouth_position_array_id" count="105">2E-06 23.744839 8.823605 -2.902342 24.430283 9.368495 -2.682364 23.744839 8.510365 -2.158972 22.6956 6.843602 2E-06 22.6956 7.028436 -4.197241 22.695778 5.806365 -5.358679 23.744839 7.364156 2.158968 22.6956 6.843602 2.682367 23.744839 8.510365 4.197245 22.695778 5.806365 5.358683 23.744839 7.364156 -6.014593 24.430283 8.053241 -3.122328 25.115726 9.957286 2E-06 25.115725 10.428924 2E-06 24.430283 9.762159 -6.479101 25.115726 8.547424 2E-06 26.288248 11.261742 -3.402067 26.288252 10.715233 2E-06 27.460775 11.792605 -3.681807 27.460777 11.249636 2E-06 28.826212 12.189951 -3.826155 28.82621 11.652679 -7.049574 26.288252 9.121287 -7.545233 27.460777 9.534266 -7.975218 28.826212 9.81242 3.68181 27.460777 11.249636 3.826159 28.82621 11.652679 3.402063 26.288252 10.715233 2.902346 24.430283 9.368495 3.122324 25.115726 9.957286 6.014589 24.430283 8.053241 6.479105 25.115726 8.547424 7.049578 26.288252 9.121287 7.545237 27.460777 9.534266 7.975222 28.826212 9.81242</float_array>
					<technique_common>
						<accessor source="#mesh_4_Mouth_position_array_id" count="35" stride="3">
							<param name="X" type="float" />
							<param name="Y" type="float" />
							<param name="Z" type="float" />
						</accessor>
					</technique_common>
				</source>
				<source id="mesh_4_Mouth_normal_id" name="mesh_4_Mouth_normal">
					<float_array id="mesh_4_Mouth_normal_array_id" count="105">0.00011 -0.842334 0.538955 -0.174933 -0.767745 0.616413 -0.147176 -0.853431 0.499995 -0.113383 -0.919691 0.375916 0.000865 -0.913337 0.407203 -0.226939 -0.921768 0.314392 -0.292487 -0.852937 0.432378 0.115039 -0.919643 0.37553 0.14712 -0.852258 0.502009 0.227773 -0.921083 0.315794 0.291337 -0.849374 0.440097 -0.346181 -0.764541 0.543724 -0.201814 -0.655051 0.728134 -0 -0.639799 0.768542 0.000318 -0.766718 0.641984 -0.382269 -0.658916 0.647842 -0 -0.517694 0.855566 -0.221385 -0.543122 0.809943 -0 -0.386799 0.922164 -0.244167 -0.409353 0.879098 0 -0.270405 0.962747 -0.255945 -0.290195 0.922106 -0.428539 -0.541722 0.723113 -0.466332 -0.417984 0.779631 -0.494189 -0.286927 0.82064 0.244194 -0.409295 0.879117 0.255852 -0.290078 0.922168 0.22149 -0.542625 0.810247 0.17442 -0.768623 0.615465 0.201512 -0.654043 0.729123 0.342629 -0.760636 0.551397 0.383437 -0.656466 0.649637 0.428996 -0.541615 0.722921 0.465922 -0.418048 0.779841 0.494331 -0.286491 0.820707</float_array>
					<technique_common>
						<accessor source="#mesh_4_Mouth_normal_array_id" count="35" stride="3">
							<param name="X" type="float" />
							<param name="Y" type="float" />
							<param name="Z" type="float" />
						</accessor>
					</technique_common>
				</source>
				<source id="mesh_4_Mouth_uv0_id" name="mesh_4_Mouth_uv0">
					<float_array id="mesh_4_Mouth_uv0_array_id" count="70">0.999998 -1.8310189 0.917436 -1.855751 0.921935 -1.825722 0.932898 -1.771282 0.999997 -1.7710781 0.868693 -1.7550659 0.84173 -1.813725 1.067096 -1.77128 1.078061 -1.8257201 1.1313 -1.7550621 1.158265 -1.813721 0.825867 -1.844074 0.912732 -1.880949 0.999999 -1.886394 0.999998 -1.8617799 0.814308 -1.869915 0.999999 -1.922924 0.907594 -1.9193339 1 -1.955591 0.903037 -1.954345 1 -1.992188 0.903404 -1.992188 0.80034 -1.910563 0.789462 -1.949352 0.781892 -1.992188 1.096962 -1.9543419 1.096596 -1.9921851 1.092404 -1.919332 1.082561 -1.8557489 1.087265 -1.8809459 1.174129 -1.84407 1.185689 -1.86991 1.199658 -1.910558 1.210537 -1.9493461 1.218108 -1.9921811</float_array>
					<technique_common>
						<accessor source="#mesh_4_Mouth_uv0_array_id" count="35" stride="2">
							<param name="S" type="float" />
							<param name="T" type="float" />
						</accessor>
					</technique_common>
				</source>
				<vertices id="mesh_4_Mouth_vertices_id">
					<input semantic="POSITION" source="#mesh_4_Mouth_position_id" />
				</vertices>
				<triangles material="Mouth" count="48">
					<input semantic="VERTEX" source="#mesh_4_Mouth_vertices_id" offset="0" />
					<input semantic="NORMAL" source="#mesh_4_Mouth_normal_id" offset="0" />
					<input semantic="TEXCOORD" source="#mesh_4_Mouth_uv0_id" offset="0" set="0" />
					<p>0 1 2 2 3 0 0 3 4 3 2 5 5 2 6 1 6 2 7 0 4 8 0 7 9 8 7 10 8 9 11 6 1 12 11 1 12 1 13 13 1 14 14 1 0 15 11 12 16 12 13 17 12 16 17 15 12 18 17 16 19 17 18 20 19 18 21 19 20 19 22 17 22 15 17 23 22 19 21 23 19 24 23 21 18 25 20 20 25 26 16 27 18 18 27 25 28 13 14 14 0 28 28 0 8 10 28 8 29 13 28 13 29 16 16 29 27 30 29 28 30 28 10 31 29 30 31 27 29 27 32 25 32 27 31 25 32 33 25 33 26 26 33 34</p>
				</triangles>
			</mesh>
		</geometry>
		<geometry id="mesh_5_LIris_id" name="mesh_5_LIris">
			<mesh>
				<source id="mesh_5_LIris_position_id" name="mesh_5_LIris_position">
					<float_array id="mesh_5_LIris_position_array_id" count="87">8.464111 31.649977 10.306045 4.068883 33.13724 12.237251 4.046445 31.648964 12.261152 2E-06 33.136623 12.785164 2E-06 31.64849 12.808637 8.429943 33.13945 10.259458 10.337992 31.65076 8.721559 10.319836 33.140823 8.669244 3.982502 34.624874 12.053904 2E-06 34.62447 12.59124 7E-06 36.111935 12.22163 3.896865 36.11433 11.695354 8.00563 36.11828 9.81716 8.266846 34.626957 10.121556 9.802841 36.119446 8.269551 10.11788 34.6282 8.526285 2E-06 30.16153 12.660718 4.024948 30.160645 12.114395 8.315233 30.159172 10.209184 10.203884 30.159122 8.660499 9.920247 28.780512 8.483021 8.076456 28.781145 9.978914 3.878886 28.783924 11.840912 2E-06 28.785707 12.385807 9.326409 37.509094 7.866204 7.602227 37.50009 9.334978 3.742746 37.0429 11.358994 0.00033 36.823643 11.962309 9.16182 37.88987 7.717206</float_array>
					<technique_common>
						<accessor source="#mesh_5_LIris_position_array_id" count="29" stride="3">
							<param name="X" type="float" />
							<param name="Y" type="float" />
							<param name="Z" type="float" />
						</accessor>
					</technique_common>
				</source>
				<source id="mesh_5_LIris_normal_id" name="mesh_5_LIris_normal">
					<float_array id="mesh_5_LIris_normal_array_id" count="87">0.529475 -0.035032 0.847602 0.274107 0.07545 0.958735 0.273088 -0.040005 0.961157 0 0.072375 0.997378 0 -0.042383 0.999101 0.531606 0.08632 0.842582 0.642008 -0.032186 0.766022 0.64367 0.09335 0.759589 0.271091 0.187828 0.94405 1E-06 0.185683 0.98261 3.3E-05 0.296873 0.954917 0.264374 0.308955 0.913594 0.508674 0.329327 0.795484 0.526015 0.198232 0.827051 0.613451 0.335651 0.714854 0.636597 0.204907 0.743477 0 -0.151107 0.988517 0.269704 -0.155492 0.950306 0.518475 -0.163034 0.839407 0.627336 -0.1649 0.761089 0.615382 -0.228219 0.754467 0.509888 -0.225214 0.830236 0.267376 -0.211428 0.940111 0 -0.202285 0.979327 0.577089 0.455664 0.677745 0.517392 0.436781 0.735886 0.259509 0.37292 0.890835 6.4E-05 0.35159 0.936154 0.559923 0.500421 0.660353</float_array>
					<technique_common>
						<accessor source="#mesh_5_LIris_normal_array_id" count="29" stride="3">
							<param name="X" type="float" />
							<param name="Y" type="float" />
							<param name="Z" type="float" />
						</accessor>
					</technique_common>
				</source>
				<source id="mesh_5_LIris_uv0_id" name="mesh_5_LIris_uv0">
					<float_array id="mesh_5_LIris_uv0_array_id" count="58">1.188033 -0.82228804 1.085113 -0.851285 1.085129 -0.820318 0.999917 -0.850551 0.999917 -0.81980205 1.186833 -0.854319 1.241914 -0.823437 1.241343 -0.85716903 1.083657 -0.882488 0.999917 -0.88157797 0.999917 -0.91360795 1.082988 -0.91462195 1.179904 -0.91961396 1.183689 -0.88654006 1.232277 -0.92609406 1.237635 -0.89132905 0.999917 -0.788646 1.085959 -0.78896105 1.186953 -0.789919 1.240328 -0.789932 1.237049 -0.75869906 1.185365 -0.75869906 1.084864 -0.75869906 0.999917 -0.75869906 1.225169 -0.960008 1.174858 -0.952466 1.081036 -0.935879 0.999918 -0.929744 1.224527 -0.95991194</float_array>
					<technique_common>
						<accessor source="#mesh_5_LIris_uv0_array_id" count="29" stride="2">
							<param name="S" type="float" />
							<param name="T" type="float" />
						</accessor>
					</technique_common>
				</source>
				<vertices id="mesh_5_LIris_vertices_id">
					<input semantic="POSITION" source="#mesh_5_LIris_position_id" />
				</vertices>
				<triangles material="LIris" count="37">
					<input semantic="VERTEX" source="#mesh_5_LIris_vertices_id" offset="0" />
					<input semantic="NORMAL" source="#mesh_5_LIris_normal_id" offset="0" />
					<input semantic="TEXCOORD" source="#mesh_5_LIris_uv0_id" offset="0" set="0" />
					<p>0 1 2 1 3 2 2 3 4 5 1 0 6 5 0 7 5 6 1 8 3 3 8 9 8 10 9 11 10 8 8 12 11 13 12 8 5 13 1 1 13 8 13 14 12 15 14 13 7 15 5 5 15 13 4 16 2 2 16 17 0 2 18 18 2 17 6 0 19 19 0 18 18 20 19 21 20 18 17 21 18 22 21 17 16 22 17 23 22 16 14 24 12 12 24 25 25 11 12 11 26 10 26 11 25 10 26 27 25 24 28</p>
				</triangles>
			</mesh>
		</geometry>
		<geometry id="mesh_6_RIris_id" name="mesh_6_RIris">
			<mesh>
				<source id="mesh_6_RIris_position_id" name="mesh_6_RIris_position">
					<float_array id="mesh_6_RIris_position_array_id" count="93">-8.266842 34.626957 10.121556 -3.982505 34.624874 12.053904 -8.005717 36.11843 9.817038 -9.80295 36.119293 8.269523 -10.117884 34.6282 8.526286 -3.896812 36.114025 11.695471 7E-06 36.111935 12.22163 2E-06 34.62447 12.59124 2E-06 33.136623 12.785164 -4.068879 33.13724 12.237251 -4.046449 31.648964 12.261152 2E-06 31.64849 12.808637 -8.464108 31.649977 10.306045 -8.429939 33.139446 10.259458 -10.337988 31.65076 8.721559 -10.319832 33.140823 8.669244 2E-06 30.16153 12.660718 -4.024944 30.160645 12.114395 -8.315229 30.159172 10.209184 -10.20388 30.159122 8.660499 -9.920242 28.780512 8.48302 -8.076452 28.781145 9.978914 -3.878882 28.783924 11.840912 2E-06 28.785707 12.385807 -3.765181 36.905575 11.408913 0.00033 36.823643 11.962309 -8.011046 37.03657 9.266909 -9.326451 37.50905 7.866198 -7.603615 37.502533 9.332726 -9.046002 38.157005 7.612669 -6.658983 37.24375 9.908091</float_array>
					<technique_common>
						<accessor source="#mesh_6_RIris_position_array_id" count="31" stride="3">
							<param name="X" type="float" />
							<param name="Y" type="float" />
							<param name="Z" type="float" />
						</accessor>
					</technique_common>
				</source>
				<source id="mesh_6_RIris_normal_id" name="mesh_6_RIris_normal">
					<float_array id="mesh_6_RIris_normal_array_id" count="93">-0.526016 0.198232 0.82705 -0.271091 0.187828 0.94405 -0.503985 0.355741 0.78705 -0.614261 0.334605 0.714649 -0.636596 0.204904 0.743478 -0.264115 0.307168 0.914271 3.3E-05 0.296873 0.954917 1E-06 0.185683 0.98261 0 0.072375 0.997378 -0.274107 0.07545 0.958735 -0.273088 -0.040005 0.961157 0 -0.042383 0.999101 -0.529474 -0.035032 0.847602 -0.531606 0.086319 0.842582 -0.642008 -0.032186 0.766022 -0.643669 0.093349 0.759589 0 -0.151107 0.988517 -0.269704 -0.155493 0.950306 -0.518475 -0.163034 0.839407 -0.627336 -0.164901 0.761089 -0.615382 -0.228219 0.754467 -0.509888 -0.225214 0.830236 -0.267376 -0.211428 0.940111 0 -0.202285 0.979327 -0.259059 0.369423 0.892421 6.4E-05 0.35159 0.936154 -0.589617 0.412755 0.694252 -0.581596 0.442134 0.682835 -0.535061 0.436284 0.72344 -0.560004 0.500663 0.6601 -0.389531 0.393369 0.832783</float_array>
					<technique_common>
						<accessor source="#mesh_6_RIris_normal_array_id" count="31" stride="3">
							<param name="X" type="float" />
							<param name="Y" type="float" />
							<param name="Z" type="float" />
						</accessor>
					</technique_common>
				</source>
				<source id="mesh_6_RIris_uv0_id" name="mesh_6_RIris_uv0">
					<float_array id="mesh_6_RIris_uv0_array_id" count="62">0.816119 -0.886557 0.916163 -0.88249505 0.819908 -0.919634 0.76753 -0.926121 0.762167 -0.89135206 0.916835 -0.91463196 0.999917 -0.91360795 0.999917 -0.88157797 0.999917 -0.850551 0.914705 -0.85129094 0.914687 -0.82032204 0.999917 -0.81980205 0.811769 -0.822296 0.812972 -0.85433304 0.75788 -0.82344997 0.758454 -0.85718703 0.999917 -0.788646 0.913857 -0.78896296 0.812846 -0.789924 0.759464 -0.789938 0.762743 -0.75869906 0.814432 -0.75869906 0.914953 -0.75869906 0.999917 -0.75869906 0.918497 -0.93271506 0.999918 -0.929744 0.815764 -0.942441 0.774643 -0.960039 0.824959 -0.95249 0.775746 -0.95987296 0.84802 -0.94500196</float_array>
					<technique_common>
						<accessor source="#mesh_6_RIris_uv0_array_id" count="31" stride="2">
							<param name="S" type="float" />
							<param name="T" type="float" />
						</accessor>
					</technique_common>
				</source>
				<vertices id="mesh_6_RIris_vertices_id">
					<input semantic="POSITION" source="#mesh_6_RIris_position_id" />
				</vertices>
				<triangles material="RIris" count="40">
					<input semantic="VERTEX" source="#mesh_6_RIris_vertices_id" offset="0" />
					<input semantic="NORMAL" source="#mesh_6_RIris_normal_id" offset="0" />
					<input semantic="TEXCOORD" source="#mesh_6_RIris_uv0_id" offset="0" set="0" />
					<p>0 1 2 2 3 0 0 3 4 2 1 5 1 6 5 7 6 1 1 8 7 9 8 1 0 9 1 9 10 8 8 10 11 9 12 10 13 12 9 13 9 0 0 4 13 13 14 12 15 14 13 13 4 15 10 16 11 17 16 10 12 18 10 10 18 17 14 19 12 12 19 18 20 18 19 21 18 20 18 21 17 17 21 22 17 22 16 16 22 23 6 24 5 25 24 6 2 26 3 3 26 27 26 28 27 2 28 26 28 29 27 2 30 28 2 5 30 30 5 24</p>
				</triangles>
			</mesh>
		</geometry>
		<geometry id="mesh_7_Body01_id" name="mesh_7_Body01">
			<mesh>
				<source id="mesh_7_Body01_position_id" name="mesh_7_Body01_position">
					<float_array id="mesh_7_Body01_position_array_id" count="4485">9.107706 25.115726 -4.759266 11.38917 27.46078 -3.004189 9.880404 25.115726 -2.308302 10.248209 27.46078 -5.567598 7.807985 23.849785 -3.937303 5.784578 23.849787 -6.327194 4.556353 22.88037 -4.936965 2.822016 23.849787 -7.907322 2.280993 22.880367 -6.381886 2E-06 23.849787 -8.132084 2E-06 22.880367 -6.61016 6.154062 22.88037 -2.929829 8.512438 23.849787 -1.674834 6.537134 22.784254 -1.14353 6.920198 22.779089 0.64277 9.031351 23.849787 0.637913 5.029848 22.07228 0.685902 4.757982 22.07228 -0.616141 3.814486 21.912188 -0.311042 3.772387 21.890003 0.690019 2.514925 21.707726 0.694135 2.907907 21.773485 -1.010991 1.638376 21.707726 -1.653742 3.276758 22.07228 -3.626662 4.486124 22.07228 -1.918185 1.086748 21.773487 -2.955033 1.658503 22.072279 -4.518415 2E-06 21.707726 -2.236397 2E-06 21.603682 0.61887 2E-06 25.115726 -9.50845 3.271112 25.115726 -9.316414 2E-06 27.460777 -11.03301 3.720163 27.460777 -10.68803 2E-06 22.072279 -4.709163 6.827402 25.115726 -7.499291 9.107706 25.115726 -4.759266 10.248209 27.46078 -5.567598 7.544939 27.460777 -8.707714 11.063677 30.191647 -6.008823 8.144411 30.191645 -9.487455 4.024118 30.191645 -11.535267 11.17103 33.122227 -6.13865 12.222589 33.122227 -3.74304 12.210543 30.191647 -3.649428 8.218355 33.122227 -9.707296 4.075983 33.122227 -11.832735 2E-06 33.122227 -12.130684 2E-06 30.191643 -11.902359 10.516459 36.05281 -5.810771 7.696756 36.05281 -9.140684 3.902735 36.05281 -11.202991 11.66942 36.05281 -3.332611 6.966028 38.783676 -8.205143 9.391436 38.783676 -5.118824 3.467012 38.783676 -10.062149 2E-06 36.05281 -11.487316 2E-06 38.783676 -10.385706 11.38917 27.46078 -3.004189 10.761347 38.428646 -2.582734 11.491808 36.89793 -2.396219 11.152201 38.06826 -2.021273 12.010675 35.72921 -2.215425 11.766581 36.68905 -1.9332 11.482553 37.606133 -1.465693 12.478594 32.70386 -2.634745 12.451464 29.964907 -2.434237 11.959612 28.652506 -2.67668 12.08066 28.356827 -1.998083 11.536402 27.237835 -2.342029 10.886759 26.106117 -1.7649 9.880404 25.115726 -2.308302 11.268732 26.028189 -0.70337 10.541269 25.115726 0.628811 9.031351 23.849787 0.637913 12.028818 26.977165 0.77334 11.571985 26.265198 -0.704132 11.709856 26.975178 -1.561929 10.965715 26.28821 3.071229 9.329599 25.115728 5.505975 10.135088 25.128683 2.879006 11.231401 26.276815 1.734229 10.541269 25.115726 0.628811 11.885866 27.347248 1.87317 11.732729 27.461899 3.232063 12.541231 28.727901 2.191211 12.66363 28.357819 1.072575 12.028818 26.977165 0.77334 12.253862 28.82677 3.37166 12.882463 29.96506 2.375056 12.595095 30.191643 3.48311 12.988085 31.5951 2.509613 13.205233 31.40649 1.574159 13.068201 29.738476 1.371809 12.720583 31.65693 3.540249 12.968775 32.913044 2.583168 12.701265 33.122223 3.504085 12.699854 34.537 2.450599 12.79143 34.54093 1.489195 13.134645 32.70386 1.604267 12.440439 34.587517 3.323218 12.031038 36.052807 3.147197 12.284838 36.010654 2.215794 10.067736 26.288252 5.969534 8.778315 26.288252 7.795493 9.354837 27.460777 8.113608 10.725122 27.46078 6.246436 9.797068 28.826212 8.332229 11.179598 28.826212 6.504852 8.0478 25.115726 7.205275 7.049578 26.288252 9.121287 6.479105 25.115726 8.547424 7.379709 24.372007 6.611546 6.014589 24.430283 8.053241 5.358683 23.744839 7.364156 7.974115 23.849787 4.852153 6.093294 22.726875 3.929138 6.874514 22.752192 2.04249 8.738237 23.849787 2.491666 9.031351 23.849787 0.637913 6.920198 22.779089 0.64277 4.197245 22.695778 5.806365 11.370401 37.41824 2.845743 11.634935 37.38356 1.828968 12.448221 36.023624 1.374123 11.610102 37.501 0.621094 10.479654 37.418243 5.949767 11.016848 36.05281 6.265625 11.379915 34.58752 6.469718 12.701265 33.122223 3.504085 11.619394 33.12223 6.614236 4.436029 22.07228 2.957787 4.838076 22.07228 1.546213 3.848436 21.912188 1.400077 2.929613 21.773487 1.98814 2.514925 21.707726 0.694135 3.772387 21.890003 0.690019 10.135088 25.128683 2.879006 9.329599 25.115728 5.505975 2.98353 22.07228 4.271134 1.598162 21.707727 2.569277 1.04143 21.773489 3.765629 1.563097 22.07228 5.221041 2E-06 21.603682 0.61887 2E-06 22.07228 5.291722 2E-06 21.707727 3.111801 12.720583 31.65693 3.540249 11.621851 31.656937 6.670662 12.595095 30.191643 3.48311 11.505701 30.191647 6.646016 11.179598 28.826212 6.504852 5.029848 22.07228 0.685902 2E-06 22.6956 7.028436 2.158968 22.6956 6.843602 4.197245 22.695778 5.806365 10.078226 30.191647 8.50834 9.797068 28.826212 8.332229 10.209459 31.65694 8.568453 10.190981 33.12223 8.517418 9.990412 34.58752 8.377635 11.016848 36.05281 6.265625 11.379915 34.58752 6.469718 9.679918 36.05281 8.126548 10.479654 37.418243 5.949767 9.210772 37.418243 7.730654 7.975222 28.826212 9.81242 9.354837 27.460777 8.113608 7.545237 27.460777 9.534266 8.778315 26.288252 7.795493 7.049578 26.288252 9.121287 -11.389166 27.46078 -3.004189 -9.107702 25.115726 -4.759266 -9.8804 25.115726 -2.308302 -10.248213 27.46078 -5.567598 -7.807989 23.849785 -3.937303 -5.784575 23.849787 -6.327194 -4.556349 22.88037 -4.936965 -2.82202 23.849787 -7.907322 -2.280996 22.880367 -6.381886 2E-06 23.849787 -8.132084 2E-06 22.880367 -6.61016 -6.154066 22.88037 -2.929829 -8.512434 23.849787 -1.674834 -6.53713 22.784254 -1.14353 -6.920195 22.779089 0.64277 -9.031347 23.849787 0.637913 -5.029852 22.07228 0.685902 -4.757986 22.07228 -0.616141 -3.814482 21.912188 -0.311042 -3.77239 21.890003 0.690019 -2.514929 21.707726 0.694135 -2.907911 21.773485 -1.010991 -1.63838 21.707726 -1.653742 -3.276754 22.07228 -3.626662 -4.48612 22.07228 -1.918185 -1.086752 21.773487 -2.955033 -1.658499 22.072279 -4.518415 2E-06 21.707726 -2.236397 2E-06 21.603682 0.61887 2E-06 25.115726 -9.50845 -3.271109 25.115726 -9.316414 2E-06 27.460777 -11.03301 -3.720167 27.460777 -10.68803 2E-06 22.072279 -4.709163 -6.827398 25.115726 -7.499291 -9.107702 25.115726 -4.759266 -10.248213 27.46078 -5.567598 -7.544935 27.460777 -8.707714 -11.063681 30.191647 -6.008823 -8.144407 30.191645 -9.487455 -4.024115 30.191645 -11.535267 -11.171026 33.122227 -6.13865 -12.222586 33.122227 -3.74304 -12.210546 30.191647 -3.649428 -8.218351 33.122227 -9.707296 -4.075979 33.122227 -11.832735 2E-06 33.122227 -12.130684 2E-06 30.191643 -11.902359 -10.516455 36.05281 -5.810771 -7.696753 36.05281 -9.140684 -3.902731 36.05281 -11.202991 -11.669416 36.05281 -3.332611 -6.966024 38.783676 -8.205143 -9.391432 38.783676 -5.118824 -3.467009 38.783676 -10.062149 2E-06 36.05281 -11.487316 2E-06 38.783676 -10.385706 -11.389166 27.46078 -3.004189 -10.761343 38.428646 -2.582734 -11.491804 36.89793 -2.396219 -11.152197 38.06826 -2.021273 -12.010672 35.72921 -2.215425 -11.766577 36.68905 -1.9332 -11.48255 37.606133 -1.465693 -12.47859 32.70386 -2.634745 -12.451468 29.964907 -2.434237 -11.959608 28.652506 -2.67668 -12.080664 28.356827 -1.998083 -11.536398 27.237835 -2.342029 -10.886763 26.10612 -1.7649 -9.8804 25.115726 -2.308302 -11.268736 26.028189 -0.70337 -10.541265 25.115726 0.628811 -9.031347 23.849787 0.637913 -12.028814 26.977165 0.77334 -11.571989 26.265198 -0.704132 -11.70986 26.975178 -1.561929 -9.329596 25.115728 5.505975 -10.965712 26.28821 3.071229 -10.135084 25.128683 2.879006 -11.231398 26.276815 1.734229 -10.541265 25.115726 0.628811 -11.885862 27.347248 1.87317 -11.732725 27.461899 3.232063 -12.541235 28.727901 2.191211 -12.663626 28.357819 1.072575 -12.028814 26.977165 0.77334 -12.253859 28.82677 3.37166 -12.882467 29.96506 2.375056 -12.595091 30.191643 3.48311 -12.988081 31.5951 2.509613 -13.205236 31.40649 1.574159 -13.068197 29.738476 1.371809 -12.720579 31.65693 3.540249 -12.968771 32.913044 2.583168 -12.701269 33.122223 3.504085 -12.69985 34.537 2.450599 -12.791433 34.54093 1.489195 -13.134642 32.70386 1.604267 -12.440443 34.587517 3.323218 -12.031034 36.052807 3.147197 -12.284834 36.010654 2.215794 -10.067739 26.288252 5.969534 -8.778311 26.288252 7.795493 -8.047796 25.115726 7.205275 -7.379705 24.372007 6.611546 -7.974119 23.849787 4.852153 -9.354834 27.460777 8.113608 -10.725119 27.46078 6.246436 -9.797064 28.826212 8.332229 -11.179594 28.826212 6.504852 -6.479101 25.115726 8.547424 -6.014593 24.430283 8.053241 -7.049574 26.288252 9.121287 -11.370398 37.41824 2.845743 -11.634932 37.38356 1.828968 -12.448217 36.023624 1.374123 -11.610106 37.501 0.621094 -10.47965 37.418243 5.949767 -11.016844 36.05281 6.265625 -11.505697 30.191647 6.646016 -11.621847 31.656937 6.670662 -12.595091 30.191643 3.48311 -11.379911 34.58752 6.469718 -11.619398 33.12223 6.614236 -7.975218 28.826212 9.81242 -7.545233 27.460777 9.534266 -5.358679 23.744839 7.364156 -6.093298 22.726875 3.929138 -6.874517 22.752192 2.04249 -8.738241 23.849787 2.491666 -9.031347 23.849787 0.637913 -6.920195 22.779089 0.64277 -4.197241 22.695778 5.806365 -4.436033 22.07228 2.957787 -4.838079 22.07228 1.546213 -3.84844 21.912188 1.400077 -2.929609 21.773487 1.98814 -2.514929 21.707726 0.694135 -3.77239 21.890003 0.690019 -2.983526 22.07228 4.271134 -1.598166 21.707727 2.569277 -1.041433 21.773489 3.765629 -1.563101 22.07228 5.221041 2E-06 21.603682 0.61887 2E-06 22.07228 5.291722 2E-06 21.707727 3.111801 -5.029852 22.07228 0.685902 -10.135084 25.128683 2.879006 -7.974119 23.849787 4.852153 -10.541265 25.115726 0.628811 2E-06 22.6956 7.028436 -2.158972 22.6956 6.843602 -10.190977 33.12223 8.517418 -9.990416 34.58752 8.377635 -11.016844 36.05281 6.265625 -11.379911 34.58752 6.469718 -9.679914 36.05281 8.126548 -10.47965 37.418243 5.949767 -9.210768 37.418243 7.730654 -11.619398 33.12223 6.614236 -11.621847 31.656937 6.670662 -10.209455 31.65694 8.568453 -11.505697 30.191647 6.646016 -10.078222 30.191647 8.50834 -11.179594 28.826212 6.504852 -9.797064 28.826212 8.332229 -1.227285 58.963226 -6.366776 -2.597898 57.132828 -6.468259 -1.743689 58.137634 -5.876603 -2.550337 57.218914 -5.651692 -2.103216 57.276978 -4.908616 -1.585905 58.113983 -5.219648 -1.556417 57.94019 -7.154263 -2.293516 57.024693 -7.358057 -1.561316 56.892357 -8.116867 -1.096914 57.81094 -7.678823 -0.600393 56.82235 -8.302166 -0.395956 57.685585 -7.725772 0.372934 56.730183 -8.077322 0.415689 58.472233 -7.209814 0.896395 57.589848 -6.986106 1.056437 56.751213 -7.33945 1.320475 56.819313 -6.574347 1.141809 57.59246 -6.412233 1.15703 56.88304 -5.726609 0.996111 57.650097 -5.875595 0.963144 58.36561 -6.250119 0.664682 59.41237 -6.506196 -0.025984 59.260952 -6.660512 -0.533316 58.65121 -7.226379 0.829256 59.057175 -6.185378 0.694757 58.472706 -5.507331 0.811449 59.416428 -5.733056 0.351183 59.21141 -5.449787 0.928148 60.36015 -5.958781 0.052469 58.630714 -5.085991 0.86622 57.02642 -5.10578 0.252092 57.874973 -4.903967 0.243357 57.114822 -4.550472 -0.305906 57.982037 -4.667735 -0.495214 58.788986 -5.093283 -0.927458 58.05308 -4.755916 -0.503462 57.25084 -4.304926 -1.356398 57.27905 -4.405561 -1.585905 58.113983 -5.219648 -2.103216 57.276978 -4.908616 1.313036 56.017 -4.759473 1.779825 55.942753 -5.491012 2.377192 55.245712 -4.204807 3.031878 55.08259 -5.054347 3.875231 54.33349 -3.410417 4.736391 54.08547 -4.404652 5.939417 53.227856 -2.170883 6.941187 52.693474 -3.262368 7.8016 52.34554 -0.136709 9.078676 51.56507 -1.133463 9.079622 51.63296 1.781849 10.483416 50.582867 0.64312 10.238848 50.407074 4.370305 11.563334 49.13608 3.303982 10.796183 48.70987 6.770178 12.157511 47.15359 5.810615 10.676577 46.575253 9.077821 11.903994 44.985226 7.994339 9.459551 44.40274 11.033806 10.711245 42.7771 10.156574 8.410425 40.849564 11.759047 7.566149 42.53427 12.750071 6.367907 39.726364 12.59274 5.631769 41.421776 13.572205 12.941584 45.383568 4.539482 12.589746 43.398705 6.665719 12.497759 42.74095 2.61132 12.280924 41.049393 4.491032 10.891504 39.666786 2.673953 11.07255 40.84608 1.080669 8.764406 49.489334 7.6506 8.859529 47.606686 9.859367 6.986391 49.563747 8.16908 6.927103 47.97293 10.125113 5.331087 48.980858 8.18413 5.254023 47.78957 9.964527 4.686777 47.3726 9.57129 4.559649 48.064484 7.859878 4.19076 48.766865 6.229122 4.989077 50.051285 6.165369 4.151834 50.780327 3.937391 2.943361 49.797253 2.960549 10.790796 42.202827 -0.593258 9.854311 40.264385 0.621549 8.80736 40.912575 -0.940883 12.186785 44.615097 0.423345 6.617189 50.824257 5.882353 8.248034 51.00887 5.18122 10.238848 50.407074 4.370305 12.484072 47.30883 1.978146 12.157511 47.15359 5.810615 11.563334 49.13608 3.303982 8.338343 41.728138 -2.338525 10.145128 43.652332 -2.594136 11.420145 46.37009 -1.74758 8.944483 45.35478 -4.421744 9.876947 47.912346 -3.673314 7.083704 47.04348 -6.469994 5.488268 44.771828 -6.176366 2.499514 47.18974 -8.002623 4.222506 49.20964 -8.13357 0.581156 50.110424 -9.091446 2.125704 51.410362 -8.873564 -0.561552 54.026325 -8.949381 -1.095999 49.532604 -8.271591 -1.945539 53.890812 -8.498238 -2.445303 49.597267 -6.538757 -2.844236 54.050648 -7.330646 -2.854612 50.349907 -4.678333 -0.852224 45.729645 -4.873485 -1.348547 46.71737 -2.450531 0.629702 44.21676 -3.389399 0.113054 45.22584 -0.902636 -0.934645 49.23838 -1.196069 -0.450094 46.88132 -1.164796 0.013376 48.571526 -0.29832 0.792269 49.110477 0.338181 -0.224615 51.363846 -0.775552 -2.690519 51.296436 -3.520952 -1.834738 52.783962 -2.585597 -3.018209 54.655132 -4.920517 -2.35626 55.08886 -4.061948 -3.199697 54.29341 -6.224548 0.823709 54.360233 -8.774359 3.055475 52.860027 -7.716659 1.688349 54.906208 -7.761161 3.483324 54.445995 -6.171134 2.106493 55.661137 -6.598712 3.031878 55.08259 -5.054347 1.779825 55.942753 -5.491012 -2.597898 57.132828 -6.468259 -2.550337 57.218914 -5.651692 1.320475 56.819313 -6.574347 1.056437 56.751213 -7.33945 0.372934 56.730183 -8.077322 -0.600393 56.82235 -8.302166 -1.561316 56.892357 -8.116867 -0.561552 54.026325 -8.949381 -2.293516 57.024693 -7.358057 -2.103216 57.276978 -4.908616 4.736391 54.08547 -4.404652 5.258615 53.261574 -5.716813 6.941187 52.693474 -3.262368 7.691912 51.75677 -4.435351 5.085016 51.317238 -7.212314 2.125704 51.410362 -8.873564 4.222506 49.20964 -8.13357 7.764116 49.4953 -5.713763 7.083704 47.04348 -6.469994 9.876947 47.912346 -3.673314 9.078676 51.56507 -1.133463 9.817041 50.259518 -2.310215 10.483416 50.582867 0.64312 11.360521 48.971645 -0.584536 11.563334 49.13608 3.303982 12.484072 47.30883 1.978146 11.420145 46.37009 -1.74758 4.151834 50.780327 3.937391 4.76343 52.409657 1.6981 3.236254 51.350647 2.111035 3.296824 52.93154 -0.215809 1.977869 51.939896 0.326228 1.824091 53.64596 -1.549489 0.722429 52.65367 -0.963652 -0.530706 53.939056 -2.394997 0.516558 54.765614 -2.693401 -0.3552 55.77437 -3.615197 -1.361647 55.455254 -3.673639 -2.35626 55.08886 -4.061948 -1.834738 52.783962 -2.585597 0.716074 55.999893 -4.054603 1.534044 55.208923 -3.3969 1.313036 56.017 -4.759473 2.377192 55.245712 -4.204807 -1.356398 57.27905 -4.405561 -0.503462 57.25084 -4.304926 0.243357 57.114822 -4.550472 0.86622 57.02642 -5.10578 -2.103216 57.276978 -4.908616 2.932253 54.194504 -2.438441 3.875231 54.33349 -3.410417 4.702181 53.28486 -1.119437 5.939417 53.227856 -2.170883 6.364794 52.589657 0.782459 7.8016 52.34554 -0.136709 7.338091 51.97066 2.754567 9.079622 51.63296 1.781849 8.248034 51.00887 5.18122 10.238848 50.407074 4.370305 1.138018 50.63971 0.493253 -0.224615 51.363846 -0.775552 2.392832 49.807453 2.136018 3.236254 51.350647 2.111035 5.842752 51.814384 3.556466 6.617189 50.824257 5.882353 4.151834 50.780327 3.937391 4.76343 52.409657 1.6981 2.943361 49.797253 2.960549 -24.109015 34.480724 -0.72868 -23.799582 34.461346 -1.683658 -23.45156 31.08265 -0.72868 -23.168623 31.186073 -1.683658 -22.44419 31.48249 -2.393308 -22.838324 34.49318 -2.414336 -21.206175 32.0709 -3.051515 -21.67079 34.458344 -3.052125 -20.238203 34.40621 -3.491954 -19.948866 32.300243 -3.491826 -19.490858 30.911442 -3.492646 -20.382368 29.625704 -3.05116 -18.345228 29.719564 -3.501324 -18.82189 27.898306 -2.937158 -16.841871 29.238405 -3.493031 -16.949888 27.110775 -2.996271 -15.174124 27.36053 -2.925656 -15.259024 29.310436 -3.443247 -19.2255 26.463774 -2.393057 -17.102606 25.632154 -2.392955 -21.748953 36.98791 -3.05259 -22.940413 37.24838 -2.406456 -21.470846 38.823383 -3.052943 -20.225195 37.48382 -3.493264 -19.930395 38.681133 -3.417541 -20.77062 40.40781 -3.053039 -20.320189 36.5388 -3.492716 -22.48303 39.746544 -2.393952 -21.406164 41.962368 -2.393857 -21.16236 28.60463 -2.398172 -15.084852 25.882835 -2.378826 -13.006857 26.488384 -2.11847 -13.005468 28.499226 -2.649233 -23.127218 40.371544 -1.683659 -21.939718 42.96118 -1.683658 -12.945845 25.570557 -1.665542 -14.961996 24.869879 -1.678108 -19.504957 25.670858 -1.683659 -17.137106 24.62062 -1.683659 -23.762472 37.463264 -1.683659 -20.018187 43.47646 -2.393728 -20.188215 44.60216 -1.683658 -23.799582 34.461346 -1.683658 -21.613798 28.061073 -1.683658 -23.168623 31.186073 -1.683658 -23.45156 31.08265 -0.72868 -21.77954 27.729889 -0.72868 -14.929907 24.289822 -0.725028 -17.136526 24.068592 -0.72868 -13.084845 25.075863 -0.725028 -11.968512 25.917564 -0.710343 -12.108809 26.25264 -1.416684 -21.613798 28.061071 0.29448 -23.168623 31.186073 0.29448 -21.163855 28.605011 0.947957 -19.227163 26.464495 0.948002 -19.50495 25.670855 0.29448 -17.108816 25.634415 0.94813 -17.090498 27.115536 1.52521 -18.82707 27.899874 1.524492 -15.196539 25.840435 0.954616 -15.380667 27.311136 1.541449 -17.005102 29.270206 1.809904 -15.502729 29.279655 1.832088 -13.571035 26.37148 0.954616 -13.999662 27.838762 1.541449 -13.278822 25.557028 0.29448 -15.050772 24.83039 0.29448 -17.137106 24.62062 0.29448 -22.445822 31.482838 0.948204 -20.387335 29.626463 1.524181 -18.154737 29.722643 1.808279 -19.338812 30.91306 1.807099 -21.211584 32.071693 1.524466 -19.962042 32.603455 2.035176 -21.676466 34.45954 1.524956 -20.251707 34.408524 2.035279 -22.840055 34.493633 0.948466 -21.754797 36.989174 1.525331 -22.942228 37.248795 0.94863 -21.47666 38.824482 1.525617 -20.239058 37.486164 2.036337 -20.025991 38.815845 1.932617 -20.776426 40.408417 1.525694 -20.357695 36.68797 2.035877 -22.48477 39.74683 0.948721 -21.40801 41.962425 0.948645 -23.127218 40.371544 0.29448 -21.939718 42.96118 0.29448 -23.762472 37.463264 0.29448 -20.020079 43.476414 0.948542 -20.188215 44.60216 0.29448 -23.799582 34.461346 0.29448 -23.168623 31.186073 0.29448 -13.084845 25.075863 -0.725028 -14.929907 24.289822 -0.725028 -12.429457 26.14072 0.110605 -11.968512 25.917564 -0.710343 -23.45156 31.08265 -0.72868 -24.109015 34.480724 -0.72868 -19.260618 39.098988 2.037749 -19.696196 41.602833 1.525598 -23.518934 40.614235 -0.72868 -22.143705 43.46117 -0.72868 -21.939718 42.96118 -1.683658 -20.188215 44.60216 -1.683658 -20.300428 45.280064 -0.72868 -23.127218 40.371544 -1.683659 -24.174788 37.445858 -0.72868 -23.762472 37.463264 -1.683659 -23.799582 34.461346 -1.683658 -20.300428 45.280064 -0.72868 -19.127218 37.19444 2.068548 -18.144361 44.8721 -1.683658 -18.144804 43.73879 -2.3936 -15.884733 44.069912 -1.683658 -16.188826 43.17162 -2.393256 -18.27741 41.737137 -3.052797 -16.717314 41.50313 -3.052134 -18.319464 39.08595 -3.495505 -17.009924 38.957703 -3.495233 -15.05773 40.229797 -3.050766 -15.432806 38.223534 -3.492923 -13.862371 38.621387 -2.958184 -14.770575 37.236206 -3.395406 -12.654928 36.13207 -2.699132 -14.305929 35.383522 -3.508265 -12.184523 37.854053 -2.22861 -13.061781 39.928543 -2.380567 -14.462065 41.693123 -2.392906 -11.681982 38.72554 -1.560461 -12.465521 40.66086 -1.680448 -14.025076 42.534313 -1.683659 -11.571653 39.31062 -0.726567 -12.254408 40.958145 -0.726567 -13.740499 43.09383 -0.72868 -15.670637 44.664757 -0.72868 -18.090376 45.543396 -0.72868 -16.916517 35.754387 -3.834321 -15.364653 35.59223 -3.777126 -15.252035 33.367176 -3.80424 -14.106321 33.028328 -3.503382 -15.287298 31.339233 -3.755002 -14.210638 30.87331 -3.517288 -12.734076 32.790215 -2.791982 -12.900007 30.16173 -2.850785 -12.47859 32.70386 -2.634745 -12.451468 29.964907 -2.434237 -13.005468 28.499226 -2.649233 -12.080664 28.356827 -1.998083 -11.766577 36.68905 -1.9332 -12.010672 35.72921 -2.215425 -11.48255 37.606133 -1.465693 -11.307806 38.183945 -0.726567 -16.869558 33.56516 -3.92152 -18.479803 33.881836 -3.850718 -18.352606 31.871468 -3.805325 -19.948866 32.300243 -3.491826 -20.238203 34.40621 -3.491954 -18.487135 36.01776 -3.817722 -20.320189 36.5388 -3.492716 -16.884665 31.59002 -3.836171 -17.009924 38.957703 -3.495233 -18.319464 39.08595 -3.495505 -19.015173 37.31365 -3.631486 -19.232351 38.922813 -3.495015 -19.490858 30.911442 -3.492646 -18.345228 29.719564 -3.501324 -16.841871 29.238405 -3.493031 -15.259024 29.310436 -3.443247 -14.483526 29.696215 -3.339029 -15.174124 27.36053 -2.925656 -19.690329 41.602478 -3.052918 -20.77062 40.40781 -3.053039 -19.930395 38.681133 -3.417541 -21.406164 41.962368 -2.393857 -20.018187 43.47646 -2.393728 -18.27741 41.737137 -3.052797 -18.144804 43.73879 -2.3936 -20.188215 44.60216 -1.683658 -20.225195 37.48382 -3.493264 -13.005468 28.499226 -2.649233 -12.080664 28.356827 -1.998083 -13.006857 26.488384 -2.11847 -11.70986 26.975178 -1.561929 -12.108809 26.25264 -1.416684 -11.571989 26.265198 -0.704132 -11.968512 25.917564 -0.710343 23.45156 31.08265 -0.72868 23.799582 34.461346 -1.683658 24.109015 34.480724 -0.72868 23.168627 31.186073 -1.683658 22.444185 31.48249 -2.393308 22.838324 34.49318 -2.414336 21.206179 32.0709 -3.051515 21.670794 34.458344 -3.052125 20.238207 34.40621 -3.491954 19.94887 32.300243 -3.491826 19.490862 30.911442 -3.492646 20.382372 29.625704 -3.05116 18.345224 29.719564 -3.501324 18.821894 27.898306 -2.937158 16.841875 29.238405 -3.493031 16.949892 27.110775 -2.996271 15.17412 27.36053 -2.925656 15.259027 29.310436 -3.443247 19.225504 26.463774 -2.393057 17.102602 25.632154 -2.392955 21.748957 36.98791 -3.05259 22.940416 37.24838 -2.406456 21.47085 38.823383 -3.052943 20.225199 37.48382 -3.493264 19.930399 38.681133 -3.417541 20.770624 40.40781 -3.053039 20.320192 36.5388 -3.492716 22.483034 39.746544 -2.393952 21.406168 41.962368 -2.393857 21.162363 28.60463 -2.398172 15.084848 25.882835 -2.378826 13.006861 26.488384 -2.11847 13.005465 28.499226 -2.649233 23.127222 40.371544 -1.683659 21.939722 42.96118 -1.683658 12.945848 25.570557 -1.665542 14.961992 24.869879 -1.678108 19.504961 25.670858 -1.683659 17.13711 24.62062 -1.683659 23.762472 37.463264 -1.683659 20.018183 43.47646 -2.393728 20.188211 44.60216 -1.683658 23.799582 34.461346 -1.683658 21.613802 28.061073 -1.683658 23.168627 31.186073 -1.683658 23.45156 31.08265 -0.72868 21.779543 27.729889 -0.72868 14.929903 24.289822 -0.725028 17.13653 24.068592 -0.72868 13.084848 25.075863 -0.725028 11.968508 25.917564 -0.710343 12.108812 26.25264 -1.416684 21.613802 28.061071 0.29448 23.168627 31.186073 0.29448 21.163858 28.605011 0.947957 19.227167 26.464495 0.948002 19.504953 25.670855 0.29448 17.10882 25.634415 0.94813 17.090502 27.115536 1.52521 18.827066 27.899874 1.524492 15.196535 25.840435 0.954616 15.380663 27.311136 1.541449 17.005106 29.270206 1.809904 15.502733 29.279655 1.832088 13.571039 26.37148 0.954616 13.999659 27.838762 1.541449 13.278826 25.557028 0.29448 15.050776 24.83039 0.29448 17.13711 24.62062 0.29448 22.445818 31.482838 0.948204 20.387339 29.626463 1.524181 18.154741 29.722643 1.808279 19.338816 30.91306 1.807099 21.211588 32.071693 1.524466 19.962046 32.603455 2.035176 21.676462 34.45954 1.524956 20.25171 34.408524 2.035279 22.84006 34.493633 0.948466 21.7548 36.989174 1.525331 22.942228 37.248795 0.94863 21.476664 38.824482 1.525617 20.239061 37.486164 2.036337 20.025988 38.815845 1.932617 20.776423 40.408417 1.525694 20.35769 36.68797 2.035877 22.484774 39.74683 0.948721 21.408007 41.962425 0.948645 23.127222 40.371544 0.29448 21.939722 42.96118 0.29448 23.762472 37.463264 0.29448 20.020082 43.476414 0.948542 20.188211 44.60216 0.29448 23.799582 34.461346 0.29448 23.168627 31.186073 0.29448 13.084848 25.075863 -0.725028 14.929903 24.289822 -0.725028 12.429461 26.14072 0.110605 11.968508 25.917564 -0.710343 23.45156 31.08265 -0.72868 24.109015 34.480724 -0.72868 19.260614 39.098988 2.037749 19.6962 41.602833 1.525598 23.518938 40.614235 -0.72868 22.14371 43.46117 -0.72868 21.939722 42.96118 -1.683658 20.188211 44.60216 -1.683658 20.300425 45.280064 -0.72868 23.127222 40.371544 -1.683659 24.174791 37.445858 -0.72868 23.762472 37.463264 -1.683659 23.799582 34.461346 -1.683658 20.300425 45.280064 -0.72868 19.127222 37.19444 2.068548 18.144365 44.8721 -1.683658 18.144808 43.73879 -2.3936 15.884729 44.069912 -1.683658 16.18883 43.17162 -2.393256 18.277414 41.737137 -3.052797 16.717318 41.50313 -3.052134 18.319468 39.08595 -3.495505 17.009928 38.957703 -3.495233 15.057734 40.229797 -3.050766 15.432802 38.223534 -3.492923 13.862368 38.621387 -2.958184 14.770578 37.236206 -3.395406 12.654924 36.13207 -2.699132 14.305933 35.383522 -3.508265 12.184519 37.854053 -2.22861 13.061785 39.928543 -2.380567 14.462069 41.693123 -2.392906 11.681978 38.72554 -1.560461 12.465525 40.66086 -1.680448 14.025072 42.534313 -1.683659 11.57165 39.31062 -0.726567 12.254412 40.958145 -0.726567 13.740496 43.09383 -0.72868 15.670633 44.664757 -0.72868 18.09038 45.543396 -0.72868 16.916521 35.754387 -3.834321 15.364656 35.59223 -3.777126 15.252039 33.367176 -3.80424 14.106325 33.028328 -3.503382 15.287294 31.339233 -3.755002 14.210642 30.87331 -3.517288 12.734072 32.790215 -2.791982 12.900011 30.16173 -2.850785 12.478594 32.70386 -2.634745 12.451464 29.964907 -2.434237 13.005465 28.499226 -2.649233 12.08066 28.356827 -1.998083 11.766581 36.68905 -1.9332 12.010675 35.72921 -2.215425 11.482553 37.606133 -1.465693 11.30781 38.183945 -0.726567 16.869555 33.56516 -3.92152 18.479807 33.881836 -3.850718 18.35261 31.871468 -3.805325 19.94887 32.300243 -3.491826 20.238207 34.40621 -3.491954 18.487139 36.01776 -3.817722 20.320192 36.5388 -3.492716 16.884668 31.59002 -3.836171 17.009928 38.957703 -3.495233 18.319468 39.08595 -3.495505 19.015177 37.31365 -3.631486 19.232355 38.922813 -3.495015 19.490862 30.911442 -3.492646 18.345224 29.719564 -3.501324 16.841875 29.238405 -3.493031 15.259027 29.310436 -3.443247 14.48353 29.696215 -3.339029 15.17412 27.36053 -2.925656 19.690325 41.602478 -3.052918 20.770624 40.40781 -3.053039 19.930399 38.681133 -3.417541 21.406168 41.962368 -2.393857 20.018183 43.47646 -2.393728 18.277414 41.737137 -3.052797 18.144808 43.73879 -2.3936 20.188211 44.60216 -1.683658 20.225199 37.48382 -3.493264 11.709856 26.975178 -1.561929 12.08066 28.356827 -1.998083 13.006861 26.488384 -2.11847 12.108812 26.25264 -1.416684 11.571985 26.265198 -0.704132 11.968508 25.917564 -0.710343 13.005465 28.499226 -2.649233 -10.125341 39.823563 -0.737337 -8.919714 41.128727 0.607918 -7.779394 41.171974 -4.023727 -10.761343 38.428646 -2.582734 -10.958975 38.733135 -0.793514 -10.527121 39.33779 -0.050828 -10.984137 38.773464 -0.083793 -10.965643 38.766235 0.625555 -11.458952 38.014626 -0.052737 -11.610106 37.501 0.621094 -10.570448 39.44861 0.624752 -11.152197 38.06826 -2.021273 -9.391432 38.783676 -5.118824 -10.020475 40.110703 0.623973 -11.307806 38.183945 -0.726567 -11.48255 37.606133 -1.465693 -5.694883 41.128727 -6.572362 -6.966024 38.783676 -8.205143 -2.851004 41.128727 -8.163671 -3.467009 38.783676 -10.062149 2E-06 38.783676 -10.385706 2E-06 41.128727 -8.549843 2.851007 41.128727 -8.163671 2.073305 42.928143 -5.724702 2E-06 42.928146 -5.868034 3.467012 38.783676 -10.062149 6.966028 38.783676 -8.205143 5.694887 41.128727 -6.572362 9.391436 38.783676 -5.118824 7.779398 41.171974 -4.023727 10.761347 38.428646 -2.582734 10.125345 39.823563 -0.737337 10.958979 38.733135 -0.793514 10.527124 39.33779 -0.050828 10.98414 38.773464 -0.083793 10.965639 38.766235 0.625555 11.458956 38.014626 -0.052737 11.610102 37.501 0.621094 10.570452 39.44861 0.624752 11.152201 38.06826 -2.021273 10.020479 40.110703 0.623973 11.30781 38.183945 -0.726567 11.482553 37.606133 -1.465693 9.854311 40.264385 0.621549 8.80736 40.912575 -0.940883 6.432413 42.209824 -3.187072 3.953218 43.06328 -4.375071 7.71216 41.520866 -2.082899 0.78393 44.059307 -3.234945 10.41765 39.400208 1.390852 10.169687 39.44821 2.296943 10.862574 38.75805 1.509799 11.634935 37.38356 1.828968 10.765924 38.567024 2.268604 11.370401 37.41824 2.845743 10.370432 38.672283 4.318234 10.479654 37.418243 5.949767 10.052332 38.260387 5.696647 9.049746 37.789665 7.585305 9.210772 37.418243 7.730654 1.51079 44.271515 0.100141 2E-06 44.356792 -0.291931 2E-06 44.059307 -3.328348 -1.082197 44.059307 -3.199406 2E-06 42.928146 -5.868034 -2.073301 42.928143 -5.724702 2E-06 41.128727 -8.549843 -2.851004 41.128727 -8.163671 -2.324255 44.05931 -2.527335 -5.694883 41.128727 -6.572362 -4.174223 42.928146 -4.625756 -7.779394 41.171974 -4.023727 -5.500128 42.928146 -2.607999 -3.200506 44.05931 -1.285502 -3.335272 44.05931 -0.63035 -6.068686 42.928146 0.07232 -1.903746 44.211628 -0.584398 -8.919714 41.128727 0.607918 -8.499868 41.128727 1.990217 -9.829039 39.94554 2.105341 -9.113821 40.35736 2.896853 -10.626501 38.783676 2.547158 -10.417646 39.400208 1.390852 -10.796072 38.77496 1.586421 -10.965643 38.766235 0.625555 -10.570448 39.44861 0.624752 -11.610106 37.501 0.621094 -11.634932 37.38356 1.828968 -10.020475 40.110703 0.623973 -11.370398 37.41824 2.845743 -9.786795 38.783676 5.539363 -10.47965 37.418243 5.949767 -8.933928 38.0568 7.480767 -9.210768 37.418243 7.730654 -7.502569 37.418243 9.18211 0.502253 46.474277 12.890928 1.34337 46.95246 12.476795 0.150431 47.121437 12.611401 0.941286 47.567444 12.244591 1.384684 47.708393 12.081696 1.791338 47.172405 12.245867 -0.322424 46.86669 12.807924 -0.239424 46.174885 13.178665 -1.105444 47.107117 12.613279 -0.707884 47.419647 12.559601 -1.934652 47.929867 12.10523 -1.625822 48.258484 11.969021 2.28351 47.44799 11.974613 1.470316 48.4124 11.72187 2.281183 46.70946 12.284256 2.816172 47.020763 12.047186 2.642107 46.249214 12.291212 3.229898 46.64608 11.934706 -3.688375 49.23589 10.968384 -4.227926 48.340263 11.371883 -5.744856 49.965893 9.440312 -3.572653 50.965115 8.898792 -2.340551 50.015438 10.494295 -7.186117 48.591103 10.184999 -2.558172 47.138508 12.564259 -4.427214 46.95894 12.100546 -7.395887 46.70563 11.321936 -9.878614 46.231995 9.842407 -9.596647 48.384148 8.422673 -11.420675 45.184902 8.085026 -10.385717 42.583183 10.155958 -8.918997 43.87023 11.488132 -8.431807 40.59357 11.597706 -7.243902 41.94807 12.592978 -5.794348 39.343075 12.701971 -4.728369 40.77419 13.638063 -2.75952 38.633442 13.266642 -1.975271 40.19931 14.164326 0.554117 38.42029 13.469725 0.872263 40.115955 14.279146 3.514795 38.892006 13.252514 3.420824 40.623806 14.023291 -11.324919 47.457584 6.271331 -11.671835 45.63373 3.860572 -11.956396 43.215504 5.727209 -10.701925 43.61091 1.680823 -11.108213 41.338726 3.735965 -11.038443 40.847363 7.834561 -10.32305 39.19604 5.824869 -3.946241 45.81707 12.765701 -2.156363 46.418785 12.915613 -1.105444 47.107117 12.613279 -1.117788 45.66569 13.391024 -0.239424 46.174885 13.178665 -0.097052 45.23454 13.697107 0.497744 45.686634 13.306934 0.835093 45.09944 13.779423 1.081858 45.54572 13.178335 1.60927 45.12351 13.598846 1.601831 45.49056 12.906414 1.16543 45.8023 12.847048 1.676088 45.65027 12.688017 2.012842 46.040848 12.534008 2.26063 45.61799 12.379852 2.642107 46.249214 12.291212 2.859789 45.840893 12.052883 3.229898 46.64608 11.934706 3.582468 46.24941 11.664112 3.937685 47.351044 11.275677 4.289553 47.043526 10.878664 2.489923 45.264393 13.26754 2.321878 45.4092 12.291489 2.86133 43.86993 14.206537 1.410212 43.63015 14.422449 1.706179 46.401104 12.541719 0.87549 46.030785 12.941814 1.34337 46.95246 12.476795 0.502253 46.474277 12.890928 1.791338 47.172405 12.245867 2.281183 46.70946 12.284256 4.090311 47.980507 10.575792 3.548777 48.189777 11.050762 3.455973 47.621487 11.540113 3.446321 48.908783 10.32811 3.964106 48.86802 9.676167 3.0655 49.620228 9.82309 3.553087 49.645176 8.960607 2.126741 50.232147 9.659554 2.327959 50.622868 8.52179 0.843065 50.447407 9.720132 0.760439 51.27818 8.437781 -0.697607 50.451115 10.035843 -1.433676 51.413223 8.480474 2.26903 49.170162 10.815742 1.790361 49.273083 10.892653 2.141077 48.622585 11.355583 2.815767 48.799793 10.938202 1.470316 48.4124 11.72187 0.935678 49.308636 11.069426 2.28351 47.44799 11.974613 2.831316 47.866253 11.648874 2.816172 47.020763 12.047186 3.113855 48.29121 11.271559 0.045237 49.12141 11.324034 2.576586 50.852924 6.982685 0.71715 51.849846 6.5428 2.859385 50.69054 5.005231 0.689379 51.936615 4.113959 2.943361 49.797253 2.960549 0.748774 50.934246 1.691185 0.61381 48.068325 12.055468 1.384684 47.708393 12.081696 0.941286 47.567444 12.244591 0.150431 47.121437 12.611401 -0.237074 47.68192 12.390955 4.19076 48.766865 6.229122 3.929277 49.45264 7.829488 4.382219 48.542362 8.851644 3.964106 48.86802 9.676167 4.559649 48.064484 7.859878 4.545694 47.65839 10.039598 4.090311 47.980507 10.575792 4.289553 47.043526 10.878664 4.398638 46.782238 10.426752 4.686777 47.3726 9.57129 3.683397 46.030697 11.429707 3.582468 46.24941 11.664112 2.938379 45.642155 11.875031 2.859789 45.840893 12.052883 2.321878 45.4092 12.291489 -1.04907 48.661793 11.646599 -1.625822 48.258484 11.969021 -0.707884 47.419647 12.559601 -2.340551 50.015438 10.494295 -0.697607 50.451115 10.035843 3.286303 45.562622 12.886881 2.489923 45.264393 13.26754 4.221582 44.334057 13.716066 5.361895 45.238956 13.003334 4.082079 46.04476 12.333662 6.414736 46.647335 11.641256 4.846712 46.920197 11.172016 5.254023 47.78957 9.964527 6.927103 47.97293 10.125113 6.586298 43.895943 13.187626 8.14255 45.696423 11.548845 7.566149 42.53427 12.750071 9.459551 44.40274 11.033806 8.859529 47.606686 9.859367 5.631769 41.421776 13.572205 4.973063 42.921795 13.803177 3.206263 42.26276 14.360653 3.420824 40.623806 14.023291 4.398638 46.782238 10.426752 4.686777 47.3726 9.57129 2.86133 43.86993 14.206537 1.149836 41.9927 14.650778 0.872263 40.115955 14.279146 -0.869268 42.076256 14.499023 -1.975271 40.19931 14.164326 -3.006842 42.608868 14.170984 -4.728369 40.77419 13.638063 -5.176458 43.48324 13.440084 -7.243902 41.94807 12.592978 -6.750128 45.031437 12.447674 -8.918997 43.87023 11.488132 -7.395887 46.70563 11.321936 0.082415 43.673023 14.436001 1.410212 43.63015 14.422449 0.835093 45.09944 13.779423 -0.097052 45.23454 13.697107 -1.480413 44.02643 14.235149 -1.117788 45.66569 13.391024 -3.04566 44.6656 13.58326 -2.156363 46.418785 12.915613 -3.946241 45.81707 12.765701 -4.427214 46.95894 12.100546 3.514795 38.892006 13.252514 6.367907 39.726364 12.59274 3.585154 37.112263 11.625711 0.554117 38.42029 13.469725 0.002604 36.77158 11.827055 -2.75952 38.633442 13.266642 -3.6126 36.949932 11.584549 -5.794348 39.343075 12.701971 -6.567884 37.71726 10.882164 -3.713163 36.831493 11.230571 -6.581427 37.165634 9.741108 -7.502569 37.418243 9.18211 -9.152784 39.02839 9.596821 -8.431807 40.59357 11.597706 -10.385717 42.583183 10.155958 -11.038443 40.847363 7.834561 -9.080244 38.216633 7.527557 -10.32305 39.19604 5.824869 1.7E-05 36.75327 11.775101 3.69031 36.968163 11.181049 -8.933928 38.0568 7.480767 6.963556 38.194263 11.064414 8.410425 40.849564 11.759047 9.067347 39.19862 10.294182 7.502565 37.418243 9.18211 9.207346 37.93697 8.099786 10.711245 42.7771 10.156574 11.410433 41.051735 8.682881 12.589746 43.398705 6.665719 11.373667 39.229763 6.47964 10.052332 38.260387 5.696647 9.049746 37.789665 7.585305 12.280924 41.049393 4.491032 10.635881 38.77504 4.419007 10.891504 39.666786 2.673953 10.370432 38.672283 4.318234 10.169687 39.44821 2.296943 11.07255 40.84608 1.080669 9.854311 40.264385 0.621549 -9.786795 38.783676 5.539363 -9.113821 40.35736 2.896853 -11.108213 41.338726 3.735965 -8.952879 41.66235 1.542262 -8.499868 41.128727 1.990217 -6.068686 42.928146 0.07232 -7.607405 44.027416 -0.306237 -10.701925 43.61091 1.680823 -9.207075 45.710407 0.283937 -11.671835 45.63373 3.860572 -10.127058 48.104828 2.098094 -11.324919 47.457584 6.271331 -9.458303 49.878277 4.762002 -9.596647 48.384148 8.422673 -7.926771 50.45217 7.245375 -7.186117 48.591103 10.184999 -5.744856 49.965893 9.440312 -5.652029 45.71637 -1.265004 -6.624487 47.80869 -0.807709 -3.459661 48.683743 -1.030337 -6.868666 50.029964 1.022222 -3.370207 51.04209 0.802054 -6.200636 51.543575 3.776653 -2.916418 52.26226 3.667112 -5.036177 51.73513 6.626484 -2.301764 52.201958 6.407924 -3.572653 50.965115 8.898792 -1.433676 51.413223 8.480474 -3.031881 46.652756 -1.569579 -4.40251 44.156246 -0.822471 -2.28108 44.860943 -1.113589 -3.335272 44.05931 -0.63035 -1.903746 44.211628 -0.584398 -0.450094 46.88132 -1.164796 0.113054 45.22584 -0.902636 0.013376 48.571526 -0.29832 0.748774 50.934246 1.691185 0.689379 51.936615 4.113959 0.71715 51.849846 6.5428 -2.340551 50.015438 10.494295 -0.697607 50.451115 10.035843 0.013376 48.571526 -0.29832 0.792269 49.110477 0.338181 2.392832 49.807453 2.136018 2.943361 49.797253 2.960549 2E-06 44.356792 -0.291931 1.51079 44.271515 0.100141 5.488268 44.771828 -6.176366 2.891924 43.84195 -5.20093 2.499514 47.18974 -8.002623 0.658594 45.82426 -6.973567 -1.095999 49.532604 -8.271591 -2.445303 49.597267 -6.538757 -0.852224 45.729645 -4.873485 0.629702 44.21676 -3.389399 0.78393 44.059307 -3.234945 3.953218 43.06328 -4.375071 0.113054 45.22584 -0.902636 1.51079 44.271515 0.100141 5.277979 43.796688 -5.114285 6.432413 42.209824 -3.187072 6.901194 42.54765 -3.610653 7.845049 41.74399 -2.444885 7.71216 41.520866 -2.082899 8.338343 41.728138 -2.338525 8.80736 40.912575 -0.940883 7.369967 42.885475 -4.034234 8.944483 45.35478 -4.421744 10.145128 43.652332 -2.594136 -14.329947 32.96862 1.902524 -14.063276 35.44381 1.815529 -15.592016 33.305286 2.04068 -15.650526 35.858227 2.057911 -14.985624 37.11131 1.967178 -15.693167 38.239475 1.973689 -13.969046 38.67922 1.542224 -15.16081 40.23234 1.524978 -17.02545 38.958805 2.03794 -16.72415 41.50344 1.524976 -18.3337 39.087486 2.038143 -18.28343 41.737312 1.525501 -16.191137 43.171585 0.948164 -18.146772 43.738655 0.948439 -14.467619 41.69323 0.948007 -13.159185 39.99023 0.955737 -15.884733 44.069912 0.29448 -18.144361 44.8721 0.29448 -14.025076 42.534313 0.29448 -12.543089 40.71397 0.29448 -15.670637 44.664757 -0.72868 -18.090376 45.543396 -0.72868 -13.740499 43.09383 -0.72868 -11.718718 39.086033 0.0562 -12.128653 38.543713 0.788415 -12.254408 40.958145 -0.726567 -15.54077 31.524647 1.967396 -14.30599 31.41726 1.832921 -13.227819 37.304707 1.54646 -11.610106 37.501 0.621094 -12.448217 36.023624 1.374123 -17.057577 35.99745 2.130373 -13.134642 32.70386 1.604267 -14.329947 32.96862 1.902524 -13.205236 31.40649 1.574159 -17.064085 33.570354 2.156904 -15.650526 35.858227 2.057911 -15.592016 33.305286 2.04068 -17.070074 31.691757 2.123547 -18.496878 36.20549 2.118011 -18.321295 33.84451 2.156904 -20.251707 34.408524 2.035279 -19.962042 32.603455 2.035176 -18.24079 31.966576 2.123547 -20.357695 36.68797 2.035877 -17.005102 29.270206 1.809904 -15.502729 29.279655 1.832088 -18.154737 29.722643 1.808279 -19.338812 30.91306 1.807099 -11.571653 39.31062 -0.726567 -11.307806 38.183945 -0.726567 -11.458952 38.014626 -0.052737 -19.127218 37.19444 2.068548 -18.3337 39.087486 2.038143 -19.260618 39.098988 2.037749 -18.28343 41.737312 1.525501 -19.696196 41.602833 1.525598 -20.020079 43.476414 0.948542 -18.146772 43.738655 0.948439 -20.188215 44.60216 0.29448 -18.144361 44.8721 0.29448 -20.300428 45.280064 -0.72868 -18.090376 45.543396 -0.72868 -12.791433 34.54093 1.489195 -14.063276 35.44381 1.815529 -12.448217 36.023624 1.374123 -13.999662 27.838762 1.541449 -14.1826 29.447836 1.687374 -12.663626 28.357819 1.072575 -13.571035 26.37148 0.954616 -12.028814 26.977165 0.77334 -12.429457 26.14072 0.110605 -13.278822 25.557028 0.29448 -13.068197 29.738476 1.371809 -14.30599 31.41726 1.832921 -13.205236 31.40649 1.574159 -11.571989 26.265198 -0.704132 -11.968512 25.917564 -0.710343 14.32995 32.96862 1.902524 15.59202 33.305286 2.04068 14.06328 35.44381 1.815529 15.65053 35.858227 2.057911 14.98562 37.11131 1.967178 15.693171 38.239475 1.973689 13.969042 38.67922 1.542224 15.160807 40.23234 1.524978 17.025454 38.958805 2.03794 16.724146 41.50344 1.524976 18.333704 39.087486 2.038143 18.283426 41.737312 1.525501 16.191141 43.171585 0.948164 18.146776 43.738655 0.948439 14.467623 41.69323 0.948007 13.159189 39.99023 0.955737 15.884729 44.069912 0.29448 18.144365 44.8721 0.29448 14.025072 42.534313 0.29448 12.543085 40.71397 0.29448 15.670633 44.664757 -0.72868 18.09038 45.543396 -0.72868 13.740496 43.09383 -0.72868 11.718721 39.086033 0.0562 12.128656 38.543713 0.788415 12.254412 40.958145 -0.726567 15.540766 31.524647 1.967396 14.305986 31.41726 1.832921 13.227823 37.304707 1.54646 11.610102 37.501 0.621094 12.448221 36.023624 1.374123 17.057573 35.99745 2.130373 13.134645 32.70386 1.604267 13.205233 31.40649 1.574159 17.064089 33.570354 2.156904 15.59202 33.305286 2.04068 17.070078 31.691757 2.123547 18.496881 36.20549 2.118011 18.321299 33.84451 2.156904 20.25171 34.408524 2.035279 19.962046 32.603455 2.035176 18.240786 31.966576 2.123547 20.35769 36.68797 2.035877 17.005106 29.270206 1.809904 15.502733 29.279655 1.832088 18.154741 29.722643 1.808279 19.338816 30.91306 1.807099 11.57165 39.31062 -0.726567 11.30781 38.183945 -0.726567 11.458956 38.014626 -0.052737 19.127222 37.19444 2.068548 18.333704 39.087486 2.038143 19.260614 39.098988 2.037749 18.283426 41.737312 1.525501 19.6962 41.602833 1.525598 20.020082 43.476414 0.948542 18.146776 43.738655 0.948439 20.188211 44.60216 0.29448 18.144365 44.8721 0.29448 20.300425 45.280064 -0.72868 18.09038 45.543396 -0.72868 14.182604 29.447836 1.687374 13.999659 27.838762 1.541449 12.66363 28.357819 1.072575 13.571039 26.37148 0.954616 12.028818 26.977165 0.77334 12.429461 26.14072 0.110605 13.278826 25.557028 0.29448 13.068201 29.738476 1.371809 14.305986 31.41726 1.832921 13.205233 31.40649 1.574159 11.571985 26.265198 -0.704132 11.968508 25.917564 -0.710343 -0.149572 59.661686 -6.162779 -0.025984 59.260952 -6.660512 -1.227285 58.963226 -6.366776 0.928148 60.36015 -5.958781 -0.341063 59.400555 -5.791495 -0.985052 58.904377 -5.610458 -1.743689 58.137634 -5.876603 -1.585905 58.113983 -5.219648 0.928148 60.36015 -5.958781 0.664682 59.41237 -6.506196 0.829256 59.057175 -6.185378 3.229898 46.64608 11.934706 3.455973 47.621487 11.540113 2.816172 47.020763 12.047186 -21.77954 27.729889 -0.72868 -19.504957 25.670858 -1.683659 -19.6183 25.19776 -0.72868 -17.137106 24.62062 -1.683659 -17.136526 24.068592 -0.72868 -19.50495 25.670855 0.29448 -17.137106 24.62062 0.29448 -17.136526 24.068592 -0.72868 -15.050772 24.83039 0.29448 -14.929907 24.289822 -0.725028 19.618303 25.19776 -0.72868 19.504961 25.670858 -1.683659 21.779543 27.729889 -0.72868 17.13711 24.62062 -1.683659 17.13653 24.068592 -0.72868 19.504953 25.670855 0.29448 17.13711 24.62062 0.29448 17.13653 24.068592 -0.72868 15.050776 24.83039 0.29448 14.929903 24.289822 -0.725028 -0.495214 58.788986 -5.093283 0.351183 59.21141 -5.449787 0.187891 59.591103 -5.531173 -0.341063 59.400555 -5.791495 -0.985052 58.904377 -5.610458 -0.927458 58.05308 -4.755916 -1.585905 58.113983 -5.219648 0.928148 60.36015 -5.958781 14.06328 35.44381 1.815529 12.79143 34.54093 1.489195 14.32995 32.96862 1.902524 12.448221 36.023624 1.374123 13.134645 32.70386 1.604267 10.135088 25.128683 2.879006 9.031351 23.849787 0.637913 10.541269 25.115726 0.628811 -0.224615 51.363846 -0.775552 0.792269 49.110477 0.338181 1.138018 50.63971 0.493253 2.392832 49.807453 2.136018</float_array>
					<technique_common>
						<accessor source="#mesh_7_Body01_position_array_id" count="1495" stride="3">
							<param name="X" type="float" />
							<param name="Y" type="float" />
							<param name="Z" type="float" />
						</accessor>
					</technique_common>
				</source>
				<source id="mesh_7_Body01_normal_id" name="mesh_7_Body01_normal">
					<float_array id="mesh_7_Body01_normal_array_id" count="4485">0.602401 -0.667639 -0.43746 0.807553 -0.460788 -0.368146 0.681926 -0.679444 -0.2708 0.70162 -0.458139 -0.545745 0.482835 -0.819512 -0.308658 0.36083 -0.81981 -0.44465 0.261149 -0.913989 -0.310523 0.186496 -0.808076 -0.558778 0.138976 -0.907006 -0.397524 0.003516 -0.804337 -0.594163 0.003932 -0.905902 -0.423469 0.349499 -0.91153 -0.216712 0.547489 -0.821069 -0.161561 0.398103 -0.90962 -0.118768 0.413187 -0.91052 -0.015183 0.568095 -0.822801 -0.016357 0.279413 -0.96011 -0.010842 0.278623 -0.957776 -0.070946 0.190443 -0.980821 -0.041499 0.183044 -0.983082 -0.006659 0.112527 -0.993648 -0.001434 0.14555 -0.987602 -0.058795 0.101391 -0.989075 -0.107007 0.171777 -0.964732 -0.19946 0.239226 -0.960562 -0.141743 0.060094 -0.985577 -0.158197 0.093233 -0.96374 -0.250024 0.009035 -0.987844 -0.155187 0.006099 -0.999981 -0.001263 0.016449 -0.66063 -0.750532 0.245637 -0.659277 -0.710645 0.018057 -0.451567 -0.892054 0.287899 -0.449498 -0.845616 0.006242 -0.961286 -0.275481 0.447863 -0.66687 -0.595569 0.602401 -0.667639 -0.43746 0.70162 -0.458139 -0.545745 0.517229 -0.460245 -0.72156 0.724324 -0.201306 -0.659417 0.554883 -0.20346 -0.806665 0.317556 -0.194311 -0.928117 0.713597 0.067498 -0.697297 0.661045 0.064444 -0.747574 0.752046 -0.241136 -0.613417 0.573743 0.069689 -0.816065 0.323565 0.069042 -0.943684 0.006128 0.064671 -0.997888 0.007532 -0.195834 -0.980608 0.679244 0.313119 -0.663765 0.553998 0.318875 -0.769029 0.304562 0.3262 -0.894894 0.736139 0.3565 -0.575332 0.491362 0.483022 -0.724744 0.694727 0.477944 -0.537517 0.261776 0.538652 -0.800829 0.006612 0.320975 -0.947065 -0.005134 0.528591 -0.848861 0.807553 -0.460788 -0.368146 0.779406 0.527084 -0.338688 0.542733 0.523532 -0.656776 0.52853 0.677645 -0.511326 0.287834 0.258917 -0.922016 0.202653 0.484746 -0.850855 0.080463 0.747904 -0.658912 0.187046 0.032388 -0.981817 0.214442 -0.176402 -0.960675 0.560212 -0.468779 -0.682941 0.362222 -0.443873 -0.819617 0.605584 -0.562284 -0.563121 0.52823 -0.785934 -0.321374 0.681926 -0.679444 -0.2708 0.48662 -0.855688 -0.176066 0.649224 -0.759955 0.031261 0.568095 -0.822801 -0.016357 0.294989 -0.817804 0.494144 0.078287 -0.992259 -0.096397 0.103498 -0.7672 -0.633003 0.722898 -0.627594 0.289041 0.617794 -0.700768 0.356728 0.643452 -0.734312 0.216229 0.698252 -0.668473 0.256102 0.649224 -0.759955 0.031261 0.732307 -0.580895 0.35537 0.76559 -0.506718 0.396369 0.760044 -0.426066 0.490715 0.445566 -0.428082 0.786268 0.294989 -0.817804 0.494144 0.824106 -0.359906 0.437397 0.830176 -0.221579 0.511576 0.864437 -0.202681 0.460075 0.808346 -0.059771 0.585666 0.536784 -0.067123 0.841045 0.502577 -0.210539 0.838505 0.871927 -0.050101 0.487067 0.853642 0.0945 0.512216 0.866525 0.097153 0.489587 0.807651 0.248934 0.534539 0.507435 0.206194 0.836657 0.539903 0.063064 0.839362 0.841661 0.231406 0.487912 0.852404 0.330849 0.404903 0.753002 0.412427 0.512729 0.714074 -0.577811 0.395264 0.592738 -0.564447 0.57451 0.65216 -0.430696 0.62385 0.778135 -0.45101 0.437145 0.686592 -0.299804 0.662352 0.823154 -0.314494 0.472769 0.524043 -0.679551 0.513411 0.428996 -0.541615 0.722921 0.383437 -0.656466 0.649637 0.45723 -0.754307 0.471128 0.342629 -0.760636 0.551397 0.291337 -0.849374 0.440097 0.465752 -0.823232 0.324598 0.326473 -0.919357 0.219543 0.39239 -0.913777 0.105078 0.53124 -0.834463 0.146479 0.568095 -0.822801 -0.016357 0.413187 -0.91052 -0.015183 0.227773 -0.921083 0.315794 0.935846 0.225968 0.270427 0.797801 0.501796 0.334238 0.445546 0.40207 0.799893 0.444854 0.66203 0.603176 0.904014 0.177627 0.388854 0.834049 0.322172 0.447848 0.848447 0.229701 0.476838 0.866525 0.097153 0.489587 0.863883 0.100755 0.493513 0.222895 -0.966057 0.130579 0.272412 -0.960268 0.060644 0.192815 -0.980603 0.035222 0.140523 -0.988367 0.058175 0.112527 -0.993648 -0.001434 0.183044 -0.983082 -0.006659 0.643452 -0.734312 0.216229 0.617794 -0.700768 0.356728 0.156021 -0.967048 0.201186 0.093796 -0.989773 0.107477 0.054925 -0.9864 0.154911 0.081534 -0.964453 0.25136 0.006099 -0.999981 -0.001263 0.004115 -0.96237 0.27171 0.006719 -0.988138 0.153419 0.871927 -0.050101 0.487067 0.865493 -0.035299 0.499676 0.864437 -0.202681 0.460075 0.852021 -0.174569 0.493545 0.823154 -0.314494 0.472769 0.279413 -0.96011 -0.010842 0.000865 -0.913337 0.407203 0.115039 -0.919643 0.37553 0.227773 -0.921083 0.315794 0.705455 -0.173021 0.687312 0.686592 -0.299804 0.662352 0.716921 -0.038568 0.696086 0.717365 0.084313 0.691577 0.712134 0.187135 0.676643 0.834049 0.322172 0.447848 0.848447 0.229701 0.476838 0.733508 0.187556 0.65329 0.904014 0.177627 0.388854 0.816383 0.026922 0.576884 0.494331 -0.286491 0.820707 0.65216 -0.430696 0.62385 0.465922 -0.418048 0.779841 0.592738 -0.564447 0.57451 0.428996 -0.541615 0.722921 -0.807553 -0.460789 -0.368148 -0.602329 -0.667901 -0.437159 -0.681895 -0.679516 -0.270697 -0.70162 -0.458139 -0.545746 -0.482652 -0.819818 -0.308132 -0.360196 -0.821102 -0.442776 -0.260307 -0.91499 -0.308275 -0.183512 -0.81392 -0.551232 -0.13678 -0.910492 -0.390251 0.003516 -0.804337 -0.594163 0.003932 -0.905902 -0.423469 -0.349254 -0.911767 -0.216107 -0.547432 -0.821135 -0.161415 -0.398044 -0.909666 -0.11861 -0.41318 -0.910523 -0.015146 -0.568078 -0.822813 -0.016318 -0.279507 -0.960083 -0.010837 -0.278637 -0.957768 -0.071005 -0.191788 -0.980553 -0.041643 -0.182461 -0.983192 -0.006481 -0.107195 -0.994238 0.000634 -0.144795 -0.987683 -0.059294 -0.096416 -0.988937 -0.112728 -0.16733 -0.966674 -0.19376 -0.237967 -0.960918 -0.141453 -0.0549 -0.984409 -0.167108 -0.087989 -0.962672 -0.255969 0.009035 -0.987844 -0.155187 0.006099 -0.999981 -0.001263 0.016449 -0.66063 -0.750532 -0.238832 -0.667643 -0.705132 0.018057 -0.451567 -0.892054 -0.2812 -0.457556 -0.843546 0.006242 -0.961286 -0.275481 -0.445724 -0.670216 -0.593414 -0.602329 -0.667901 -0.437159 -0.70162 -0.458139 -0.545746 -0.512241 -0.46394 -0.722751 -0.70719 -0.204319 -0.676858 -0.552339 -0.205883 -0.807796 -0.311945 -0.198913 -0.929044 -0.728557 0.0688 -0.681522 -0.661045 0.064445 -0.747574 -0.752045 -0.241136 -0.613418 -0.572504 0.069418 -0.816958 -0.319852 0.070179 -0.944865 0.006128 0.064671 -0.997888 0.007532 -0.195834 -0.980608 -0.673705 0.328046 -0.662199 -0.55669 0.331153 -0.761862 -0.306221 0.331385 -0.892419 -0.736139 0.356502 -0.575331 -0.493938 0.556114 -0.668403 -0.677689 0.540952 -0.498104 -0.275468 0.554332 -0.785387 0.006612 0.320975 -0.947065 -0.005134 0.528591 -0.848861 -0.807553 -0.460789 -0.368148 -0.731968 0.563584 -0.38288 -0.551071 0.524951 -0.64865 -0.511458 0.697546 -0.501837 -0.287835 0.258918 -0.922015 -0.202656 0.484759 -0.850846 -0.080466 0.747961 -0.658847 -0.187046 0.032388 -0.981817 -0.21444 -0.176402 -0.960676 -0.56021 -0.46878 -0.682942 -0.36222 -0.443873 -0.819618 -0.605581 -0.562299 -0.563109 -0.528221 -0.78595 -0.321349 -0.681895 -0.679516 -0.270697 -0.48661 -0.855699 -0.176043 -0.649216 -0.759961 0.031277 -0.568078 -0.822813 -0.016318 -0.294989 -0.817804 0.494144 -0.078282 -0.99226 -0.09639 -0.103494 -0.767202 -0.633001 -0.62339 -0.697804 0.35278 -0.724066 -0.626664 0.288133 -0.658157 -0.724218 0.205761 -0.688777 -0.676218 0.261373 -0.649216 -0.759961 0.031277 -0.732305 -0.580896 0.355372 -0.76434 -0.508172 0.39692 -0.760043 -0.426066 0.490716 -0.445566 -0.428082 0.786268 -0.294989 -0.817804 0.494144 -0.82388 -0.3609 0.437005 -0.830176 -0.22158 0.511576 -0.864383 -0.203856 0.459658 -0.808346 -0.059772 0.585666 -0.536784 -0.067123 0.841045 -0.502577 -0.210539 0.838505 -0.871984 -0.05083 0.486888 -0.853642 0.0945 0.512216 -0.866435 0.097411 0.489696 -0.807592 0.249007 0.534594 -0.507434 0.206193 0.836657 -0.539902 0.063065 0.839362 -0.838383 0.240185 0.48931 -0.841591 0.356425 0.405816 -0.751714 0.414885 0.512637 -0.713345 -0.577975 0.396338 -0.597765 -0.560131 0.573524 -0.5205 -0.68099 0.515104 -0.454762 -0.756033 0.47075 -0.464357 -0.824132 0.324313 -0.648447 -0.432156 0.626704 -0.778194 -0.449655 0.438435 -0.689129 -0.301687 0.658852 -0.822435 -0.319345 0.470765 -0.382269 -0.658916 0.647842 -0.346181 -0.764541 0.543724 -0.428539 -0.541722 0.723113 -0.868216 0.37797 0.321465 -0.788903 0.517463 0.331458 -0.444786 0.402514 0.800092 -0.445139 0.662459 0.602494 -0.859532 0.324115 0.395163 -0.815763 0.358499 0.453882 -0.852063 -0.178218 0.492165 -0.865484 -0.035976 0.499642 -0.864383 -0.203856 0.459658 -0.847178 0.233233 0.47738 -0.863835 0.100525 0.493644 -0.494189 -0.286927 0.82064 -0.466332 -0.417984 0.779631 -0.292487 -0.852937 0.432378 -0.325593 -0.919981 0.218228 -0.391576 -0.914154 0.104835 -0.531779 -0.834212 0.145951 -0.568078 -0.822813 -0.016318 -0.41318 -0.910523 -0.015146 -0.226939 -0.921768 0.314392 -0.217734 -0.967413 0.129245 -0.271619 -0.960488 0.060708 -0.194324 -0.980257 0.036531 -0.138278 -0.988666 0.058469 -0.107195 -0.994238 0.000634 -0.182461 -0.983192 -0.006481 -0.15567 -0.966049 0.206193 -0.089832 -0.989592 0.112416 -0.049936 -0.985509 0.162108 -0.078829 -0.962665 0.258962 0.006099 -0.999981 -0.001263 0.004115 -0.96237 0.27171 0.006719 -0.988138 0.153419 -0.279507 -0.960083 -0.010837 -0.658157 -0.724218 0.205761 -0.464357 -0.824132 0.324313 -0.649216 -0.759961 0.031277 0.000865 -0.913337 0.407203 -0.113383 -0.919691 0.375916 -0.718051 0.080726 0.691293 -0.717564 0.180355 0.672736 -0.815763 0.358499 0.453882 -0.847178 0.233233 0.47738 -0.734605 0.254759 0.628851 -0.859532 0.324115 0.395163 -0.812498 0.168307 0.558139 -0.863835 0.100525 0.493644 -0.865484 -0.035976 0.499642 -0.716497 -0.040428 0.696418 -0.852063 -0.178218 0.492165 -0.704552 -0.175833 0.687524 -0.822435 -0.319345 0.470765 -0.689129 -0.301687 0.658852 -0.566461 0.811946 -0.140946 -0.884796 0.445682 -0.136026 -0.715533 0.649835 0.256372 -0.83766 0.481533 0.257781 -0.621745 0.514255 0.590742 -0.546119 0.672611 0.499348 -0.564527 0.600792 -0.566002 -0.7438 0.390875 -0.542198 -0.427997 0.35353 -0.831766 -0.272494 0.603492 -0.749363 0.005179 0.374233 -0.92732 0.032068 0.541686 -0.839969 0.417116 0.410803 -0.810713 0.520104 0.50066 -0.691977 0.810643 0.409378 -0.418649 0.735484 0.415268 -0.535365 0.873871 0.454902 -0.171505 0.892164 0.435486 -0.11998 0.836054 0.521919 0.169157 0.881141 0.450912 0.142368 0.94156 0.329127 -0.071701 0.575857 0.637609 -0.511707 0.06013 0.90059 -0.43049 -0.093173 0.786899 -0.610008 0.833308 0.552689 0.011535 0.743366 0.444357 0.499954 0.702723 0.559168 0.439899 0.415512 0.562095 0.715121 0.367529 0.907691 0.202532 0.296297 0.571733 0.765068 0.661846 0.595711 0.455069 0.446491 0.526356 0.723599 0.442161 0.54628 0.711387 0.209391 0.522736 0.826379 -0.120649 0.633561 0.764227 -0.202048 0.601085 0.773223 0.107219 0.535669 0.837593 -0.285022 0.530313 0.798455 -0.546119 0.672611 0.499348 -0.621745 0.514255 0.590742 0.564172 0.729372 0.386946 0.713915 0.697267 0.064374 0.477416 0.825686 0.300528 0.614582 0.788295 -0.029654 0.415509 0.887093 0.201042 0.574074 0.812236 -0.1035 0.400471 0.908534 0.119117 0.588019 0.795148 -0.148233 0.433511 0.896231 0.094016 0.653092 0.745562 -0.132698 0.506522 0.848971 0.150612 0.746939 0.663173 -0.047784 0.592037 0.756105 0.278922 0.836457 0.539368 0.097066 0.656123 0.608057 0.446956 0.884821 0.372914 0.279332 0.671432 0.416388 0.613026 0.865282 0.169777 0.47166 0.624772 0.201392 0.754388 0.770727 -0.057702 0.634548 0.613868 -0.268813 0.74223 0.521024 0.001776 0.85354 0.447365 -0.321509 0.834564 0.381286 -0.154749 0.911413 0.994332 0.084544 0.064476 0.959957 -0.121696 0.252335 0.971728 -0.172511 -0.161198 0.943246 -0.332062 0.004739 0.934305 -0.329145 -0.136884 0.905851 -0.271165 -0.325429 0.330763 0.771105 0.544052 0.388903 0.625307 0.676569 -0.040455 0.838306 0.543698 -0.008285 0.765755 0.643079 0.031185 0.870847 0.490564 -0.003141 0.814271 0.580477 0.46296 0.708578 0.532528 0.412017 0.815814 0.40582 0.136176 0.93581 0.325139 -0.170439 0.885406 0.432442 -0.190272 0.890904 0.412416 -0.187565 0.952008 0.241867 0.849589 -0.251417 -0.463668 0.948139 -0.012798 -0.317599 0.782785 -0.208922 -0.586174 0.94607 -0.047615 -0.320445 0.030685 0.895357 0.44429 0.27799 0.870119 0.406957 0.592037 0.756105 0.278922 0.961993 0.246692 -0.117097 0.884821 0.372914 0.279332 0.836457 0.539368 0.097066 0.510066 -0.510285 -0.692417 0.731559 -0.276311 -0.623277 0.875004 0.051584 -0.481359 0.585487 -0.28533 -0.75881 0.772793 0.118092 -0.623575 0.487269 -0.156914 -0.859038 0.159646 -0.513535 -0.843087 0.046422 -0.351411 -0.93507 0.395413 -0.019443 -0.918298 -0.035171 -0.106941 -0.993643 0.348306 0.134431 -0.927691 -0.040348 0.174117 -0.983898 -0.487641 -0.249037 -0.836772 -0.493866 0.093373 -0.86451 -0.835638 -0.250279 -0.488947 -0.839021 0.10364 -0.534137 -0.992219 -0.09456 -0.080998 -0.715572 -0.509454 -0.477927 -0.943493 -0.299697 -0.141428 -0.490059 -0.316802 -0.812083 -0.505432 -0.209571 -0.83703 -0.96368 0.223617 0.146003 -0.596564 -0.075232 -0.799032 -0.715549 0.543547 -0.438801 -0.723344 0.639677 0.259974 -0.72683 0.457046 0.512666 -0.947285 0.148118 0.284099 -0.716583 0.37774 0.586363 -0.906928 0.321649 0.272074 -0.680488 0.44292 0.583745 -0.972055 0.199418 -0.123863 0.360229 0.294937 -0.885013 0.578741 0.401572 -0.709788 0.628907 0.449077 -0.63467 0.67256 0.628282 -0.391055 0.755835 0.582382 -0.299241 0.614582 0.788295 -0.029654 0.713915 0.697267 0.064374 -0.884796 0.445682 -0.136026 -0.83766 0.481533 0.257781 0.873871 0.454902 -0.171505 0.735484 0.415268 -0.535365 0.417116 0.410803 -0.810713 0.005179 0.374233 -0.92732 -0.427997 0.35353 -0.831766 -0.040348 0.174117 -0.983898 -0.7438 0.390875 -0.542198 -0.621745 0.514255 0.590742 0.574074 0.812236 -0.1035 0.665381 0.607875 -0.433309 0.588019 0.795148 -0.148233 0.709535 0.55294 -0.436825 0.599725 0.32814 -0.729831 0.348306 0.134431 -0.927691 0.395413 -0.019443 -0.918298 0.670432 0.232291 -0.704672 0.487269 -0.156914 -0.859038 0.772793 0.118092 -0.623575 0.653092 0.745562 -0.132698 0.791309 0.476029 -0.383701 0.746939 0.663173 -0.047784 0.886265 0.375967 -0.270523 0.836457 0.539368 0.097066 0.961993 0.246692 -0.117097 0.875004 0.051584 -0.481359 -0.190272 0.890904 0.412416 -0.137815 0.881552 0.451523 -0.290303 0.853951 0.431846 -0.173136 0.829024 0.531736 -0.436276 0.699763 0.56568 -0.116188 0.78321 0.610804 -0.426871 0.605901 0.671316 -0.387546 0.558564 0.733359 -0.043849 0.707059 0.705794 0.01722 0.640666 0.767627 -0.338704 0.530609 0.777003 -0.680488 0.44292 0.583745 -0.716583 0.37774 0.586363 0.327616 0.710795 0.622445 0.253198 0.798822 0.545687 0.564172 0.729372 0.386946 0.477416 0.825686 0.300528 -0.285022 0.530313 0.798455 0.107219 0.535669 0.837593 0.442161 0.54628 0.711387 0.661846 0.595711 0.455069 -0.621745 0.514255 0.590742 0.186737 0.875916 0.444859 0.415509 0.887093 0.201042 0.15226 0.923735 0.351468 0.400471 0.908534 0.119117 0.154018 0.941514 0.299715 0.433511 0.896231 0.094016 0.215963 0.920796 0.324798 0.506522 0.848971 0.150612 0.27799 0.870119 0.406957 0.592037 0.756105 0.278922 -0.570853 0.660275 0.48802 -0.72683 0.457046 0.512666 -0.417765 0.85125 0.317561 -0.290303 0.853951 0.431846 -0.014077 0.912253 0.409385 0.030685 0.895357 0.44429 -0.190272 0.890904 0.412416 -0.137815 0.881552 0.451523 -0.187565 0.952008 0.241867 -0.993088 -0.117375 -0.000353 -0.878084 -0.093836 -0.469215 -0.937959 -0.346742 -0.001488 -0.834298 -0.301868 -0.461328 -0.589787 -0.204875 -0.781139 -0.614727 -0.063471 -0.786182 -0.386093 -0.130506 -0.913182 -0.400992 -0.038576 -0.915269 -0.248047 -0.026674 -0.968381 -0.246459 -0.103811 -0.963577 -0.236526 -0.167061 -0.957155 -0.323328 -0.215756 -0.921362 -0.148568 -0.183309 -0.971764 -0.202538 -0.286522 -0.936421 -0.013099 -0.194763 -0.980763 -0.036576 -0.315023 -0.948379 0.14888 -0.296047 -0.943499 0.14736 -0.186035 -0.97143 -0.317331 -0.454236 -0.832449 -0.085435 -0.516391 -0.852081 -0.387866 0.040079 -0.920844 -0.597543 0.066238 -0.799096 -0.350386 0.116561 -0.929324 -0.212337 0.094661 -0.972601 -0.188158 0.132817 -0.973117 -0.265591 0.187268 -0.945723 -0.239001 0.039381 -0.97022 -0.542507 0.188612 -0.818603 -0.416881 0.316378 -0.852124 -0.497708 -0.349097 -0.793989 0.170249 -0.485624 -0.857429 0.159951 -0.59219 -0.789763 0.087907 -0.314244 -0.945263 -0.801489 0.291836 -0.521965 -0.647708 0.520914 -0.555989 0.377152 -0.776358 -0.505 0.188323 -0.819516 -0.541228 -0.476012 -0.697935 -0.53507 -0.151368 -0.833293 -0.531705 -0.868282 0.100068 -0.485874 -0.230678 0.454782 -0.86021 -0.355511 0.749528 -0.558408 -0.878084 -0.093836 -0.469215 -0.706899 -0.50912 -0.49101 -0.834298 -0.301868 -0.461328 -0.937959 -0.346742 -0.001488 -0.801061 -0.598581 -0.001418 0.137305 -0.990523 -0.003258 -0.200494 -0.979684 -0.004649 0.420137 -0.907459 -0.001707 0.259739 -0.964765 -0.041991 0.187908 -0.907634 -0.375353 -0.705449 -0.508745 0.493478 -0.832157 -0.302307 0.464893 -0.479236 -0.339058 0.80955 -0.309334 -0.438336 0.843904 -0.478651 -0.697369 0.53345 -0.104218 -0.504435 0.857137 -0.051905 -0.280137 0.958556 -0.179279 -0.252187 0.950926 0.076682 -0.512443 0.855291 0.087985 -0.26417 0.960454 -0.020532 -0.159353 0.987008 0.052796 -0.169701 0.98408 0.056764 -0.60318 0.795583 -0.073356 -0.377579 0.923067 0.267098 -0.844189 0.464762 0.125238 -0.831155 0.541753 -0.176018 -0.834358 0.522365 -0.567205 -0.200127 0.798892 -0.285369 -0.201463 0.937005 -0.12065 -0.15813 0.98002 -0.192391 -0.149659 0.969839 -0.341663 -0.12588 0.931354 -0.192186 -0.095768 0.976674 -0.361102 -0.041369 0.931608 -0.197112 -0.035158 0.97975 -0.59164 -0.062643 0.803765 -0.358778 0.034949 0.932769 -0.577451 0.063629 0.813942 -0.33043 0.107896 0.937643 -0.181229 0.076104 0.980492 -0.167798 0.11722 0.978827 -0.252541 0.17562 0.951515 -0.19233 0.023347 0.981053 -0.524394 0.181636 0.831877 -0.406682 0.308046 0.860068 -0.800787 0.291631 0.523155 -0.648419 0.519961 0.556051 -0.86665 0.099881 0.488816 -0.230556 0.46248 0.856129 -0.349043 0.740814 0.573902 -0.875783 -0.094005 0.473462 -0.832157 -0.302307 0.464893 0.420137 -0.907459 -0.001707 0.137305 -0.990523 -0.003258 0.11644 -0.947387 0.298161 0.259739 -0.964765 -0.041991 -0.937959 -0.346742 -0.001488 -0.993088 -0.117375 -0.000353 -0.105894 0.134392 0.985254 -0.141626 0.253719 0.956854 -0.932015 0.362407 -0.00308 -0.764168 0.645012 -0.002434 -0.647708 0.520914 -0.555989 -0.355511 0.749528 -0.558408 -0.421354 0.906559 0.024716 -0.801489 0.291836 -0.521965 -0.992899 0.118959 0.0007 -0.868282 0.100068 -0.485874 -0.878084 -0.093836 -0.469215 -0.421354 0.906559 0.024716 -0.118255 0.087608 0.989111 0.037845 0.79007 -0.611848 0.01995 0.461327 -0.887006 0.369861 0.740906 -0.560591 0.232303 0.440787 -0.867031 -0.001155 0.266625 -0.9638 0.139633 0.265609 -0.953915 -0.01807 0.15517 -0.987723 0.087712 0.156285 -0.98381 0.268749 0.231207 -0.935049 0.190099 0.147375 -0.97064 0.389483 0.168868 -0.90542 0.243707 0.142822 -0.959275 0.218869 0.163796 -0.961908 0.231376 0.084802 -0.969161 0.310174 0.388573 -0.867642 0.551174 0.270265 -0.789407 0.403508 0.374561 -0.834796 0.425992 0.681617 -0.594919 0.767997 0.422311 -0.481491 0.610567 0.59944 -0.517572 0.645485 0.75704 -0.101188 0.862554 0.505696 -0.016489 0.699545 0.714547 -0.007721 0.429073 0.903259 -0.004467 0.02955 0.999558 -0.003365 0.050522 0.071598 -0.996153 0.153811 0.075412 -0.985218 0.142486 -0.005254 -0.989783 0.249791 0.006189 -0.96828 0.141933 -0.093265 -0.985473 0.255401 -0.089764 -0.962659 0.173003 0.01042 -0.984866 0.084101 -0.123436 -0.988782 -0.187046 0.032388 -0.981817 -0.21444 -0.176402 -0.960676 0.087907 -0.314244 -0.945263 -0.36222 -0.443873 -0.819618 -0.202656 0.484759 -0.850846 -0.287835 0.258918 -0.922015 -0.080466 0.747961 -0.658847 -0.00786 0.977834 -0.209234 0.019295 -0.009277 -0.999771 -0.10822 -0.01764 -0.99397 -0.123577 -0.09988 -0.987296 -0.246459 -0.103811 -0.963577 -0.248047 -0.026674 -0.968381 -0.086268 0.066427 -0.994055 -0.239001 0.039381 -0.97022 0.004958 -0.099269 -0.995048 0.087712 0.156285 -0.98381 -0.01807 0.15517 -0.987723 -0.145532 0.107056 -0.983544 -0.125935 0.15136 -0.980424 -0.236526 -0.167061 -0.957155 -0.148568 -0.183309 -0.971764 -0.013099 -0.194763 -0.980763 0.14736 -0.186035 -0.97143 0.272506 -0.159692 -0.948809 0.14888 -0.296047 -0.943499 -0.153183 0.262059 -0.952817 -0.265591 0.187268 -0.945723 -0.188158 0.132817 -0.973117 -0.416881 0.316378 -0.852124 -0.230678 0.454782 -0.86021 -0.001155 0.266625 -0.9638 0.01995 0.461327 -0.887006 -0.355511 0.749528 -0.558408 -0.212337 0.094661 -0.972601 0.087907 -0.314244 -0.945263 -0.36222 -0.443873 -0.819618 0.159951 -0.59219 -0.789763 -0.103494 -0.767202 -0.633001 0.187908 -0.907634 -0.375353 -0.078282 -0.99226 -0.09639 0.259739 -0.964765 -0.041991 0.937959 -0.346742 -0.001488 0.878084 -0.093836 -0.469215 0.993088 -0.117375 -0.000353 0.834298 -0.301867 -0.461328 0.589787 -0.204874 -0.781139 0.614727 -0.063471 -0.786182 0.386093 -0.130505 -0.913182 0.400992 -0.038577 -0.915269 0.248047 -0.026674 -0.968381 0.246459 -0.103811 -0.963577 0.236526 -0.167061 -0.957155 0.323328 -0.215756 -0.921362 0.148568 -0.183309 -0.971764 0.202538 -0.286522 -0.936421 0.013099 -0.194763 -0.980763 0.036576 -0.315023 -0.948379 -0.14888 -0.296047 -0.943499 -0.147361 -0.186035 -0.97143 0.317331 -0.454236 -0.832449 0.085435 -0.516391 -0.852081 0.387866 0.040079 -0.920844 0.597543 0.066238 -0.799096 0.350386 0.116561 -0.929324 0.212337 0.094661 -0.972601 0.188158 0.132817 -0.973117 0.265591 0.187268 -0.945723 0.239001 0.039381 -0.97022 0.542507 0.188612 -0.818603 0.416881 0.316379 -0.852124 0.497708 -0.349097 -0.793989 -0.170249 -0.485624 -0.857429 -0.15995 -0.59219 -0.789764 -0.087906 -0.314244 -0.945264 0.801489 0.291836 -0.521965 0.647707 0.520914 -0.555989 -0.377151 -0.776358 -0.505001 -0.188323 -0.819516 -0.541228 0.476012 -0.697935 -0.53507 0.151368 -0.833293 -0.531705 0.868282 0.100068 -0.485874 0.230678 0.454782 -0.86021 0.355511 0.749528 -0.558408 0.878084 -0.093836 -0.469215 0.706899 -0.50912 -0.49101 0.834298 -0.301867 -0.461328 0.937959 -0.346742 -0.001488 0.801061 -0.598581 -0.001418 -0.137305 -0.990524 -0.003258 0.200494 -0.979684 -0.004649 -0.420136 -0.90746 -0.001707 -0.259737 -0.964766 -0.041992 -0.187906 -0.907634 -0.375355 0.705449 -0.508745 0.493478 0.832157 -0.302307 0.464893 0.479236 -0.339058 0.80955 0.309334 -0.438336 0.843904 0.478651 -0.697369 0.53345 0.104218 -0.504435 0.857137 0.051905 -0.280137 0.958556 0.179279 -0.252187 0.950926 -0.076682 -0.512443 0.855291 -0.087986 -0.26417 0.960454 0.020532 -0.159353 0.987008 -0.052796 -0.169701 0.98408 -0.056763 -0.60318 0.795583 0.073356 -0.377579 0.923067 -0.267098 -0.844189 0.464762 -0.125238 -0.831155 0.541753 0.176018 -0.834358 0.522365 0.567205 -0.200126 0.798892 0.285369 -0.201463 0.937005 0.12065 -0.15813 0.98002 0.192391 -0.149659 0.969839 0.341663 -0.12588 0.931354 0.192186 -0.095768 0.976674 0.361102 -0.041369 0.931608 0.197112 -0.035158 0.97975 0.59164 -0.062643 0.803765 0.358778 0.034949 0.932769 0.577451 0.063629 0.813942 0.33043 0.107896 0.937643 0.181229 0.076104 0.980492 0.167799 0.11722 0.978827 0.252541 0.17562 0.951515 0.19233 0.023347 0.981053 0.524394 0.181636 0.831877 0.406682 0.308046 0.860068 0.800787 0.291631 0.523155 0.648419 0.519962 0.556051 0.86665 0.099881 0.488816 0.230556 0.46248 0.856129 0.349043 0.740815 0.573902 0.875783 -0.094005 0.473462 0.832157 -0.302307 0.464893 -0.420136 -0.90746 -0.001707 -0.137305 -0.990524 -0.003258 -0.116438 -0.947388 0.29816 -0.259737 -0.964766 -0.041992 0.937959 -0.346742 -0.001488 0.993088 -0.117375 -0.000353 0.105895 0.134392 0.985254 0.141626 0.253719 0.956854 0.932015 0.362407 -0.00308 0.764168 0.645013 -0.002434 0.647707 0.520914 -0.555989 0.355511 0.749528 -0.558408 0.421354 0.90656 0.024716 0.801489 0.291836 -0.521965 0.992899 0.118959 0.0007 0.868282 0.100068 -0.485874 0.878084 -0.093836 -0.469215 0.421354 0.90656 0.024716 0.118255 0.087608 0.989111 -0.037845 0.79007 -0.611848 -0.01995 0.461328 -0.887006 -0.36986 0.740905 -0.560591 -0.232303 0.440786 -0.867031 0.001155 0.266625 -0.9638 -0.139633 0.265609 -0.953915 0.018069 0.15517 -0.987723 -0.087712 0.156285 -0.98381 -0.268749 0.231207 -0.935049 -0.190099 0.147375 -0.97064 -0.389484 0.168868 -0.90542 -0.243707 0.142822 -0.959275 -0.218869 0.163794 -0.961908 -0.231376 0.084802 -0.969161 -0.310174 0.388561 -0.867648 -0.551175 0.270265 -0.789407 -0.403507 0.374561 -0.834797 -0.425954 0.681551 -0.595022 -0.767998 0.422311 -0.48149 -0.610566 0.59944 -0.517572 -0.645402 0.757056 -0.101597 -0.862555 0.505695 -0.016488 -0.699545 0.714547 -0.007721 -0.429073 0.903259 -0.004467 -0.02955 0.999558 -0.003366 -0.050522 0.071598 -0.996153 -0.153811 0.075411 -0.985218 -0.142486 -0.005254 -0.989783 -0.249791 0.006189 -0.96828 -0.141934 -0.093265 -0.985473 -0.255401 -0.089764 -0.962659 -0.173003 0.01042 -0.984866 -0.0841 -0.123436 -0.988782 0.187046 0.032388 -0.981817 0.214442 -0.176402 -0.960675 -0.087906 -0.314244 -0.945264 0.362222 -0.443873 -0.819617 0.202653 0.484746 -0.850855 0.287834 0.258917 -0.922016 0.080463 0.747904 -0.658912 0.007867 0.97774 -0.209673 -0.019295 -0.009277 -0.999771 0.10822 -0.01764 -0.99397 0.123577 -0.09988 -0.987296 0.246459 -0.103811 -0.963577 0.248047 -0.026674 -0.968381 0.086268 0.066427 -0.994055 0.239001 0.039381 -0.97022 -0.004958 -0.099269 -0.995048 -0.087712 0.156285 -0.98381 0.018069 0.15517 -0.987723 0.145532 0.107056 -0.983544 0.125935 0.15136 -0.980424 0.236526 -0.167061 -0.957155 0.148568 -0.183309 -0.971764 0.013099 -0.194763 -0.980763 -0.147361 -0.186035 -0.97143 -0.272506 -0.159692 -0.948809 -0.14888 -0.296047 -0.943499 0.153183 0.262059 -0.952817 0.265591 0.187268 -0.945723 0.188158 0.132817 -0.973117 0.416881 0.316379 -0.852124 0.230678 0.454782 -0.86021 0.001155 0.266625 -0.9638 -0.01995 0.461328 -0.887006 0.355511 0.749528 -0.558408 0.212337 0.094661 -0.972601 0.103498 -0.7672 -0.633003 0.362222 -0.443873 -0.819617 -0.15995 -0.59219 -0.789764 -0.187906 -0.907634 -0.375355 0.078287 -0.992259 -0.096397 -0.259737 -0.964766 -0.041992 -0.087906 -0.314244 -0.945264 -0.777108 0.615844 -0.129764 -0.765079 0.51791 -0.382654 -0.620761 0.695977 -0.360932 -0.731968 0.563584 -0.38288 -0.611024 0.772438 -0.173173 -0.778494 0.627005 -0.028492 -0.609346 0.789275 0.075782 -0.69664 0.688484 0.2017 -0.100951 0.926913 0.361442 -0.445139 0.662459 0.602494 -0.752164 0.653795 0.082474 -0.511458 0.697546 -0.501837 -0.677689 0.540952 -0.498104 -0.738624 0.674106 -0.004066 -0.00786 0.977834 -0.209234 -0.080466 0.747961 -0.658847 -0.4178 0.719062 -0.555332 -0.493938 0.556114 -0.668403 -0.236727 0.730818 -0.640207 -0.275468 0.554332 -0.785387 -0.005134 0.528591 -0.848861 -0.022377 0.70047 -0.713331 0.184491 0.630358 -0.754063 0.060481 0.761942 -0.644815 -0.075856 0.843072 -0.532424 0.261776 0.538652 -0.800829 0.491362 0.483022 -0.724744 0.411564 0.449336 -0.792914 0.694727 0.477944 -0.537517 0.671905 0.365666 -0.644075 0.779406 0.527084 -0.338688 0.834226 0.508434 -0.213451 0.626005 0.75833 -0.181805 0.821606 0.569211 -0.031034 0.63104 0.773328 0.061253 0.702103 0.682418 0.203363 0.100992 0.927694 0.359423 0.444854 0.66203 0.603176 0.776319 0.62753 0.059453 0.52853 0.677645 -0.511326 0.913496 0.374515 -0.158943 0.007867 0.97774 -0.209673 0.080463 0.747904 -0.658912 0.948139 -0.012798 -0.317599 0.782785 -0.208922 -0.586174 0.367687 -0.266737 -0.890875 0.104146 -0.220425 -0.969828 0.433349 -0.475516 -0.765567 -0.303394 0.098447 -0.947766 0.921798 0.387642 -0.004762 0.995605 0.035642 -0.086601 0.856875 0.488479 0.164783 0.797801 0.501796 0.334238 0.936307 0.333738 0.109309 0.935846 0.225968 0.270427 0.972515 -0.219762 0.07694 0.904014 0.177627 0.388854 0.931892 -0.229537 0.280875 0.856807 -0.205713 0.472826 0.816383 0.026922 0.576884 -0.513604 -0.093659 -0.8529 -0.284697 0.36729 -0.885463 -0.178094 0.76131 -0.62345 -0.206657 0.82024 -0.533385 -0.075856 0.843072 -0.532424 -0.185134 0.853456 -0.487174 -0.022377 0.70047 -0.713331 -0.236727 0.730818 -0.640207 -0.254044 0.761809 -0.59591 -0.4178 0.719062 -0.555332 -0.33573 0.772982 -0.538316 -0.620761 0.695977 -0.360932 -0.429317 0.754275 -0.496746 -0.297595 0.761184 -0.576225 -0.2338 0.332946 -0.913501 -0.487578 0.26187 -0.832882 -0.264599 0.103209 -0.95882 -0.765079 0.51791 -0.382654 -0.746451 0.059328 -0.66279 -0.896037 0.435604 -0.085826 -0.932674 -0.039086 -0.358596 -0.927157 0.365894 0.080628 -0.796348 0.597835 0.091776 -0.805767 0.566501 0.172672 -0.69664 0.688484 0.2017 -0.752164 0.653795 0.082474 -0.445139 0.662459 0.602494 -0.788903 0.517463 0.331458 -0.738624 0.674106 -0.004066 -0.868216 0.37797 0.321465 -0.986509 0.046501 0.156965 -0.859532 0.324115 0.395163 -0.89787 -0.174585 0.404164 -0.812498 0.168307 0.558139 -0.73216 -0.177741 0.657533 0.184858 0.426476 0.885407 0.232383 0.38715 0.892252 0.103378 0.464394 0.879574 0.17154 0.458553 0.871954 0.195011 0.452298 0.870286 0.244058 0.388941 0.888347 0.049018 0.46884 0.881922 0.056353 0.465659 0.883168 -0.065943 0.477302 0.876261 -0.005261 0.508132 0.861263 -0.13672 0.514751 0.846368 -0.083517 0.569462 0.817764 0.28528 0.438406 0.8523 0.192815 0.543407 0.817026 0.356175 0.251069 0.900058 0.413425 0.308858 0.856555 0.489269 0.064559 0.86974 0.586829 0.109757 0.802237 -0.179858 0.658135 0.731101 -0.238311 0.561041 0.792743 -0.31277 0.745639 0.588386 -0.163236 0.849704 0.501355 -0.081592 0.739195 0.668531 -0.406936 0.603739 0.685494 -0.171239 0.480134 0.860319 -0.261064 0.478691 0.838273 -0.445567 0.448467 0.774821 -0.679678 0.352914 0.643031 -0.641883 0.592726 0.48648 -0.910931 0.1572 0.381435 -0.813708 -0.110418 0.57069 -0.616976 0.136358 0.775079 -0.630848 -0.313041 0.709955 -0.491277 -0.041682 0.870005 -0.41255 -0.458718 0.787007 -0.328895 -0.177734 0.92749 -0.188209 -0.545549 0.816672 -0.146783 -0.262297 0.953758 0.028773 -0.433463 0.900712 0.040392 -0.291558 0.9557 0.236925 -0.538553 0.808596 0.216756 -0.255938 0.942079 -0.870546 0.464552 0.162298 -0.948113 0.172096 -0.267329 -0.989973 -0.14118 0.004664 -0.81582 -0.110888 -0.567575 -0.946272 -0.229187 -0.228128 -0.899898 -0.32909 0.286153 -0.955076 -0.265853 0.130967 -0.248442 0.40562 0.87963 -0.132968 0.458339 0.878775 -0.065943 0.477302 0.876261 -0.063094 0.431043 0.900123 0.056353 0.465659 0.883168 0.023157 0.447388 0.89404 0.151279 0.46863 0.870345 0.100061 0.492976 0.86427 0.237443 0.569998 0.78659 0.151743 0.523561 0.838366 0.253766 0.604452 0.755142 0.352363 0.45956 0.815258 0.365779 0.54025 0.757849 0.400227 0.29272 0.868408 0.403966 0.388107 0.828363 0.489269 0.064559 0.86974 0.43338 0.285657 0.854741 0.586829 0.109757 0.802237 0.503415 0.300607 0.810067 0.695249 0.247844 0.674686 0.636622 0.374771 0.673987 0.164275 0.543894 0.822917 0.243243 0.547961 0.800357 0.132448 0.354542 0.925612 0.090421 0.277488 0.956465 0.3165 0.340667 0.88531 0.241042 0.420821 0.874533 0.232383 0.38715 0.892252 0.184858 0.426476 0.885407 0.244058 0.388941 0.888347 0.356175 0.251069 0.900058 0.746701 0.425491 0.511267 0.543126 0.528338 0.65259 0.509079 0.40629 0.758793 0.538566 0.629983 0.559524 0.723882 0.572714 0.384698 0.458085 0.716924 0.525526 0.621697 0.709149 0.332567 0.331892 0.774872 0.537979 0.446335 0.825556 0.345316 0.185665 0.796926 0.574837 0.232134 0.892717 0.386225 0.045139 0.784447 0.618551 0.022557 0.899154 0.437051 0.369099 0.680166 0.633357 0.296636 0.688236 0.662071 0.28702 0.601537 0.745502 0.382841 0.625467 0.67987 0.192815 0.543407 0.817026 0.189693 0.682371 0.705965 0.28528 0.438406 0.8523 0.379433 0.512636 0.770217 0.413425 0.308858 0.856555 0.444682 0.556554 0.701787 0.085638 0.664475 0.742387 0.411818 0.890476 0.193543 0.218135 0.962282 0.162577 0.39987 0.916572 -0.000378 0.242082 0.96219 -0.12485 -0.187565 0.952008 0.241867 -0.134993 0.96917 -0.206123 0.122903 0.55864 0.820254 0.195011 0.452298 0.870286 0.17154 0.458553 0.871954 0.103378 0.464394 0.879574 0.047538 0.538069 0.841559 0.136176 0.93581 0.325139 0.529422 0.801856 0.277019 0.599746 0.691219 0.403138 0.723882 0.572714 0.384698 0.412017 0.815814 0.40582 0.59597 0.583045 0.552158 0.746701 0.425491 0.511267 0.636622 0.374771 0.673987 0.258297 0.685666 0.680548 0.46296 0.708578 0.532528 0.18362 0.651222 0.736338 0.503415 0.300607 0.810067 0.218859 0.569657 0.792207 0.43338 0.285657 0.854741 0.243243 0.547961 0.800357 -0.010654 0.627997 0.778143 -0.083517 0.569462 0.817764 -0.005261 0.508132 0.861263 -0.081592 0.739195 0.668531 0.045139 0.784447 0.618551 0.174121 0.551851 0.815562 0.164275 0.543894 0.822917 0.166685 0.461605 0.871285 0.139688 0.594502 0.791868 0.134457 0.660702 0.738508 0.094128 0.689254 0.71838 0.118177 0.732374 0.670569 -0.003141 0.814271 0.580477 -0.008285 0.765755 0.643079 0.365698 0.292202 0.883676 0.383385 0.469356 0.795438 0.521024 0.001776 0.85354 0.624772 0.201392 0.754388 0.388903 0.625307 0.676569 0.381286 -0.154749 0.911413 0.281301 0.166163 0.945124 0.179758 0.053744 0.982242 0.216756 -0.255938 0.942079 0.258297 0.685666 0.680548 0.46296 0.708578 0.532528 0.132448 0.354542 0.925612 0.05308 0.016903 0.998447 0.040392 -0.291558 0.9557 -0.081217 0.025143 0.996379 -0.146783 -0.262297 0.953758 -0.217189 0.089016 0.972062 -0.328895 -0.177734 0.92749 -0.332877 0.183415 0.92496 -0.491277 -0.041682 0.870005 -0.422652 0.304005 0.853783 -0.616976 0.136358 0.775079 -0.445567 0.448467 0.774821 -0.00296 0.265845 0.964011 0.090421 0.277488 0.956465 0.100061 0.492976 0.86427 0.023157 0.447388 0.89404 -0.103811 0.292776 0.950529 -0.063094 0.431043 0.900123 -0.190718 0.332524 0.923609 -0.132968 0.458339 0.878775 -0.248442 0.40562 0.87963 -0.261064 0.478691 0.838273 0.236925 -0.538553 0.808596 0.447365 -0.321509 0.834564 0.27388 -0.51809 0.810292 0.028773 -0.433463 0.900712 0.024827 -0.510613 0.859452 -0.188209 -0.545549 0.816672 -0.233905 -0.450132 0.861783 -0.41255 -0.458718 0.787007 -0.47929 -0.461194 0.746714 -0.286348 -0.294573 0.911719 -0.513462 -0.314761 0.798299 -0.73216 -0.177741 0.657533 -0.737859 -0.401581 0.542492 -0.630848 -0.313041 0.709955 -0.813708 -0.110418 0.57069 -0.899898 -0.32909 0.286153 -0.898989 -0.224748 0.375908 -0.955076 -0.265853 0.130967 0.008071 -0.332974 0.942901 0.312501 -0.304467 0.899802 -0.89787 -0.174585 0.404164 0.509944 -0.392505 0.765439 0.613868 -0.268813 0.74223 0.702998 -0.357355 0.614891 0.615559 -0.229711 0.75387 0.774185 -0.387588 0.500413 0.770727 -0.057702 0.634548 0.854181 -0.257415 0.451788 0.959957 -0.121696 0.252335 0.884699 -0.4101 0.221642 0.931892 -0.229537 0.280875 0.856807 -0.205713 0.472826 0.943246 -0.332062 0.004739 0.965458 -0.253197 0.061504 0.934305 -0.329145 -0.136884 0.972515 -0.219762 0.07694 0.995605 0.035642 -0.086601 0.905851 -0.271165 -0.325429 0.948139 -0.012798 -0.317599 -0.986509 0.046501 0.156965 -0.932674 -0.039086 -0.358596 -0.946272 -0.229187 -0.228128 -0.75815 -0.008229 -0.652028 -0.746451 0.059328 -0.66279 -0.487578 0.26187 -0.832882 -0.48453 -0.077562 -0.87133 -0.81582 -0.110888 -0.567575 -0.603463 0.081072 -0.793259 -0.948113 0.172096 -0.267329 -0.743543 0.483643 -0.461772 -0.870546 0.464552 0.162298 -0.680314 0.732096 -0.034758 -0.641883 0.592726 0.48648 -0.499298 0.798499 0.336304 -0.406936 0.603739 0.685494 -0.31277 0.745639 0.588386 -0.366162 0.022658 -0.930275 -0.430566 0.333098 -0.838844 -0.389329 0.467509 -0.793636 -0.426064 0.692078 -0.582664 -0.268192 0.829115 -0.490553 -0.386204 0.908072 -0.162027 -0.109956 0.982046 -0.153279 -0.278951 0.933974 0.223336 -0.015965 0.985541 0.168682 -0.163236 0.849704 0.501355 0.022557 0.899154 0.437051 -0.38851 0.003105 -0.921439 -0.373011 0.094668 -0.922985 -0.347507 0.006708 -0.937654 -0.2338 0.332946 -0.913501 -0.264599 0.103209 -0.95882 -0.596564 -0.075232 -0.799032 -0.505432 -0.209571 -0.83703 -0.715549 0.543547 -0.438801 -0.134993 0.96917 -0.206123 0.242082 0.96219 -0.12485 0.218135 0.962282 0.162577 -0.081592 0.739195 0.668531 0.045139 0.784447 0.618551 -0.715549 0.543547 -0.438801 -0.723344 0.639677 0.259974 -0.417765 0.85125 0.317561 -0.187565 0.952008 0.241867 -0.284697 0.36729 -0.885463 -0.513604 -0.093659 -0.8529 0.159646 -0.513535 -0.843087 -0.240863 -0.513845 -0.823376 0.046422 -0.351411 -0.93507 -0.38881 -0.518934 -0.761271 -0.487641 -0.249037 -0.836772 -0.835638 -0.250279 -0.488947 -0.715572 -0.509454 -0.477927 -0.490059 -0.316802 -0.812083 -0.303394 0.098447 -0.947766 0.104146 -0.220425 -0.969828 -0.505432 -0.209571 -0.83703 -0.513604 -0.093659 -0.8529 0.172403 -0.448923 -0.876781 0.367687 -0.266737 -0.890875 0.261053 -0.537093 -0.802111 0.463528 -0.43743 -0.770582 0.433349 -0.475516 -0.765567 0.510066 -0.510285 -0.692417 0.782785 -0.208922 -0.586174 0.348466 -0.552641 -0.757073 0.585487 -0.28533 -0.75881 0.731559 -0.276311 -0.623277 -0.124462 0.015503 0.992103 -0.076285 0.148495 0.985967 0.063232 -0.015921 0.997872 0.081431 0.045417 0.995644 0.217887 0.104191 0.970397 0.158716 0.112259 0.980922 0.312989 0.170174 0.934387 0.224695 0.21124 0.951257 0.077466 0.121804 0.989527 0.125647 0.237974 0.96311 -0.002744 0.125657 0.99207 0.003244 0.243864 0.969804 0.221047 0.42362 0.878455 0.01978 0.447627 0.894002 0.380491 0.372998 0.846226 0.514719 0.300546 0.802955 0.368442 0.742975 0.558783 0.039063 0.790432 0.611303 0.604062 0.608683 0.514406 0.76046 0.452965 0.465321 0.429073 0.903259 -0.004467 0.02955 0.999558 -0.003365 0.699545 0.714547 -0.007721 0.457103 0.77686 0.433066 0.165049 0.589439 0.790772 0.862554 0.505696 -0.016489 0.04894 -0.069918 0.996351 -0.221029 -0.087429 0.97134 0.062768 0.297287 0.952723 -0.445139 0.662459 0.602494 -0.444786 0.402514 0.800092 0.044339 0.047869 0.997869 -0.539902 0.063065 0.839362 -0.124462 0.015503 0.992103 -0.536784 -0.067123 0.841045 0.026823 -0.02181 0.999402 0.081431 0.045417 0.995644 0.063232 -0.015921 0.997872 -0.010781 -0.087862 0.996074 -0.057174 0.047182 0.997249 -0.076484 -0.023307 0.996798 -0.197112 -0.035158 0.97975 -0.192186 -0.095768 0.976674 -0.098431 -0.091863 0.990895 -0.19233 0.023347 0.981053 -0.020532 -0.159353 0.987008 0.052796 -0.169701 0.98408 -0.12065 -0.15813 0.98002 -0.192391 -0.149659 0.969839 0.645485 0.75704 -0.101188 -0.00786 0.977834 -0.209234 -0.100951 0.926913 0.361442 -0.118255 0.087608 0.989111 -0.002744 0.125657 0.99207 -0.105894 0.134392 0.985254 0.003244 0.243864 0.969804 -0.141626 0.253719 0.956854 -0.230556 0.46248 0.856129 0.01978 0.447627 0.894002 -0.349043 0.740814 0.573902 0.039063 0.790432 0.611303 -0.421354 0.906559 0.024716 0.02955 0.999558 -0.003365 -0.507434 0.206193 0.836657 -0.076285 0.148495 0.985967 -0.444786 0.402514 0.800092 -0.073356 -0.377579 0.923067 -0.157166 -0.216194 0.963618 -0.445566 -0.428082 0.786268 0.056764 -0.60318 0.795583 -0.294989 -0.817804 0.494144 0.11644 -0.947387 0.298161 0.267098 -0.844189 0.464762 -0.502577 -0.210539 0.838505 -0.221029 -0.087429 0.97134 -0.536784 -0.067123 0.841045 -0.078282 -0.99226 -0.09639 0.259739 -0.964765 -0.041991 0.124462 0.015503 0.992103 -0.063232 -0.015921 0.997872 0.076374 0.148436 0.985968 -0.081431 0.045417 0.995644 -0.217887 0.104191 0.970397 -0.158716 0.112258 0.980922 -0.312989 0.170174 0.934387 -0.224695 0.21124 0.951257 -0.077466 0.121804 0.989527 -0.125647 0.237974 0.96311 0.002744 0.125657 0.99207 -0.003244 0.243864 0.969804 -0.221047 0.42362 0.878456 -0.01978 0.447627 0.894002 -0.380491 0.372998 0.846227 -0.514718 0.300545 0.802955 -0.368442 0.742975 0.558783 -0.039063 0.790432 0.611303 -0.604062 0.608683 0.514406 -0.76046 0.452964 0.465322 -0.429073 0.903259 -0.004467 -0.02955 0.999558 -0.003366 -0.699545 0.714547 -0.007721 -0.457177 0.776987 0.432759 -0.165012 0.58956 0.790689 -0.862555 0.505695 -0.016488 -0.04894 -0.069918 0.996351 0.221029 -0.087429 0.97134 -0.062699 0.297156 0.952768 0.444854 0.66203 0.603176 0.445546 0.40207 0.799893 -0.044339 0.047869 0.997869 0.539903 0.063064 0.839362 0.536784 -0.067123 0.841045 -0.026823 -0.02181 0.999402 -0.063232 -0.015921 0.997872 0.010781 -0.087862 0.996074 0.057174 0.047182 0.997249 0.076484 -0.023307 0.996798 0.197112 -0.035158 0.97975 0.192186 -0.095768 0.976674 0.098431 -0.091863 0.990895 0.19233 0.023347 0.981053 0.020532 -0.159353 0.987008 -0.052796 -0.169701 0.98408 0.12065 -0.15813 0.98002 0.192391 -0.149659 0.969839 -0.645402 0.757056 -0.101597 0.007867 0.97774 -0.209673 0.100992 0.927694 0.359423 0.118255 0.087608 0.989111 0.002744 0.125657 0.99207 0.105895 0.134392 0.985254 -0.003244 0.243864 0.969804 0.141626 0.253719 0.956854 0.230556 0.46248 0.856129 -0.01978 0.447627 0.894002 0.349043 0.740815 0.573902 -0.039063 0.790432 0.611303 0.421354 0.90656 0.024716 -0.02955 0.999558 -0.003366 0.157166 -0.216194 0.963618 0.073356 -0.377579 0.923067 0.445566 -0.428082 0.786268 -0.056763 -0.60318 0.795583 0.294989 -0.817804 0.494144 -0.116438 -0.947388 0.29816 -0.267098 -0.844189 0.464762 0.502577 -0.210539 0.838505 0.221029 -0.087429 0.97134 0.536784 -0.067123 0.841045 0.078287 -0.992259 -0.096397 -0.259737 -0.964766 -0.041992 -0.349388 0.926225 -0.141548 0.06013 0.90059 -0.43049 -0.566461 0.811946 -0.140946 0.367529 0.907691 0.202532 -0.280141 0.893255 0.351593 -0.429197 0.799845 0.419568 -0.715533 0.649835 0.256372 -0.546119 0.672611 0.499348 0.367529 0.907691 0.202532 0.575857 0.637609 -0.511707 0.833308 0.552689 0.011535 0.586829 0.109757 0.802237 0.509079 0.40629 0.758793 0.413425 0.308858 0.856555 -0.801061 -0.598581 -0.001418 -0.476012 -0.697935 -0.53507 -0.546811 -0.837254 -0.002154 -0.151368 -0.833293 -0.531705 -0.200494 -0.979684 -0.004649 -0.478651 -0.697369 0.53345 -0.176018 -0.834358 0.522365 -0.200494 -0.979684 -0.004649 0.125238 -0.831155 0.541753 0.137305 -0.990523 -0.003258 0.546811 -0.837253 -0.002154 0.476012 -0.697935 -0.53507 0.801061 -0.598581 -0.001418 0.151368 -0.833293 -0.531705 0.200494 -0.979684 -0.004649 0.478651 -0.697369 0.53345 0.176018 -0.834358 0.522365 0.200494 -0.979684 -0.004649 -0.125238 -0.831155 0.541753 -0.137305 -0.990524 -0.003258 -0.120649 0.633561 0.764227 0.415512 0.562095 0.715121 -0.045012 0.706559 0.706221 -0.280141 0.893255 0.351593 -0.429197 0.799845 0.419568 -0.202048 0.601085 0.773223 -0.546119 0.672611 0.499348 0.367529 0.907691 0.202532 0.076374 0.148436 0.985968 0.507435 0.206194 0.836657 0.124462 0.015503 0.992103 0.445546 0.40207 0.799893 0.539903 0.063064 0.839362 0.643452 -0.734312 0.216229 0.568095 -0.822801 -0.016357 0.649224 -0.759955 0.031261 -0.72683 0.457046 0.512666 -0.723344 0.639677 0.259974 -0.570853 0.660275 0.48802 -0.417765 0.85125 0.317561</float_array>
					<technique_common>
						<accessor source="#mesh_7_Body01_normal_array_id" count="1495" stride="3">
							<param name="X" type="float" />
							<param name="Y" type="float" />
							<param name="Z" type="float" />
						</accessor>
					</technique_common>
				</source>
				<source id="mesh_7_Body01_uv0_id" name="mesh_7_Body01_uv0">
					<float_array id="mesh_7_Body01_uv0_array_id" count="2990">0.948938 0.60601103 0.926955 0.58875704 0.935534 0.624184 0.943509 0.5773 0.954569 0.626228 0.970161 0.610585 0.9749 0.63106203 0.986417 0.601776 0.988287 0.620645 1 0.600434 1 0.619717 0.962336 0.647773 0.943485 0.64693 0.95571 0.66802 0.947888 0.690161 0.931698 0.672625 0.962749 0.701981 0.967445 0.68415904 0.973833 0.691332 0.973048 0.706325 0.982971 0.707319 0.980883 0.683622 0.989524 0.677127 0.980967 0.65062904 0.971473 0.667906 0.993524 0.662183 0.99078 0.643417 1 0.67129004 1 0.705109 1 0.581784 0.985113 0.583484 1 0.556161 0.983692 0.55901504 1 0.64295197 0.966546 0.591674 0.948938 0.60601103 0.943509 0.5773 0.964213 0.565961 0.939656 0.547616 0.962059 0.539683 0.982581 0.53454804 0.938366 0.51774204 0.924115 0.51970196 0.924759 0.552826 0.961147 0.513274 0.982151 0.50984204 1 0.50767 1 0.531734 0.938545 0.48691398 0.960822 0.48504502 0.9818 0.48389298 0.924074 0.486566 0.960646 0.453125 0.93903 0.453125 0.982388 0.453125 1 0.48327398 1 0.453125 0.926955 0.58875704 0.923611 0.45869303 0.920403 0.475416 0.920283 0.462368 0.917969 0.489298 0.917969 0.477287 0.917969 0.465501 0.917969 0.52494204 0.917969 0.557984 0.921631 0.574456 0.917969 0.580029 0.922933 0.595159 0.925446 0.615718 0.935534 0.624184 0.918385 0.626828 0.919268 0.654794 0.931698 0.672625 0.903481 0.63367796 0.915898 0.622814 0.917969 0.603203 0.81715 0.799897 0.840383 0.78675103 0.820067 0.77741504 0.806894 0.796423 0.800939 0.766941 0.805651 0.816823 0.815436 0.821765 0.805636 0.841464 0.796875 0.833898 0.796875 0.81179297 0.814456 0.844299 0.805254 0.861286 0.813719 0.865924 0.805004 0.887083 0.796875 0.883204 0.796875 0.856139 0.813197 0.888666 0.805473 0.908128 0.81283 0.911494 0.805142 0.934516 0.796875 0.93551 0.796875 0.904832 0.812208 0.934992 0.812058 0.959045 0.804347 0.959431 0.839644 0.807638 0.855112 0.808692 0.854702 0.826662 0.838476 0.826851 0.855469 0.847656 0.838524 0.847263 0.855255 0.78797 0.867188 0.805929 0.867188 0.786161 0.855342 0.771446 0.867188 0.772424 0.867188 0.75523996 0.843218 0.757765 0.84829 0.721744 0.83243 0.71152496 0.824724 0.746217 0.809743 0.733146 0.822427 0.69666004 0.867188 0.71875 0.812085 0.984375 0.80375 0.984375 0.796875 0.961549 0.796875 0.988281 0.838491 0.984375 0.838033 0.959045 0.837647 0.934992 0.81283 0.911494 0.837476 0.911607 0.852725 0.690922 0.842027 0.678722 0.847757 0.66524196 0.857182 0.662641 0.853085 0.64092004 0.844201 0.655028 0.820067 0.77741504 0.840383 0.78675103 0.868407 0.69203 0.869143 0.656753 0.878803 0.667742 0.880979 0.693092 0.870062 0.613845 0.894539 0.68274903 0.883178 0.647948 0.813197 0.888666 0.837762 0.889678 0.813719 0.865924 0.83816 0.865924 0.838524 0.847263 0.835414 0.670226 0.901552 0.71875 0.87991 0.71875 0.867188 0.71875 0.855469 0.865924 0.855469 0.847656 0.855469 0.889243 0.855469 0.911646 0.855469 0.934992 0.838033 0.959045 0.837647 0.934992 0.855469 0.959045 0.838491 0.984375 0.855469 0.984375 0.867188 0.847656 0.854702 0.826662 0.867188 0.824444 0.855112 0.808692 0.867188 0.805929 0.073045 0.58875704 0.051062 0.60601103 0.064466 0.624184 0.05649 0.5773 0.045431 0.626228 0.029839 0.610585 0.0251 0.63106203 0.013583 0.601776 0.011712 0.620645 0 0.600434 0 0.619717 0.037664 0.647773 0.056515 0.64693 0.04429 0.66802 0.052112 0.690161 0.068302 0.672625 0.037251 0.701981 0.032555 0.68415904 0.026167 0.691332 0.026952 0.706325 0.017029 0.707319 0.019117 0.683622 0.010476 0.677127 0.019033 0.65062904 0.028527 0.667906 0.006476 0.662183 0.00922 0.643417 0 0.67129004 0 0.705109 0 0.581784 0.014887 0.583484 0 0.556161 0.016308 0.55901504 0 0.64295197 0.033454 0.591674 0.051062 0.60601103 0.05649 0.5773 0.035787 0.565961 0.060344 0.547616 0.037941 0.539683 0.017419 0.53454804 0.061634 0.51774204 0.075885 0.51970196 0.075241 0.552826 0.038853 0.513274 0.017849 0.50984204 0 0.50767 0 0.531734 0.061455 0.48691398 0.039177 0.48504502 0.0182 0.48389298 0.075926 0.486566 0.039354 0.453125 0.06097 0.453125 0.017612 0.453125 0 0.48327398 0 0.453125 0.073045 0.58875704 0.076389 0.45869303 0.079597 0.475416 0.079717 0.462368 0.082031 0.489298 0.082031 0.477287 0.082031 0.465501 0.082031 0.52494204 0.082031 0.557984 0.07837 0.574456 0.082031 0.580029 0.077067 0.595159 0.074554 0.615718 0.064466 0.624184 0.081615 0.626828 0.080732 0.654794 0.068302 0.672625 0.096519 0.63367796 0.084103 0.622814 0.082031 0.603203 0.159617 0.78675103 0.18285 0.799897 0.179933 0.77741504 0.193106 0.796423 0.199061 0.766941 0.194349 0.816823 0.184564 0.821765 0.194364 0.841464 0.203125 0.833898 0.203125 0.81179297 0.185543 0.844299 0.194746 0.861286 0.186281 0.865924 0.194996 0.887083 0.203125 0.883204 0.203125 0.856139 0.186803 0.888666 0.194527 0.908128 0.18717 0.911494 0.194858 0.934516 0.203125 0.93551 0.203125 0.904832 0.187792 0.934992 0.187942 0.959045 0.195653 0.959431 0.160356 0.807638 0.144888 0.808692 0.144745 0.78797 0.144658 0.771446 0.156782 0.757765 0.145298 0.826662 0.161524 0.826851 0.144531 0.847656 0.161476 0.847263 0.132813 0.786161 0.132813 0.772424 0.132813 0.805929 0.187915 0.984375 0.19625 0.984375 0.203125 0.961549 0.203125 0.988281 0.161509 0.984375 0.161967 0.959045 0.16184 0.865924 0.162238 0.889678 0.186281 0.865924 0.162353 0.934992 0.162524 0.911607 0.132813 0.847656 0.132813 0.824444 0.132813 0.75523996 0.15171 0.721744 0.16757 0.71152496 0.175276 0.746217 0.190257 0.733146 0.177573 0.69666004 0.132812 0.71875 0.147275 0.690922 0.157973 0.678722 0.152243 0.66524196 0.142818 0.662641 0.146915 0.64091897 0.155799 0.655028 0.131593 0.69203 0.130857 0.656753 0.121197 0.667742 0.119021 0.693092 0.129938 0.613845 0.105461 0.68274903 0.116822 0.647948 0.164586 0.670226 0.179933 0.77741504 0.156782 0.757765 0.199061 0.766941 0.098448 0.71875 0.12009 0.71875 0.144531 0.911646 0.144531 0.934992 0.161967 0.959045 0.162353 0.934992 0.144531 0.959045 0.161509 0.984375 0.144531 0.984375 0.162524 0.911607 0.162238 0.889678 0.144531 0.889243 0.16184 0.865924 0.144531 0.865924 0.161476 0.847263 0.144531 0.847656 0.247116 0.033698976 0.258568 0.050637007 0.254368 0.034889996 0.261572 0.043345988 0.264654 0.033854008 0.257185 0.026364982 0.249616 0.049740016 0.254873 0.058035016 0.250559 0.065346 0.246687 0.055894017 0.245869 0.070653975 0.242766 0.059740007 0.240345 0.07586002 0.235617 0.05071199 0.231737 0.06414902 0.233459 0.077869 0.226989 0.07731402 0.22664 0.063365996 0.219539 0.07360703 0.222099 0.060168028 0.226827 0.049507022 0.231819 0.033083975 0.237679 0.034895003 0.242034 0.04571098 0.228016 0.037395 0.220514 0.04351598 0.225151 0.029260993 0.220336 0.029349983 0.229177 0.015501022 0.214954 0.035733998 0.213779 0.06761801 0.21235 0.048530996 0.207184 0.059494972 0.208481 0.041521013 0.212166 0.02846098 0.205422 0.03331101 0.202462 0.04909098 0.198222 0.037696004 0.20292 0.021879971 0.195195 0.024684012 0.209641 0.087580025 0.217069 0.09375203 0.206718 0.11237103 0.214829 0.120317996 0.203813 0.14357102 0.212894 0.15199101 0.201286 0.18248397 0.211058 0.19091898 0.195745 0.21935499 0.205477 0.22972703 0.190849 0.24664098 0.201419 0.25696898 0.184586 0.27812898 0.194228 0.288992 0.178319 0.307379 0.187399 0.32116598 0.170626 0.335734 0.179217 0.35074198 0.159253 0.36144298 0.16683 0.378879 0.149504 0.402865 0.143832 0.382515 0.134113 0.414927 0.129751 0.39287198 0.197628 0.334579 0.189142 0.36431098 0.214837 0.355514 0.206257 0.38800502 0.226478 0.405616 0.234723 0.37268102 0.168519 0.29542702 0.162157 0.323497 0.160534 0.28710598 0.15463 0.312737 0.152814 0.27802402 0.148016 0.30221498 0.144781 0.29454303 0.147107 0.270568 0.147734 0.248599 0.15596 0.25163603 0.157479 0.22016102 0.147292 0.20019299 0.240799 0.337892 0.247942 0.380911 0.261611 0.349078 0.221842 0.31914002 0.165356 0.259566 0.174268 0.266253 0.184586 0.27812898 0.205615 0.30164802 0.187399 0.32116598 0.194228 0.288992 0.265472 0.316496 0.245667 0.29936397 0.226704 0.283917 0.24781 0.26077598 0.230934 0.24954301 0.250275 0.21963298 0.267555 0.225357 0.266336 0.17415398 0.251763 0.173576 0.260994 0.13763797 0.250682 0.139135 0.253036 0.09874499 0.269769 0.13063902 0.259536 0.09108102 0.278836 0.119234025 0.265241 0.08173603 0.286324 0.10450101 0.29257 0.15884602 0.304899 0.14023101 0.302474 0.18523997 0.318392 0.16229099 0.30987 0.10667002 0.314956 0.13694501 0.318774 0.111238 0.324177 0.10152799 0.311488 0.078140974 0.290425 0.09033799 0.294308 0.068364024 0.274701 0.062323987 0.278448 0.05017799 0.269643 0.07334298 0.245646 0.104388 0.23893 0.136599 0.236791 0.105102 0.224364 0.12919301 0.22659 0.100486994 0.214829 0.120317996 0.217069 0.09375203 0.258568 0.050637007 0.261572 0.043345988 0.226989 0.07731402 0.233459 0.077869 0.240345 0.07586002 0.245869 0.070653975 0.250559 0.065346 0.253036 0.09874499 0.254873 0.058035016 0.264654 0.033854008 0.212894 0.15199101 0.223418 0.15954602 0.211058 0.19091898 0.220773 0.199009 0.238039 0.16820699 0.250682 0.139135 0.251763 0.173576 0.235229 0.21036297 0.250275 0.21963298 0.230934 0.24954301 0.205477 0.22972703 0.215899 0.23826301 0.201419 0.25696898 0.212352 0.26779598 0.194228 0.288992 0.205615 0.30164802 0.226704 0.283917 0.157479 0.22016102 0.17323 0.20137602 0.159954 0.191253 0.177521 0.16505802 0.164106 0.15614301 0.180992 0.130454 0.167833 0.12473899 0.17532 0.08881003 0.18653 0.096295 0.192176 0.06948602 0.185056 0.05744803 0.17869 0.043597996 0.162273 0.07554799 0.201519 0.08098203 0.197478 0.10379499 0.209641 0.087580025 0.206718 0.11237103 0.198222 0.037696004 0.202462 0.04909098 0.207184 0.059494972 0.213779 0.06761801 0.195195 0.024684012 0.193366 0.13689202 0.203813 0.14357102 0.190179 0.17403603 0.201286 0.18248397 0.185523 0.21007103 0.195745 0.21935499 0.179758 0.237041 0.190849 0.24664098 0.174268 0.266253 0.184586 0.27812898 0.151639 0.15051502 0.154823 0.11907101 0.145607 0.18460101 0.159954 0.191253 0.169886 0.229837 0.165356 0.259566 0.157479 0.22016102 0.17323 0.20137602 0.147292 0.20019299 0.40625 0.804029 0.401647 0.804497 0.40625 0.83630097 0.401444 0.836135 0.396212 0.83515704 0.395919 0.804965 0.388414 0.831867 0.389268 0.80613697 0.381275 0.807595 0.380861 0.831738 0.379845 0.849107 0.387553 0.861321 0.374584 0.867808 0.382534 0.89051497 0.365087 0.879899 0.371192 0.911892 0.356237 0.917804 0.352928 0.88415897 0.390716 0.907775 0.377856 0.935425 0.389725 0.780182 0.396421 0.77841 0.389472 0.761229 0.381704 0.77369297 0.380994 0.76019 0.387643 0.743204 0.381808 0.784069 0.396162 0.753845 0.394137 0.72809803 0.39501 0.86955297 0.359882 0.945857 0.338037 0.948748 0.333867 0.907786 0.401234 0.749243 0.400259 0.71861696 0.340182 0.96984 0.362848 0.969604 0.398029 0.917951 0.383448 0.954923 0.401561 0.777026 0.389041 0.70674396 0.39321 0.69271004 0.401647 0.804497 0.400571 0.873309 0.401444 0.836135 0.40625 0.83630097 0.40625 0.875992 0.366416 0.992734 0.389511 0.973547 0.342633 0.994013 0.324824 0.984663 0.327671 0.964839 0.412577 0.87312 0.411499 0.836035 0.417847 0.86930203 0.422383 0.907147 0.415531 0.917266 0.435189 0.93400097 0.44061 0.910003 0.430431 0.889756 0.451823 0.943764 0.454617 0.915732 0.446368 0.878488 0.457723 0.88333 0.468537 0.94397 0.467586 0.912795 0.468937 0.96639 0.449011 0.966527 0.430004 0.952753 0.416532 0.83497703 0.42505 0.86106503 0.439146 0.868218 0.43346 0.84923303 0.424106 0.831578 0.431929 0.827716 0.423158 0.805951 0.431204 0.807247 0.416682 0.804851 0.422646 0.780087 0.416146 0.778365 0.422908 0.761214 0.430687 0.77365303 0.430796 0.758957 0.424767 0.74328697 0.430436 0.782303 0.416459 0.75389 0.418553 0.72832 0.411598 0.7493 0.412728 0.71891797 0.411224 0.777016 0.423659 0.707309 0.41978 0.693686 0.411178 0.804444 0.411499 0.836035 0.469581 0.992187 0.446383 0.990404 0.480585 0.963449 0.486946 0.983487 0.40625 0.83630097 0.40625 0.804029 0.43477 0.75446904 0.428961 0.72757196 0.40625 0.74797297 0.40625 0.71215904 0.400259 0.71861696 0.39321 0.69271004 0.397781 0.680036 0.401234 0.749243 0.40625 0.777498 0.401561 0.777026 0.401647 0.804497 0.415117 0.68057597 0.436963 0.775652 0.38152 0.680466 0.37876 0.696483 0.365672 0.680092 0.365902 0.69561803 0.375704 0.721385 0.366125 0.719203 0.372237 0.752387 0.364295 0.751139 0.353849 0.72956204 0.353603 0.756953 0.343338 0.746431 0.348066 0.768383 0.330409 0.77817297 0.343301 0.793273 0.328992 0.75000703 0.339686 0.72502196 0.352172 0.707173 0.325727 0.732906 0.336032 0.71039104 0.350226 0.69149697 0.32281 0.718331 0.332066 0.6979 0.347903 0.675846 0.365166 0.66422 0.383624 0.665164 0.36127 0.791081 0.351 0.791766 0.34965 0.822958 0.340824 0.82811403 0.350782 0.852749 0.34267 0.86185 0.328416 0.83129597 0.330911 0.87676 0.325861 0.832528 0.325528 0.881611 0.333867 0.907786 0.323081 0.916477 0.322418 0.765305 0.323578 0.782579 0.320646 0.747804 0.317493 0.73332596 0.360812 0.81959903 0.370967 0.814699 0.371439 0.839702 0.380861 0.831738 0.381275 0.807595 0.371014 0.789109 0.381808 0.784069 0.362054 0.84624 0.364295 0.751139 0.372237 0.752387 0.37489 0.774327 0.377301 0.756232 0.379845 0.849107 0.374584 0.867808 0.365087 0.879899 0.352928 0.88415897 0.345868 0.880487 0.356237 0.917804 0.383462 0.727336 0.387643 0.743204 0.380994 0.76019 0.394137 0.72809803 0.389041 0.70674396 0.375704 0.721385 0.37876 0.696483 0.39321 0.69271004 0.381704 0.77369297 0.333867 0.907786 0.323081 0.916477 0.338037 0.948748 0.321456 0.94889 0.327671 0.964839 0.317493 0.977699 0.324824 0.984663 0.59375 0.83630097 0.598353 0.804497 0.59375 0.804029 0.598556 0.836135 0.603788 0.83515704 0.604081 0.804965 0.611586 0.831867 0.610732 0.80613697 0.618725 0.807595 0.619139 0.831738 0.620155 0.849107 0.612447 0.861321 0.625416 0.867808 0.617466 0.890514 0.634913 0.879899 0.628808 0.911892 0.643763 0.917804 0.647072 0.88415897 0.609284 0.907775 0.622144 0.935425 0.610275 0.780182 0.603579 0.77841 0.610528 0.761229 0.618296 0.77369297 0.619006 0.76019 0.612357 0.743204 0.618192 0.784069 0.603838 0.753845 0.605863 0.72809803 0.60499 0.86955297 0.640118 0.945857 0.661963 0.948748 0.666132 0.907786 0.598766 0.749243 0.599741 0.71861696 0.659818 0.96984 0.637152 0.969604 0.601971 0.917951 0.616552 0.954923 0.598439 0.777026 0.610959 0.70674396 0.60679 0.69271004 0.598353 0.804497 0.599429 0.873309 0.598556 0.836135 0.59375 0.83630097 0.59375 0.875992 0.633584 0.992734 0.610489 0.973547 0.657367 0.994013 0.675176 0.984663 0.672329 0.964839 0.587423 0.87312 0.588501 0.836035 0.582153 0.86930203 0.577617 0.907147 0.584469 0.917266 0.564811 0.93400097 0.55939 0.910003 0.569569 0.889756 0.548176 0.943764 0.545383 0.915732 0.553632 0.878488 0.542277 0.88333 0.531463 0.94397 0.532414 0.912795 0.531063 0.96639 0.550988 0.966527 0.569997 0.952753 0.583468 0.83497703 0.57495 0.86106503 0.560854 0.868218 0.56654 0.84923303 0.575894 0.831578 0.568071 0.827716 0.576842 0.805951 0.568796 0.807247 0.583318 0.804851 0.577354 0.780087 0.583854 0.778365 0.577092 0.761214 0.569313 0.77365303 0.569204 0.758957 0.575233 0.74328697 0.569564 0.782303 0.583541 0.75389 0.581447 0.72832 0.588402 0.7493 0.587272 0.71891797 0.588776 0.777016 0.576341 0.707309 0.58022 0.693686 0.588822 0.804444 0.588501 0.836035 0.530419 0.992187 0.553617 0.990404 0.519415 0.963449 0.513054 0.983487 0.59375 0.83630097 0.59375 0.804029 0.56523 0.75446904 0.571039 0.72757196 0.59375 0.74797297 0.59375 0.71215904 0.599741 0.71861696 0.60679 0.69271004 0.602219 0.680036 0.598766 0.749243 0.59375 0.777498 0.598439 0.777026 0.598353 0.804497 0.584883 0.68057597 0.563037 0.775652 0.618479 0.680466 0.62124 0.696483 0.634328 0.680092 0.634098 0.69561803 0.624296 0.721385 0.633875 0.719203 0.627762 0.752387 0.635704 0.751139 0.646151 0.72956204 0.646397 0.756954 0.656662 0.746431 0.651934 0.768383 0.66959 0.77817297 0.656699 0.793273 0.671008 0.75000703 0.660314 0.72502196 0.647828 0.707173 0.674273 0.732906 0.663968 0.71039104 0.649774 0.69149697 0.67719 0.718331 0.667934 0.6979 0.652097 0.675846 0.634834 0.66422 0.616376 0.665164 0.63873 0.791081 0.649 0.791766 0.65035 0.822958 0.659176 0.82811403 0.649218 0.852749 0.65733 0.86185 0.671584 0.83129597 0.669089 0.87676 0.674139 0.832528 0.674472 0.881611 0.666132 0.907786 0.676919 0.916477 0.677582 0.765305 0.676422 0.782579 0.679354 0.747804 0.682507 0.73332596 0.639188 0.81959903 0.629033 0.814699 0.628561 0.839702 0.619139 0.831738 0.618725 0.807595 0.628986 0.789109 0.618192 0.784069 0.637946 0.84624 0.635704 0.751139 0.627762 0.752387 0.62511 0.774327 0.622699 0.756232 0.620155 0.849107 0.625416 0.867808 0.634913 0.879899 0.647072 0.88415897 0.654132 0.880487 0.643763 0.917804 0.616538 0.727336 0.612357 0.743204 0.619006 0.76019 0.605863 0.72809803 0.610959 0.70674396 0.624296 0.721385 0.62124 0.696483 0.60679 0.69271004 0.618296 0.77369297 0.678544 0.94889 0.676919 0.916477 0.661963 0.948748 0.672329 0.964839 0.682507 0.977699 0.675176 0.984663 0.666132 0.907786 0.363133 0.09178299 0.36915 0.10874599 0.379243 0.06969601 0.359283 0.07066798 0.357134 0.08729303 0.359388 0.096017 0.356209 0.093721986 0.355252 0.10012698 0.352193 0.09158099 0.348917 0.096358 0.358751 0.102262974 0.356107 0.07430202 0.368646 0.050190985 0.362547 0.10467601 0.354138 0.08604598 0.352762 0.07758802 0.390152 0.04908502 0.382421 0.024278998 0.403617 0.036783993 0.399921 0.009204984 0.416537 0.006564021 0.416537 0.033984005 0.429387 0.036421 0.425986 0.064004004 0.416537 0.06306499 0.43278 0.008939028 0.449977 0.022612989 0.442934 0.047811985 0.464016 0.04580599 0.454418 0.06682199 0.474105 0.06351799 0.471576 0.08532399 0.477256 0.07930702 0.475582 0.088572025 0.478593 0.085401 0.47999 0.091449976 0.482436 0.082093 0.485998 0.08588201 0.476656 0.09459001 0.477466 0.06613499 0.473013 0.098057985 0.48014 0.077202976 0.481004 0.06834501 0.472054 0.09899598 0.46393 0.089975 0.448315 0.079431 0.435085 0.075131 0.45656 0.084514976 0.420226 0.08929199 0.478006 0.101372 0.479068 0.10991198 0.48155 0.09919697 0.488866 0.09575999 0.483537 0.105400026 0.49019 0.105278015 0.486305 0.124099016 0.494489 0.13422602 0.489974 0.13572598 0.493702 0.15475798 0.495713 0.154504 0.423592 0.12031603 0.416537 0.11662698 0.416537 0.088413 0.411563 0.089468 0.416537 0.06306499 0.407261 0.064064026 0.416537 0.033984005 0.403617 0.036783993 0.405714 0.09517199 0.390152 0.04908502 0.397545 0.07271099 0.379243 0.06969601 0.390327 0.089374006 0.401171 0.10597998 0.400141 0.111975014 0.385088 0.112917006 0.407228 0.11342299 0.36915 0.10874599 0.368585 0.12220001 0.360486 0.11798799 0.36285 0.12756503 0.353588 0.11812103 0.357937 0.109348 0.354403 0.109119 0.355252 0.10012698 0.358751 0.102262974 0.348917 0.096358 0.346783 0.10717499 0.362547 0.10467601 0.346203 0.11698902 0.351782 0.14724898 0.344389 0.14740098 0.348358 0.16700399 0.344931 0.16776901 0.346778 0.188348 0.107463 0.317132 0.114544 0.310511 0.106061 0.305573 0.112561 0.299963 0.116043 0.29831898 0.118248 0.30723298 0.102146 0.30830503 0.101346 0.319641 0.097483 0.300642 0.100664 0.29814 0.094232 0.28466302 0.096787 0.281331 0.122236 0.303128 0.117627 0.287749 0.121456 0.314425 0.12564 0.30999398 0.123895 0.320875 0.128645 0.31499797 0.088739 0.261155 0.08424 0.26973897 0.083375 0.245094 0.09458 0.237894 0.097421 0.254857 0.075349 0.255821 0.089167 0.29373097 0.080443 0.28559798 0.070341 0.274427 0.061555 0.26105702 0.067767 0.24185997 0.052816 0.24685597 0.04681 0.27898598 0.057518 0.28768998 0.046001 0.31527 0.0577 0.317864 0.054052 0.35431802 0.066703 0.350551 0.070002 0.38766903 0.079277 0.37554097 0.090415 0.411848 0.095968 0.39279503 0.112275 0.41949898 0.113677 0.39736497 0.059819 0.225851 0.050693 0.20767999 0.040512 0.23028499 0.040626 0.18316698 0.027152 0.21049201 0.031628 0.264634 0.013586 0.249663 0.080244 0.30229598 0.089933 0.30563003 0.097483 0.300642 0.094647 0.32230502 0.101346 0.319641 0.100292 0.334499 0.105812 0.330019 0.106372 0.34131598 0.110336 0.33351898 0.112297 0.343616 0.115052 0.33413398 0.112176 0.328371 0.116308 0.33071 0.11902 0.32445902 0.121273 0.32971698 0.123895 0.320875 0.126096 0.32611102 0.128645 0.31499797 0.131735 0.31985402 0.13456 0.303747 0.138075 0.306293 0.119605 0.34380102 0.12207 0.332305 0.11648 0.362706 0.10624 0.36072397 0.116819 0.31914902 0.109802 0.324831 0.114544 0.310511 0.107463 0.317132 0.118248 0.30723298 0.121456 0.314425 0.137232 0.292193 0.132607 0.291354 0.130859 0.300974 0.133369 0.277865 0.137782 0.27531898 0.131618 0.26595402 0.136001 0.261185 0.125935 0.25677502 0.128734 0.24651802 0.117853 0.252275 0.119138 0.238356 0.10792 0.25158203 0.106496 0.234756 0.124902 0.275073 0.121612 0.27326798 0.122841 0.284724 0.128164 0.281568 0.117627 0.287749 0.115755 0.27201498 0.122236 0.303128 0.126607 0.29731703 0.12564 0.30999398 0.129291 0.29053402 0.109427 0.273331 0.132328 0.234882 0.121107 0.22231 0.137893 0.21956402 0.12383 0.20078999 0.147292 0.20019299 0.128254 0.171292 0.111051 0.29153597 0.116043 0.29831898 0.112561 0.299963 0.106061 0.305573 0.104398 0.29563302 0.147734 0.248599 0.140523 0.255799 0.14245 0.273852 0.137782 0.27531898 0.147107 0.270568 0.141672 0.29384798 0.137232 0.292193 0.138075 0.306293 0.140959 0.30843002 0.144781 0.29454303 0.133282 0.322834 0.131735 0.31985402 0.127176 0.328884 0.126096 0.32611102 0.12207 0.332305 0.101397 0.276933 0.096787 0.281331 0.100664 0.29814 0.097421 0.254857 0.10792 0.25158203 0.126489 0.341496 0.119605 0.34380102 0.126878 0.360139 0.136683 0.35083503 0.133654 0.335167 0.147369 0.33267403 0.142218 0.319591 0.148016 0.30221498 0.15463 0.312737 0.139782 0.367419 0.153437 0.346879 0.143832 0.382515 0.159253 0.36144298 0.162157 0.323497 0.129751 0.39287198 0.128038 0.37613398 0.114957 0.37960303 0.113677 0.39736497 0.140959 0.30843002 0.144781 0.29454303 0.11648 0.362706 0.101123 0.375345 0.095968 0.39279503 0.089252 0.364352 0.079277 0.37554097 0.079153 0.345406 0.066703 0.350551 0.071314 0.321446 0.0577 0.317864 0.068735 0.29550898 0.057518 0.28768998 0.070341 0.274427 0.097868 0.35437298 0.10624 0.36072397 0.106372 0.34131598 0.100292 0.334499 0.089504 0.34150898 0.094647 0.32230502 0.082493 0.32289398 0.089933 0.30563003 0.080244 0.30229598 0.080443 0.28559798 0.112275 0.41949898 0.134113 0.414927 0.11177 0.45350403 0.090415 0.411848 0.081065 0.43905902 0.070002 0.38766903 0.052328 0.40817797 0.054052 0.35431802 0.034761 0.36137497 0.04922 0.41170698 0.023229 0.36843997 0.017391 0.34483302 0.028384 0.309061 0.046001 0.31527 0.04681 0.27898598 0.031628 0.264634 0.010662 0.293809 0.013586 0.249663 0.080753 0.43966 0.11289 0.461035 0.008757 0.296517 0.140836 0.441692 0.149504 0.402865 0.15817 0.42715198 0.151934 0.468547 0.172666 0.45619702 0.16683 0.378879 0.177114 0.39807498 0.189142 0.36431098 0.193062 0.422826 0.198492 0.453304 0.176399 0.46446198 0.206257 0.38800502 0.212199 0.433905 0.226478 0.405616 0.214197 0.43910003 0.234381 0.413109 0.234723 0.37268102 0.247942 0.380911 0.006986 0.24794501 0.012275 0.18740201 0.027152 0.21049201 0.02567 0.16358203 0.018379 0.160119 0.04119 0.10716897 0.04832 0.136329 0.040626 0.18316698 0.054593 0.163557 0.050693 0.20767999 0.062828 0.18858302 0.059819 0.225851 0.071196 0.20980501 0.067767 0.24185997 0.077587 0.227157 0.075349 0.255821 0.083375 0.245094 0.066965 0.12056297 0.072965 0.146801 0.092375 0.13104701 0.079958 0.17214298 0.099419 0.16302401 0.086564 0.196661 0.103007 0.19345999 0.090952 0.21883398 0.104479 0.216622 0.09458 0.237894 0.106496 0.234756 0.086708 0.102881014 0.061946 0.08978701 0.081618 0.069179 0.066641 0.07015902 0.080025 0.050181985 0.109195 0.085419 0.104905 0.04795903 0.121245 0.11831999 0.128254 0.171292 0.12383 0.20078999 0.121107 0.22231 0.097421 0.254857 0.10792 0.25158203 0.121245 0.11831999 0.130268 0.133232 0.145607 0.18460101 0.147292 0.20019299 0.098184 0.028774023 0.111335 0.006654024 0.267555 0.225357 0.285802 0.21123499 0.266336 0.17415398 0.279614 0.170178 0.269769 0.13063902 0.278836 0.119234025 0.29257 0.15884602 0.302474 0.18523997 0.303714 0.18838 0.288837 0.23498398 0.318392 0.16229099 0.328493 0.18265998 0.275114 0.23881 0.279901 0.28484702 0.273604 0.28078997 0.269684 0.31246 0.272234 0.320485 0.265472 0.316496 0.261611 0.349078 0.267945 0.27628303 0.24781 0.26077598 0.245667 0.29936397 0.469599 0.82797 0.470545 0.791508 0.460306 0.823005 0.45916 0.787914 0.462483 0.770385 0.456765 0.757343 0.467548 0.746752 0.457609 0.730337 0.447798 0.7514 0.446123 0.71976197 0.439998 0.75260603 0.436665 0.721787 0.446445 0.69688296 0.433824 0.697451 0.459816 0.708525 0.471267 0.725749 0.446743 0.68212104 0.431275 0.682034 0.461689 0.693663 0.474834 0.711747 0.447418 0.665842 0.429224 0.666238 0.464236 0.677769 0.484622 0.728521 0.481091 0.740946 0.4795 0.699582 0.459992 0.848904 0.469496 0.852152 0.474504 0.763292 0.487203 0.753255 0.482114 0.779377 0.449984 0.787627 0.479231 0.831713 0.469599 0.82797 0.478772 0.853367 0.450266 0.818869 0.45916 0.787914 0.460306 0.823005 0.449178 0.843916 0.44116 0.786467 0.442347 0.81477 0.431204 0.807247 0.431929 0.827716 0.44173 0.838218 0.430436 0.782303 0.446368 0.878488 0.457723 0.88333 0.439146 0.868218 0.43346 0.84923303 0.488444 0.719113 0.49356 0.73332596 0.489874 0.74112296 0.436963 0.775652 0.439998 0.75260603 0.43477 0.75446904 0.436665 0.721787 0.428961 0.72757196 0.423659 0.707309 0.433824 0.697451 0.41978 0.693686 0.431275 0.682034 0.415117 0.68057597 0.429224 0.666238 0.480964 0.80281 0.470545 0.791508 0.482114 0.779377 0.467586 0.912795 0.468756 0.88447 0.481701 0.90937 0.468537 0.94397 0.485815 0.93975997 0.480585 0.963449 0.468937 0.96639 0.479171 0.88232803 0.469496 0.852152 0.478772 0.853367 0.493561 0.977699 0.486946 0.983487 0.530401 0.82797 0.539694 0.823005 0.529455 0.791508 0.54084 0.787914 0.537517 0.770385 0.543235 0.757343 0.532452 0.746752 0.542391 0.730337 0.552202 0.7514 0.553877 0.71976197 0.560002 0.75260603 0.563335 0.721787 0.553555 0.69688296 0.566176 0.697451 0.540184 0.708525 0.528732 0.725749 0.553257 0.68212104 0.568725 0.68203497 0.538311 0.693663 0.525166 0.711747 0.552582 0.665842 0.570776 0.666238 0.535764 0.677769 0.515378 0.728521 0.518909 0.740946 0.5205 0.699582 0.540008 0.848904 0.530504 0.852152 0.525496 0.763292 0.512797 0.753255 0.517886 0.779377 0.550016 0.787627 0.520769 0.831713 0.521228 0.853367 0.549734 0.818869 0.539694 0.823005 0.550822 0.843916 0.55884 0.786467 0.557653 0.81477 0.568796 0.807247 0.568071 0.827716 0.55827 0.838218 0.569564 0.782303 0.553632 0.878488 0.542277 0.88333 0.560854 0.868218 0.56654 0.84923303 0.511556 0.719113 0.50644 0.73332596 0.510126 0.74112296 0.563037 0.775652 0.560002 0.75260603 0.56523 0.75446904 0.563335 0.721787 0.571039 0.72757196 0.576341 0.707309 0.566176 0.697451 0.58022 0.693686 0.568725 0.68203497 0.584883 0.68057597 0.570776 0.666238 0.531244 0.884471 0.532414 0.912795 0.518299 0.90937 0.531463 0.94397 0.514185 0.93975997 0.519415 0.963449 0.531063 0.96639 0.520829 0.88232803 0.530504 0.852152 0.521228 0.853367 0.506439 0.977699 0.513054 0.983487 0.238574 0.024712026 0.237679 0.034895003 0.247116 0.033698976 0.229177 0.015501022 0.241896 0.020318985 0.248729 0.022592008 0.254368 0.034889996 0.257185 0.026364982 0.229177 0.015501022 0.231819 0.033083975 0.228016 0.037395 0.128645 0.31499797 0.130859 0.300974 0.12564 0.30999398 0.40625 0.875992 0.398029 0.917951 0.40625 0.927004 0.383448 0.954923 0.389511 0.973547 0.415531 0.917266 0.430004 0.952753 0.423835 0.971946 0.449011 0.966527 0.446383 0.990404 0.59375 0.927004 0.601971 0.917951 0.59375 0.875992 0.616552 0.954923 0.610489 0.973547 0.584469 0.917266 0.569997 0.952753 0.576165 0.971946 0.550988 0.966527 0.553617 0.990404 0.212166 0.02846098 0.220336 0.029349983 0.220681 0.022475004 0.216628 0.017157018 0.210555 0.017964005 0.205422 0.03331101 0.20292 0.021879971 0.229177 0.015501022 0.529455 0.791508 0.519036 0.80281 0.530401 0.82797 0.517886 0.779377 0.520769 0.831713 0.820067 0.77741504 0.809743 0.733146 0.800939 0.766941 0.311488 0.078140974 0.324177 0.10152799 0.324093 0.081462026 0.338122 0.085935</float_array>
					<technique_common>
						<accessor source="#mesh_7_Body01_uv0_array_id" count="1495" stride="2">
							<param name="S" type="float" />
							<param name="T" type="float" />
						</accessor>
					</technique_common>
				</source>
				<source id="mesh_7_Body01_color_id" name="mesh_7_Body01_color">
					<float_array id="mesh_7_Body01_color_array_id" count="5980">1 1 1 0.49803922 1 1 1 0.49803922 1 1 1 0.49803922 1 1 1 0.49803922 1 1 1 0.49803922 1 1 1 0.49803922 1 1 1 0.49803922 1 1 1 0.49803922 1 1 1 0.49803922 1 1 1 0.49803922 1 1 1 0.49803922 1 1 1 0.49803922 1 1 1 0.49803922 1 1 1 0.49803922 1 1 1 0.49803922 1 1 1 0.49803922 1 1 1 0.49803922 1 1 1 0.49803922 1 1 1 0.49803922 1 1 1 0.49803922 1 1 1 0.49803922 1 1 1 0.49803922 1 1 1 0.49803922 1 1 1 0.49803922 1 1 1 0.49803922 1 1 1 0.49803922 1 1 1 0.49803922 1 1 1 0.49803922 1 1 1 0.49803922 1 1 1 0.49803922 1 1 1 0.49803922 1 1 1 0.49803922 1 1 1 0.49803922 1 1 1 0.49803922 1 1 1 0.49803922 1 1 1 0.49803922 1 1 1 0.49803922 1 1 1 0.49803922 1 1 1 0.49803922 1 1 1 0.49803922 1 1 1 0.49803922 1 1 1 0.49803922 1 1 1 0.39607844 1 1 1 0.40392157 1 1 1 0.49803922 1 1 1 0.49803922 1 1 1 0.49803922 1 1 1 0.49803922 1 1 1 0.49803922 1 1 1 0.49803922 1 1 1 0.49803922 1 1 1 0.40392157 1 1 1 0.49803922 1 1 1 0.49803922 1 1 1 0.49803922 1 1 1 0.49803922 1 1 1 0.49803922 1 1 1 0.49803922 1 1 1 0.49803922 1 1 1 0.34901962 1 1 1 0.3764706 1 1 1 0.25490198 1 1 1 0.24313726 1 1 1 0.2509804 1 1 1 0.25490198 1 1 1 0.25490198 1 1 1 0.34901962 1 1 1 0.24313726 1 1 1 0.37254903 1 1 1 0.37254903 1 1 1 0.49803922 1 1 1 0.35686275 1 1 1 0.42745098 1 1 1 0.49803922 1 1 1 0.25882354 1 1 1 0.24313726 1 1 1 0.24313726 1 1 1 0.49803922 1 1 1 0.49803922 1 1 1 0.49803922 1 1 1 0.44705883 1 1 1 0.42745098 1 1 1 0.40392157 1 1 1 0.49803922 1 1 1 0.3882353 1 1 1 0.25490198 1 1 1 0.25882354 1 1 1 0.49803922 1 1 1 0.3882353 1 1 1 0.49803922 1 1 1 0.38431373 1 1 1 0.2509804 1 1 1 0.2509804 1 1 1 0.49803922 1 1 1 0.3882353 1 1 1 0.49803922 1 1 1 0.3882353 1 1 1 0.25490198 1 1 1 0.25490198 1 1 1 0.49803922 1 1 1 0.49803922 1 1 1 0.39607844 1 1 1 0.49803922 1 1 1 0.49803922 1 1 1 0.49803922 1 1 1 0.49803922 1 1 1 0.49803922 1 1 1 0.49803922 1 1 1 0.49803922 1 1 1 0.49803922 1 1 1 0.49803922 1 1 1 0.49803922 1 1 1 0.49803922 1 1 1 0.49803922 1 1 1 0.49803922 1 1 1 0.49803922 1 1 1 0.49803922 1 1 1 0.49803922 1 1 1 0.49803922 1 1 1 0.49803922 1 1 1 0.49803922 1 1 1 0.49803922 1 1 1 0.41568628 1 1 1 0.26666668 1 1 1 0.29803923 1 1 1 0.49803922 1 1 1 0.49803922 1 1 1 0.49803922 1 1 1 0.49803922 1 1 1 0.49803922 1 1 1 0.49803922 1 1 1 0.49803922 1 1 1 0.49803922 1 1 1 0.49803922 1 1 1 0.49803922 1 1 1 0.49803922 1 1 1 0.49803922 1 1 1 0.49803922 1 1 1 0.49803922 1 1 1 0.49803922 1 1 1 0.49803922 1 1 1 0.49803922 1 1 1 0.49803922 1 1 1 0.49803922 1 1 1 0.49803922 1 1 1 0.49803922 1 1 1 0.49803922 1 1 1 0.49803922 1 1 1 0.49803922 1 1 1 0.49803922 1 1 1 0.49803922 1 1 1 0.49803922 1 1 1 0.49803922 1 1 1 0.49803922 1 1 1 0.49803922 1 1 1 0.49803922 1 1 1 0.49803922 1 1 1 0.49803922 1 1 1 0.49803922 1 1 1 0.49803922 1 1 1 0.49803922 1 1 1 0.49803922 1 1 1 0.49803922 1 1 1 0.49803922 1 1 1 0.49803922 1 1 1 0.49803922 1 1 1 0.49803922 1 1 1 0.49803922 1 1 1 0.49803922 1 1 1 0.49803922 1 1 1 0.49803922 1 1 1 0.49803922 1 1 1 0.49803922 1 1 1 0.49803922 1 1 1 0.49803922 1 1 1 0.49803922 1 1 1 0.49803922 1 1 1 0.49803922 1 1 1 0.49803922 1 1 1 0.49803922 1 1 1 0.49803922 1 1 1 0.49803922 1 1 1 0.49803922 1 1 1 0.49803922 1 1 1 0.49803922 1 1 1 0.49803922 1 1 1 0.49803922 1 1 1 0.49803922 1 1 1 0.49803922 1 1 1 0.49803922 1 1 1 0.49803922 1 1 1 0.49803922 1 1 1 0.49803922 1 1 1 0.49803922 1 1 1 0.49803922 1 1 1 0.49803922 1 1 1 0.49803922 1 1 1 0.49803922 1 1 1 0.49803922 1 1 1 0.49803922 1 1 1 0.49803922 1 1 1 0.49803922 1 1 1 0.49803922 1 1 1 0.49803922 1 1 1 0.49803922 1 1 1 0.49803922 1 1 1 0.49803922 1 1 1 0.49803922 1 1 1 0.49803922 1 1 1 0.49803922 1 1 1 0.49803922 1 1 1 0.39607844 1 1 1 0.40392157 1 1 1 0.49803922 1 1 1 0.49803922 1 1 1 0.49803922 1 1 1 0.49803922 1 1 1 0.49803922 1 1 1 0.49803922 1 1 1 0.49803922 1 1 1 0.40392157 1 1 1 0.49803922 1 1 1 0.49803922 1 1 1 0.49803922 1 1 1 0.49803922 1 1 1 0.49803922 1 1 1 0.49803922 1 1 1 0.49803922 1 1 1 0.34901962 1 1 1 0.3764706 1 1 1 0.25490198 1 1 1 0.24313726 1 1 1 0.2509804 1 1 1 0.25490198 1 1 1 0.25490198 1 1 1 0.34901962 1 1 1 0.24313726 1 1 1 0.37254903 1 1 1 0.37254903 1 1 1 0.49803922 1 1 1 0.35686275 1 1 1 0.42745098 1 1 1 0.49803922 1 1 1 0.25882354 1 1 1 0.24313726 1 1 1 0.24313726 1 1 1 0.49803922 1 1 1 0.49803922 1 1 1 0.49803922 1 1 1 0.44705883 1 1 1 0.42745098 1 1 1 0.40392157 1 1 1 0.49803922 1 1 1 0.3882353 1 1 1 0.25490198 1 1 1 0.25882354 1 1 1 0.49803922 1 1 1 0.3882353 1 1 1 0.49803922 1 1 1 0.38431373 1 1 1 0.2509804 1 1 1 0.2509804 1 1 1 0.49803922 1 1 1 0.3882353 1 1 1 0.49803922 1 1 1 0.3882353 1 1 1 0.25490198 1 1 1 0.25490198 1 1 1 0.49803922 1 1 1 0.49803922 1 1 1 0.39607844 1 1 1 0.49803922 1 1 1 0.49803922 1 1 1 0.49803922 1 1 1 0.49803922 1 1 1 0.49803922 1 1 1 0.49803922 1 1 1 0.49803922 1 1 1 0.49803922 1 1 1 0.49803922 1 1 1 0.49803922 1 1 1 0.49803922 1 1 1 0.49803922 1 1 1 0.49803922 1 1 1 0.41568628 1 1 1 0.26666668 1 1 1 0.29803923 1 1 1 0.49803922 1 1 1 0.49803922 1 1 1 0.49803922 1 1 1 0.49803922 1 1 1 0.49803922 1 1 1 0.49803922 1 1 1 0.49803922 1 1 1 0.49803922 1 1 1 0.49803922 1 1 1 0.49803922 1 1 1 0.49803922 1 1 1 0.49803922 1 1 1 0.49803922 1 1 1 0.49803922 1 1 1 0.49803922 1 1 1 0.49803922 1 1 1 0.49803922 1 1 1 0.49803922 1 1 1 0.49803922 1 1 1 0.49803922 1 1 1 0.49803922 1 1 1 0.49803922 1 1 1 0.49803922 1 1 1 0.49803922 1 1 1 0.49803922 1 1 1 0.49803922 1 1 1 0.49803922 1 1 1 0.49803922 1 1 1 0.49803922 1 1 1 0.49803922 1 1 1 0.49803922 1 1 1 0.49803922 1 1 1 0.42745098 1 1 1 0.49803922 1 1 1 0.49803922 1 1 1 0.49803922 1 1 1 0.49803922 1 1 1 0.49803922 1 1 1 0.49803922 1 1 1 0.49803922 1 1 1 0.49803922 1 1 1 0.49803922 1 1 1 0.49803922 1 1 1 0.49803922 1 1 1 0.49803922 1 1 1 0.49803922 1 1 1 0.49803922 1 1 1 0.49803922 1 1 1 0.49803922 1 1 1 0.09803922 1 1 1 0.09803922 1 1 1 0.09803922 1 1 1 0.09803922 1 1 1 0.09803922 1 1 1 0.09803922 1 1 1 0.09803922 1 1 1 0.09803922 1 1 1 0.09803922 1 1 1 0.09803922 1 1 1 0.09803922 1 1 1 0.09803922 1 1 1 0.09803922 1 1 1 0.09803922 1 1 1 0.09803922 1 1 1 0.09803922 1 1 1 0.09803922 1 1 1 0.09803922 1 1 1 0.09803922 1 1 1 0.09803922 1 1 1 0.09803922 1 1 1 0.09803922 1 1 1 0.09803922 1 1 1 0.09803922 1 1 1 0.09803922 1 1 1 0.09803922 1 1 1 0.09803922 1 1 1 0.09803922 1 1 1 0.09803922 1 1 1 0.09803922 1 1 1 0.09803922 1 1 1 0.09803922 1 1 1 0.09803922 1 1 1 0.09803922 1 1 1 0.09803922 1 1 1 0.09803922 1 1 1 0.09803922 1 1 1 0.09803922 1 1 1 0.09803922 1 1 1 0.09803922 1 1 1 0.09803922 1 1 1 0.09803922 1 1 1 0.09803922 1 1 1 0.09803922 1 1 1 0.09803922 1 1 1 0.09803922 1 1 1 0.09803922 1 1 1 0.09803922 1 1 1 0.09803922 1 1 1 0.20784314 1 1 1 0.09803922 1 1 1 0.31764707 1 1 1 0.2627451 1 1 1 0.45490196 1 1 1 0.3647059 1 1 1 0.5568628 1 1 1 0.49019608 1 1 1 0.6431373 1 1 1 0.6039216 1 1 1 0.7176471 1 1 1 0.78039217 1 1 1 0.7254902 1 1 1 0.8235294 1 1 1 0.827451 1 1 1 0.6901961 1 1 1 0.7372549 1 1 1 0.8 1 1 1 0.8 1 1 1 0.8 1 1 1 0.8 1 1 1 0.09803922 1 1 1 0.28627452 1 1 1 0.09803922 1 1 1 0.09803922 1 1 1 0.09803922 1 1 1 0.09803922 1 1 1 0.09803922 1 1 1 0.09803922 1 1 1 0.09803922 1 1 1 0.09803922 1 1 1 0.09803922 1 1 1 0.09803922 1 1 1 0.8 1 1 1 0.8 1 1 1 0.8 1 1 1 0.8 1 1 1 0.09803922 1 1 1 0.09803922 1 1 1 0.2627451 1 1 1 0.6156863 1 1 1 0.5568628 1 1 1 0.45490196 1 1 1 0.8 1 1 1 0.8 1 1 1 0.6156863 1 1 1 0.4392157 1 1 1 0.3647059 1 1 1 0.09803922 1 1 1 0.24313726 1 1 1 0.09803922 1 1 1 0.09803922 1 1 1 0.09803922 1 1 1 0.09803922 1 1 1 0.09803922 1 1 1 0.09803922 1 1 1 0.09803922 1 1 1 0.09803922 1 1 1 0.09803922 1 1 1 0.09803922 1 1 1 0.09803922 1 1 1 0.09803922 1 1 1 0.09803922 1 1 1 0.09803922 1 1 1 0.09803922 1 1 1 0.09803922 1 1 1 0.09803922 1 1 1 0.09803922 1 1 1 0.09803922 1 1 1 0.09803922 1 1 1 0.09803922 1 1 1 0.09803922 1 1 1 0.09803922 1 1 1 0.09803922 1 1 1 0.09803922 1 1 1 0.09803922 1 1 1 0.09803922 1 1 1 0.09803922 1 1 1 0.09803922 1 1 1 0.09803922 1 1 1 0.09803922 1 1 1 0.09803922 1 1 1 0.09803922 1 1 1 0.09803922 1 1 1 0.09803922 1 1 1 0.09803922 1 1 1 0.09803922 1 1 1 0.09803922 1 1 1 0.09803922 1 1 1 0.09803922 1 1 1 0.09803922 1 1 1 0.09803922 1 1 1 0.09803922 1 1 1 0.09803922 1 1 1 0.09803922 1 1 1 0.09803922 1 1 1 0.09803922 1 1 1 0.09803922 1 1 1 0.09803922 1 1 1 0.09803922 1 1 1 0.3647059 1 1 1 0.20784314 1 1 1 0.29411766 1 1 1 0.31764707 1 1 1 0.4745098 1 1 1 0.45490196 1 1 1 0.6156863 1 1 1 0.6156863 1 1 1 0.09803922 1 1 1 0.09803922 1 1 1 0.09803922 1 1 1 0.09803922 1 1 1 0.09803922 1 1 1 0.09803922 1 1 1 0.09803922 1 1 1 0.09803922 1 1 1 0.09803922 1 1 1 0.09803922 1 1 1 0.09803922 1 1 1 0.09803922 1 1 1 0.09803922 1 1 1 0.09803922 1 1 1 0.09803922 1 1 1 0.09803922 1 1 1 0.09803922 1 1 1 0.09803922 1 1 1 0.09803922 1 1 1 0.09803922 1 1 1 0.09803922 1 1 1 0.09803922 1 1 1 0.09803922 1 1 1 0.09803922 1 1 1 0.09803922 1 1 1 0.09803922 1 1 1 0.09803922 1 1 1 0.09803922 1 1 1 0.09803922 1 1 1 0.09803922 1 1 1 0.09803922 1 1 1 0.2627451 1 1 1 0.09803922 1 1 1 0.09803922 1 1 1 0.09803922 1 1 1 0.09803922 1 1 1 0.09803922 1 1 1 0.09803922 1 1 1 0.09803922 1 1 1 0.09803922 1 1 1 0.09803922 1 1 1 0.09803922 1 1 1 0.09803922 1 1 1 0.09803922 1 1 1 0.09803922 1 1 1 0.09803922 1 1 1 0.09803922 1 1 1 0.09803922 1 1 1 0.09803922 1 1 1 0.09803922 1 1 1 0.09803922 1 1 1 0.09803922 1 1 1 0.09803922 1 1 1 0.09803922 1 1 1 0.09803922 1 1 1 0.09803922 1 1 1 0.09803922 1 1 1 0.09803922 1 1 1 0.09803922 1 1 1 0.09803922 1 1 1 0.09803922 1 1 1 0.09803922 1 1 1 0.09803922 1 1 1 0.09803922 1 1 1 0.09803922 1 1 1 0.09803922 1 1 1 0.09803922 1 1 1 0.09803922 1 1 1 0.09803922 1 1 1 0.09803922 1 1 1 0.09803922 1 1 1 0.09803922 1 1 1 0.09803922 1 1 1 0.09803922 1 1 1 0.09803922 1 1 1 0.09803922 1 1 1 0.09803922 1 1 1 0.09803922 1 1 1 0.09803922 1 1 1 0.09803922 1 1 1 0.09803922 1 1 1 0.09803922 1 1 1 0.09803922 1 1 1 0.09803922 1 1 1 0.09803922 1 1 1 0.09803922 1 1 1 0.09803922 1 1 1 0.09803922 1 1 1 0.09803922 1 1 1 0.09803922 1 1 1 0.09803922 1 1 1 0.09803922 1 1 1 0.09803922 1 1 1 0.09803922 1 1 1 0.09803922 1 1 1 0.09803922 1 1 1 0.09803922 1 1 1 0.09803922 1 1 1 0.09803922 1 1 1 0.09803922 1 1 1 0.09803922 1 1 1 0.09803922 1 1 1 0.09803922 1 1 1 0.09803922 1 1 1 0.09803922 1 1 1 0.09803922 1 1 1 0.09803922 1 1 1 0.09803922 1 1 1 0.09803922 1 1 1 0.09803922 1 1 1 0.09803922 1 1 1 0.09803922 1 1 1 0.09803922 1 1 1 0.09803922 1 1 1 0.09803922 1 1 1 0.09803922 1 1 1 0.09803922 1 1 1 0.09803922 1 1 1 0.09803922 1 1 1 0.09803922 1 1 1 0.09803922 1 1 1 0.09803922 1 1 1 0.09803922 1 1 1 0.09803922 1 1 1 0.09803922 1 1 1 0.09803922 1 1 1 0.09803922 1 1 1 0.09803922 1 1 1 0.09803922 1 1 1 0.09803922 1 1 1 0.09803922 1 1 1 0.09803922 1 1 1 0.09803922 1 1 1 0.09803922 1 1 1 0.09803922 1 1 1 0.09803922 1 1 1 0.09803922 1 1 1 0.09803922 1 1 1 0.09803922 1 1 1 0.09803922 1 1 1 0.09803922 1 1 1 0.09803922 1 1 1 0.09803922 1 1 1 0.09803922 1 1 1 0.09803922 1 1 1 0.09803922 1 1 1 0.09803922 1 1 1 0.09803922 1 1 1 0.09803922 1 1 1 0.09803922 1 1 1 0.09803922 1 1 1 0.09803922 1 1 1 0.09803922 1 1 1 0.09803922 1 1 1 0.09803922 1 1 1 0.09803922 1 1 1 0.09803922 1 1 1 0.09803922 1 1 1 0.09803922 1 1 1 0.09803922 1 1 1 0.09803922 1 1 1 0.09803922 1 1 1 0.09803922 1 1 1 0.09803922 1 1 1 0.09803922 1 1 1 0.09803922 1 1 1 0.09803922 1 1 1 0.09803922 1 1 1 0.09803922 1 1 1 0.09803922 1 1 1 0.09803922 1 1 1 0.09803922 1 1 1 0.09803922 1 1 1 0.09803922 1 1 1 0.09803922 1 1 1 0.09803922 1 1 1 0.09803922 1 1 1 0.09803922 1 1 1 0.09803922 1 1 1 0.09803922 1 1 1 0.09803922 1 1 1 0.09803922 1 1 1 0.09803922 1 1 1 0.09803922 1 1 1 0.09803922 1 1 1 0.09803922 1 1 1 0.09803922 1 1 1 0.25490198 1 1 1 0.25490198 1 1 1 0.09803922 1 1 1 0.24313726 1 1 1 0.24313726 1 1 1 0.25490198 1 1 1 0.2509804 1 1 1 0.25490198 1 1 1 0.09803922 1 1 1 0.09803922 1 1 1 0.09803922 1 1 1 0.09803922 1 1 1 0.09803922 1 1 1 0.09803922 1 1 1 0.09803922 1 1 1 0.09803922 1 1 1 0.09803922 1 1 1 0.09803922 1 1 1 0.09803922 1 1 1 0.09803922 1 1 1 0.09803922 1 1 1 0.09803922 1 1 1 0.09803922 1 1 1 0.09803922 1 1 1 0.09803922 1 1 1 0.09803922 1 1 1 0.09803922 1 1 1 0.09803922 1 1 1 0.09803922 1 1 1 0.09803922 1 1 1 0.09803922 1 1 1 0.09803922 1 1 1 0.09803922 1 1 1 0.09803922 1 1 1 0.09803922 1 1 1 0.09803922 1 1 1 0.24313726 1 1 1 0.09803922 1 1 1 0.24313726 1 1 1 0.09803922 1 1 1 0.24313726 1 1 1 0.09803922 1 1 1 0.09803922 1 1 1 0.09803922 1 1 1 0.09803922 1 1 1 0.09803922 1 1 1 0.09803922 1 1 1 0.09803922 1 1 1 0.09803922 1 1 1 0.09803922 1 1 1 0.09803922 1 1 1 0.09803922 1 1 1 0.09803922 1 1 1 0.09803922 1 1 1 0.09803922 1 1 1 0.09803922 1 1 1 0.09803922 1 1 1 0.09803922 1 1 1 0.09803922 1 1 1 0.09803922 1 1 1 0.09803922 1 1 1 0.09803922 1 1 1 0.09803922 1 1 1 0.09803922 1 1 1 0.09803922 1 1 1 0.09803922 1 1 1 0.09803922 1 1 1 0.09803922 1 1 1 0.09803922 1 1 1 0.09803922 1 1 1 0.09803922 1 1 1 0.09803922 1 1 1 0.09803922 1 1 1 0.09803922 1 1 1 0.09803922 1 1 1 0.09803922 1 1 1 0.09803922 1 1 1 0.09803922 1 1 1 0.09803922 1 1 1 0.09803922 1 1 1 0.09803922 1 1 1 0.09803922 1 1 1 0.09803922 1 1 1 0.09803922 1 1 1 0.09803922 1 1 1 0.09803922 1 1 1 0.09803922 1 1 1 0.09803922 1 1 1 0.09803922 1 1 1 0.09803922 1 1 1 0.09803922 1 1 1 0.09803922 1 1 1 0.09803922 1 1 1 0.09803922 1 1 1 0.09803922 1 1 1 0.09803922 1 1 1 0.09803922 1 1 1 0.09803922 1 1 1 0.09803922 1 1 1 0.09803922 1 1 1 0.09803922 1 1 1 0.09803922 1 1 1 0.09803922 1 1 1 0.09803922 1 1 1 0.09803922 1 1 1 0.09803922 1 1 1 0.09803922 1 1 1 0.09803922 1 1 1 0.09803922 1 1 1 0.09803922 1 1 1 0.09803922 1 1 1 0.09803922 1 1 1 0.09803922 1 1 1 0.09803922 1 1 1 0.09803922 1 1 1 0.09803922 1 1 1 0.09803922 1 1 1 0.09803922 1 1 1 0.09803922 1 1 1 0.09803922 1 1 1 0.09803922 1 1 1 0.09803922 1 1 1 0.09803922 1 1 1 0.09803922 1 1 1 0.09803922 1 1 1 0.09803922 1 1 1 0.09803922 1 1 1 0.09803922 1 1 1 0.09803922 1 1 1 0.09803922 1 1 1 0.09803922 1 1 1 0.09803922 1 1 1 0.09803922 1 1 1 0.09803922 1 1 1 0.09803922 1 1 1 0.09803922 1 1 1 0.09803922 1 1 1 0.09803922 1 1 1 0.09803922 1 1 1 0.09803922 1 1 1 0.09803922 1 1 1 0.09803922 1 1 1 0.09803922 1 1 1 0.09803922 1 1 1 0.09803922 1 1 1 0.09803922 1 1 1 0.09803922 1 1 1 0.09803922 1 1 1 0.09803922 1 1 1 0.09803922 1 1 1 0.09803922 1 1 1 0.09803922 1 1 1 0.09803922 1 1 1 0.09803922 1 1 1 0.09803922 1 1 1 0.09803922 1 1 1 0.09803922 1 1 1 0.09803922 1 1 1 0.09803922 1 1 1 0.09803922 1 1 1 0.09803922 1 1 1 0.09803922 1 1 1 0.09803922 1 1 1 0.09803922 1 1 1 0.09803922 1 1 1 0.09803922 1 1 1 0.09803922 1 1 1 0.09803922 1 1 1 0.09803922 1 1 1 0.09803922 1 1 1 0.09803922 1 1 1 0.09803922 1 1 1 0.09803922 1 1 1 0.09803922 1 1 1 0.09803922 1 1 1 0.09803922 1 1 1 0.09803922 1 1 1 0.09803922 1 1 1 0.09803922 1 1 1 0.09803922 1 1 1 0.09803922 1 1 1 0.09803922 1 1 1 0.09803922 1 1 1 0.09803922 1 1 1 0.09803922 1 1 1 0.09803922 1 1 1 0.09803922 1 1 1 0.09803922 1 1 1 0.25490198 1 1 1 0.25490198 1 1 1 0.09803922 1 1 1 0.24313726 1 1 1 0.24313726 1 1 1 0.25490198 1 1 1 0.2509804 1 1 1 0.25490198 1 1 1 0.09803922 1 1 1 0.09803922 1 1 1 0.09803922 1 1 1 0.09803922 1 1 1 0.09803922 1 1 1 0.09803922 1 1 1 0.09803922 1 1 1 0.09803922 1 1 1 0.09803922 1 1 1 0.09803922 1 1 1 0.09803922 1 1 1 0.09803922 1 1 1 0.09803922 1 1 1 0.09803922 1 1 1 0.09803922 1 1 1 0.09803922 1 1 1 0.09803922 1 1 1 0.09803922 1 1 1 0.09803922 1 1 1 0.09803922 1 1 1 0.09803922 1 1 1 0.09803922 1 1 1 0.09803922 1 1 1 0.09803922 1 1 1 0.09803922 1 1 1 0.09803922 1 1 1 0.09803922 1 1 1 0.24313726 1 1 1 0.24313726 1 1 1 0.09803922 1 1 1 0.09803922 1 1 1 0.24313726 1 1 1 0.09803922 1 1 1 0.09803922 1 1 1 0.49803922 1 1 1 0.49803922 1 1 1 0.49803922 1 1 1 0.49803922 1 1 1 0.3882353 1 1 1 0.49803922 1 1 1 0.39607844 1 1 1 0.41568628 1 1 1 0.26666668 1 1 1 0.29803923 1 1 1 0.49803922 1 1 1 0.3764706 1 1 1 0.49803922 1 1 1 0.49803922 1 1 1 0.25490198 1 1 1 0.2509804 1 1 1 0.49803922 1 1 1 0.49803922 1 1 1 0.49803922 1 1 1 0.49803922 1 1 1 0.49803922 1 1 1 0.49803922 1 1 1 0.49803922 1 1 1 0.49803922 1 1 1 0.49803922 1 1 1 0.49803922 1 1 1 0.49803922 1 1 1 0.49803922 1 1 1 0.49803922 1 1 1 0.49803922 1 1 1 0.49803922 1 1 1 0.49803922 1 1 1 0.3882353 1 1 1 0.49803922 1 1 1 0.39607844 1 1 1 0.41568628 1 1 1 0.26666668 1 1 1 0.29803923 1 1 1 0.49803922 1 1 1 0.3764706 1 1 1 0.49803922 1 1 1 0.25490198 1 1 1 0.2509804 1 1 1 0.49803922 1 1 1 0.49803922 1 1 1 0.48235294 1 1 1 0.49803922 1 1 1 0.60784316 1 1 1 0.49803922 1 1 1 0.49803922 1 1 1 0.49803922 1 1 1 0.45882353 1 1 1 0.41568628 1 1 1 0.49803922 1 1 1 0.49803922 1 1 1 0.49803922 1 1 1 0.49803922 1 1 1 0.49803922 1 1 1 0.49803922 1 1 1 0.49803922 1 1 1 0.49803922 1 1 1 0.49803922 1 1 1 0.49803922 1 1 1 0.49803922 1 1 1 0.49803922 1 1 1 0.49803922 1 1 1 0.49803922 1 1 1 0.49803922 1 1 1 0.49803922 1 1 1 0.49803922 1 1 1 0.49803922 1 1 1 0.49803922 1 1 1 0.49803922 1 1 1 0.49803922 1 1 1 0.49803922 1 1 1 0.49803922 1 1 1 0.49803922 1 1 1 0.49803922 1 1 1 0.49803922 1 1 1 0.49803922 1 1 1 0.49803922 1 1 1 0.49803922 1 1 1 0.49803922 1 1 1 0.45882353 1 1 1 0.41568628 1 1 1 0.49803922 1 1 1 0.29803923 1 1 1 0.41568628 1 1 1 0.49803922 1 1 1 0.49803922 1 1 1 0.49803922 1 1 1 0.49803922 1 1 1 0.49803922 1 1 1 0.49803922 1 1 1 0.49803922 1 1 1 1 1 1 1 1 1 1 1 1 1 1 1 1 1 1 1 1 1 1 1 1 1 1 1 1 1 1 1 1 1 1 1 1 1 1 1 1 1 1 1 1 1 1 1 1 1 1 1 1 1 1 1 1 1 1 1 1 1 1 1 1 1 1 1 0.9764706 1 1 1 0.972549 1 1 1 1 1 1 1 1 1 1 1 1 1 1 1 1 1 1 1 1 1 1 1 1 1 1 1 1 1 1 1 1 1 1 1 1 1 1 1 1 1 1 1 1 1 1 1 0.9254902 1 1 1 0.90588236 1 1 1 1 1 1 1 0.9019608 1 1 1 1 1 1 1 0.8980392 1 1 1 1 1 1 1 0.8980392 1 1 1 1 1 1 1 0.8901961 1 1 1 1 1 1 1 0.85882354 1 1 1 0.90588236 1 1 1 0.94509804 1 1 1 0.8862745 1 1 1 0.85490197 1 1 1 0.8352941 1 1 1 0.8 1 1 1 0.8 1 1 1 0.8 1 1 1 1 1 1 1 1 1 1 1 1 1 1 1 1 1 1 1 1 1 1 1 1 1 1 1 1 1 1 1 1 1 1 1 1 1 1 1 1 1 1 1 1 1 1 1 1 1 1 1 1 1 1 1 1 1 1 1 1 1 1 1 0.9764706 1 1 1 0.9411765 1 1 1 0.972549 1 1 1 0.9098039 1 1 1 1 1 1 1 1 1 1 1 0.9254902 1 1 1 1 1 1 1 0.90588236 1 1 1 1 1 1 1 1 1 1 1 1 1 1 1 1 1 1 1 1 1 1 1 1 1 1 1 1 1 1 1 1 1 1 1 1 1 1 1 1 1 1 1 1 1 1 1 1 1 1 1 1 1 1 1 1 1 1 1 1 1 1 1 1 1 1 1 1 1 1 1 1 1 1 1 1 1 1 1 1 1 1 1 1 1 1 1 1 1 1 1 1 1 1 1 1 1 1 1 1 1 1 1 1 1 1 1 1 1 1 1 1 1 1 1 1 1 1 1 1 1 1 1 1 1 1 1 1 1 1 1 1 1 1 1 1 1 1 1 1 1 1 1 1 1 1 1 1 1 1 1 1 1 1 1 1 1 1 1 1 1 1 1 1 1 1 1 1 1 1 1 1 1 1 1 1 1 1 1 1 1 1 1 1 1 1 1 1 1 1 1 1 1 1 1 1 1 1 1 1 1 1 1 1 1 1 1 1 1 1 1 0.7176471 1 1 1 0.9098039 1 1 1 0.8627451 1 1 1 0.9411765 1 1 1 1 1 1 1 1 1 1 1 1 1 1 1 1 1 1 1 1 1 1 1 1 1 1 1 0.78039217 1 1 1 0.9254902 1 1 1 0.7607843 1 1 1 0.5137255 1 1 1 0.53333336 1 1 1 0.09803922 1 1 1 0.09803922 1 1 1 0.09803922 1 1 1 0.09803922 1 1 1 0.627451 1 1 1 0.41568628 1 1 1 0.7254902 1 1 1 0.6039216 1 1 1 0.28627452 1 1 1 0.827451 1 1 1 0.79607844 1 1 1 0.9098039 1 1 1 0.90588236 1 1 1 0.09803922 1 1 1 0.09803922 1 1 1 0.90588236 1 1 1 1 1 1 1 1 1 1 1 1 1 1 1 1 1 1 1 1 1 1 1 1 1 1 1 1 1 1 1 1 1 1 1 1 1 1 1 1 1 1 1 1 1 1 1 1 1 1 1 1 1 1 1 1 1 1 1 1 1 1 1 1 1 1 1 1 1 1 1 1 1 1 1 1 1 1 1 1 1 1 1 1 1 1 1 0.85882354 1 1 1 0.8235294 1 1 1 0.8 1 1 1 0.8901961 1 1 1 0.8 1 1 1 0.8980392 1 1 1 0.8 1 1 1 0.8980392 1 1 1 0.8 1 1 1 0.8 1 1 1 0.8 1 1 1 0.8 1 1 1 0.8 1 1 1 0.9019608 1 1 1 0.90588236 1 1 1 0.8 1 1 1 0.8 1 1 1 0.8 1 1 1 0.8 1 1 1 0.8 1 1 1 0.8 1 1 1 0.8 1 1 1 0.78039217 1 1 1 0.8 1 1 1 0.8 1 1 1 0.8 1 1 1 0.7176471 1 1 1 0.76862746 1 1 1 0.7372549 1 1 1 0.8 1 1 1 0.8 1 1 1 0.8 1 1 1 0.8 1 1 1 0.8 1 1 1 0.8 1 1 1 0.8 1 1 1 0.8 1 1 1 0.8 1 1 1 0.8 1 1 1 0.8 1 1 1 0.8 1 1 1 0.8 1 1 1 0.8 1 1 1 0.8 1 1 1 0.8 1 1 1 0.8 1 1 1 0.8352941 1 1 1 0.84705883 1 1 1 0.8862745 1 1 1 0.90588236 1 1 1 0.94509804 1 1 1 0.9647059 1 1 1 1 1 1 1 1 1 1 1 1 1 1 1 1 1 1 1 0.8 1 1 1 0.84313726 1 1 1 0.7921569 1 1 1 0.92156863 1 1 1 0.92941177 1 1 1 1 1 1 1 1 1 1 1 1 1 1 1 1 1 1 1 1 1 1 1 1 1 1 1 0.8 1 1 1 0.8 1 1 1 0.8 1 1 1 0.8 1 1 1 0.8 1 1 1 0.8 1 1 1 0.8 1 1 1 0.8 1 1 1 1 1 1 1 1 1 1 1 1 1 1 1 1 1 1 1 1 1 1 1 1 1 1 1 1 1 1 1 1 1 1 1 1 1 1 1 0.8 1 1 1 0.8 1 1 1 0.24313726 1 1 1 0.18431373 1 1 1 0.09803922 1 1 1 0.09803922 1 1 1 0.09803922 1 1 1 0.09803922 1 1 1 0.09803922 1 1 1 0.09803922 1 1 1 0.09803922 1 1 1 0.09803922 1 1 1 0.09803922 1 1 1 0.09803922 1 1 1 0.3529412 1 1 1 0.48235294 1 1 1 0.5294118 1 1 1 0.8 1 1 1 0.60784316 1 1 1 0.8 1 1 1 0.8 1 1 1 0.49803922 1 1 1 0.4392157 1 1 1 0.8 1 1 1 0.09803922 1 1 1 0.09803922 1 1 1 0.09803922 1 1 1 0.09803922 1 1 1 0.09803922 1 1 1 0.09803922 1 1 1 0.09803922 1 1 1 0.09803922 1 1 1 0.09803922 1 1 1 0.09803922 1 1 1 0.09803922 1 1 1 0.09803922 1 1 1 0.09803922 1 1 1 0.09803922 1 1 1 0.09803922 1 1 1 0.09803922 1 1 1 0.09803922 1 1 1 0.09803922 1 1 1 0.09803922 1 1 1 0.09803922 1 1 1 0.09803922 1 1 1 0.09803922 1 1 1 0.09803922 1 1 1 0.09803922 1 1 1 0.09803922 1 1 1 0.09803922 1 1 1 0.09803922 1 1 1 0.09803922 1 1 1 0.09803922 1 1 1 0.29803923 1 1 1 0.26666668 1 1 1 0.09803922 1 1 1 0.25490198 1 1 1 0.09803922 1 1 1 0.2509804 1 1 1 0.09803922 1 1 1 0.09803922 1 1 1 0.09803922 1 1 1 0.09803922 1 1 1 0.09803922 1 1 1 0.09803922 1 1 1 0.09803922 1 1 1 0.09803922 1 1 1 0.09803922 1 1 1 0.09803922 1 1 1 0.09803922 1 1 1 0.09803922 1 1 1 0.09803922 1 1 1 0.09803922 1 1 1 0.09803922 1 1 1 0.25490198 1 1 1 0.26666668 1 1 1 0.09803922 1 1 1 0.09803922 1 1 1 0.09803922 1 1 1 0.09803922 1 1 1 0.09803922 1 1 1 0.09803922 1 1 1 0.09803922 1 1 1 0.09803922 1 1 1 0.09803922 1 1 1 0.09803922 1 1 1 0.09803922 1 1 1 0.25490198 1 1 1 0.09803922 1 1 1 0.26666668 1 1 1 0.09803922 1 1 1 0.09803922 1 1 1 0.25490198 1 1 1 0.09803922 1 1 1 0.25882354 1 1 1 0.09803922 1 1 1 0.09803922 1 1 1 0.2509804 1 1 1 0.09803922 1 1 1 0.2509804 1 1 1 0.24313726 1 1 1 0.09803922 1 1 1 0.09803922 1 1 1 0.09803922 1 1 1 0.09803922 1 1 1 0.09803922 1 1 1 0.09803922 1 1 1 0.09803922 1 1 1 0.09803922 1 1 1 0.09803922 1 1 1 0.09803922 1 1 1 0.09803922 1 1 1 0.09803922 1 1 1 0.09803922 1 1 1 0.09803922 1 1 1 0.09803922 1 1 1 0.09803922 1 1 1 0.09803922 1 1 1 0.09803922 1 1 1 0.09803922 1 1 1 0.09803922 1 1 1 0.09803922 1 1 1 0.09803922 1 1 1 0.09803922 1 1 1 0.09803922 1 1 1 0.09803922 1 1 1 0.09803922 1 1 1 0.09803922 1 1 1 0.09803922 1 1 1 0.09803922 1 1 1 0.09803922 1 1 1 0.29803923 1 1 1 0.26666668 1 1 1 0.09803922 1 1 1 0.25490198 1 1 1 0.2509804 1 1 1 0.09803922 1 1 1 0.09803922 1 1 1 0.09803922 1 1 1 0.09803922 1 1 1 0.09803922 1 1 1 0.09803922 1 1 1 0.09803922 1 1 1 0.09803922 1 1 1 0.09803922 1 1 1 0.09803922 1 1 1 0.09803922 1 1 1 0.09803922 1 1 1 0.09803922 1 1 1 0.09803922 1 1 1 0.25490198 1 1 1 0.26666668 1 1 1 0.09803922 1 1 1 0.09803922 1 1 1 0.09803922 1 1 1 0.09803922 1 1 1 0.09803922 1 1 1 0.09803922 1 1 1 0.09803922 1 1 1 0.09803922 1 1 1 0.09803922 1 1 1 0.09803922 1 1 1 0.09803922 1 1 1 0.09803922 1 1 1 0.09803922 1 1 1 0.25490198 1 1 1 0.09803922 1 1 1 0.25882354 1 1 1 0.09803922 1 1 1 0.09803922 1 1 1 0.2509804 1 1 1 0.09803922 1 1 1 0.2509804 1 1 1 0.24313726 1 1 1 0.09803922 1 1 1 0.09803922 1 1 1 0.09803922 1 1 1 0.09803922 1 1 1 0.09803922 1 1 1 0.09803922 1 1 1 0.09803922 1 1 1 0.09803922 1 1 1 0.09803922 1 1 1 0.09803922 1 1 1 0.09803922 1 1 1 0.09803922 1 1 1 0.972549 1 1 1 1 1 1 1 1 1 1 1 0.09803922 1 1 1 0.09803922 1 1 1 0.09803922 1 1 1 0.09803922 1 1 1 0.09803922 1 1 1 0.09803922 1 1 1 0.09803922 1 1 1 0.09803922 1 1 1 0.09803922 1 1 1 0.09803922 1 1 1 0.09803922 1 1 1 0.09803922 1 1 1 0.09803922 1 1 1 0.09803922 1 1 1 0.09803922 1 1 1 0.09803922 1 1 1 0.09803922 1 1 1 0.09803922 1 1 1 0.09803922 1 1 1 0.09803922 1 1 1 0.09803922 1 1 1 0.09803922 1 1 1 0.09803922 1 1 1 0.09803922 1 1 1 0.09803922 1 1 1 0.09803922 1 1 1 0.09803922 1 1 1 0.09803922 1 1 1 0.09803922 1 1 1 0.25490198 1 1 1 0.09803922 1 1 1 0.26666668 1 1 1 0.25490198 1 1 1 0.49803922 1 1 1 0.49803922 1 1 1 0.42745098 1 1 1 0.09803922 1 1 1 0.09803922 1 1 1 0.09803922 1 1 1 0.09803922</float_array>
					<technique_common>
						<accessor source="#mesh_7_Body01_color_array_id" count="1495" stride="4">
							<param name="R" type="float" />
							<param name="G" type="float" />
							<param name="B" type="float" />
							<param name="A" type="float" />
						</accessor>
					</technique_common>
				</source>
				<vertices id="mesh_7_Body01_vertices_id">
					<input semantic="POSITION" source="#mesh_7_Body01_position_id" />
				</vertices>
				<triangles material="Body01" count="1948">
					<input semantic="VERTEX" source="#mesh_7_Body01_vertices_id" offset="0" />
					<input semantic="NORMAL" source="#mesh_7_Body01_normal_id" offset="0" />
					<input semantic="COLOR" source="#mesh_7_Body01_color_id" offset="0" />
					<input semantic="TEXCOORD" source="#mesh_7_Body01_uv0_id" offset="0" set="0" />
					<p>0 1 2 3 1 0 0 2 4 5 0 4 4 6 5 5 6 7 7 6 8 7 8 9 9 8 10 11 6 4 4 12 11 4 2 12 11 12 13 12 14 13 15 14 12 2 15 12 14 16 13 13 16 17 16 18 17 19 18 16 20 18 19 21 18 20 20 22 21 22 23 21 6 11 23 21 23 24 21 24 18 18 24 17 23 11 24 11 13 24 24 13 17 22 25 23 23 25 26 8 26 10 8 6 26 26 6 23 22 27 25 28 27 22 28 22 20 29 7 9 30 7 29 30 5 7 31 30 29 32 30 31 10 26 33 27 33 25 25 33 26 34 5 30 34 35 5 34 36 35 37 36 34 32 37 30 30 37 34 37 38 36 39 38 37 39 37 40 40 37 32 38 39 41 41 42 38 38 42 43 43 36 38 41 39 44 39 40 44 44 40 45 45 40 46 46 40 47 40 32 47 47 32 31 44 48 41 48 42 41 49 48 44 44 45 49 49 45 50 45 46 50 51 42 48 49 52 48 50 52 49 48 52 53 48 53 51 54 52 50 50 55 54 50 46 55 54 55 56 57 36 43 51 53 58 51 58 59 59 58 60 51 59 61 61 42 51 61 59 62 60 63 59 59 63 62 64 42 61 64 43 42 65 43 64 65 66 43 66 57 43 67 66 65 68 57 66 67 68 66 69 57 68 70 57 69 69 71 70 70 71 72 72 73 70 71 74 72 75 74 71 71 69 75 76 68 67 75 69 76 76 69 68 77 78 79 79 80 77 81 80 79 82 77 80 83 77 82 82 84 83 84 82 85 85 82 86 82 80 86 86 80 81 83 84 87 88 87 84 89 87 88 88 90 89 88 91 90 92 91 88 85 92 84 84 92 88 89 90 93 94 93 90 95 93 94 94 96 95 94 97 96 98 97 94 94 90 98 98 90 91 95 96 99 96 100 99 101 100 96 96 97 101 102 78 77 103 78 102 102 104 103 105 104 102 83 105 77 77 105 102 87 105 83 104 105 106 106 105 107 89 107 87 107 105 87 108 78 103 109 108 103 110 108 109 108 110 111 111 110 112 113 111 112 114 111 113 114 113 115 115 116 114 114 116 117 117 116 118 118 116 119 115 113 120 101 121 100 122 121 101 123 122 101 101 97 123 124 122 123 121 125 100 100 125 126 126 99 100 99 127 128 127 99 126 128 127 129 115 130 116 115 120 130 116 130 131 116 131 119 130 132 131 133 132 130 134 132 133 135 132 134 135 131 132 136 114 117 117 118 136 137 114 136 114 137 111 111 137 108 138 133 130 130 120 138 139 133 138 139 134 133 139 138 140 140 138 141 120 141 138 142 134 139 143 140 141 144 140 143 142 139 144 144 139 140 129 145 128 146 145 129 145 146 147 147 146 148 148 149 147 119 131 150 150 131 135 143 141 151 151 141 152 152 141 153 154 149 148 155 149 154 146 156 148 148 156 154 129 157 146 146 157 156 127 157 129 158 157 127 159 158 160 161 158 159 162 161 159 163 161 162 155 164 165 165 164 166 165 166 167 167 166 168 169 170 171 172 170 169 170 173 171 170 174 173 174 175 173 176 175 174 177 175 176 176 178 177 177 178 179 173 175 180 173 180 181 171 173 181 181 180 182 183 181 182 184 181 183 181 184 171 182 185 183 186 185 182 186 187 185 185 187 188 187 189 188 190 189 187 191 189 190 191 190 192 175 192 180 192 190 193 190 187 193 193 187 186 180 192 193 180 193 182 182 193 186 191 192 194 194 192 195 177 179 195 177 195 175 175 195 192 196 191 194 197 191 196 197 189 191 178 176 198 198 176 199 174 199 176 199 200 198 201 200 199 195 179 202 196 194 202 202 194 195 203 199 174 203 174 204 205 203 204 206 203 205 201 199 206 206 199 203 207 206 205 208 206 207 208 209 206 206 209 201 210 208 207 210 207 211 211 207 212 205 212 207 213 208 210 208 213 209 209 213 214 215 209 214 216 209 215 200 201 216 216 201 209 210 217 213 211 217 210 213 217 218 213 218 214 214 218 219 219 215 214 220 217 211 218 217 221 218 221 219 221 217 222 220 222 217 219 221 223 219 223 224 224 215 219 224 223 225 226 212 205 227 222 220 220 228 227 227 228 229 220 230 228 211 230 220 228 230 231 231 232 228 228 232 229 233 230 211 212 233 211 234 233 212 235 234 212 226 235 212 236 234 235 237 235 226 237 236 235 237 226 238 238 226 239 239 240 238 241 240 239 239 242 241 241 243 240 240 243 244 240 244 238 245 236 237 238 245 237 238 244 245 246 247 248 249 248 247 250 248 249 247 251 249 252 251 247 251 252 253 254 251 253 255 251 254 250 249 255 255 249 251 253 252 256 256 257 253 258 257 256 257 258 259 260 257 259 261 257 260 254 253 261 261 253 257 259 258 262 262 263 259 264 263 262 263 264 265 266 263 265 267 263 266 263 267 259 259 267 260 265 264 268 269 265 268 270 265 269 265 270 266 271 247 246 271 246 272 272 246 273 246 274 273 275 274 246 246 248 275 276 271 272 277 271 276 252 247 277 277 247 271 277 256 252 278 277 276 279 277 278 279 258 256 279 256 277 274 280 273 281 280 274 272 273 282 282 273 280 283 270 269 284 270 283 284 285 270 266 270 285 286 285 284 269 287 283 288 287 269 268 288 269 289 258 279 289 290 291 291 290 262 268 264 292 292 288 268 292 264 293 290 293 262 262 293 264 278 276 294 294 276 295 276 272 295 295 272 282 275 296 274 274 296 281 275 297 296 275 298 297 299 298 275 300 298 299 301 298 300 296 297 302 298 303 297 297 303 302 304 303 298 298 301 304 305 303 304 306 303 305 306 305 307 307 305 308 304 308 305 306 309 303 302 303 309 310 309 306 307 310 306 310 311 309 309 311 312 312 302 309 313 310 307 311 314 312 315 314 311 313 315 310 310 315 311 304 301 316 316 308 304 317 300 299 318 317 299 319 300 317 320 312 314 321 312 320 321 302 312 322 292 293 323 292 322 323 324 325 326 324 323 326 327 324 328 327 326 329 330 322 322 330 331 330 332 331 331 332 333 334 333 332 335 333 334 336 337 338 338 337 339 339 340 338 338 340 341 336 342 337 337 342 343 343 342 344 344 342 345 344 345 346 346 345 347 347 348 346 349 348 347 349 350 348 348 350 351 351 350 352 352 350 353 352 353 354 354 353 355 356 355 353 349 356 350 350 356 353 349 357 356 357 349 358 358 349 359 336 359 342 342 359 345 349 347 359 359 347 345 336 358 359 356 357 360 356 360 361 361 355 356 361 360 362 362 363 361 364 363 362 360 364 362 361 363 365 361 366 355 355 366 354 361 367 366 361 365 367 366 367 368 369 368 367 367 365 369 370 369 365 365 363 370 371 369 370 371 372 369 372 368 369 373 372 371 374 373 371 375 373 374 376 354 366 377 354 376 377 352 354 378 377 376 379 377 378 380 379 378 381 379 380 382 381 380 383 381 382 384 383 382 385 383 384 386 385 384 387 385 386 388 387 386 389 387 388 390 389 388 391 389 390 390 392 391 391 392 393 394 393 392 395 393 394 395 394 396 396 394 397 396 397 398 398 397 399 391 393 400 400 393 401 395 401 393 400 401 402 402 401 403 403 404 402 402 404 405 390 406 392 390 388 406 392 406 407 392 407 394 406 408 407 407 408 409 408 410 409 409 410 411 410 412 411 413 412 410 410 414 413 415 414 410 408 415 410 415 416 414 414 416 417 418 402 405 419 418 405 420 418 419 421 402 418 421 400 402 422 415 408 406 422 408 422 416 415 423 422 406 406 424 423 425 400 421 425 426 400 427 426 425 428 418 420 429 418 428 429 421 418 430 421 429 430 425 421 429 431 430 430 431 432 433 432 431 433 431 434 434 435 433 433 435 436 435 437 436 436 437 438 437 439 438 440 439 437 435 440 437 441 439 440 442 441 440 443 441 442 444 443 442 445 444 442 446 444 445 445 447 446 446 447 448 446 449 444 446 450 449 450 446 448 449 450 451 452 449 451 453 449 452 444 449 454 449 453 454 454 453 455 454 455 456 456 455 457 444 454 458 458 454 456 458 443 444 438 439 459 438 459 460 460 459 461 460 461 462 462 461 463 462 463 464 464 463 465 456 466 458 467 466 456 456 457 467 463 468 465 461 469 463 463 469 468 459 470 461 461 470 469 439 471 459 459 471 470 443 472 441 441 472 473 473 472 471 474 472 443 443 458 474 474 458 466 467 457 475 476 462 464 477 462 476 477 460 462 478 477 476 479 477 478 479 480 477 480 460 477 480 481 460 482 481 480 483 482 480 483 480 479 484 482 483 483 485 484 486 479 478 487 479 486 485 483 487 487 483 479 488 487 486 489 487 488 489 485 487 490 489 488 491 489 490 489 491 492 492 485 489 493 494 495 494 496 495 495 496 497 496 498 497 497 498 499 499 498 500 500 498 501 502 500 501 503 500 502 504 500 503 505 500 504 505 499 500 502 501 506 506 501 507 498 507 501 507 508 506 509 508 507 503 502 510 510 502 511 506 512 502 502 512 511 512 506 513 513 506 508 504 503 514 514 503 510 515 509 507 496 515 498 515 507 498 516 509 515 517 516 515 517 515 496 494 517 496 518 516 517 519 518 517 519 517 494 520 518 519 521 520 519 494 521 519 522 520 521 523 522 521 524 522 523 499 525 497 525 495 497 526 525 499 526 499 505 527 528 525 521 529 523 523 529 530 529 531 530 529 532 531 529 521 532 527 533 528 533 531 528 534 535 536 536 535 537 537 535 538 538 535 539 538 539 540 540 539 541 541 542 540 540 542 543 543 544 540 540 544 545 545 538 540 544 546 545 545 546 547 546 548 547 547 548 549 549 548 550 550 548 551 547 549 552 552 549 553 539 554 541 555 554 539 535 555 539 555 556 554 556 557 554 556 558 557 559 558 556 554 557 560 542 541 560 560 541 554 561 559 556 561 556 555 562 559 561 563 538 545 538 563 537 545 547 563 563 547 552 553 549 564 564 549 550 550 565 564 566 565 550 567 562 561 568 562 567 565 569 564 564 569 570 570 553 564 552 553 571 571 553 572 572 553 570 567 561 573 573 561 555 568 574 562 575 574 568 573 555 576 563 552 577 577 552 571 578 563 577 577 579 578 580 579 577 577 571 580 581 572 570 582 572 581 581 570 583 583 570 569 569 584 583 585 584 569 565 585 569 580 586 579 579 586 587 586 588 587 586 589 588 590 589 586 586 580 590 590 591 589 591 592 589 589 592 593 589 593 588 594 592 591 595 592 594 595 596 592 592 596 593 597 596 595 594 598 595 595 598 599 595 599 597 594 600 598 601 600 594 594 591 601 602 591 590 601 591 602 587 588 603 588 604 603 588 593 604 593 605 604 593 596 605 604 605 606 604 606 607 603 604 607 607 606 608 607 608 609 609 608 610 603 607 611 611 607 609 609 612 611 611 612 613 612 614 613 612 615 614 615 616 614 614 616 617 618 615 612 612 609 618 618 609 610 614 617 619 613 614 619 619 617 620 619 620 621 621 620 622 613 619 623 623 619 621 620 624 622 622 624 625 611 613 626 626 613 623 626 603 611 627 603 626 601 628 600 629 628 601 600 628 630 630 628 631 627 626 632 632 626 633 626 623 633 616 634 617 617 634 635 617 635 620 620 635 624 621 622 636 636 622 637 622 625 637 637 638 636 637 639 638 640 639 637 636 638 641 636 641 642 623 621 642 642 621 636 633 623 642 642 641 643 642 643 633 633 643 644 637 625 645 615 646 616 616 646 634 615 618 646 640 647 639 647 648 639 649 648 647 650 648 649 650 651 648 652 651 650 652 653 651 654 653 652 655 654 652 656 654 655 657 656 655 658 656 657 659 658 657 660 658 659 657 661 659 662 661 657 657 655 662 655 652 663 663 652 650 662 655 663 662 664 661 665 664 662 662 663 665 663 650 666 666 650 649 665 663 666 664 665 667 667 665 668 665 666 668 668 666 669 666 649 669 669 649 670 649 647 670 670 647 671 671 647 640 656 672 654 673 672 656 656 658 673 673 658 660 673 660 674 674 660 675 675 676 674 677 676 675 678 677 675 675 660 678 678 660 659 679 677 678 680 679 678 681 679 680 681 682 679 683 682 681 661 684 659 659 684 685 680 678 685 685 678 659 684 661 686 686 661 664 686 664 687 687 664 667 672 673 688 688 673 674 688 689 672 688 690 689 690 691 689 689 691 692 689 692 693 672 689 693 693 692 694 695 690 688 676 695 674 674 695 688 693 696 672 697 696 693 698 697 693 694 698 693 699 697 698 691 690 700 700 690 701 690 695 701 701 695 702 676 702 695 703 702 676 703 676 704 704 676 677 682 704 679 679 704 677 703 704 705 705 704 682 706 697 699 706 699 707 707 699 708 698 708 699 709 706 707 710 706 709 711 697 706 710 711 706 712 711 710 713 712 710 714 698 694 714 708 698 715 716 717 717 716 718 718 719 717 718 720 719 719 720 721 722 723 724 725 723 722 725 726 723 723 726 727 726 728 727 727 728 729 729 728 730 730 728 731 728 732 731 733 732 728 726 733 728 733 734 732 735 734 733 735 736 734 737 736 735 737 738 736 736 738 739 740 737 735 741 737 740 742 727 729 743 727 742 727 743 723 742 744 743 744 742 745 746 744 745 747 744 746 745 742 748 730 748 729 729 748 742 744 747 749 743 744 749 749 747 750 751 733 726 725 751 726 740 735 751 751 735 733 741 752 737 737 752 738 752 753 738 738 753 754 749 750 755 755 750 756 752 757 753 758 757 752 741 758 752 759 741 740 760 741 759 760 758 741 743 749 761 761 749 755 750 762 756 756 762 763 764 743 761 759 740 765 765 740 751 765 751 766 767 765 766 768 765 767 768 759 765 760 769 758 770 769 760 757 758 771 771 758 769 771 772 757 757 772 773 773 753 757 768 767 774 774 767 775 774 775 776 776 777 774 774 777 778 778 768 774 777 779 778 777 780 779 781 780 777 777 776 781 779 780 782 782 780 783 780 784 783 780 781 784 783 784 785 782 783 786 786 783 787 785 787 783 788 782 786 789 782 788 789 779 782 778 779 790 790 779 789 776 775 791 791 792 776 781 776 792 781 792 793 784 781 793 793 792 794 792 795 794 795 792 791 794 795 796 795 797 796 796 797 798 797 795 799 799 795 791 799 800 797 801 800 799 801 802 800 802 803 800 802 804 803 805 804 802 800 803 806 800 806 797 797 806 798 807 805 802 807 802 801 808 805 807 809 808 807 810 808 809 809 807 811 811 807 801 810 812 808 813 812 810 811 801 814 814 801 799 791 814 799 815 814 791 816 789 788 817 789 816 788 818 816 816 818 819 820 814 815 821 814 820 814 821 811 805 822 804 823 822 805 812 823 808 808 823 805 809 824 810 810 824 825 810 825 813 824 826 825 827 825 826 828 825 827 829 826 824 824 830 829 811 830 809 809 830 824 811 821 830 829 830 831 830 821 831 831 821 832 813 825 833 803 804 834 834 804 822 803 834 806 835 828 827 827 836 835 835 836 837 837 836 838 836 839 838 838 839 840 839 841 840 840 841 842 840 842 843 843 842 844 843 844 845 845 844 846 846 847 845 848 847 846 847 849 845 845 849 850 850 843 845 838 840 851 851 840 843 851 843 850 849 852 850 850 852 853 853 851 850 837 838 854 854 838 851 854 851 853 852 855 853 853 855 856 856 854 853 857 854 856 857 837 854 858 837 857 858 835 837 859 835 858 859 828 835 842 860 844 844 860 861 848 846 861 861 846 844 861 862 848 848 862 863 864 863 862 865 863 864 865 866 863 847 848 866 866 848 863 867 866 865 867 868 866 869 868 867 867 870 869 869 870 871 849 847 872 872 847 873 847 866 873 873 866 868 852 849 874 874 849 872 874 875 852 852 875 855 862 861 876 876 861 860 876 860 877 877 878 876 877 879 878 880 879 877 877 881 880 877 860 881 880 881 882 876 878 883 864 862 883 883 862 876 884 881 860 885 881 884 885 886 881 881 886 882 887 886 885 888 878 879 889 878 888 889 883 878 890 883 889 890 864 883 891 864 890 865 864 892 892 864 891 870 867 892 892 867 865 870 892 893 893 892 891 885 894 887 894 895 887 887 895 896 896 886 887 894 897 895 898 897 894 899 894 885 899 898 894 900 898 899 898 900 901 882 886 902 902 886 896 903 904 905 903 905 906 906 907 903 908 907 906 905 904 909 910 911 912 910 912 913 910 913 914 910 914 915 915 914 916 917 915 916 916 918 917 917 918 919 920 915 917 914 913 921 913 912 922 910 915 923 923 915 920 923 911 910 921 924 914 918 916 924 924 916 914 925 924 921 926 922 912 927 922 926 928 927 926 929 927 928 929 928 930 930 928 931 931 932 930 932 931 933 933 931 934 930 932 935 935 932 936 936 932 937 932 933 937 936 937 938 938 937 939 939 940 938 941 940 939 941 942 940 941 943 942 942 943 944 943 945 944 945 946 944 947 946 945 948 945 943 940 942 949 941 950 943 943 950 948 942 951 949 946 951 944 944 951 942 949 951 952 950 941 953 953 941 954 954 941 939 939 937 955 955 937 956 937 933 956 957 939 955 954 939 957 958 956 933 933 934 958 953 959 950 959 945 948 950 959 948 960 959 953 961 945 959 961 947 945 960 961 959 962 947 961 963 962 961 963 961 960 964 962 963 960 965 963 963 965 964 965 966 964 967 966 965 967 968 966 966 968 969 970 958 971 971 958 972 971 972 973 974 973 972 958 974 972 975 973 974 976 975 974 977 975 976 971 973 978 975 978 973 977 979 975 975 979 980 980 978 975 979 981 980 980 981 982 980 982 978 978 982 983 982 984 983 985 984 982 981 985 982 986 983 984 986 978 983 971 978 986 987 985 981 985 987 988 987 989 988 988 989 990 991 990 989 989 992 991 991 992 993 993 992 994 994 992 995 994 996 993 993 996 997 997 991 993 989 998 992 992 998 995 998 989 987 999 991 997 999 1000 991 1000 990 991 1001 1000 999 1001 1002 1000 1003 1002 1001 1004 1002 1003 1005 1006 1007 1007 1006 1008 1008 1006 1009 1009 1006 1010 1011 1005 1007 1012 1005 1011 1012 1011 1013 1013 1011 1014 1007 1014 1011 1014 1015 1013 1016 1015 1014 1017 1009 1010 1018 1009 1017 1019 1017 1010 1020 1017 1019 1021 1020 1019 1022 1020 1021 1023 1015 1016 1024 1015 1023 1025 1024 1023 1025 1023 1026 1026 1023 1027 1023 1016 1027 1028 1024 1025 1015 1024 1029 1015 1029 1013 1029 1024 1030 1028 1031 1024 1024 1031 1030 1028 1032 1031 1033 1032 1028 1033 1034 1032 1034 1035 1032 1032 1035 1036 1032 1036 1031 1035 1037 1036 1036 1037 1038 1039 1038 1037 1040 1038 1039 1041 1040 1039 1042 1040 1041 1043 1042 1041 1044 1042 1043 1045 1044 1043 1046 1044 1045 1047 1034 1033 1047 1048 1034 1034 1048 1049 1050 1049 1048 1051 1049 1050 1051 1052 1049 1035 1034 1052 1052 1034 1049 1053 1052 1051 1030 1054 1029 1029 1054 1055 1056 1029 1055 1055 1057 1056 1056 1057 1058 1057 1059 1058 1058 1059 1060 1059 1061 1060 1060 1061 1062 1061 1063 1062 1062 1063 1064 1062 1064 1065 1065 1064 1066 1065 1066 1067 1067 1066 1068 1068 1069 1067 1070 1069 1068 1070 1071 1069 1072 1071 1070 1072 1073 1071 1074 1073 1072 1075 1064 1063 1076 1064 1075 1064 1076 1066 1066 1076 1068 1076 1070 1068 1063 1077 1075 1078 1077 1063 1061 1078 1063 1079 1065 1067 1080 1065 1079 1065 1080 1062 1062 1080 1060 1081 1080 1079 1082 1080 1081 1058 1060 1082 1082 1060 1080 1079 1083 1081 1084 1083 1079 1069 1084 1067 1067 1084 1079 1073 1074 1085 1085 1086 1073 1073 1086 1087 1073 1087 1071 1085 1088 1086 1089 1088 1085 1089 1090 1088 1091 1090 1089 1091 1092 1090 1093 1092 1091 1093 1094 1092 1095 1094 1093 1095 1096 1094 1097 1096 1095 1090 1092 1098 1098 1088 1090 1098 1092 1099 1092 1094 1099 1100 1098 1099 1101 1098 1100 1101 1088 1098 1088 1101 1086 1100 1099 1102 1102 1099 1103 1099 1094 1103 1104 1100 1102 1105 1100 1104 1087 1105 1106 1106 1105 1104 1105 1107 1100 1100 1107 1101 1105 1087 1107 1107 1087 1086 1086 1101 1107 1096 1108 1094 1094 1108 1103 1109 1095 1093 1110 1095 1109 1110 1097 1095 1111 1110 1109 1112 1110 1111 1111 1113 1112 1112 1113 1114 1108 1115 1103 1103 1115 1102 1102 1115 1116 1116 1115 1117 1115 1118 1117 1119 1118 1115 1111 1109 1120 1113 1111 1120 1120 1109 1121 1109 1093 1121 1121 1093 1091 1121 1091 1122 1122 1091 1123 1120 1121 1124 1124 1121 1122 1122 1123 1125 1125 1123 1126 1126 1127 1125 1128 1125 1127 1129 1125 1128 1124 1122 1129 1129 1122 1125 1128 1127 1130 1130 1127 1131 1130 1131 1132 1132 1131 1133 1132 1133 1134 1119 1115 1135 1135 1115 1108 1135 1136 1119 1119 1136 1137 1119 1137 1118 1138 1136 1135 1138 1135 1139 1139 1135 1108 1132 1134 1140 1140 1134 1141 1141 1142 1140 1142 1143 1140 1140 1143 1144 1130 1132 1144 1144 1132 1140 1143 1145 1144 1144 1145 1146 1146 1130 1144 1145 1147 1146 1148 1147 1145 1149 1145 1143 1142 1149 1143 1150 1145 1149 1150 1148 1145 1151 1150 1149 1152 1150 1151 1152 1153 1150 1153 1148 1150 1151 1149 1154 1154 1149 1155 1155 1149 1142 1156 1154 1155 1157 1154 1156 1158 1130 1146 1147 1158 1146 1159 1158 1147 1160 1142 1141 1156 1155 1160 1160 1155 1142 1161 1157 1156 1162 1157 1161 1161 1163 1162 1162 1163 1164 1163 1165 1164 1164 1165 1166 1165 1167 1166 1166 1167 1168 1167 1169 1168 1168 1169 1170 1171 1170 1169 1163 1161 1172 1172 1161 1173 1161 1156 1173 1173 1156 1160 1172 1173 1174 1175 1172 1174 1176 1172 1175 1172 1176 1163 1163 1176 1165 1177 1176 1175 1178 1176 1177 1176 1178 1165 1165 1178 1167 1177 1179 1178 1178 1179 1180 1169 1167 1180 1180 1167 1178 1171 1169 1181 1181 1169 1180 1182 1154 1157 1183 1154 1182 1184 1183 1182 1182 1185 1184 1184 1185 1186 1185 1187 1186 1186 1187 1188 1187 1189 1188 1188 1189 1190 1188 1190 1191 1191 1190 1192 1190 1193 1192 1194 1193 1190 1194 1190 1195 1195 1190 1189 1196 1194 1195 1197 1194 1196 1194 1197 1198 1193 1194 1198 1198 1197 1199 1186 1200 1184 1186 1188 1200 1200 1188 1191 1200 1201 1184 1202 1193 1198 1201 1203 1184 1203 1183 1184 1203 1204 1183 1205 1204 1203 1203 1206 1205 1206 1203 1201 1205 1206 1207 1204 1205 1208 1208 1205 1209 1205 1207 1209 1209 1210 1208 1209 1207 1211 1211 1207 1212 1212 1207 1213 1213 1207 1206 1210 1209 1214 1214 1209 1211 1211 1215 1214 1212 1215 1211 1214 1215 1216 1217 1216 1215 1217 1215 1212 1218 1216 1217 1218 1219 1216 1220 1219 1218 1202 1198 1221 1221 1198 1199 1199 1222 1221 1223 1222 1199 1223 1224 1222 1222 1224 1225 1225 1224 1226 1226 1224 1227 1224 1228 1227 1228 1224 1223 1227 1228 1229 1230 1229 1228 1231 1229 1230 1232 1231 1230 1233 1231 1232 1232 1234 1233 1233 1234 1235 1234 1236 1235 1235 1236 1237 1229 1238 1227 1238 1226 1227 1239 1238 1229 1231 1239 1229 1240 1238 1239 1241 1240 1239 1231 1233 1241 1241 1239 1231 1242 1240 1241 1241 1243 1242 1241 1233 1243 1233 1235 1243 1242 1243 1244 1243 1245 1244 1243 1235 1245 1235 1237 1245 1244 1245 1246 1245 1247 1246 1245 1237 1247 1246 1247 1248 1249 1238 1240 1249 1250 1238 1250 1226 1238 1251 1250 1249 1250 1251 1252 1250 1252 1226 1252 1251 1253 1249 1254 1251 1240 1254 1249 1251 1254 1255 1255 1253 1251 1256 1254 1240 1242 1244 1257 1257 1244 1258 1244 1246 1258 1258 1246 1259 1246 1248 1259 1260 1248 1247 1261 1248 1260 1240 1242 1262 1262 1242 1257 1257 1263 1262 1264 1263 1257 1264 1257 1265 1266 1253 1255 1267 1266 1255 1268 1269 1270 1270 1269 1271 1271 1272 1270 1272 1271 1273 1273 1271 1274 1274 1271 1275 1275 1271 1269 1275 1269 1276 1276 1269 1277 1275 1276 1278 1278 1276 1279 1268 1280 1269 1269 1280 1277 1277 1280 1281 1281 1280 1282 1283 1281 1282 1284 1281 1283 1285 1284 1283 1286 1284 1285 1268 1287 1280 1280 1287 1282 1282 1287 1283 1283 1287 1285 1268 1288 1287 1288 1289 1287 1287 1289 1285 1290 1291 1292 1292 1291 1293 1291 1294 1293 1293 1294 1295 1296 1295 1294 1297 1295 1296 1297 1298 1295 1299 1298 1297 1299 1300 1298 1301 1300 1299 1302 1301 1299 1303 1301 1302 1302 1299 1304 1304 1299 1297 1304 1297 1305 1305 1297 1296 1306 1303 1302 1307 1303 1306 1306 1302 1308 1308 1302 1304 1308 1304 1309 1309 1304 1305 1310 1307 1306 1311 1307 1310 1310 1306 1312 1312 1306 1308 1309 1305 1313 1313 1305 1314 1305 1296 1314 1312 1308 1315 1315 1308 1309 1292 1316 1290 1290 1316 1317 1291 1318 1294 1294 1318 1296 1314 1296 1318 1318 1319 1314 1320 1319 1318 1291 1320 1318 1293 1295 1321 1321 1295 1298 1317 1322 1323 1324 1322 1317 1325 1326 1321 1327 1326 1325 1325 1328 1327 1327 1328 1316 1321 1298 1329 1329 1298 1300 1325 1321 1330 1330 1321 1329 1329 1331 1330 1331 1332 1330 1330 1332 1333 1330 1333 1325 1325 1333 1328 1334 1331 1329 1328 1335 1316 1316 1335 1336 1316 1336 1317 1333 1337 1328 1328 1337 1335 1337 1333 1338 1338 1333 1332 1315 1309 1339 1339 1309 1313 1339 1313 1340 1340 1313 1341 1319 1341 1314 1314 1341 1313 1342 1334 1329 1329 1343 1342 1342 1343 1344 1343 1345 1344 1344 1345 1346 1346 1345 1347 1347 1345 1348 1347 1348 1349 1349 1348 1350 1349 1350 1351 1351 1350 1352 1322 1353 1323 1323 1353 1354 1353 1355 1354 1336 1356 1357 1358 1357 1356 1356 1359 1358 1358 1359 1360 1359 1361 1360 1362 1361 1359 1363 1357 1358 1357 1363 1364 1364 1336 1357 1364 1363 1365 1361 1366 1360 1367 1366 1361 1368 1369 1370 1370 1369 1371 1371 1372 1370 1373 1372 1371 1373 1374 1372 1375 1374 1373 1376 1375 1373 1377 1375 1376 1378 1377 1376 1379 1377 1378 1377 1379 1380 1380 1379 1381 1375 1377 1382 1382 1377 1380 1374 1375 1383 1383 1375 1382 1380 1381 1384 1384 1381 1385 1382 1380 1386 1386 1380 1384 1383 1382 1387 1387 1382 1386 1384 1385 1388 1388 1385 1389 1386 1384 1390 1390 1384 1388 1391 1383 1387 1392 1383 1391 1392 1374 1383 1390 1393 1386 1386 1393 1387 1369 1368 1394 1394 1368 1395 1370 1372 1396 1396 1372 1374 1396 1374 1392 1397 1396 1392 1398 1396 1397 1396 1398 1370 1376 1373 1399 1399 1373 1371 1368 1400 1395 1395 1400 1401 1399 1371 1402 1402 1371 1403 1402 1403 1404 1404 1403 1394 1378 1376 1405 1405 1376 1399 1402 1406 1399 1399 1406 1405 1407 1405 1406 1406 1408 1407 1409 1408 1406 1404 1409 1402 1402 1409 1406 1410 1405 1407 1404 1394 1411 1411 1394 1412 1394 1395 1412 1409 1404 1413 1413 1404 1411 1408 1409 1414 1414 1409 1413 1391 1387 1415 1415 1387 1393 1416 1391 1415 1417 1391 1416 1397 1392 1417 1417 1392 1391 1410 1418 1405 1405 1418 1419 1419 1418 1420 1420 1421 1419 1422 1421 1420 1422 1423 1421 1421 1423 1424 1423 1425 1424 1424 1425 1426 1425 1427 1426 1426 1427 1428 1429 1430 1412 1429 1431 1430 1430 1431 1432 1432 1431 1433 1434 1432 1433 1435 1432 1434 1436 1431 1429 1429 1437 1436 1412 1437 1429 1436 1437 1438 1439 1434 1433 1440 1434 1439 1441 1442 1443 1441 1444 1442 1444 1441 1445 1441 1443 1445 1445 1443 1446 1443 1447 1446 1446 1447 1448 1442 1449 1450 1450 1449 1451 1452 1453 1454 1455 1456 1457 1456 1458 1457 1457 1458 1459 1460 1455 1457 1460 1457 1461 1461 1457 1462 1462 1463 1461 1464 1463 1462 1465 1466 1467 1465 1468 1466 1469 1468 1465 1465 1467 1470 1471 1465 1470 1472 1465 1471 1473 1472 1471 1474 1472 1473 1475 1476 1477 1477 1478 1475 1475 1478 1479 1479 1480 1475 1481 1480 1479 1482 1478 1477 1477 1476 1482 1483 1484 1485 1483 1486 1484 1485 1484 1487 1488 1489 1490 1491 1492 1493 1493 1492 1494</p>
				</triangles>
			</mesh>
		</geometry>
	</library_geometries>
	<library_controllers>
		<controller id="mesh_0_Body00_ctrl_id">
			<skin source="#mesh_0_Body00_id">
				<bind_shape_matrix>1 0 0 0 0 1 0 0 0 0 1 0 0 0 0 1</bind_shape_matrix>
				<source id="mesh_0_Body00_ctrl_joint_names_id">
					<Name_array id="mesh_0_Body00_ctrl_joint_names_array_id" count="42">pm0513_00 Origin Waist Spine1 Spine2 Spine3 Head Feeler LEar REar LArm LForeArm LHand LFingerA1 LFingerA2 LFingerB1 LFingerB2 RArm RForeArm RHand RFingerA1 RFingerA2 RFingerB1 RFingerB2 Hips LThigh LLeg LFoot LToe RThigh RLeg RFoot RToe Tail1 Tail2 Tail3 Tail4 Tail5 Tail6 pm0513_00_HeadSkin pm0513_00_BodySkin pm0513_00_IrisSkin</Name_array>
					<technique_common>
						<accessor source="#mesh_0_Body00_ctrl_joint_names_array_id" count="42" stride="1">
							<param name="JOINT" type="Name" />
						</accessor>
					</technique_common>
				</source>
				<source id="mesh_0_Body00_ctrl_inv_bind_poses_id">
					<float_array id="mesh_0_Body00_ctrl_inv_bind_poses_array_id" count="672">1 0 0 0 0 1 0 0 0 0 1 0 0 0 0 1 1 0 0 0 0 1 0 0 0 0 1 0 0 0 0 1 0 1 0 -12.061128 -1 3.1391647E-07 0 -3.7861867E-06 0 0 1 0 0 0 0 1 0 1 0 -12.061128 -1 3.1391647E-07 0 -3.7861867E-06 0 0 1 0 0 0 0 1 0 1 0 -15.2964 -1 3.1391647E-07 0 -3.7861869E-06 0 0 1 0 0 0 0 1 0 1 0 -18.409315 -1 3.1391647E-07 0 -3.7861869E-06 0 0 1 0 0 0 0 1 0 1 0 -22.205956 -1 3.1391647E-07 0 -3.7861864E-06 0 0 1 0 0 0 0 1 -0.53762746 0.74156046 -0.40130383 -37.0963 -0.65965044 -0.07346892 0.7479729 8.39772 0.5251839 0.66685104 0.5286696 -32.463367 0 0 0 1 1 0 0 -12.57704 0 1 0 -32.299995 0 0 1 0 0 0 0 1 -1 6.2783295E-07 0 -12.577064 -6.2783295E-07 -1 0 32.299995 -0 -0 1 0 -0 -0 0 1 1 0 0 -3.7457275 0 1 0 -20.467234 0 0 1 0 0 0 0 1 1 0 0 -12.416337 0 1 0 -20.467232 0 0 1 0 0 0 0 1 1 0 0 -20.791683 0 1 0 -20.467234 0 0 1 0 0 0 0 1 0.29825997 -0.29176697 0.9087975 -3.1704903 0.09098101 0.9564894 0.2772191 -21.516245 -0.9501385 -1.2444376E-07 0.31182775 20.944088 0 0 0 1 0.29825997 -0.29176697 0.9087975 -5.1644783 0.09098101 0.9564894 0.2772191 -21.516249 -0.9501385 -1.2444376E-07 0.31182775 20.944088 0 0 0 1 1 0 0 -24.016804 0 1 0 -20.467232 0 0 1 0 0 0 0 1 1 0 0 -26.756733 0 1 0 -20.467234 0 0 1 0 0 0 0 1 -1 6.2783295E-07 0 -3.7457402 -6.2783295E-07 -1 0 20.4672 -0 -0 1 0 -0 -0 0 1 -1 6.2783295E-07 0 -12.416309 -6.2783295E-07 -1 0 20.467197 -0 -0 1 0 -0 -0 0 1 -1 6.2783295E-07 0 -20.791712 -6.2783295E-07 -1 0 20.467197 -0 -0 1 0 -0 -0 0 1 -0.2982471 -0.29177746 0.90879846 -3.170002 0.09098005 -0.95648634 -0.27723044 21.516188 0.95014286 -5.866385E-07 0.31181535 20.94423 0 -0 0 1 -0.29824972 -0.2917411 0.90880924 -5.164772 0.09096879 -0.95649743 -0.2771959 21.51599 0.95014316 -2.755446E-07 0.31181443 20.944237 0 -0 0 1 -1 6.2783295E-07 0 -24.016811 -6.2783295E-07 -1 0 20.467197 -0 -0 1 0 -0 -0 0 1 -1 6.2783295E-07 0 -26.756712 -6.2783295E-07 -1 0 20.467197 -0 -0 1 0 -0 -0 0 1 0 -1 0 12.061128 0.99999994 -6.3975784E-07 0 7.716201E-06 0 -0 1 0 0 -0 0 1 0.4562015 -0.63901854 0.6193025 4.449765 0.8051342 -5.9604645E-07 -0.5930926 -2.4378862 0.37899762 0.76919144 0.5144954 -8.166533 0 0 0 1 -0.22053954 -0.9282942 -0.29938605 7.152639 0.8051343 -6.556511E-07 -0.5930927 -2.4378853 0.5505642 -0.37184635 0.7474016 -4.426469 0 -0 0 1 0.5932617 0 0.805134 -5 0.8046875 -0.5 -0.5930929 -1 0.0009645374 0.99999964 -1.268013E-07 -2.3409133 0 0 -0 1 0.5930929 0 0.8051338 -8.25 0.80513406 0 -0.59309316 -2.25 1.9353877E-06 1 -2.511199E-07 -0.89757085 0 0 -0 1 -0.45620278 -0.6390175 0.61930245 4.4497557 0.8051339 -4.172325E-07 0.5930932 2.4378939 -0.37899673 0.7691922 0.51449484 -8.166542 0 0 0 1 0.22053833 -0.92829406 -0.2993877 7.152646 0.8051337 -1.8179417E-06 0.59309345 2.4378996 -0.5505656 -0.37184703 0.74740034 -4.426474 0 0 0 1 -0.5930176 -0.25 0.80513453 -6 0.8051758 0 0.59309214 2.5 -0.0009583784 0.9999995 2.8508674E-07 -2.3408873 0 0 0 1 -0.59309196 0 0.80513495 -10 0.8051357 0 0.59309155 2 6.220824E-07 1 2.3994888E-08 -0.89756465 0 0 0 1 0 0 -1 -4 -0.99999994 3.1391644E-07 1.0228697E-13 -4.985738E-06 -0 1 -3.1391647E-07 -8.379729 -0 0 -0 1 0 0 -1 -10 -0.99999994 3.1391644E-07 1.0228697E-13 -4.985739E-06 -0 1 -3.1391647E-07 -8.379728 -0 0 -0 1 0 0 -1 -18 -0.99999994 3.1391644E-07 1.0228697E-13 -4.985738E-06 -0 1 -3.1391647E-07 -8.379729 -0 0 -0 1 0 0 -1 -24 -0.99999994 3.1391644E-07 1.0228697E-13 -4.9857376E-06 -0 1 -3.1391647E-07 -8.379727 -0 0 -0 1 0 0 -1 -32 -0.99999994 3.1391644E-07 1.0228697E-13 -4.985738E-06 -0 1 -3.1391647E-07 -8.379729 -0 0 -0 1 0 0 -1 -38 -0.99999994 3.1391644E-07 1.0228697E-13 -4.985738E-06 -0 1 -3.1391647E-07 -8.379729 -0 0 -0 1 1 0 0 0 0 1 0 0 0 0 1 0 0 0 0 1 1 0 0 0 0 1 0 0 0 0 1 0 0 0 0 1 1 0 0 0 0 1 0 0 0 0 1 0 0 0 0 1</float_array>
					<technique_common>
						<accessor source="#mesh_0_Body00_ctrl_inv_bind_poses_array_id" count="42" stride="16">
							<param name="TRANSFORM" type="float4x4" />
						</accessor>
					</technique_common>
				</source>
				<source id="mesh_0_Body00_ctrl_weights_id">
					<float_array id="mesh_0_Body00_ctrl_weights_array_id" count="624">0.7019608 0.29803923 0.27058825 0.6509804 0.078431375 0.24313726 0.6901961 0.06666667 0.11372549 0.45882353 0.42745098 0.101960786 0.4392157 0.49019608 0.40784314 0.6431373 0.08627451 0.3529412 0.6392157 0.007843138 0.33333334 0.65882355 0.78039217 0.21960784 0.21176471 0.7882353 0.38039216 0.6117647 0.72156864 0.2784314 0.43137255 0.56078434 0.77254903 0.22745098 0.3137255 0.5882353 0.09803922 0.37254903 0.5176471 0.10980392 0.07058824 0.5921569 0.3372549 0.09019608 0.5411765 0.36862746 0.101960786 0.50980395 0.3882353 0.5686275 0.32941177 0.34117648 0.0627451 0.47843137 0.11764706 0.53333336 0.03137255 0.34901962 0.08627451 0.30980393 0.9137255 0.8509804 0.14901961 0.42352942 0.007843138 0.38039216 0.6117647 0.21176471 0.7882353 0.20784314 0.2 0.7607843 0.10980392 0.12941177 0.67058825 0.24313726 0.7019608 0.2784314 0.019607844 0.37254903 0.050980393 0.44705883 0.42745098 0.32941177 0.45882353 0.09019608 0.29803923 0.101960786 0.28627452 0.39215687 0.49803922 0.6627451 0.3372549 0.7921569 0.52156866 0.41960785 0.05882353 0.11372549 0.8862745 0.83137256 0.078431375 0.68235296 0.30980393 0.007843138 0.4627451 0.5294118 0.21176471 0.7882353 0.6 0.07058824 0.5921569 0.5176471 0.10980392 0.38039216 0.50980395 0.77254903 0.22745098 0.20784314 0.43137255 0.56078434 0.4509804 0.5411765 0.8117647 0.1882353 0.42352942 0.5686275 0.09019608 0.8235294 0.08627451 0.7921569 0.5019608 0.49019608 0.0627451 0.9372549 1 0.7529412 0.24705882 0.83137256 0.16862746 0.92156863 0.078431375 0.9529412 0.047058824 0.99215686 0.007843138 0.9019608 0.09803922 0.972549 0.02745098 0.9411765 0.05882353 0.22352941 0.7764706 0.24313726 0.75686276 0.18039216 0.81960785 0.12156863 0.8784314 0.08235294 0.91764706 0.5921569 0.40784314 0.88235295 0.11764706 0.87058824 0.12941177 0.8901961 0.10980392 0.6901961 0.30980393 0.93333334 0.06666667 0.92156863 0.078431375 0.84313726 0.15686275 0.8235294 0.1764706 0.9529412 0.047058824 0.99215686 0.007843138 0.9019608 0.09803922 0.9411765 0.05882353 1 0.83137256 0.16862746 0.7529412 0.24705882 0.972549 0.02745098 0.3529412 0.6392157 0.38039216 0.6117647 0.33333334 0.65882355 0.43137255 0.56078434 0.5019608 0.49019608 0.4627451 0.5294118 0.4509804 0.5411765 0.42352942 0.5686275 0.023529412 0.9764706 0.043137256 0.95686275 0.8509804 0.14901961 0.8 0.2 0.050980393 0.9490196 0.77254903 0.22745098 1 0.2901961 0.70980394 0.2627451 0.7372549 0.6431373 0.35686275 0.9019608 0.047058824 0.14117648 0.18039216 0.81960785 0.24313726 0.75686276 0.101960786 0.8980392 0.28235295 0.7176471 0.85882354 0.3019608 0.69803923 0.16078432 0.8392157 0.2509804 0.7490196 0.19215687 0.67058825 0.13725491 0.4117647 0.5882353 0.050980393 0.9490196 0.44313726 0.5568628 0.8 0.2 0.8509804 0.14901961 0.2627451 0.7372549 0.7607843 0.23921569 1 0.023529412 0.9764706 0.043137256 0.95686275 0.32941177 0.14117648 0.11372549 0.8862745 0.21176471 0.7882353 0.17254902 0.827451 0.0627451 0.8784314 0.05882353 0.13333334 0.7176471 0.22352941 0.7764706 0.5372549 0.34901962 0.19215687 0.67058825 0.13725491 0.2509804 0.7490196 0.050980393 0.9490196 0.9372549 0.18039216 0.81960785 0.3137255 0.6862745 0.3019608 0.69803923 0.5294118 0.3372549 0.4117647 0.5882353 0.11372549 0.35686275 0.6431373 0.14117648 0.70980394 0.14901961 0.7019608 0.29803923 0.2627451 0.7372549 0.77254903 0.22745098 1 0.7607843 0.23921569 0.4509804 0.54901963 0.101960786 0.8980392 0.2 0.8 0.5529412 0.44705883 0.10980392 0.12941177 0.37254903 0.42745098 0.52156866 0.41960785 0.05882353 0.68235296 0.30980393 0.007843138 0.56078434 0.43137255 0.2784314 0.019607844 0.39215687 0.60784316 0.67058825 0.24313726 0.08627451 0.5921569 0.20784314 0.16078432 0.24705882 0.57254905 0.26666668 0.043137256 0.5803922 0.3764706 0.61960787 0.3372549 0.07058824 0.8862745 0.12156863 0.50980395 0.36862746 0.13333334 0.5176471 0.34901962 0.2901961 0.11764706 0.32156864 0.54901963 0.12941177 0.3019608 0.5882353 0.10980392 0.31764707 0.050980393 0.4 0.3529412 0.09803922 0.56078434 0.4392157 0.36078432 0.06666667 0.14117648 0.29803923 0.39215687 0.52156866 0.08627451 0.83137256 0.16862746 0.43137255 0.48235294 0.8509804 0.14901961 0.4627451 0.4509804 0.40392157 0.5294118 0.7137255 0.28627452 0.44313726 0.49803922 0.05882353 0.73333335 0.26666668 0.8 0.2 0.5019608 0.9019608 0.050980393 0.41960785 0.13333334 0.5686275 0.12156863 0.65882355 0.21960784 0.043137256 0.45882353 0.54901963 0.40784314 0.38039216 0.52156866 0.09803922 0.27058825 0.6313726 0.08235294 0.61960787 0.29803923 0.0627451 0.627451 0.30980393 0.2509804 0.6509804 0.22352941 0.7764706 0.17254902 0.827451 0.101960786 0.6 0.21176471 0.7882353 0.7490196 0.6392157 0.07058824 0.6784314 0.3019608 0.09019608 0.62352943 0.28627452 0.34117648 0.56078434 0.11372549 0.60784316 0.2784314 0.7019608 0.08627451 0.18039216 0.81960785 0.24313726 0.75686276 0.28235295 0.7176471 0.12156863 0.5921569 0.2627451 0.7372549 0.13333334 0.5882353 0.69803923 0.14117648 0.61960787 0.23921569 0.42352942 0.49019608 0.4509804 0.09803922 0.3137255 0.6862745 0.3019608 0.4117647 0.043137256 0.07058824 0.8862745 0.050980393 0.49803922 0.3372549 0.5803922 0.3764706 0.36862746 0.16078432 0.6 0.24705882 0.4627451 0.08627451 0.6117647 0.22745098 0.627451 0.0627451 0.56078434 0.11372549 0.25882354 0.54901963 0.40784314 0.12156863 0.65882355 0.21960784 0.5019608 0.43137255 0.06666667 0.4509804 0.44313726 0.05882353 0.40392157 0.5294118 0.36078432 0.57254905 0.27058825 0.6313726 0.09803922 0.93333334 1 0.72156864 0.2784314 0.9529412 0.047058824 0.9019608 0.83137256 0.16862746 0.8509804 0.14901961 0.5803922 0.29803923 0.28235295 0.7176471 0.17254902 0.827451 0.101960786 0.8980392 0.043137256 0.95686275 0.54901963 0.050980393 0.4 0.4509804 0.07058824 0.7294118 0.2 0.68235296 0.023529412 0.5764706 0.40392157 0.15294118 0.64705884 0.6117647 0.3882353 0.27058825 0.72156864 0.2784314 0.047058824 1 0.41960785 0.5411765 0.45882353 0.5019608 0.49803922 0.4627451 0.5372549 0.88235295 0.11764706 0.92156863 0.078431375 0.84313726 0.15686275 0.8235294 0.1764706 0.93333334 0.06666667 0.6509804 0.8509804 0.14901961 0.34117648 0.56078434 0.09803922 0.78039217 0.21960784 0.0627451 0.9372549 0.21176471 0.7882353 0.6117647 0.3882353 0.15294118 0.64705884 0.2 0.050980393 0.54901963 0.4 1 0.9490196 0.18039216 0.81960785 0.16078432 0.8392157 0.3137255 0.6862745 0.3019608 0.69803923 0.8901961 0.10980392 0.4627451 0.5372549 0.8235294 0.1764706 0.5019608 0.49803922 0.5411765 0.45882353 0.4509804 0.8 0.13333334 0.06666667 0.56078434 0.4392157 0.023529412 0.15686275</float_array>
					<technique_common>
						<accessor source="#mesh_0_Body00_ctrl_weights_array_id" count="624" stride="1">
							<param name="WEIGHT" type="float" />
						</accessor>
					</technique_common>
				</source>
				<joints>
					<input semantic="JOINT" source="#mesh_0_Body00_ctrl_joint_names_id" />
					<input semantic="INV_BIND_MATRIX" source="#mesh_0_Body00_ctrl_inv_bind_poses_id" />
				</joints>
				<vertex_weights count="845">
					<input semantic="JOINT" source="#mesh_0_Body00_ctrl_joint_names_id" offset="0" />
					<input semantic="WEIGHT" source="#mesh_0_Body00_ctrl_weights_id" offset="1" />
					<vcount>2 3 3 3 3 3 3 2 3 3 3 2 2 2 2 3 2 3 2 3 3 3 3 2 2 2 3 2 3 3 4 4 3 2 2 3 3 2 2 3 3 3 3 4 3 2 3 3 3 3 3 2 2 2 2 2 3 2 3 3 3 2 3 2 3 3 3 2 2 3 3 2 3 3 3 3 3 2 3 2 2 1 1 1 1 1 1 2 2 2 1 2 1 1 2 2 2 2 2 2 2 2 2 2 2 2 2 2 2 1 1 1 2 2 1 2 2 1 2 1 1 2 1 2 2 1 2 1 2 2 2 2 2 2 2 2 2 2 2 2 2 2 2 2 2 2 2 2 2 2 2 2 2 2 2 2 2 2 2 2 2 2 2 2 2 1 2 2 1 1 2 2 2 2 2 1 3 3 3 2 2 2 3 2 3 3 3 3 3 3 2 1 2 2 2 1 1 2 2 1 1 1 2 2 2 2 3 3 2 2 2 2 2 2 2 2 3 1 1 1 1 2 2 2 2 1 1 2 2 2 2 2 2 2 1 2 1 2 1 1 2 2 2 2 2 2 2 3 3 2 3 3 2 1 1 1 1 2 2 2 2 2 2 3 2 2 3 2 3 2 2 2 2 1 1 1 2 1 1 1 1 1 1 1 2 2 2 1 1 1 1 1 1 2 1 1 1 1 1 1 1 1 2 2 3 3 3 2 3 3 1 3 2 3 2 3 2 3 2 1 1 1 1 1 1 1 1 1 1 1 1 1 1 1 3 3 3 3 3 3 3 3 3 3 3 3 3 3 2 3 3 3 3 2 3 2 3 2 3 2 3 2 2 3 2 2 3 2 3 3 3 3 3 3 3 3 3 3 3 3 2 2 3 2 2 3 3 3 3 3 3 3 3 2 2 2 3 2 3 2 3 3 3 2 3 3 2 3 3 3 2 3 3 3 3 3 3 3 3 3 3 3 3 3 3 3 3 3 3 3 3 3 3 3 2 2 1 2 2 1 2 2 1 1 2 2 2 2 2 2 2 2 2 2 1 3 2 2 2 2 1 1 2 2 1 2 2 2 2 1 1 1 1 2 2 2 2 2 2 2 2 1 1 1 1 1 1 1 1 1 1 1 1 2 2 2 2 2 2 2 2 2 2 2 2 2 2 2 2 3 3 3 2 3 2 2 3 1 1 1 1 1 1 1 2 2 2 2 2 2 2 2 1 1 1 1 1 1 1 1 1 1 1 1 2 2 2 2 2 2 2 2 2 2 2 2 2 2 2 2 3 3 2 3 3 3 2 2 1 1 1 1 1 1 3 3 3 3 3 3 2 2 3 3 2 2 3 2 3 3 3 3 3 3 3 3 3 3 3 3 3 3 3 3 3 3 3 3 3 3 3 3 3 3 3 3 3 3 3 3 3 3 3 3 3 3 3 3 3 3 3 3 3 3 3 3 3 3 3 3 3 3 3 3 3 3 3 3 3 2 2 2 2 2 3 3 3 3 3 3 3 3 3 3 3 3 3 3 3 3 3 3 3 3 3 3 3 3 3 3 3 3 3 3 3 3 3 3 3 3 3 3 3 3 3 3 3 3 3 3 3 3 3 3 3 3 3 3 3 3 3 3 3 3 3 3 3 3 3 3 3 3 3 2 2 3 2 3 3 3 3 3 2 2 1 1 1 2 1 2 1 2 1 2 1 2 2 1 2 1 2 1 2 1 1 1 1 1 1 1 1 2 2 2 2 2 2 2 1 2 2 3 2 3 2 2 2 1 1 2 1 1 1 1 2 2 1 2 1 1 2 2 2 2 2 2 2 2 2 3 2 3 2 3 2 3 2 3 3 3 3 3 3 1 2 1 1 1 2 2 2 2 2 2 2 2 2 2 2 2 1 1 2 2 2 2 2 1 1 2 2 3 3 2 3</vcount>
					<v>12 0 15 1 12 2 15 3 16 4 12 5 15 6 16 7 12 8 15 9 16 10 12 11 15 9 16 12 12 11 15 13 16 14 12 2 15 15 16 16 12 0 15 1 11 17 12 18 15 19 11 20 12 21 15 19 11 17 12 18 15 19 12 22 15 23 15 24 16 25 15 24 16 25 15 24 16 25 11 26 12 27 15 19 12 28 15 29 11 30 12 31 15 19 12 32 15 33 12 34 15 35 16 36 12 37 15 38 16 39 12 40 15 41 16 42 12 43 15 44 16 45 15 24 16 25 15 24 16 25 15 24 16 25 12 46 15 47 16 48 15 24 16 25 12 46 15 49 16 50 12 51 15 31 16 36 12 51 13 52 15 53 16 54 12 55 13 56 15 57 16 58 12 46 15 35 16 59 12 60 15 58 12 61 15 62 11 63 12 49 15 64 11 65 12 66 15 64 15 67 16 68 15 67 16 68 12 41 13 69 15 70 12 71 13 72 15 73 12 74 13 75 15 58 12 76 13 77 15 78 12 79 13 80 15 81 16 73 12 79 13 82 15 70 12 74 15 83 12 63 15 84 16 54 12 85 15 66 16 86 12 87 15 66 16 88 12 85 15 66 16 86 12 89 15 90 16 72 12 91 15 92 15 67 16 68 15 67 16 68 15 67 16 68 12 93 15 69 12 94 13 95 15 96 11 97 12 98 11 85 12 99 15 100 12 101 13 102 15 103 11 104 12 105 15 103 15 106 16 107 12 85 15 108 16 102 15 106 16 107 12 109 15 110 16 92 12 79 15 111 16 112 12 113 15 114 16 112 12 115 15 116 12 93 15 117 11 118 12 119 15 103 11 120 12 121 15 103 12 122 15 123 12 119 13 118 15 103 11 124 12 125 15 103 11 120 12 121 15 103 11 120 12 121 15 103 11 126 12 127 15 128 12 129 15 117 11 130 12 131 15 103 15 132 16 133 15 132 16 133 16 134 16 134 16 134 16 134 16 134 16 134 15 132 16 133 15 132 16 133 15 132 16 133 16 134 15 132 16 133 16 134 16 134 15 132 16 133 15 106 16 107 15 106 16 107 15 106 16 107 15 106 16 107 15 106 16 107 11 135 12 136 11 137 12 138 11 139 12 140 11 141 12 142 11 143 12 144 11 143 12 144 11 145 12 146 11 147 12 148 11 149 12 150 11 134 11 134 11 134 10 151 11 152 10 153 11 154 11 134 10 155 11 156 10 157 11 158 11 134 10 159 11 160 11 134 11 134 10 157 11 158 11 134 10 155 11 156 10 151 11 152 11 134 10 153 11 154 11 134 10 161 11 162 10 161 11 162 10 161 11 162 10 161 11 162 10 161 11 162 10 161 11 162 10 161 11 162 10 161 11 162 10 161 11 162 11 163 12 164 11 165 12 166 11 147 12 148 11 167 12 168 11 147 12 148 11 147 12 148 11 143 12 144 11 165 12 166 11 169 12 170 11 169 12 170 11 169 12 170 11 169 12 170 10 171 11 172 10 173 11 174 10 163 11 164 10 175 11 176 10 177 11 178 10 177 11 178 10 175 11 176 10 163 11 164 10 173 11 174 11 167 12 168 11 169 12 170 11 173 12 174 11 179 12 180 11 181 12 182 11 183 12 184 11 185 12 186 11 187 11 188 12 189 11 190 12 191 11 187 11 187 11 173 12 174 11 190 12 191 11 181 12 182 11 167 12 168 11 192 12 193 11 187 11 194 12 195 15 182 11 196 12 197 15 182 11 198 12 199 15 182 11 169 12 170 11 169 12 170 11 169 12 170 11 194 12 195 15 182 11 169 12 170 11 196 12 197 15 182 11 200 12 201 15 182 11 202 12 203 15 182 11 204 12 205 15 182 11 206 12 207 15 182 11 208 12 209 15 182 26 210 27 211 27 187 26 212 27 213 27 214 28 215 27 216 28 217 27 187 27 187 26 218 27 219 27 220 28 221 27 222 27 222 27 222 27 200 28 209 27 223 28 224 27 225 28 226 27 227 28 228 26 218 27 229 28 230 26 231 27 224 28 215 26 232 27 233 26 234 27 235 26 236 27 237 26 238 27 239 26 231 27 240 26 241 27 242 26 243 27 244 26 245 27 246 26 247 27 248 28 249 28 222 28 222 28 222 28 222 27 218 28 219 27 218 28 219 27 250 28 251 27 250 28 251 28 222 28 222 27 241 28 242 27 252 28 253 27 254 28 255 27 256 28 257 27 258 28 259 27 260 28 261 27 262 28 263 27 264 26 265 27 266 27 264 26 267 27 268 27 264 27 264 27 250 28 251 27 248 28 269 26 270 27 240 26 271 27 272 26 260 27 261 26 273 27 274 26 275 27 276 26 277 27 278 28 279 26 280 27 281 28 259 26 282 27 283 26 271 27 284 28 285 26 286 27 287 28 288 26 289 27 290 27 264 27 264 27 264 27 264 26 291 27 292 26 277 27 293 26 294 27 295 26 275 27 276 26 296 27 297 26 298 27 299 26 280 27 300 28 301 27 302 28 303 27 302 28 303 26 304 27 300 28 305 27 306 28 305 26 307 27 308 28 309 27 310 28 311 27 312 28 313 27 312 28 313 27 314 28 315 28 316 28 316 28 316 27 312 28 313 27 316 27 316 27 316 27 316 27 316 27 316 27 316 27 317 28 318 13 319 14 320 13 321 14 322 14 316 14 316 14 316 14 316 14 316 14 316 13 321 14 322 14 316 14 316 14 316 14 316 14 316 14 316 14 316 14 316 13 323 14 324 13 325 14 326 12 317 13 327 15 328 12 329 13 330 15 323 12 331 13 332 15 333 13 325 14 326 12 334 13 335 15 336 12 337 13 338 15 336 13 316 12 310 13 339 15 340 13 341 14 342 12 343 13 344 15 345 13 341 14 342 12 346 13 347 15 323 13 341 14 342 12 317 13 327 15 328 13 323 14 324 14 316 14 316 14 316 14 316 14 316 14 316 14 316 14 316 14 316 14 316 14 316 14 316 14 316 14 316 14 316 24 348 25 346 26 349 24 348 25 350 26 351 24 352 25 353 26 354 24 352 25 355 26 356 24 352 25 357 26 358 24 359 25 360 26 361 24 362 25 363 26 364 24 365 25 346 26 366 24 367 25 368 26 369 24 370 25 371 26 372 24 362 25 368 26 373 3 362 24 363 25 364 3 374 24 368 25 375 24 376 25 368 26 377 24 378 25 379 24 380 25 350 26 381 3 382 24 360 25 364 3 359 24 353 25 383 24 384 25 385 26 386 24 387 25 388 24 389 25 390 26 386 24 391 25 392 24 393 25 394 26 386 24 391 25 392 24 395 25 396 26 381 24 397 25 398 24 399 25 400 26 401 24 402 25 403 24 404 25 405 24 406 25 389 26 381 24 391 25 392 24 407 25 377 24 393 25 394 26 386 24 391 25 392 24 408 25 394 26 400 24 408 25 409 26 396 24 410 25 411 26 383 24 408 25 394 26 400 24 412 25 413 26 414 24 415 25 400 26 416 24 415 25 417 26 418 25 419 26 420 27 421 25 422 26 423 27 421 25 424 26 425 27 426 25 427 26 428 27 429 25 430 26 431 27 421 26 432 27 433 26 434 27 435 25 436 26 437 27 426 26 438 27 439 26 430 27 440 25 427 26 441 27 426 25 442 26 423 27 426 25 432 26 443 27 421 25 444 26 437 27 421 25 445 26 446 27 447 25 448 26 449 27 421 25 450 26 451 27 452 25 438 26 453 27 454 26 455 27 456 26 457 27 458 26 459 27 460 25 461 26 462 27 447 26 463 27 464 25 465 26 466 27 452 26 444 27 467 25 468 26 469 27 470 25 471 26 472 27 454 25 473 26 473 27 474 26 475 27 476 25 473 26 473 27 474 25 465 26 466 27 452 26 477 27 467 25 468 26 469 27 470 25 471 26 472 27 454 25 478 26 472 27 474 26 475 27 476 24 479 25 480 26 481 24 482 25 473 26 483 24 479 25 469 26 484 24 479 25 485 26 486 24 479 25 466 26 487 24 488 25 489 26 470 24 488 25 462 26 490 24 491 25 473 26 492 24 479 25 466 26 487 24 479 25 466 26 487 24 488 25 493 26 494 24 488 25 489 26 470 24 465 25 495 26 470 24 496 25 497 26 486 24 498 25 495 26 499 24 479 25 500 26 501 24 502 25 503 26 504 24 505 25 506 26 507 24 491 25 508 26 492 24 509 25 483 26 510 24 511 25 512 26 507 24 513 25 514 26 507 25 515 26 516 27 517 24 518 33 507 24 518 33 507 24 519 24 520 33 521 24 520 33 521 24 519 24 518 33 507 24 520 33 521 24 519 24 519 24 522 25 523 24 522 25 523 24 524 25 517 24 525 25 526 24 527 25 528 24 522 25 523 24 527 25 528 24 522 25 523 24 522 25 523 24 524 25 517 24 519 3 502 24 529 25 530 24 518 33 507 24 520 33 521 24 518 33 507 24 520 33 521 24 519 24 519 24 520 33 521 24 518 33 507 24 519 24 518 33 507 24 520 33 521 24 520 33 521 24 518 33 507 24 519 24 519 24 519 24 519 37 531 38 532 37 533 38 534 37 531 38 532 37 533 38 534 37 535 38 536 37 535 38 536 37 537 38 538 37 537 38 538 38 519 38 519 38 519 38 519 38 519 38 519 38 519 38 519 38 519 38 519 38 519 38 519 37 537 38 538 37 537 38 538 37 537 38 538 37 535 38 536 37 535 38 536 37 535 38 536 37 533 38 534 37 533 38 534 37 533 38 534 37 531 38 532 37 531 38 532 37 531 38 532 37 508 38 539 37 531 38 532 37 508 38 539 37 531 38 532 36 540 37 539 38 541 36 540 37 539 38 541 36 540 37 539 38 541 37 542 38 539 36 540 37 539 38 541 37 542 38 539 37 542 38 539 36 540 37 539 38 541 38 519 38 519 38 519 38 519 38 519 38 519 38 519 37 531 38 532 37 533 38 534 37 531 38 532 37 533 38 534 37 535 38 536 37 535 38 536 37 537 38 538 37 537 38 538 38 519 38 519 38 519 38 519 38 519 38 519 38 519 38 519 38 519 38 519 38 519 38 519 37 537 38 538 37 537 38 538 37 537 38 538 37 535 38 536 37 535 38 536 37 535 38 536 37 533 38 534 37 533 38 534 37 533 38 534 37 531 38 532 37 531 38 532 37 531 38 532 37 542 38 539 37 542 38 539 37 542 38 539 37 531 38 532 36 540 37 539 38 541 36 540 37 539 38 541 37 542 38 539 36 540 37 539 38 541 36 540 37 539 38 541 36 540 37 539 38 541 37 542 38 539 37 531 38 532 38 519 38 519 38 519 38 519 38 519 38 519 24 543 33 544 34 545 24 515 33 546 34 523 24 543 33 544 34 545 24 515 33 546 34 523 24 543 33 544 34 545 24 515 33 546 34 523 24 520 33 521 24 520 33 521 24 543 33 544 34 545 24 515 33 546 34 523 24 520 33 521 24 520 33 521 24 515 33 546 34 523 24 520 33 521 24 543 33 544 34 545 24 547 33 548 34 541 24 547 33 548 34 541 33 549 34 539 35 523 33 549 34 539 35 523 24 547 33 548 34 541 33 549 34 539 35 523 33 549 34 539 35 523 24 547 33 548 34 541 24 547 33 548 34 541 33 549 34 539 35 523 33 550 34 551 35 545 33 550 34 551 35 545 33 540 34 539 35 541 33 540 34 539 35 541 33 550 34 551 35 545 33 540 34 539 35 541 33 540 34 539 35 541 33 550 34 551 35 545 33 550 34 551 35 545 33 540 34 539 35 541 34 549 35 539 36 523 34 549 35 539 36 523 34 550 35 551 36 545 34 550 35 551 36 545 34 549 35 539 36 523 34 550 35 551 36 545 34 550 35 551 36 545 34 549 35 539 36 523 34 549 35 539 36 523 34 550 35 551 36 545 34 540 35 539 36 541 34 540 35 539 36 541 35 549 36 539 37 523 35 549 36 539 37 523 34 540 35 539 36 541 35 549 36 539 37 523 35 549 36 539 37 523 34 540 35 539 36 541 34 540 35 539 36 541 35 549 36 539 37 523 35 550 36 551 37 545 35 550 36 551 37 545 35 540 36 539 37 541 35 540 36 539 37 541 35 550 36 551 37 545 35 540 36 539 37 541 35 540 36 539 37 541 35 550 36 551 37 545 35 550 36 551 37 545 35 540 36 539 37 541 36 549 37 539 38 523 36 549 37 539 38 523 36 550 37 551 38 545 36 550 37 551 38 545 36 549 37 539 38 523 36 550 37 551 38 545 36 550 37 551 38 545 36 549 37 539 38 523 36 549 37 539 38 523 36 550 37 551 38 545 37 552 38 553 37 552 38 553 37 552 38 553 37 552 38 553 37 552 38 553 36 540 37 539 38 541 36 540 37 539 38 541 36 540 37 539 38 541 36 540 37 539 38 541 36 540 37 539 38 541 36 550 37 551 38 545 36 550 37 551 38 545 36 549 37 539 38 523 36 549 37 539 38 523 36 549 37 539 38 523 36 550 37 551 38 545 36 550 37 551 38 545 36 549 37 539 38 523 36 550 37 551 38 545 36 549 37 539 38 523 35 540 36 539 37 541 35 540 36 539 37 541 35 550 36 551 37 545 35 550 36 551 37 545 35 550 36 551 37 545 35 540 36 539 37 541 35 540 36 539 37 541 35 550 36 551 37 545 35 550 36 551 37 545 35 540 36 539 37 541 35 549 36 539 37 523 35 549 36 539 37 523 34 540 35 539 36 541 34 540 35 539 36 541 34 540 35 539 36 541 35 549 36 539 37 523 35 549 36 539 37 523 34 540 35 539 36 541 34 540 35 539 36 541 35 549 36 539 37 523 34 550 35 551 36 545 34 550 35 551 36 545 34 549 35 539 36 523 34 549 35 539 36 523 34 549 35 539 36 523 34 550 35 551 36 545 34 550 35 551 36 545 34 549 35 539 36 523 34 549 35 539 36 523 34 550 35 551 36 545 33 540 34 539 35 541 33 540 34 539 35 541 33 550 34 551 35 545 33 550 34 551 35 545 33 550 34 551 35 545 33 540 34 539 35 541 33 540 34 539 35 541 33 550 34 551 35 545 33 550 34 551 35 545 33 540 34 539 35 541 33 549 34 539 35 523 33 549 34 539 35 523 24 547 33 548 34 541 24 547 33 548 34 541 24 547 33 548 34 541 33 549 34 539 35 523 33 549 34 539 35 523 24 547 33 548 34 541 24 547 33 548 34 541 33 549 34 539 35 523 24 543 33 544 34 545 24 543 33 544 34 545 24 554 33 546 34 523 24 554 33 546 34 523 24 555 33 556 24 555 33 556 24 554 33 546 34 557 24 555 33 556 24 543 33 544 34 545 24 543 33 544 34 545 24 554 33 546 34 557 24 543 33 544 34 545 24 554 33 546 34 557 24 555 33 556 24 555 33 556 10 558 10 558 10 558 5 529 10 559 10 558 5 560 10 561 10 558 5 562 10 563 10 558 5 564 10 565 10 558 5 542 10 539 5 564 10 565 10 558 5 562 10 563 10 558 5 560 10 561 10 558 5 562 10 563 10 558 10 558 10 558 10 558 10 558 10 558 10 558 10 558 10 566 11 567 10 568 11 569 10 570 11 571 10 572 11 573 10 572 11 573 10 570 11 571 10 566 11 567 10 558 10 568 11 569 10 574 11 575 12 554 15 576 16 569 12 577 15 578 12 579 15 580 16 581 12 582 15 583 15 584 16 585 15 584 16 585 16 558 16 558 15 584 16 585 16 558 16 558 16 558 16 558 15 584 16 585 15 584 16 585 16 558 15 584 16 585 16 558 16 558 15 584 16 585 15 586 16 587 15 586 16 587 15 586 16 587 15 586 16 587 15 586 16 587 15 586 16 587 15 586 16 587 37 588 38 589 36 590 37 591 38 592 37 588 38 589 36 590 37 591 38 592 37 588 38 589 36 590 37 591 38 592 37 588 38 589 36 590 37 591 38 592 37 588 38 589 36 590 37 591 38 592 36 593 37 594 38 595 36 593 37 594 38 595 36 593 37 594 38 595 36 593 37 594 38 595 36 593 37 594 38 595 27 596 26 593 27 597 27 596 27 596 27 596 26 584 27 585 26 598 27 599 26 600 27 601 26 602 27 603 26 604 27 605 5 606 10 607 5 608 10 609 5 610 10 611 5 612 10 613 5 614 10 615 5 616 10 594 5 617 10 592 5 596 5 596 5 608 10 609 5 606 10 607 5 610 10 611 5 616 10 594 5 617 10 592 5 596 5 596 5 612 10 613 5 614 10 615 3 593 24 594 25 595 3 618 24 617 25 619 24 620 25 621 3 622 24 599 25 623</v>
				</vertex_weights>
			</skin>
		</controller>
		<controller id="mesh_1_Body00_ctrl_id">
			<skin source="#mesh_1_Body00_id">
				<bind_shape_matrix>1 0 0 0 0 1 0 0 0 0 1 0 0 0 0 1</bind_shape_matrix>
				<source id="mesh_1_Body00_ctrl_joint_names_id">
					<Name_array id="mesh_1_Body00_ctrl_joint_names_array_id" count="42">pm0513_00 Origin Waist Spine1 Spine2 Spine3 Head Feeler LEar REar LArm LForeArm LHand LFingerA1 LFingerA2 LFingerB1 LFingerB2 RArm RForeArm RHand RFingerA1 RFingerA2 RFingerB1 RFingerB2 Hips LThigh LLeg LFoot LToe RThigh RLeg RFoot RToe Tail1 Tail2 Tail3 Tail4 Tail5 Tail6 pm0513_00_HeadSkin pm0513_00_BodySkin pm0513_00_IrisSkin</Name_array>
					<technique_common>
						<accessor source="#mesh_1_Body00_ctrl_joint_names_array_id" count="42" stride="1">
							<param name="JOINT" type="Name" />
						</accessor>
					</technique_common>
				</source>
				<source id="mesh_1_Body00_ctrl_inv_bind_poses_id">
					<float_array id="mesh_1_Body00_ctrl_inv_bind_poses_array_id" count="672">1 0 0 0 0 1 0 0 0 0 1 0 0 0 0 1 1 0 0 0 0 1 0 0 0 0 1 0 0 0 0 1 0 1 0 -12.061128 -1 3.1391647E-07 0 -3.7861867E-06 0 0 1 0 0 0 0 1 0 1 0 -12.061128 -1 3.1391647E-07 0 -3.7861867E-06 0 0 1 0 0 0 0 1 0 1 0 -15.2964 -1 3.1391647E-07 0 -3.7861869E-06 0 0 1 0 0 0 0 1 0 1 0 -18.409315 -1 3.1391647E-07 0 -3.7861869E-06 0 0 1 0 0 0 0 1 0 1 0 -22.205956 -1 3.1391647E-07 0 -3.7861864E-06 0 0 1 0 0 0 0 1 -0.53762746 0.74156046 -0.40130383 -37.0963 -0.65965044 -0.07346892 0.7479729 8.39772 0.5251839 0.66685104 0.5286696 -32.463367 0 0 0 1 1 0 0 -12.57704 0 1 0 -32.299995 0 0 1 0 0 0 0 1 -1 6.2783295E-07 0 -12.577064 -6.2783295E-07 -1 0 32.299995 -0 -0 1 0 -0 -0 0 1 1 0 0 -3.7457275 0 1 0 -20.467234 0 0 1 0 0 0 0 1 1 0 0 -12.416337 0 1 0 -20.467232 0 0 1 0 0 0 0 1 1 0 0 -20.791683 0 1 0 -20.467234 0 0 1 0 0 0 0 1 0.29825997 -0.29176697 0.9087975 -3.1704903 0.09098101 0.9564894 0.2772191 -21.516245 -0.9501385 -1.2444376E-07 0.31182775 20.944088 0 0 0 1 0.29825997 -0.29176697 0.9087975 -5.1644783 0.09098101 0.9564894 0.2772191 -21.516249 -0.9501385 -1.2444376E-07 0.31182775 20.944088 0 0 0 1 1 0 0 -24.016804 0 1 0 -20.467232 0 0 1 0 0 0 0 1 1 0 0 -26.756733 0 1 0 -20.467234 0 0 1 0 0 0 0 1 -1 6.2783295E-07 0 -3.7457402 -6.2783295E-07 -1 0 20.4672 -0 -0 1 0 -0 -0 0 1 -1 6.2783295E-07 0 -12.416309 -6.2783295E-07 -1 0 20.467197 -0 -0 1 0 -0 -0 0 1 -1 6.2783295E-07 0 -20.791712 -6.2783295E-07 -1 0 20.467197 -0 -0 1 0 -0 -0 0 1 -0.2982471 -0.29177746 0.90879846 -3.170002 0.09098005 -0.95648634 -0.27723044 21.516188 0.95014286 -5.866385E-07 0.31181535 20.94423 0 -0 0 1 -0.29824972 -0.2917411 0.90880924 -5.164772 0.09096879 -0.95649743 -0.2771959 21.51599 0.95014316 -2.755446E-07 0.31181443 20.944237 0 -0 0 1 -1 6.2783295E-07 0 -24.016811 -6.2783295E-07 -1 0 20.467197 -0 -0 1 0 -0 -0 0 1 -1 6.2783295E-07 0 -26.756712 -6.2783295E-07 -1 0 20.467197 -0 -0 1 0 -0 -0 0 1 0 -1 0 12.061128 0.99999994 -6.3975784E-07 0 7.716201E-06 0 -0 1 0 0 -0 0 1 0.4562015 -0.63901854 0.6193025 4.449765 0.8051342 -5.9604645E-07 -0.5930926 -2.4378862 0.37899762 0.76919144 0.5144954 -8.166533 0 0 0 1 -0.22053954 -0.9282942 -0.29938605 7.152639 0.8051343 -6.556511E-07 -0.5930927 -2.4378853 0.5505642 -0.37184635 0.7474016 -4.426469 0 -0 0 1 0.5932617 0 0.805134 -5 0.8046875 -0.5 -0.5930929 -1 0.0009645374 0.99999964 -1.268013E-07 -2.3409133 0 0 -0 1 0.5930929 0 0.8051338 -8.25 0.80513406 0 -0.59309316 -2.25 1.9353877E-06 1 -2.511199E-07 -0.89757085 0 0 -0 1 -0.45620278 -0.6390175 0.61930245 4.4497557 0.8051339 -4.172325E-07 0.5930932 2.4378939 -0.37899673 0.7691922 0.51449484 -8.166542 0 0 0 1 0.22053833 -0.92829406 -0.2993877 7.152646 0.8051337 -1.8179417E-06 0.59309345 2.4378996 -0.5505656 -0.37184703 0.74740034 -4.426474 0 0 0 1 -0.5930176 -0.25 0.80513453 -6 0.8051758 0 0.59309214 2.5 -0.0009583784 0.9999995 2.8508674E-07 -2.3408873 0 0 0 1 -0.59309196 0 0.80513495 -10 0.8051357 0 0.59309155 2 6.220824E-07 1 2.3994888E-08 -0.89756465 0 0 0 1 0 0 -1 -4 -0.99999994 3.1391644E-07 1.0228697E-13 -4.985738E-06 -0 1 -3.1391647E-07 -8.379729 -0 0 -0 1 0 0 -1 -10 -0.99999994 3.1391644E-07 1.0228697E-13 -4.985739E-06 -0 1 -3.1391647E-07 -8.379728 -0 0 -0 1 0 0 -1 -18 -0.99999994 3.1391644E-07 1.0228697E-13 -4.985738E-06 -0 1 -3.1391647E-07 -8.379729 -0 0 -0 1 0 0 -1 -24 -0.99999994 3.1391644E-07 1.0228697E-13 -4.9857376E-06 -0 1 -3.1391647E-07 -8.379727 -0 0 -0 1 0 0 -1 -32 -0.99999994 3.1391644E-07 1.0228697E-13 -4.985738E-06 -0 1 -3.1391647E-07 -8.379729 -0 0 -0 1 0 0 -1 -38 -0.99999994 3.1391644E-07 1.0228697E-13 -4.985738E-06 -0 1 -3.1391647E-07 -8.379729 -0 0 -0 1 1 0 0 0 0 1 0 0 0 0 1 0 0 0 0 1 1 0 0 0 0 1 0 0 0 0 1 0 0 0 0 1 1 0 0 0 0 1 0 0 0 0 1 0 0 0 0 1</float_array>
					<technique_common>
						<accessor source="#mesh_1_Body00_ctrl_inv_bind_poses_array_id" count="42" stride="16">
							<param name="TRANSFORM" type="float4x4" />
						</accessor>
					</technique_common>
				</source>
				<source id="mesh_1_Body00_ctrl_weights_id">
					<float_array id="mesh_1_Body00_ctrl_weights_array_id" count="809">0.24313726 0.6901961 0.06666667 0.27058825 0.6509804 0.078431375 0.7019608 0.29803923 0.11372549 0.45882353 0.42745098 0.101960786 0.4392157 0.49019608 0.40784314 0.6431373 0.08627451 0.3529412 0.6392157 0.007843138 0.33333334 0.65882355 0.78039217 0.21960784 0.21176471 0.7882353 0.38039216 0.6117647 0.72156864 0.2784314 0.43137255 0.56078434 0.77254903 0.22745098 0.3137255 0.5882353 0.09803922 0.37254903 0.5176471 0.10980392 0.07058824 0.5921569 0.3372549 0.09019608 0.5411765 0.36862746 0.101960786 0.50980395 0.3882353 0.5686275 0.32941177 0.34117648 0.0627451 0.47843137 0.11764706 0.53333336 0.03137255 0.34901962 0.08627451 0.30980393 0.9137255 0.8509804 0.14901961 0.42352942 0.007843138 0.38039216 0.6117647 0.21176471 0.7882353 0.20784314 0.2 0.7607843 0.10980392 0.12941177 0.67058825 0.24313726 0.7019608 0.2784314 0.019607844 0.37254903 0.050980393 0.44705883 0.42745098 0.32941177 0.45882353 0.09019608 0.29803923 0.101960786 0.28627452 0.39215687 0.49803922 0.6627451 0.3372549 0.7921569 0.52156866 0.41960785 0.05882353 0.11372549 0.8862745 0.83137256 0.078431375 0.68235296 0.30980393 0.007843138 0.4627451 0.5294118 0.21176471 0.7882353 0.6 0.07058824 0.5921569 0.5176471 0.10980392 0.38039216 0.50980395 0.77254903 0.22745098 0.20784314 0.43137255 0.56078434 0.4509804 0.5411765 0.8117647 0.1882353 0.42352942 0.5686275 0.09019608 0.8235294 0.08627451 0.7921569 0.5019608 0.49019608 0.0627451 0.9372549 1 0.7529412 0.24705882 0.6117647 0.007843138 0.6901961 0.30980393 0.92156863 0.078431375 0.8901961 0.83137256 0.16862746 0.9529412 0.047058824 0.99215686 0.9019608 0.09803922 0.972549 0.02745098 0.9411765 0.05882353 0.12156863 0.8784314 0.18039216 0.81960785 0.22352941 0.7764706 0.24313726 0.75686276 0.08235294 0.91764706 0.5921569 0.40784314 0.88235295 0.11764706 0.87058824 0.12941177 0.10980392 0.007843138 0.6901961 0.30980393 0.93333334 0.06666667 0.92156863 0.078431375 0.84313726 0.15686275 0.8235294 0.1764706 0.8901961 0.7529412 0.24705882 0.99215686 1 0.38039216 0.6117647 0.43137255 0.56078434 0.3529412 0.6392157 0.33333334 0.65882355 0.5019608 0.49803922 0.4627451 0.5372549 0.4509804 0.54901963 0.5411765 0.45882353 0.5803922 0.41960785 0.88235295 0.11764706 0.043137256 0.95686275 0.023529412 0.9764706 0.8509804 0.14901961 0.8 0.2 0.050980393 0.9490196 0.77254903 0.22745098 1 0.5686275 0.2901961 0.70980394 0.2627451 0.7372549 0.6431373 0.35686275 0.9019608 0.047058824 0.14117648 0.18039216 0.81960785 0.24313726 0.75686276 0.101960786 0.8980392 0.28235295 0.7176471 0.85882354 0.3019608 0.69803923 0.16078432 0.8392157 0.2509804 0.7490196 0.19215687 0.67058825 0.13725491 0.22352941 0.7764706 0.13333334 0.14901961 0.17254902 0.827451 0.0627451 0.8784314 0.05882353 0.32941177 0.11372549 0.8862745 0.21176471 0.7882353 0.2627451 0.7372549 0.14117648 0.023529412 0.9764706 0.043137256 0.95686275 1 0.8509804 0.8 0.2 0.44313726 0.5568628 0.3019608 0.69803923 0.050980393 0.9490196 0.7607843 0.23921569 0.4117647 0.5882353 0.5372549 0.34901962 0.2901961 0.70980394 0.43137255 0.5686275 0.6431373 0.35686275 0.11372549 0.5294118 0.14901961 0.0627451 0.9372549 0.18039216 0.81960785 0.17254902 0.827451 0.3137255 0.6862745 1 0.043137256 0.95686275 0.14117648 0.85882354 0.2627451 0.7372549 0.13333334 0.3372549 0.19215687 0.67058825 0.13725491 0.7019608 0.29803923 0.77254903 0.22745098 0.7607843 0.23921569 0.5019608 0.49019608 0.007843138 0.9019608 0.09803922 0.4627451 0.5294118 0.83137256 0.16862746 0.4509804 0.5411765 0.9411765 0.05882353 0.972549 0.02745098 1 0.9529412 0.047058824 0.92156863 0.078431375 0.99215686 0.7529412 0.24705882 0.43137255 0.56078434 0.2509804 0.32941177 0.41960785 0.13333334 0.11764706 0.7490196 0.14117648 0.12156863 0.7372549 0.27058825 0.4 0.20392157 0.6784314 0.5803922 0.29803923 0.50980395 0.34901962 0.23137255 0.64705884 0.5176471 0.2627451 0.61960787 0.050980393 0.54901963 0.28235295 0.6 0.8 0.06666667 0.2901961 0.5882353 0.15294118 0.80784315 0.019607844 0.023529412 0.81960785 0.15686275 0.88235295 0.047058824 0.38039216 0.33333334 0.28627452 0.36078432 0.32941177 0.30980393 0.3019608 0.36862746 0.3372549 0.24313726 0.49019608 0.10980392 0.5686275 0.32156864 0.5803922 0.3137255 0.5372549 0.14901961 0.050980393 0.37254903 0.5764706 0.4117647 0.09019608 0.9098039 0.9490196 0.8901961 0.5411765 0.45882353 0.08235294 0.91764706 0.2 0.8 0.15686275 0.23137255 0.4392157 0.2509804 0.41960785 0.12156863 0.75686276 0.13333334 0.11764706 0.7490196 0.101960786 0.8980392 0.76862746 0.24313726 0.49019608 0.10980392 0.38039216 0.33333334 0.28627452 0.28235295 0.6 0.2901961 0.5882353 0.8235294 0.1764706 1 0.9529412 0.047058824 0.32941177 0.9019608 0.09803922 0.14117648 0.7372549 0.27058825 0.4 0.20392157 0.6784314 0.5803922 0.29803923 0.50980395 0.34901962 0.23137255 0.12156863 0.64705884 0.13333334 0.5176471 0.2627451 0.11764706 0.61960787 0.050980393 0.54901963 0.8 0.06666667 0.15294118 0.80784315 0.019607844 0.023529412 0.81960785 0.15686275 0.88235295 0.047058824 0.56078434 0.4392157 0.7529412 0.2 0.7137255 0.28627452 0.38039216 0.33333334 0.36078432 0.32941177 0.30980393 0.3019608 0.36862746 0.3372549 0.24313726 0.49019608 0.10980392 0.5686275 0.5882353 0.32156864 0.5803922 0.3137255 0.5372549 0.14901961 0.050980393 0.37254903 0.5764706 0.4117647 0.09019608 0.9098039 0.9490196 0.8901961 0.5411765 0.45882353 0.5019608 0.49803922 0.08235294 0.91764706 0.2 0.8 0.38039216 0.15686275 0.23137255 0.32941177 0.4392157 0.2509804 0.41960785 0.101960786 0.8980392 0.76862746 0.24313726 0.49019608 0.10980392 0.33333334 0.28627452 0.28235295 0.11764706 0.6 0.2901961 0.12156863 0.5882353 0.8235294 0.1764706 1 0.4509804 0.54901963 0.4627451 0.5372549 0.8901961 0.5019608 0.49803922 0.9529412 0.047058824 0.9019608 0.050980393 0.9607843 0.019607844 0.09803922 0.8509804 0.14901961 0.8039216 0.8 0.2 0.73333335 0.26666668 0.83137256 0.16862746 0.5803922 0.29803923 0.101960786 0.8980392 0.5529412 0.44705883 0.7607843 0.10980392 0.12941177 0.37254903 0.42745098 0.52156866 0.41960785 0.05882353 0.68235296 0.30980393 0.007843138 0.56078434 0.43137255 1 0.7019608 0.2784314 0.019607844 0.39215687 0.60784316 0.67058825 0.24313726 0.08627451 0.5921569 0.20784314 0.2 0.8 0.043137256 0.5803922 0.3764706 0.16078432 0.57254905 0.26666668 0.24705882 0.61960787 0.3372549 0.07058824 0.8862745 0.12156863 0.50980395 0.36862746 0.13333334 0.5176471 0.34901962 0.2901961 0.11764706 0.32156864 0.54901963 0.12941177 0.3019608 0.5882353 0.10980392 0.31764707 0.050980393 0.4 0.3529412 0.09803922 0.56078434 0.4392157 0.36078432 0.06666667 0.14117648 0.5803922 0.29803923 0.39215687 0.52156866 0.08627451 0.83137256 0.16862746 0.43137255 0.48235294 0.8509804 0.14901961 0.4627451 0.4509804 0.40392157 0.5294118 0.7137255 0.28627452 0.44313726 0.49803922 0.05882353 0.73333335 0.26666668 0.8 0.2 0.5019608 0.9019608 0.050980393 0.41960785 0.13333334 0.5686275 0.12156863 0.65882355 0.21960784 0.043137256 0.45882353 0.54901963 0.40784314 0.38039216 0.52156866 0.09803922 0.27058825 0.6313726 0.08235294 0.61960787 0.29803923 0.0627451 0.627451 0.30980393 0.2509804 0.6509804 0.22352941 0.7764706 0.17254902 0.827451 0.101960786 0.6 0.21176471 0.7882353 0.7490196 0.6392157 0.07058824 0.6784314 0.3019608 0.09019608 0.62352943 0.28627452 0.34117648 0.56078434 0.11372549 0.60784316 0.2784314 0.7019608 0.08627451 0.18039216 0.81960785 0.24313726 0.75686276 0.28235295 0.7176471 0.12156863 0.5921569 0.2627451 0.7372549 0.13333334 0.5882353 0.69803923 0.14117648 0.61960787 0.23921569 0.42352942 0.49019608 0.4509804 0.09803922 0.3137255 0.6862745 0.3019608 0.4117647 0.043137256 0.07058824 0.8862745 0.050980393 0.49803922 0.3372549 0.5803922 0.3764706 0.36862746 0.16078432 0.6 0.24705882 0.4627451 0.08627451 0.6117647 0.22745098 0.627451 0.0627451 0.56078434 0.11372549 0.25882354 0.54901963 0.40784314 0.12156863 0.65882355 0.21960784 0.5019608 0.43137255 0.06666667 0.4509804 0.44313726 0.05882353 0.40392157 0.5294118 0.36078432 0.57254905 0.27058825 0.6313726 0.09803922 0.8509804 0.14901961 0.6509804 0.078431375 0.34117648 0.78039217 1 0.9529412 0.047058824 0.9372549 0.21176471 0.7882353 0.050980393 0.9490196 0.0627451 0.18039216 0.81960785 0.16078432 0.8392157 0.3137255 0.6862745 0.3019608 0.69803923 0.7529412 0.2 0.8039216 0.7137255 0.28627452 0.56078434 0.4392157 0.023529412 0.15686275 0.09803922 0.73333335 0.26666668 0.88235295 0.5372549 0.14901961 0.5411765 0.45882353 0.5803922 0.41960785</float_array>
					<technique_common>
						<accessor source="#mesh_1_Body00_ctrl_weights_array_id" count="809" stride="1">
							<param name="WEIGHT" type="float" />
						</accessor>
					</technique_common>
				</source>
				<joints>
					<input semantic="JOINT" source="#mesh_1_Body00_ctrl_joint_names_id" />
					<input semantic="INV_BIND_MATRIX" source="#mesh_1_Body00_ctrl_inv_bind_poses_id" />
				</joints>
				<vertex_weights count="778">
					<input semantic="JOINT" source="#mesh_1_Body00_ctrl_joint_names_id" offset="0" />
					<input semantic="WEIGHT" source="#mesh_1_Body00_ctrl_weights_id" offset="1" />
					<vcount>3 3 2 3 3 3 3 2 3 3 3 2 2 2 2 3 2 3 2 3 3 3 3 2 2 2 3 2 3 3 4 4 3 2 2 3 3 2 2 3 3 3 3 4 3 2 3 3 3 3 3 2 2 2 2 2 3 2 3 3 3 2 3 2 3 3 3 2 2 3 3 2 3 3 3 3 3 2 3 2 2 1 1 1 1 1 1 2 2 2 1 2 1 1 2 2 2 2 2 2 2 3 2 2 2 2 2 2 2 2 2 2 1 1 1 2 2 2 1 2 1 2 1 1 2 1 2 2 1 2 1 2 2 2 2 2 2 2 2 2 2 2 2 2 2 2 2 2 2 2 2 2 2 2 2 2 2 2 2 2 2 2 2 2 2 2 1 3 3 3 3 3 3 1 1 1 1 2 2 1 2 2 1 2 1 2 1 2 1 1 2 1 2 1 1 1 1 1 1 1 2 2 2 2 2 2 2 2 1 2 1 2 2 2 1 1 2 2 1 1 1 2 2 2 2 3 3 2 2 2 2 2 2 2 2 3 2 3 2 3 2 2 2 2 2 2 2 1 1 1 1 2 2 2 2 2 1 2 2 1 2 3 1 1 1 2 2 1 2 2 2 2 2 2 3 3 1 1 1 1 2 2 2 2 2 2 1 2 2 2 3 3 2 2 2 2 1 1 1 2 1 1 1 1 1 1 1 2 3 2 3 2 3 2 2 2 1 2 2 2 2 2 2 1 1 3 3 3 3 3 3 3 1 2 2 3 3 3 3 3 3 3 3 3 3 3 3 4 3 4 3 3 3 3 4 4 3 3 4 4 4 3 4 4 3 4 3 4 2 2 2 2 2 2 2 2 3 4 3 3 3 3 2 2 3 4 3 3 3 3 2 1 1 1 1 1 1 2 1 1 2 2 2 2 2 1 2 2 1 2 3 3 3 1 2 2 3 3 3 3 3 3 3 3 3 3 3 3 3 4 3 4 2 3 2 3 3 3 3 4 4 3 3 4 4 4 3 4 4 3 4 3 4 2 2 2 2 2 2 2 2 2 2 3 4 3 3 2 2 3 4 3 3 3 3 2 1 2 1 1 1 1 1 1 2 2 1 2 2 2 2 2 2 2 2 2 2 2 2 2 2 3 2 3 2 2 2 3 3 2 3 2 3 2 1 3 1 2 2 2 2 2 2 3 1 2 2 2 2 1 2 3 2 1 1 1 2 2 1 1 1 1 1 2 1 1 1 1 1 1 1 1 2 2 3 3 3 2 3 3 1 3 2 3 2 3 2 3 2 1 1 1 1 1 1 1 1 1 1 1 1 1 1 1 1 3 3 3 3 3 3 3 3 3 3 3 3 3 3 2 3 3 3 3 2 3 2 3 2 3 2 3 2 2 3 2 2 3 2 3 3 3 3 3 3 3 3 3 3 3 3 2 2 3 2 2 3 3 3 3 3 3 3 3 2 2 2 3 2 3 2 3 3 3 2 3 3 2 3 3 3 2 3 3 3 3 3 3 3 3 3 3 3 3 3 3 3 3 3 3 3 3 3 3 3 2 3 3 2 1 1 1 1 1 1 1 1 1 2 2 2 2 2 2 2 1 2 2 1 2 1 1 1 1 2 2 1 2 1 1 2 2 2 2 2 2 2 2 1 1 1 1 1 1 1 1 1 2 2 2 2 2 2 2 2 1 1 1 1 2 2 2 2 2 3 3 2 2 3 3 2 3 4 3 3 2 3 2 3 4 3 2 2 2 2 3 2 2</vcount>
					<v>19 0 22 1 23 2 19 3 22 4 23 5 19 6 22 7 19 8 22 9 23 10 19 11 22 9 23 12 19 11 22 13 23 14 19 3 22 15 23 16 19 6 22 7 18 17 19 18 22 19 18 20 19 21 22 19 18 17 19 18 22 19 19 22 22 23 22 24 23 25 22 24 23 25 22 24 23 25 18 26 19 27 22 19 19 28 22 29 18 30 19 31 22 19 19 32 22 33 19 34 22 35 23 36 19 37 22 38 23 39 19 40 22 41 23 42 19 43 22 44 23 45 22 24 23 25 22 24 23 25 22 24 23 25 19 46 22 47 23 48 22 24 23 25 19 46 22 49 23 50 19 51 22 31 23 36 19 51 20 52 22 53 23 54 19 55 20 56 22 57 23 58 19 46 22 35 23 59 19 60 22 58 19 61 22 62 18 63 19 49 22 64 18 65 19 66 22 64 22 67 23 68 22 67 23 68 19 41 20 69 22 70 19 71 20 72 22 73 19 74 20 75 22 58 19 76 20 77 22 78 19 79 20 80 22 81 23 73 19 79 20 82 22 70 19 74 22 83 19 63 22 84 23 54 19 85 22 66 23 86 19 87 22 66 23 88 19 85 22 66 23 86 19 89 22 90 23 72 19 91 22 92 22 67 23 68 22 67 23 68 22 67 23 68 19 93 22 69 19 94 20 95 22 96 18 97 19 98 18 85 19 99 22 100 19 101 20 102 22 103 18 104 19 105 22 103 22 106 23 107 19 85 22 108 23 102 22 106 23 107 19 109 22 110 23 92 19 79 22 111 23 112 19 113 22 114 23 112 19 115 22 116 19 93 22 117 18 118 19 119 22 103 18 120 19 121 22 103 19 122 22 123 19 119 20 118 22 103 18 124 19 125 22 103 18 120 19 121 22 103 18 120 19 121 22 103 18 126 19 127 22 128 19 129 22 117 18 130 19 131 22 103 22 132 23 133 22 132 23 133 23 134 23 134 23 134 23 134 23 134 23 134 22 132 23 133 22 132 23 133 22 132 23 133 23 134 22 132 23 133 23 134 23 134 22 132 23 133 22 106 23 107 22 106 23 107 22 106 23 107 22 106 23 107 22 106 23 107 18 135 19 136 18 113 19 137 22 138 18 139 19 140 18 141 19 142 18 143 19 112 18 144 19 145 18 146 19 147 18 148 19 138 18 148 19 138 18 149 19 150 18 151 19 152 18 153 19 154 18 134 18 134 18 134 17 155 18 156 17 157 18 158 17 159 18 160 18 134 17 161 18 162 18 134 17 163 18 164 18 134 18 134 17 155 18 156 18 134 17 157 18 158 17 159 18 160 18 134 17 161 18 162 18 134 17 165 18 166 17 165 18 166 17 165 18 166 17 165 18 166 17 165 18 166 17 165 18 166 17 165 18 166 17 165 18 166 17 165 18 166 18 167 19 168 18 169 19 170 18 151 19 152 18 143 19 171 18 151 19 152 18 151 19 152 18 148 19 172 18 169 19 170 18 173 19 174 18 173 19 174 18 173 19 174 18 173 19 174 17 175 18 176 17 177 18 178 17 167 18 168 17 179 18 180 17 181 18 182 17 181 18 182 17 179 18 180 17 167 18 168 17 177 18 178 18 183 19 171 18 173 19 174 18 177 19 178 18 184 19 185 18 186 19 172 18 187 18 188 19 189 22 172 18 190 19 191 22 172 18 192 19 193 22 172 18 194 19 195 22 172 18 192 19 193 22 172 18 188 19 189 22 172 17 187 17 187 17 187 17 187 5 196 17 197 5 198 17 199 17 187 5 200 17 201 5 198 17 199 17 187 5 196 17 197 17 187 5 202 17 203 17 187 5 204 17 205 17 187 17 187 5 202 17 203 17 187 5 196 17 197 17 187 17 187 17 187 17 187 17 187 17 187 17 187 17 175 18 176 17 177 18 178 17 206 18 207 17 179 18 180 17 181 18 182 17 179 18 180 17 181 18 182 17 206 18 207 17 187 30 208 31 209 31 187 30 210 31 211 31 212 32 213 31 214 32 215 31 187 31 187 30 216 31 217 31 218 32 219 31 220 31 220 31 220 31 190 32 221 31 222 32 223 31 224 32 225 31 226 32 227 30 216 31 228 32 229 30 230 31 223 32 213 30 231 31 232 30 233 31 234 30 235 31 236 30 237 31 238 30 230 31 239 30 240 31 241 30 242 31 243 30 244 31 245 30 246 31 247 32 248 30 249 31 250 30 251 31 238 32 252 30 253 31 254 30 255 31 256 32 257 31 247 32 258 30 259 31 260 30 261 31 262 30 263 31 264 30 265 31 239 30 266 31 267 30 268 31 269 31 270 31 270 31 270 31 270 31 271 32 252 31 272 32 273 31 274 32 275 31 276 32 277 31 278 32 279 32 270 31 263 32 264 31 280 32 281 32 270 31 282 32 283 30 259 31 284 32 285 32 270 32 270 32 270 31 278 32 279 31 278 32 279 32 270 31 282 32 283 31 282 32 283 31 286 32 287 31 263 32 264 31 288 32 289 31 290 32 291 30 292 31 293 32 291 30 265 31 287 32 294 31 270 31 270 31 270 31 270 30 278 31 279 30 295 31 296 30 297 31 298 30 299 31 300 30 301 31 302 30 276 31 277 31 303 30 304 31 305 30 306 31 307 30 308 31 309 30 310 31 293 32 311 30 312 31 313 32 314 31 308 32 309 31 308 32 309 31 315 32 316 31 317 32 318 32 303 32 303 32 303 31 308 32 309 31 303 31 303 31 303 31 303 31 303 31 303 31 303 31 319 32 320 18 321 19 322 22 323 18 324 19 325 18 326 19 327 22 323 18 328 19 329 18 330 19 331 22 323 18 332 19 333 18 324 19 325 18 334 19 335 18 336 18 337 19 338 18 328 19 329 18 339 19 340 18 341 19 323 18 341 19 323 18 342 19 343 18 336 18 336 18 330 19 331 22 323 18 330 19 331 22 323 18 344 19 345 22 323 3 346 4 347 24 348 3 349 4 350 24 351 3 346 4 347 24 348 3 349 4 350 24 351 24 336 24 337 25 338 24 324 25 325 3 352 4 353 24 354 3 355 4 347 24 356 3 357 4 350 24 358 3 353 24 359 25 360 3 352 24 361 25 362 3 363 4 353 24 364 3 349 24 365 25 362 3 366 4 350 24 367 3 368 24 369 25 356 3 370 4 350 24 371 3 349 24 372 25 373 3 374 4 353 24 375 3 376 24 377 25 378 29 378 3 379 24 380 25 381 3 379 24 382 25 383 29 383 3 384 4 385 24 386 3 387 4 388 24 389 3 390 4 388 24 391 3 385 4 388 24 392 3 393 4 394 5 381 24 395 3 393 4 394 5 381 24 395 3 368 4 384 5 396 3 368 4 387 5 375 3 393 4 394 5 381 24 395 3 368 4 397 5 398 10 383 3 393 4 394 5 381 24 395 4 399 5 400 10 401 3 402 4 397 5 398 10 383 3 393 4 394 5 381 24 395 3 402 4 403 5 404 3 393 4 394 5 381 24 395 3 402 4 405 5 400 3 393 4 394 5 381 24 395 4 406 5 407 4 402 5 408 5 409 10 395 5 410 10 411 4 412 5 413 5 409 10 395 5 410 10 411 4 414 5 415 3 402 4 384 5 396 3 393 4 394 5 416 24 395 3 417 4 388 24 418 3 419 4 388 24 420 3 421 4 421 24 422 3 423 4 424 24 425 4 426 5 427 4 417 5 428 3 402 4 405 5 400 3 429 4 430 5 416 24 431 3 432 4 433 24 434 3 432 4 433 24 434 3 435 4 424 24 436 3 437 4 421 24 438 5 439 10 440 5 441 5 441 5 441 5 441 5 441 5 441 5 439 10 440 24 441 24 441 5 442 6 443 5 442 6 443 5 442 6 443 5 442 6 443 5 442 6 443 5 441 5 442 6 443 5 442 6 443 5 441 5 442 6 443 3 419 4 444 24 420 3 423 4 424 24 425 3 423 4 424 24 425 24 441 24 442 29 443 24 445 29 446 3 447 4 421 24 448 3 419 4 444 24 420 3 449 4 444 24 450 3 451 4 424 24 452 3 421 24 453 29 454 3 447 24 455 29 456 3 457 4 458 24 459 3 460 24 461 29 456 3 462 4 463 24 464 3 465 24 466 29 450 3 435 4 463 24 436 3 460 24 467 29 468 3 437 4 458 24 438 3 469 24 470 25 471 29 471 3 472 24 473 29 474 3 472 24 475 25 476 29 476 24 477 29 478 24 479 25 476 29 480 24 481 29 482 3 483 4 484 24 482 3 485 4 486 24 487 3 488 4 486 24 489 3 484 4 486 24 490 3 491 4 492 5 474 24 493 3 491 4 492 5 474 24 493 3 465 4 483 5 494 3 465 4 485 5 495 3 491 4 492 5 474 24 493 3 465 4 496 5 497 17 476 3 491 4 492 5 474 24 493 4 498 5 499 17 500 3 501 4 496 5 497 17 476 3 491 4 492 5 474 24 493 3 501 4 502 5 503 3 491 4 492 5 474 24 493 3 501 4 504 5 499 3 491 4 492 5 474 24 493 4 505 5 506 4 501 5 507 5 508 17 493 5 509 17 510 5 511 17 512 4 513 5 514 5 508 17 493 5 509 17 510 5 511 17 512 4 515 5 516 3 501 4 517 5 494 3 491 4 492 5 518 24 493 3 519 4 520 24 521 3 522 4 520 24 523 4 524 5 525 4 519 5 526 3 501 4 504 5 499 3 527 4 528 5 518 24 529 3 517 4 530 24 531 3 517 4 530 24 531 3 532 4 533 24 534 3 535 4 536 24 537 5 538 17 539 5 540 5 516 17 515 5 540 5 540 5 540 5 540 5 540 5 540 5 538 17 539 5 516 17 515 5 540 5 541 17 542 5 543 17 544 5 543 17 544 5 545 17 529 5 546 17 547 5 541 17 542 5 548 6 549 5 548 6 549 5 548 6 549 5 548 6 549 5 548 6 549 5 548 6 549 5 548 6 549 5 548 6 549 24 550 25 551 29 549 24 548 29 549 24 552 25 553 29 553 24 548 25 549 24 550 25 554 24 555 25 556 24 557 25 554 29 554 24 557 25 554 29 554 24 558 25 559 24 557 25 554 29 554 24 560 25 561 24 552 25 553 29 553 24 548 25 549 24 540 24 552 25 553 29 553 24 540 24 558 29 559 24 560 29 561 24 555 29 556 24 550 29 554 24 555 29 556 24 548 29 549 24 552 25 553 29 553 24 540 24 548 29 549 24 555 29 556 24 548 29 549 24 562 29 563 24 540 24 550 29 554 3 536 24 564 29 565 24 548 29 549 24 540 24 540 21 540 20 566 21 567 20 541 21 542 21 540 21 540 21 540 21 540 21 540 20 566 21 567 21 540 21 540 21 540 21 540 21 540 21 540 21 540 21 540 20 559 21 558 20 568 21 569 19 570 20 571 22 572 19 573 20 574 22 559 19 575 20 576 22 577 20 568 21 569 19 578 20 579 22 580 19 581 20 582 22 580 20 583 19 584 20 585 22 586 20 587 21 588 19 589 20 590 22 591 20 587 21 588 19 592 20 593 22 594 20 587 21 588 19 570 20 571 22 572 20 594 21 595 21 583 21 583 21 583 21 583 21 583 21 583 21 583 21 583 21 583 21 583 21 583 21 583 21 583 21 583 21 583 21 583 24 596 29 597 30 598 24 599 29 600 30 601 24 599 29 592 30 602 24 596 29 603 30 604 24 596 29 605 30 606 24 607 29 608 30 609 24 610 29 611 30 612 24 613 29 592 30 614 24 615 29 616 30 617 24 618 29 619 30 620 24 610 29 616 30 621 3 610 24 611 29 612 3 622 24 616 29 623 24 624 29 616 30 625 24 626 29 627 24 628 29 600 30 629 3 630 24 608 29 612 3 607 24 631 29 632 24 633 29 634 30 635 24 636 29 637 24 638 29 639 30 635 24 640 29 641 24 642 29 643 30 635 24 640 29 641 24 644 29 645 30 629 24 646 29 647 24 648 29 649 30 650 24 651 29 652 24 653 29 654 24 655 29 638 30 629 24 640 29 641 24 656 29 625 24 642 29 643 30 635 24 640 29 641 24 657 29 643 30 649 24 657 29 658 30 645 24 659 29 660 30 632 24 657 29 643 30 649 24 661 29 662 30 663 24 664 29 649 30 665 24 664 29 666 30 667 29 668 30 669 31 670 29 671 30 672 31 670 29 673 30 674 31 675 29 676 30 677 31 678 29 679 30 680 31 670 30 681 31 682 30 683 31 684 29 685 30 686 31 675 30 687 31 688 30 679 31 689 29 676 30 690 31 675 29 691 30 672 31 675 29 681 30 692 31 670 29 693 30 686 31 670 29 694 30 695 31 696 29 697 30 698 31 670 29 699 30 700 31 701 29 687 30 702 31 703 30 704 31 705 30 706 31 707 30 708 31 709 29 710 30 711 31 696 30 712 31 713 29 714 30 715 31 701 30 693 31 716 29 717 30 718 31 719 29 720 30 721 31 703 29 722 30 722 31 723 30 724 31 725 29 722 30 722 31 723 29 714 30 715 31 701 30 726 31 716 29 717 30 718 31 719 29 720 30 721 31 703 29 727 30 721 31 723 30 724 31 725 24 728 29 729 30 730 24 731 29 722 30 732 24 728 29 718 30 733 24 728 29 734 30 735 24 728 29 715 30 736 24 737 29 738 30 719 24 737 29 711 30 739 24 740 29 722 30 741 24 728 29 715 30 736 24 728 29 715 30 736 24 737 29 742 30 743 24 737 29 738 30 719 24 714 29 744 30 719 24 745 29 746 30 735 24 747 29 744 30 748 24 728 29 749 30 750 24 751 29 752 30 753 24 754 29 755 30 756 24 740 29 757 30 741 24 758 29 732 30 759 24 760 29 761 30 756 24 762 29 763 30 756 29 764 30 765 31 766 19 767 22 768 19 764 22 769 23 770 19 771 22 746 23 766 19 772 22 753 6 773 6 773 6 773 6 773 6 773 6 773 6 773 6 773 6 773 5 774 6 775 5 774 6 775 5 774 6 775 5 774 6 775 5 774 6 775 5 774 6 775 5 774 6 775 23 773 22 745 23 776 22 745 23 776 23 773 22 745 23 776 23 773 23 773 23 773 23 773 22 745 23 776 22 745 23 776 23 773 22 745 23 776 23 773 23 773 22 745 23 776 22 777 23 778 22 777 23 778 22 777 23 778 22 777 23 778 22 777 23 778 22 777 23 778 22 777 23 778 6 773 6 773 6 773 6 773 6 773 6 773 6 773 6 773 6 773 5 774 6 775 5 774 6 775 5 774 6 775 5 774 6 775 5 774 6 775 5 774 6 775 5 774 6 775 30 779 31 780 31 773 31 773 31 773 31 773 30 781 31 776 30 782 31 783 30 784 31 785 30 786 31 787 30 788 31 789 24 790 25 791 29 775 24 792 25 766 29 766 24 793 25 794 24 795 25 796 3 797 24 783 25 798 24 792 25 799 29 799 24 800 25 801 24 792 25 799 29 799 3 797 24 802 25 775 29 775 24 792 25 799 29 799 24 790 25 775 29 791 24 793 29 794 24 792 25 799 29 799 24 800 29 801 24 792 25 799 29 799 3 797 24 802 25 775 29 775 4 786 5 803 17 804 5 805 17 806 5 807 17 808 5 805 17 806 5 805 10 806 4 786 5 803 10 804 5 807 10 808 5 805 10 806</v>
				</vertex_weights>
			</skin>
		</controller>
		<controller id="mesh_2_LEye_ctrl_id">
			<skin source="#mesh_2_LEye_id">
				<bind_shape_matrix>1 0 0 0 0 1 0 0 0 0 1 0 0 0 0 1</bind_shape_matrix>
				<source id="mesh_2_LEye_ctrl_joint_names_id">
					<Name_array id="mesh_2_LEye_ctrl_joint_names_array_id" count="42">pm0513_00 Origin Waist Spine1 Spine2 Spine3 Head Feeler LEar REar LArm LForeArm LHand LFingerA1 LFingerA2 LFingerB1 LFingerB2 RArm RForeArm RHand RFingerA1 RFingerA2 RFingerB1 RFingerB2 Hips LThigh LLeg LFoot LToe RThigh RLeg RFoot RToe Tail1 Tail2 Tail3 Tail4 Tail5 Tail6 pm0513_00_HeadSkin pm0513_00_BodySkin pm0513_00_IrisSkin</Name_array>
					<technique_common>
						<accessor source="#mesh_2_LEye_ctrl_joint_names_array_id" count="42" stride="1">
							<param name="JOINT" type="Name" />
						</accessor>
					</technique_common>
				</source>
				<source id="mesh_2_LEye_ctrl_inv_bind_poses_id">
					<float_array id="mesh_2_LEye_ctrl_inv_bind_poses_array_id" count="672">1 0 0 0 0 1 0 0 0 0 1 0 0 0 0 1 1 0 0 0 0 1 0 0 0 0 1 0 0 0 0 1 0 1 0 -12.061128 -1 3.1391647E-07 0 -3.7861867E-06 0 0 1 0 0 0 0 1 0 1 0 -12.061128 -1 3.1391647E-07 0 -3.7861867E-06 0 0 1 0 0 0 0 1 0 1 0 -15.2964 -1 3.1391647E-07 0 -3.7861869E-06 0 0 1 0 0 0 0 1 0 1 0 -18.409315 -1 3.1391647E-07 0 -3.7861869E-06 0 0 1 0 0 0 0 1 0 1 0 -22.205956 -1 3.1391647E-07 0 -3.7861864E-06 0 0 1 0 0 0 0 1 -0.53762746 0.74156046 -0.40130383 -37.0963 -0.65965044 -0.07346892 0.7479729 8.39772 0.5251839 0.66685104 0.5286696 -32.463367 0 0 0 1 1 0 0 -12.57704 0 1 0 -32.299995 0 0 1 0 0 0 0 1 -1 6.2783295E-07 0 -12.577064 -6.2783295E-07 -1 0 32.299995 -0 -0 1 0 -0 -0 0 1 1 0 0 -3.7457275 0 1 0 -20.467234 0 0 1 0 0 0 0 1 1 0 0 -12.416337 0 1 0 -20.467232 0 0 1 0 0 0 0 1 1 0 0 -20.791683 0 1 0 -20.467234 0 0 1 0 0 0 0 1 0.29825997 -0.29176697 0.9087975 -3.1704903 0.09098101 0.9564894 0.2772191 -21.516245 -0.9501385 -1.2444376E-07 0.31182775 20.944088 0 0 0 1 0.29825997 -0.29176697 0.9087975 -5.1644783 0.09098101 0.9564894 0.2772191 -21.516249 -0.9501385 -1.2444376E-07 0.31182775 20.944088 0 0 0 1 1 0 0 -24.016804 0 1 0 -20.467232 0 0 1 0 0 0 0 1 1 0 0 -26.756733 0 1 0 -20.467234 0 0 1 0 0 0 0 1 -1 6.2783295E-07 0 -3.7457402 -6.2783295E-07 -1 0 20.4672 -0 -0 1 0 -0 -0 0 1 -1 6.2783295E-07 0 -12.416309 -6.2783295E-07 -1 0 20.467197 -0 -0 1 0 -0 -0 0 1 -1 6.2783295E-07 0 -20.791712 -6.2783295E-07 -1 0 20.467197 -0 -0 1 0 -0 -0 0 1 -0.2982471 -0.29177746 0.90879846 -3.170002 0.09098005 -0.95648634 -0.27723044 21.516188 0.95014286 -5.866385E-07 0.31181535 20.94423 0 -0 0 1 -0.29824972 -0.2917411 0.90880924 -5.164772 0.09096879 -0.95649743 -0.2771959 21.51599 0.95014316 -2.755446E-07 0.31181443 20.944237 0 -0 0 1 -1 6.2783295E-07 0 -24.016811 -6.2783295E-07 -1 0 20.467197 -0 -0 1 0 -0 -0 0 1 -1 6.2783295E-07 0 -26.756712 -6.2783295E-07 -1 0 20.467197 -0 -0 1 0 -0 -0 0 1 0 -1 0 12.061128 0.99999994 -6.3975784E-07 0 7.716201E-06 0 -0 1 0 0 -0 0 1 0.4562015 -0.63901854 0.6193025 4.449765 0.8051342 -5.9604645E-07 -0.5930926 -2.4378862 0.37899762 0.76919144 0.5144954 -8.166533 0 0 0 1 -0.22053954 -0.9282942 -0.29938605 7.152639 0.8051343 -6.556511E-07 -0.5930927 -2.4378853 0.5505642 -0.37184635 0.7474016 -4.426469 0 -0 0 1 0.5932617 0 0.805134 -5 0.8046875 -0.5 -0.5930929 -1 0.0009645374 0.99999964 -1.268013E-07 -2.3409133 0 0 -0 1 0.5930929 0 0.8051338 -8.25 0.80513406 0 -0.59309316 -2.25 1.9353877E-06 1 -2.511199E-07 -0.89757085 0 0 -0 1 -0.45620278 -0.6390175 0.61930245 4.4497557 0.8051339 -4.172325E-07 0.5930932 2.4378939 -0.37899673 0.7691922 0.51449484 -8.166542 0 0 0 1 0.22053833 -0.92829406 -0.2993877 7.152646 0.8051337 -1.8179417E-06 0.59309345 2.4378996 -0.5505656 -0.37184703 0.74740034 -4.426474 0 0 0 1 -0.5930176 -0.25 0.80513453 -6 0.8051758 0 0.59309214 2.5 -0.0009583784 0.9999995 2.8508674E-07 -2.3408873 0 0 0 1 -0.59309196 0 0.80513495 -10 0.8051357 0 0.59309155 2 6.220824E-07 1 2.3994888E-08 -0.89756465 0 0 0 1 0 0 -1 -4 -0.99999994 3.1391644E-07 1.0228697E-13 -4.985738E-06 -0 1 -3.1391647E-07 -8.379729 -0 0 -0 1 0 0 -1 -10 -0.99999994 3.1391644E-07 1.0228697E-13 -4.985739E-06 -0 1 -3.1391647E-07 -8.379728 -0 0 -0 1 0 0 -1 -18 -0.99999994 3.1391644E-07 1.0228697E-13 -4.985738E-06 -0 1 -3.1391647E-07 -8.379729 -0 0 -0 1 0 0 -1 -24 -0.99999994 3.1391644E-07 1.0228697E-13 -4.9857376E-06 -0 1 -3.1391647E-07 -8.379727 -0 0 -0 1 0 0 -1 -32 -0.99999994 3.1391644E-07 1.0228697E-13 -4.985738E-06 -0 1 -3.1391647E-07 -8.379729 -0 0 -0 1 0 0 -1 -38 -0.99999994 3.1391644E-07 1.0228697E-13 -4.985738E-06 -0 1 -3.1391647E-07 -8.379729 -0 0 -0 1 1 0 0 0 0 1 0 0 0 0 1 0 0 0 0 1 1 0 0 0 0 1 0 0 0 0 1 0 0 0 0 1 1 0 0 0 0 1 0 0 0 0 1 0 0 0 0 1</float_array>
					<technique_common>
						<accessor source="#mesh_2_LEye_ctrl_inv_bind_poses_array_id" count="42" stride="16">
							<param name="TRANSFORM" type="float4x4" />
						</accessor>
					</technique_common>
				</source>
				<source id="mesh_2_LEye_ctrl_weights_id">
					<float_array id="mesh_2_LEye_ctrl_weights_array_id" count="1">1</float_array>
					<technique_common>
						<accessor source="#mesh_2_LEye_ctrl_weights_array_id" count="1" stride="1">
							<param name="WEIGHT" type="float" />
						</accessor>
					</technique_common>
				</source>
				<joints>
					<input semantic="JOINT" source="#mesh_2_LEye_ctrl_joint_names_id" />
					<input semantic="INV_BIND_MATRIX" source="#mesh_2_LEye_ctrl_inv_bind_poses_id" />
				</joints>
				<vertex_weights count="29">
					<input semantic="JOINT" source="#mesh_2_LEye_ctrl_joint_names_id" offset="0" />
					<input semantic="WEIGHT" source="#mesh_2_LEye_ctrl_weights_id" offset="1" />
					<vcount>1 1 1 1 1 1 1 1 1 1 1 1 1 1 1 1 1 1 1 1 1 1 1 1 1 1 1 1 1</vcount>
					<v>6 0 6 0 6 0 6 0 6 0 6 0 6 0 6 0 6 0 6 0 6 0 6 0 6 0 6 0 6 0 6 0 6 0 6 0 6 0 6 0 6 0 6 0 6 0 6 0 6 0 6 0 6 0 6 0 6 0</v>
				</vertex_weights>
			</skin>
		</controller>
		<controller id="mesh_3_REye_ctrl_id">
			<skin source="#mesh_3_REye_id">
				<bind_shape_matrix>1 0 0 0 0 1 0 0 0 0 1 0 0 0 0 1</bind_shape_matrix>
				<source id="mesh_3_REye_ctrl_joint_names_id">
					<Name_array id="mesh_3_REye_ctrl_joint_names_array_id" count="42">pm0513_00 Origin Waist Spine1 Spine2 Spine3 Head Feeler LEar REar LArm LForeArm LHand LFingerA1 LFingerA2 LFingerB1 LFingerB2 RArm RForeArm RHand RFingerA1 RFingerA2 RFingerB1 RFingerB2 Hips LThigh LLeg LFoot LToe RThigh RLeg RFoot RToe Tail1 Tail2 Tail3 Tail4 Tail5 Tail6 pm0513_00_HeadSkin pm0513_00_BodySkin pm0513_00_IrisSkin</Name_array>
					<technique_common>
						<accessor source="#mesh_3_REye_ctrl_joint_names_array_id" count="42" stride="1">
							<param name="JOINT" type="Name" />
						</accessor>
					</technique_common>
				</source>
				<source id="mesh_3_REye_ctrl_inv_bind_poses_id">
					<float_array id="mesh_3_REye_ctrl_inv_bind_poses_array_id" count="672">1 0 0 0 0 1 0 0 0 0 1 0 0 0 0 1 1 0 0 0 0 1 0 0 0 0 1 0 0 0 0 1 0 1 0 -12.061128 -1 3.1391647E-07 0 -3.7861867E-06 0 0 1 0 0 0 0 1 0 1 0 -12.061128 -1 3.1391647E-07 0 -3.7861867E-06 0 0 1 0 0 0 0 1 0 1 0 -15.2964 -1 3.1391647E-07 0 -3.7861869E-06 0 0 1 0 0 0 0 1 0 1 0 -18.409315 -1 3.1391647E-07 0 -3.7861869E-06 0 0 1 0 0 0 0 1 0 1 0 -22.205956 -1 3.1391647E-07 0 -3.7861864E-06 0 0 1 0 0 0 0 1 -0.53762746 0.74156046 -0.40130383 -37.0963 -0.65965044 -0.07346892 0.7479729 8.39772 0.5251839 0.66685104 0.5286696 -32.463367 0 0 0 1 1 0 0 -12.57704 0 1 0 -32.299995 0 0 1 0 0 0 0 1 -1 6.2783295E-07 0 -12.577064 -6.2783295E-07 -1 0 32.299995 -0 -0 1 0 -0 -0 0 1 1 0 0 -3.7457275 0 1 0 -20.467234 0 0 1 0 0 0 0 1 1 0 0 -12.416337 0 1 0 -20.467232 0 0 1 0 0 0 0 1 1 0 0 -20.791683 0 1 0 -20.467234 0 0 1 0 0 0 0 1 0.29825997 -0.29176697 0.9087975 -3.1704903 0.09098101 0.9564894 0.2772191 -21.516245 -0.9501385 -1.2444376E-07 0.31182775 20.944088 0 0 0 1 0.29825997 -0.29176697 0.9087975 -5.1644783 0.09098101 0.9564894 0.2772191 -21.516249 -0.9501385 -1.2444376E-07 0.31182775 20.944088 0 0 0 1 1 0 0 -24.016804 0 1 0 -20.467232 0 0 1 0 0 0 0 1 1 0 0 -26.756733 0 1 0 -20.467234 0 0 1 0 0 0 0 1 -1 6.2783295E-07 0 -3.7457402 -6.2783295E-07 -1 0 20.4672 -0 -0 1 0 -0 -0 0 1 -1 6.2783295E-07 0 -12.416309 -6.2783295E-07 -1 0 20.467197 -0 -0 1 0 -0 -0 0 1 -1 6.2783295E-07 0 -20.791712 -6.2783295E-07 -1 0 20.467197 -0 -0 1 0 -0 -0 0 1 -0.2982471 -0.29177746 0.90879846 -3.170002 0.09098005 -0.95648634 -0.27723044 21.516188 0.95014286 -5.866385E-07 0.31181535 20.94423 0 -0 0 1 -0.29824972 -0.2917411 0.90880924 -5.164772 0.09096879 -0.95649743 -0.2771959 21.51599 0.95014316 -2.755446E-07 0.31181443 20.944237 0 -0 0 1 -1 6.2783295E-07 0 -24.016811 -6.2783295E-07 -1 0 20.467197 -0 -0 1 0 -0 -0 0 1 -1 6.2783295E-07 0 -26.756712 -6.2783295E-07 -1 0 20.467197 -0 -0 1 0 -0 -0 0 1 0 -1 0 12.061128 0.99999994 -6.3975784E-07 0 7.716201E-06 0 -0 1 0 0 -0 0 1 0.4562015 -0.63901854 0.6193025 4.449765 0.8051342 -5.9604645E-07 -0.5930926 -2.4378862 0.37899762 0.76919144 0.5144954 -8.166533 0 0 0 1 -0.22053954 -0.9282942 -0.29938605 7.152639 0.8051343 -6.556511E-07 -0.5930927 -2.4378853 0.5505642 -0.37184635 0.7474016 -4.426469 0 -0 0 1 0.5932617 0 0.805134 -5 0.8046875 -0.5 -0.5930929 -1 0.0009645374 0.99999964 -1.268013E-07 -2.3409133 0 0 -0 1 0.5930929 0 0.8051338 -8.25 0.80513406 0 -0.59309316 -2.25 1.9353877E-06 1 -2.511199E-07 -0.89757085 0 0 -0 1 -0.45620278 -0.6390175 0.61930245 4.4497557 0.8051339 -4.172325E-07 0.5930932 2.4378939 -0.37899673 0.7691922 0.51449484 -8.166542 0 0 0 1 0.22053833 -0.92829406 -0.2993877 7.152646 0.8051337 -1.8179417E-06 0.59309345 2.4378996 -0.5505656 -0.37184703 0.74740034 -4.426474 0 0 0 1 -0.5930176 -0.25 0.80513453 -6 0.8051758 0 0.59309214 2.5 -0.0009583784 0.9999995 2.8508674E-07 -2.3408873 0 0 0 1 -0.59309196 0 0.80513495 -10 0.8051357 0 0.59309155 2 6.220824E-07 1 2.3994888E-08 -0.89756465 0 0 0 1 0 0 -1 -4 -0.99999994 3.1391644E-07 1.0228697E-13 -4.985738E-06 -0 1 -3.1391647E-07 -8.379729 -0 0 -0 1 0 0 -1 -10 -0.99999994 3.1391644E-07 1.0228697E-13 -4.985739E-06 -0 1 -3.1391647E-07 -8.379728 -0 0 -0 1 0 0 -1 -18 -0.99999994 3.1391644E-07 1.0228697E-13 -4.985738E-06 -0 1 -3.1391647E-07 -8.379729 -0 0 -0 1 0 0 -1 -24 -0.99999994 3.1391644E-07 1.0228697E-13 -4.9857376E-06 -0 1 -3.1391647E-07 -8.379727 -0 0 -0 1 0 0 -1 -32 -0.99999994 3.1391644E-07 1.0228697E-13 -4.985738E-06 -0 1 -3.1391647E-07 -8.379729 -0 0 -0 1 0 0 -1 -38 -0.99999994 3.1391644E-07 1.0228697E-13 -4.985738E-06 -0 1 -3.1391647E-07 -8.379729 -0 0 -0 1 1 0 0 0 0 1 0 0 0 0 1 0 0 0 0 1 1 0 0 0 0 1 0 0 0 0 1 0 0 0 0 1 1 0 0 0 0 1 0 0 0 0 1 0 0 0 0 1</float_array>
					<technique_common>
						<accessor source="#mesh_3_REye_ctrl_inv_bind_poses_array_id" count="42" stride="16">
							<param name="TRANSFORM" type="float4x4" />
						</accessor>
					</technique_common>
				</source>
				<source id="mesh_3_REye_ctrl_weights_id">
					<float_array id="mesh_3_REye_ctrl_weights_array_id" count="1">1</float_array>
					<technique_common>
						<accessor source="#mesh_3_REye_ctrl_weights_array_id" count="1" stride="1">
							<param name="WEIGHT" type="float" />
						</accessor>
					</technique_common>
				</source>
				<joints>
					<input semantic="JOINT" source="#mesh_3_REye_ctrl_joint_names_id" />
					<input semantic="INV_BIND_MATRIX" source="#mesh_3_REye_ctrl_inv_bind_poses_id" />
				</joints>
				<vertex_weights count="30">
					<input semantic="JOINT" source="#mesh_3_REye_ctrl_joint_names_id" offset="0" />
					<input semantic="WEIGHT" source="#mesh_3_REye_ctrl_weights_id" offset="1" />
					<vcount>1 1 1 1 1 1 1 1 1 1 1 1 1 1 1 1 1 1 1 1 1 1 1 1 1 1 1 1 1 1</vcount>
					<v>6 0 6 0 6 0 6 0 6 0 6 0 6 0 6 0 6 0 6 0 6 0 6 0 6 0 6 0 6 0 6 0 6 0 6 0 6 0 6 0 6 0 6 0 6 0 6 0 6 0 6 0 6 0 6 0 6 0 6 0</v>
				</vertex_weights>
			</skin>
		</controller>
		<controller id="mesh_4_Mouth_ctrl_id">
			<skin source="#mesh_4_Mouth_id">
				<bind_shape_matrix>1 0 0 0 0 1 0 0 0 0 1 0 0 0 0 1</bind_shape_matrix>
				<source id="mesh_4_Mouth_ctrl_joint_names_id">
					<Name_array id="mesh_4_Mouth_ctrl_joint_names_array_id" count="42">pm0513_00 Origin Waist Spine1 Spine2 Spine3 Head Feeler LEar REar LArm LForeArm LHand LFingerA1 LFingerA2 LFingerB1 LFingerB2 RArm RForeArm RHand RFingerA1 RFingerA2 RFingerB1 RFingerB2 Hips LThigh LLeg LFoot LToe RThigh RLeg RFoot RToe Tail1 Tail2 Tail3 Tail4 Tail5 Tail6 pm0513_00_HeadSkin pm0513_00_BodySkin pm0513_00_IrisSkin</Name_array>
					<technique_common>
						<accessor source="#mesh_4_Mouth_ctrl_joint_names_array_id" count="42" stride="1">
							<param name="JOINT" type="Name" />
						</accessor>
					</technique_common>
				</source>
				<source id="mesh_4_Mouth_ctrl_inv_bind_poses_id">
					<float_array id="mesh_4_Mouth_ctrl_inv_bind_poses_array_id" count="672">1 0 0 0 0 1 0 0 0 0 1 0 0 0 0 1 1 0 0 0 0 1 0 0 0 0 1 0 0 0 0 1 0 1 0 -12.061128 -1 3.1391647E-07 0 -3.7861867E-06 0 0 1 0 0 0 0 1 0 1 0 -12.061128 -1 3.1391647E-07 0 -3.7861867E-06 0 0 1 0 0 0 0 1 0 1 0 -15.2964 -1 3.1391647E-07 0 -3.7861869E-06 0 0 1 0 0 0 0 1 0 1 0 -18.409315 -1 3.1391647E-07 0 -3.7861869E-06 0 0 1 0 0 0 0 1 0 1 0 -22.205956 -1 3.1391647E-07 0 -3.7861864E-06 0 0 1 0 0 0 0 1 -0.53762746 0.74156046 -0.40130383 -37.0963 -0.65965044 -0.07346892 0.7479729 8.39772 0.5251839 0.66685104 0.5286696 -32.463367 0 0 0 1 1 0 0 -12.57704 0 1 0 -32.299995 0 0 1 0 0 0 0 1 -1 6.2783295E-07 0 -12.577064 -6.2783295E-07 -1 0 32.299995 -0 -0 1 0 -0 -0 0 1 1 0 0 -3.7457275 0 1 0 -20.467234 0 0 1 0 0 0 0 1 1 0 0 -12.416337 0 1 0 -20.467232 0 0 1 0 0 0 0 1 1 0 0 -20.791683 0 1 0 -20.467234 0 0 1 0 0 0 0 1 0.29825997 -0.29176697 0.9087975 -3.1704903 0.09098101 0.9564894 0.2772191 -21.516245 -0.9501385 -1.2444376E-07 0.31182775 20.944088 0 0 0 1 0.29825997 -0.29176697 0.9087975 -5.1644783 0.09098101 0.9564894 0.2772191 -21.516249 -0.9501385 -1.2444376E-07 0.31182775 20.944088 0 0 0 1 1 0 0 -24.016804 0 1 0 -20.467232 0 0 1 0 0 0 0 1 1 0 0 -26.756733 0 1 0 -20.467234 0 0 1 0 0 0 0 1 -1 6.2783295E-07 0 -3.7457402 -6.2783295E-07 -1 0 20.4672 -0 -0 1 0 -0 -0 0 1 -1 6.2783295E-07 0 -12.416309 -6.2783295E-07 -1 0 20.467197 -0 -0 1 0 -0 -0 0 1 -1 6.2783295E-07 0 -20.791712 -6.2783295E-07 -1 0 20.467197 -0 -0 1 0 -0 -0 0 1 -0.2982471 -0.29177746 0.90879846 -3.170002 0.09098005 -0.95648634 -0.27723044 21.516188 0.95014286 -5.866385E-07 0.31181535 20.94423 0 -0 0 1 -0.29824972 -0.2917411 0.90880924 -5.164772 0.09096879 -0.95649743 -0.2771959 21.51599 0.95014316 -2.755446E-07 0.31181443 20.944237 0 -0 0 1 -1 6.2783295E-07 0 -24.016811 -6.2783295E-07 -1 0 20.467197 -0 -0 1 0 -0 -0 0 1 -1 6.2783295E-07 0 -26.756712 -6.2783295E-07 -1 0 20.467197 -0 -0 1 0 -0 -0 0 1 0 -1 0 12.061128 0.99999994 -6.3975784E-07 0 7.716201E-06 0 -0 1 0 0 -0 0 1 0.4562015 -0.63901854 0.6193025 4.449765 0.8051342 -5.9604645E-07 -0.5930926 -2.4378862 0.37899762 0.76919144 0.5144954 -8.166533 0 0 0 1 -0.22053954 -0.9282942 -0.29938605 7.152639 0.8051343 -6.556511E-07 -0.5930927 -2.4378853 0.5505642 -0.37184635 0.7474016 -4.426469 0 -0 0 1 0.5932617 0 0.805134 -5 0.8046875 -0.5 -0.5930929 -1 0.0009645374 0.99999964 -1.268013E-07 -2.3409133 0 0 -0 1 0.5930929 0 0.8051338 -8.25 0.80513406 0 -0.59309316 -2.25 1.9353877E-06 1 -2.511199E-07 -0.89757085 0 0 -0 1 -0.45620278 -0.6390175 0.61930245 4.4497557 0.8051339 -4.172325E-07 0.5930932 2.4378939 -0.37899673 0.7691922 0.51449484 -8.166542 0 0 0 1 0.22053833 -0.92829406 -0.2993877 7.152646 0.8051337 -1.8179417E-06 0.59309345 2.4378996 -0.5505656 -0.37184703 0.74740034 -4.426474 0 0 0 1 -0.5930176 -0.25 0.80513453 -6 0.8051758 0 0.59309214 2.5 -0.0009583784 0.9999995 2.8508674E-07 -2.3408873 0 0 0 1 -0.59309196 0 0.80513495 -10 0.8051357 0 0.59309155 2 6.220824E-07 1 2.3994888E-08 -0.89756465 0 0 0 1 0 0 -1 -4 -0.99999994 3.1391644E-07 1.0228697E-13 -4.985738E-06 -0 1 -3.1391647E-07 -8.379729 -0 0 -0 1 0 0 -1 -10 -0.99999994 3.1391644E-07 1.0228697E-13 -4.985739E-06 -0 1 -3.1391647E-07 -8.379728 -0 0 -0 1 0 0 -1 -18 -0.99999994 3.1391644E-07 1.0228697E-13 -4.985738E-06 -0 1 -3.1391647E-07 -8.379729 -0 0 -0 1 0 0 -1 -24 -0.99999994 3.1391644E-07 1.0228697E-13 -4.9857376E-06 -0 1 -3.1391647E-07 -8.379727 -0 0 -0 1 0 0 -1 -32 -0.99999994 3.1391644E-07 1.0228697E-13 -4.985738E-06 -0 1 -3.1391647E-07 -8.379729 -0 0 -0 1 0 0 -1 -38 -0.99999994 3.1391644E-07 1.0228697E-13 -4.985738E-06 -0 1 -3.1391647E-07 -8.379729 -0 0 -0 1 1 0 0 0 0 1 0 0 0 0 1 0 0 0 0 1 1 0 0 0 0 1 0 0 0 0 1 0 0 0 0 1 1 0 0 0 0 1 0 0 0 0 1 0 0 0 0 1</float_array>
					<technique_common>
						<accessor source="#mesh_4_Mouth_ctrl_inv_bind_poses_array_id" count="42" stride="16">
							<param name="TRANSFORM" type="float4x4" />
						</accessor>
					</technique_common>
				</source>
				<source id="mesh_4_Mouth_ctrl_weights_id">
					<float_array id="mesh_4_Mouth_ctrl_weights_array_id" count="1">1</float_array>
					<technique_common>
						<accessor source="#mesh_4_Mouth_ctrl_weights_array_id" count="1" stride="1">
							<param name="WEIGHT" type="float" />
						</accessor>
					</technique_common>
				</source>
				<joints>
					<input semantic="JOINT" source="#mesh_4_Mouth_ctrl_joint_names_id" />
					<input semantic="INV_BIND_MATRIX" source="#mesh_4_Mouth_ctrl_inv_bind_poses_id" />
				</joints>
				<vertex_weights count="35">
					<input semantic="JOINT" source="#mesh_4_Mouth_ctrl_joint_names_id" offset="0" />
					<input semantic="WEIGHT" source="#mesh_4_Mouth_ctrl_weights_id" offset="1" />
					<vcount>1 1 1 1 1 1 1 1 1 1 1 1 1 1 1 1 1 1 1 1 1 1 1 1 1 1 1 1 1 1 1 1 1 1 1</vcount>
					<v>6 0 6 0 6 0 6 0 6 0 6 0 6 0 6 0 6 0 6 0 6 0 6 0 6 0 6 0 6 0 6 0 6 0 6 0 6 0 6 0 6 0 6 0 6 0 6 0 6 0 6 0 6 0 6 0 6 0 6 0 6 0 6 0 6 0 6 0 6 0</v>
				</vertex_weights>
			</skin>
		</controller>
		<controller id="mesh_5_LIris_ctrl_id">
			<skin source="#mesh_5_LIris_id">
				<bind_shape_matrix>1 0 0 0 0 1 0 0 0 0 1 0 0 0 0 1</bind_shape_matrix>
				<source id="mesh_5_LIris_ctrl_joint_names_id">
					<Name_array id="mesh_5_LIris_ctrl_joint_names_array_id" count="42">pm0513_00 Origin Waist Spine1 Spine2 Spine3 Head Feeler LEar REar LArm LForeArm LHand LFingerA1 LFingerA2 LFingerB1 LFingerB2 RArm RForeArm RHand RFingerA1 RFingerA2 RFingerB1 RFingerB2 Hips LThigh LLeg LFoot LToe RThigh RLeg RFoot RToe Tail1 Tail2 Tail3 Tail4 Tail5 Tail6 pm0513_00_HeadSkin pm0513_00_BodySkin pm0513_00_IrisSkin</Name_array>
					<technique_common>
						<accessor source="#mesh_5_LIris_ctrl_joint_names_array_id" count="42" stride="1">
							<param name="JOINT" type="Name" />
						</accessor>
					</technique_common>
				</source>
				<source id="mesh_5_LIris_ctrl_inv_bind_poses_id">
					<float_array id="mesh_5_LIris_ctrl_inv_bind_poses_array_id" count="672">1 0 0 0 0 1 0 0 0 0 1 0 0 0 0 1 1 0 0 0 0 1 0 0 0 0 1 0 0 0 0 1 0 1 0 -12.061128 -1 3.1391647E-07 0 -3.7861867E-06 0 0 1 0 0 0 0 1 0 1 0 -12.061128 -1 3.1391647E-07 0 -3.7861867E-06 0 0 1 0 0 0 0 1 0 1 0 -15.2964 -1 3.1391647E-07 0 -3.7861869E-06 0 0 1 0 0 0 0 1 0 1 0 -18.409315 -1 3.1391647E-07 0 -3.7861869E-06 0 0 1 0 0 0 0 1 0 1 0 -22.205956 -1 3.1391647E-07 0 -3.7861864E-06 0 0 1 0 0 0 0 1 -0.53762746 0.74156046 -0.40130383 -37.0963 -0.65965044 -0.07346892 0.7479729 8.39772 0.5251839 0.66685104 0.5286696 -32.463367 0 0 0 1 1 0 0 -12.57704 0 1 0 -32.299995 0 0 1 0 0 0 0 1 -1 6.2783295E-07 0 -12.577064 -6.2783295E-07 -1 0 32.299995 -0 -0 1 0 -0 -0 0 1 1 0 0 -3.7457275 0 1 0 -20.467234 0 0 1 0 0 0 0 1 1 0 0 -12.416337 0 1 0 -20.467232 0 0 1 0 0 0 0 1 1 0 0 -20.791683 0 1 0 -20.467234 0 0 1 0 0 0 0 1 0.29825997 -0.29176697 0.9087975 -3.1704903 0.09098101 0.9564894 0.2772191 -21.516245 -0.9501385 -1.2444376E-07 0.31182775 20.944088 0 0 0 1 0.29825997 -0.29176697 0.9087975 -5.1644783 0.09098101 0.9564894 0.2772191 -21.516249 -0.9501385 -1.2444376E-07 0.31182775 20.944088 0 0 0 1 1 0 0 -24.016804 0 1 0 -20.467232 0 0 1 0 0 0 0 1 1 0 0 -26.756733 0 1 0 -20.467234 0 0 1 0 0 0 0 1 -1 6.2783295E-07 0 -3.7457402 -6.2783295E-07 -1 0 20.4672 -0 -0 1 0 -0 -0 0 1 -1 6.2783295E-07 0 -12.416309 -6.2783295E-07 -1 0 20.467197 -0 -0 1 0 -0 -0 0 1 -1 6.2783295E-07 0 -20.791712 -6.2783295E-07 -1 0 20.467197 -0 -0 1 0 -0 -0 0 1 -0.2982471 -0.29177746 0.90879846 -3.170002 0.09098005 -0.95648634 -0.27723044 21.516188 0.95014286 -5.866385E-07 0.31181535 20.94423 0 -0 0 1 -0.29824972 -0.2917411 0.90880924 -5.164772 0.09096879 -0.95649743 -0.2771959 21.51599 0.95014316 -2.755446E-07 0.31181443 20.944237 0 -0 0 1 -1 6.2783295E-07 0 -24.016811 -6.2783295E-07 -1 0 20.467197 -0 -0 1 0 -0 -0 0 1 -1 6.2783295E-07 0 -26.756712 -6.2783295E-07 -1 0 20.467197 -0 -0 1 0 -0 -0 0 1 0 -1 0 12.061128 0.99999994 -6.3975784E-07 0 7.716201E-06 0 -0 1 0 0 -0 0 1 0.4562015 -0.63901854 0.6193025 4.449765 0.8051342 -5.9604645E-07 -0.5930926 -2.4378862 0.37899762 0.76919144 0.5144954 -8.166533 0 0 0 1 -0.22053954 -0.9282942 -0.29938605 7.152639 0.8051343 -6.556511E-07 -0.5930927 -2.4378853 0.5505642 -0.37184635 0.7474016 -4.426469 0 -0 0 1 0.5932617 0 0.805134 -5 0.8046875 -0.5 -0.5930929 -1 0.0009645374 0.99999964 -1.268013E-07 -2.3409133 0 0 -0 1 0.5930929 0 0.8051338 -8.25 0.80513406 0 -0.59309316 -2.25 1.9353877E-06 1 -2.511199E-07 -0.89757085 0 0 -0 1 -0.45620278 -0.6390175 0.61930245 4.4497557 0.8051339 -4.172325E-07 0.5930932 2.4378939 -0.37899673 0.7691922 0.51449484 -8.166542 0 0 0 1 0.22053833 -0.92829406 -0.2993877 7.152646 0.8051337 -1.8179417E-06 0.59309345 2.4378996 -0.5505656 -0.37184703 0.74740034 -4.426474 0 0 0 1 -0.5930176 -0.25 0.80513453 -6 0.8051758 0 0.59309214 2.5 -0.0009583784 0.9999995 2.8508674E-07 -2.3408873 0 0 0 1 -0.59309196 0 0.80513495 -10 0.8051357 0 0.59309155 2 6.220824E-07 1 2.3994888E-08 -0.89756465 0 0 0 1 0 0 -1 -4 -0.99999994 3.1391644E-07 1.0228697E-13 -4.985738E-06 -0 1 -3.1391647E-07 -8.379729 -0 0 -0 1 0 0 -1 -10 -0.99999994 3.1391644E-07 1.0228697E-13 -4.985739E-06 -0 1 -3.1391647E-07 -8.379728 -0 0 -0 1 0 0 -1 -18 -0.99999994 3.1391644E-07 1.0228697E-13 -4.985738E-06 -0 1 -3.1391647E-07 -8.379729 -0 0 -0 1 0 0 -1 -24 -0.99999994 3.1391644E-07 1.0228697E-13 -4.9857376E-06 -0 1 -3.1391647E-07 -8.379727 -0 0 -0 1 0 0 -1 -32 -0.99999994 3.1391644E-07 1.0228697E-13 -4.985738E-06 -0 1 -3.1391647E-07 -8.379729 -0 0 -0 1 0 0 -1 -38 -0.99999994 3.1391644E-07 1.0228697E-13 -4.985738E-06 -0 1 -3.1391647E-07 -8.379729 -0 0 -0 1 1 0 0 0 0 1 0 0 0 0 1 0 0 0 0 1 1 0 0 0 0 1 0 0 0 0 1 0 0 0 0 1 1 0 0 0 0 1 0 0 0 0 1 0 0 0 0 1</float_array>
					<technique_common>
						<accessor source="#mesh_5_LIris_ctrl_inv_bind_poses_array_id" count="42" stride="16">
							<param name="TRANSFORM" type="float4x4" />
						</accessor>
					</technique_common>
				</source>
				<source id="mesh_5_LIris_ctrl_weights_id">
					<float_array id="mesh_5_LIris_ctrl_weights_array_id" count="1">1</float_array>
					<technique_common>
						<accessor source="#mesh_5_LIris_ctrl_weights_array_id" count="1" stride="1">
							<param name="WEIGHT" type="float" />
						</accessor>
					</technique_common>
				</source>
				<joints>
					<input semantic="JOINT" source="#mesh_5_LIris_ctrl_joint_names_id" />
					<input semantic="INV_BIND_MATRIX" source="#mesh_5_LIris_ctrl_inv_bind_poses_id" />
				</joints>
				<vertex_weights count="29">
					<input semantic="JOINT" source="#mesh_5_LIris_ctrl_joint_names_id" offset="0" />
					<input semantic="WEIGHT" source="#mesh_5_LIris_ctrl_weights_id" offset="1" />
					<vcount>1 1 1 1 1 1 1 1 1 1 1 1 1 1 1 1 1 1 1 1 1 1 1 1 1 1 1 1 1</vcount>
					<v>6 0 6 0 6 0 6 0 6 0 6 0 6 0 6 0 6 0 6 0 6 0 6 0 6 0 6 0 6 0 6 0 6 0 6 0 6 0 6 0 6 0 6 0 6 0 6 0 6 0 6 0 6 0 6 0 6 0</v>
				</vertex_weights>
			</skin>
		</controller>
		<controller id="mesh_6_RIris_ctrl_id">
			<skin source="#mesh_6_RIris_id">
				<bind_shape_matrix>1 0 0 0 0 1 0 0 0 0 1 0 0 0 0 1</bind_shape_matrix>
				<source id="mesh_6_RIris_ctrl_joint_names_id">
					<Name_array id="mesh_6_RIris_ctrl_joint_names_array_id" count="42">pm0513_00 Origin Waist Spine1 Spine2 Spine3 Head Feeler LEar REar LArm LForeArm LHand LFingerA1 LFingerA2 LFingerB1 LFingerB2 RArm RForeArm RHand RFingerA1 RFingerA2 RFingerB1 RFingerB2 Hips LThigh LLeg LFoot LToe RThigh RLeg RFoot RToe Tail1 Tail2 Tail3 Tail4 Tail5 Tail6 pm0513_00_HeadSkin pm0513_00_BodySkin pm0513_00_IrisSkin</Name_array>
					<technique_common>
						<accessor source="#mesh_6_RIris_ctrl_joint_names_array_id" count="42" stride="1">
							<param name="JOINT" type="Name" />
						</accessor>
					</technique_common>
				</source>
				<source id="mesh_6_RIris_ctrl_inv_bind_poses_id">
					<float_array id="mesh_6_RIris_ctrl_inv_bind_poses_array_id" count="672">1 0 0 0 0 1 0 0 0 0 1 0 0 0 0 1 1 0 0 0 0 1 0 0 0 0 1 0 0 0 0 1 0 1 0 -12.061128 -1 3.1391647E-07 0 -3.7861867E-06 0 0 1 0 0 0 0 1 0 1 0 -12.061128 -1 3.1391647E-07 0 -3.7861867E-06 0 0 1 0 0 0 0 1 0 1 0 -15.2964 -1 3.1391647E-07 0 -3.7861869E-06 0 0 1 0 0 0 0 1 0 1 0 -18.409315 -1 3.1391647E-07 0 -3.7861869E-06 0 0 1 0 0 0 0 1 0 1 0 -22.205956 -1 3.1391647E-07 0 -3.7861864E-06 0 0 1 0 0 0 0 1 -0.53762746 0.74156046 -0.40130383 -37.0963 -0.65965044 -0.07346892 0.7479729 8.39772 0.5251839 0.66685104 0.5286696 -32.463367 0 0 0 1 1 0 0 -12.57704 0 1 0 -32.299995 0 0 1 0 0 0 0 1 -1 6.2783295E-07 0 -12.577064 -6.2783295E-07 -1 0 32.299995 -0 -0 1 0 -0 -0 0 1 1 0 0 -3.7457275 0 1 0 -20.467234 0 0 1 0 0 0 0 1 1 0 0 -12.416337 0 1 0 -20.467232 0 0 1 0 0 0 0 1 1 0 0 -20.791683 0 1 0 -20.467234 0 0 1 0 0 0 0 1 0.29825997 -0.29176697 0.9087975 -3.1704903 0.09098101 0.9564894 0.2772191 -21.516245 -0.9501385 -1.2444376E-07 0.31182775 20.944088 0 0 0 1 0.29825997 -0.29176697 0.9087975 -5.1644783 0.09098101 0.9564894 0.2772191 -21.516249 -0.9501385 -1.2444376E-07 0.31182775 20.944088 0 0 0 1 1 0 0 -24.016804 0 1 0 -20.467232 0 0 1 0 0 0 0 1 1 0 0 -26.756733 0 1 0 -20.467234 0 0 1 0 0 0 0 1 -1 6.2783295E-07 0 -3.7457402 -6.2783295E-07 -1 0 20.4672 -0 -0 1 0 -0 -0 0 1 -1 6.2783295E-07 0 -12.416309 -6.2783295E-07 -1 0 20.467197 -0 -0 1 0 -0 -0 0 1 -1 6.2783295E-07 0 -20.791712 -6.2783295E-07 -1 0 20.467197 -0 -0 1 0 -0 -0 0 1 -0.2982471 -0.29177746 0.90879846 -3.170002 0.09098005 -0.95648634 -0.27723044 21.516188 0.95014286 -5.866385E-07 0.31181535 20.94423 0 -0 0 1 -0.29824972 -0.2917411 0.90880924 -5.164772 0.09096879 -0.95649743 -0.2771959 21.51599 0.95014316 -2.755446E-07 0.31181443 20.944237 0 -0 0 1 -1 6.2783295E-07 0 -24.016811 -6.2783295E-07 -1 0 20.467197 -0 -0 1 0 -0 -0 0 1 -1 6.2783295E-07 0 -26.756712 -6.2783295E-07 -1 0 20.467197 -0 -0 1 0 -0 -0 0 1 0 -1 0 12.061128 0.99999994 -6.3975784E-07 0 7.716201E-06 0 -0 1 0 0 -0 0 1 0.4562015 -0.63901854 0.6193025 4.449765 0.8051342 -5.9604645E-07 -0.5930926 -2.4378862 0.37899762 0.76919144 0.5144954 -8.166533 0 0 0 1 -0.22053954 -0.9282942 -0.29938605 7.152639 0.8051343 -6.556511E-07 -0.5930927 -2.4378853 0.5505642 -0.37184635 0.7474016 -4.426469 0 -0 0 1 0.5932617 0 0.805134 -5 0.8046875 -0.5 -0.5930929 -1 0.0009645374 0.99999964 -1.268013E-07 -2.3409133 0 0 -0 1 0.5930929 0 0.8051338 -8.25 0.80513406 0 -0.59309316 -2.25 1.9353877E-06 1 -2.511199E-07 -0.89757085 0 0 -0 1 -0.45620278 -0.6390175 0.61930245 4.4497557 0.8051339 -4.172325E-07 0.5930932 2.4378939 -0.37899673 0.7691922 0.51449484 -8.166542 0 0 0 1 0.22053833 -0.92829406 -0.2993877 7.152646 0.8051337 -1.8179417E-06 0.59309345 2.4378996 -0.5505656 -0.37184703 0.74740034 -4.426474 0 0 0 1 -0.5930176 -0.25 0.80513453 -6 0.8051758 0 0.59309214 2.5 -0.0009583784 0.9999995 2.8508674E-07 -2.3408873 0 0 0 1 -0.59309196 0 0.80513495 -10 0.8051357 0 0.59309155 2 6.220824E-07 1 2.3994888E-08 -0.89756465 0 0 0 1 0 0 -1 -4 -0.99999994 3.1391644E-07 1.0228697E-13 -4.985738E-06 -0 1 -3.1391647E-07 -8.379729 -0 0 -0 1 0 0 -1 -10 -0.99999994 3.1391644E-07 1.0228697E-13 -4.985739E-06 -0 1 -3.1391647E-07 -8.379728 -0 0 -0 1 0 0 -1 -18 -0.99999994 3.1391644E-07 1.0228697E-13 -4.985738E-06 -0 1 -3.1391647E-07 -8.379729 -0 0 -0 1 0 0 -1 -24 -0.99999994 3.1391644E-07 1.0228697E-13 -4.9857376E-06 -0 1 -3.1391647E-07 -8.379727 -0 0 -0 1 0 0 -1 -32 -0.99999994 3.1391644E-07 1.0228697E-13 -4.985738E-06 -0 1 -3.1391647E-07 -8.379729 -0 0 -0 1 0 0 -1 -38 -0.99999994 3.1391644E-07 1.0228697E-13 -4.985738E-06 -0 1 -3.1391647E-07 -8.379729 -0 0 -0 1 1 0 0 0 0 1 0 0 0 0 1 0 0 0 0 1 1 0 0 0 0 1 0 0 0 0 1 0 0 0 0 1 1 0 0 0 0 1 0 0 0 0 1 0 0 0 0 1</float_array>
					<technique_common>
						<accessor source="#mesh_6_RIris_ctrl_inv_bind_poses_array_id" count="42" stride="16">
							<param name="TRANSFORM" type="float4x4" />
						</accessor>
					</technique_common>
				</source>
				<source id="mesh_6_RIris_ctrl_weights_id">
					<float_array id="mesh_6_RIris_ctrl_weights_array_id" count="1">1</float_array>
					<technique_common>
						<accessor source="#mesh_6_RIris_ctrl_weights_array_id" count="1" stride="1">
							<param name="WEIGHT" type="float" />
						</accessor>
					</technique_common>
				</source>
				<joints>
					<input semantic="JOINT" source="#mesh_6_RIris_ctrl_joint_names_id" />
					<input semantic="INV_BIND_MATRIX" source="#mesh_6_RIris_ctrl_inv_bind_poses_id" />
				</joints>
				<vertex_weights count="31">
					<input semantic="JOINT" source="#mesh_6_RIris_ctrl_joint_names_id" offset="0" />
					<input semantic="WEIGHT" source="#mesh_6_RIris_ctrl_weights_id" offset="1" />
					<vcount>1 1 1 1 1 1 1 1 1 1 1 1 1 1 1 1 1 1 1 1 1 1 1 1 1 1 1 1 1 1 1</vcount>
					<v>6 0 6 0 6 0 6 0 6 0 6 0 6 0 6 0 6 0 6 0 6 0 6 0 6 0 6 0 6 0 6 0 6 0 6 0 6 0 6 0 6 0 6 0 6 0 6 0 6 0 6 0 6 0 6 0 6 0 6 0 6 0</v>
				</vertex_weights>
			</skin>
		</controller>
		<controller id="mesh_7_Body01_ctrl_id">
			<skin source="#mesh_7_Body01_id">
				<bind_shape_matrix>1 0 0 0 0 1 0 0 0 0 1 0 0 0 0 1</bind_shape_matrix>
				<source id="mesh_7_Body01_ctrl_joint_names_id">
					<Name_array id="mesh_7_Body01_ctrl_joint_names_array_id" count="42">pm0513_00 Origin Waist Spine1 Spine2 Spine3 Head Feeler LEar REar LArm LForeArm LHand LFingerA1 LFingerA2 LFingerB1 LFingerB2 RArm RForeArm RHand RFingerA1 RFingerA2 RFingerB1 RFingerB2 Hips LThigh LLeg LFoot LToe RThigh RLeg RFoot RToe Tail1 Tail2 Tail3 Tail4 Tail5 Tail6 pm0513_00_HeadSkin pm0513_00_BodySkin pm0513_00_IrisSkin</Name_array>
					<technique_common>
						<accessor source="#mesh_7_Body01_ctrl_joint_names_array_id" count="42" stride="1">
							<param name="JOINT" type="Name" />
						</accessor>
					</technique_common>
				</source>
				<source id="mesh_7_Body01_ctrl_inv_bind_poses_id">
					<float_array id="mesh_7_Body01_ctrl_inv_bind_poses_array_id" count="672">1 0 0 0 0 1 0 0 0 0 1 0 0 0 0 1 1 0 0 0 0 1 0 0 0 0 1 0 0 0 0 1 0 1 0 -12.061128 -1 3.1391647E-07 0 -3.7861867E-06 0 0 1 0 0 0 0 1 0 1 0 -12.061128 -1 3.1391647E-07 0 -3.7861867E-06 0 0 1 0 0 0 0 1 0 1 0 -15.2964 -1 3.1391647E-07 0 -3.7861869E-06 0 0 1 0 0 0 0 1 0 1 0 -18.409315 -1 3.1391647E-07 0 -3.7861869E-06 0 0 1 0 0 0 0 1 0 1 0 -22.205956 -1 3.1391647E-07 0 -3.7861864E-06 0 0 1 0 0 0 0 1 -0.53762746 0.74156046 -0.40130383 -37.0963 -0.65965044 -0.07346892 0.7479729 8.39772 0.5251839 0.66685104 0.5286696 -32.463367 0 0 0 1 1 0 0 -12.57704 0 1 0 -32.299995 0 0 1 0 0 0 0 1 -1 6.2783295E-07 0 -12.577064 -6.2783295E-07 -1 0 32.299995 -0 -0 1 0 -0 -0 0 1 1 0 0 -3.7457275 0 1 0 -20.467234 0 0 1 0 0 0 0 1 1 0 0 -12.416337 0 1 0 -20.467232 0 0 1 0 0 0 0 1 1 0 0 -20.791683 0 1 0 -20.467234 0 0 1 0 0 0 0 1 0.29825997 -0.29176697 0.9087975 -3.1704903 0.09098101 0.9564894 0.2772191 -21.516245 -0.9501385 -1.2444376E-07 0.31182775 20.944088 0 0 0 1 0.29825997 -0.29176697 0.9087975 -5.1644783 0.09098101 0.9564894 0.2772191 -21.516249 -0.9501385 -1.2444376E-07 0.31182775 20.944088 0 0 0 1 1 0 0 -24.016804 0 1 0 -20.467232 0 0 1 0 0 0 0 1 1 0 0 -26.756733 0 1 0 -20.467234 0 0 1 0 0 0 0 1 -1 6.2783295E-07 0 -3.7457402 -6.2783295E-07 -1 0 20.4672 -0 -0 1 0 -0 -0 0 1 -1 6.2783295E-07 0 -12.416309 -6.2783295E-07 -1 0 20.467197 -0 -0 1 0 -0 -0 0 1 -1 6.2783295E-07 0 -20.791712 -6.2783295E-07 -1 0 20.467197 -0 -0 1 0 -0 -0 0 1 -0.2982471 -0.29177746 0.90879846 -3.170002 0.09098005 -0.95648634 -0.27723044 21.516188 0.95014286 -5.866385E-07 0.31181535 20.94423 0 -0 0 1 -0.29824972 -0.2917411 0.90880924 -5.164772 0.09096879 -0.95649743 -0.2771959 21.51599 0.95014316 -2.755446E-07 0.31181443 20.944237 0 -0 0 1 -1 6.2783295E-07 0 -24.016811 -6.2783295E-07 -1 0 20.467197 -0 -0 1 0 -0 -0 0 1 -1 6.2783295E-07 0 -26.756712 -6.2783295E-07 -1 0 20.467197 -0 -0 1 0 -0 -0 0 1 0 -1 0 12.061128 0.99999994 -6.3975784E-07 0 7.716201E-06 0 -0 1 0 0 -0 0 1 0.4562015 -0.63901854 0.6193025 4.449765 0.8051342 -5.9604645E-07 -0.5930926 -2.4378862 0.37899762 0.76919144 0.5144954 -8.166533 0 0 0 1 -0.22053954 -0.9282942 -0.29938605 7.152639 0.8051343 -6.556511E-07 -0.5930927 -2.4378853 0.5505642 -0.37184635 0.7474016 -4.426469 0 -0 0 1 0.5932617 0 0.805134 -5 0.8046875 -0.5 -0.5930929 -1 0.0009645374 0.99999964 -1.268013E-07 -2.3409133 0 0 -0 1 0.5930929 0 0.8051338 -8.25 0.80513406 0 -0.59309316 -2.25 1.9353877E-06 1 -2.511199E-07 -0.89757085 0 0 -0 1 -0.45620278 -0.6390175 0.61930245 4.4497557 0.8051339 -4.172325E-07 0.5930932 2.4378939 -0.37899673 0.7691922 0.51449484 -8.166542 0 0 0 1 0.22053833 -0.92829406 -0.2993877 7.152646 0.8051337 -1.8179417E-06 0.59309345 2.4378996 -0.5505656 -0.37184703 0.74740034 -4.426474 0 0 0 1 -0.5930176 -0.25 0.80513453 -6 0.8051758 0 0.59309214 2.5 -0.0009583784 0.9999995 2.8508674E-07 -2.3408873 0 0 0 1 -0.59309196 0 0.80513495 -10 0.8051357 0 0.59309155 2 6.220824E-07 1 2.3994888E-08 -0.89756465 0 0 0 1 0 0 -1 -4 -0.99999994 3.1391644E-07 1.0228697E-13 -4.985738E-06 -0 1 -3.1391647E-07 -8.379729 -0 0 -0 1 0 0 -1 -10 -0.99999994 3.1391644E-07 1.0228697E-13 -4.985739E-06 -0 1 -3.1391647E-07 -8.379728 -0 0 -0 1 0 0 -1 -18 -0.99999994 3.1391644E-07 1.0228697E-13 -4.985738E-06 -0 1 -3.1391647E-07 -8.379729 -0 0 -0 1 0 0 -1 -24 -0.99999994 3.1391644E-07 1.0228697E-13 -4.9857376E-06 -0 1 -3.1391647E-07 -8.379727 -0 0 -0 1 0 0 -1 -32 -0.99999994 3.1391644E-07 1.0228697E-13 -4.985738E-06 -0 1 -3.1391647E-07 -8.379729 -0 0 -0 1 0 0 -1 -38 -0.99999994 3.1391644E-07 1.0228697E-13 -4.985738E-06 -0 1 -3.1391647E-07 -8.379729 -0 0 -0 1 1 0 0 0 0 1 0 0 0 0 1 0 0 0 0 1 1 0 0 0 0 1 0 0 0 0 1 0 0 0 0 1 1 0 0 0 0 1 0 0 0 0 1 0 0 0 0 1</float_array>
					<technique_common>
						<accessor source="#mesh_7_Body01_ctrl_inv_bind_poses_array_id" count="42" stride="16">
							<param name="TRANSFORM" type="float4x4" />
						</accessor>
					</technique_common>
				</source>
				<source id="mesh_7_Body01_ctrl_weights_id">
					<float_array id="mesh_7_Body01_ctrl_weights_array_id" count="1075">1 0.9529412 0.047058824 0.9607843 0.039215688 0.99215686 0.007843138 0.9019608 0.09803922 0.88235295 0.11764706 0.92156863 0.078431375 0.3137255 0.6862745 0.39215687 0.60784316 0.34117648 0.65882355 0.38039216 0.61960787 0.33333334 0.6666667 0.32156864 0.6784314 0.36078432 0.6392157 0.4117647 0.5882353 0.37254903 0.627451 0.2627451 0.7372549 0.27058825 0.7294118 0.3019608 0.69803923 0.28235295 0.7176471 0.2901961 0.70980394 0.4 0.6 0.4627451 0.5372549 0.5529412 0.44705883 0.6509804 0.34901962 0.78039217 0.21960784 0.77254903 0.22745098 0.9137255 0.08627451 0.9019608 0.09803922 0.9607843 0.039215688 0.99215686 0.007843138 0.98039216 0.019607844 1 0.972549 0.02745098 0.9411765 0.05882353 0.8509804 0.14901961 0.92156863 0.078431375 0.7607843 0.23921569 0.7137255 0.28627452 0.6117647 0.3882353 0.5803922 0.41960785 0.49019608 0.50980395 0.6509804 0.34901962 0.5019608 0.49803922 0.6627451 0.3372549 0.84313726 0.15686275 0.8627451 0.13725491 0.8117647 0.1882353 0.9529412 0.047058824 0.93333334 0.06666667 0.7921569 0.20784314 0.6431373 0.35686275 0.62352943 0.3764706 0.48235294 0.5176471 0.56078434 0.4392157 0.47058824 0.5294118 0.5529412 0.44705883 0.4627451 0.5372549 0.39215687 0.60784316 0.4117647 0.5882353 0.49019608 0.50980395 0.38039216 0.61960787 0.6509804 0.34901962 0.77254903 0.22745098 0.67058825 0.32941177 0.5803922 0.41960785 0.7137255 0.28627452 0.7921569 0.20784314 0.8509804 0.14901961 0.9137255 0.08627451 0.9019608 0.09803922 0.9607843 0.039215688 0.98039216 0.019607844 0.99215686 0.007843138 0.972549 0.02745098 0.92156863 0.078431375 0.9411765 0.05882353 0.8 0.2 0.83137256 0.16862746 0.68235296 0.31764707 0.72156864 0.2784314 0.5921569 0.40784314 0.56078434 0.4392157 0.47058824 0.5294118 0.48235294 0.5176471 0.62352943 0.3764706 0.4627451 0.5372549 0.5529412 0.44705883 0.38039216 0.61960787 0.39215687 0.60784316 0.4 0.6 0.6627451 0.3372549 0.6509804 0.34901962 0.7921569 0.20784314 0.78039217 0.21960784 0.9137255 0.08627451 0.9607843 0.039215688 0.99215686 0.007843138 0.88235295 0.11764706 0.972549 0.02745098 0.9411765 0.05882353 0.92156863 0.078431375 1 0.050980393 0.9490196 0.09019608 0.9098039 0.13333334 0.8666667 0.18039216 0.81960785 0.15294118 0.84705883 0.2509804 0.7490196 0.23137255 0.76862746 0.32156864 0.6784314 0.34117648 0.65882355 0.3529412 0.64705884 0.3019608 0.69803923 0.42352942 0.5764706 0.38039216 0.61960787 0.5411765 0.45882353 0.5019608 0.49803922 0.6431373 0.35686275 0.6627451 0.3372549 0.33333334 0.6666667 0.4509804 0.54901963 0.21176471 0.7882353 0.13333334 0.8666667 0.2 0.8 0.2901961 0.70980394 0.22352941 0.7764706 0.3137255 0.6862745 0.15294118 0.84705883 0.24313726 0.75686276 0.6 0.4 0.7607843 0.23921569 0.8235294 0.1764706 0.0627451 0.9372549 0.09019608 0.9098039 0.72156864 0.2784314 0.56078434 0.4392157 0.28235295 0.7176471 0.4117647 0.5882353 0.19215687 0.80784315 0.13333334 0.8666667 0.16078432 0.8392157 0.5411765 0.45882353 0.38039216 0.61960787 0.84313726 0.15686275 0.83137256 0.16862746 0.14117648 0.85882354 0.08235294 0.91764706 0.2509804 0.7490196 0.24313726 0.75686276 0.4 0.6 0.4627451 0.5372549 0.2901961 0.70980394 0.5921569 0.40784314 0.6431373 0.35686275 0.5137255 0.4862745 0.6901961 0.30980393 0.7607843 0.23921569 0.7921569 0.20784314 0.7411765 0.25882354 0.5529412 0.44705883 0.38039216 0.61960787 0.101960786 0.8980392 0.2 0.8 0.3529412 0.64705884 0.2509804 0.7490196 0.15294118 0.84705883 0.24313726 0.75686276 0.12156863 0.8784314 0.22352941 0.7764706 0.07058824 0.92941177 0.11372549 0.8862745 0.0627451 0.9372549 0.17254902 0.827451 0.16078432 0.8392157 0.08235294 0.91764706 0.03137255 0.96862745 0.043137256 0.95686275 0.72156864 0.2784314 0.5411765 0.45882353 0.84313726 0.15686275 0.09019608 0.9098039 0.050980393 0.9490196 0.21176471 0.7882353 0.15294118 0.84705883 0.12156863 0.8784314 0.24313726 0.75686276 0.22352941 0.7764706 0.27058825 0.7294118 0.33333334 0.6666667 0.38039216 0.61960787 0.34117648 0.65882355 0.44313726 0.5568628 0.4 0.6 0.49019608 0.50980395 0.56078434 0.4392157 0.7019608 0.29803923 0.6901961 0.30980393 0.8901961 0.10980392 0.77254903 0.22745098 0.8627451 0.13725491 0.6627451 0.3372549 0.5137255 0.4862745 0.7921569 0.20784314 0.5921569 0.40784314 0.4509804 0.54901963 0.73333335 0.26666668 0.5411765 0.45882353 0.42352942 0.5764706 0.3019608 0.69803923 0.19215687 0.80784315 0.53333336 0.46666667 0.6509804 0.34901962 0.68235296 0.31764707 0.83137256 0.16862746 0.8 0.2 1 0.93333334 0.06666667 0.8235294 0.1764706 0.9607843 0.039215688 0.9529412 0.047058824 0.92156863 0.078431375 0.5529412 0.44705883 0.43137255 0.5686275 0.44313726 0.5568628 0.34117648 0.65882355 0.32156864 0.6784314 0.4117647 0.5882353 0.3137255 0.6862745 0.49019608 0.50980395 0.4 0.6 0.37254903 0.627451 0.3529412 0.64705884 0.42352942 0.5764706 0.5411765 0.45882353 0.6627451 0.3372549 0.7607843 0.23921569 0.6431373 0.35686275 0.27058825 0.7294118 0.22352941 0.7764706 0.2901961 0.70980394 0.15294118 0.84705883 0.2 0.8 0.34117648 0.65882355 0.3019608 0.69803923 0.8235294 0.1764706 0.9607843 0.039215688 0.88235295 0.11764706 0.83137256 0.16862746 0.9019608 0.09803922 0.84313726 0.15686275 0.09019608 0.9098039 0.050980393 0.9490196 0.13333334 0.8666667 0.18039216 0.81960785 0.2509804 0.7490196 0.23137255 0.76862746 0.32156864 0.6784314 0.3529412 0.64705884 0.42352942 0.5764706 0.38039216 0.61960787 0.5411765 0.45882353 0.5019608 0.49803922 0.6431373 0.35686275 0.6627451 0.3372549 0.33333334 0.6666667 0.4509804 0.54901963 0.21176471 0.7882353 0.2 0.8 0.3019608 0.69803923 0.2901961 0.70980394 0.22352941 0.7764706 0.3137255 0.6862745 0.13333334 0.8666667 0.15294118 0.84705883 0.24313726 0.75686276 0.6 0.4 0.7607843 0.23921569 0.8235294 0.1764706 0.0627451 0.9372549 0.09019608 0.9098039 0.72156864 0.2784314 0.56078434 0.4392157 0.28235295 0.7176471 0.4117647 0.5882353 0.2 0.8 0.19215687 0.80784315 0.16078432 0.8392157 0.5411765 0.45882353 0.38039216 0.61960787 0.84313726 0.15686275 0.83137256 0.16862746 0.14117648 0.85882354 0.08235294 0.91764706 0.2509804 0.7490196 0.24313726 0.75686276 0.4 0.6 0.4627451 0.5372549 0.2901961 0.70980394 0.5921569 0.40784314 0.6431373 0.35686275 0.5137255 0.4862745 0.6901961 0.30980393 0.7607843 0.23921569 0.7921569 0.20784314 0.7411765 0.25882354 0.5529412 0.44705883 0.38039216 0.61960787 0.101960786 0.8980392 0.2 0.8 0.3529412 0.64705884 0.2509804 0.7490196 0.15294118 0.84705883 0.24313726 0.75686276 0.12156863 0.8784314 0.22352941 0.7764706 0.07058824 0.92941177 0.11372549 0.8862745 0.0627451 0.9372549 0.17254902 0.827451 0.16078432 0.8392157 0.08235294 0.91764706 0.03137255 0.96862745 0.043137256 0.95686275 0.72156864 0.2784314 0.5411765 0.45882353 0.84313726 0.15686275 0.09019608 0.9098039 0.050980393 0.9490196 0.21176471 0.7882353 0.15294118 0.84705883 0.12156863 0.8784314 0.24313726 0.75686276 0.22352941 0.7764706 0.27058825 0.7294118 0.33333334 0.6666667 0.38039216 0.61960787 0.34117648 0.65882355 0.44313726 0.5568628 0.4 0.6 0.49019608 0.50980395 0.56078434 0.4392157 0.7019608 0.29803923 0.6901961 0.30980393 0.8901961 0.10980392 0.77254903 0.22745098 0.8627451 0.13725491 0.6627451 0.3372549 0.5137255 0.4862745 0.7921569 0.20784314 0.5921569 0.40784314 0.4509804 0.54901963 0.73333335 0.26666668 0.5411765 0.45882353 0.42352942 0.5764706 0.3019608 0.69803923 0.19215687 0.80784315 0.53333336 0.46666667 0.6509804 0.34901962 0.68235296 0.31764707 0.83137256 0.16862746 0.8 0.2 1 0.93333334 0.06666667 0.8235294 0.1764706 0.9607843 0.039215688 0.9529412 0.047058824 0.92156863 0.078431375 0.5529412 0.44705883 0.43137255 0.5686275 0.44313726 0.5568628 0.34117648 0.65882355 0.32156864 0.6784314 0.4117647 0.5882353 0.3137255 0.6862745 0.49019608 0.50980395 0.4 0.6 0.37254903 0.627451 0.3529412 0.64705884 0.42352942 0.5764706 0.5411765 0.45882353 0.6627451 0.3372549 0.7607843 0.23921569 0.6431373 0.35686275 0.27058825 0.7294118 0.22352941 0.7764706 0.2901961 0.70980394 0.15294118 0.84705883 0.2 0.8 0.34117648 0.65882355 0.3019608 0.69803923 0.88235295 0.11764706 0.9607843 0.039215688 0.83137256 0.16862746 0.9019608 0.09803922 0.84313726 0.15686275 0.8235294 0.1764706 1 0.92156863 0.078431375 0.9529412 0.047058824 0.9411765 0.05882353 0.93333334 0.06666667 0.972549 0.02745098 0.7607843 0.23921569 0.6509804 0.34901962 0.6627451 0.3372549 0.98039216 0.019607844 0.99215686 0.007843138 0.77254903 0.22745098 0.6901961 0.30980393 0.6313726 0.36862746 0.56078434 0.4392157 0.5137255 0.4862745 0.43137255 0.5686275 0.38039216 0.61960787 0.3019608 0.69803923 0.23137255 0.76862746 0.33333334 0.6666667 0.19215687 0.80784315 0.47058824 0.5294118 0.5803922 0.41960785 0.3137255 0.6862745 0.18039216 0.81960785 0.5529412 0.44705883 0.42352942 0.5764706 0.7137255 0.28627452 0.68235296 0.31764707 0.5411765 0.45882353 0.8627451 0.13725491 0.72156864 0.2784314 0.9019608 0.09803922 0.48235294 0.5176471 0.92156863 0.078431375 0.84313726 0.15686275 0.52156866 0.47843137 0.6313726 0.36862746 0.6901961 0.30980393 0.53333336 0.46666667 0.3137255 0.6862745 0.3529412 0.64705884 0.22352941 0.7764706 0.24313726 0.75686276 0.37254903 0.627451 0.2 0.8 0.5137255 0.4862745 0.2509804 0.7490196 0.73333335 0.26666668 0.9019608 0.09803922 0.3019608 0.69803923 0.21176471 0.7882353 0.23137255 0.76862746 0.15294118 0.84705883 0.12156863 0.8784314 0.19215687 0.80784315 0.11372549 0.8862745 0.18039216 0.81960785 0.77254903 0.22745098 0.7921569 0.20784314 0.83137256 0.16862746 0.7607843 0.23921569 0.84313726 0.15686275 0.7411765 0.25882354 0.8627451 0.13725491 0.92156863 0.078431375 0.9019608 0.09803922 0.6901961 0.30980393 0.6313726 0.36862746 0.6509804 0.34901962 0.56078434 0.4392157 0.5137255 0.4862745 0.43137255 0.5686275 0.38039216 0.61960787 0.3019608 0.69803923 0.23137255 0.76862746 0.33333334 0.6666667 0.19215687 0.80784315 0.47058824 0.5294118 0.5803922 0.41960785 0.3137255 0.6862745 0.18039216 0.81960785 0.5529412 0.44705883 0.42352942 0.5764706 0.7137255 0.28627452 0.68235296 0.31764707 0.5411765 0.45882353 0.8627451 0.13725491 0.72156864 0.2784314 0.9019608 0.09803922 0.48235294 0.5176471 0.92156863 0.078431375 0.52156866 0.47843137 0.6901961 0.30980393 0.53333336 0.46666667 0.3529412 0.64705884 0.22352941 0.7764706 0.24313726 0.75686276 0.37254903 0.627451 0.2 0.8 0.5137255 0.4862745 0.2509804 0.7490196 0.73333335 0.26666668 0.3019608 0.69803923 0.21176471 0.7882353 0.23137255 0.76862746 0.15294118 0.84705883 0.12156863 0.8784314 0.19215687 0.80784315 0.11372549 0.8862745 0.18039216 0.81960785 0.83137256 0.16862746 0.7921569 0.20784314 0.9019608 0.09803922 0.7607843 0.23921569 0.84313726 0.15686275 0.7411765 0.25882354 0.8627451 0.13725491 0.92156863 0.078431375 0.28235295 0.7176471 0.27058825 0.7294118 0.3137255 0.6862745 0.3019608 0.69803923 0.34117648 0.65882355 0.33333334 0.6666667 0.2627451 0.7372549 1 0.16078432 0.8392157 0.2509804 0.7490196 0.4117647 0.5882353 0.38039216 0.61960787 0.24313726 0.75686276 0.5529412 0.44705883 0.5411765 0.45882353 0.2901961 0.70980394 0.77254903 0.22745098 0.9019608 0.09803922 0.84313726 0.15686275 0.92156863 0.078431375 0.7921569 0.20784314 0.93333334 0.06666667 0.88235295 0.11764706 0.972549 0.02745098</float_array>
					<technique_common>
						<accessor source="#mesh_7_Body01_ctrl_weights_array_id" count="1075" stride="1">
							<param name="WEIGHT" type="float" />
						</accessor>
					</technique_common>
				</source>
				<joints>
					<input semantic="JOINT" source="#mesh_7_Body01_ctrl_joint_names_id" />
					<input semantic="INV_BIND_MATRIX" source="#mesh_7_Body01_ctrl_inv_bind_poses_id" />
				</joints>
				<vertex_weights count="1495">
					<input semantic="JOINT" source="#mesh_7_Body01_ctrl_joint_names_id" offset="0" />
					<input semantic="WEIGHT" source="#mesh_7_Body01_ctrl_weights_id" offset="1" />
					<vcount>1 1 1 1 1 1 1 1 1 1 1 1 1 1 1 1 1 1 1 1 1 1 1 1 1 1 1 1 1 1 1 1 1 1 1 1 1 1 1 1 1 1 1 1 1 1 1 1 1 1 1 1 1 1 1 1 1 1 1 1 1 1 1 2 1 1 1 2 2 1 1 1 1 1 2 2 2 1 1 1 1 1 1 1 1 2 2 1 1 1 1 2 2 1 1 1 1 2 2 1 1 1 1 1 1 1 1 1 1 1 1 1 1 1 1 1 1 1 1 1 1 1 1 2 2 1 1 1 1 1 1 1 1 1 1 1 1 1 1 1 1 1 1 1 1 1 1 1 1 1 1 1 1 1 1 1 1 1 1 1 1 1 1 1 1 1 1 1 1 1 1 1 1 1 1 1 1 1 1 1 1 1 1 1 1 1 1 1 1 1 1 1 1 1 1 1 1 1 1 1 1 1 1 1 1 1 1 1 1 1 1 1 1 1 1 1 1 1 1 1 1 1 1 1 1 1 1 1 1 1 1 1 2 1 1 1 2 2 1 1 1 1 1 2 2 2 1 1 1 1 1 1 1 1 2 2 1 1 1 1 2 2 1 1 1 1 2 2 1 1 1 1 1 1 1 1 1 1 1 1 1 1 1 1 1 2 2 1 1 1 1 1 1 1 1 1 1 1 1 1 1 1 1 1 1 1 1 1 1 1 1 1 1 1 1 1 1 1 1 1 1 1 1 1 1 1 1 1 1 1 1 1 1 1 1 1 2 2 2 2 2 2 2 2 2 2 2 2 2 2 2 2 2 2 2 2 2 2 2 2 2 2 2 2 2 2 2 2 2 2 2 2 2 2 2 2 2 2 2 2 2 2 2 2 2 2 2 2 2 2 1 1 1 1 1 1 1 1 1 1 1 1 1 1 1 1 1 1 1 1 1 1 1 1 1 1 2 1 1 1 1 1 2 2 2 2 1 2 1 2 2 2 2 2 2 2 2 2 2 2 2 2 2 2 2 2 2 2 1 2 2 2 2 2 2 2 2 2 2 2 2 2 2 2 2 2 2 2 2 2 2 2 2 2 2 2 2 2 2 2 2 2 2 2 2 2 2 2 2 2 2 2 2 2 2 2 2 2 2 2 2 2 2 2 2 2 2 2 2 2 2 2 2 2 2 2 2 2 2 2 2 2 2 2 2 2 2 2 2 2 2 2 2 1 2 2 2 2 2 2 2 2 2 2 2 2 2 2 2 2 2 2 2 2 2 2 2 2 2 2 2 2 2 2 2 2 2 2 2 2 2 2 2 2 2 2 2 2 2 2 2 2 2 2 2 2 2 2 2 2 2 2 2 2 2 2 2 2 2 2 2 2 2 2 2 2 2 2 2 2 2 2 2 2 2 2 2 2 2 2 2 2 2 2 2 2 2 2 2 2 2 2 2 2 2 2 2 2 2 2 2 2 2 2 2 2 2 2 2 2 2 2 2 2 2 2 2 2 2 2 2 2 2 2 2 2 2 2 2 2 2 2 2 2 2 2 2 2 1 2 1 1 2 2 1 1 2 2 2 2 2 2 2 2 2 2 2 2 2 2 2 2 2 2 2 2 2 2 2 2 2 2 2 2 2 2 2 2 2 2 2 2 2 2 2 2 2 2 2 2 2 2 2 2 2 2 2 2 2 2 2 2 2 2 2 2 2 2 2 2 2 2 2 2 2 2 2 2 2 2 2 2 2 2 2 2 2 2 2 2 2 2 2 2 2 2 2 2 2 2 2 2 2 2 2 2 2 2 2 2 2 2 2 2 2 2 2 2 2 2 2 2 2 2 2 2 2 2 2 2 2 2 2 2 2 2 2 2 2 2 2 2 2 2 2 2 2 2 2 2 2 2 2 2 2 2 2 2 2 2 2 2 2 2 2 2 2 2 2 2 2 2 2 2 2 2 2 2 2 2 2 2 2 2 2 2 1 2 1 1 2 2 1 1 2 2 2 2 2 2 2 2 2 2 2 2 2 2 2 2 2 2 2 2 2 2 2 2 2 2 2 2 2 2 2 2 2 2 2 2 1 1 1 1 1 1 1 1 2 2 1 1 1 1 2 2 1 1 1 1 1 1 1 1 1 1 1 1 1 1 1 1 1 1 1 1 2 2 1 1 1 2 2 1 1 1 1 1 1 1 1 1 1 1 1 1 1 1 1 1 1 1 1 1 1 1 1 1 1 1 1 1 1 1 1 1 1 1 1 1 1 1 1 1 1 1 2 1 1 1 1 1 1 1 1 1 1 1 1 1 1 1 1 1 1 1 1 1 1 1 1 1 1 1 1 1 1 1 1 1 1 1 1 1 1 1 1 1 1 1 1 1 1 1 1 1 1 1 1 1 1 1 1 1 1 1 1 1 1 1 1 1 1 1 1 1 1 1 1 1 1 1 1 1 1 1 1 1 1 1 1 1 1 1 1 1 1 1 1 1 1 1 1 1 1 1 1 1 1 1 1 1 1 1 1 1 1 1 1 1 1 1 1 1 1 1 1 1 1 1 1 1 1 1 1 1 1 1 1 1 1 1 1 1 1 1 1 1 1 1 1 1 1 1 1 1 1 1 1 1 1 1 1 1 1 1 1 1 1 1 1 1 1 1 1 1 1 1 1 1 1 1 1 1 1 1 1 1 1 1 1 1 1 1 1 1 1 1 1 1 1 1 1 1 1 1 1 1 1 1 1 1 1 1 1 1 1 1 1 1 1 1 1 1 1 1 1 1 1 1 1 1 1 1 1 1 1 1 1 1 1 1 1 1 1 1 1 1 1 1 1 1 1 1 1 1 1 1 1 1 1 1 1 1 2 1 2 1 1 1 1 1 2 2 2 1 1 1 2 2 2 2 2 2 2 2 1 1 1 1 2 1 1 1 1 1 1 2 2 2 2 2 2 2 2 2 2 2 2 2 2 2 2 2 2 2 2 2 2 2 2 2 2 2 2 2 2 2 2 2 2 2 2 2 2 2 2 2 2 2 2 2 2 2 2 2 2 2 2 2 2 2 2 2 2 2 2 2 2 2 2 2 2 2 2 2 2 2 2 2 2 2 2 2 2 2 2 2 2 2 2 2 2 2 2 2 2 2 2 2 2 2 2 2 2 2 2 2 2 2 2 2 2 2 2 2 2 2 2 2 2 2 2 2 2 2 2 2 2 2 2 2 2 2 2 2 2 2 2 2 2 2 2 2 2 2 2 2 2 2 2 2 2 2 2 2 2 2 2 2 2 2 2 2 2 2 2 2 2 2 2 2 1 1 1 2 2 2 2 2 2 2 2 2 2 2 2 2 2 2 2 2 2 2 2 2 2 2 2 2 2 2 2 2 2 2 2 2 1 1 1 2 2 2 2</vcount>
					<v>6 0 6 0 6 0 6 0 6 0 6 0 6 0 6 0 6 0 6 0 6 0 6 0 6 0 6 0 6 0 6 0 6 0 6 0 6 0 6 0 6 0 6 0 6 0 6 0 6 0 6 0 6 0 6 0 6 0 6 0 6 0 6 0 6 0 6 0 6 0 6 0 6 0 6 0 6 0 6 0 6 0 6 0 6 0 6 0 6 0 6 0 6 0 6 0 6 0 6 0 6 0 6 0 6 0 6 0 6 0 6 0 6 0 6 0 6 0 6 0 6 0 6 0 6 0 6 1 8 2 6 0 6 0 6 0 6 3 8 4 6 5 8 6 6 0 6 0 6 0 6 0 6 0 6 7 8 8 6 7 8 8 6 9 8 10 6 0 6 0 6 0 6 0 6 0 6 0 6 0 6 0 6 7 8 8 6 7 8 8 6 0 6 0 6 0 6 0 6 11 8 12 6 7 8 8 6 0 6 0 6 0 6 0 6 7 8 8 6 11 8 12 6 0 6 0 6 0 6 0 6 0 6 0 6 0 6 0 6 0 6 0 6 0 6 0 6 0 6 0 6 0 6 0 6 0 6 0 6 0 6 0 6 0 6 0 6 0 6 0 6 7 8 8 6 7 8 8 6 0 6 0 6 0 6 0 6 0 6 0 6 0 6 0 6 0 6 0 6 0 6 0 6 0 6 0 6 0 6 0 6 0 6 0 6 0 6 0 6 0 6 0 6 0 6 0 6 0 6 0 6 0 6 0 6 0 6 0 6 0 6 0 6 0 6 0 6 0 6 0 6 0 6 0 6 0 6 0 6 0 6 0 6 0 6 0 6 0 6 0 6 0 6 0 6 0 6 0 6 0 6 0 6 0 6 0 6 0 6 0 6 0 6 0 6 0 6 0 6 0 6 0 6 0 6 0 6 0 6 0 6 0 6 0 6 0 6 0 6 0 6 0 6 0 6 0 6 0 6 0 6 0 6 0 6 0 6 0 6 0 6 0 6 0 6 0 6 0 6 0 6 0 6 0 6 0 6 0 6 0 6 0 6 0 6 0 6 0 6 0 6 0 6 0 6 0 6 0 6 0 6 0 6 0 6 0 6 0 6 0 6 0 6 1 9 2 6 0 6 0 6 0 6 3 9 4 6 5 9 6 6 0 6 0 6 0 6 0 6 0 6 7 9 8 6 7 9 8 6 9 9 10 6 0 6 0 6 0 6 0 6 0 6 0 6 0 6 0 6 7 9 8 6 7 9 8 6 0 6 0 6 0 6 0 6 11 9 12 6 7 9 8 6 0 6 0 6 0 6 0 6 7 9 8 6 11 9 12 6 0 6 0 6 0 6 0 6 0 6 0 6 0 6 0 6 0 6 0 6 0 6 0 6 0 6 0 6 0 6 0 6 0 6 7 9 8 6 7 9 8 6 0 6 0 6 0 6 0 6 0 6 0 6 0 6 0 6 0 6 0 6 0 6 0 6 0 6 0 6 0 6 0 6 0 6 0 6 0 6 0 6 0 6 0 6 0 6 0 6 0 6 0 6 0 6 0 6 0 6 0 6 0 6 0 6 0 6 0 6 0 6 0 6 0 6 0 6 0 6 0 6 0 6 0 6 0 6 0 6 0 6 0 6 0 6 0 6 0 6 13 7 14 6 15 7 16 6 17 7 18 6 15 7 16 6 19 7 20 6 21 7 22 6 21 7 22 6 15 7 16 6 15 7 16 6 21 7 22 6 15 7 16 6 21 7 22 6 15 7 16 6 23 7 24 6 25 7 26 6 27 7 28 6 27 7 28 6 29 7 30 6 27 7 28 6 29 7 30 6 21 7 22 6 31 7 32 6 33 7 34 6 35 7 36 6 37 7 38 6 17 7 18 6 39 7 40 6 39 7 40 6 33 7 34 6 23 7 24 6 41 7 42 6 25 7 26 6 41 7 42 6 17 7 18 6 35 7 36 6 21 7 22 6 15 7 16 6 19 7 20 6 21 7 22 6 19 7 20 6 43 7 44 6 43 7 44 6 45 7 46 6 45 7 46 6 47 7 48 6 47 7 48 6 49 7 50 6 51 7 52 6 53 7 54 6 55 7 56 6 57 7 58 6 57 7 58 6 59 7 60 6 61 7 62 6 63 6 63 6 63 6 63 6 63 6 63 6 63 6 63 6 63 6 63 6 63 6 63 6 63 6 63 6 63 6 63 6 63 6 63 6 63 6 63 6 63 6 63 6 63 6 63 6 63 6 63 6 59 7 60 6 63 6 63 6 63 6 63 6 63 6 59 7 60 6 59 7 60 6 59 7 60 6 59 7 60 6 63 6 61 7 62 6 63 6 61 7 62 6 64 7 65 6 66 7 67 6 53 7 54 6 68 7 69 6 70 7 71 6 72 7 73 6 74 7 75 6 76 7 77 6 78 7 79 6 80 7 81 6 82 7 83 6 84 7 85 6 86 7 87 6 84 7 85 6 86 7 87 6 88 7 89 6 90 7 91 6 61 7 62 6 63 6 92 7 93 6 94 7 95 6 66 7 67 6 96 7 97 6 98 7 99 6 100 7 101 6 102 7 103 6 80 7 81 6 104 7 105 6 84 7 85 6 104 7 105 6 106 7 107 6 108 7 109 6 110 7 111 6 112 7 113 6 110 7 111 6 112 7 113 6 114 7 115 6 114 7 115 6 116 7 117 6 116 7 117 6 114 7 115 6 114 7 115 6 114 7 115 6 118 7 119 6 114 7 115 6 120 7 121 6 122 7 123 6 122 7 123 6 124 7 125 6 124 7 125 6 126 7 127 6 128 7 129 6 130 7 131 6 132 7 133 6 134 7 135 6 136 7 137 6 138 7 139 6 138 7 139 6 140 7 141 6 140 7 141 6 142 7 143 6 144 7 145 6 146 7 147 6 144 7 145 6 148 7 149 6 150 7 151 6 152 7 153 6 154 7 155 6 156 7 157 6 158 7 159 6 160 7 161 6 162 7 163 6 164 7 165 6 164 7 165 6 166 7 167 6 168 7 169 6 170 7 171 6 172 7 173 6 170 7 171 6 172 7 173 6 174 7 175 6 176 7 177 6 178 7 179 6 178 7 179 6 174 7 175 6 180 7 181 6 182 7 183 6 184 7 185 6 186 7 187 6 188 7 189 6 188 7 189 6 190 7 191 6 190 7 191 6 192 7 193 6 192 7 193 6 194 7 195 6 184 7 185 6 196 7 197 6 198 7 199 6 196 7 197 6 192 7 193 6 192 7 193 6 200 7 201 6 202 6 203 9 204 6 205 9 206 6 205 9 206 6 207 9 208 6 209 9 210 6 211 9 212 6 213 9 214 6 215 9 216 6 217 9 218 6 219 9 220 6 221 9 222 6 223 9 224 6 225 9 226 6 227 9 228 6 229 9 230 6 231 9 232 6 233 9 234 6 235 9 236 6 237 9 238 6 239 9 240 6 241 9 242 6 243 9 244 6 245 9 246 6 223 9 224 6 247 9 248 6 249 9 250 6 251 9 252 6 243 9 244 6 253 9 254 6 255 9 256 6 257 9 258 6 259 9 260 6 261 9 262 6 263 9 264 6 265 9 266 6 267 9 268 6 269 9 270 6 271 9 272 6 273 9 274 6 263 9 264 6 245 9 246 6 253 9 254 6 265 9 266 6 275 9 276 6 277 9 278 6 265 9 266 6 279 9 280 6 281 9 282 6 283 9 284 6 267 9 268 6 285 9 286 6 287 9 288 6 289 9 290 6 291 9 292 6 289 9 290 6 293 9 294 6 295 9 296 6 297 9 298 6 299 9 300 6 301 9 302 6 303 9 304 6 305 9 306 6 307 9 308 6 309 9 310 6 311 9 312 6 313 9 314 6 315 9 316 6 317 9 318 6 319 9 320 6 321 9 322 6 323 9 324 6 325 9 326 6 327 9 328 6 329 9 330 6 331 9 332 6 333 9 334 6 335 9 336 6 337 9 338 6 339 9 340 6 341 9 342 6 321 9 322 6 343 9 344 6 345 9 346 6 339 9 340 6 323 9 324 6 341 9 342 6 347 9 348 6 349 9 350 6 341 9 342 6 349 9 350 6 333 9 334 6 339 9 340 6 351 9 352 6 347 9 348 6 353 9 354 6 355 9 356 6 357 9 358 6 357 9 358 6 359 9 360 6 361 9 362 6 363 9 364 6 365 9 366 6 349 9 350 6 341 9 342 6 359 9 360 6 365 9 366 6 367 9 368 6 341 9 342 6 349 9 350 6 341 9 342 6 359 9 360 6 367 9 368 6 369 9 370 6 371 9 372 6 373 9 374 6 375 9 376 6 377 9 378 6 379 9 380 6 381 9 382 6 383 9 384 6 385 9 386 6 387 9 388 6 384 9 383 6 389 9 390 6 391 9 392 6 393 9 394 6 395 9 396 6 397 9 398 6 399 9 400 6 401 9 402 6 403 9 404 6 405 9 406 6 407 9 408 6 409 9 410 6 411 9 412 6 413 9 414 6 415 9 416 6 417 9 418 6 419 9 420 6 421 9 422 6 423 9 424 6 425 9 426 6 423 9 424 6 427 9 428 6 429 6 430 9 431 6 429 6 429 6 432 9 433 6 434 9 435 6 429 6 429 6 436 9 437 6 438 9 439 6 440 9 441 6 442 9 443 6 444 9 445 6 446 9 447 6 448 9 449 6 450 9 451 6 452 9 453 6 440 9 441 6 454 9 455 6 456 9 457 6 458 9 459 6 446 9 447 6 460 9 461 6 462 9 463 6 464 9 465 6 466 9 467 6 468 9 469 6 470 9 471 6 472 9 473 6 474 9 475 6 476 9 477 6 478 9 479 6 480 9 481 6 482 9 483 6 472 9 473 6 478 9 479 6 484 9 485 6 486 9 487 6 488 9 489 6 468 9 469 6 490 9 491 6 492 9 493 6 494 9 495 6 496 9 497 6 498 8 499 6 498 8 499 6 500 8 501 6 502 8 503 6 504 8 505 6 478 8 479 6 506 8 507 6 508 8 509 6 510 8 511 6 482 8 483 6 512 8 513 6 484 8 485 6 514 8 515 6 516 8 517 6 518 8 519 6 520 8 521 6 522 8 523 6 524 8 525 6 526 8 527 6 528 8 529 6 530 8 531 6 502 8 503 6 532 8 533 6 534 8 535 6 536 8 537 6 538 8 539 6 540 8 541 6 542 8 543 6 544 8 545 6 546 8 547 6 548 8 549 6 550 8 551 6 552 8 553 6 554 8 555 6 556 8 557 6 558 8 559 6 560 8 561 6 562 8 563 6 564 8 565 6 554 8 555 6 566 8 567 6 544 8 545 6 556 8 557 6 568 8 569 6 542 8 543 6 556 8 557 6 570 8 571 6 572 8 573 6 574 8 575 6 558 8 559 6 576 8 577 6 578 8 579 6 580 8 581 6 582 8 583 6 580 8 581 6 584 8 585 6 586 8 587 6 588 8 589 6 590 8 591 6 592 8 593 6 594 8 595 6 596 8 597 6 598 8 599 6 600 8 601 6 602 8 603 6 604 8 605 6 606 8 607 6 608 8 609 6 610 8 611 6 612 8 613 6 614 8 615 6 616 8 617 6 618 8 619 6 620 8 621 6 622 8 623 6 624 8 625 6 626 8 627 6 628 8 629 6 630 8 631 6 632 8 633 6 612 8 613 6 634 8 635 6 636 8 637 6 630 8 631 6 614 8 615 6 632 8 633 6 638 8 639 6 640 8 641 6 632 8 633 6 640 8 641 6 624 8 625 6 630 8 631 6 642 8 643 6 638 8 639 6 644 8 645 6 646 8 647 6 648 8 649 6 648 8 649 6 650 8 651 6 652 8 653 6 654 8 655 6 656 8 657 6 640 8 641 6 632 8 633 6 650 8 651 6 656 8 657 6 658 8 659 6 632 8 633 6 640 8 641 6 632 8 633 6 650 8 651 6 658 8 659 6 660 8 661 6 662 8 663 6 664 8 665 6 666 8 667 6 668 8 669 6 670 8 671 6 672 8 673 6 674 8 675 6 676 8 677 6 678 8 679 6 675 8 674 6 680 8 681 6 682 8 683 6 684 8 685 6 686 8 687 6 688 8 689 6 690 8 691 6 692 8 693 6 694 8 695 6 696 8 697 6 698 8 699 6 700 8 701 6 702 8 703 6 704 8 705 6 706 8 707 6 708 8 709 6 710 8 711 6 712 8 713 6 714 8 715 6 716 8 717 6 714 8 715 6 718 8 719 6 720 6 721 8 722 6 720 6 720 6 723 8 724 6 725 8 726 6 720 6 720 6 727 8 728 6 729 8 730 6 731 8 732 6 733 8 734 6 735 8 736 6 737 8 738 6 739 8 740 6 741 8 742 6 743 8 744 6 731 8 732 6 745 8 746 6 747 8 748 6 749 8 750 6 737 8 738 6 751 8 752 6 753 8 754 6 755 8 756 6 757 8 758 6 759 8 760 6 761 8 762 6 763 8 764 6 765 8 766 6 767 8 768 6 769 8 770 6 771 8 772 6 773 8 774 6 763 8 764 6 769 8 770 6 775 8 776 6 777 8 778 6 779 8 780 6 759 8 760 6 781 8 782 6 783 8 784 6 785 8 786 6 787 8 788 6 789 6 789 6 789 6 789 6 789 6 789 6 789 6 789 6 783 9 784 6 783 9 784 6 789 6 789 6 789 6 789 6 790 9 791 6 792 9 793 6 789 6 789 6 789 6 789 6 789 6 789 6 789 6 789 6 789 6 789 6 789 6 789 6 789 6 789 6 789 6 789 6 789 6 789 6 789 6 789 6 783 8 784 6 783 8 784 6 789 6 789 6 789 6 790 8 791 6 792 8 793 6 789 6 789 6 789 6 789 6 789 6 789 6 789 6 789 6 789 6 789 6 789 6 789 6 789 6 789 6 789 6 789 6 789 6 789 6 789 6 789 6 789 6 789 6 789 6 789 6 789 6 789 6 789 6 789 6 789 6 789 6 789 6 789 6 789 6 789 6 789 6 789 6 789 6 789 6 789 6 789 6 789 6 789 6 789 6 783 9 784 6 789 6 789 6 789 6 789 6 789 6 789 6 789 6 789 6 789 6 789 6 789 6 789 6 789 6 789 6 789 6 789 6 789 6 789 6 789 6 789 6 789 6 789 6 789 6 789 6 789 6 789 6 789 6 789 6 789 6 789 6 789 6 789 6 789 6 789 6 789 6 789 6 789 6 789 6 789 6 789 6 789 6 789 6 789 6 789 6 789 6 789 6 789 6 789 6 789 6 789 6 789 6 789 6 789 6 789 6 789 6 789 6 789 6 789 6 789 6 789 6 789 6 789 6 789 6 789 6 789 6 789 6 789 6 789 6 789 6 789 6 789 6 789 6 789 6 789 6 789 6 789 6 789 6 789 6 789 6 789 6 789 6 789 6 789 6 789 6 789 6 789 6 789 6 789 6 789 6 789 6 789 6 789 6 789 6 789 6 789 6 789 6 789 6 789 6 789 6 789 6 789 6 789 6 789 6 789 6 789 6 789 6 789 6 789 6 789 6 789 6 789 6 789 6 789 6 789 6 789 6 789 6 789 6 789 6 789 6 789 6 789 6 789 6 789 6 789 6 789 6 789 6 789 6 789 6 789 6 789 6 789 6 789 6 789 6 789 6 789 6 789 6 789 6 789 6 789 6 789 6 789 6 789 6 789 6 789 6 789 6 789 6 789 6 789 6 789 6 789 6 789 6 789 6 789 6 789 6 789 6 789 6 789 6 789 6 789 6 789 6 789 6 789 6 789 6 789 6 789 6 789 6 789 6 789 6 789 6 789 6 789 6 789 6 789 6 789 6 789 6 789 6 789 6 789 6 789 6 789 6 789 6 789 6 789 6 789 6 789 6 789 6 789 6 789 6 789 6 789 6 789 6 789 6 789 6 789 6 789 6 789 6 789 6 789 6 789 6 789 6 789 6 789 6 789 6 789 6 789 6 789 6 789 6 789 6 789 6 789 6 789 6 789 6 789 6 789 6 789 6 789 6 789 6 789 6 789 6 789 6 789 6 789 6 789 6 789 6 789 6 789 6 789 6 789 6 789 6 789 6 789 6 789 6 789 6 789 6 789 6 789 6 789 6 789 6 789 6 789 6 789 6 789 6 789 6 789 6 789 6 789 6 789 6 789 6 789 6 789 6 789 6 789 6 789 6 789 6 789 6 789 6 789 6 792 7 793 6 789 6 794 7 795 6 789 6 789 6 789 6 789 6 789 6 794 7 795 6 796 7 797 6 798 7 799 6 789 6 789 6 789 6 790 7 791 6 798 7 799 6 800 7 801 6 781 7 782 6 802 7 803 6 804 7 805 6 785 7 786 6 806 7 807 6 789 6 789 6 789 6 789 6 806 7 807 6 789 6 789 6 789 6 789 6 789 6 789 6 808 7 809 6 794 7 795 6 806 7 807 6 785 9 786 6 810 9 811 6 812 9 813 6 814 9 815 6 802 9 803 6 816 9 817 6 814 9 815 6 818 9 819 6 820 9 821 6 822 9 823 6 824 9 825 6 826 9 827 6 828 9 829 6 830 9 831 6 832 9 833 6 834 9 835 6 836 9 837 6 838 9 839 6 820 9 821 6 840 9 841 6 824 9 825 6 830 9 831 6 842 9 843 6 844 9 845 6 846 9 847 6 848 9 849 6 844 9 845 6 850 9 851 6 852 9 853 6 854 9 855 6 854 9 855 6 856 9 857 6 858 9 859 6 860 9 861 6 858 9 859 6 862 9 863 6 864 9 865 6 866 9 867 6 868 9 869 6 870 9 871 6 872 9 873 6 874 9 875 6 876 9 877 6 878 9 879 6 880 9 881 6 882 9 883 6 866 9 867 6 872 9 873 6 884 9 885 6 886 9 887 6 858 9 859 6 888 9 889 6 876 9 877 6 890 9 891 6 892 9 893 6 894 9 895 6 896 9 897 6 898 9 899 6 900 9 901 6 902 9 903 6 904 9 905 6 898 9 899 6 900 9 901 6 888 9 889 6 906 9 907 6 888 9 889 6 908 9 909 6 910 9 911 6 888 9 889 6 912 9 913 6 888 9 889 6 914 9 915 6 916 9 917 6 888 9 889 6 918 9 919 6 920 9 921 6 922 9 923 6 914 9 915 6 914 8 915 6 924 8 925 6 906 8 907 6 926 8 927 6 928 8 929 6 930 8 931 6 926 8 927 6 932 8 933 6 934 8 935 6 936 8 937 6 938 8 939 6 940 8 941 6 942 8 943 6 944 8 945 6 946 8 947 6 948 8 949 6 950 8 951 6 952 8 953 6 934 8 935 6 954 8 955 6 938 8 939 6 944 8 945 6 956 8 957 6 958 8 959 6 960 8 961 6 962 8 963 6 958 8 959 6 964 8 965 6 966 8 967 6 968 8 969 6 968 8 969 6 970 8 971 6 972 8 973 6 972 8 973 6 974 8 975 6 976 8 977 6 978 8 979 6 950 8 951 6 980 8 981 6 982 8 983 6 984 8 985 6 986 8 987 6 988 8 989 6 990 8 991 6 976 8 977 6 980 8 981 6 992 8 993 6 994 8 995 6 972 8 973 6 968 8 969 6 984 8 985 6 996 8 997 6 998 8 999 6 1000 8 1001 6 1002 8 1003 6 1004 8 1005 6 1006 8 1007 6 1008 8 1009 6 1010 8 1011 6 1004 8 1005 6 1006 8 1007 6 1012 8 1013 6 1014 8 1015 6 1016 8 1017 6 1018 8 1019 6 1016 8 1017 6 1020 8 1021 6 1022 8 1023 6 1016 8 1017 6 1024 8 1025 6 1026 8 1027 6 1016 8 1017 6 1020 8 1021 6 1028 7 1029 6 1030 7 1031 6 1032 7 1033 6 1030 7 1031 6 1028 7 1029 6 1034 7 1035 6 1036 7 1037 6 1038 7 1039 6 1030 7 1031 6 1040 7 1041 6 1028 7 1029 6 1042 6 1042 6 1042 6 1043 9 1044 6 1028 9 1029 6 1045 9 1046 6 1047 9 1048 6 1049 9 1050 6 1051 9 1052 6 1049 9 1050 6 1049 9 1050 6 1053 9 1054 6 1055 9 1056 6 1045 8 1046 6 1028 8 1029 6 1043 8 1044 6 1047 8 1048 6 1049 8 1050 6 1051 8 1052 6 1049 8 1050 6 1049 8 1050 6 1053 8 1054 6 1055 8 1056 6 1034 7 1035 6 1057 7 1058 6 1028 7 1029 6 1028 7 1029 6 1034 7 1035 6 1038 7 1039 6 1038 7 1039 6 1030 7 1031 6 1059 8 1060 6 1061 8 1062 6 1063 8 1064 6 1061 8 1062 6 1065 8 1066 6 1042 6 1042 6 1042 6 1067 7 1068 6 1069 7 1070 6 1071 7 1072 6 1073 7 1074</v>
				</vertex_weights>
			</skin>
		</controller>
	</library_controllers>
	<library_animations>
		<animation id="Waist_rotation_X" name="Waist_rotation_X">
			<source id="Waist_rotation_X_input">
				<float_array id="Waist_rotation_X_input_array" count="8">0 0.033333335 0.3 0.43333334 0.6666667 1 1.3 1.3333334</float_array>
				<technique_common>
					<accessor source="#Waist_rotation_X_input_array" count="8" stride="1">
						<param name="TIME" type="float" />
					</accessor>
				</technique_common>
			</source>
			<source id="Waist_rotation_X_output">
				<float_array id="Waist_rotation_X_output_array" count="8">0.065848485 0.07654083 0.100388005 0.10023643 0.06580128 -0.06245713 0.052514747 0.065848485</float_array>
				<technique_common>
					<accessor source="#Waist_rotation_X_output_array" count="8" stride="1">
						<param name="VALUE" type="float" />
					</accessor>
				</technique_common>
			</source>
			<source id="Waist_rotation_X_interpolation">
				<Name_array id="Waist_rotation_X_interpolation_array" count="8">HERMITE HERMITE HERMITE HERMITE HERMITE HERMITE HERMITE HERMITE</Name_array>
				<technique_common>
					<accessor source="#Waist_rotation_X_interpolation_array" count="8" stride="1">
						<param name="INTERPOLATION" type="Name" />
					</accessor>
				</technique_common>
			</source>
			<sampler id="Waist_rotation_X_sampler">
				<input semantic="INPUT" source="#Waist_rotation_X_input" />
				<input semantic="OUTPUT" source="#Waist_rotation_X_output" />
				<input semantic="INTERPOLATION" source="#Waist_rotation_X_interpolation" />
			</sampler>
			<channel source="#Waist_rotation_X_sampler" target="Waist_bone_id/rotation.X" />
		</animation>
		<animation id="Waist_rotation_Y" name="Waist_rotation_Y">
			<source id="Waist_rotation_Y_input">
				<float_array id="Waist_rotation_Y_input_array" count="8">0 0.033333335 0.3 0.4 0.6666667 1 1.3 1.3333334</float_array>
				<technique_common>
					<accessor source="#Waist_rotation_Y_input_array" count="8" stride="1">
						<param name="TIME" type="float" />
					</accessor>
				</technique_common>
			</source>
			<source id="Waist_rotation_Y_output">
				<float_array id="Waist_rotation_Y_output_array" count="8">-0.0657644 -0.05235758 0.05967406 0.05280512 -0.06580854 -0.10103852 -0.0765595 -0.0657644</float_array>
				<technique_common>
					<accessor source="#Waist_rotation_Y_output_array" count="8" stride="1">
						<param name="VALUE" type="float" />
					</accessor>
				</technique_common>
			</source>
			<source id="Waist_rotation_Y_interpolation">
				<Name_array id="Waist_rotation_Y_interpolation_array" count="8">HERMITE HERMITE HERMITE HERMITE HERMITE HERMITE HERMITE HERMITE</Name_array>
				<technique_common>
					<accessor source="#Waist_rotation_Y_interpolation_array" count="8" stride="1">
						<param name="INTERPOLATION" type="Name" />
					</accessor>
				</technique_common>
			</source>
			<sampler id="Waist_rotation_Y_sampler">
				<input semantic="INPUT" source="#Waist_rotation_Y_input" />
				<input semantic="OUTPUT" source="#Waist_rotation_Y_output" />
				<input semantic="INTERPOLATION" source="#Waist_rotation_Y_interpolation" />
			</sampler>
			<channel source="#Waist_rotation_Y_sampler" target="Waist_bone_id/rotation.Y" />
		</animation>
		<animation id="Waist_rotation_Z" name="Waist_rotation_Z">
			<source id="Waist_rotation_Z_input">
				<float_array id="Waist_rotation_Z_input_array" count="7">0 0.23333333 0.5 0.73333335 1 1.2666667 1.3333334</float_array>
				<technique_common>
					<accessor source="#Waist_rotation_Z_input_array" count="7" stride="1">
						<param name="TIME" type="float" />
					</accessor>
				</technique_common>
			</source>
			<source id="Waist_rotation_Z_output">
				<float_array id="Waist_rotation_Z_output_array" count="7">1.571102 1.548552 1.5532173 1.579087 1.5950798 1.5792006 1.571102</float_array>
				<technique_common>
					<accessor source="#Waist_rotation_Z_output_array" count="7" stride="1">
						<param name="VALUE" type="float" />
					</accessor>
				</technique_common>
			</source>
			<source id="Waist_rotation_Z_interpolation">
				<Name_array id="Waist_rotation_Z_interpolation_array" count="7">HERMITE HERMITE HERMITE HERMITE HERMITE HERMITE HERMITE</Name_array>
				<technique_common>
					<accessor source="#Waist_rotation_Z_interpolation_array" count="7" stride="1">
						<param name="INTERPOLATION" type="Name" />
					</accessor>
				</technique_common>
			</source>
			<sampler id="Waist_rotation_Z_sampler">
				<input semantic="INPUT" source="#Waist_rotation_Z_input" />
				<input semantic="OUTPUT" source="#Waist_rotation_Z_output" />
				<input semantic="INTERPOLATION" source="#Waist_rotation_Z_interpolation" />
			</sampler>
			<channel source="#Waist_rotation_Z_sampler" target="Waist_bone_id/rotation.Z" />
		</animation>
		<animation id="Waist_translation_X" name="Waist_translation_X">
			<source id="Waist_translation_X_input">
				<float_array id="Waist_translation_X_input_array" count="4">0 0.56666666 1.2 1.3333334</float_array>
				<technique_common>
					<accessor source="#Waist_translation_X_input_array" count="4" stride="1">
						<param name="TIME" type="float" />
					</accessor>
				</technique_common>
			</source>
			<source id="Waist_translation_X_output">
				<float_array id="Waist_translation_X_output_array" count="4">-0.27500582 0.3776 -0.39419997 -0.27500582</float_array>
				<technique_common>
					<accessor source="#Waist_translation_X_output_array" count="4" stride="1">
						<param name="VALUE" type="float" />
					</accessor>
				</technique_common>
			</source>
			<source id="Waist_translation_X_interpolation">
				<Name_array id="Waist_translation_X_interpolation_array" count="4">HERMITE HERMITE HERMITE HERMITE</Name_array>
				<technique_common>
					<accessor source="#Waist_translation_X_interpolation_array" count="4" stride="1">
						<param name="INTERPOLATION" type="Name" />
					</accessor>
				</technique_common>
			</source>
			<sampler id="Waist_translation_X_sampler">
				<input semantic="INPUT" source="#Waist_translation_X_input" />
				<input semantic="OUTPUT" source="#Waist_translation_X_output" />
				<input semantic="INTERPOLATION" source="#Waist_translation_X_interpolation" />
			</sampler>
			<channel source="#Waist_translation_X_sampler" target="Waist_bone_id/translation.X" />
		</animation>
		<animation id="Waist_translation_Y" name="Waist_translation_Y">
			<source id="Waist_translation_Y_input">
				<float_array id="Waist_translation_Y_input_array" count="12">0 0.033333335 0.23333333 0.43333334 0.5 0.6333333 0.8 0.9 1.1 1.1666666 1.3 1.3333334</float_array>
				<technique_common>
					<accessor source="#Waist_translation_Y_input_array" count="12" stride="1">
						<param name="TIME" type="float" />
					</accessor>
				</technique_common>
			</source>
			<source id="Waist_translation_Y_output">
				<float_array id="Waist_translation_Y_output_array" count="12">12.470096 12.514724 13.588287 13.652748 13.407194 12.536469 13.011732 13.59408 13.652748 13.407194 12.536469 12.470096</float_array>
				<technique_common>
					<accessor source="#Waist_translation_Y_output_array" count="12" stride="1">
						<param name="VALUE" type="float" />
					</accessor>
				</technique_common>
			</source>
			<source id="Waist_translation_Y_interpolation">
				<Name_array id="Waist_translation_Y_interpolation_array" count="12">HERMITE HERMITE HERMITE HERMITE HERMITE HERMITE HERMITE HERMITE HERMITE HERMITE HERMITE HERMITE</Name_array>
				<technique_common>
					<accessor source="#Waist_translation_Y_interpolation_array" count="12" stride="1">
						<param name="INTERPOLATION" type="Name" />
					</accessor>
				</technique_common>
			</source>
			<sampler id="Waist_translation_Y_sampler">
				<input semantic="INPUT" source="#Waist_translation_Y_input" />
				<input semantic="OUTPUT" source="#Waist_translation_Y_output" />
				<input semantic="INTERPOLATION" source="#Waist_translation_Y_interpolation" />
			</sampler>
			<channel source="#Waist_translation_Y_sampler" target="Waist_bone_id/translation.Y" />
		</animation>
		<animation id="Waist_translation_Z" name="Waist_translation_Z">
			<source id="Waist_translation_Z_input">
				<float_array id="Waist_translation_Z_input_array" count="7">0 0.13333334 0.36666667 0.7 1.0333333 1.3 1.3333334</float_array>
				<technique_common>
					<accessor source="#Waist_translation_Z_input_array" count="7" stride="1">
						<param name="TIME" type="float" />
					</accessor>
				</technique_common>
			</source>
			<source id="Waist_translation_Z_output">
				<float_array id="Waist_translation_Z_output_array" count="7">0.13 0.27310282 0.5188 0.14119501 0.5188 0.14119501 0.13</float_array>
				<technique_common>
					<accessor source="#Waist_translation_Z_output_array" count="7" stride="1">
						<param name="VALUE" type="float" />
					</accessor>
				</technique_common>
			</source>
			<source id="Waist_translation_Z_interpolation">
				<Name_array id="Waist_translation_Z_interpolation_array" count="7">HERMITE HERMITE HERMITE HERMITE HERMITE HERMITE HERMITE</Name_array>
				<technique_common>
					<accessor source="#Waist_translation_Z_interpolation_array" count="7" stride="1">
						<param name="INTERPOLATION" type="Name" />
					</accessor>
				</technique_common>
			</source>
			<sampler id="Waist_translation_Z_sampler">
				<input semantic="INPUT" source="#Waist_translation_Z_input" />
				<input semantic="OUTPUT" source="#Waist_translation_Z_output" />
				<input semantic="INTERPOLATION" source="#Waist_translation_Z_interpolation" />
			</sampler>
			<channel source="#Waist_translation_Z_sampler" target="Waist_bone_id/translation.Z" />
		</animation>
		<animation id="Spine2_rotation_X" name="Spine2_rotation_X">
			<source id="Spine2_rotation_X_input">
				<float_array id="Spine2_rotation_X_input_array" count="6">0 0.33333334 0.6333333 0.96666664 1.2 1.3333334</float_array>
				<technique_common>
					<accessor source="#Spine2_rotation_X_input_array" count="6" stride="1">
						<param name="TIME" type="float" />
					</accessor>
				</technique_common>
			</source>
			<source id="Spine2_rotation_X_output">
				<float_array id="Spine2_rotation_X_output_array" count="6">0.0057736114 0.064270414 0.0048847347 -0.06291612 -0.032543045 0.0057736114</float_array>
				<technique_common>
					<accessor source="#Spine2_rotation_X_output_array" count="6" stride="1">
						<param name="VALUE" type="float" />
					</accessor>
				</technique_common>
			</source>
			<source id="Spine2_rotation_X_interpolation">
				<Name_array id="Spine2_rotation_X_interpolation_array" count="6">HERMITE HERMITE HERMITE HERMITE HERMITE HERMITE</Name_array>
				<technique_common>
					<accessor source="#Spine2_rotation_X_interpolation_array" count="6" stride="1">
						<param name="INTERPOLATION" type="Name" />
					</accessor>
				</technique_common>
			</source>
			<sampler id="Spine2_rotation_X_sampler">
				<input semantic="INPUT" source="#Spine2_rotation_X_input" />
				<input semantic="OUTPUT" source="#Spine2_rotation_X_output" />
				<input semantic="INTERPOLATION" source="#Spine2_rotation_X_interpolation" />
			</sampler>
			<channel source="#Spine2_rotation_X_sampler" target="Spine2_bone_id/rotation.X" />
		</animation>
		<animation id="Spine2_rotation_Y" name="Spine2_rotation_Y">
			<source id="Spine2_rotation_Y_input">
				<float_array id="Spine2_rotation_Y_input_array" count="8">0 0.033333335 0.3 0.43333334 0.6666667 1 1.3 1.3333334</float_array>
				<technique_common>
					<accessor source="#Spine2_rotation_Y_input_array" count="8" stride="1">
						<param name="TIME" type="float" />
					</accessor>
				</technique_common>
			</source>
			<source id="Spine2_rotation_Y_output">
				<float_array id="Spine2_rotation_Y_output_array" count="8">-0.18493906 -0.18293117 -0.12369084 -0.1364036 -0.18496983 -0.12194933 -0.18343891 -0.18493906</float_array>
				<technique_common>
					<accessor source="#Spine2_rotation_Y_output_array" count="8" stride="1">
						<param name="VALUE" type="float" />
					</accessor>
				</technique_common>
			</source>
			<source id="Spine2_rotation_Y_interpolation">
				<Name_array id="Spine2_rotation_Y_interpolation_array" count="8">HERMITE HERMITE HERMITE HERMITE HERMITE HERMITE HERMITE HERMITE</Name_array>
				<technique_common>
					<accessor source="#Spine2_rotation_Y_interpolation_array" count="8" stride="1">
						<param name="INTERPOLATION" type="Name" />
					</accessor>
				</technique_common>
			</source>
			<sampler id="Spine2_rotation_Y_sampler">
				<input semantic="INPUT" source="#Spine2_rotation_Y_input" />
				<input semantic="OUTPUT" source="#Spine2_rotation_Y_output" />
				<input semantic="INTERPOLATION" source="#Spine2_rotation_Y_interpolation" />
			</sampler>
			<channel source="#Spine2_rotation_Y_sampler" target="Spine2_bone_id/rotation.Y" />
		</animation>
		<animation id="Spine2_rotation_Z" name="Spine2_rotation_Z">
			<source id="Spine2_rotation_Z_input">
				<float_array id="Spine2_rotation_Z_input_array" count="7">0 0.1 0.26666668 0.6666667 0.8666667 1.3 1.3333334</float_array>
				<technique_common>
					<accessor source="#Spine2_rotation_Z_input_array" count="7" stride="1">
						<param name="TIME" type="float" />
					</accessor>
				</technique_common>
			</source>
			<source id="Spine2_rotation_Z_output">
				<float_array id="Spine2_rotation_Z_output_array" count="7">0.05279275 0.07225131 0.06531715 -0.06375631 -0.0855921 0.043332018 0.05279275</float_array>
				<technique_common>
					<accessor source="#Spine2_rotation_Z_output_array" count="7" stride="1">
						<param name="VALUE" type="float" />
					</accessor>
				</technique_common>
			</source>
			<source id="Spine2_rotation_Z_interpolation">
				<Name_array id="Spine2_rotation_Z_interpolation_array" count="7">HERMITE HERMITE HERMITE HERMITE HERMITE HERMITE HERMITE</Name_array>
				<technique_common>
					<accessor source="#Spine2_rotation_Z_interpolation_array" count="7" stride="1">
						<param name="INTERPOLATION" type="Name" />
					</accessor>
				</technique_common>
			</source>
			<sampler id="Spine2_rotation_Z_sampler">
				<input semantic="INPUT" source="#Spine2_rotation_Z_input" />
				<input semantic="OUTPUT" source="#Spine2_rotation_Z_output" />
				<input semantic="INTERPOLATION" source="#Spine2_rotation_Z_interpolation" />
			</sampler>
			<channel source="#Spine2_rotation_Z_sampler" target="Spine2_bone_id/rotation.Z" />
		</animation>
		<animation id="Spine3_rotation_X" name="Spine3_rotation_X">
			<source id="Spine3_rotation_X_input">
				<float_array id="Spine3_rotation_X_input_array" count="6">0 0.23333333 0.5 0.76666665 1.1666666 1.3333334</float_array>
				<technique_common>
					<accessor source="#Spine3_rotation_X_input_array" count="6" stride="1">
						<param name="TIME" type="float" />
					</accessor>
				</technique_common>
			</source>
			<source id="Spine3_rotation_X_output">
				<float_array id="Spine3_rotation_X_output_array" count="6">0.006573409 0.057628963 0.041791905 -0.033979673 -0.04079509 0.006573409</float_array>
				<technique_common>
					<accessor source="#Spine3_rotation_X_output_array" count="6" stride="1">
						<param name="VALUE" type="float" />
					</accessor>
				</technique_common>
			</source>
			<source id="Spine3_rotation_X_interpolation">
				<Name_array id="Spine3_rotation_X_interpolation_array" count="6">HERMITE HERMITE HERMITE HERMITE HERMITE HERMITE</Name_array>
				<technique_common>
					<accessor source="#Spine3_rotation_X_interpolation_array" count="6" stride="1">
						<param name="INTERPOLATION" type="Name" />
					</accessor>
				</technique_common>
			</source>
			<sampler id="Spine3_rotation_X_sampler">
				<input semantic="INPUT" source="#Spine3_rotation_X_input" />
				<input semantic="OUTPUT" source="#Spine3_rotation_X_output" />
				<input semantic="INTERPOLATION" source="#Spine3_rotation_X_interpolation" />
			</sampler>
			<channel source="#Spine3_rotation_X_sampler" target="Spine3_bone_id/rotation.X" />
		</animation>
		<animation id="Spine3_rotation_Y" name="Spine3_rotation_Y">
			<source id="Spine3_rotation_Y_input">
				<float_array id="Spine3_rotation_Y_input_array" count="8">0 0.033333335 0.36666667 0.7 1.0333333 1.2333333 1.3 1.3333334</float_array>
				<technique_common>
					<accessor source="#Spine3_rotation_Y_input_array" count="8" stride="1">
						<param name="TIME" type="float" />
					</accessor>
				</technique_common>
			</source>
			<source id="Spine3_rotation_Y_output">
				<float_array id="Spine3_rotation_Y_output_array" count="8">-0.21841909 -0.22302778 -0.04669015 -0.22300892 -0.046404466 -0.16198555 -0.20530453 -0.21841909</float_array>
				<technique_common>
					<accessor source="#Spine3_rotation_Y_output_array" count="8" stride="1">
						<param name="VALUE" type="float" />
					</accessor>
				</technique_common>
			</source>
			<source id="Spine3_rotation_Y_interpolation">
				<Name_array id="Spine3_rotation_Y_interpolation_array" count="8">HERMITE HERMITE HERMITE HERMITE HERMITE HERMITE HERMITE HERMITE</Name_array>
				<technique_common>
					<accessor source="#Spine3_rotation_Y_interpolation_array" count="8" stride="1">
						<param name="INTERPOLATION" type="Name" />
					</accessor>
				</technique_common>
			</source>
			<sampler id="Spine3_rotation_Y_sampler">
				<input semantic="INPUT" source="#Spine3_rotation_Y_input" />
				<input semantic="OUTPUT" source="#Spine3_rotation_Y_output" />
				<input semantic="INTERPOLATION" source="#Spine3_rotation_Y_interpolation" />
			</sampler>
			<channel source="#Spine3_rotation_Y_sampler" target="Spine3_bone_id/rotation.Y" />
		</animation>
		<animation id="Spine3_rotation_Z" name="Spine3_rotation_Z">
			<source id="Spine3_rotation_Z_input">
				<float_array id="Spine3_rotation_Z_input_array" count="8">0 0.13333334 0.36666667 0.6333333 0.9 1.1333333 1.3 1.3333334</float_array>
				<technique_common>
					<accessor source="#Spine3_rotation_Z_input_array" count="8" stride="1">
						<param name="TIME" type="float" />
					</accessor>
				</technique_common>
			</source>
			<source id="Spine3_rotation_Z_output">
				<float_array id="Spine3_rotation_Z_output_array" count="8">0.05272609 0.07477297 0.041404717 -0.054353613 -0.08268587 -0.016201653 0.043564707 0.05272609</float_array>
				<technique_common>
					<accessor source="#Spine3_rotation_Z_output_array" count="8" stride="1">
						<param name="VALUE" type="float" />
					</accessor>
				</technique_common>
			</source>
			<source id="Spine3_rotation_Z_interpolation">
				<Name_array id="Spine3_rotation_Z_interpolation_array" count="8">HERMITE HERMITE HERMITE HERMITE HERMITE HERMITE HERMITE HERMITE</Name_array>
				<technique_common>
					<accessor source="#Spine3_rotation_Z_interpolation_array" count="8" stride="1">
						<param name="INTERPOLATION" type="Name" />
					</accessor>
				</technique_common>
			</source>
			<sampler id="Spine3_rotation_Z_sampler">
				<input semantic="INPUT" source="#Spine3_rotation_Z_input" />
				<input semantic="OUTPUT" source="#Spine3_rotation_Z_output" />
				<input semantic="INTERPOLATION" source="#Spine3_rotation_Z_interpolation" />
			</sampler>
			<channel source="#Spine3_rotation_Z_sampler" target="Spine3_bone_id/rotation.Z" />
		</animation>
		<animation id="Head_rotation_X" name="Head_rotation_X">
			<source id="Head_rotation_X_input">
				<float_array id="Head_rotation_X_input_array" count="8">0 0.2 0.36666667 0.6 0.8 1 1.2666667 1.3333334</float_array>
				<technique_common>
					<accessor source="#Head_rotation_X_input_array" count="8" stride="1">
						<param name="TIME" type="float" />
					</accessor>
				</technique_common>
			</source>
			<source id="Head_rotation_X_output">
				<float_array id="Head_rotation_X_output_array" count="8">0.037068225 -0.06929281 -0.109618686 -0.04787265 0.055937506 0.12919533 0.06837491 0.037068225</float_array>
				<technique_common>
					<accessor source="#Head_rotation_X_output_array" count="8" stride="1">
						<param name="VALUE" type="float" />
					</accessor>
				</technique_common>
			</source>
			<source id="Head_rotation_X_interpolation">
				<Name_array id="Head_rotation_X_interpolation_array" count="8">HERMITE HERMITE HERMITE HERMITE HERMITE HERMITE HERMITE HERMITE</Name_array>
				<technique_common>
					<accessor source="#Head_rotation_X_interpolation_array" count="8" stride="1">
						<param name="INTERPOLATION" type="Name" />
					</accessor>
				</technique_common>
			</source>
			<sampler id="Head_rotation_X_sampler">
				<input semantic="INPUT" source="#Head_rotation_X_input" />
				<input semantic="OUTPUT" source="#Head_rotation_X_output" />
				<input semantic="INTERPOLATION" source="#Head_rotation_X_interpolation" />
			</sampler>
			<channel source="#Head_rotation_X_sampler" target="Head_bone_id/rotation.X" />
		</animation>
		<animation id="Head_rotation_Y" name="Head_rotation_Y">
			<source id="Head_rotation_Y_input">
				<float_array id="Head_rotation_Y_input_array" count="9">0 0.06666667 0.3 0.43333334 0.73333335 0.96666664 1.1 1.3 1.3333334</float_array>
				<technique_common>
					<accessor source="#Head_rotation_Y_input_array" count="9" stride="1">
						<param name="TIME" type="float" />
					</accessor>
				</technique_common>
			</source>
			<source id="Head_rotation_Y_output">
				<float_array id="Head_rotation_Y_output_array" count="9">0.434209 0.4511904 0.338632 0.3083192 0.45240417 0.33884162 0.30778074 0.4171327 0.434209</float_array>
				<technique_common>
					<accessor source="#Head_rotation_Y_output_array" count="9" stride="1">
						<param name="VALUE" type="float" />
					</accessor>
				</technique_common>
			</source>
			<source id="Head_rotation_Y_interpolation">
				<Name_array id="Head_rotation_Y_interpolation_array" count="9">HERMITE HERMITE HERMITE HERMITE HERMITE HERMITE HERMITE HERMITE HERMITE</Name_array>
				<technique_common>
					<accessor source="#Head_rotation_Y_interpolation_array" count="9" stride="1">
						<param name="INTERPOLATION" type="Name" />
					</accessor>
				</technique_common>
			</source>
			<sampler id="Head_rotation_Y_sampler">
				<input semantic="INPUT" source="#Head_rotation_Y_input" />
				<input semantic="OUTPUT" source="#Head_rotation_Y_output" />
				<input semantic="INTERPOLATION" source="#Head_rotation_Y_interpolation" />
			</sampler>
			<channel source="#Head_rotation_Y_sampler" target="Head_bone_id/rotation.Y" />
		</animation>
		<animation id="Head_rotation_Z" name="Head_rotation_Z">
			<source id="Head_rotation_Z_input">
				<float_array id="Head_rotation_Z_input_array" count="7">0 0.1 0.5 0.76666665 1.1666666 1.3 1.3333334</float_array>
				<technique_common>
					<accessor source="#Head_rotation_Z_input_array" count="7" stride="1">
						<param name="TIME" type="float" />
					</accessor>
				</technique_common>
			</source>
			<source id="Head_rotation_Z_output">
				<float_array id="Head_rotation_Z_output_array" count="7">-0.11755444 -0.11429289 0.07324833 0.12179911 -0.066808596 -0.1122293 -0.11755444</float_array>
				<technique_common>
					<accessor source="#Head_rotation_Z_output_array" count="7" stride="1">
						<param name="VALUE" type="float" />
					</accessor>
				</technique_common>
			</source>
			<source id="Head_rotation_Z_interpolation">
				<Name_array id="Head_rotation_Z_interpolation_array" count="7">HERMITE HERMITE HERMITE HERMITE HERMITE HERMITE HERMITE</Name_array>
				<technique_common>
					<accessor source="#Head_rotation_Z_interpolation_array" count="7" stride="1">
						<param name="INTERPOLATION" type="Name" />
					</accessor>
				</technique_common>
			</source>
			<sampler id="Head_rotation_Z_sampler">
				<input semantic="INPUT" source="#Head_rotation_Z_input" />
				<input semantic="OUTPUT" source="#Head_rotation_Z_output" />
				<input semantic="INTERPOLATION" source="#Head_rotation_Z_interpolation" />
			</sampler>
			<channel source="#Head_rotation_Z_sampler" target="Head_bone_id/rotation.Z" />
		</animation>
		<animation id="Feeler_rotation_X" name="Feeler_rotation_X">
			<source id="Feeler_rotation_X_input">
				<float_array id="Feeler_rotation_X_input_array" count="8">0 0.16666667 0.5 0.7 0.9 1.1 1.2333333 1.3333334</float_array>
				<technique_common>
					<accessor source="#Feeler_rotation_X_input_array" count="8" stride="1">
						<param name="TIME" type="float" />
					</accessor>
				</technique_common>
			</source>
			<source id="Feeler_rotation_X_output">
				<float_array id="Feeler_rotation_X_output_array" count="8">0.7752033 0.8220772 0.7488498 0.7342436 0.7232374 0.71580213 0.73558146 0.7752033</float_array>
				<technique_common>
					<accessor source="#Feeler_rotation_X_output_array" count="8" stride="1">
						<param name="VALUE" type="float" />
					</accessor>
				</technique_common>
			</source>
			<source id="Feeler_rotation_X_interpolation">
				<Name_array id="Feeler_rotation_X_interpolation_array" count="8">HERMITE HERMITE HERMITE HERMITE HERMITE HERMITE HERMITE HERMITE</Name_array>
				<technique_common>
					<accessor source="#Feeler_rotation_X_interpolation_array" count="8" stride="1">
						<param name="INTERPOLATION" type="Name" />
					</accessor>
				</technique_common>
			</source>
			<sampler id="Feeler_rotation_X_sampler">
				<input semantic="INPUT" source="#Feeler_rotation_X_input" />
				<input semantic="OUTPUT" source="#Feeler_rotation_X_output" />
				<input semantic="INTERPOLATION" source="#Feeler_rotation_X_interpolation" />
			</sampler>
			<channel source="#Feeler_rotation_X_sampler" target="Feeler_bone_id/rotation.X" />
		</animation>
		<animation id="Feeler_rotation_Y" name="Feeler_rotation_Y">
			<source id="Feeler_rotation_Y_input">
				<float_array id="Feeler_rotation_Y_input_array" count="6">0 0.16666667 0.5 0.8333333 1.1666666 1.3333334</float_array>
				<technique_common>
					<accessor source="#Feeler_rotation_Y_input_array" count="6" stride="1">
						<param name="TIME" type="float" />
					</accessor>
				</technique_common>
			</source>
			<source id="Feeler_rotation_Y_output">
				<float_array id="Feeler_rotation_Y_output_array" count="6">0.76480293 0.5993152 0.9705113 0.67310697 0.95215404 0.76480293</float_array>
				<technique_common>
					<accessor source="#Feeler_rotation_Y_output_array" count="6" stride="1">
						<param name="VALUE" type="float" />
					</accessor>
				</technique_common>
			</source>
			<source id="Feeler_rotation_Y_interpolation">
				<Name_array id="Feeler_rotation_Y_interpolation_array" count="6">HERMITE HERMITE HERMITE HERMITE HERMITE HERMITE</Name_array>
				<technique_common>
					<accessor source="#Feeler_rotation_Y_interpolation_array" count="6" stride="1">
						<param name="INTERPOLATION" type="Name" />
					</accessor>
				</technique_common>
			</source>
			<sampler id="Feeler_rotation_Y_sampler">
				<input semantic="INPUT" source="#Feeler_rotation_Y_input" />
				<input semantic="OUTPUT" source="#Feeler_rotation_Y_output" />
				<input semantic="INTERPOLATION" source="#Feeler_rotation_Y_interpolation" />
			</sampler>
			<channel source="#Feeler_rotation_Y_sampler" target="Feeler_bone_id/rotation.Y" />
		</animation>
		<animation id="Feeler_rotation_Z" name="Feeler_rotation_Z">
			<source id="Feeler_rotation_Z_input">
				<float_array id="Feeler_rotation_Z_input_array" count="8">0 0.2 0.46666667 0.6 0.8333333 1.1333333 1.2666667 1.3333334</float_array>
				<technique_common>
					<accessor source="#Feeler_rotation_Z_input_array" count="8" stride="1">
						<param name="TIME" type="float" />
					</accessor>
				</technique_common>
			</source>
			<source id="Feeler_rotation_Z_output">
				<float_array id="Feeler_rotation_Z_output_array" count="8">0.42046744 0.36269373 0.39629406 0.30938596 0.16773508 0.4036137 0.43798518 0.42046744</float_array>
				<technique_common>
					<accessor source="#Feeler_rotation_Z_output_array" count="8" stride="1">
						<param name="VALUE" type="float" />
					</accessor>
				</technique_common>
			</source>
			<source id="Feeler_rotation_Z_interpolation">
				<Name_array id="Feeler_rotation_Z_interpolation_array" count="8">HERMITE HERMITE HERMITE HERMITE HERMITE HERMITE HERMITE HERMITE</Name_array>
				<technique_common>
					<accessor source="#Feeler_rotation_Z_interpolation_array" count="8" stride="1">
						<param name="INTERPOLATION" type="Name" />
					</accessor>
				</technique_common>
			</source>
			<sampler id="Feeler_rotation_Z_sampler">
				<input semantic="INPUT" source="#Feeler_rotation_Z_input" />
				<input semantic="OUTPUT" source="#Feeler_rotation_Z_output" />
				<input semantic="INTERPOLATION" source="#Feeler_rotation_Z_interpolation" />
			</sampler>
			<channel source="#Feeler_rotation_Z_sampler" target="Feeler_bone_id/rotation.Z" />
		</animation>
		<animation id="LEar_rotation_X" name="LEar_rotation_X">
			<source id="LEar_rotation_X_input">
				<float_array id="LEar_rotation_X_input_array" count="6">0 0.23333333 0.53333336 0.8666667 1.2 1.3333334</float_array>
				<technique_common>
					<accessor source="#LEar_rotation_X_input_array" count="6" stride="1">
						<param name="TIME" type="float" />
					</accessor>
				</technique_common>
			</source>
			<source id="LEar_rotation_X_output">
				<float_array id="LEar_rotation_X_output_array" count="6">0.0015205741 -0.06470184 0.07591481 -0.0699294 0.040447973 0.0015205741</float_array>
				<technique_common>
					<accessor source="#LEar_rotation_X_output_array" count="6" stride="1">
						<param name="VALUE" type="float" />
					</accessor>
				</technique_common>
			</source>
			<source id="LEar_rotation_X_interpolation">
				<Name_array id="LEar_rotation_X_interpolation_array" count="6">HERMITE HERMITE HERMITE HERMITE HERMITE HERMITE</Name_array>
				<technique_common>
					<accessor source="#LEar_rotation_X_interpolation_array" count="6" stride="1">
						<param name="INTERPOLATION" type="Name" />
					</accessor>
				</technique_common>
			</source>
			<sampler id="LEar_rotation_X_sampler">
				<input semantic="INPUT" source="#LEar_rotation_X_input" />
				<input semantic="OUTPUT" source="#LEar_rotation_X_output" />
				<input semantic="INTERPOLATION" source="#LEar_rotation_X_interpolation" />
			</sampler>
			<channel source="#LEar_rotation_X_sampler" target="LEar_bone_id/rotation.X" />
		</animation>
		<animation id="LEar_rotation_Y" name="LEar_rotation_Y">
			<source id="LEar_rotation_Y_input">
				<float_array id="LEar_rotation_Y_input_array" count="6">0 0.23333333 0.53333336 0.8333333 1.2 1.3333334</float_array>
				<technique_common>
					<accessor source="#LEar_rotation_Y_input_array" count="6" stride="1">
						<param name="TIME" type="float" />
					</accessor>
				</technique_common>
			</source>
			<source id="LEar_rotation_Y_output">
				<float_array id="LEar_rotation_Y_output_array" count="6">0.0014906973 -0.06500695 0.07801275 -0.0659582 0.03941779 0.0014906973</float_array>
				<technique_common>
					<accessor source="#LEar_rotation_Y_output_array" count="6" stride="1">
						<param name="VALUE" type="float" />
					</accessor>
				</technique_common>
			</source>
			<source id="LEar_rotation_Y_interpolation">
				<Name_array id="LEar_rotation_Y_interpolation_array" count="6">HERMITE HERMITE HERMITE HERMITE HERMITE HERMITE</Name_array>
				<technique_common>
					<accessor source="#LEar_rotation_Y_interpolation_array" count="6" stride="1">
						<param name="INTERPOLATION" type="Name" />
					</accessor>
				</technique_common>
			</source>
			<sampler id="LEar_rotation_Y_sampler">
				<input semantic="INPUT" source="#LEar_rotation_Y_input" />
				<input semantic="OUTPUT" source="#LEar_rotation_Y_output" />
				<input semantic="INTERPOLATION" source="#LEar_rotation_Y_interpolation" />
			</sampler>
			<channel source="#LEar_rotation_Y_sampler" target="LEar_bone_id/rotation.Y" />
		</animation>
		<animation id="LEar_rotation_Z" name="LEar_rotation_Z">
			<source id="LEar_rotation_Z_input">
				<float_array id="LEar_rotation_Z_input_array" count="4">0 0.6333333 1 1.3333334</float_array>
				<technique_common>
					<accessor source="#LEar_rotation_Z_input_array" count="4" stride="1">
						<param name="TIME" type="float" />
					</accessor>
				</technique_common>
			</source>
			<source id="LEar_rotation_Z_output">
				<float_array id="LEar_rotation_Z_output_array" count="4">-1.5910479 -1.5461941 -1.5848511 -1.5910479</float_array>
				<technique_common>
					<accessor source="#LEar_rotation_Z_output_array" count="4" stride="1">
						<param name="VALUE" type="float" />
					</accessor>
				</technique_common>
			</source>
			<source id="LEar_rotation_Z_interpolation">
				<Name_array id="LEar_rotation_Z_interpolation_array" count="4">HERMITE HERMITE HERMITE HERMITE</Name_array>
				<technique_common>
					<accessor source="#LEar_rotation_Z_interpolation_array" count="4" stride="1">
						<param name="INTERPOLATION" type="Name" />
					</accessor>
				</technique_common>
			</source>
			<sampler id="LEar_rotation_Z_sampler">
				<input semantic="INPUT" source="#LEar_rotation_Z_input" />
				<input semantic="OUTPUT" source="#LEar_rotation_Z_output" />
				<input semantic="INTERPOLATION" source="#LEar_rotation_Z_interpolation" />
			</sampler>
			<channel source="#LEar_rotation_Z_sampler" target="LEar_bone_id/rotation.Z" />
		</animation>
		<animation id="REar_rotation_X" name="REar_rotation_X">
			<source id="REar_rotation_X_input">
				<float_array id="REar_rotation_X_input_array" count="6">0 0.2 0.53333336 0.9 1.2 1.3333334</float_array>
				<technique_common>
					<accessor source="#REar_rotation_X_input_array" count="6" stride="1">
						<param name="TIME" type="float" />
					</accessor>
				</technique_common>
			</source>
			<source id="REar_rotation_X_output">
				<float_array id="REar_rotation_X_output_array" count="6">-0.023324557 0.058271453 -0.032226983 0.054606088 -0.06703363 -0.023324557</float_array>
				<technique_common>
					<accessor source="#REar_rotation_X_output_array" count="6" stride="1">
						<param name="VALUE" type="float" />
					</accessor>
				</technique_common>
			</source>
			<source id="REar_rotation_X_interpolation">
				<Name_array id="REar_rotation_X_interpolation_array" count="6">HERMITE HERMITE HERMITE HERMITE HERMITE HERMITE</Name_array>
				<technique_common>
					<accessor source="#REar_rotation_X_interpolation_array" count="6" stride="1">
						<param name="INTERPOLATION" type="Name" />
					</accessor>
				</technique_common>
			</source>
			<sampler id="REar_rotation_X_sampler">
				<input semantic="INPUT" source="#REar_rotation_X_input" />
				<input semantic="OUTPUT" source="#REar_rotation_X_output" />
				<input semantic="INTERPOLATION" source="#REar_rotation_X_interpolation" />
			</sampler>
			<channel source="#REar_rotation_X_sampler" target="REar_bone_id/rotation.X" />
		</animation>
		<animation id="REar_rotation_Y" name="REar_rotation_Y">
			<source id="REar_rotation_Y_input">
				<float_array id="REar_rotation_Y_input_array" count="6">0 0.2 0.53333336 0.9 1.2 1.3333334</float_array>
				<technique_common>
					<accessor source="#REar_rotation_Y_input_array" count="6" stride="1">
						<param name="TIME" type="float" />
					</accessor>
				</technique_common>
			</source>
			<source id="REar_rotation_Y_output">
				<float_array id="REar_rotation_Y_output_array" count="6">0.02360607 -0.05784162 0.031212345 -0.054402933 0.06819364 0.02360607</float_array>
				<technique_common>
					<accessor source="#REar_rotation_Y_output_array" count="6" stride="1">
						<param name="VALUE" type="float" />
					</accessor>
				</technique_common>
			</source>
			<source id="REar_rotation_Y_interpolation">
				<Name_array id="REar_rotation_Y_interpolation_array" count="6">HERMITE HERMITE HERMITE HERMITE HERMITE HERMITE</Name_array>
				<technique_common>
					<accessor source="#REar_rotation_Y_interpolation_array" count="6" stride="1">
						<param name="INTERPOLATION" type="Name" />
					</accessor>
				</technique_common>
			</source>
			<sampler id="REar_rotation_Y_sampler">
				<input semantic="INPUT" source="#REar_rotation_Y_input" />
				<input semantic="OUTPUT" source="#REar_rotation_Y_output" />
				<input semantic="INTERPOLATION" source="#REar_rotation_Y_interpolation" />
			</sampler>
			<channel source="#REar_rotation_Y_sampler" target="REar_bone_id/rotation.Y" />
		</animation>
		<animation id="REar_rotation_Z" name="REar_rotation_Z">
			<source id="REar_rotation_Z_input">
				<float_array id="REar_rotation_Z_input_array" count="5">0 0.33333334 0.73333335 1.2666667 1.3333334</float_array>
				<technique_common>
					<accessor source="#REar_rotation_Z_input_array" count="5" stride="1">
						<param name="TIME" type="float" />
					</accessor>
				</technique_common>
			</source>
			<source id="REar_rotation_Z_output">
				<float_array id="REar_rotation_Z_output_array" count="5">1.5586036 1.591909 1.5920613 1.5544257 1.5586036</float_array>
				<technique_common>
					<accessor source="#REar_rotation_Z_output_array" count="5" stride="1">
						<param name="VALUE" type="float" />
					</accessor>
				</technique_common>
			</source>
			<source id="REar_rotation_Z_interpolation">
				<Name_array id="REar_rotation_Z_interpolation_array" count="5">HERMITE HERMITE HERMITE HERMITE HERMITE</Name_array>
				<technique_common>
					<accessor source="#REar_rotation_Z_interpolation_array" count="5" stride="1">
						<param name="INTERPOLATION" type="Name" />
					</accessor>
				</technique_common>
			</source>
			<sampler id="REar_rotation_Z_sampler">
				<input semantic="INPUT" source="#REar_rotation_Z_input" />
				<input semantic="OUTPUT" source="#REar_rotation_Z_output" />
				<input semantic="INTERPOLATION" source="#REar_rotation_Z_interpolation" />
			</sampler>
			<channel source="#REar_rotation_Z_sampler" target="REar_bone_id/rotation.Z" />
		</animation>
		<animation id="LArm_rotation_X" name="LArm_rotation_X">
			<source id="LArm_rotation_X_input">
				<float_array id="LArm_rotation_X_input_array" count="4">0 0.4 0.8666667 1.3333334</float_array>
				<technique_common>
					<accessor source="#LArm_rotation_X_input_array" count="4" stride="1">
						<param name="TIME" type="float" />
					</accessor>
				</technique_common>
			</source>
			<source id="LArm_rotation_X_output">
				<float_array id="LArm_rotation_X_output_array" count="4">0.35582334 0.37006775 0.3460485 0.35582334</float_array>
				<technique_common>
					<accessor source="#LArm_rotation_X_output_array" count="4" stride="1">
						<param name="VALUE" type="float" />
					</accessor>
				</technique_common>
			</source>
			<source id="LArm_rotation_X_interpolation">
				<Name_array id="LArm_rotation_X_interpolation_array" count="4">HERMITE HERMITE HERMITE HERMITE</Name_array>
				<technique_common>
					<accessor source="#LArm_rotation_X_interpolation_array" count="4" stride="1">
						<param name="INTERPOLATION" type="Name" />
					</accessor>
				</technique_common>
			</source>
			<sampler id="LArm_rotation_X_sampler">
				<input semantic="INPUT" source="#LArm_rotation_X_input" />
				<input semantic="OUTPUT" source="#LArm_rotation_X_output" />
				<input semantic="INTERPOLATION" source="#LArm_rotation_X_interpolation" />
			</sampler>
			<channel source="#LArm_rotation_X_sampler" target="LArm_bone_id/rotation.X" />
		</animation>
		<animation id="LArm_rotation_Y" name="LArm_rotation_Y">
			<source id="LArm_rotation_Y_input">
				<float_array id="LArm_rotation_Y_input_array" count="4">0 0.36666667 1 1.3333334</float_array>
				<technique_common>
					<accessor source="#LArm_rotation_Y_input_array" count="4" stride="1">
						<param name="TIME" type="float" />
					</accessor>
				</technique_common>
			</source>
			<source id="LArm_rotation_Y_output">
				<float_array id="LArm_rotation_Y_output_array" count="4">-0.8129692 -0.73289454 -0.8935562 -0.8129692</float_array>
				<technique_common>
					<accessor source="#LArm_rotation_Y_output_array" count="4" stride="1">
						<param name="VALUE" type="float" />
					</accessor>
				</technique_common>
			</source>
			<source id="LArm_rotation_Y_interpolation">
				<Name_array id="LArm_rotation_Y_interpolation_array" count="4">HERMITE HERMITE HERMITE HERMITE</Name_array>
				<technique_common>
					<accessor source="#LArm_rotation_Y_interpolation_array" count="4" stride="1">
						<param name="INTERPOLATION" type="Name" />
					</accessor>
				</technique_common>
			</source>
			<sampler id="LArm_rotation_Y_sampler">
				<input semantic="INPUT" source="#LArm_rotation_Y_input" />
				<input semantic="OUTPUT" source="#LArm_rotation_Y_output" />
				<input semantic="INTERPOLATION" source="#LArm_rotation_Y_interpolation" />
			</sampler>
			<channel source="#LArm_rotation_Y_sampler" target="LArm_bone_id/rotation.Y" />
		</animation>
		<animation id="LArm_rotation_Z" name="LArm_rotation_Z">
			<source id="LArm_rotation_Z_input">
				<float_array id="LArm_rotation_Z_input_array" count="4">0 0.43333334 1 1.3333334</float_array>
				<technique_common>
					<accessor source="#LArm_rotation_Z_input_array" count="4" stride="1">
						<param name="TIME" type="float" />
					</accessor>
				</technique_common>
			</source>
			<source id="LArm_rotation_Z_output">
				<float_array id="LArm_rotation_Z_output_array" count="4">-1.7568902 -1.7707099 -1.7429643 -1.7568902</float_array>
				<technique_common>
					<accessor source="#LArm_rotation_Z_output_array" count="4" stride="1">
						<param name="VALUE" type="float" />
					</accessor>
				</technique_common>
			</source>
			<source id="LArm_rotation_Z_interpolation">
				<Name_array id="LArm_rotation_Z_interpolation_array" count="4">HERMITE HERMITE HERMITE HERMITE</Name_array>
				<technique_common>
					<accessor source="#LArm_rotation_Z_interpolation_array" count="4" stride="1">
						<param name="INTERPOLATION" type="Name" />
					</accessor>
				</technique_common>
			</source>
			<sampler id="LArm_rotation_Z_sampler">
				<input semantic="INPUT" source="#LArm_rotation_Z_input" />
				<input semantic="OUTPUT" source="#LArm_rotation_Z_output" />
				<input semantic="INTERPOLATION" source="#LArm_rotation_Z_interpolation" />
			</sampler>
			<channel source="#LArm_rotation_Z_sampler" target="LArm_bone_id/rotation.Z" />
		</animation>
		<animation id="LForeArm_rotation_Y" name="LForeArm_rotation_Y">
			<source id="LForeArm_rotation_Y_input">
				<float_array id="LForeArm_rotation_Y_input_array" count="4">0 0.36666667 1 1.3333334</float_array>
				<technique_common>
					<accessor source="#LForeArm_rotation_Y_input_array" count="4" stride="1">
						<param name="TIME" type="float" />
					</accessor>
				</technique_common>
			</source>
			<source id="LForeArm_rotation_Y_output">
				<float_array id="LForeArm_rotation_Y_output_array" count="4">-0.9227909 -0.825154 -1.0218595 -0.9227909</float_array>
				<technique_common>
					<accessor source="#LForeArm_rotation_Y_output_array" count="4" stride="1">
						<param name="VALUE" type="float" />
					</accessor>
				</technique_common>
			</source>
			<source id="LForeArm_rotation_Y_interpolation">
				<Name_array id="LForeArm_rotation_Y_interpolation_array" count="4">HERMITE HERMITE HERMITE HERMITE</Name_array>
				<technique_common>
					<accessor source="#LForeArm_rotation_Y_interpolation_array" count="4" stride="1">
						<param name="INTERPOLATION" type="Name" />
					</accessor>
				</technique_common>
			</source>
			<sampler id="LForeArm_rotation_Y_sampler">
				<input semantic="INPUT" source="#LForeArm_rotation_Y_input" />
				<input semantic="OUTPUT" source="#LForeArm_rotation_Y_output" />
				<input semantic="INTERPOLATION" source="#LForeArm_rotation_Y_interpolation" />
			</sampler>
			<channel source="#LForeArm_rotation_Y_sampler" target="LForeArm_bone_id/rotation.Y" />
		</animation>
		<animation id="LHand_rotation_Z" name="LHand_rotation_Z">
			<source id="LHand_rotation_Z_input">
				<float_array id="LHand_rotation_Z_input_array" count="1">0</float_array>
				<technique_common>
					<accessor source="#LHand_rotation_Z_input_array" count="1" stride="1">
						<param name="TIME" type="float" />
					</accessor>
				</technique_common>
			</source>
			<source id="LHand_rotation_Z_output">
				<float_array id="LHand_rotation_Z_output_array" count="1">-0.21705681</float_array>
				<technique_common>
					<accessor source="#LHand_rotation_Z_output_array" count="1" stride="1">
						<param name="VALUE" type="float" />
					</accessor>
				</technique_common>
			</source>
			<source id="LHand_rotation_Z_interpolation">
				<Name_array id="LHand_rotation_Z_interpolation_array" count="1">HERMITE</Name_array>
				<technique_common>
					<accessor source="#LHand_rotation_Z_interpolation_array" count="1" stride="1">
						<param name="INTERPOLATION" type="Name" />
					</accessor>
				</technique_common>
			</source>
			<sampler id="LHand_rotation_Z_sampler">
				<input semantic="INPUT" source="#LHand_rotation_Z_input" />
				<input semantic="OUTPUT" source="#LHand_rotation_Z_output" />
				<input semantic="INTERPOLATION" source="#LHand_rotation_Z_interpolation" />
			</sampler>
			<channel source="#LHand_rotation_Z_sampler" target="LHand_bone_id/rotation.Z" />
		</animation>
		<animation id="LFingerA1_rotation_X" name="LFingerA1_rotation_X">
			<source id="LFingerA1_rotation_X_input">
				<float_array id="LFingerA1_rotation_X_input_array" count="4">0 0.4 1.0333333 1.3333334</float_array>
				<technique_common>
					<accessor source="#LFingerA1_rotation_X_input_array" count="4" stride="1">
						<param name="TIME" type="float" />
					</accessor>
				</technique_common>
			</source>
			<source id="LFingerA1_rotation_X_output">
				<float_array id="LFingerA1_rotation_X_output_array" count="4">0.39331853 0.42357048 0.36172175 0.39331853</float_array>
				<technique_common>
					<accessor source="#LFingerA1_rotation_X_output_array" count="4" stride="1">
						<param name="VALUE" type="float" />
					</accessor>
				</technique_common>
			</source>
			<source id="LFingerA1_rotation_X_interpolation">
				<Name_array id="LFingerA1_rotation_X_interpolation_array" count="4">HERMITE HERMITE HERMITE HERMITE</Name_array>
				<technique_common>
					<accessor source="#LFingerA1_rotation_X_interpolation_array" count="4" stride="1">
						<param name="INTERPOLATION" type="Name" />
					</accessor>
				</technique_common>
			</source>
			<sampler id="LFingerA1_rotation_X_sampler">
				<input semantic="INPUT" source="#LFingerA1_rotation_X_input" />
				<input semantic="OUTPUT" source="#LFingerA1_rotation_X_output" />
				<input semantic="INTERPOLATION" source="#LFingerA1_rotation_X_interpolation" />
			</sampler>
			<channel source="#LFingerA1_rotation_X_sampler" target="LFingerA1_bone_id/rotation.X" />
		</animation>
		<animation id="LFingerA1_rotation_Y" name="LFingerA1_rotation_Y">
			<source id="LFingerA1_rotation_Y_input">
				<float_array id="LFingerA1_rotation_Y_input_array" count="4">0 0.53333336 1.1333333 1.3333334</float_array>
				<technique_common>
					<accessor source="#LFingerA1_rotation_Y_input_array" count="4" stride="1">
						<param name="TIME" type="float" />
					</accessor>
				</technique_common>
			</source>
			<source id="LFingerA1_rotation_Y_output">
				<float_array id="LFingerA1_rotation_Y_output_array" count="4">-1.2098792 -1.205553 -1.2153435 -1.2098792</float_array>
				<technique_common>
					<accessor source="#LFingerA1_rotation_Y_output_array" count="4" stride="1">
						<param name="VALUE" type="float" />
					</accessor>
				</technique_common>
			</source>
			<source id="LFingerA1_rotation_Y_interpolation">
				<Name_array id="LFingerA1_rotation_Y_interpolation_array" count="4">HERMITE HERMITE HERMITE HERMITE</Name_array>
				<technique_common>
					<accessor source="#LFingerA1_rotation_Y_interpolation_array" count="4" stride="1">
						<param name="INTERPOLATION" type="Name" />
					</accessor>
				</technique_common>
			</source>
			<sampler id="LFingerA1_rotation_Y_sampler">
				<input semantic="INPUT" source="#LFingerA1_rotation_Y_input" />
				<input semantic="OUTPUT" source="#LFingerA1_rotation_Y_output" />
				<input semantic="INTERPOLATION" source="#LFingerA1_rotation_Y_interpolation" />
			</sampler>
			<channel source="#LFingerA1_rotation_Y_sampler" target="LFingerA1_bone_id/rotation.Y" />
		</animation>
		<animation id="LFingerA1_rotation_Z" name="LFingerA1_rotation_Z">
			<source id="LFingerA1_rotation_Z_input">
				<float_array id="LFingerA1_rotation_Z_input_array" count="4">0 0.4 1.0333333 1.3333334</float_array>
				<technique_common>
					<accessor source="#LFingerA1_rotation_Z_input_array" count="4" stride="1">
						<param name="TIME" type="float" />
					</accessor>
				</technique_common>
			</source>
			<source id="LFingerA1_rotation_Z_output">
				<float_array id="LFingerA1_rotation_Z_output_array" count="4">-0.54304457 -0.5848062 -0.49940777 -0.54304457</float_array>
				<technique_common>
					<accessor source="#LFingerA1_rotation_Z_output_array" count="4" stride="1">
						<param name="VALUE" type="float" />
					</accessor>
				</technique_common>
			</source>
			<source id="LFingerA1_rotation_Z_interpolation">
				<Name_array id="LFingerA1_rotation_Z_interpolation_array" count="4">HERMITE HERMITE HERMITE HERMITE</Name_array>
				<technique_common>
					<accessor source="#LFingerA1_rotation_Z_interpolation_array" count="4" stride="1">
						<param name="INTERPOLATION" type="Name" />
					</accessor>
				</technique_common>
			</source>
			<sampler id="LFingerA1_rotation_Z_sampler">
				<input semantic="INPUT" source="#LFingerA1_rotation_Z_input" />
				<input semantic="OUTPUT" source="#LFingerA1_rotation_Z_output" />
				<input semantic="INTERPOLATION" source="#LFingerA1_rotation_Z_interpolation" />
			</sampler>
			<channel source="#LFingerA1_rotation_Z_sampler" target="LFingerA1_bone_id/rotation.Z" />
		</animation>
		<animation id="LFingerA2_rotation_Z" name="LFingerA2_rotation_Z">
			<source id="LFingerA2_rotation_Z_input">
				<float_array id="LFingerA2_rotation_Z_input_array" count="4">0 0.4 1.0333333 1.3333334</float_array>
				<technique_common>
					<accessor source="#LFingerA2_rotation_Z_input_array" count="4" stride="1">
						<param name="TIME" type="float" />
					</accessor>
				</technique_common>
			</source>
			<source id="LFingerA2_rotation_Z_output">
				<float_array id="LFingerA2_rotation_Z_output_array" count="4">-0.33255336 -0.38109294 -0.28188074 -0.33255336</float_array>
				<technique_common>
					<accessor source="#LFingerA2_rotation_Z_output_array" count="4" stride="1">
						<param name="VALUE" type="float" />
					</accessor>
				</technique_common>
			</source>
			<source id="LFingerA2_rotation_Z_interpolation">
				<Name_array id="LFingerA2_rotation_Z_interpolation_array" count="4">HERMITE HERMITE HERMITE HERMITE</Name_array>
				<technique_common>
					<accessor source="#LFingerA2_rotation_Z_interpolation_array" count="4" stride="1">
						<param name="INTERPOLATION" type="Name" />
					</accessor>
				</technique_common>
			</source>
			<sampler id="LFingerA2_rotation_Z_sampler">
				<input semantic="INPUT" source="#LFingerA2_rotation_Z_input" />
				<input semantic="OUTPUT" source="#LFingerA2_rotation_Z_output" />
				<input semantic="INTERPOLATION" source="#LFingerA2_rotation_Z_interpolation" />
			</sampler>
			<channel source="#LFingerA2_rotation_Z_sampler" target="LFingerA2_bone_id/rotation.Z" />
		</animation>
		<animation id="LFingerB1_rotation_Z" name="LFingerB1_rotation_Z">
			<source id="LFingerB1_rotation_Z_input">
				<float_array id="LFingerB1_rotation_Z_input_array" count="4">0 0.36666667 1 1.3333334</float_array>
				<technique_common>
					<accessor source="#LFingerB1_rotation_Z_input_array" count="4" stride="1">
						<param name="TIME" type="float" />
					</accessor>
				</technique_common>
			</source>
			<source id="LFingerB1_rotation_Z_output">
				<float_array id="LFingerB1_rotation_Z_output_array" count="4">-0.35641676 -0.49964595 -0.21106955 -0.35641676</float_array>
				<technique_common>
					<accessor source="#LFingerB1_rotation_Z_output_array" count="4" stride="1">
						<param name="VALUE" type="float" />
					</accessor>
				</technique_common>
			</source>
			<source id="LFingerB1_rotation_Z_interpolation">
				<Name_array id="LFingerB1_rotation_Z_interpolation_array" count="4">HERMITE HERMITE HERMITE HERMITE</Name_array>
				<technique_common>
					<accessor source="#LFingerB1_rotation_Z_interpolation_array" count="4" stride="1">
						<param name="INTERPOLATION" type="Name" />
					</accessor>
				</technique_common>
			</source>
			<sampler id="LFingerB1_rotation_Z_sampler">
				<input semantic="INPUT" source="#LFingerB1_rotation_Z_input" />
				<input semantic="OUTPUT" source="#LFingerB1_rotation_Z_output" />
				<input semantic="INTERPOLATION" source="#LFingerB1_rotation_Z_interpolation" />
			</sampler>
			<channel source="#LFingerB1_rotation_Z_sampler" target="LFingerB1_bone_id/rotation.Z" />
		</animation>
		<animation id="LFingerB2_rotation_Z" name="LFingerB2_rotation_Z">
			<source id="LFingerB2_rotation_Z_input">
				<float_array id="LFingerB2_rotation_Z_input_array" count="4">0 0.36666667 1 1.3333334</float_array>
				<technique_common>
					<accessor source="#LFingerB2_rotation_Z_input_array" count="4" stride="1">
						<param name="TIME" type="float" />
					</accessor>
				</technique_common>
			</source>
			<source id="LFingerB2_rotation_Z_output">
				<float_array id="LFingerB2_rotation_Z_output_array" count="4">-0.35641676 -0.49964595 -0.21106955 -0.35641676</float_array>
				<technique_common>
					<accessor source="#LFingerB2_rotation_Z_output_array" count="4" stride="1">
						<param name="VALUE" type="float" />
					</accessor>
				</technique_common>
			</source>
			<source id="LFingerB2_rotation_Z_interpolation">
				<Name_array id="LFingerB2_rotation_Z_interpolation_array" count="4">HERMITE HERMITE HERMITE HERMITE</Name_array>
				<technique_common>
					<accessor source="#LFingerB2_rotation_Z_interpolation_array" count="4" stride="1">
						<param name="INTERPOLATION" type="Name" />
					</accessor>
				</technique_common>
			</source>
			<sampler id="LFingerB2_rotation_Z_sampler">
				<input semantic="INPUT" source="#LFingerB2_rotation_Z_input" />
				<input semantic="OUTPUT" source="#LFingerB2_rotation_Z_output" />
				<input semantic="INTERPOLATION" source="#LFingerB2_rotation_Z_interpolation" />
			</sampler>
			<channel source="#LFingerB2_rotation_Z_sampler" target="LFingerB2_bone_id/rotation.Z" />
		</animation>
		<animation id="RArm_rotation_X" name="RArm_rotation_X">
			<source id="RArm_rotation_X_input">
				<float_array id="RArm_rotation_X_input_array" count="4">0 0.46666667 1.1333333 1.3333334</float_array>
				<technique_common>
					<accessor source="#RArm_rotation_X_input_array" count="4" stride="1">
						<param name="TIME" type="float" />
					</accessor>
				</technique_common>
			</source>
			<source id="RArm_rotation_X_output">
				<float_array id="RArm_rotation_X_output_array" count="4">-0.33434096 -0.2614342 -0.36348778 -0.33434096</float_array>
				<technique_common>
					<accessor source="#RArm_rotation_X_output_array" count="4" stride="1">
						<param name="VALUE" type="float" />
					</accessor>
				</technique_common>
			</source>
			<source id="RArm_rotation_X_interpolation">
				<Name_array id="RArm_rotation_X_interpolation_array" count="4">HERMITE HERMITE HERMITE HERMITE</Name_array>
				<technique_common>
					<accessor source="#RArm_rotation_X_interpolation_array" count="4" stride="1">
						<param name="INTERPOLATION" type="Name" />
					</accessor>
				</technique_common>
			</source>
			<sampler id="RArm_rotation_X_sampler">
				<input semantic="INPUT" source="#RArm_rotation_X_input" />
				<input semantic="OUTPUT" source="#RArm_rotation_X_output" />
				<input semantic="INTERPOLATION" source="#RArm_rotation_X_interpolation" />
			</sampler>
			<channel source="#RArm_rotation_X_sampler" target="RArm_bone_id/rotation.X" />
		</animation>
		<animation id="RArm_rotation_Y" name="RArm_rotation_Y">
			<source id="RArm_rotation_Y_input">
				<float_array id="RArm_rotation_Y_input_array" count="5">0 0.5 0.96666664 1.3 1.3333334</float_array>
				<technique_common>
					<accessor source="#RArm_rotation_Y_input_array" count="5" stride="1">
						<param name="TIME" type="float" />
					</accessor>
				</technique_common>
			</source>
			<source id="RArm_rotation_Y_output">
				<float_array id="RArm_rotation_Y_output_array" count="5">-0.7573744 -0.7235235 -0.76498306 -0.76024085 -0.7573744</float_array>
				<technique_common>
					<accessor source="#RArm_rotation_Y_output_array" count="5" stride="1">
						<param name="VALUE" type="float" />
					</accessor>
				</technique_common>
			</source>
			<source id="RArm_rotation_Y_interpolation">
				<Name_array id="RArm_rotation_Y_interpolation_array" count="5">HERMITE HERMITE HERMITE HERMITE HERMITE</Name_array>
				<technique_common>
					<accessor source="#RArm_rotation_Y_interpolation_array" count="5" stride="1">
						<param name="INTERPOLATION" type="Name" />
					</accessor>
				</technique_common>
			</source>
			<sampler id="RArm_rotation_Y_sampler">
				<input semantic="INPUT" source="#RArm_rotation_Y_input" />
				<input semantic="OUTPUT" source="#RArm_rotation_Y_output" />
				<input semantic="INTERPOLATION" source="#RArm_rotation_Y_interpolation" />
			</sampler>
			<channel source="#RArm_rotation_Y_sampler" target="RArm_bone_id/rotation.Y" />
		</animation>
		<animation id="RArm_rotation_Z" name="RArm_rotation_Z">
			<source id="RArm_rotation_Z_input">
				<float_array id="RArm_rotation_Z_input_array" count="5">0 0.26666668 0.46666667 1.1 1.3333334</float_array>
				<technique_common>
					<accessor source="#RArm_rotation_Z_input_array" count="5" stride="1">
						<param name="TIME" type="float" />
					</accessor>
				</technique_common>
			</source>
			<source id="RArm_rotation_Z_output">
				<float_array id="RArm_rotation_Z_output_array" count="5">1.793326 1.8836875 1.9078553 1.7482586 1.793326</float_array>
				<technique_common>
					<accessor source="#RArm_rotation_Z_output_array" count="5" stride="1">
						<param name="VALUE" type="float" />
					</accessor>
				</technique_common>
			</source>
			<source id="RArm_rotation_Z_interpolation">
				<Name_array id="RArm_rotation_Z_interpolation_array" count="5">HERMITE HERMITE HERMITE HERMITE HERMITE</Name_array>
				<technique_common>
					<accessor source="#RArm_rotation_Z_interpolation_array" count="5" stride="1">
						<param name="INTERPOLATION" type="Name" />
					</accessor>
				</technique_common>
			</source>
			<sampler id="RArm_rotation_Z_sampler">
				<input semantic="INPUT" source="#RArm_rotation_Z_input" />
				<input semantic="OUTPUT" source="#RArm_rotation_Z_output" />
				<input semantic="INTERPOLATION" source="#RArm_rotation_Z_interpolation" />
			</sampler>
			<channel source="#RArm_rotation_Z_sampler" target="RArm_bone_id/rotation.Z" />
		</animation>
		<animation id="RForeArm_rotation_Y" name="RForeArm_rotation_Y">
			<source id="RForeArm_rotation_Y_input">
				<float_array id="RForeArm_rotation_Y_input_array" count="5">0 0.23333333 0.46666667 1.1 1.3333334</float_array>
				<technique_common>
					<accessor source="#RForeArm_rotation_Y_input_array" count="5" stride="1">
						<param name="TIME" type="float" />
					</accessor>
				</technique_common>
			</source>
			<source id="RForeArm_rotation_Y_output">
				<float_array id="RForeArm_rotation_Y_output_array" count="5">-0.90810776 -1.0114212 -1.0544666 -0.85010684 -0.90810776</float_array>
				<technique_common>
					<accessor source="#RForeArm_rotation_Y_output_array" count="5" stride="1">
						<param name="VALUE" type="float" />
					</accessor>
				</technique_common>
			</source>
			<source id="RForeArm_rotation_Y_interpolation">
				<Name_array id="RForeArm_rotation_Y_interpolation_array" count="5">HERMITE HERMITE HERMITE HERMITE HERMITE</Name_array>
				<technique_common>
					<accessor source="#RForeArm_rotation_Y_interpolation_array" count="5" stride="1">
						<param name="INTERPOLATION" type="Name" />
					</accessor>
				</technique_common>
			</source>
			<sampler id="RForeArm_rotation_Y_sampler">
				<input semantic="INPUT" source="#RForeArm_rotation_Y_input" />
				<input semantic="OUTPUT" source="#RForeArm_rotation_Y_output" />
				<input semantic="INTERPOLATION" source="#RForeArm_rotation_Y_interpolation" />
			</sampler>
			<channel source="#RForeArm_rotation_Y_sampler" target="RForeArm_bone_id/rotation.Y" />
		</animation>
		<animation id="RHand_rotation_Z" name="RHand_rotation_Z">
			<source id="RHand_rotation_Z_input">
				<float_array id="RHand_rotation_Z_input_array" count="1">0</float_array>
				<technique_common>
					<accessor source="#RHand_rotation_Z_input_array" count="1" stride="1">
						<param name="TIME" type="float" />
					</accessor>
				</technique_common>
			</source>
			<source id="RHand_rotation_Z_output">
				<float_array id="RHand_rotation_Z_output_array" count="1">0.11920026</float_array>
				<technique_common>
					<accessor source="#RHand_rotation_Z_output_array" count="1" stride="1">
						<param name="VALUE" type="float" />
					</accessor>
				</technique_common>
			</source>
			<source id="RHand_rotation_Z_interpolation">
				<Name_array id="RHand_rotation_Z_interpolation_array" count="1">HERMITE</Name_array>
				<technique_common>
					<accessor source="#RHand_rotation_Z_interpolation_array" count="1" stride="1">
						<param name="INTERPOLATION" type="Name" />
					</accessor>
				</technique_common>
			</source>
			<sampler id="RHand_rotation_Z_sampler">
				<input semantic="INPUT" source="#RHand_rotation_Z_input" />
				<input semantic="OUTPUT" source="#RHand_rotation_Z_output" />
				<input semantic="INTERPOLATION" source="#RHand_rotation_Z_interpolation" />
			</sampler>
			<channel source="#RHand_rotation_Z_sampler" target="RHand_bone_id/rotation.Z" />
		</animation>
		<animation id="RFingerA1_rotation_X" name="RFingerA1_rotation_X">
			<source id="RFingerA1_rotation_X_input">
				<float_array id="RFingerA1_rotation_X_input_array" count="7">0 0.5 1.0666667 1.1 1.1333333 1.2 1.3333334</float_array>
				<technique_common>
					<accessor source="#RFingerA1_rotation_X_input_array" count="7" stride="1">
						<param name="TIME" type="float" />
					</accessor>
				</technique_common>
			</source>
			<source id="RFingerA1_rotation_X_output">
				<float_array id="RFingerA1_rotation_X_output_array" count="7">-0.42147064 -0.50317687 -0.3837427 -0.38284296 -0.38885462 -0.39519677 -0.42147064</float_array>
				<technique_common>
					<accessor source="#RFingerA1_rotation_X_output_array" count="7" stride="1">
						<param name="VALUE" type="float" />
					</accessor>
				</technique_common>
			</source>
			<source id="RFingerA1_rotation_X_interpolation">
				<Name_array id="RFingerA1_rotation_X_interpolation_array" count="7">HERMITE HERMITE HERMITE HERMITE HERMITE HERMITE HERMITE</Name_array>
				<technique_common>
					<accessor source="#RFingerA1_rotation_X_interpolation_array" count="7" stride="1">
						<param name="INTERPOLATION" type="Name" />
					</accessor>
				</technique_common>
			</source>
			<sampler id="RFingerA1_rotation_X_sampler">
				<input semantic="INPUT" source="#RFingerA1_rotation_X_input" />
				<input semantic="OUTPUT" source="#RFingerA1_rotation_X_output" />
				<input semantic="INTERPOLATION" source="#RFingerA1_rotation_X_interpolation" />
			</sampler>
			<channel source="#RFingerA1_rotation_X_sampler" target="RFingerA1_bone_id/rotation.X" />
		</animation>
		<animation id="RFingerA1_rotation_Y" name="RFingerA1_rotation_Y">
			<source id="RFingerA1_rotation_Y_input">
				<float_array id="RFingerA1_rotation_Y_input_array" count="4">0 0.53333336 1.1333333 1.3333334</float_array>
				<technique_common>
					<accessor source="#RFingerA1_rotation_Y_input_array" count="4" stride="1">
						<param name="TIME" type="float" />
					</accessor>
				</technique_common>
			</source>
			<source id="RFingerA1_rotation_Y_output">
				<float_array id="RFingerA1_rotation_Y_output_array" count="4">-1.2033312 -1.1827605 -1.2108899 -1.2033312</float_array>
				<technique_common>
					<accessor source="#RFingerA1_rotation_Y_output_array" count="4" stride="1">
						<param name="VALUE" type="float" />
					</accessor>
				</technique_common>
			</source>
			<source id="RFingerA1_rotation_Y_interpolation">
				<Name_array id="RFingerA1_rotation_Y_interpolation_array" count="4">HERMITE HERMITE HERMITE HERMITE</Name_array>
				<technique_common>
					<accessor source="#RFingerA1_rotation_Y_interpolation_array" count="4" stride="1">
						<param name="INTERPOLATION" type="Name" />
					</accessor>
				</technique_common>
			</source>
			<sampler id="RFingerA1_rotation_Y_sampler">
				<input semantic="INPUT" source="#RFingerA1_rotation_Y_input" />
				<input semantic="OUTPUT" source="#RFingerA1_rotation_Y_output" />
				<input semantic="INTERPOLATION" source="#RFingerA1_rotation_Y_interpolation" />
			</sampler>
			<channel source="#RFingerA1_rotation_Y_sampler" target="RFingerA1_bone_id/rotation.Y" />
		</animation>
		<animation id="RFingerA1_rotation_Z" name="RFingerA1_rotation_Z">
			<source id="RFingerA1_rotation_Z_input">
				<float_array id="RFingerA1_rotation_Z_input_array" count="7">0 0.46666667 1.0666667 1.1 1.1333333 1.1666666 1.3333334</float_array>
				<technique_common>
					<accessor source="#RFingerA1_rotation_Z_input_array" count="7" stride="1">
						<param name="TIME" type="float" />
					</accessor>
				</technique_common>
			</source>
			<source id="RFingerA1_rotation_Z_output">
				<float_array id="RFingerA1_rotation_Z_output_array" count="7">0.58190155 0.69821256 0.5298123 0.5285724 0.5368687 0.54027516 0.58190155</float_array>
				<technique_common>
					<accessor source="#RFingerA1_rotation_Z_output_array" count="7" stride="1">
						<param name="VALUE" type="float" />
					</accessor>
				</technique_common>
			</source>
			<source id="RFingerA1_rotation_Z_interpolation">
				<Name_array id="RFingerA1_rotation_Z_interpolation_array" count="7">HERMITE HERMITE HERMITE HERMITE HERMITE HERMITE HERMITE</Name_array>
				<technique_common>
					<accessor source="#RFingerA1_rotation_Z_interpolation_array" count="7" stride="1">
						<param name="INTERPOLATION" type="Name" />
					</accessor>
				</technique_common>
			</source>
			<sampler id="RFingerA1_rotation_Z_sampler">
				<input semantic="INPUT" source="#RFingerA1_rotation_Z_input" />
				<input semantic="OUTPUT" source="#RFingerA1_rotation_Z_output" />
				<input semantic="INTERPOLATION" source="#RFingerA1_rotation_Z_interpolation" />
			</sampler>
			<channel source="#RFingerA1_rotation_Z_sampler" target="RFingerA1_bone_id/rotation.Z" />
		</animation>
		<animation id="RFingerA2_rotation_X" name="RFingerA2_rotation_X">
			<source id="RFingerA2_rotation_X_input">
				<float_array id="RFingerA2_rotation_X_input_array" count="1">0</float_array>
				<technique_common>
					<accessor source="#RFingerA2_rotation_X_input_array" count="1" stride="1">
						<param name="TIME" type="float" />
					</accessor>
				</technique_common>
			</source>
			<source id="RFingerA2_rotation_X_output">
				<float_array id="RFingerA2_rotation_X_output_array" count="1">1.8883853E-07</float_array>
				<technique_common>
					<accessor source="#RFingerA2_rotation_X_output_array" count="1" stride="1">
						<param name="VALUE" type="float" />
					</accessor>
				</technique_common>
			</source>
			<source id="RFingerA2_rotation_X_interpolation">
				<Name_array id="RFingerA2_rotation_X_interpolation_array" count="1">HERMITE</Name_array>
				<technique_common>
					<accessor source="#RFingerA2_rotation_X_interpolation_array" count="1" stride="1">
						<param name="INTERPOLATION" type="Name" />
					</accessor>
				</technique_common>
			</source>
			<sampler id="RFingerA2_rotation_X_sampler">
				<input semantic="INPUT" source="#RFingerA2_rotation_X_input" />
				<input semantic="OUTPUT" source="#RFingerA2_rotation_X_output" />
				<input semantic="INTERPOLATION" source="#RFingerA2_rotation_X_interpolation" />
			</sampler>
			<channel source="#RFingerA2_rotation_X_sampler" target="RFingerA2_bone_id/rotation.X" />
		</animation>
		<animation id="RFingerA2_rotation_Y" name="RFingerA2_rotation_Y">
			<source id="RFingerA2_rotation_Y_input">
				<float_array id="RFingerA2_rotation_Y_input_array" count="1">0</float_array>
				<technique_common>
					<accessor source="#RFingerA2_rotation_Y_input_array" count="1" stride="1">
						<param name="TIME" type="float" />
					</accessor>
				</technique_common>
			</source>
			<source id="RFingerA2_rotation_Y_output">
				<float_array id="RFingerA2_rotation_Y_output_array" count="1">-9.88085E-07</float_array>
				<technique_common>
					<accessor source="#RFingerA2_rotation_Y_output_array" count="1" stride="1">
						<param name="VALUE" type="float" />
					</accessor>
				</technique_common>
			</source>
			<source id="RFingerA2_rotation_Y_interpolation">
				<Name_array id="RFingerA2_rotation_Y_interpolation_array" count="1">HERMITE</Name_array>
				<technique_common>
					<accessor source="#RFingerA2_rotation_Y_interpolation_array" count="1" stride="1">
						<param name="INTERPOLATION" type="Name" />
					</accessor>
				</technique_common>
			</source>
			<sampler id="RFingerA2_rotation_Y_sampler">
				<input semantic="INPUT" source="#RFingerA2_rotation_Y_input" />
				<input semantic="OUTPUT" source="#RFingerA2_rotation_Y_output" />
				<input semantic="INTERPOLATION" source="#RFingerA2_rotation_Y_interpolation" />
			</sampler>
			<channel source="#RFingerA2_rotation_Y_sampler" target="RFingerA2_bone_id/rotation.Y" />
		</animation>
		<animation id="RFingerA2_rotation_Z" name="RFingerA2_rotation_Z">
			<source id="RFingerA2_rotation_Z_input">
				<float_array id="RFingerA2_rotation_Z_input_array" count="7">0 0.46666667 1.0666667 1.1 1.1333333 1.1666666 1.3333334</float_array>
				<technique_common>
					<accessor source="#RFingerA2_rotation_Z_input_array" count="7" stride="1">
						<param name="TIME" type="float" />
					</accessor>
				</technique_common>
			</source>
			<source id="RFingerA2_rotation_Z_output">
				<float_array id="RFingerA2_rotation_Z_output_array" count="7">0.3776757 0.5131679 0.31713283 0.31569248 0.325332 0.32928842 0.3776757</float_array>
				<technique_common>
					<accessor source="#RFingerA2_rotation_Z_output_array" count="7" stride="1">
						<param name="VALUE" type="float" />
					</accessor>
				</technique_common>
			</source>
			<source id="RFingerA2_rotation_Z_interpolation">
				<Name_array id="RFingerA2_rotation_Z_interpolation_array" count="7">HERMITE HERMITE HERMITE HERMITE HERMITE HERMITE HERMITE</Name_array>
				<technique_common>
					<accessor source="#RFingerA2_rotation_Z_interpolation_array" count="7" stride="1">
						<param name="INTERPOLATION" type="Name" />
					</accessor>
				</technique_common>
			</source>
			<sampler id="RFingerA2_rotation_Z_sampler">
				<input semantic="INPUT" source="#RFingerA2_rotation_Z_input" />
				<input semantic="OUTPUT" source="#RFingerA2_rotation_Z_output" />
				<input semantic="INTERPOLATION" source="#RFingerA2_rotation_Z_interpolation" />
			</sampler>
			<channel source="#RFingerA2_rotation_Z_sampler" target="RFingerA2_bone_id/rotation.Z" />
		</animation>
		<animation id="RFingerB1_rotation_Z" name="RFingerB1_rotation_Z">
			<source id="RFingerB1_rotation_Z_input">
				<float_array id="RFingerB1_rotation_Z_input_array" count="4">0 0.46666667 1.1 1.3333334</float_array>
				<technique_common>
					<accessor source="#RFingerB1_rotation_Z_input_array" count="4" stride="1">
						<param name="TIME" type="float" />
					</accessor>
				</technique_common>
			</source>
			<source id="RFingerB1_rotation_Z_output">
				<float_array id="RFingerB1_rotation_Z_output_array" count="4">0.41858763 0.27519885 0.47541156 0.41858763</float_array>
				<technique_common>
					<accessor source="#RFingerB1_rotation_Z_output_array" count="4" stride="1">
						<param name="VALUE" type="float" />
					</accessor>
				</technique_common>
			</source>
			<source id="RFingerB1_rotation_Z_interpolation">
				<Name_array id="RFingerB1_rotation_Z_interpolation_array" count="4">HERMITE HERMITE HERMITE HERMITE</Name_array>
				<technique_common>
					<accessor source="#RFingerB1_rotation_Z_interpolation_array" count="4" stride="1">
						<param name="INTERPOLATION" type="Name" />
					</accessor>
				</technique_common>
			</source>
			<sampler id="RFingerB1_rotation_Z_sampler">
				<input semantic="INPUT" source="#RFingerB1_rotation_Z_input" />
				<input semantic="OUTPUT" source="#RFingerB1_rotation_Z_output" />
				<input semantic="INTERPOLATION" source="#RFingerB1_rotation_Z_interpolation" />
			</sampler>
			<channel source="#RFingerB1_rotation_Z_sampler" target="RFingerB1_bone_id/rotation.Z" />
		</animation>
		<animation id="RFingerB2_rotation_Z" name="RFingerB2_rotation_Z">
			<source id="RFingerB2_rotation_Z_input">
				<float_array id="RFingerB2_rotation_Z_input_array" count="4">0 0.46666667 1.1 1.3333334</float_array>
				<technique_common>
					<accessor source="#RFingerB2_rotation_Z_input_array" count="4" stride="1">
						<param name="TIME" type="float" />
					</accessor>
				</technique_common>
			</source>
			<source id="RFingerB2_rotation_Z_output">
				<float_array id="RFingerB2_rotation_Z_output_array" count="4">0.41858763 0.27519885 0.47541156 0.41858763</float_array>
				<technique_common>
					<accessor source="#RFingerB2_rotation_Z_output_array" count="4" stride="1">
						<param name="VALUE" type="float" />
					</accessor>
				</technique_common>
			</source>
			<source id="RFingerB2_rotation_Z_interpolation">
				<Name_array id="RFingerB2_rotation_Z_interpolation_array" count="4">HERMITE HERMITE HERMITE HERMITE</Name_array>
				<technique_common>
					<accessor source="#RFingerB2_rotation_Z_interpolation_array" count="4" stride="1">
						<param name="INTERPOLATION" type="Name" />
					</accessor>
				</technique_common>
			</source>
			<sampler id="RFingerB2_rotation_Z_sampler">
				<input semantic="INPUT" source="#RFingerB2_rotation_Z_input" />
				<input semantic="OUTPUT" source="#RFingerB2_rotation_Z_output" />
				<input semantic="INTERPOLATION" source="#RFingerB2_rotation_Z_interpolation" />
			</sampler>
			<channel source="#RFingerB2_rotation_Z_sampler" target="RFingerB2_bone_id/rotation.Z" />
		</animation>
		<animation id="LThigh_rotation_X" name="LThigh_rotation_X">
			<source id="LThigh_rotation_X_input">
				<float_array id="LThigh_rotation_X_input_array" count="9">0 0.16666667 0.43333334 0.6666667 0.9 1.0333333 1.2 1.3 1.3333334</float_array>
				<technique_common>
					<accessor source="#LThigh_rotation_X_input_array" count="9" stride="1">
						<param name="TIME" type="float" />
					</accessor>
				</technique_common>
			</source>
			<source id="LThigh_rotation_X_output">
				<float_array id="LThigh_rotation_X_output_array" count="9">-0.5660715 -0.50124073 -0.4855676 -0.5659787 -0.689906 -0.7108665 -0.64606667 -0.5844124 -0.5660715</float_array>
				<technique_common>
					<accessor source="#LThigh_rotation_X_output_array" count="9" stride="1">
						<param name="VALUE" type="float" />
					</accessor>
				</technique_common>
			</source>
			<source id="LThigh_rotation_X_interpolation">
				<Name_array id="LThigh_rotation_X_interpolation_array" count="9">HERMITE HERMITE HERMITE HERMITE HERMITE HERMITE HERMITE HERMITE HERMITE</Name_array>
				<technique_common>
					<accessor source="#LThigh_rotation_X_interpolation_array" count="9" stride="1">
						<param name="INTERPOLATION" type="Name" />
					</accessor>
				</technique_common>
			</source>
			<sampler id="LThigh_rotation_X_sampler">
				<input semantic="INPUT" source="#LThigh_rotation_X_input" />
				<input semantic="OUTPUT" source="#LThigh_rotation_X_output" />
				<input semantic="INTERPOLATION" source="#LThigh_rotation_X_interpolation" />
			</sampler>
			<channel source="#LThigh_rotation_X_sampler" target="LThigh_bone_id/rotation.X" />
		</animation>
		<animation id="LThigh_rotation_Y" name="LThigh_rotation_Y">
			<source id="LThigh_rotation_Y_input">
				<float_array id="LThigh_rotation_Y_input_array" count="18">0 0.033333335 0.16666667 0.26666668 0.36666667 0.43333334 0.5 0.56666666 0.6333333 0.7 0.8333333 0.93333334 1 1.1 1.1333333 1.2666667 1.3 1.3333334</float_array>
				<technique_common>
					<accessor source="#LThigh_rotation_Y_input_array" count="18" stride="1">
						<param name="TIME" type="float" />
					</accessor>
				</technique_common>
			</source>
			<source id="LThigh_rotation_Y_output">
				<float_array id="LThigh_rotation_Y_output_array" count="18">-0.564286 -0.5670493 -0.46368846 -0.3600101 -0.34313017 -0.3781953 -0.4365136 -0.51303476 -0.5583301 -0.54028606 -0.36584842 -0.21888551 -0.18173909 -0.24335581 -0.2842298 -0.50507987 -0.543214 -0.564286</float_array>
				<technique_common>
					<accessor source="#LThigh_rotation_Y_output_array" count="18" stride="1">
						<param name="VALUE" type="float" />
					</accessor>
				</technique_common>
			</source>
			<source id="LThigh_rotation_Y_interpolation">
				<Name_array id="LThigh_rotation_Y_interpolation_array" count="18">HERMITE HERMITE HERMITE HERMITE HERMITE HERMITE HERMITE HERMITE HERMITE HERMITE HERMITE HERMITE HERMITE HERMITE HERMITE HERMITE HERMITE HERMITE</Name_array>
				<technique_common>
					<accessor source="#LThigh_rotation_Y_interpolation_array" count="18" stride="1">
						<param name="INTERPOLATION" type="Name" />
					</accessor>
				</technique_common>
			</source>
			<sampler id="LThigh_rotation_Y_sampler">
				<input semantic="INPUT" source="#LThigh_rotation_Y_input" />
				<input semantic="OUTPUT" source="#LThigh_rotation_Y_output" />
				<input semantic="INTERPOLATION" source="#LThigh_rotation_Y_interpolation" />
			</sampler>
			<channel source="#LThigh_rotation_Y_sampler" target="LThigh_bone_id/rotation.Y" />
		</animation>
		<animation id="LThigh_rotation_Z" name="LThigh_rotation_Z">
			<source id="LThigh_rotation_Z_input">
				<float_array id="LThigh_rotation_Z_input_array" count="13">0 0.06666667 0.26666668 0.4 0.5 0.6666667 0.8666667 0.96666664 1.1 1.1666666 1.2666667 1.3 1.3333334</float_array>
				<technique_common>
					<accessor source="#LThigh_rotation_Z_input_array" count="13" stride="1">
						<param name="TIME" type="float" />
					</accessor>
				</technique_common>
			</source>
			<source id="LThigh_rotation_Z_output">
				<float_array id="LThigh_rotation_Z_output_array" count="13">0.41511628 0.39775681 0.32336497 0.30503282 0.30407724 0.35136575 0.34307322 0.33449692 0.35436243 0.37209624 0.41042042 0.41610605 0.41511628</float_array>
				<technique_common>
					<accessor source="#LThigh_rotation_Z_output_array" count="13" stride="1">
						<param name="VALUE" type="float" />
					</accessor>
				</technique_common>
			</source>
			<source id="LThigh_rotation_Z_interpolation">
				<Name_array id="LThigh_rotation_Z_interpolation_array" count="13">HERMITE HERMITE HERMITE HERMITE HERMITE HERMITE HERMITE HERMITE HERMITE HERMITE HERMITE HERMITE HERMITE</Name_array>
				<technique_common>
					<accessor source="#LThigh_rotation_Z_interpolation_array" count="13" stride="1">
						<param name="INTERPOLATION" type="Name" />
					</accessor>
				</technique_common>
			</source>
			<sampler id="LThigh_rotation_Z_sampler">
				<input semantic="INPUT" source="#LThigh_rotation_Z_input" />
				<input semantic="OUTPUT" source="#LThigh_rotation_Z_output" />
				<input semantic="INTERPOLATION" source="#LThigh_rotation_Z_interpolation" />
			</sampler>
			<channel source="#LThigh_rotation_Z_sampler" target="LThigh_bone_id/rotation.Z" />
		</animation>
		<animation id="LLeg_rotation_Y" name="LLeg_rotation_Y">
			<source id="LLeg_rotation_Y_input">
				<float_array id="LLeg_rotation_Y_input_array" count="27">0 0.033333335 0.13333334 0.2 0.23333333 0.26666668 0.33333334 0.43333334 0.46666667 0.5 0.53333336 0.6 0.6333333 0.6666667 0.7 0.8 0.8666667 0.9 0.93333334 1.0333333 1.1 1.1333333 1.1666666 1.2 1.2666667 1.3 1.3333334</float_array>
				<technique_common>
					<accessor source="#LLeg_rotation_Y_input_array" count="27" stride="1">
						<param name="TIME" type="float" />
					</accessor>
				</technique_common>
			</source>
			<source id="LLeg_rotation_Y_output">
				<float_array id="LLeg_rotation_Y_output_array" count="27">1.3320117 1.322943 1.143264 0.96303296 0.8816486 0.8256048 0.79571146 0.8865572 0.93864954 1.0169047 1.1216049 1.3204764 1.3829505 1.4022412 1.3770479 1.1357539 0.89628845 0.77808964 0.6833907 0.5980303 0.68563634 0.7537062 0.8536451 0.9817224 1.2189913 1.2973938 1.3320117</float_array>
				<technique_common>
					<accessor source="#LLeg_rotation_Y_output_array" count="27" stride="1">
						<param name="VALUE" type="float" />
					</accessor>
				</technique_common>
			</source>
			<source id="LLeg_rotation_Y_interpolation">
				<Name_array id="LLeg_rotation_Y_interpolation_array" count="27">HERMITE HERMITE HERMITE HERMITE HERMITE HERMITE HERMITE HERMITE HERMITE HERMITE HERMITE HERMITE HERMITE HERMITE HERMITE HERMITE HERMITE HERMITE HERMITE HERMITE HERMITE HERMITE HERMITE HERMITE HERMITE HERMITE HERMITE</Name_array>
				<technique_common>
					<accessor source="#LLeg_rotation_Y_interpolation_array" count="27" stride="1">
						<param name="INTERPOLATION" type="Name" />
					</accessor>
				</technique_common>
			</source>
			<sampler id="LLeg_rotation_Y_sampler">
				<input semantic="INPUT" source="#LLeg_rotation_Y_input" />
				<input semantic="OUTPUT" source="#LLeg_rotation_Y_output" />
				<input semantic="INTERPOLATION" source="#LLeg_rotation_Y_interpolation" />
			</sampler>
			<channel source="#LLeg_rotation_Y_sampler" target="LLeg_bone_id/rotation.Y" />
		</animation>
		<animation id="LFoot_rotation_X" name="LFoot_rotation_X">
			<source id="LFoot_rotation_X_input">
				<float_array id="LFoot_rotation_X_input_array" count="15">0 0.033333335 0.2 0.26666668 0.43333334 0.5 0.6 0.7 0.8333333 0.96666664 1.0666667 1.1666666 1.2333333 1.3 1.3333334</float_array>
				<technique_common>
					<accessor source="#LFoot_rotation_X_input_array" count="15" stride="1">
						<param name="TIME" type="float" />
					</accessor>
				</technique_common>
			</source>
			<source id="LFoot_rotation_X_output">
				<float_array id="LFoot_rotation_X_output_array" count="15">0.12172812 0.13157338 0.25325793 0.3010229 0.30950713 0.2829198 0.21367636 0.18022084 0.22011188 0.3048854 0.29051292 0.21806604 0.1550461 0.12207196 0.12172812</float_array>
				<technique_common>
					<accessor source="#LFoot_rotation_X_output_array" count="15" stride="1">
						<param name="VALUE" type="float" />
					</accessor>
				</technique_common>
			</source>
			<source id="LFoot_rotation_X_interpolation">
				<Name_array id="LFoot_rotation_X_interpolation_array" count="15">HERMITE HERMITE HERMITE HERMITE HERMITE HERMITE HERMITE HERMITE HERMITE HERMITE HERMITE HERMITE HERMITE HERMITE HERMITE</Name_array>
				<technique_common>
					<accessor source="#LFoot_rotation_X_interpolation_array" count="15" stride="1">
						<param name="INTERPOLATION" type="Name" />
					</accessor>
				</technique_common>
			</source>
			<sampler id="LFoot_rotation_X_sampler">
				<input semantic="INPUT" source="#LFoot_rotation_X_input" />
				<input semantic="OUTPUT" source="#LFoot_rotation_X_output" />
				<input semantic="INTERPOLATION" source="#LFoot_rotation_X_interpolation" />
			</sampler>
			<channel source="#LFoot_rotation_X_sampler" target="LFoot_bone_id/rotation.X" />
		</animation>
		<animation id="LFoot_rotation_Y" name="LFoot_rotation_Y">
			<source id="LFoot_rotation_Y_input">
				<float_array id="LFoot_rotation_Y_input_array" count="21">0 0.033333335 0.16666667 0.23333333 0.26666668 0.33333334 0.43333334 0.46666667 0.5 0.56666666 0.6333333 0.8 0.8666667 0.93333334 1.0666667 1.1 1.1333333 1.1666666 1.2333333 1.3 1.3333334</float_array>
				<technique_common>
					<accessor source="#LFoot_rotation_Y_input_array" count="21" stride="1">
						<param name="TIME" type="float" />
					</accessor>
				</technique_common>
			</source>
			<source id="LFoot_rotation_Y_output">
				<float_array id="LFoot_rotation_Y_output_array" count="21">3.916257 3.9263468 4.1002145 4.2049975 4.2371964 4.2506337 4.19388 4.1625366 4.1131945 3.972719 3.8641834 4.0003166 4.142052 4.2653112 4.298637 4.2724442 4.2396092 4.1865745 4.040703 3.9331417 3.916257</float_array>
				<technique_common>
					<accessor source="#LFoot_rotation_Y_output_array" count="21" stride="1">
						<param name="VALUE" type="float" />
					</accessor>
				</technique_common>
			</source>
			<source id="LFoot_rotation_Y_interpolation">
				<Name_array id="LFoot_rotation_Y_interpolation_array" count="21">HERMITE HERMITE HERMITE HERMITE HERMITE HERMITE HERMITE HERMITE HERMITE HERMITE HERMITE HERMITE HERMITE HERMITE HERMITE HERMITE HERMITE HERMITE HERMITE HERMITE HERMITE</Name_array>
				<technique_common>
					<accessor source="#LFoot_rotation_Y_interpolation_array" count="21" stride="1">
						<param name="INTERPOLATION" type="Name" />
					</accessor>
				</technique_common>
			</source>
			<sampler id="LFoot_rotation_Y_sampler">
				<input semantic="INPUT" source="#LFoot_rotation_Y_input" />
				<input semantic="OUTPUT" source="#LFoot_rotation_Y_output" />
				<input semantic="INTERPOLATION" source="#LFoot_rotation_Y_interpolation" />
			</sampler>
			<channel source="#LFoot_rotation_Y_sampler" target="LFoot_bone_id/rotation.Y" />
		</animation>
		<animation id="LFoot_rotation_Z" name="LFoot_rotation_Z">
			<source id="LFoot_rotation_Z_input">
				<float_array id="LFoot_rotation_Z_input_array" count="9">0 0.33333334 0.5 0.6666667 0.8333333 0.93333334 1.0333333 1.2666667 1.3333334</float_array>
				<technique_common>
					<accessor source="#LFoot_rotation_Z_input_array" count="9" stride="1">
						<param name="TIME" type="float" />
					</accessor>
				</technique_common>
			</source>
			<source id="LFoot_rotation_Z_output">
				<float_array id="LFoot_rotation_Z_output_array" count="9">0.57309014 0.4247769 0.3568831 0.40092117 0.5320789 0.6435325 0.7130077 0.61047137 0.57309014</float_array>
				<technique_common>
					<accessor source="#LFoot_rotation_Z_output_array" count="9" stride="1">
						<param name="VALUE" type="float" />
					</accessor>
				</technique_common>
			</source>
			<source id="LFoot_rotation_Z_interpolation">
				<Name_array id="LFoot_rotation_Z_interpolation_array" count="9">HERMITE HERMITE HERMITE HERMITE HERMITE HERMITE HERMITE HERMITE HERMITE</Name_array>
				<technique_common>
					<accessor source="#LFoot_rotation_Z_interpolation_array" count="9" stride="1">
						<param name="INTERPOLATION" type="Name" />
					</accessor>
				</technique_common>
			</source>
			<sampler id="LFoot_rotation_Z_sampler">
				<input semantic="INPUT" source="#LFoot_rotation_Z_input" />
				<input semantic="OUTPUT" source="#LFoot_rotation_Z_output" />
				<input semantic="INTERPOLATION" source="#LFoot_rotation_Z_interpolation" />
			</sampler>
			<channel source="#LFoot_rotation_Z_sampler" target="LFoot_bone_id/rotation.Z" />
		</animation>
		<animation id="RThigh_rotation_X" name="RThigh_rotation_X">
			<source id="RThigh_rotation_X_input">
				<float_array id="RThigh_rotation_X_input_array" count="8">0 0.16666667 0.33333334 0.53333336 0.6666667 0.96666664 1.2333333 1.3333334</float_array>
				<technique_common>
					<accessor source="#RThigh_rotation_X_input_array" count="8" stride="1">
						<param name="TIME" type="float" />
					</accessor>
				</technique_common>
			</source>
			<source id="RThigh_rotation_X_output">
				<float_array id="RThigh_rotation_X_output_array" count="8">0.60461396 0.6962067 0.7501997 0.683275 0.6033084 0.5170555 0.5616601 0.60461396</float_array>
				<technique_common>
					<accessor source="#RThigh_rotation_X_output_array" count="8" stride="1">
						<param name="VALUE" type="float" />
					</accessor>
				</technique_common>
			</source>
			<source id="RThigh_rotation_X_interpolation">
				<Name_array id="RThigh_rotation_X_interpolation_array" count="8">HERMITE HERMITE HERMITE HERMITE HERMITE HERMITE HERMITE HERMITE</Name_array>
				<technique_common>
					<accessor source="#RThigh_rotation_X_interpolation_array" count="8" stride="1">
						<param name="INTERPOLATION" type="Name" />
					</accessor>
				</technique_common>
			</source>
			<sampler id="RThigh_rotation_X_sampler">
				<input semantic="INPUT" source="#RThigh_rotation_X_input" />
				<input semantic="OUTPUT" source="#RThigh_rotation_X_output" />
				<input semantic="INTERPOLATION" source="#RThigh_rotation_X_interpolation" />
			</sampler>
			<channel source="#RThigh_rotation_X_sampler" target="RThigh_bone_id/rotation.X" />
		</animation>
		<animation id="RThigh_rotation_Y" name="RThigh_rotation_Y">
			<source id="RThigh_rotation_Y_input">
				<float_array id="RThigh_rotation_Y_input_array" count="17">0 0.033333335 0.16666667 0.26666668 0.33333334 0.43333334 0.46666667 0.6 0.6666667 0.8333333 0.93333334 1.0333333 1.1 1.1666666 1.2333333 1.3 1.3333334</float_array>
				<technique_common>
					<accessor source="#RThigh_rotation_Y_input_array" count="17" stride="1">
						<param name="TIME" type="float" />
					</accessor>
				</technique_common>
			</source>
			<source id="RThigh_rotation_Y_output">
				<float_array id="RThigh_rotation_Y_output_array" count="17">-0.56291467 -0.54507256 -0.37117028 -0.22507495 -0.1883995 -0.2499431 -0.29070592 -0.51123667 -0.57051796 -0.47003657 -0.36672726 -0.3496898 -0.38435948 -0.44221807 -0.51829773 -0.5633753 -0.56291467</float_array>
				<technique_common>
					<accessor source="#RThigh_rotation_Y_output_array" count="17" stride="1">
						<param name="VALUE" type="float" />
					</accessor>
				</technique_common>
			</source>
			<source id="RThigh_rotation_Y_interpolation">
				<Name_array id="RThigh_rotation_Y_interpolation_array" count="17">HERMITE HERMITE HERMITE HERMITE HERMITE HERMITE HERMITE HERMITE HERMITE HERMITE HERMITE HERMITE HERMITE HERMITE HERMITE HERMITE HERMITE</Name_array>
				<technique_common>
					<accessor source="#RThigh_rotation_Y_interpolation_array" count="17" stride="1">
						<param name="INTERPOLATION" type="Name" />
					</accessor>
				</technique_common>
			</source>
			<sampler id="RThigh_rotation_Y_sampler">
				<input semantic="INPUT" source="#RThigh_rotation_Y_input" />
				<input semantic="OUTPUT" source="#RThigh_rotation_Y_output" />
				<input semantic="INTERPOLATION" source="#RThigh_rotation_Y_interpolation" />
			</sampler>
			<channel source="#RThigh_rotation_Y_sampler" target="RThigh_bone_id/rotation.Y" />
		</animation>
		<animation id="RThigh_rotation_Z" name="RThigh_rotation_Z">
			<source id="RThigh_rotation_Z_input">
				<float_array id="RThigh_rotation_Z_input_array" count="13">0 0.1 0.23333333 0.43333334 0.5 0.6 0.6666667 0.8 0.93333334 1.0666667 1.1666666 1.3 1.3333334</float_array>
				<technique_common>
					<accessor source="#RThigh_rotation_Z_input_array" count="13" stride="1">
						<param name="TIME" type="float" />
					</accessor>
				</technique_common>
			</source>
			<source id="RThigh_rotation_Z_output">
				<float_array id="RThigh_rotation_Z_output_array" count="13">-0.3596807 -0.36486807 -0.345829 -0.3620923 -0.37971365 -0.41823086 -0.42273405 -0.37827218 -0.33000994 -0.31189674 -0.31120065 -0.35207495 -0.3596807</float_array>
				<technique_common>
					<accessor source="#RThigh_rotation_Z_output_array" count="13" stride="1">
						<param name="VALUE" type="float" />
					</accessor>
				</technique_common>
			</source>
			<source id="RThigh_rotation_Z_interpolation">
				<Name_array id="RThigh_rotation_Z_interpolation_array" count="13">HERMITE HERMITE HERMITE HERMITE HERMITE HERMITE HERMITE HERMITE HERMITE HERMITE HERMITE HERMITE HERMITE</Name_array>
				<technique_common>
					<accessor source="#RThigh_rotation_Z_interpolation_array" count="13" stride="1">
						<param name="INTERPOLATION" type="Name" />
					</accessor>
				</technique_common>
			</source>
			<sampler id="RThigh_rotation_Z_sampler">
				<input semantic="INPUT" source="#RThigh_rotation_Z_input" />
				<input semantic="OUTPUT" source="#RThigh_rotation_Z_output" />
				<input semantic="INTERPOLATION" source="#RThigh_rotation_Z_interpolation" />
			</sampler>
			<channel source="#RThigh_rotation_Z_sampler" target="RThigh_bone_id/rotation.Z" />
		</animation>
		<animation id="RLeg_rotation_X" name="RLeg_rotation_X">
			<source id="RLeg_rotation_X_input">
				<float_array id="RLeg_rotation_X_input_array" count="1">0</float_array>
				<technique_common>
					<accessor source="#RLeg_rotation_X_input_array" count="1" stride="1">
						<param name="TIME" type="float" />
					</accessor>
				</technique_common>
			</source>
			<source id="RLeg_rotation_X_output">
				<float_array id="RLeg_rotation_X_output_array" count="1">-2.8963532E-08</float_array>
				<technique_common>
					<accessor source="#RLeg_rotation_X_output_array" count="1" stride="1">
						<param name="VALUE" type="float" />
					</accessor>
				</technique_common>
			</source>
			<source id="RLeg_rotation_X_interpolation">
				<Name_array id="RLeg_rotation_X_interpolation_array" count="1">HERMITE</Name_array>
				<technique_common>
					<accessor source="#RLeg_rotation_X_interpolation_array" count="1" stride="1">
						<param name="INTERPOLATION" type="Name" />
					</accessor>
				</technique_common>
			</source>
			<sampler id="RLeg_rotation_X_sampler">
				<input semantic="INPUT" source="#RLeg_rotation_X_input" />
				<input semantic="OUTPUT" source="#RLeg_rotation_X_output" />
				<input semantic="INTERPOLATION" source="#RLeg_rotation_X_interpolation" />
			</sampler>
			<channel source="#RLeg_rotation_X_sampler" target="RLeg_bone_id/rotation.X" />
		</animation>
		<animation id="RLeg_rotation_Y" name="RLeg_rotation_Y">
			<source id="RLeg_rotation_Y_input">
				<float_array id="RLeg_rotation_Y_input_array" count="27">0 0.033333335 0.13333334 0.2 0.23333333 0.26666668 0.36666667 0.43333334 0.46666667 0.5 0.53333336 0.6 0.6333333 0.6666667 0.7 0.8 0.8666667 0.9 0.93333334 1 1.1 1.1333333 1.1666666 1.2 1.2666667 1.3 1.3333334</float_array>
				<technique_common>
					<accessor source="#RLeg_rotation_Y_input_array" count="27" stride="1">
						<param name="TIME" type="float" />
					</accessor>
				</technique_common>
			</source>
			<source id="RLeg_rotation_Y_output">
				<float_array id="RLeg_rotation_Y_output_array" count="27">1.4045151 1.3793511 1.1384771 0.8996582 0.78192466 0.6876914 0.60280436 0.68974656 0.7574458 0.85692716 0.9845574 1.22126 1.2995164 1.3340878 1.3250353 1.1457069 0.96595055 0.88485587 0.82904744 0.7993449 0.88993263 0.9418632 1.0199362 1.1243598 1.32287 1.3852477 1.4045151</float_array>
				<technique_common>
					<accessor source="#RLeg_rotation_Y_output_array" count="27" stride="1">
						<param name="VALUE" type="float" />
					</accessor>
				</technique_common>
			</source>
			<source id="RLeg_rotation_Y_interpolation">
				<Name_array id="RLeg_rotation_Y_interpolation_array" count="27">HERMITE HERMITE HERMITE HERMITE HERMITE HERMITE HERMITE HERMITE HERMITE HERMITE HERMITE HERMITE HERMITE HERMITE HERMITE HERMITE HERMITE HERMITE HERMITE HERMITE HERMITE HERMITE HERMITE HERMITE HERMITE HERMITE HERMITE</Name_array>
				<technique_common>
					<accessor source="#RLeg_rotation_Y_interpolation_array" count="27" stride="1">
						<param name="INTERPOLATION" type="Name" />
					</accessor>
				</technique_common>
			</source>
			<sampler id="RLeg_rotation_Y_sampler">
				<input semantic="INPUT" source="#RLeg_rotation_Y_input" />
				<input semantic="OUTPUT" source="#RLeg_rotation_Y_output" />
				<input semantic="INTERPOLATION" source="#RLeg_rotation_Y_interpolation" />
			</sampler>
			<channel source="#RLeg_rotation_Y_sampler" target="RLeg_bone_id/rotation.Y" />
		</animation>
		<animation id="RLeg_rotation_Z" name="RLeg_rotation_Z">
			<source id="RLeg_rotation_Z_input">
				<float_array id="RLeg_rotation_Z_input_array" count="1">0</float_array>
				<technique_common>
					<accessor source="#RLeg_rotation_Z_input_array" count="1" stride="1">
						<param name="TIME" type="float" />
					</accessor>
				</technique_common>
			</source>
			<source id="RLeg_rotation_Z_output">
				<float_array id="RLeg_rotation_Z_output_array" count="1">-1.579992E-06</float_array>
				<technique_common>
					<accessor source="#RLeg_rotation_Z_output_array" count="1" stride="1">
						<param name="VALUE" type="float" />
					</accessor>
				</technique_common>
			</source>
			<source id="RLeg_rotation_Z_interpolation">
				<Name_array id="RLeg_rotation_Z_interpolation_array" count="1">HERMITE</Name_array>
				<technique_common>
					<accessor source="#RLeg_rotation_Z_interpolation_array" count="1" stride="1">
						<param name="INTERPOLATION" type="Name" />
					</accessor>
				</technique_common>
			</source>
			<sampler id="RLeg_rotation_Z_sampler">
				<input semantic="INPUT" source="#RLeg_rotation_Z_input" />
				<input semantic="OUTPUT" source="#RLeg_rotation_Z_output" />
				<input semantic="INTERPOLATION" source="#RLeg_rotation_Z_interpolation" />
			</sampler>
			<channel source="#RLeg_rotation_Z_sampler" target="RLeg_bone_id/rotation.Z" />
		</animation>
		<animation id="RFoot_rotation_X" name="RFoot_rotation_X">
			<source id="RFoot_rotation_X_input">
				<float_array id="RFoot_rotation_X_input_array" count="15">0 0.06666667 0.2 0.3 0.36666667 0.43333334 0.5 0.56666666 0.6666667 0.8666667 0.93333334 1.1 1.1666666 1.3 1.3333334</float_array>
				<technique_common>
					<accessor source="#RFoot_rotation_X_input_array" count="15" stride="1">
						<param name="TIME" type="float" />
					</accessor>
				</technique_common>
			</source>
			<source id="RFoot_rotation_X_output">
				<float_array id="RFoot_rotation_X_output_array" count="15">-0.086559154 -0.08348669 -0.13826871 -0.1961232 -0.19595087 -0.16217256 -0.11232911 -0.053798735 -0.0236907 -0.14609663 -0.19091535 -0.20015968 -0.17605656 -0.09716065 -0.086559154</float_array>
				<technique_common>
					<accessor source="#RFoot_rotation_X_output_array" count="15" stride="1">
						<param name="VALUE" type="float" />
					</accessor>
				</technique_common>
			</source>
			<source id="RFoot_rotation_X_interpolation">
				<Name_array id="RFoot_rotation_X_interpolation_array" count="15">HERMITE HERMITE HERMITE HERMITE HERMITE HERMITE HERMITE HERMITE HERMITE HERMITE HERMITE HERMITE HERMITE HERMITE HERMITE</Name_array>
				<technique_common>
					<accessor source="#RFoot_rotation_X_interpolation_array" count="15" stride="1">
						<param name="INTERPOLATION" type="Name" />
					</accessor>
				</technique_common>
			</source>
			<sampler id="RFoot_rotation_X_sampler">
				<input semantic="INPUT" source="#RFoot_rotation_X_input" />
				<input semantic="OUTPUT" source="#RFoot_rotation_X_output" />
				<input semantic="INTERPOLATION" source="#RFoot_rotation_X_interpolation" />
			</sampler>
			<channel source="#RFoot_rotation_X_sampler" target="RFoot_bone_id/rotation.X" />
		</animation>
		<animation id="RFoot_rotation_Y" name="RFoot_rotation_Y">
			<source id="RFoot_rotation_Y_input">
				<float_array id="RFoot_rotation_Y_input_array" count="21">0 0.033333335 0.16666667 0.26666668 0.4 0.43333334 0.46666667 0.5 0.56666666 0.6333333 0.76666665 0.8666667 0.9 0.93333334 1 1.1 1.1333333 1.1666666 1.2333333 1.3 1.3333334</float_array>
				<technique_common>
					<accessor source="#RFoot_rotation_Y_input_array" count="21" stride="1">
						<param name="TIME" type="float" />
					</accessor>
				</technique_common>
			</source>
			<source id="RFoot_rotation_Y_output">
				<float_array id="RFoot_rotation_Y_output_array" count="21">3.850381 3.8621988 4.0692782 4.261896 4.293456 4.2677107 4.235502 4.1833415 4.039368 3.9332018 3.9954562 4.1572104 4.2062473 4.238625 4.252526 4.1969104 4.1658034 4.116605 3.976208 3.8674588 3.850381</float_array>
				<technique_common>
					<accessor source="#RFoot_rotation_Y_output_array" count="21" stride="1">
						<param name="VALUE" type="float" />
					</accessor>
				</technique_common>
			</source>
			<source id="RFoot_rotation_Y_interpolation">
				<Name_array id="RFoot_rotation_Y_interpolation_array" count="21">HERMITE HERMITE HERMITE HERMITE HERMITE HERMITE HERMITE HERMITE HERMITE HERMITE HERMITE HERMITE HERMITE HERMITE HERMITE HERMITE HERMITE HERMITE HERMITE HERMITE HERMITE</Name_array>
				<technique_common>
					<accessor source="#RFoot_rotation_Y_interpolation_array" count="21" stride="1">
						<param name="INTERPOLATION" type="Name" />
					</accessor>
				</technique_common>
			</source>
			<sampler id="RFoot_rotation_Y_sampler">
				<input semantic="INPUT" source="#RFoot_rotation_Y_input" />
				<input semantic="OUTPUT" source="#RFoot_rotation_Y_output" />
				<input semantic="INTERPOLATION" source="#RFoot_rotation_Y_interpolation" />
			</sampler>
			<channel source="#RFoot_rotation_Y_sampler" target="RFoot_bone_id/rotation.Y" />
		</animation>
		<animation id="RFoot_rotation_Z" name="RFoot_rotation_Z">
			<source id="RFoot_rotation_Z_input">
				<float_array id="RFoot_rotation_Z_input_array" count="11">0 0.06666667 0.2 0.33333334 0.5 0.56666666 0.73333335 0.96666664 1.2 1.3 1.3333334</float_array>
				<technique_common>
					<accessor source="#RFoot_rotation_Z_input_array" count="11" stride="1">
						<param name="TIME" type="float" />
					</accessor>
				</technique_common>
			</source>
			<source id="RFoot_rotation_Z_output">
				<float_array id="RFoot_rotation_Z_output_array" count="11">-0.42539555 -0.4711205 -0.61949617 -0.76869667 -0.72925764 -0.6699142 -0.5699257 -0.49840868 -0.3958945 -0.41058245 -0.42539555</float_array>
				<technique_common>
					<accessor source="#RFoot_rotation_Z_output_array" count="11" stride="1">
						<param name="VALUE" type="float" />
					</accessor>
				</technique_common>
			</source>
			<source id="RFoot_rotation_Z_interpolation">
				<Name_array id="RFoot_rotation_Z_interpolation_array" count="11">HERMITE HERMITE HERMITE HERMITE HERMITE HERMITE HERMITE HERMITE HERMITE HERMITE HERMITE</Name_array>
				<technique_common>
					<accessor source="#RFoot_rotation_Z_interpolation_array" count="11" stride="1">
						<param name="INTERPOLATION" type="Name" />
					</accessor>
				</technique_common>
			</source>
			<sampler id="RFoot_rotation_Z_sampler">
				<input semantic="INPUT" source="#RFoot_rotation_Z_input" />
				<input semantic="OUTPUT" source="#RFoot_rotation_Z_output" />
				<input semantic="INTERPOLATION" source="#RFoot_rotation_Z_interpolation" />
			</sampler>
			<channel source="#RFoot_rotation_Z_sampler" target="RFoot_bone_id/rotation.Z" />
		</animation>
		<animation id="Tail1_rotation_X" name="Tail1_rotation_X">
			<source id="Tail1_rotation_X_input">
				<float_array id="Tail1_rotation_X_input_array" count="6">0 0.33333334 0.76666665 1 1.3 1.3333334</float_array>
				<technique_common>
					<accessor source="#Tail1_rotation_X_input_array" count="6" stride="1">
						<param name="TIME" type="float" />
					</accessor>
				</technique_common>
			</source>
			<source id="Tail1_rotation_X_output">
				<float_array id="Tail1_rotation_X_output_array" count="6">2.5478406 2.262739 2.6686711 2.8210576 2.5895429 2.5478406</float_array>
				<technique_common>
					<accessor source="#Tail1_rotation_X_output_array" count="6" stride="1">
						<param name="VALUE" type="float" />
					</accessor>
				</technique_common>
			</source>
			<source id="Tail1_rotation_X_interpolation">
				<Name_array id="Tail1_rotation_X_interpolation_array" count="6">HERMITE HERMITE HERMITE HERMITE HERMITE HERMITE</Name_array>
				<technique_common>
					<accessor source="#Tail1_rotation_X_interpolation_array" count="6" stride="1">
						<param name="INTERPOLATION" type="Name" />
					</accessor>
				</technique_common>
			</source>
			<sampler id="Tail1_rotation_X_sampler">
				<input semantic="INPUT" source="#Tail1_rotation_X_input" />
				<input semantic="OUTPUT" source="#Tail1_rotation_X_output" />
				<input semantic="INTERPOLATION" source="#Tail1_rotation_X_interpolation" />
			</sampler>
			<channel source="#Tail1_rotation_X_sampler" target="Tail1_bone_id/rotation.X" />
		</animation>
		<animation id="Tail1_rotation_Y" name="Tail1_rotation_Y">
			<source id="Tail1_rotation_Y_input">
				<float_array id="Tail1_rotation_Y_input_array" count="5">0 0.33333334 0.8666667 1.0333333 1.3333334</float_array>
				<technique_common>
					<accessor source="#Tail1_rotation_Y_input_array" count="5" stride="1">
						<param name="TIME" type="float" />
					</accessor>
				</technique_common>
			</source>
			<source id="Tail1_rotation_Y_output">
				<float_array id="Tail1_rotation_Y_output_array" count="5">-0.0117557645 -0.17041259 0.11174874 0.14157395 -0.0117557645</float_array>
				<technique_common>
					<accessor source="#Tail1_rotation_Y_output_array" count="5" stride="1">
						<param name="VALUE" type="float" />
					</accessor>
				</technique_common>
			</source>
			<source id="Tail1_rotation_Y_interpolation">
				<Name_array id="Tail1_rotation_Y_interpolation_array" count="5">HERMITE HERMITE HERMITE HERMITE HERMITE</Name_array>
				<technique_common>
					<accessor source="#Tail1_rotation_Y_interpolation_array" count="5" stride="1">
						<param name="INTERPOLATION" type="Name" />
					</accessor>
				</technique_common>
			</source>
			<sampler id="Tail1_rotation_Y_sampler">
				<input semantic="INPUT" source="#Tail1_rotation_Y_input" />
				<input semantic="OUTPUT" source="#Tail1_rotation_Y_output" />
				<input semantic="INTERPOLATION" source="#Tail1_rotation_Y_interpolation" />
			</sampler>
			<channel source="#Tail1_rotation_Y_sampler" target="Tail1_bone_id/rotation.Y" />
		</animation>
		<animation id="Tail1_rotation_Z" name="Tail1_rotation_Z">
			<source id="Tail1_rotation_Z_input">
				<float_array id="Tail1_rotation_Z_input_array" count="5">0 0.36666667 0.76666665 1 1.3333334</float_array>
				<technique_common>
					<accessor source="#Tail1_rotation_Z_input_array" count="5" stride="1">
						<param name="TIME" type="float" />
					</accessor>
				</technique_common>
			</source>
			<source id="Tail1_rotation_Z_output">
				<float_array id="Tail1_rotation_Z_output_array" count="5">-1.8471689 -1.7839061 -1.8775203 -1.9198649 -1.8471689</float_array>
				<technique_common>
					<accessor source="#Tail1_rotation_Z_output_array" count="5" stride="1">
						<param name="VALUE" type="float" />
					</accessor>
				</technique_common>
			</source>
			<source id="Tail1_rotation_Z_interpolation">
				<Name_array id="Tail1_rotation_Z_interpolation_array" count="5">HERMITE HERMITE HERMITE HERMITE HERMITE</Name_array>
				<technique_common>
					<accessor source="#Tail1_rotation_Z_interpolation_array" count="5" stride="1">
						<param name="INTERPOLATION" type="Name" />
					</accessor>
				</technique_common>
			</source>
			<sampler id="Tail1_rotation_Z_sampler">
				<input semantic="INPUT" source="#Tail1_rotation_Z_input" />
				<input semantic="OUTPUT" source="#Tail1_rotation_Z_output" />
				<input semantic="INTERPOLATION" source="#Tail1_rotation_Z_interpolation" />
			</sampler>
			<channel source="#Tail1_rotation_Z_sampler" target="Tail1_bone_id/rotation.Z" />
		</animation>
		<animation id="Tail2_rotation_X" name="Tail2_rotation_X">
			<source id="Tail2_rotation_X_input">
				<float_array id="Tail2_rotation_X_input_array" count="5">0 0.4 0.73333335 1.1 1.3333334</float_array>
				<technique_common>
					<accessor source="#Tail2_rotation_X_input_array" count="5" stride="1">
						<param name="TIME" type="float" />
					</accessor>
				</technique_common>
			</source>
			<source id="Tail2_rotation_X_output">
				<float_array id="Tail2_rotation_X_output_array" count="5">0.019382324 -0.03441897 0.005290374 0.054904565 0.019382324</float_array>
				<technique_common>
					<accessor source="#Tail2_rotation_X_output_array" count="5" stride="1">
						<param name="VALUE" type="float" />
					</accessor>
				</technique_common>
			</source>
			<source id="Tail2_rotation_X_interpolation">
				<Name_array id="Tail2_rotation_X_interpolation_array" count="5">HERMITE HERMITE HERMITE HERMITE HERMITE</Name_array>
				<technique_common>
					<accessor source="#Tail2_rotation_X_interpolation_array" count="5" stride="1">
						<param name="INTERPOLATION" type="Name" />
					</accessor>
				</technique_common>
			</source>
			<sampler id="Tail2_rotation_X_sampler">
				<input semantic="INPUT" source="#Tail2_rotation_X_input" />
				<input semantic="OUTPUT" source="#Tail2_rotation_X_output" />
				<input semantic="INTERPOLATION" source="#Tail2_rotation_X_interpolation" />
			</sampler>
			<channel source="#Tail2_rotation_X_sampler" target="Tail2_bone_id/rotation.X" />
		</animation>
		<animation id="Tail2_rotation_Y" name="Tail2_rotation_Y">
			<source id="Tail2_rotation_Y_input">
				<float_array id="Tail2_rotation_Y_input_array" count="6">0 0.23333333 0.43333334 0.73333335 1.1666666 1.3333334</float_array>
				<technique_common>
					<accessor source="#Tail2_rotation_Y_input_array" count="6" stride="1">
						<param name="TIME" type="float" />
					</accessor>
				</technique_common>
			</source>
			<source id="Tail2_rotation_Y_output">
				<float_array id="Tail2_rotation_Y_output_array" count="6">-0.24860442 -0.28490388 -0.30012244 -0.2571992 -0.23751032 -0.24860442</float_array>
				<technique_common>
					<accessor source="#Tail2_rotation_Y_output_array" count="6" stride="1">
						<param name="VALUE" type="float" />
					</accessor>
				</technique_common>
			</source>
			<source id="Tail2_rotation_Y_interpolation">
				<Name_array id="Tail2_rotation_Y_interpolation_array" count="6">HERMITE HERMITE HERMITE HERMITE HERMITE HERMITE</Name_array>
				<technique_common>
					<accessor source="#Tail2_rotation_Y_interpolation_array" count="6" stride="1">
						<param name="INTERPOLATION" type="Name" />
					</accessor>
				</technique_common>
			</source>
			<sampler id="Tail2_rotation_Y_sampler">
				<input semantic="INPUT" source="#Tail2_rotation_Y_input" />
				<input semantic="OUTPUT" source="#Tail2_rotation_Y_output" />
				<input semantic="INTERPOLATION" source="#Tail2_rotation_Y_interpolation" />
			</sampler>
			<channel source="#Tail2_rotation_Y_sampler" target="Tail2_bone_id/rotation.Y" />
		</animation>
		<animation id="Tail2_rotation_Z" name="Tail2_rotation_Z">
			<source id="Tail2_rotation_Z_input">
				<float_array id="Tail2_rotation_Z_input_array" count="7">0 0.13333334 0.4 1.0333333 1.1666666 1.3 1.3333334</float_array>
				<technique_common>
					<accessor source="#Tail2_rotation_Z_input_array" count="7" stride="1">
						<param name="TIME" type="float" />
					</accessor>
				</technique_common>
			</source>
			<source id="Tail2_rotation_Z_output">
				<float_array id="Tail2_rotation_Z_output_array" count="7">-0.062310025 0.12844035 0.35588923 -0.28340837 -0.24909984 -0.10747594 -0.062310025</float_array>
				<technique_common>
					<accessor source="#Tail2_rotation_Z_output_array" count="7" stride="1">
						<param name="VALUE" type="float" />
					</accessor>
				</technique_common>
			</source>
			<source id="Tail2_rotation_Z_interpolation">
				<Name_array id="Tail2_rotation_Z_interpolation_array" count="7">HERMITE HERMITE HERMITE HERMITE HERMITE HERMITE HERMITE</Name_array>
				<technique_common>
					<accessor source="#Tail2_rotation_Z_interpolation_array" count="7" stride="1">
						<param name="INTERPOLATION" type="Name" />
					</accessor>
				</technique_common>
			</source>
			<sampler id="Tail2_rotation_Z_sampler">
				<input semantic="INPUT" source="#Tail2_rotation_Z_input" />
				<input semantic="OUTPUT" source="#Tail2_rotation_Z_output" />
				<input semantic="INTERPOLATION" source="#Tail2_rotation_Z_interpolation" />
			</sampler>
			<channel source="#Tail2_rotation_Z_sampler" target="Tail2_bone_id/rotation.Z" />
		</animation>
		<animation id="Tail3_rotation_X" name="Tail3_rotation_X">
			<source id="Tail3_rotation_X_input">
				<float_array id="Tail3_rotation_X_input_array" count="5">0 0.4 0.8 1.1666666 1.3333334</float_array>
				<technique_common>
					<accessor source="#Tail3_rotation_X_input_array" count="5" stride="1">
						<param name="TIME" type="float" />
					</accessor>
				</technique_common>
			</source>
			<source id="Tail3_rotation_X_output">
				<float_array id="Tail3_rotation_X_output_array" count="5">0.029372023 -0.03053146 0.0033837464 0.05042404 0.029372023</float_array>
				<technique_common>
					<accessor source="#Tail3_rotation_X_output_array" count="5" stride="1">
						<param name="VALUE" type="float" />
					</accessor>
				</technique_common>
			</source>
			<source id="Tail3_rotation_X_interpolation">
				<Name_array id="Tail3_rotation_X_interpolation_array" count="5">HERMITE HERMITE HERMITE HERMITE HERMITE</Name_array>
				<technique_common>
					<accessor source="#Tail3_rotation_X_interpolation_array" count="5" stride="1">
						<param name="INTERPOLATION" type="Name" />
					</accessor>
				</technique_common>
			</source>
			<sampler id="Tail3_rotation_X_sampler">
				<input semantic="INPUT" source="#Tail3_rotation_X_input" />
				<input semantic="OUTPUT" source="#Tail3_rotation_X_output" />
				<input semantic="INTERPOLATION" source="#Tail3_rotation_X_interpolation" />
			</sampler>
			<channel source="#Tail3_rotation_X_sampler" target="Tail3_bone_id/rotation.X" />
		</animation>
		<animation id="Tail3_rotation_Y" name="Tail3_rotation_Y">
			<source id="Tail3_rotation_Y_input">
				<float_array id="Tail3_rotation_Y_input_array" count="6">0 0.23333333 0.5 0.8333333 1.2 1.3333334</float_array>
				<technique_common>
					<accessor source="#Tail3_rotation_Y_input_array" count="6" stride="1">
						<param name="TIME" type="float" />
					</accessor>
				</technique_common>
			</source>
			<source id="Tail3_rotation_Y_output">
				<float_array id="Tail3_rotation_Y_output_array" count="6">-0.24177065 -0.27516752 -0.30359972 -0.2526475 -0.23581614 -0.24177065</float_array>
				<technique_common>
					<accessor source="#Tail3_rotation_Y_output_array" count="6" stride="1">
						<param name="VALUE" type="float" />
					</accessor>
				</technique_common>
			</source>
			<source id="Tail3_rotation_Y_interpolation">
				<Name_array id="Tail3_rotation_Y_interpolation_array" count="6">HERMITE HERMITE HERMITE HERMITE HERMITE HERMITE</Name_array>
				<technique_common>
					<accessor source="#Tail3_rotation_Y_interpolation_array" count="6" stride="1">
						<param name="INTERPOLATION" type="Name" />
					</accessor>
				</technique_common>
			</source>
			<sampler id="Tail3_rotation_Y_sampler">
				<input semantic="INPUT" source="#Tail3_rotation_Y_input" />
				<input semantic="OUTPUT" source="#Tail3_rotation_Y_output" />
				<input semantic="INTERPOLATION" source="#Tail3_rotation_Y_interpolation" />
			</sampler>
			<channel source="#Tail3_rotation_Y_sampler" target="Tail3_bone_id/rotation.Y" />
		</animation>
		<animation id="Tail3_rotation_Z" name="Tail3_rotation_Z">
			<source id="Tail3_rotation_Z_input">
				<float_array id="Tail3_rotation_Z_input_array" count="7">0 0.06666667 0.46666667 1.1 1.2333333 1.3 1.3333334</float_array>
				<technique_common>
					<accessor source="#Tail3_rotation_Z_input_array" count="7" stride="1">
						<param name="TIME" type="float" />
					</accessor>
				</technique_common>
			</source>
			<source id="Tail3_rotation_Z_output">
				<float_array id="Tail3_rotation_Z_output_array" count="7">-0.17878307 -0.083635926 0.3721561 -0.3245336 -0.28712323 -0.22055213 -0.17878307</float_array>
				<technique_common>
					<accessor source="#Tail3_rotation_Z_output_array" count="7" stride="1">
						<param name="VALUE" type="float" />
					</accessor>
				</technique_common>
			</source>
			<source id="Tail3_rotation_Z_interpolation">
				<Name_array id="Tail3_rotation_Z_interpolation_array" count="7">HERMITE HERMITE HERMITE HERMITE HERMITE HERMITE HERMITE</Name_array>
				<technique_common>
					<accessor source="#Tail3_rotation_Z_interpolation_array" count="7" stride="1">
						<param name="INTERPOLATION" type="Name" />
					</accessor>
				</technique_common>
			</source>
			<sampler id="Tail3_rotation_Z_sampler">
				<input semantic="INPUT" source="#Tail3_rotation_Z_input" />
				<input semantic="OUTPUT" source="#Tail3_rotation_Z_output" />
				<input semantic="INTERPOLATION" source="#Tail3_rotation_Z_interpolation" />
			</sampler>
			<channel source="#Tail3_rotation_Z_sampler" target="Tail3_bone_id/rotation.Z" />
		</animation>
		<animation id="Tail4_rotation_X" name="Tail4_rotation_X">
			<source id="Tail4_rotation_X_input">
				<float_array id="Tail4_rotation_X_input_array" count="5">0 0.36666667 0.8666667 1.2333333 1.3333334</float_array>
				<technique_common>
					<accessor source="#Tail4_rotation_X_input_array" count="5" stride="1">
						<param name="TIME" type="float" />
					</accessor>
				</technique_common>
			</source>
			<source id="Tail4_rotation_X_output">
				<float_array id="Tail4_rotation_X_output_array" count="5">0.03657991 -0.020079885 0.0022979714 0.04597718 0.03657991</float_array>
				<technique_common>
					<accessor source="#Tail4_rotation_X_output_array" count="5" stride="1">
						<param name="VALUE" type="float" />
					</accessor>
				</technique_common>
			</source>
			<source id="Tail4_rotation_X_interpolation">
				<Name_array id="Tail4_rotation_X_interpolation_array" count="5">HERMITE HERMITE HERMITE HERMITE HERMITE</Name_array>
				<technique_common>
					<accessor source="#Tail4_rotation_X_interpolation_array" count="5" stride="1">
						<param name="INTERPOLATION" type="Name" />
					</accessor>
				</technique_common>
			</source>
			<sampler id="Tail4_rotation_X_sampler">
				<input semantic="INPUT" source="#Tail4_rotation_X_input" />
				<input semantic="OUTPUT" source="#Tail4_rotation_X_output" />
				<input semantic="INTERPOLATION" source="#Tail4_rotation_X_interpolation" />
			</sampler>
			<channel source="#Tail4_rotation_X_sampler" target="Tail4_bone_id/rotation.X" />
		</animation>
		<animation id="Tail4_rotation_Y" name="Tail4_rotation_Y">
			<source id="Tail4_rotation_Y_input">
				<float_array id="Tail4_rotation_Y_input_array" count="5">0 0.23333333 0.56666666 0.9 1.3333334</float_array>
				<technique_common>
					<accessor source="#Tail4_rotation_Y_input_array" count="5" stride="1">
						<param name="TIME" type="float" />
					</accessor>
				</technique_common>
			</source>
			<source id="Tail4_rotation_Y_output">
				<float_array id="Tail4_rotation_Y_output_array" count="5">-0.23722786 -0.26460087 -0.30823365 -0.25330776 -0.23722786</float_array>
				<technique_common>
					<accessor source="#Tail4_rotation_Y_output_array" count="5" stride="1">
						<param name="VALUE" type="float" />
					</accessor>
				</technique_common>
			</source>
			<source id="Tail4_rotation_Y_interpolation">
				<Name_array id="Tail4_rotation_Y_interpolation_array" count="5">HERMITE HERMITE HERMITE HERMITE HERMITE</Name_array>
				<technique_common>
					<accessor source="#Tail4_rotation_Y_interpolation_array" count="5" stride="1">
						<param name="INTERPOLATION" type="Name" />
					</accessor>
				</technique_common>
			</source>
			<sampler id="Tail4_rotation_Y_sampler">
				<input semantic="INPUT" source="#Tail4_rotation_Y_input" />
				<input semantic="OUTPUT" source="#Tail4_rotation_Y_output" />
				<input semantic="INTERPOLATION" source="#Tail4_rotation_Y_interpolation" />
			</sampler>
			<channel source="#Tail4_rotation_Y_sampler" target="Tail4_bone_id/rotation.Y" />
		</animation>
		<animation id="Tail4_rotation_Z" name="Tail4_rotation_Z">
			<source id="Tail4_rotation_Z_input">
				<float_array id="Tail4_rotation_Z_input_array" count="6">0 0.033333335 0.53333336 1.1666666 1.3 1.3333334</float_array>
				<technique_common>
					<accessor source="#Tail4_rotation_Z_input_array" count="6" stride="1">
						<param name="TIME" type="float" />
					</accessor>
				</technique_common>
			</source>
			<source id="Tail4_rotation_Z_output">
				<float_array id="Tail4_rotation_Z_output_array" count="6">-0.29199874 -0.25218123 0.3943029 -0.3655696 -0.32492882 -0.29199874</float_array>
				<technique_common>
					<accessor source="#Tail4_rotation_Z_output_array" count="6" stride="1">
						<param name="VALUE" type="float" />
					</accessor>
				</technique_common>
			</source>
			<source id="Tail4_rotation_Z_interpolation">
				<Name_array id="Tail4_rotation_Z_interpolation_array" count="6">HERMITE HERMITE HERMITE HERMITE HERMITE HERMITE</Name_array>
				<technique_common>
					<accessor source="#Tail4_rotation_Z_interpolation_array" count="6" stride="1">
						<param name="INTERPOLATION" type="Name" />
					</accessor>
				</technique_common>
			</source>
			<sampler id="Tail4_rotation_Z_sampler">
				<input semantic="INPUT" source="#Tail4_rotation_Z_input" />
				<input semantic="OUTPUT" source="#Tail4_rotation_Z_output" />
				<input semantic="INTERPOLATION" source="#Tail4_rotation_Z_interpolation" />
			</sampler>
			<channel source="#Tail4_rotation_Z_sampler" target="Tail4_bone_id/rotation.Z" />
		</animation>
		<animation id="Tail5_rotation_X" name="Tail5_rotation_X">
			<source id="Tail5_rotation_X_input">
				<float_array id="Tail5_rotation_X_input_array" count="5">0 0.4 0.93333334 1.3 1.3333334</float_array>
				<technique_common>
					<accessor source="#Tail5_rotation_X_input_array" count="5" stride="1">
						<param name="TIME" type="float" />
					</accessor>
				</technique_common>
			</source>
			<source id="Tail5_rotation_X_output">
				<float_array id="Tail5_rotation_X_output_array" count="5">0.039909184 -0.017984005 -0.0005443059 0.0419107 0.039909184</float_array>
				<technique_common>
					<accessor source="#Tail5_rotation_X_output_array" count="5" stride="1">
						<param name="VALUE" type="float" />
					</accessor>
				</technique_common>
			</source>
			<source id="Tail5_rotation_X_interpolation">
				<Name_array id="Tail5_rotation_X_interpolation_array" count="5">HERMITE HERMITE HERMITE HERMITE HERMITE</Name_array>
				<technique_common>
					<accessor source="#Tail5_rotation_X_interpolation_array" count="5" stride="1">
						<param name="INTERPOLATION" type="Name" />
					</accessor>
				</technique_common>
			</source>
			<sampler id="Tail5_rotation_X_sampler">
				<input semantic="INPUT" source="#Tail5_rotation_X_input" />
				<input semantic="OUTPUT" source="#Tail5_rotation_X_output" />
				<input semantic="INTERPOLATION" source="#Tail5_rotation_X_interpolation" />
			</sampler>
			<channel source="#Tail5_rotation_X_sampler" target="Tail5_bone_id/rotation.X" />
		</animation>
		<animation id="Tail5_rotation_Y" name="Tail5_rotation_Y">
			<source id="Tail5_rotation_Y_input">
				<float_array id="Tail5_rotation_Y_input_array" count="5">0 0.26666668 0.6333333 0.96666664 1.3333334</float_array>
				<technique_common>
					<accessor source="#Tail5_rotation_Y_input_array" count="5" stride="1">
						<param name="TIME" type="float" />
					</accessor>
				</technique_common>
			</source>
			<source id="Tail5_rotation_Y_output">
				<float_array id="Tail5_rotation_Y_output_array" count="5">-0.23399873 -0.2598945 -0.3136663 -0.25412866 -0.23399873</float_array>
				<technique_common>
					<accessor source="#Tail5_rotation_Y_output_array" count="5" stride="1">
						<param name="VALUE" type="float" />
					</accessor>
				</technique_common>
			</source>
			<source id="Tail5_rotation_Y_interpolation">
				<Name_array id="Tail5_rotation_Y_interpolation_array" count="5">HERMITE HERMITE HERMITE HERMITE HERMITE</Name_array>
				<technique_common>
					<accessor source="#Tail5_rotation_Y_interpolation_array" count="5" stride="1">
						<param name="INTERPOLATION" type="Name" />
					</accessor>
				</technique_common>
			</source>
			<sampler id="Tail5_rotation_Y_sampler">
				<input semantic="INPUT" source="#Tail5_rotation_Y_input" />
				<input semantic="OUTPUT" source="#Tail5_rotation_Y_output" />
				<input semantic="INTERPOLATION" source="#Tail5_rotation_Y_interpolation" />
			</sampler>
			<channel source="#Tail5_rotation_Y_sampler" target="Tail5_bone_id/rotation.Y" />
		</animation>
		<animation id="Tail5_rotation_Z" name="Tail5_rotation_Z">
			<source id="Tail5_rotation_Z_input">
				<float_array id="Tail5_rotation_Z_input_array" count="6">0 0.033333335 0.6 1.2333333 1.3 1.3333334</float_array>
				<technique_common>
					<accessor source="#Tail5_rotation_Z_input_array" count="6" stride="1">
						<param name="TIME" type="float" />
					</accessor>
				</technique_common>
			</source>
			<source id="Tail5_rotation_Z_output">
				<float_array id="Tail5_rotation_Z_output_array" count="6">-0.38724768 -0.36070463 0.40504414 -0.40398833 -0.40402538 -0.38724768</float_array>
				<technique_common>
					<accessor source="#Tail5_rotation_Z_output_array" count="6" stride="1">
						<param name="VALUE" type="float" />
					</accessor>
				</technique_common>
			</source>
			<source id="Tail5_rotation_Z_interpolation">
				<Name_array id="Tail5_rotation_Z_interpolation_array" count="6">HERMITE HERMITE HERMITE HERMITE HERMITE HERMITE</Name_array>
				<technique_common>
					<accessor source="#Tail5_rotation_Z_interpolation_array" count="6" stride="1">
						<param name="INTERPOLATION" type="Name" />
					</accessor>
				</technique_common>
			</source>
			<sampler id="Tail5_rotation_Z_sampler">
				<input semantic="INPUT" source="#Tail5_rotation_Z_input" />
				<input semantic="OUTPUT" source="#Tail5_rotation_Z_output" />
				<input semantic="INTERPOLATION" source="#Tail5_rotation_Z_interpolation" />
			</sampler>
			<channel source="#Tail5_rotation_Z_sampler" target="Tail5_bone_id/rotation.Z" />
		</animation>
		<animation id="Tail6_rotation_X" name="Tail6_rotation_X">
			<source id="Tail6_rotation_X_input">
				<float_array id="Tail6_rotation_X_input_array" count="5">0 0.46666667 0.8 1.1 1.3333334</float_array>
				<technique_common>
					<accessor source="#Tail6_rotation_X_input_array" count="5" stride="1">
						<param name="TIME" type="float" />
					</accessor>
				</technique_common>
			</source>
			<source id="Tail6_rotation_X_output">
				<float_array id="Tail6_rotation_X_output_array" count="5">0.037654907 -0.0156426 -0.019261599 0.0135812275 0.037654907</float_array>
				<technique_common>
					<accessor source="#Tail6_rotation_X_output_array" count="5" stride="1">
						<param name="VALUE" type="float" />
					</accessor>
				</technique_common>
			</source>
			<source id="Tail6_rotation_X_interpolation">
				<Name_array id="Tail6_rotation_X_interpolation_array" count="5">HERMITE HERMITE HERMITE HERMITE HERMITE</Name_array>
				<technique_common>
					<accessor source="#Tail6_rotation_X_interpolation_array" count="5" stride="1">
						<param name="INTERPOLATION" type="Name" />
					</accessor>
				</technique_common>
			</source>
			<sampler id="Tail6_rotation_X_sampler">
				<input semantic="INPUT" source="#Tail6_rotation_X_input" />
				<input semantic="OUTPUT" source="#Tail6_rotation_X_output" />
				<input semantic="INTERPOLATION" source="#Tail6_rotation_X_interpolation" />
			</sampler>
			<channel source="#Tail6_rotation_X_sampler" target="Tail6_bone_id/rotation.X" />
		</animation>
		<animation id="Tail6_rotation_Y" name="Tail6_rotation_Y">
			<source id="Tail6_rotation_Y_input">
				<float_array id="Tail6_rotation_Y_input_array" count="5">0 0.33333334 0.7 1.0333333 1.3333334</float_array>
				<technique_common>
					<accessor source="#Tail6_rotation_Y_input_array" count="5" stride="1">
						<param name="TIME" type="float" />
					</accessor>
				</technique_common>
			</source>
			<source id="Tail6_rotation_Y_output">
				<float_array id="Tail6_rotation_Y_output_array" count="5">-0.23258668 -0.26200897 -0.31973255 -0.2556886 -0.23258668</float_array>
				<technique_common>
					<accessor source="#Tail6_rotation_Y_output_array" count="5" stride="1">
						<param name="VALUE" type="float" />
					</accessor>
				</technique_common>
			</source>
			<source id="Tail6_rotation_Y_interpolation">
				<Name_array id="Tail6_rotation_Y_interpolation_array" count="5">HERMITE HERMITE HERMITE HERMITE HERMITE</Name_array>
				<technique_common>
					<accessor source="#Tail6_rotation_Y_interpolation_array" count="5" stride="1">
						<param name="INTERPOLATION" type="Name" />
					</accessor>
				</technique_common>
			</source>
			<sampler id="Tail6_rotation_Y_sampler">
				<input semantic="INPUT" source="#Tail6_rotation_Y_input" />
				<input semantic="OUTPUT" source="#Tail6_rotation_Y_output" />
				<input semantic="INTERPOLATION" source="#Tail6_rotation_Y_interpolation" />
			</sampler>
			<channel source="#Tail6_rotation_Y_sampler" target="Tail6_bone_id/rotation.Y" />
		</animation>
		<animation id="Tail6_rotation_Z" name="Tail6_rotation_Z">
			<source id="Tail6_rotation_Z_input">
				<float_array id="Tail6_rotation_Z_input_array" count="5">0 0.033333335 0.6666667 1.3 1.3333334</float_array>
				<technique_common>
					<accessor source="#Tail6_rotation_Z_input_array" count="5" stride="1">
						<param name="TIME" type="float" />
					</accessor>
				</technique_common>
			</source>
			<source id="Tail6_rotation_Z_output">
				<float_array id="Tail6_rotation_Z_output_array" count="5">-0.4570025 -0.45069864 0.42011634 -0.45069864 -0.4570025</float_array>
				<technique_common>
					<accessor source="#Tail6_rotation_Z_output_array" count="5" stride="1">
						<param name="VALUE" type="float" />
					</accessor>
				</technique_common>
			</source>
			<source id="Tail6_rotation_Z_interpolation">
				<Name_array id="Tail6_rotation_Z_interpolation_array" count="5">HERMITE HERMITE HERMITE HERMITE HERMITE</Name_array>
				<technique_common>
					<accessor source="#Tail6_rotation_Z_interpolation_array" count="5" stride="1">
						<param name="INTERPOLATION" type="Name" />
					</accessor>
				</technique_common>
			</source>
			<sampler id="Tail6_rotation_Z_sampler">
				<input semantic="INPUT" source="#Tail6_rotation_Z_input" />
				<input semantic="OUTPUT" source="#Tail6_rotation_Z_output" />
				<input semantic="INTERPOLATION" source="#Tail6_rotation_Z_interpolation" />
			</sampler>
			<channel source="#Tail6_rotation_Z_sampler" target="Tail6_bone_id/rotation.Z" />
		</animation>
	</library_animations>
	<library_visual_scenes>
		<visual_scene id="vs_model_id" name="vs_model">
			<node id="pm0513_00_bone_id" name="pm0513_00" sid="pm0513_00" type="JOINT">
				<matrix>1 0 0 0 0 1 0 0 0 0 1 0 0 0 0 1</matrix>
				<node id="Origin_bone_id" name="Origin" sid="Origin" type="JOINT">
					<matrix>1 0 0 0 0 1 0 0 0 0 1 0 0 0 0 1</matrix>
					<node id="Waist_bone_id" name="Waist" sid="Waist" type="JOINT">
						<matrix>3.1391647E-07 -1 0 0 1 3.1391647E-07 0 12.061128 0 0 1 0 0 0 0 1</matrix>
						<node id="Spine1_bone_id" name="Spine1" sid="Spine1" type="JOINT">
							<matrix>1 0 0 0 0 1 0 0 0 0 1 0 0 0 0 1</matrix>
							<node id="Spine2_bone_id" name="Spine2" sid="Spine2" type="JOINT">
								<matrix>1 0 0 3.235272 0 1 0 0 0 0 1 0 0 0 0 1</matrix>
								<node id="Spine3_bone_id" name="Spine3" sid="Spine3" type="JOINT">
									<matrix>1 0 0 3.112915 0 1 0 0 0 0 1 0 0 0 0 1</matrix>
									<node id="Head_bone_id" name="Head" sid="Head" type="JOINT">
										<matrix>1 0 0 3.796641 0 1 0 0 0 0 1 0 0 0 0 1</matrix>
										<node id="Feeler_bone_id" name="Feeler" sid="Feeler" type="JOINT">
											<matrix>0.74156034 -0.07346913 0.6668512 27.5684 0.5376276 0.65965044 -0.5251836 -2.644802 -0.40130395 0.74797297 0.52866966 -4.005768 0 0 0 1</matrix>
										</node>
										<node id="LEar_bone_id" name="LEar" sid="LEar" type="JOINT">
											<matrix>3.1391647E-07 1 0 10.094044 -1 3.1391647E-07 0 -12.577033 0 0 1 0 0 0 0 1</matrix>
										</node>
										<node id="REar_bone_id" name="REar" sid="REar" type="JOINT">
											<matrix>3.1391647E-07 -1 0 10.094044 1 3.1391647E-07 0 12.57705 0 0 1 0 0 0 0 1</matrix>
										</node>
									</node>
									<node id="LArm_bone_id" name="LArm" sid="LArm" type="JOINT">
										<matrix>3.1391647E-07 1 0 2.05792 -1 3.1391647E-07 0 -3.745725 0 0 1 0 0 0 0 1</matrix>
										<node id="LForeArm_bone_id" name="LForeArm" sid="LForeArm" type="JOINT">
											<matrix>1 0 0 8.670609 0 1 0 0 0 0 1 0 0 0 0 1</matrix>
											<node id="LHand_bone_id" name="LHand" sid="LHand" type="JOINT">
												<matrix>1 0 0 8.375347 0 1 0 0 0 0 1 0 0 0 0 1</matrix>
												<node id="LFingerA1_bone_id" name="LFingerA1" sid="LFingerA1" type="JOINT">
													<matrix>0.29826003 0.09098095 -0.9501387 2.011304 -0.291767 0.95648944 -1.1920929E-07 -0.812212 0.90879756 0.27721915 0.31182778 2.315102 0 0 0 1</matrix>
													<node id="LFingerA2_bone_id" name="LFingerA2" sid="LFingerA2" type="JOINT">
														<matrix>1 0 0 1.993988 0 1 0 0 0 0 1 0 0 0 0 1</matrix>
													</node>
												</node>
												<node id="LFingerB1_bone_id" name="LFingerB1" sid="LFingerB1" type="JOINT">
													<matrix>1 0 0 3.225121 0 1 0 0 0 0 1 0 0 0 0 1</matrix>
													<node id="LFingerB2_bone_id" name="LFingerB2" sid="LFingerB2" type="JOINT">
														<matrix>1 0 0 2.739928 0 1 0 0 0 0 1 0 0 0 0 1</matrix>
													</node>
												</node>
											</node>
										</node>
									</node>
									<node id="RArm_bone_id" name="RArm" sid="RArm" type="JOINT">
										<matrix>3.1391647E-07 -1 0 2.057885 1 3.1391647E-07 0 3.74573 0 0 1 0 0 0 0 1</matrix>
										<node id="RForeArm_bone_id" name="RForeArm" sid="RForeArm" type="JOINT">
											<matrix>1 0 0 8.67057 0 1 0 0 0 0 1 0 0 0 0 1</matrix>
											<node id="RHand_bone_id" name="RHand" sid="RHand" type="JOINT">
												<matrix>1 0 0 8.3754 0 1 0 0 0 0 1 0 0 0 0 1</matrix>
												<node id="RFingerA1_bone_id" name="RFingerA1" sid="RFingerA1" type="JOINT">
													<matrix>0.29824704 -0.09098074 -0.9501427 2.0113 0.2917776 0.9564861 -2.9802322E-08 0.8122 0.9087984 -0.27723038 0.31181532 2.3151 0 0 0 1</matrix>
													<node id="RFingerA2_bone_id" name="RFingerA2" sid="RFingerA2" type="JOINT">
														<matrix>1 3.8E-05 -1E-06 1.993985 -3.8E-05 1 3.8E-11 0 1E-06 0 1 0 0 0 0 1</matrix>
													</node>
												</node>
												<node id="RFingerB1_bone_id" name="RFingerB1" sid="RFingerB1" type="JOINT">
													<matrix>1 0 0 3.2251 0 1 0 0 0 0 1 0 0 0 0 1</matrix>
													<node id="RFingerB2_bone_id" name="RFingerB2" sid="RFingerB2" type="JOINT">
														<matrix>1 0 0 2.7399 0 1 0 0 0 0 1 0 0 0 0 1</matrix>
													</node>
												</node>
											</node>
										</node>
									</node>
								</node>
							</node>
						</node>
						<node id="Hips_bone_id" name="Hips" sid="Hips" type="JOINT">
							<matrix>-1 -3.2584137E-07 0 0 3.2584137E-07 -1 0 0 0 0 1 0 0 0 0 1</matrix>
							<node id="LThigh_bone_id" name="LThigh" sid="LThigh" type="JOINT">
								<matrix>0.63901824 1.1920929E-07 -0.76919156 2.936019 0.45620185 0.8051342 0.3789971 3.027934 0.6193025 -0.5930927 0.5144954 0 0 0 0 1</matrix>
								<node id="LLeg_bone_id" name="LLeg" sid="LLeg" type="JOINT">
									<matrix>0.3071762 0 0.95165265 6.465107 0 1 0 0 -0.95165265 0 0.3071762 0 0 0 0 1</matrix>
									<node id="LFoot_bone_id" name="LFoot" sid="LFoot" type="JOINT">
										<matrix>-0.3713154 0.00072059326 -0.9285065 2.863343 1.2098991E-07 0.9999997 0.00077602913 0 0.9285068 0.0002880392 -0.37131527 0 0 0 0 1</matrix>
										<node id="LToe_bone_id" name="LToe" sid="LToe" type="JOINT">
											<matrix>0.9999998 -4.425249E-07 -0.00057099975 2.290197 0 0.9999997 -0.00077499996 0.001114 0.0005709999 0.00077499985 0.9999995 -1.43689 0 0 0 1</matrix>
										</node>
									</node>
								</node>
							</node>
							<node id="RThigh_bone_id" name="RThigh" sid="RThigh" type="JOINT">
								<matrix>0.63901776 -1.1920929E-07 -0.7691919 2.936018 -0.45620245 0.8051338 -0.37899715 -3.02793 0.6193025 0.5930932 0.5144948 0 0 0 0 1</matrix>
								<node id="RLeg_bone_id" name="RLeg" sid="RLeg" type="JOINT">
									<matrix>0.30717427 1.14504E-06 0.9516533 6.465111 -1.2286971E-06 1 -8.066131E-07 0 -0.9516533 -9.215228E-07 0.30717427 0 0 0 0 1</matrix>
									<node id="RFoot_bone_id" name="RFoot" sid="RFoot" type="JOINT">
										<matrix>-0.37131914 -0.0007173563 -0.928505 2.863349 1.7381259E-06 0.9999997 -0.0007732876 0 0.9285053 -0.00028875037 -0.37131903 0 0 0 0 1</matrix>
										<node id="RToe_bone_id" name="RToe" sid="RToe" type="JOINT">
											<matrix>0.9999998 -5.607317E-07 -0.00056900055 2.290197 9.999998E-07 0.9999997 0.00077199936 -0.001106 0.00056899997 -0.0007719998 0.9999995 -1.436892 0 0 0 1</matrix>
										</node>
									</node>
								</node>
							</node>
							<node id="Tail1_bone_id" name="Tail1" sid="Tail1" type="JOINT">
								<matrix>3.1391647E-07 3.2584137E-07 -1 3.6814 0 -1 -3.2584137E-07 0 -1 1.02286974E-13 -3.1391647E-07 -3.705134 0 0 0 1</matrix>
								<node id="Tail2_bone_id" name="Tail2" sid="Tail2" type="JOINT">
									<matrix>1 0 0 6.657682 0 1 0 0 0 0 1 0 0 0 0 1</matrix>
									<node id="Tail3_bone_id" name="Tail3" sid="Tail3" type="JOINT">
										<matrix>1 0 0 6.885575 0 1 0 0 0 0 1 0 0 0 0 1</matrix>
										<node id="Tail4_bone_id" name="Tail4" sid="Tail4" type="JOINT">
											<matrix>1 0 0 6.712983 0 1 0 0 0 0 1 0 0 0 0 1</matrix>
											<node id="Tail5_bone_id" name="Tail5" sid="Tail5" type="JOINT">
												<matrix>1 0 0 6.66973 0 1 0 0 0 0 1 0 0 0 0 1</matrix>
												<node id="Tail6_bone_id" name="Tail6" sid="Tail6" type="JOINT">
													<matrix>1 0 0 6.199421 0 1 0 0 0 0 1 0 0 0 0 1</matrix>
												</node>
											</node>
										</node>
									</node>
								</node>
							</node>
						</node>
					</node>
				</node>
				<node id="pm0513_00_HeadSkin_bone_id" name="pm0513_00_HeadSkin" sid="pm0513_00_HeadSkin" type="JOINT">
					<matrix>1 0 0 0 0 1 0 0 0 0 1 0 0 0 0 1</matrix>
				</node>
				<node id="pm0513_00_BodySkin_bone_id" name="pm0513_00_BodySkin" sid="pm0513_00_BodySkin" type="JOINT">
					<matrix>1 0 0 0 0 1 0 0 0 0 1 0 0 0 0 1</matrix>
				</node>
				<node id="pm0513_00_IrisSkin_bone_id" name="pm0513_00_IrisSkin" sid="pm0513_00_IrisSkin" type="JOINT">
					<matrix>1 0 0 0 0 1 0 0 0 0 1 0 0 0 0 1</matrix>
				</node>
			</node>
			<node id="vsn_mesh_0_Body00_id" name="vsn_mesh_0_Body00" type="NODE">
				<matrix>1 0 0 0 0 1 0 0 0 0 1 0 0 0 0 1</matrix>
				<instance_controller url="#mesh_0_Body00_ctrl_id">
					<skeleton>#pm0513_00_bone_id</skeleton>
					<bind_material>
						<technique_common>
							<instance_material symbol="Body00" target="#Body00_mat_id" />
						</technique_common>
					</bind_material>
				</instance_controller>
			</node>
			<node id="vsn_mesh_1_Body00_id" name="vsn_mesh_1_Body00" type="NODE">
				<matrix>1 0 0 0 0 1 0 0 0 0 1 0 0 0 0 1</matrix>
				<instance_controller url="#mesh_1_Body00_ctrl_id">
					<skeleton>#pm0513_00_bone_id</skeleton>
					<bind_material>
						<technique_common>
							<instance_material symbol="Body00" target="#Body00_mat_id" />
						</technique_common>
					</bind_material>
				</instance_controller>
			</node>
			<node id="vsn_mesh_2_LEye_id" name="vsn_mesh_2_LEye" type="NODE">
				<matrix>1 0 0 0 0 1 0 0 0 0 1 0 0 0 0 1</matrix>
				<instance_controller url="#mesh_2_LEye_ctrl_id">
					<skeleton>#pm0513_00_bone_id</skeleton>
					<bind_material>
						<technique_common>
							<instance_material symbol="LEye" target="#LEye_mat_id" />
						</technique_common>
					</bind_material>
				</instance_controller>
			</node>
			<node id="vsn_mesh_3_REye_id" name="vsn_mesh_3_REye" type="NODE">
				<matrix>1 0 0 0 0 1 0 0 0 0 1 0 0 0 0 1</matrix>
				<instance_controller url="#mesh_3_REye_ctrl_id">
					<skeleton>#pm0513_00_bone_id</skeleton>
					<bind_material>
						<technique_common>
							<instance_material symbol="REye" target="#REye_mat_id" />
						</technique_common>
					</bind_material>
				</instance_controller>
			</node>
			<node id="vsn_mesh_4_Mouth_id" name="vsn_mesh_4_Mouth" type="NODE">
				<matrix>1 0 0 0 0 1 0 0 0 0 1 0 0 0 0 1</matrix>
				<instance_controller url="#mesh_4_Mouth_ctrl_id">
					<skeleton>#pm0513_00_bone_id</skeleton>
					<bind_material>
						<technique_common>
							<instance_material symbol="Mouth" target="#Mouth_mat_id" />
						</technique_common>
					</bind_material>
				</instance_controller>
			</node>
			<node id="vsn_mesh_5_LIris_id" name="vsn_mesh_5_LIris" type="NODE">
				<matrix>1 0 0 0 0 1 0 0 0 0 1 0 0 0 0 1</matrix>
				<instance_controller url="#mesh_5_LIris_ctrl_id">
					<skeleton>#pm0513_00_bone_id</skeleton>
					<bind_material>
						<technique_common>
							<instance_material symbol="LIris" target="#LIris_mat_id" />
						</technique_common>
					</bind_material>
				</instance_controller>
			</node>
			<node id="vsn_mesh_6_RIris_id" name="vsn_mesh_6_RIris" type="NODE">
				<matrix>1 0 0 0 0 1 0 0 0 0 1 0 0 0 0 1</matrix>
				<instance_controller url="#mesh_6_RIris_ctrl_id">
					<skeleton>#pm0513_00_bone_id</skeleton>
					<bind_material>
						<technique_common>
							<instance_material symbol="RIris" target="#RIris_mat_id" />
						</technique_common>
					</bind_material>
				</instance_controller>
			</node>
			<node id="vsn_mesh_7_Body01_id" name="vsn_mesh_7_Body01" type="NODE">
				<matrix>1 0 0 0 0 1 0 0 0 0 1 0 0 0 0 1</matrix>
				<instance_controller url="#mesh_7_Body01_ctrl_id">
					<skeleton>#pm0513_00_bone_id</skeleton>
					<bind_material>
						<technique_common>
							<instance_material symbol="Body01" target="#Body01_mat_id" />
						</technique_common>
					</bind_material>
				</instance_controller>
			</node>
		</visual_scene>
	</library_visual_scenes>
	<scene>
		<instance_visual_scene url="#vs_model_id" />
	</scene>
</COLLADA>