<?xml version="1.0" encoding="utf-8"?>
<COLLADA xmlns:xsi="http://www.w3.org/2001/XMLSchema-instance" xmlns:xsd="http://www.w3.org/2001/XMLSchema" version="1.4.1" xmlns="http://www.collada.org/2005/11/COLLADASchema">
  <asset>
    <created>2026-02-17T05:46:46.9755202-05:00</created>
    <modified>2026-02-17T05:46:46.9755204-05:00</modified>
    <up_axis>Y_UP</up_axis>
  </asset>
  <library_animations>
    <animation id="Motion_125_Waist_transform_id" name="Motion_125_Waist_transform">
      <source id="Motion_125_Waist_transform_frame_id" name="Motion_125_Waist_transform_frame">
        <float_array id="Motion_125_Waist_transform_frame_array_id" count="88">0 0.033333335 0.06666667 0.1 0.13333334 0.16666667 0.2 0.23333333 0.26666668 0.3 0.33333334 0.36666667 0.4 0.43333334 0.46666667 0.5 0.53333336 0.56666666 0.6 0.6333333 0.6666667 0.7 0.73333335 0.76666665 0.8 0.8333333 0.8666667 0.9 0.93333334 0.96666664 1 1.0333333 1.0666667 1.1 1.1333333 1.1666666 1.2 1.2333333 1.2666667 1.3 1.3333334 1.3666667 1.4 1.4333333 1.4666667 1.5 1.5333333 1.5666667 1.6 1.6333333 1.6666666 1.7 1.7333333 1.7666667 1.8 1.8333334 1.8666667 1.9 1.9333333 1.9666667 2 2.0333333 2.0666666 2.1 2.1333334 2.1666667 2.2 2.2333333 2.2666667 2.3 2.3333333 2.3666666 2.4 2.4333334 2.4666667 2.5 2.5333333 2.5666666 2.6 2.6333334 2.6666667 2.7 2.7333333 2.7666667 2.8 2.8333333 2.8666666 2.9</float_array>
        <technique_common>
          <accessor source="#Motion_125_Waist_transform_frame_array_id" count="88" stride="1">
            <param name="TIME" type="float" />
          </accessor>
        </technique_common>
      </source>
      <source id="Motion_125_Waist_transform_interp_id" name="Motion_125_Waist_transform_interp">
        <Name_array id="Motion_125_Waist_transform_interp_array_id" count="88">LINEAR LINEAR LINEAR LINEAR LINEAR LINEAR LINEAR LINEAR LINEAR LINEAR LINEAR LINEAR LINEAR LINEAR LINEAR LINEAR LINEAR LINEAR LINEAR LINEAR LINEAR LINEAR LINEAR LINEAR LINEAR LINEAR LINEAR LINEAR LINEAR LINEAR LINEAR LINEAR LINEAR LINEAR LINEAR LINEAR LINEAR LINEAR LINEAR LINEAR LINEAR LINEAR LINEAR LINEAR LINEAR LINEAR LINEAR LINEAR LINEAR LINEAR LINEAR LINEAR LINEAR LINEAR LINEAR LINEAR LINEAR LINEAR LINEAR LINEAR LINEAR LINEAR LINEAR LINEAR LINEAR LINEAR LINEAR LINEAR LINEAR LINEAR LINEAR LINEAR LINEAR LINEAR LINEAR LINEAR LINEAR LINEAR LINEAR LINEAR LINEAR LINEAR LINEAR LINEAR LINEAR LINEAR LINEAR LINEAR</Name_array>
        <technique_common>
          <accessor source="#Motion_125_Waist_transform_interp_array_id" count="88" stride="1">
            <param name="INTERPOLATION" type="Name" />
          </accessor>
        </technique_common>
      </source>
      <source id="Motion_125_Waist_transform_pose_id" name="Motion_125_Waist_transform_pose">
        <float_array id="Motion_125_Waist_transform_pose_array_id" count="1408">0.021491349 -0.99975955 -0.0043517025 4.953155 0.99948156 0.021589339 -0.023887217 46.69992 0.023975424 -0.0038360776 0.9997052 -1.860086 0 0 0 1 0.01883614 -0.9997358 0.01317881 5.114088 0.9991699 0.018346012 -0.036372714 46.006077 0.03612132 0.013852992 0.99925137 -1.431953 0 0 0 1 0.016760051 -0.9994259 0.029443491 5.2455606 0.99864686 0.015282571 -0.04970665 45.799973 0.049228143 0.030236732 0.99832976 -0.9957826 0 0 0 1 0.015851498 -0.9989364 0.043298446 5.3299108 0.9978137 0.013025284 -0.06479287 45.96083 0.06415999 0.04423085 0.9969589 -0.55619615 0 0 0 1 0.016368628 -0.9983696 0.0546842 5.3788066 0.996974 0.012140155 -0.07678208 46.374126 0.07599301 0.05577554 0.9955472 -0.14199635 0 0 0 1 0.017908216 -0.9978361 0.06326335 5.4006357 0.99630094 0.012490332 -0.08502001 47.0111 0.084045865 0.06455188 0.9943688 0.21240592 0 0 0 1 0.020057976 -0.99744165 0.06861421 5.4037848 0.99590826 0.013884366 -0.089297034 47.82199 0.08811591 0.070124574 0.9936388 0.48747116 0 0 0 1 0.022431016 -0.99725044 0.070628606 5.387197 0.9958248 0.016034365 -0.08986573 48.757027 0.08848616 0.0723495 0.9934464 0.69915414 0 0 0 1 0.024657845 -0.997292 0.06928652 5.345609 0.9960633 0.018606126 -0.086669795 49.77385 0.08514594 0.07115085 0.9938248 0.8662863 0 0 0 1 0.026602209 -0.9975505 0.06469368 5.2811 0.99660385 0.021420479 -0.07951069 50.829823 0.07793016 0.06658913 0.9947325 0.99666935 0 0 0 1 0.02833277 -0.9979553 0.057293583 5.1957483 0.9975079 0.024521947 -0.06615672 51.87477 0.0646165 0.059025206 0.996163 1.0759951 0 0 0 1 0.02985853 -0.9984229 0.047541235 5.096272 0.9984115 0.02751702 -0.04916746 52.858532 0.047781724 0.04893378 0.99765843 1.0899298 0 0 0 1 0.031189322 -0.9988849 0.035444234 4.993907 0.999051 0.030076504 -0.03150638 53.730934 0.030405205 0.03639326 0.9988749 1.0241402 0 0 0 1 0.032327652 -0.99922585 0.022415679 4.8975058 0.99935305 0.031961918 -0.016487496 54.4418 0.015758287 0.022934178 0.99961275 0.86429286 0 0 0 1 0.03321278 -0.99939156 0.010652108 4.815923 0.99942887 0.03314376 -0.006592207 54.95333 0.0062351455 0.010864969 0.99992156 0.5959001 0 0 0 1 0.03353101 -0.9994355 0.0020848226 4.758012 0.99943763 0.033530176 -0.00042404898 55.223675 0.00035390514 0.0020978688 0.99999774 0.22792113 0 0 0 1 0.033123016 -0.99945056 -0.0012223932 4.7326255 0.99944663 0.033119142 0.0030935653 55.168377 -0.0030513809 -0.0013241852 0.99999446 -0.21880803 0 0 0 1 0.032117784 -0.99948406 0.0003584337 4.748618 0.9994782 0.032118857 0.0034271064 54.504654 -0.0034368506 0.00024817546 0.99999404 -0.72345126 0 0 0 1 0.030661166 -0.9995146 0.0055250246 4.8063407 0.9995296 0.030664682 0.0005564103 52.958645 -0.00072556385 0.0055053653 0.99998456 -1.2651724 0 0 0 1 0.028913975 -0.99949557 0.013134392 4.8929276 0.99956924 0.028844893 -0.005416691 50.74768 0.005035098 0.013285352 0.9998991 -1.8298949 0 0 0 1 0.027145386 -0.9993737 0.022698302 4.997409 0.9995451 0.026837587 -0.013756734 48.080223 0.013138954 0.02306141 0.99964774 -2.2678168 0 0 0 1 0.025601566 -0.99909455 0.03398092 5.1088142 0.9994132 0.024806261 -0.023623012 44.922813 0.022758681 0.03456576 0.99914324 -2.4261882 0 0 0 1 0.0243963 -0.99863493 0.046185367 5.216173 0.99917364 0.022855043 -0.03361014 43.134346 0.032508694 0.046967167 0.9983673 -2.3664007 0 0 0 1 0.023623586 -0.9980056 0.05853706 5.308515 0.9988742 0.021153808 -0.042458292 43.261375 0.04113534 0.059474174 0.9973819 -2.1852424 0 0 0 1 0.023347616 -0.99735266 0.068864755 5.374871 0.99860877 0.020008445 -0.04878574 43.770256 0.047278713 0.069907986 0.9964324 -1.9530014 0 0 0 1 0.023452222 -0.9969119 0.07494459 5.4042687 0.9984709 0.019603133 -0.05168819 44.51658 0.050059415 0.0760422 0.9958472 -1.6606797 0 0 0 1 0.02376771 -0.9967278 0.077256784 5.3949056 0.9984269 0.01974076 -0.052476715 45.464058 0.050779905 0.078382514 0.99562925 -1.2911409 0 0 0 1 0.02422446 -0.99673635 0.077005446 5.356507 0.9984804 0.020309031 -0.051228996 46.56167 0.0494979 0.078129426 0.9957137 -0.9024401 0 0 0 1 0.024743259 -0.9969133 0.074509606 5.295397 0.9986472 0.021238863 -0.04746322 47.758408 0.04573421 0.075583205 0.9960901 -0.5047618 0 0 0 1 0.025242746 -0.9973626 0.06804861 5.2179003 0.9989345 0.022534728 -0.040273197 49.00325 0.038633525 0.06899272 0.99686885 -0.117263556 0 0 0 1 0.02570343 -0.9979683 0.058299635 5.1303406 0.99924135 0.023941517 -0.030720716 50.245193 0.02926251 0.059045024 0.99782634 0.24089752 0 0 0 1 0.026098728 -0.9985596 0.04687832 5.0390415 0.9994863 0.025192976 -0.019809831 51.433212 0.018600296 0.04737125 0.99870414 0.55056345 0 0 0 1 0.02644831 -0.99902296 0.035405967 4.950328 0.99962115 0.026160896 -0.008556314 52.5163 0.007621702 0.035618853 0.99933636 0.79257774 0 0 0 1 0.026677549 -0.9993186 0.025506638 4.8705244 0.99964046 0.02673763 0.0020170547 53.44344 -0.002697668 0.025443658 0.9996726 0.9515362 0 0 0 1 0.0265854 -0.9994756 0.018495655 4.805954 0.9995775 0.02679658 0.011267806 54.163616 -0.011757519 0.01818828 0.99976546 0.9991483 0 0 0 1 0.02594775 -0.99953663 0.015911175 4.762942 0.9994719 0.026250958 0.019152844 54.625816 -0.019561654 0.015405798 0.99968994 0.8615122 0 0 0 1 0.024584353 -0.9995496 0.017207155 4.747812 0.99940157 0.024992406 0.023914391 54.79374 -0.024333669 0.016608937 0.9995659 0.46934512 0 0 0 1 0.022534847 -0.99952734 0.020911656 4.768621 0.99945545 0.023027658 0.023633039 54.484585 -0.024103414 0.020367702 0.99950194 -0.09437184 0 0 0 1 0.020235062 -0.9994509 0.02623589 4.823406 0.9996424 0.020683825 0.016947031 53.674503 -0.017480385 0.025883585 0.99951214 -0.70892286 0 0 0 1 0.018089294 -0.9992957 0.03287584 4.9034634 0.9998193 0.018271446 0.005249682 52.458717 -0.0058466718 0.032774936 0.9994457 -1.2909198 0 0 0 1 0.016483605 -0.9990515 0.04030603 5.000087 0.9998254 0.016114295 -0.009471002 50.572754 0.008812513 0.040455107 0.99914247 -1.8216841 0 0 0 1 0.015796483 -0.9987232 0.0479821 5.104572 0.99957484 0.014597416 -0.025238533 48.23584 0.024505895 0.04836038 0.9985293 -2.2871752 0 0 0 1 0.016229033 -0.99833524 0.055345982 5.208213 0.9990978 0.014019132 -0.040085882 45.74904 0.03924325 0.05594661 0.99766225 -2.4343503 0 0 0 1 0.017525733 -0.99792534 0.06195341 5.3023057 0.998506 0.014261067 -0.052750636 44.003872 0.051757656 0.06278535 0.9966841 -2.290867 0 0 0 1 0.019376159 -0.997551 0.06720503 5.378145 0.9979022 0.0151425 -0.06294291 43.89407 0.06177111 0.06828363 0.9957518 -1.8969663 0 0 0 1 0.021463752 -0.99726987 0.070654556 5.427125 0.99738944 0.016485512 -0.07030293 44.855064 0.06894623 0.071979076 0.99502033 -1.2747447 0 0 0 1 0.023442924 -0.9971578 0.07160164 5.439158 0.99718857 0.018224537 -0.072683625 46.527454 0.071172126 0.073104255 0.99478155 -0.54261994 0 0 0 1 0.024974704 -0.9972925 0.06916527 5.4033175 0.99748075 0.020264804 -0.06798047 48.55431 0.0663948 0.070688814 0.9952863 0.17374182 0 0 0 1 0.026013553 -0.9976815 0.06288869 5.3167624 0.9980773 0.022380471 -0.057799906 50.668736 0.05625842 0.06427135 0.9963454 0.6974523 0 0 0 1 0.026794016 -0.99821746 0.05333215 5.1980906 0.9987099 0.024428666 -0.04451977 52.602974 0.043137565 0.054456208 0.9975839 0.98303235 0 0 0 1 0.02745992 -0.9987319 0.042197835 5.0685363 0.9991922 0.02618444 -0.03048617 53.975136 0.02934258 0.043000896 0.99864405 0.95935297 0 0 0 1 0.028120756 -0.9991258 0.030936843 4.9493303 0.9994524 0.027562916 -0.01831216 54.653645 0.017443435 0.031434853 0.9993536 0.5764365 0 0 0 1 0.028841019 -0.9993708 0.02064453 4.8617067 0.9995407 0.028641343 -0.009902032 54.69416 0.009304515 0.020920632 0.99973786 -0.12296684 0 0 0 1 0.029649615 -0.9994819 0.012526709 4.821923 0.9995465 0.029580891 -0.0056344755 54.376442 0.005261005 0.012688087 0.99990565 -0.9591119 0 0 0 1 0.030578732 -0.9994987 0.008201096 4.826265 0.9995167 0.030531347 -0.005842119 53.61979 0.0055887997 0.008375777 0.9999493 -1.7522776 0 0 0 1 0.031663954 -0.9994617 0.008588822 4.866009 0.9994442 0.031571448 -0.010703183 52.343235 0.01042626 0.008922954 0.9999058 -2.2443664 0 0 0 1 0.032874525 -0.999383 0.01236432 4.932431 0.99925625 0.0326159 -0.020570936 50.378513 0.020154972 0.013031384 0.99971193 -2.435169 0 0 0 1 0.034155786 -0.9992476 0.018374521 5.0168066 0.9987981 0.033482254 -0.03579515 47.831154 0.035152994 0.019575048 0.9991902 -2.411299 0 0 0 1 0.035440743 -0.9990528 0.025246978 5.110411 0.99800617 0.034060776 -0.053136826 45.27664 0.052226566 0.02707985 0.998268 -2.3540046 0 0 0 1 0.03666091 -0.99881357 0.032054655 5.2045207 0.99702436 0.034380972 -0.06899559 43.291477 0.06781165 0.034488715 0.99710184 -2.2621198 0 0 0 1 0.037700415 -0.99862474 0.03643078 5.291852 0.996249 0.03471917 -0.079261884 43.15195 0.07788804 0.03928234 0.9961879 -2.14221 0 0 0 1 0.038442492 -0.99856573 0.037263468 5.3686233 0.99583226 0.035197496 -0.084138356 43.4931 0.0827061 0.040342644 0.9957571 -2.0008402 0 0 0 1 0.03882748 -0.9986177 0.03542555 5.4313626 0.9956737 0.035669327 -0.085798554 43.973526 0.08441636 0.038603626 0.9956825 -1.8413302 0 0 0 1 0.038936555 -0.9987105 0.03257758 5.476598 0.99570155 0.036036074 -0.0853225 44.57948 0.08403851 0.035759714 0.99582064 -1.6531253 0 0 0 1 0.038986623 -0.9987869 0.030081194 5.5008564 0.9958738 0.036368847 -0.083142824 45.29153 0.08194794 0.033198535 0.9960835 -1.4299595 0 0 0 1 0.03914529 -0.99881345 0.028975036 5.5006676 0.9961309 0.03672397 -0.07984266 46.090282 0.07868382 0.031988394 0.9963863 -1.1816262 0 0 0 1 0.039654374 -0.99865913 0.033281423 5.4701343 0.9964392 0.03704202 -0.07574259 46.956306 0.0744082 0.036166437 0.99657184 -0.91796607 0 0 0 1 0.04068327 -0.99804574 0.047429617 5.367438 0.99676174 0.0372442 -0.07126614 47.870193 0.06936039 0.05017536 0.99632907 -0.6488199 0 0 0 1 0.04216844 -0.9964389 0.07301635 5.156954 0.99706644 0.03729725 -0.06683869 48.812534 0.06387735 0.075620644 0.9950885 -0.3840289 0 0 0 1 0.04290098 -0.9952569 0.08730982 4.9056973 0.9973786 0.037567317 -0.061842013 49.763905 0.05826871 0.08973403 0.99425983 -0.12858091 0 0 0 1 0.0422225 -0.99604917 0.07812446 4.7102714 0.99770844 0.037896514 -0.056051288 50.7049 0.052869186 0.080312066 0.9953667 0.11515899 0 0 0 1 0.040742874 -0.9977141 0.053912055 4.6419773 0.99802977 0.038060486 -0.049879123 51.616093 0.047713187 0.055838052 0.99729913 0.341285 0 0 0 1 0.039168775 -0.9989703 0.022895731 4.6852503 0.99831635 0.03814149 -0.043701958 52.478085 0.042783678 0.024568934 0.9987822 0.54389143 0 0 0 1 0.037947416 -0.9992394 -0.008974761 4.806396 0.99855536 0.03826028 -0.037726376 53.27145 0.03804106 -0.00753018 0.9992478 0.7170727 0 0 0 1 0.037147105 -0.99877214 -0.032774687 4.973764 0.9987484 0.038205385 -0.03227728 53.977757 0.033489816 -0.031534664 0.9989414 0.8549229 0 0 0 1 0.036913693 -0.9984227 -0.042303886 5.1474686 0.99889344 0.038099468 -0.027573794 54.576324 0.029142056 -0.041239224 0.9987242 0.9515362 0 0 0 1 0.037266433 -0.9987887 -0.032126285 5.2814603 0.99899256 0.038039625 -0.023802709 55.04439 0.02499595 -0.031206887 0.99920034 1.0028436 0 0 0 1 0.037707806 -0.9992396 -0.0099143125 5.329688 0.9990671 0.037906528 -0.020689126 55.373226 0.02104921 -0.009124923 0.9997368 0.9708421 0 0 0 1 0.037791133 -0.99921 0.0122943055 5.2596006 0.9991331 0.037567496 -0.017937396 55.541157 0.01746136 0.012961522 0.99976355 0.6541319 0 0 0 1 0.037421286 -0.9990474 0.022448149 5.0990615 0.9991957 0.037084043 -0.015255941 55.514008 0.014408941 0.023000991 0.9996316 0.21626852 0 0 0 1 0.036641598 -0.9991651 0.018065853 4.892645 0.99925727 0.036417246 -0.012595158 55.19225 0.011926735 0.018513942 0.99975747 -0.30076104 0 0 0 1 0.03546995 -0.9993438 0.007340625 4.6849256 0.99932 0.03539312 -0.010340747 54.484154 0.010074154 0.0077024186 0.9999196 -0.83807737 0 0 0 1 0.03394282 -0.99940187 -0.006601052 4.5204782 0.99938446 0.033999264 -0.008637201 53.36857 0.008856466 -0.0063038194 0.99994093 -1.3368007 0 0 0 1 0.03205484 -0.9993039 -0.019088387 4.4438763 0.99945194 0.03220582 -0.007656017 51.822617 0.008265445 -0.018832512 0.99978846 -1.7380518 0 0 0 1 0.029839694 -0.9991902 -0.02699177 4.4779105 0.99952054 0.030051291 -0.0074670184 49.921505 0.008272109 -0.026756013 0.99960774 -1.9829507 0 0 0 1 0.027339697 -0.9992642 -0.026899207 4.594896 0.99957734 0.027594388 -0.009143849 47.934258 0.009879389 -0.026637848 0.99959636 -2.033891 0 0 0 1 0.024541855 -0.99951607 -0.019109067 4.76369 0.9995933 0.0248124 -0.014053091 46.80272 0.014520433 -0.018756408 0.99971867 -1.9998434 0 0 0 1 0.024541855 -0.99951607 -0.019109067 4.76369 0.9995933 0.0248124 -0.014053091 46.80272 0.014520433 -0.018756408 0.99971867 -1.9998434 0 0 0 1</float_array>
        <technique_common>
          <accessor source="#Motion_125_Waist_transform_pose_array_id" count="88" stride="16">
            <param name="TRANSFORM" type="float4x4" />
          </accessor>
        </technique_common>
      </source>
      <sampler id="Motion_125_Waist_transform_samp_id">
        <input semantic="INPUT" source="#Motion_125_Waist_transform_frame_id" />
        <input semantic="INTERPOLATION" source="#Motion_125_Waist_transform_interp_id" />
        <input semantic="OUTPUT" source="#Motion_125_Waist_transform_pose_id" />
      </sampler>
      <channel source="#Motion_125_Waist_transform_samp_id" target="Waist_bone_id/transform" />
    </animation>
    <animation id="Motion_125_Hips_transform_id" name="Motion_125_Hips_transform">
      <source id="Motion_125_Hips_transform_frame_id" name="Motion_125_Hips_transform_frame">
        <float_array id="Motion_125_Hips_transform_frame_array_id" count="88">0 0.033333335 0.06666667 0.1 0.13333334 0.16666667 0.2 0.23333333 0.26666668 0.3 0.33333334 0.36666667 0.4 0.43333334 0.46666667 0.5 0.53333336 0.56666666 0.6 0.6333333 0.6666667 0.7 0.73333335 0.76666665 0.8 0.8333333 0.8666667 0.9 0.93333334 0.96666664 1 1.0333333 1.0666667 1.1 1.1333333 1.1666666 1.2 1.2333333 1.2666667 1.3 1.3333334 1.3666667 1.4 1.4333333 1.4666667 1.5 1.5333333 1.5666667 1.6 1.6333333 1.6666666 1.7 1.7333333 1.7666667 1.8 1.8333334 1.8666667 1.9 1.9333333 1.9666667 2 2.0333333 2.0666666 2.1 2.1333334 2.1666667 2.2 2.2333333 2.2666667 2.3 2.3333333 2.3666666 2.4 2.4333334 2.4666667 2.5 2.5333333 2.5666666 2.6 2.6333334 2.6666667 2.7 2.7333333 2.7666667 2.8 2.8333333 2.8666666 2.9</float_array>
        <technique_common>
          <accessor source="#Motion_125_Hips_transform_frame_array_id" count="88" stride="1">
            <param name="TIME" type="float" />
          </accessor>
        </technique_common>
      </source>
      <source id="Motion_125_Hips_transform_interp_id" name="Motion_125_Hips_transform_interp">
        <Name_array id="Motion_125_Hips_transform_interp_array_id" count="88">LINEAR LINEAR LINEAR LINEAR LINEAR LINEAR LINEAR LINEAR LINEAR LINEAR LINEAR LINEAR LINEAR LINEAR LINEAR LINEAR LINEAR LINEAR LINEAR LINEAR LINEAR LINEAR LINEAR LINEAR LINEAR LINEAR LINEAR LINEAR LINEAR LINEAR LINEAR LINEAR LINEAR LINEAR LINEAR LINEAR LINEAR LINEAR LINEAR LINEAR LINEAR LINEAR LINEAR LINEAR LINEAR LINEAR LINEAR LINEAR LINEAR LINEAR LINEAR LINEAR LINEAR LINEAR LINEAR LINEAR LINEAR LINEAR LINEAR LINEAR LINEAR LINEAR LINEAR LINEAR LINEAR LINEAR LINEAR LINEAR LINEAR LINEAR LINEAR LINEAR LINEAR LINEAR LINEAR LINEAR LINEAR LINEAR LINEAR LINEAR LINEAR LINEAR LINEAR LINEAR LINEAR LINEAR LINEAR LINEAR</Name_array>
        <technique_common>
          <accessor source="#Motion_125_Hips_transform_interp_array_id" count="88" stride="1">
            <param name="INTERPOLATION" type="Name" />
          </accessor>
        </technique_common>
      </source>
      <source id="Motion_125_Hips_transform_pose_id" name="Motion_125_Hips_transform_pose">
        <float_array id="Motion_125_Hips_transform_pose_array_id" count="1408">-0.9637139 0.015018084 0.2665145 -0.009998 -0.014474734 -0.9998872 0.004003117 0 0.26654455 1.3317913E-07 0.9638226 0 0 0 0 1 -0.9635738 0.023067068 0.26644585 -0.009998 -0.022237677 -0.9997339 0.0061298977 0 0.26651636 -1.8528663E-05 0.9638304 0 0 0 0 1 -0.96339893 0.03051566 0.26632804 -0.009998 -0.029429883 -0.999534 0.00806794 0 0.26645023 -6.535649E-05 0.96384865 0 0 0 0 1 -0.9632187 0.036716044 0.2661986 -0.009998 -0.03542079 -0.99932575 0.009666919 0 0.26637402 -0.000117608346 0.96386975 0 0 0 0 1 -0.96307266 0.041021444 0.26609755 -0.009998 -0.039580494 -0.999158 0.0107780555 0 0.2663157 -0.00015222095 0.96388584 0 0 0 0 1 -0.96300507 0.042784534 0.2660654 -0.009998 -0.041278444 -0.99908435 0.011252898 0 0.2663032 -0.00014616828 0.9638893 0 0 0 0 1 -0.963047 0.041358203 0.26613948 -0.009998 -0.039884597 -0.99914455 0.010941938 0 0.2663643 -7.726671E-05 0.96387243 0 0 0 0 1 -0.9631921 0.036723867 0.26629353 -0.009998 -0.035398774 -0.9993254 0.009775957 0 0.26647294 -1.0339543E-05 0.9638424 0 0 0 0 1 -0.9633995 0.029757839 0.26641235 -0.009998 -0.02867981 -0.999557 0.007937095 0 0.26653054 5.939044E-06 0.9638265 0 0 0 0 1 -0.96360314 0.02118323 0.2664949 -0.009998 -0.020405103 -0.9997753 0.005688851 0 0.26655564 4.3940032E-05 0.9638195 0 0 0 0 1 -0.9637387 0.011722129 0.2665911 -0.009998 -0.011274224 -0.99993145 0.0032106093 0 0.2666104 8.85803E-05 0.96380436 0 0 0 0 1 -0.96378314 0.002078833 0.26667964 -0.009998 -0.001968775 -0.999998 0.0006800552 0 0.26668048 0.00013039348 0.963785 0 0 0 0 1 -0.96374106 -0.0070397784 0.26674575 -0.009998 0.006827747 -0.99997497 -0.0017223246 0 0.26675123 0.00016139739 0.9637654 0 0 0 0 1 -0.9636415 -0.014928414 0.266781 -0.009998 0.014434062 -0.99988854 -0.003813948 0 0.26680818 0.00017545477 0.96374965 0 0 0 0 1 -0.96353066 -0.020882655 0.26678187 -0.009998 0.020170234 -0.99978197 -0.005410644 0 0.2668367 0.00016773143 0.9637417 0 0 0 0 1 -0.9634628 -0.02419814 0.26674697 -0.009998 0.023356574 -0.9997072 -0.0063275914 0 0.26682195 0.00013389578 0.96374583 0 0 0 0 1 -0.96348405 -0.024170248 0.26667276 -0.009998 0.02331291 -0.9997078 -0.006380743 0 0.26674905 6.9173984E-05 0.96376604 0 0 0 0 1 -0.96360075 -0.020354632 0.2665697 -0.009998 0.019618489 -0.99979293 -0.005424574 0 0.2666249 2.570916E-06 0.9638004 0 0 0 0 1 -0.9637356 -0.013395952 0.26652312 -0.009998 0.012906957 -0.99991035 -0.0035863994 0 0.26654726 -1.633761E-05 0.9638218 0 0 0 0 1 -0.9638227 -0.0042623887 0.2665106 -0.009998 0.004097459 -0.99999106 -0.0011749112 0 0.26651317 -4.0389597E-05 0.9638313 0 0 0 0 1 -0.96383095 0.0060690227 0.266446 -0.009998 -0.005867573 -0.9999819 0.0015521492 0 0.26645052 -6.7382E-05 0.9638486 0 0 0 0 1 -0.96373475 0.016640004 0.26634195 -0.009998 -0.01606394 -0.99986136 0.0043414817 0 0.2663773 -9.446358E-05 0.96386886 0 0 0 0 1 -0.9635478 0.026491627 0.2662213 -0.009998 -0.025565796 -0.99964905 0.0069433246 0 0.2663118 -0.00011593453 0.9638869 0 0 0 0 1 -0.9633173 0.034666605 0.26611593 -0.009998 -0.03344796 -0.9993988 0.009111686 0 0.26627186 -0.00012358883 0.96389794 0 0 0 0 1 -0.9631165 0.04020885 0.2660642 -0.009998 -0.038785744 -0.9991914 0.010603258 0 0.26627538 -0.00010732608 0.963897 0 0 0 0 1 -0.9630213 0.042163614 0.2661056 -0.009998 -0.040655676 -0.9991107 0.011175396 0 0.26634014 -5.655689E-05 0.9638791 0 0 0 0 1 -0.96308184 0.03975151 0.26625782 -0.009998 -0.038310487 -0.99920964 0.010606109 0 0.266469 1.4084391E-05 0.96384346 0 0 0 0 1 -0.96327865 0.03349298 0.26640627 -0.009998 -0.032265674 -0.9994389 0.008983845 0 0.26655772 5.8168545E-05 0.96381897 0 0 0 0 1 -0.9635254 0.02441994 0.26650122 -0.009998 -0.02350342 -0.999702 0.006628561 0 0.2665836 0.0001230964 0.9638118 0 0 0 0 1 -0.9637153 0.01357846 0.26658663 -0.009998 -0.013036495 -0.99990785 0.0038026609 0 0.2666137 0.00018932752 0.96380347 0 0 0 0 1 -0.9637935 0.001997489 0.26664186 -0.009998 -0.001860184 -0.99999785 0.0007675149 0 0.26664287 0.00024372304 0.96379536 0 0 0 0 1 -0.9637469 -0.00929107 0.2666571 -0.009998 0.009028293 -0.99995697 -0.0022113838 0 0.2666661 0.00027624454 0.9637889 0 0 0 0 1 -0.96360517 -0.019255864 0.26663437 -0.009998 0.018633315 -0.9998144 -0.0048648277 0 0.2666786 0.0002805083 0.96378547 0 0 0 0 1 -0.9634366 -0.02686791 0.26658583 -0.009998 0.025962459 -0.99963903 -0.006920944 0 0.26667553 0.00025333208 0.96378636 0 0 0 0 1 -0.96332514 -0.031097896 0.26652855 -0.009998 0.030023366 -0.99951625 -0.008106416 0 0.26665175 0.00019297004 0.9637929 0 0 0 0 1 -0.96334505 -0.030917903 0.26647732 -0.009998 0.029824806 -0.99952185 -0.0081490595 0 0.2666019 9.727897E-05 0.96380675 0 0 0 0 1 -0.963506 -0.025612423 0.2664591 -0.009998 0.02468667 -0.99967206 -0.0068238247 0 0.2665465 3.1930394E-06 0.96382207 0 0 0 0 1 -0.96370745 -0.016021674 0.26647964 -0.009998 0.015440975 -0.9998716 -0.004274385 0 0.2665139 -4.5511406E-06 0.96383107 0 0 0 0 1 -0.96384084 -0.0034821767 0.26645508 -0.009998 0.0033586023 -0.9999937 -0.0009194674 0 0.2664567 8.696457E-06 0.96384686 0 0 0 0 1 -0.9638108 0.01068656 0.26637247 -0.009998 -0.010293134 -0.9999428 0.002873102 0 0.26638797 2.7319416E-05 0.9638659 0 0 0 0 1 -0.9635798 0.025163295 0.2662351 -0.009998 -0.024243714 -0.9996835 0.0067405785 0 0.2663204 4.055747E-05 0.96388453 0 0 0 0 1 -0.9631809 0.03862786 0.26606563 -0.009998 -0.037221808 -0.99925387 0.010327164 0 0.26626596 4.3481123E-05 0.9638996 0 0 0 0 1 -0.9627141 0.04976199 0.26590478 -0.009998 -0.04795616 -0.99876106 0.013283966 0 0.26623636 3.6888756E-05 0.9639078 0 0 0 0 1 -0.9623252 0.05724975 0.2658057 -0.009998 -0.055176545 -0.9983599 0.015267078 0 0.2662438 2.5655609E-05 0.96390575 0 0 0 0 1 -0.96216655 0.059779447 0.2658229 -0.009998 -0.05761678 -0.9982115 0.015933901 0 0.26630002 1.5207566E-05 0.9638902 0 0 0 0 1 -0.96234345 0.056035873 0.2659989 -0.009998 -0.054008584 -0.99842894 0.014936268 0 0.26641792 7.5949356E-06 0.9638576 0 0 0 0 1 -0.96282053 0.045674022 0.26625282 -0.009998 -0.044018153 -0.99895644 0.012186814 0 0.2665316 1.37561E-05 0.9638262 0 0 0 0 1 -0.9633486 0.031057011 0.2664485 -0.009998 -0.029925123 -0.99951756 0.008308176 0 0.26657802 3.0166004E-05 0.96381336 0 0 0 0 1 -0.9636862 0.014951364 0.26661944 -0.009998 -0.014400921 -0.99988854 0.0040196907 0 0.26664972 3.4153927E-05 0.9637935 0 0 0 0 1 -0.96377635 0.00010276936 0.26671186 -0.009998 -9.301857E-05 -1 4.9192637E-05 0 0.26671186 2.2601544E-05 0.9637763 0 0 0 0 1 -0.9637158 -0.010744813 0.26671335 -0.009998 0.0103568705 -0.99994206 -0.0028611636 0 0.26672867 4.9667433E-06 0.96377164 0 0 0 0 1 -0.9636835 -0.014849478 0.26663443 -0.009998 0.014311088 -0.99988985 -0.0039622933 0 0.26666388 -2.5669578E-06 0.9637896 0 0 0 0 1 -0.9637741 -0.010184357 0.26652643 -0.009998 0.009809645 -0.9999484 -0.0027372502 0 0.2665405 -2.3560482E-05 0.96382374 0 0 0 0 1 -0.96385205 0.0014336485 0.2664344 -0.009998 -0.0014006294 -0.99999905 0.00031395227 0 0.26643458 -7.057234E-05 0.963853 0 0 0 0 1 -0.96375394 0.016955769 0.26625323 -0.009998 -0.016372954 -0.99985623 0.0044087083 0 0.2662897 -0.00011044182 0.96389306 0 0 0 0 1 -0.9633813 0.033363387 0.2660512 -0.009998 -0.032188207 -0.9994433 0.008777605 0 0.26619592 -0.00010752911 0.9639189 0 0 0 0 1 -0.962808 0.047790002 0.26592696 -0.009998 -0.046074685 -0.9988576 0.01268892 0 0.2662295 -3.5508536E-05 0.9639097 0 0 0 0 1 -0.9622252 0.058362707 0.26592636 -0.009998 -0.05625131 -0.99829566 0.015556217 0 0.26638097 9.876676E-06 0.96386784 0 0 0 0 1 -0.9617982 0.0649893 0.26593408 -0.009998 -0.06262085 -0.99788606 0.017385148 0 0.26650175 6.7983754E-05 0.96383446 0 0 0 0 1 -0.9615141 0.069252074 0.26588473 -0.009998 -0.06669523 -0.99759924 0.018644974 0 0.26653758 0.00019416306 0.9638245 0 0 0 0 1 -0.9613074 0.07212493 0.2658687 -0.009998 -0.06944159 -0.99739563 0.019492248 0 0.26658216 0.0002756957 0.9638122 0 0 0 0 1 -0.96116817 0.07400963 0.26585358 -0.009998 -0.07125594 -0.99725735 0.020002373 0 0.26660484 0.00028199796 0.96380585 0 0 0 0 1 -0.9611095 0.074748866 0.26585922 -0.009998 -0.07197442 -0.9972023 0.020177767 0 0.2666237 0.000257981 0.96380067 0 0 0 0 1 -0.9611279 0.07443938 0.2658798 -0.009998 -0.07168774 -0.99722564 0.020053282 0 0.26663488 0.0002134461 0.96379757 0 0 0 0 1 -0.9612168 0.07317714 0.2659085 -0.009998 -0.07048597 -0.997319 0.019663315 0 0.2666345 0.00015788805 0.9637977 0 0 0 0 1 -0.9613676 0.0710584 0.26593798 -0.009998 -0.0684595 -0.99747217 0.019042112 0 0.26661885 0.00010048505 0.96380204 0 0 0 0 1 -0.96157 0.06818 0.26596016 -0.009998 -0.06569935 -0.99767315 0.018223908 0 0.2665838 5.0152652E-05 0.96381176 0 0 0 0 1 -0.9618126 0.064637326 0.26596704 -0.009998 -0.062295027 -0.99790883 0.017242793 0 0.26652536 1.5915371E-05 0.9638279 0 0 0 0 1 -0.96208465 0.060526762 0.26595056 -0.009998 -0.05833705 -0.9981667 0.016133124 0 0.26643944 6.6589564E-06 0.96385163 0 0 0 0 1 -0.96239185 0.055397704 0.265956 -0.009998 -0.053401664 -0.9984642 0.014736635 0 0.266364 -2.0073727E-05 0.9638725 0 0 0 0 1 -0.96273017 0.048807204 0.26602456 -0.009998 -0.04706686 -0.9988085 0.012917476 0 0.26633796 -8.4898435E-05 0.9638797 0 0 0 0 1 -0.9630674 0.040863026 0.2661412 -0.009998 -0.039425667 -0.9991646 0.010743611 0 0.26635793 -0.00014597224 0.96387416 0 0 0 0 1 -0.963372 0.031672597 0.26629138 -0.009998 -0.030570725 -0.99949825 0.008283118 0 0.26642013 -0.00016099634 0.963857 0 0 0 0 1 -0.96361005 0.021620208 0.26643685 -0.009998 -0.020871526 -0.99976635 0.005641657 0 0.2664965 -0.00012458698 0.9638359 0 0 0 0 1 -0.96376264 0.011371585 0.2665182 -0.009998 -0.010978544 -0.99993515 0.002964662 0 0.26653466 -6.8751164E-05 0.96382535 0 0 0 0 1 -0.9638128 0.001476893 0.26657665 -0.009998 -0.0014258698 -0.99999917 0.0003849555 0 0.26657695 -9.078591E-06 0.96381366 0 0 0 0 1 -0.9637611 -0.0075148577 0.26666063 -0.009998 0.0072537838 -0.9999716 -0.0019640333 0 0.26666784 4.143943E-05 0.9637885 0 0 0 0 1 -0.96365047 -0.015072382 0.2667404 -0.009998 0.014545766 -0.9998863 -0.003950036 0 0.26676962 7.34895E-05 0.9637603 0 0 0 0 1 -0.96353376 -0.020664912 0.26678866 -0.009998 0.019936353 -0.99978673 -0.005439344 0 0.2668441 7.780199E-05 0.9637397 0 0 0 0 1 -0.9634651 -0.02376287 0.2667784 -0.009998 0.022913154 -0.99971783 -0.0062978943 0 0.26685274 4.4933986E-05 0.9637373 0 0 0 0 1 -0.96347106 -0.02424691 0.26671317 -0.009998 0.023373565 -0.99970615 -0.0064490046 0 0.26679114 2.0609004E-05 0.96375436 0 0 0 0 1 -0.96353364 -0.022565516 0.26663524 -0.009998 0.021758111 -0.9997456 -0.0059823412 0 0.26670235 3.729365E-05 0.963779 0 0 0 0 1 -0.963627 -0.01904099 0.26657164 -0.009998 0.018363174 -0.9998187 -0.005035378 0 0.2666192 4.2875065E-05 0.963802 0 0 0 0 1 -0.96372044 -0.013987912 0.26654807 -0.009998 0.01349232 -0.9999025 -0.0036906032 0 0.26657364 3.964256E-05 0.96381456 0 0 0 0 1 -0.9637897 -0.007729254 0.26655224 -0.009998 0.0074576554 -0.99997044 -0.002031173 0 0.26656 3.023108E-05 0.9638183 0 0 0 0 1 -0.9638206 -0.000593904 0.266551 -0.009998 0.0005772615 -0.99999976 -0.00014078864 0 0.26655105 1.8174622E-05 0.9638208 0 0 0 0 1 -0.9637979 0.0070961406 0.26653934 -0.009998 -0.006837609 -0.99997485 0.001897987 0 0.26654607 6.784103E-06 0.9638222 0 0 0 0 1 -0.9637979 0.0070961406 0.26653934 -0.009998 -0.006837609 -0.99997485 0.001897987 0 0.26654607 6.784103E-06 0.9638222 0 0 0 0 1</float_array>
        <technique_common>
          <accessor source="#Motion_125_Hips_transform_pose_array_id" count="88" stride="16">
            <param name="TRANSFORM" type="float4x4" />
          </accessor>
        </technique_common>
      </source>
      <sampler id="Motion_125_Hips_transform_samp_id">
        <input semantic="INPUT" source="#Motion_125_Hips_transform_frame_id" />
        <input semantic="INTERPOLATION" source="#Motion_125_Hips_transform_interp_id" />
        <input semantic="OUTPUT" source="#Motion_125_Hips_transform_pose_id" />
      </sampler>
      <channel source="#Motion_125_Hips_transform_samp_id" target="Hips_bone_id/transform" />
    </animation>
    <animation id="Motion_125_RThigh_transform_id" name="Motion_125_RThigh_transform">
      <source id="Motion_125_RThigh_transform_frame_id" name="Motion_125_RThigh_transform_frame">
        <float_array id="Motion_125_RThigh_transform_frame_array_id" count="88">0 0.033333335 0.06666667 0.1 0.13333334 0.16666667 0.2 0.23333333 0.26666668 0.3 0.33333334 0.36666667 0.4 0.43333334 0.46666667 0.5 0.53333336 0.56666666 0.6 0.6333333 0.6666667 0.7 0.73333335 0.76666665 0.8 0.8333333 0.8666667 0.9 0.93333334 0.96666664 1 1.0333333 1.0666667 1.1 1.1333333 1.1666666 1.2 1.2333333 1.2666667 1.3 1.3333334 1.3666667 1.4 1.4333333 1.4666667 1.5 1.5333333 1.5666667 1.6 1.6333333 1.6666666 1.7 1.7333333 1.7666667 1.8 1.8333334 1.8666667 1.9 1.9333333 1.9666667 2 2.0333333 2.0666666 2.1 2.1333334 2.1666667 2.2 2.2333333 2.2666667 2.3 2.3333333 2.3666666 2.4 2.4333334 2.4666667 2.5 2.5333333 2.5666666 2.6 2.6333334 2.6666667 2.7 2.7333333 2.7666667 2.8 2.8333333 2.8666666 2.9</float_array>
        <technique_common>
          <accessor source="#Motion_125_RThigh_transform_frame_array_id" count="88" stride="1">
            <param name="TIME" type="float" />
          </accessor>
        </technique_common>
      </source>
      <source id="Motion_125_RThigh_transform_interp_id" name="Motion_125_RThigh_transform_interp">
        <Name_array id="Motion_125_RThigh_transform_interp_array_id" count="88">LINEAR LINEAR LINEAR LINEAR LINEAR LINEAR LINEAR LINEAR LINEAR LINEAR LINEAR LINEAR LINEAR LINEAR LINEAR LINEAR LINEAR LINEAR LINEAR LINEAR LINEAR LINEAR LINEAR LINEAR LINEAR LINEAR LINEAR LINEAR LINEAR LINEAR LINEAR LINEAR LINEAR LINEAR LINEAR LINEAR LINEAR LINEAR LINEAR LINEAR LINEAR LINEAR LINEAR LINEAR LINEAR LINEAR LINEAR LINEAR LINEAR LINEAR LINEAR LINEAR LINEAR LINEAR LINEAR LINEAR LINEAR LINEAR LINEAR LINEAR LINEAR LINEAR LINEAR LINEAR LINEAR LINEAR LINEAR LINEAR LINEAR LINEAR LINEAR LINEAR LINEAR LINEAR LINEAR LINEAR LINEAR LINEAR LINEAR LINEAR LINEAR LINEAR LINEAR LINEAR LINEAR LINEAR LINEAR LINEAR</Name_array>
        <technique_common>
          <accessor source="#Motion_125_RThigh_transform_interp_array_id" count="88" stride="1">
            <param name="INTERPOLATION" type="Name" />
          </accessor>
        </technique_common>
      </source>
      <source id="Motion_125_RThigh_transform_pose_id" name="Motion_125_RThigh_transform_pose">
        <float_array id="Motion_125_RThigh_transform_pose_array_id" count="1408">0.8795268 0.19906911 -0.43220845 6 -0.20094869 0.97870713 0.04185625 -6 0.4313378 0.050038025 0.90080184 0 0 0 0 1 0.859725 0.22940707 -0.45633903 6 -0.23881853 0.9703255 0.03786938 -6 0.4514849 0.07642496 0.88899976 0 0 0 0 1 0.8492058 0.25227064 -0.46390632 6 -0.2688347 0.9626749 0.031382635 -6 0.45450792 0.09806381 0.88532823 0 0 0 0 1 0.84546787 0.26730242 -0.46231323 6 -0.28999755 0.9567548 0.022840057 -6 0.4484256 0.11475918 0.88642246 0 0 0 0 1 0.84962565 0.274233 -0.45048034 6 -0.30139557 0.9534242 0.011958353 -6 0.43277824 0.12561265 0.8927063 0 0 0 0 1 0.86153173 0.27278072 -0.42819825 6 -0.30227917 0.953219 -0.00094201416 -6 0.40790972 0.13024697 0.9036844 0 0 0 0 1 0.87944627 0.2640451 -0.39604852 6 -0.2935445 0.95583427 -0.01457724 -6 0.37470767 0.12907776 0.9181139 0 0 0 0 1 0.90133536 0.2494924 -0.35404527 6 -0.27666903 0.9605734 -0.027442284 -6 0.3332398 0.12268806 0.9348256 0 0 0 0 1 0.9249245 0.23040485 -0.30237108 6 -0.25332016 0.9666232 -0.038321573 -6 0.2834494 0.11204125 0.95241964 0 0 0 0 1 0.9481094 0.2081058 -0.24037586 6 -0.22534892 0.9731769 -0.04630936 -6 0.22429098 0.09807477 0.9695746 0 0 0 0 1 0.9684463 0.18393508 -0.16816539 6 -0.19481647 0.97953707 -0.050534092 -6 0.15542924 0.08170094 0.9844626 0 0 0 0 1 0.98333746 0.15927066 -0.08763753 6 -0.16404568 0.9851724 -0.050243337 -6 0.07833578 0.063782714 0.99488455 0 0 0 0 1 0.9907284 0.13541412 -0.010967719 6 -0.13577083 0.9897484 -0.044321515 -6 0.0048535233 0.04539968 0.9989571 0 0 0 0 1 0.99285537 0.114015564 0.035195332 6 -0.11283927 0.99303895 -0.033777826 -6 -0.038801532 0.029565081 0.99880946 0 0 0 0 1 0.9943618 0.09781163 0.040956203 6 -0.096977584 0.99504596 -0.021883247 -6 -0.04289374 0.017788032 0.9989213 0 0 0 0 1 0.9958446 0.08929889 0.017867187 6 -0.0890204 0.99590415 -0.01581914 -6 -0.019206638 0.014162861 0.9997152 0 0 0 0 1 0.995717 0.08979383 -0.022016414 6 -0.09012881 0.99582124 -0.0147248125 -6 0.020602215 0.01664606 0.99964917 0 0 0 0 1 0.99152863 0.10031343 -0.08251193 6 -0.10195602 0.99466133 -0.015929984 -6 0.08047344 0.024207624 0.99646276 0 0 0 0 1 0.97971606 0.1207592 -0.15991779 6 -0.1249576 0.9920261 -0.01642525 -6 0.15665911 0.036075026 0.9869937 0 0 0 0 1 0.9548686 0.14941296 -0.25671336 6 -0.15784228 0.9873861 -0.012427628 -6 0.25161836 0.05238697 0.96640766 0 0 0 0 1 0.90901065 0.18468696 -0.37361792 6 -0.19860071 0.98007965 0.001278732 -6 0.36641148 0.073038414 0.9275818 0 0 0 0 1 0.8381195 0.22536595 -0.49675533 6 -0.24420165 0.96932745 0.027746525 -6 0.48777172 0.09805356 0.86744696 0 0 0 0 1 0.7895356 0.25992054 -0.55594504 6 -0.282108 0.9582134 0.047351867 -6 0.54502165 0.11945057 0.8298692 0 0 0 0 1 0.78470266 0.27674693 -0.5546646 6 -0.30285203 0.9519029 0.046491873 -6 0.5408534 0.13149902 0.8307741 0 0 0 0 1 0.7922477 0.2842567 -0.53994596 6 -0.3136409 0.94872946 0.03926585 -6 0.52342427 0.13824087 0.84078324 0 0 0 0 1 0.810477 0.28336263 -0.512672 6 -0.31348336 0.94914985 0.029029336 -6 0.4948284 0.13718651 0.8580936 0 0 0 0 1 0.8366728 0.27414006 -0.47415817 6 -0.3031664 0.95280457 0.015924685 -6 0.45614564 0.13042507 0.88029563 0 0 0 0 1 0.86755025 0.2573139 -0.42561257 6 -0.28377324 0.95889056 0.0012883022 -6 0.40844738 0.11965979 0.90490454 0 0 0 0 1 0.9000237 0.23482302 -0.36717227 6 -0.25732538 0.9662399 -0.0128102265 -6 0.35176834 0.106012255 0.93006474 0 0 0 0 1 0.9311143 0.2087738 -0.2990647 6 -0.2258075 0.97389644 -0.023167342 -6 0.2864213 0.08910249 0.95395154 0 0 0 0 1 0.9577778 0.18103926 -0.22335291 6 -0.19189115 0.98102546 -0.027691426 -6 0.21410164 0.069381684 0.9743442 0 0 0 0 1 0.97778594 0.15344091 -0.1427954 6 -0.15885012 0.9869275 -0.027216237 -6 0.13675262 0.04929472 0.989378 0 0 0 0 1 0.98992175 0.12828836 -0.05997558 6 -0.12988228 0.99125177 -0.023463313 -6 0.05644083 0.031016607 0.99792403 0 0 0 0 1 0.99411386 0.108182795 0.005835955 6 -0.108063586 0.99398315 -0.017881734 -6 -0.007735337 0.017145826 0.9998231 0 0 0 0 1 0.994537 0.09552248 0.042090245 6 -0.09504737 0.9953859 -0.013152687 -6 -0.043152414 0.009080267 0.99902725 0 0 0 0 1 0.99466664 0.09281359 0.0449886 6 -0.092356674 0.995652 -0.012135163 -6 -0.045919295 0.007915445 0.99891376 0 0 0 0 1 0.9946825 0.10146418 0.017657483 6 -0.10118523 0.9947384 -0.016034951 -6 -0.01919155 0.014163009 0.9997155 0 0 0 0 1 0.9921474 0.11947604 -0.036999922 6 -0.120209835 0.99258024 -0.01827888 -6 0.0345415 0.0225831 0.9991481 0 0 0 0 1 0.98460984 0.14518456 -0.09728771 6 -0.14776193 0.98882484 -0.019794164 -6 0.093326695 0.03386495 0.99505943 0 0 0 0 1 0.96923804 0.17641075 -0.17163011 6 -0.1823406 0.9830461 -0.019294634 -6 0.16531652 0.049996234 0.9849725 0 0 0 0 1 0.9385611 0.21045557 -0.27351713 6 -0.22188121 0.9750098 -0.011161374 -6 0.2643329 0.07116394 0.96180236 0 0 0 0 1 0.8890961 0.24651602 -0.38566568 6 -0.26388595 0.9645193 0.0081664175 -6 0.37399516 0.09451102 0.9226025 0 0 0 0 1 0.8253974 0.27911404 -0.49072856 6 -0.2996709 0.9532792 0.03815967 -6 0.4784522 0.115560174 0.8704765 0 0 0 0 1 0.7780773 0.30414405 -0.5496291 6 -0.32495984 0.943682 0.062171746 -6 0.5375843 0.13023296 0.83309215 0 0 0 0 1 0.7748285 0.31009328 -0.5508929 6 -0.33136111 0.9413433 0.063816816 -6 0.5383685 0.13309738 0.83213246 0 0 0 0 1 0.8047723 0.29840663 -0.51312274 6 -0.32049242 0.9460581 0.047525816 -6 0.49962595 0.12620449 0.85699844 0 0 0 0 1 0.8559777 0.27143097 -0.4400311 6 -0.2905497 0.9565375 0.024838805 -6 0.42764825 0.10658944 0.8976389 0 0 0 0 1 0.909875 0.23627526 -0.34103006 6 -0.25180438 0.96777725 -0.0013157018 -6 0.32973027 0.08706999 0.9400515 0 0 0 0 1 0.9545005 0.19768979 -0.22326565 6 -0.20745946 0.9780194 -0.020942397 -6 0.21421805 0.0663081 0.97453266 0 0 0 0 1 0.9817476 0.16248935 -0.09883712 6 -0.16636187 0.98553777 -0.032234684 -6 0.092169926 0.048089057 0.9945814 0 0 0 0 1 0.99063903 0.13613994 -0.0100118425 6 -0.13641186 0.9900243 -0.03526526 -6 0.0051109577 0.036300875 0.99932784 0 0 0 0 1 0.9924491 0.12233057 0.008944645 6 -0.12197135 0.9919732 -0.033349097 -6 -0.012952463 0.032006294 0.9994037 0 0 0 0 1 0.99154097 0.12379589 -0.039001293 6 -0.12498825 0.99171144 -0.029772688 -6 0.034992293 0.034395542 0.9987955 0 0 0 0 1 0.9851733 0.134741 -0.10619999 6 -0.1373462 0.9903671 -0.01757776 -6 0.10280853 0.031903304 0.9941894 0 0 0 0 1 0.97459155 0.1544142 -0.16225758 6 -0.15785745 0.9874256 -0.008468056 -6 0.15890971 0.033866465 0.9867121 0 0 0 0 1 0.9590491 0.18034902 -0.21840099 6 -0.18478963 0.9827781 9.497255E-05 -6 0.21465683 0.04026716 0.9758591 0 0 0 0 1 0.92906475 0.20925908 -0.30503988 6 -0.21511193 0.97647876 0.0147001725 -6 0.3009411 0.051960297 0.9522261 0 0 0 0 1 0.875952 0.23772454 -0.41975605 6 -0.24436545 0.96890724 0.03878589 -6 0.41592503 0.0685993 0.9068079 0 0 0 0 1 0.8122119 0.264133 -0.52014005 6 -0.26997957 0.9605865 0.0662168 -6 0.51712954 0.0866451 0.8515102 0 0 0 0 1 0.7560949 0.2872041 -0.58807683 6 -0.2945875 0.9517418 0.08605686 -6 0.5844132 0.10817292 0.8042138 0 0 0 0 1 0.7459286 0.29438955 -0.5974323 6 -0.3038231 0.94864523 0.08811194 -6 0.5926905 0.11578852 0.79706395 0 0 0 0 1 0.75182444 0.29628646 -0.5890453 6 -0.3064838 0.9480131 0.08566654 -6 0.5838045 0.11612663 0.8035465 0 0 0 0 1 0.76406103 0.2943745 -0.5740683 6 -0.30446407 0.94903725 0.08142451 -6 0.5687815 0.11256986 0.8147488 0 0 0 0 1 0.7815032 0.29011804 -0.5523443 6 -0.2994185 0.9510966 0.07591963 -6 0.5473585 0.106050685 0.83015174 0 0 0 0 1 0.80308414 0.28368148 -0.5240045 6 -0.29175386 0.9539783 0.06931832 -6 0.51955324 0.097211905 0.84889 0 0 0 0 1 0.82734406 0.27562198 -0.48942247 6 -0.28334025 0.95713776 0.060047008 -6 0.48499498 0.08899354 0.869977 0 0 0 0 1 0.8527925 0.26652366 -0.4491215 6 -0.27613783 0.9600456 0.045392115 -6 0.44327518 0.0853094 0.8923169 0 0 0 0 1 0.8781923 0.25655264 -0.40368178 6 -0.2709307 0.9623428 0.022201419 -6 0.3941761 0.08987268 0.91463006 0 0 0 0 1 0.90252674 0.2455566 -0.35376194 6 -0.26678365 0.9636854 -0.0117029585 -6 0.33804145 0.10494013 0.93526226 0 0 0 0 1 0.9251715 0.23171192 -0.30061162 6 -0.25371262 0.9666183 -0.03576275 -6 0.28229004 0.109355636 0.9530759 0 0 0 0 1 0.9460243 0.21084078 -0.24613865 6 -0.22690333 0.9731562 -0.03849476 -6 0.23141508 0.09226666 0.96846986 0 0 0 0 1 0.9637542 0.187136 -0.1901526 6 -0.19556403 0.9803356 -0.026397616 -6 0.18147342 0.06262782 0.9813996 0 0 0 0 1 0.97741294 0.16467895 -0.13245693 6 -0.16705261 0.9859236 -0.0069345506 -6 0.12945044 0.028905198 0.9911645 0 0 0 0 1 0.9869804 0.14377901 -0.07209222 6 -0.14311445 0.98960245 0.014327383 -6 0.07340261 -0.003823407 0.9972951 0 0 0 0 1 0.9919762 0.12617475 -0.00794726 6 -0.1258919 0.9916069 0.029444369 -6 0.011595693 -0.028207617 0.99953485 0 0 0 0 1 0.9916146 0.11394896 0.06096079 6 -0.11594579 0.992794 0.030276604 -6 -0.05707152 -0.037090868 0.99768084 0 0 0 0 1 0.98829 0.10788441 0.10790652 6 -0.10988279 0.99386305 0.012730788 -6 -0.10587084 -0.02443878 0.99407953 0 0 0 0 1 0.98766726 0.1061938 0.11504903 6 -0.10544298 0.9943454 -0.012609718 -6 -0.11573755 0.00032309256 0.99327976 0 0 0 0 1 0.9910993 0.10487951 0.08199068 6 -0.10227248 0.9941268 -0.03538638 -6 -0.08522045 0.026686026 0.9960047 0 0 0 0 1 0.9943737 0.10098338 0.03199065 6 -0.0995456 0.9940713 -0.043736476 -6 -0.03621765 0.04030587 0.9985308 0 0 0 0 1 0.9949933 0.09641081 -0.026328223 6 -0.09732404 0.99460363 -0.03594022 -6 0.022721121 0.038322646 0.99900705 0 0 0 0 1 0.992851 0.09442821 -0.07300825 6 -0.09635328 0.9950744 -0.023303524 -6 0.07044812 0.03017151 0.99705905 0 0 0 0 1 0.9879462 0.097027846 -0.12061467 6 -0.098654844 0.99509287 -0.0075775143 -6 0.11928757 0.019385397 0.9926705 0 0 0 0 1 0.9755013 0.10598674 -0.19277963 6 -0.10606646 0.99430937 0.009936943 -6 0.19273579 0.010753951 0.98119175 0 0 0 0 1 0.94901955 0.122927934 -0.29025957 6 -0.120125145 0.9923771 0.027526237 -6 0.29143068 0.008744538 0.95655197 0 0 0 0 1 0.91422117 0.14769965 -0.37733862 6 -0.14257583 0.9889073 0.041648008 -6 0.37930432 0.015723877 0.92513835 0 0 0 0 1 0.8891707 0.17454119 -0.42297858 6 -0.17070122 0.9841878 0.047280826 -6 0.42454278 0.030162238 0.9049053 0 0 0 0 1 0.8891707 0.17454119 -0.42297858 6 -0.17070122 0.9841878 0.047280826 -6 0.42454278 0.030162238 0.9049053 0 0 0 0 1</float_array>
        <technique_common>
          <accessor source="#Motion_125_RThigh_transform_pose_array_id" count="88" stride="16">
            <param name="TRANSFORM" type="float4x4" />
          </accessor>
        </technique_common>
      </source>
      <sampler id="Motion_125_RThigh_transform_samp_id">
        <input semantic="INPUT" source="#Motion_125_RThigh_transform_frame_id" />
        <input semantic="INTERPOLATION" source="#Motion_125_RThigh_transform_interp_id" />
        <input semantic="OUTPUT" source="#Motion_125_RThigh_transform_pose_id" />
      </sampler>
      <channel source="#Motion_125_RThigh_transform_samp_id" target="RThigh_bone_id/transform" />
    </animation>
    <animation id="Motion_125_RLeg_transform_id" name="Motion_125_RLeg_transform">
      <source id="Motion_125_RLeg_transform_frame_id" name="Motion_125_RLeg_transform_frame">
        <float_array id="Motion_125_RLeg_transform_frame_array_id" count="88">0 0.033333335 0.06666667 0.1 0.13333334 0.16666667 0.2 0.23333333 0.26666668 0.3 0.33333334 0.36666667 0.4 0.43333334 0.46666667 0.5 0.53333336 0.56666666 0.6 0.6333333 0.6666667 0.7 0.73333335 0.76666665 0.8 0.8333333 0.8666667 0.9 0.93333334 0.96666664 1 1.0333333 1.0666667 1.1 1.1333333 1.1666666 1.2 1.2333333 1.2666667 1.3 1.3333334 1.3666667 1.4 1.4333333 1.4666667 1.5 1.5333333 1.5666667 1.6 1.6333333 1.6666666 1.7 1.7333333 1.7666667 1.8 1.8333334 1.8666667 1.9 1.9333333 1.9666667 2 2.0333333 2.0666666 2.1 2.1333334 2.1666667 2.2 2.2333333 2.2666667 2.3 2.3333333 2.3666666 2.4 2.4333334 2.4666667 2.5 2.5333333 2.5666666 2.6 2.6333334 2.6666667 2.7 2.7333333 2.7666667 2.8 2.8333333 2.8666666 2.9</float_array>
        <technique_common>
          <accessor source="#Motion_125_RLeg_transform_frame_array_id" count="88" stride="1">
            <param name="TIME" type="float" />
          </accessor>
        </technique_common>
      </source>
      <source id="Motion_125_RLeg_transform_interp_id" name="Motion_125_RLeg_transform_interp">
        <Name_array id="Motion_125_RLeg_transform_interp_array_id" count="88">LINEAR LINEAR LINEAR LINEAR LINEAR LINEAR LINEAR LINEAR LINEAR LINEAR LINEAR LINEAR LINEAR LINEAR LINEAR LINEAR LINEAR LINEAR LINEAR LINEAR LINEAR LINEAR LINEAR LINEAR LINEAR LINEAR LINEAR LINEAR LINEAR LINEAR LINEAR LINEAR LINEAR LINEAR LINEAR LINEAR LINEAR LINEAR LINEAR LINEAR LINEAR LINEAR LINEAR LINEAR LINEAR LINEAR LINEAR LINEAR LINEAR LINEAR LINEAR LINEAR LINEAR LINEAR LINEAR LINEAR LINEAR LINEAR LINEAR LINEAR LINEAR LINEAR LINEAR LINEAR LINEAR LINEAR LINEAR LINEAR LINEAR LINEAR LINEAR LINEAR LINEAR LINEAR LINEAR LINEAR LINEAR LINEAR LINEAR LINEAR LINEAR LINEAR LINEAR LINEAR LINEAR LINEAR LINEAR LINEAR</Name_array>
        <technique_common>
          <accessor source="#Motion_125_RLeg_transform_interp_array_id" count="88" stride="1">
            <param name="INTERPOLATION" type="Name" />
          </accessor>
        </technique_common>
      </source>
      <source id="Motion_125_RLeg_transform_pose_id" name="Motion_125_RLeg_transform_pose">
        <float_array id="Motion_125_RLeg_transform_pose_array_id" count="1408">0.2356193 0 0.97184545 21.1 0 1 0 0 -0.97184545 0 0.2356193 0 0 0 0 1 0.18252629 0 0.983201 21.1 0 1 0 0 -0.983201 0 0.18252629 0 0 0 0 1 0.16602683 0 0.98612124 21.1 0 1 0 0 -0.98612124 0 0.16602683 0 0 0 0 1 0.17375308 0 0.9847892 21.1 0 1 0 0 -0.9847892 0 0.17375308 0 0 0 0 1 0.2028355 0 0.9792128 21.1 0 1 0 0 -0.9792128 0 0.2028355 0 0 0 0 1 0.24970704 0 0.96832144 21.1 0 1 0 0 -0.96832144 0 0.24970704 0 0 0 0 1 0.31141245 0 0.9502749 21.1 0 1 0 0 -0.9502749 0 0.31141245 0 0 0 0 1 0.38577455 0 0.92259306 21.1 0 1 0 0 -0.92259306 0 0.38577455 0 0 0 0 1 0.46979678 0 0.8827746 21.1 0 1 0 0 -0.8827746 0 0.46979678 0 0 0 0 1 0.55992687 0 0.828542 21.1 0 1 0 0 -0.828542 0 0.55992687 0 0 0 0 1 0.6520884 0 0.75814295 21.1 0 1 0 0 -0.75814295 0 0.6520884 0 0 0 0 1 0.74211687 0 0.6702705 21.1 0 1 0 0 -0.6702705 0 0.74211687 0 0 0 0 1 0.8184576 0 0.57456696 21.1 0 1 0 0 -0.57456696 0 0.8184576 0 0 0 0 1 0.86079067 0 0.5089592 21.1 0 1 0 0 -0.5089592 0 0.86079067 0 0 0 0 1 0.8702385 0 0.4926307 21.1 0 1 0 0 -0.4926307 0 0.8702385 0 0 0 0 1 0.8572821 0 0.5148469 21.1 0 1 0 0 -0.5148469 0 0.8572821 0 0 0 0 1 0.8279484 0 0.5608043 21.1 0 1 0 0 -0.5608043 0 0.8279484 0 0 0 0 1 0.7689849 0 0.6392669 21.1 0 1 0 0 -0.6392669 0 0.7689849 0 0 0 0 1 0.67373157 0 0.7389762 21.1 0 1 0 0 -0.7389762 0 0.67373157 0 0 0 0 1 0.53653806 0 0.84387606 21.1 0 1 0 0 -0.84387606 0 0.53653806 0 0 0 0 1 0.34724933 0 0.93777287 21.1 0 1 0 0 -0.93777287 0 0.34724933 0 0 0 0 1 0.11401105 0 0.99347955 21.1 0 1 0 0 -0.99347955 0 0.11401105 0 0 0 0 1 -0.008825541 0 0.999961 21.1 0 1 0 0 -0.999961 0 -0.008825541 0 0 0 0 1 -0.0029565096 0 0.99999565 21.1 0 1 0 0 -0.99999565 0 -0.0029565096 0 0 0 0 1 0.028790653 0 0.9995855 21.1 0 1 0 0 -0.9995855 0 0.028790653 0 0 0 0 1 0.07842666 0 0.9969199 21.1 0 1 0 0 -0.9969199 0 0.07842666 0 0 0 0 1 0.14456755 0 0.9894949 21.1 0 1 0 0 -0.9894949 0 0.14456755 0 0 0 0 1 0.22498882 0 0.9743613 21.1 0 1 0 0 -0.9743613 0 0.22498882 0 0 0 0 1 0.31694382 0 0.9484443 21.1 0 1 0 0 -0.9484443 0 0.31694382 0 0 0 0 1 0.41707855 0 0.90887046 21.1 0 1 0 0 -0.90887046 0 0.41707855 0 0 0 0 1 0.52143514 0 0.8532909 21.1 0 1 0 0 -0.8532909 0 0.52143514 0 0 0 0 1 0.6257591 0 0.7800163 21.1 0 1 0 0 -0.7800163 0 0.6257591 0 0 0 0 1 0.7236788 0 0.6901369 21.1 0 1 0 0 -0.6901369 0 0.7236788 0 0 0 0 1 0.7954083 0 0.6060739 21.1 0 1 0 0 -0.6060739 0 0.7954083 0 0 0 0 1 0.83130985 0 0.55580926 21.1 0 1 0 0 -0.55580926 0 0.83130985 0 0 0 0 1 0.83596313 0 0.54878557 21.1 0 1 0 0 -0.54878557 0 0.83596313 0 0 0 0 1 0.81640726 0 0.57747656 21.1 0 1 0 0 -0.57747656 0 0.81640726 0 0 0 0 1 0.7699884 0 0.6380578 21.1 0 1 0 0 -0.6380578 0 0.7699884 0 0 0 0 1 0.7147286 0 0.6994019 21.1 0 1 0 0 -0.6994019 0 0.7147286 0 0 0 0 1 0.6378516 0 0.77015936 21.1 0 1 0 0 -0.77015936 0 0.6378516 0 0 0 0 1 0.5091685 0 0.8606669 21.1 0 1 0 0 -0.8606669 0 0.5091685 0 0 0 0 1 0.3437314 0 0.939068 21.1 0 1 0 0 -0.939068 0 0.3437314 0 0 0 0 1 0.15861017 0 0.98734134 21.1 0 1 0 0 -0.98734134 0 0.15861017 0 0 0 0 1 0.037060022 0 0.999313 21.1 0 1 0 0 -0.999313 0 0.037060022 0 0 0 0 1 0.029150188 0 0.9995751 21.1 0 1 0 0 -0.9995751 0 0.029150188 0 0 0 0 1 0.09589803 0 0.9953912 21.1 0 1 0 0 -0.9953912 0 0.09589803 0 0 0 0 1 0.21707988 0 0.9761538 21.1 0 1 0 0 -0.9761538 0 0.21707988 0 0 0 0 1 0.37628347 0 0.92650455 21.1 0 1 0 0 -0.92650455 0 0.37628347 0 0 0 0 1 0.5524814 0 0.83352524 21.1 0 1 0 0 -0.83352524 0 0.5524814 0 0 0 0 1 0.71838677 0 0.69564384 21.1 0 1 0 0 -0.69564384 0 0.71838677 0 0 0 0 1 0.82042176 0 0.5717588 21.1 0 1 0 0 -0.5717588 0 0.82042176 0 0 0 0 1 0.8459507 0 0.5332611 21.1 0 1 0 0 -0.5332611 0 0.8459507 0 0 0 0 1 0.81090397 0 0.58517927 21.1 0 1 0 0 -0.58517927 0 0.81090397 0 0 0 0 1 0.75529426 0 0.6553858 21.1 0 1 0 0 -0.6553858 0 0.75529426 0 0 0 0 1 0.7038249 0 0.7103735 21.1 0 1 0 0 -0.7103735 0 0.7038249 0 0 0 0 1 0.635764 0 0.7718834 21.1 0 1 0 0 -0.7718834 0 0.635764 0 0 0 0 1 0.5061507 0 0.862445 21.1 0 1 0 0 -0.862445 0 0.5061507 0 0 0 0 1 0.31110293 0 0.9503762 21.1 0 1 0 0 -0.9503762 0 0.31110293 0 0 0 0 1 0.12435007 0 0.99223846 21.1 0 1 0 0 -0.99223846 0 0.12435007 0 0 0 0 1 -0.009847999 0 0.99995154 21.1 0 1 0 0 -0.99995154 0 -0.009847999 0 0 0 0 1 -0.019143105 0 0.9998167 21.1 0 1 0 0 -0.9998167 0 -0.019143105 0 0 0 0 1 0.0032157898 0 0.9999949 21.1 0 1 0 0 -0.9999949 0 0.0032157898 0 0 0 0 1 0.035298526 0 0.9993768 21.1 0 1 0 0 -0.9993768 0 0.035298526 0 0 0 0 1 0.076474965 0 0.9970715 21.1 0 1 0 0 -0.9970715 0 0.076474965 0 0 0 0 1 0.12591916 0 0.9920406 21.1 0 1 0 0 -0.9920406 0 0.12591916 0 0 0 0 1 0.18269485 0 0.9831697 21.1 0 1 0 0 -0.9831697 0 0.18269485 0 0 0 0 1 0.24573052 0 0.9693382 21.1 0 1 0 0 -0.9693382 0 0.24573052 0 0 0 0 1 0.31380773 0 0.94948655 21.1 0 1 0 0 -0.94948655 0 0.31380773 0 0 0 0 1 0.3855614 0 0.92268217 21.1 0 1 0 0 -0.92268217 0 0.3855614 0 0 0 0 1 0.46013284 0 0.8878501 21.1 0 1 0 0 -0.8878501 0 0.46013284 0 0 0 0 1 0.5371021 0 0.84351724 21.1 0 1 0 0 -0.84351724 0 0.5371021 0 0 0 0 1 0.61537343 0 0.7882357 21.1 0 1 0 0 -0.7882357 0 0.61537343 0 0 0 0 1 0.693413 0 0.72054034 21.1 0 1 0 0 -0.72054034 0 0.693413 0 0 0 0 1 0.7691747 0 0.63903856 21.1 0 1 0 0 -0.63903856 0 0.7691747 0 0 0 0 1 0.84003365 0 0.5425343 21.1 0 1 0 0 -0.5425343 0 0.84003365 0 0 0 0 1 0.9027784 0 0.43010598 21.1 0 1 0 0 -0.43010598 0 0.9027784 0 0 0 0 1 0.9362641 0 0.35129696 21.1 0 1 0 0 -0.35129696 0 0.9362641 0 0 0 0 1 0.93965787 0 0.34211567 21.1 0 1 0 0 -0.34211567 0 0.93965787 0 0 0 0 1 0.91933286 0 0.3934808 21.1 0 1 0 0 -0.3934808 0 0.91933286 0 0 0 0 1 0.88532966 0 0.46496385 21.1 0 1 0 0 -0.46496385 0 0.88532966 0 0 0 0 1 0.8390977 0 0.5439808 21.1 0 1 0 0 -0.5439808 0 0.8390977 0 0 0 0 1 0.7955001 0 0.60595345 21.1 0 1 0 0 -0.60595345 0 0.7955001 0 0 0 0 1 0.74108803 0 0.6714079 21.1 0 1 0 0 -0.6714079 0 0.74108803 0 0 0 0 1 0.64414394 0 0.76490426 21.1 0 1 0 0 -0.76490426 0 0.64414394 0 0 0 0 1 0.49181068 0 0.8707022 21.1 0 1 0 0 -0.8707022 0 0.49181068 0 0 0 0 1 0.33314878 0 0.94287425 21.1 0 1 0 0 -0.94287425 0 0.33314878 0 0 0 0 1 0.24596518 0 0.96927863 21.1 0 1 0 0 -0.96927863 0 0.24596518 0 0 0 0 1 0.24596518 0 0.96927863 21.1 0 1 0 0 -0.96927863 0 0.24596518 0 0 0 0 1</float_array>
        <technique_common>
          <accessor source="#Motion_125_RLeg_transform_pose_array_id" count="88" stride="16">
            <param name="TRANSFORM" type="float4x4" />
          </accessor>
        </technique_common>
      </source>
      <sampler id="Motion_125_RLeg_transform_samp_id">
        <input semantic="INPUT" source="#Motion_125_RLeg_transform_frame_id" />
        <input semantic="INTERPOLATION" source="#Motion_125_RLeg_transform_interp_id" />
        <input semantic="OUTPUT" source="#Motion_125_RLeg_transform_pose_id" />
      </sampler>
      <channel source="#Motion_125_RLeg_transform_samp_id" target="RLeg_bone_id/transform" />
    </animation>
    <animation id="Motion_125_RFoot_transform_id" name="Motion_125_RFoot_transform">
      <source id="Motion_125_RFoot_transform_frame_id" name="Motion_125_RFoot_transform_frame">
        <float_array id="Motion_125_RFoot_transform_frame_array_id" count="88">0 0.033333335 0.06666667 0.1 0.13333334 0.16666667 0.2 0.23333333 0.26666668 0.3 0.33333334 0.36666667 0.4 0.43333334 0.46666667 0.5 0.53333336 0.56666666 0.6 0.6333333 0.6666667 0.7 0.73333335 0.76666665 0.8 0.8333333 0.8666667 0.9 0.93333334 0.96666664 1 1.0333333 1.0666667 1.1 1.1333333 1.1666666 1.2 1.2333333 1.2666667 1.3 1.3333334 1.3666667 1.4 1.4333333 1.4666667 1.5 1.5333333 1.5666667 1.6 1.6333333 1.6666666 1.7 1.7333333 1.7666667 1.8 1.8333334 1.8666667 1.9 1.9333333 1.9666667 2 2.0333333 2.0666666 2.1 2.1333334 2.1666667 2.2 2.2333333 2.2666667 2.3 2.3333333 2.3666666 2.4 2.4333334 2.4666667 2.5 2.5333333 2.5666666 2.6 2.6333334 2.6666667 2.7 2.7333333 2.7666667 2.8 2.8333333 2.8666666 2.9</float_array>
        <technique_common>
          <accessor source="#Motion_125_RFoot_transform_frame_array_id" count="88" stride="1">
            <param name="TIME" type="float" />
          </accessor>
        </technique_common>
      </source>
      <source id="Motion_125_RFoot_transform_interp_id" name="Motion_125_RFoot_transform_interp">
        <Name_array id="Motion_125_RFoot_transform_interp_array_id" count="88">LINEAR LINEAR LINEAR LINEAR LINEAR LINEAR LINEAR LINEAR LINEAR LINEAR LINEAR LINEAR LINEAR LINEAR LINEAR LINEAR LINEAR LINEAR LINEAR LINEAR LINEAR LINEAR LINEAR LINEAR LINEAR LINEAR LINEAR LINEAR LINEAR LINEAR LINEAR LINEAR LINEAR LINEAR LINEAR LINEAR LINEAR LINEAR LINEAR LINEAR LINEAR LINEAR LINEAR LINEAR LINEAR LINEAR LINEAR LINEAR LINEAR LINEAR LINEAR LINEAR LINEAR LINEAR LINEAR LINEAR LINEAR LINEAR LINEAR LINEAR LINEAR LINEAR LINEAR LINEAR LINEAR LINEAR LINEAR LINEAR LINEAR LINEAR LINEAR LINEAR LINEAR LINEAR LINEAR LINEAR LINEAR LINEAR LINEAR LINEAR LINEAR LINEAR LINEAR LINEAR LINEAR LINEAR LINEAR LINEAR</Name_array>
        <technique_common>
          <accessor source="#Motion_125_RFoot_transform_interp_array_id" count="88" stride="1">
            <param name="INTERPOLATION" type="Name" />
          </accessor>
        </technique_common>
      </source>
      <source id="Motion_125_RFoot_transform_pose_id" name="Motion_125_RFoot_transform_pose">
        <float_array id="Motion_125_RFoot_transform_pose_array_id" count="1408">-0.58263016 -0.16326037 -0.79617095 21.100002 -0.020009167 0.9822009 -0.18676458 0 0.81249106 -0.09288396 -0.5755266 2E-06 0 0 0 1 -0.6138861 -0.1613152 -0.7727364 21.100002 -0.005799629 0.9797925 -0.19993255 0 0.78937346 -0.118254215 -0.60241663 2E-06 0 0 0 1 -0.63131154 -0.16035101 -0.758771 21.100002 0.0030581057 0.9778687 -0.20919731 0 0.77552336 -0.13438907 -0.6168494 2E-06 0 0 0 1 -0.6376934 -0.16113652 -0.7532479 21.100002 0.0065464526 0.97670615 -0.21448141 0 0.77026266 -0.14170444 -0.6217841 2E-06 0 0 0 1 -0.63521767 -0.16379133 -0.7547657 21.100002 0.0050260797 0.9763564 -0.21610865 0 0.772317 -0.14106953 -0.6193756 2E-06 0 0 0 1 -0.6245146 -0.16808438 -0.76271194 21.100002 -0.00090088695 0.97672147 -0.2145096 0 0.78101283 -0.13327721 -0.61012816 2E-06 0 0 0 1 -0.60535 -0.1732657 -0.7768722 21.100002 -0.010215163 0.9776306 -0.21008101 0 0.79589385 -0.11923667 -0.5935786 2E-06 0 0 0 1 -0.5781741 -0.17828146 -0.7961979 21.100002 -0.021805756 0.97886354 -0.20334862 0 0.8156223 -0.10020916 -0.56984115 2E-06 0 0 0 1 -0.54338014 -0.18224448 -0.81946623 21.100002 -0.034747094 0.98019755 -0.19494972 0 0.8387673 -0.07745773 -0.53895235 2E-06 0 0 0 1 -0.50146043 -0.18435514 -0.84531087 21.100002 -0.048146702 0.98146635 -0.18548763 0 0.8638398 -0.05231578 -0.5010426 2E-06 0 0 0 1 -0.45244062 -0.18397772 -0.87261075 21.100002 -0.06102633 0.9825822 -0.17552206 0 0.8897039 -0.026161097 -0.45578766 2E-06 0 0 0 1 -0.39630938 -0.18087257 -0.9001244 21.100002 -0.0722283 0.98350626 -0.16582659 0 0.91527146 -0.0007041916 -0.40283692 2E-06 0 0 0 1 -0.33412802 -0.1754981 -0.9260447 21.100002 -0.08104435 0.98422265 -0.15728183 0 0.93903685 0.022498429 -0.34307945 2E-06 0 0 0 1 -0.27267325 -0.17006445 -0.94695705 21.100002 -0.08897186 0.9844931 -0.15118644 0 0.95798415 0.04302806 -0.2835759 2E-06 0 0 0 1 -0.2234546 -0.16541843 -0.9605752 21.100002 -0.09362982 0.9845796 -0.14777146 0 0.970207 0.056918282 -0.235497 2E-06 0 0 0 1 -0.19442105 -0.16229527 -0.96739894 21.100002 -0.09223987 0.98487264 -0.14668901 0 0.97657174 0.06071332 -0.2064501 2E-06 0 0 0 1 -0.18843126 -0.16143863 -0.96872663 21.100002 -0.0875863 0.98522836 -0.14715187 0 0.978173 0.057119187 -0.19978762 2E-06 0 0 0 1 -0.22699809 -0.16367586 -0.96004266 21.100002 -0.07902658 0.98562115 -0.14935115 0 0.9706835 0.041966435 -0.23666883 2E-06 0 0 0 1 -0.31853235 -0.16616319 -0.93323463 21.100002 -0.06364928 0.98604345 -0.15384102 0 0.9457726 0.010396361 -0.3246628 2E-06 0 0 0 1 -0.42948318 -0.16700919 -0.8874974 21.100002 -0.044649046 0.985476 -0.1638399 0 0.90197015 -0.030740611 -0.4307022 2E-06 0 0 0 1 -0.5314872 -0.16541281 -0.8307585 21.100002 -0.025100894 0.9833929 -0.17974533 0 0.8466942 -0.0746796 -0.5268128 2E-06 0 0 0 1 -0.6211288 -0.16013694 -0.76717347 21.100002 -0.0022902116 0.9792683 -0.20255458 0 0.7837052 -0.1240555 -0.6086185 2E-06 0 0 0 1 -0.6665838 -0.15526125 -0.7290816 21.100002 0.0141555 0.9752555 -0.22062716 0 0.7452957 -0.15738702 -0.64789176 2E-06 0 0 0 1 -0.66920686 -0.1570849 -0.72628266 21.100002 0.016979262 0.9739123 -0.22628869 0 0.7428822 -0.16376568 -0.6490816 2E-06 0 0 0 1 -0.66464293 -0.16094624 -0.7296206 21.100002 0.014173582 0.973632 -0.22768377 0 0.7470268 -0.16166972 -0.6448364 2E-06 0 0 0 1 -0.65395236 -0.1662192 -0.7380501 21.100002 0.006450981 0.9743044 -0.22514293 0 0.7565086 -0.15199384 -0.63607645 2E-06 0 0 0 1 -0.6378703 -0.17222479 -0.7506397 21.100002 -0.005154446 0.9756077 -0.21946076 0 0.77012646 -0.13611838 -0.62319887 2E-06 0 0 0 1 -0.6160282 -0.17820752 -0.76730156 21.100002 -0.019445851 0.97721726 -0.21134883 0 0.7874843 -0.11527598 -0.60545874 2E-06 0 0 0 1 -0.587489 -0.18334378 -0.788189 21.100002 -0.035143003 0.9788575 -0.20150158 0 0.80846876 -0.09068063 -0.5815114 2E-06 0 0 0 1 -0.552174 -0.18676195 -0.8125418 21.100002 -0.05119873 0.98034376 -0.19053829 0 0.8321555 -0.06360916 -0.55088234 2E-06 0 0 0 1 -0.5100733 -0.18782854 -0.8393719 21.100002 -0.06648022 0.98155546 -0.1792463 0 0.85755765 -0.035627164 -0.5131521 2E-06 0 0 0 1 -0.46128607 -0.18632528 -0.8674667 21.100002 -0.07981917 0.98245114 -0.1685783 0 0.883654 -0.008522339 -0.46806335 2E-06 0 0 0 1 -0.4055879 -0.18264252 -0.89562285 21.100002 -0.09048039 0.9830435 -0.15949549 0 0.9095669 0.016346857 -0.41523612 2E-06 0 0 0 1 -0.34737682 -0.17804338 -0.92066807 21.100002 -0.098527595 0.9833052 -0.15298103 0 0.932535 0.03756913 -0.35911965 2E-06 0 0 0 1 -0.29445672 -0.17402449 -0.9396864 21.100002 -0.104312055 0.9832581 -0.14940687 0 0.94995475 0.054026753 -0.30767977 2E-06 0 0 0 1 -0.25611103 -0.1719279 -0.9512349 21.100002 -0.10473898 0.98319787 -0.14950494 0 0.96095616 0.061341494 -0.26981533 2E-06 0 0 0 1 -0.23836577 -0.17132771 -0.9559437 21.100002 -0.09955221 0.9834417 -0.15143253 0 0.96605945 0.05906998 -0.25147486 2E-06 0 0 0 1 -0.25137913 -0.17294791 -0.95231175 21.100002 -0.09041043 0.98380005 -0.15480109 0 0.9636569 0.047185164 -0.26294303 2E-06 0 0 0 1 -0.29656792 -0.17475326 -0.93888706 21.100002 -0.076454625 0.9843046 -0.1590569 0 0.95194656 0.024611078 -0.3052739 2E-06 0 0 0 1 -0.36165 -0.17474432 -0.91579145 21.100002 -0.057171088 0.9845859 -0.16529408 0 0.9305596 -0.007421799 -0.36606586 2E-06 0 0 0 1 -0.44859958 -0.17363049 -0.87670445 21.100002 -0.035308197 0.9836242 -0.17673905 0 0.89303505 -0.048330233 -0.447384 2E-06 0 0 0 1 -0.5336237 -0.16866264 -0.828733 21.100002 -0.011382781 0.9812556 -0.19237441 0 0.84564525 -0.09322228 -0.52554107 2E-06 0 0 0 1 -0.6038246 -0.16362914 -0.78014207 21.100002 0.0077279136 0.97745645 -0.2109958 0 0.7970799 -0.13343328 -0.58894765 2E-06 0 0 0 1 -0.65097475 -0.15993387 -0.74206007 21.100002 0.020275906 0.97354096 -0.22761132 0 0.75882864 -0.16321515 -0.6305078 2E-06 0 0 0 1 -0.6623285 -0.16370788 -0.73110914 21.100002 0.017447524 0.97220063 -0.23349847 0 0.7490103 -0.16740875 -0.6410599 2E-06 0 0 0 1 -0.6530632 -0.17250079 -0.7373952 21.100002 0.002280891 0.97325945 -0.22969715 0 0.75729984 -0.15168871 -0.63520646 2E-06 0 0 0 1 -0.62343514 -0.18662444 -0.759276 21.100002 -0.025366224 0.9754127 -0.21892127 0 0.78146356 -0.117223255 -0.61284053 2E-06 0 0 0 1 -0.5733001 -0.19502203 -0.7957972 21.100002 -0.050372586 0.9778119 -0.20333853 0 0.8177955 -0.07648766 -0.57040346 2E-06 0 0 0 1 -0.50114024 -0.19681415 -0.84268767 21.100002 -0.07139663 0.979877 -0.18639636 0 0.86241573 -0.033245675 -0.50510776 2E-06 0 0 0 1 -0.40627706 -0.19141927 -0.8934751 21.100002 -0.086307116 0.9814787 -0.1710281 0 0.9096649 0.007628478 -0.41527307 2E-06 0 0 0 1 -0.3132161 -0.18232998 -0.9320145 21.100002 -0.09340668 0.9825529 -0.16082616 0 0.945077 0.036683034 -0.32478213 2E-06 0 0 0 1 -0.2532612 -0.17405707 -0.9516107 21.100002 -0.09049887 0.98362976 -0.15582827 0 0.9631556 0.046654437 -0.2648672 2E-06 0 0 0 1 -0.23719978 -0.16903974 -0.95664096 21.100002 -0.078887716 0.9848441 -0.15446302 0 0.96825254 0.038828634 -0.24694002 2E-06 0 0 0 1 -0.23969352 -0.16829766 -0.95615 21.100002 -0.07130532 0.9852519 -0.1555448 0 0.9682265 0.03089549 -0.24815905 2E-06 0 0 0 1 -0.27336276 -0.16809155 -0.94711024 21.100002 -0.058643777 0.98569405 -0.15801308 0 0.9601216 0.012347229 -0.2793095 2E-06 0 0 0 1 -0.34552264 -0.16808823 -0.92323387 21.100002 -0.042337984 0.9856177 -0.16360104 0 0.93745506 -0.017439976 -0.34766972 2E-06 0 0 0 1 -0.4435079 -0.16756141 -0.880468 21.100002 -0.02522999 0.9843134 -0.17461537 0 0.89591527 -0.055229098 -0.44077837 2E-06 0 0 0 1 -0.5395045 -0.16606972 -0.8254427 21.100002 -0.009877212 0.98153675 -0.1910184 0 0.84192467 -0.09490225 -0.53118384 2E-06 0 0 0 1 -0.6130481 -0.16304916 -0.7730376 21.100002 0.0040015653 0.97781867 -0.20941499 0 0.79003555 -0.1314748 -0.59879744 2E-06 0 0 0 1 -0.6622293 -0.15626565 -0.73282534 21.100002 0.02073741 0.9738152 -0.2263933 0 0.74901396 -0.16512121 -0.6416484 2E-06 0 0 0 1 -0.66738784 -0.15708084 -0.72795546 21.100002 0.023378298 0.9726005 -0.23130439 0 0.7443433 -0.17138807 -0.6454295 2E-06 0 0 0 1 -0.6622784 -0.15985635 -0.73200643 21.100002 0.02191034 0.9724254 -0.23218256 0 0.7489375 -0.169808 -0.6405139 2E-06 0 0 0 1 -0.65428376 -0.16243663 -0.7385982 21.100002 0.019401811 0.9727328 -0.23111582 0 0.7560004 -0.16554543 -0.6332917 2E-06 0 0 0 1 -0.6437063 -0.16567168 -0.7471244 21.100002 0.01473733 0.9734208 -0.22854929 0 0.7651306 -0.15812926 -0.6241555 2E-06 0 0 0 1 -0.63061166 -0.16970423 -0.7573175 21.100002 0.007875301 0.9743509 -0.2248961 0 0.77605885 -0.14778617 -0.6131005 2E-06 0 0 0 1 -0.6152084 -0.17381921 -0.76896375 21.100002 -0.0003805235 0.97545666 -0.22019114 0 0.78836423 -0.13517086 -0.60017526 2E-06 0 0 0 1 -0.5976924 -0.17765138 -0.7817952 21.100002 -0.009768806 0.9766821 -0.21446815 0 0.80166596 -0.120548785 -0.58549094 2E-06 0 0 0 1 -0.5784539 -0.18042013 -0.7955119 21.100002 -0.020516656 0.9781424 -0.2069216 0 0.8154567 -0.103373416 -0.5695119 2E-06 0 0 0 1 -0.55714846 -0.18147205 -0.81034166 21.100002 -0.03261566 0.9798589 -0.19700979 0 0.8297722 -0.083333865 -0.55184567 2E-06 0 0 0 1 -0.53167665 -0.18107525 -0.82736427 21.100002 -0.045164444 0.9815497 -0.18579659 0 0.8457423 -0.061416276 -0.53004515 2E-06 0 0 0 1 -0.499817 -0.17959197 -0.84730715 21.100002 -0.057307955 0.9829804 -0.17454341 0 0.86423284 -0.03868235 -0.5016024 2E-06 0 0 0 1 -0.46054745 -0.17787421 -0.86963046 21.100002 -0.067604244 0.9838993 -0.16544428 0 0.8850571 -0.017404206 -0.4651574 2E-06 0 0 0 1 -0.4147334 -0.1766864 -0.89262414 21.100002 -0.07516068 0.9842669 -0.15990482 0 0.9068334 0.000772357 -0.42148817 2E-06 0 0 0 1 -0.36315775 -0.175541 -0.91504186 21.100002 -0.08040176 0.98433244 -0.15692413 0 0.92825204 0.016582765 -0.37158167 2E-06 0 0 0 1 -0.30664885 -0.1740581 -0.9357726 21.100002 -0.08370526 0.98425984 -0.15564707 0 0.94813496 0.030600078 -0.31639183 2E-06 0 0 0 1 -0.24590564 -0.17218503 -0.9538778 21.100002 -0.08506826 0.98413205 -0.15571602 0 0.96555364 0.04285328 -0.25665116 2E-06 0 0 0 1 -0.19448507 -0.170712 -0.9659363 21.100002 -0.08528921 0.98395294 -0.15672368 0 0.9771905 0.051903516 -0.20592403 2E-06 0 0 0 1 -0.16690993 -0.17021808 -0.97116774 21.100002 -0.08547441 0.98377484 -0.15773766 0 0.98226017 0.056682006 -0.17875111 2E-06 0 0 0 1 -0.15863287 -0.1691475 -0.97274077 21.100002 -0.084720716 0.9839142 -0.1572743 0 0.983696 0.057462424 -0.17041147 2E-06 0 0 0 1 -0.16292572 -0.16701837 -0.97239923 21.100002 -0.08515315 0.9842708 -0.15479 0 0.9829569 0.05758358 -0.1745851 2E-06 0 0 0 1 -0.18411732 -0.16413411 -0.96910316 21.100002 -0.08508906 0.98491895 -0.15064695 0 0.9792144 0.054723375 -0.19530666 2E-06 0 0 0 1 -0.2285018 -0.16091356 -0.96015304 21.100002 -0.08180183 0.9859314 -0.1457662 0 0.9701008 0.045234453 -0.23845005 2E-06 0 0 0 1 -0.2991823 -0.15874131 -0.9408991 21.100002 -0.07423666 0.9869484 -0.14290498 0 0.9513038 0.027094569 -0.3070619 2E-06 0 0 0 1 -0.38401675 -0.15823166 -0.9096669 21.100002 -0.06383841 0.9873989 -0.14480329 0 0.9211166 0.002464801 -0.389279 2E-06 0 0 0 1 -0.4663416 -0.160123 -0.8699922 21.100002 -0.053122904 0.98677534 -0.15314165 0 0.8830083 -0.025199786 -0.46868062 2E-06 0 0 0 1 -0.5378504 -0.16151589 -0.8274235 21.100002 -0.040737916 0.9853084 -0.16585468 0 0.8420555 -0.055497494 -0.53652835 2E-06 0 0 0 1 -0.5751101 -0.1617387 -0.80192834 21.100002 -0.028125264 0.9835909 -0.17820743 0 0.81759244 -0.079934426 -0.570222 2E-06 0 0 0 1 -0.5751101 -0.1617387 -0.80192834 21.100002 -0.028125264 0.9835909 -0.17820743 0 0.81759244 -0.079934426 -0.570222 2E-06 0 0 0 1</float_array>
        <technique_common>
          <accessor source="#Motion_125_RFoot_transform_pose_array_id" count="88" stride="16">
            <param name="TRANSFORM" type="float4x4" />
          </accessor>
        </technique_common>
      </source>
      <sampler id="Motion_125_RFoot_transform_samp_id">
        <input semantic="INPUT" source="#Motion_125_RFoot_transform_frame_id" />
        <input semantic="INTERPOLATION" source="#Motion_125_RFoot_transform_interp_id" />
        <input semantic="OUTPUT" source="#Motion_125_RFoot_transform_pose_id" />
      </sampler>
      <channel source="#Motion_125_RFoot_transform_samp_id" target="RFoot_bone_id/transform" />
    </animation>
    <animation id="Motion_125_LThigh_transform_id" name="Motion_125_LThigh_transform">
      <source id="Motion_125_LThigh_transform_frame_id" name="Motion_125_LThigh_transform_frame">
        <float_array id="Motion_125_LThigh_transform_frame_array_id" count="88">0 0.033333335 0.06666667 0.1 0.13333334 0.16666667 0.2 0.23333333 0.26666668 0.3 0.33333334 0.36666667 0.4 0.43333334 0.46666667 0.5 0.53333336 0.56666666 0.6 0.6333333 0.6666667 0.7 0.73333335 0.76666665 0.8 0.8333333 0.8666667 0.9 0.93333334 0.96666664 1 1.0333333 1.0666667 1.1 1.1333333 1.1666666 1.2 1.2333333 1.2666667 1.3 1.3333334 1.3666667 1.4 1.4333333 1.4666667 1.5 1.5333333 1.5666667 1.6 1.6333333 1.6666666 1.7 1.7333333 1.7666667 1.8 1.8333334 1.8666667 1.9 1.9333333 1.9666667 2 2.0333333 2.0666666 2.1 2.1333334 2.1666667 2.2 2.2333333 2.2666667 2.3 2.3333333 2.3666666 2.4 2.4333334 2.4666667 2.5 2.5333333 2.5666666 2.6 2.6333334 2.6666667 2.7 2.7333333 2.7666667 2.8 2.8333333 2.8666666 2.9</float_array>
        <technique_common>
          <accessor source="#Motion_125_LThigh_transform_frame_array_id" count="88" stride="1">
            <param name="TIME" type="float" />
          </accessor>
        </technique_common>
      </source>
      <source id="Motion_125_LThigh_transform_interp_id" name="Motion_125_LThigh_transform_interp">
        <Name_array id="Motion_125_LThigh_transform_interp_array_id" count="88">LINEAR LINEAR LINEAR LINEAR LINEAR LINEAR LINEAR LINEAR LINEAR LINEAR LINEAR LINEAR LINEAR LINEAR LINEAR LINEAR LINEAR LINEAR LINEAR LINEAR LINEAR LINEAR LINEAR LINEAR LINEAR LINEAR LINEAR LINEAR LINEAR LINEAR LINEAR LINEAR LINEAR LINEAR LINEAR LINEAR LINEAR LINEAR LINEAR LINEAR LINEAR LINEAR LINEAR LINEAR LINEAR LINEAR LINEAR LINEAR LINEAR LINEAR LINEAR LINEAR LINEAR LINEAR LINEAR LINEAR LINEAR LINEAR LINEAR LINEAR LINEAR LINEAR LINEAR LINEAR LINEAR LINEAR LINEAR LINEAR LINEAR LINEAR LINEAR LINEAR LINEAR LINEAR LINEAR LINEAR LINEAR LINEAR LINEAR LINEAR LINEAR LINEAR LINEAR LINEAR LINEAR LINEAR LINEAR LINEAR</Name_array>
        <technique_common>
          <accessor source="#Motion_125_LThigh_transform_interp_array_id" count="88" stride="1">
            <param name="INTERPOLATION" type="Name" />
          </accessor>
        </technique_common>
      </source>
      <source id="Motion_125_LThigh_transform_pose_id" name="Motion_125_LThigh_transform_pose">
        <float_array id="Motion_125_LThigh_transform_pose_array_id" count="1408">0.78202164 -0.2478146 -0.57186544 6 0.23285714 0.96727973 -0.100734755 6 0.5781174 -0.054386184 0.8141391 0 0 0 0 1 0.7639676 -0.22938108 -0.60310686 6 0.20564109 0.97249544 -0.10938185 6 0.61160874 -0.040459372 0.79012513 0 0 0 0 1 0.758355 -0.21226108 -0.616314 6 0.18046409 0.97690654 -0.114395246 6 0.62636286 -0.02447033 0.7791475 0 0 0 0 1 0.76044196 -0.19729425 -0.61871076 6 0.15818425 0.9803117 -0.118181095 6 0.62984586 -0.00800043 0.776679 0 0 0 0 1 0.7701612 -0.18569236 -0.6102213 6 0.1401747 0.98257124 -0.12208498 6 0.6222562 0.00848753 0.78276765 0 0 0 0 1 0.7864851 -0.17871323 -0.5911876 6 0.12779033 0.98359376 -0.12733021 6 0.604244 0.024595253 0.7964196 0 0 0 0 1 0.8081113 -0.17697687 -0.56181425 6 0.12210331 0.9834096 -0.13415055 6 0.5762351 0.039809197 0.81631386 0 0 0 0 1 0.8335947 -0.1795882 -0.52236766 6 0.12309709 0.98228824 -0.1412689 6 0.5384858 0.05345906 0.840937 0 0 0 0 1 0.8612077 -0.18569343 -0.47311655 6 0.13048185 0.9804473 -0.1473012 6 0.49121872 0.06512379 0.86859834 0 0 0 0 1 0.88923407 -0.19456132 -0.41401526 6 0.14383851 0.97806126 -0.15068717 6 0.4342502 0.074444816 0.8977108 0 0 0 0 1 0.9163744 -0.20548551 -0.3435603 6 0.16260023 0.97528195 -0.14962035 6 0.365813 0.08124529 0.9271354 0 0 0 0 1 0.93797696 -0.21796006 -0.26961565 6 0.1845091 0.97221655 -0.14405355 6 0.29352272 0.08537236 0.95213234 0 0 0 0 1 0.9471236 -0.2323073 -0.22133741 6 0.20546673 0.96892357 -0.13773368 6 0.24645558 0.08497335 0.96542174 0 0 0 0 1 0.9478423 -0.24748977 -0.20085762 6 0.22409137 0.9655545 -0.1322408 6 0.22666721 0.080332965 0.9706537 0 0 0 0 1 0.943916 -0.26187015 -0.20111339 6 0.23983753 0.9624061 -0.12748502 6 0.22693728 0.07210062 0.9712368 0 0 0 0 1 0.93924475 -0.27187413 -0.2095322 6 0.25203872 0.96065545 -0.116694674 6 0.2330145 0.05679463 0.9708134 0 0 0 0 1 0.9379185 -0.27445728 -0.21208987 6 0.25823718 0.9607575 -0.10128482 6 0.2315653 0.040227402 0.97198725 0 0 0 0 1 0.9388163 -0.26887816 -0.21524039 6 0.2560901 0.96283877 -0.08578658 6 0.23030794 0.025416905 0.97278583 0 0 0 0 1 0.9271687 -0.25982258 -0.26990816 6 0.2458587 0.9655768 -0.08494062 6 0.28268656 0.012395009 0.95913225 0 0 0 0 1 0.88847446 -0.2511201 -0.3841248 6 0.23101516 0.9679551 -0.09846253 6 0.39654145 -0.0012572035 0.91801596 0 0 0 0 1 0.81775224 -0.24507418 -0.52078784 6 0.21437389 0.96940523 -0.11957165 6 0.53415835 -0.013863333 0.84527075 0 0 0 0 1 0.7239603 -0.24275464 -0.645718 6 0.19781351 0.9697821 -0.14280227 6 0.6608716 -0.024348557 0.75010383 0 0 0 0 1 0.66600305 -0.23466375 -0.7080769 6 0.1779984 0.9718034 -0.15464363 6 0.7244008 -0.023043431 0.6889938 0 0 0 0 1 0.6688782 -0.21745956 -0.71085393 6 0.15528294 0.97603315 -0.15246785 6 0.7269726 -0.008401081 0.6866151 0 0 0 0 1 0.68499106 -0.20316865 -0.69964975 6 0.13737549 0.9791221 -0.14982629 6 0.71548253 0.006514944 0.6986003 0 0 0 0 1 0.71124995 -0.19406456 -0.67562014 6 0.12624902 0.9807736 -0.14880967 6 0.69150907 0.020544507 0.7220756 0 0 0 0 1 0.74355245 -0.19183522 -0.64056927 6 0.12318843 0.9808661 -0.15075281 6 0.65723234 0.0331819 0.7529572 0 0 0 0 1 0.77922016 -0.19525488 -0.5955597 6 0.12692644 0.97970635 -0.15512934 6 0.61376345 0.04528763 0.78819 0 0 0 0 1 0.8165559 -0.20268571 -0.5405136 6 0.13698944 0.9776232 -0.1596458 6 0.56077653 0.056315057 0.8260498 0 0 0 0 1 0.85330623 -0.21250242 -0.47614202 6 0.15272793 0.9749942 -0.1614328 6 0.49854055 0.06503143 0.86442363 0 0 0 0 1 0.8872771 -0.22347939 -0.40348014 6 0.1729171 0.97214866 -0.15819813 6 0.42759672 0.07059696 0.9012087 0 0 0 0 1 0.9156093 -0.23522186 -0.3260833 6 0.19534737 0.96910906 -0.15055592 6 0.35142434 0.074150875 0.9332752 0 0 0 0 1 0.9334968 -0.24711764 -0.2598396 6 0.21634689 0.9660125 -0.1414704 6 0.28596812 0.07584669 0.9552327 0 0 0 0 1 0.94071716 -0.25794867 -0.22025822 6 0.23256388 0.9632012 -0.13474937 6 0.24691142 0.07553693 0.9660895 0 0 0 0 1 0.94272965 -0.2655217 -0.20188862 6 0.24263667 0.961209 -0.13116674 6 0.22888479 0.07466918 0.9705855 0 0 0 0 1 0.9432738 -0.26717797 -0.19710515 6 0.24564229 0.96099424 -0.12708218 6 0.22337048 0.07145594 0.9721109 0 0 0 0 1 0.94438136 -0.26071823 -0.20042431 6 0.24064215 0.9632706 -0.119168416 6 0.22413224 0.064309895 0.9724346 0 0 0 0 1 0.9478233 -0.24688998 -0.20168391 6 0.22902414 0.9674169 -0.10794675 6 0.2217634 0.056123957 0.973484 0 0 0 0 1 0.9496307 -0.22813205 -0.21484265 6 0.21151187 0.9724777 -0.097723514 6 0.23122355 0.047359478 0.9717473 0 0 0 0 1 0.9376669 -0.20902224 -0.27765176 6 0.1897669 0.9772399 -0.09481925 6 0.29115173 0.03621975 0.955991 0 0 0 0 1 0.8982478 -0.19412449 -0.39429247 6 0.16786557 0.9806832 -0.100407064 6 0.4061675 0.024002288 0.9134834 0 0 0 0 1 0.8306729 -0.18442927 -0.52532685 6 0.15212204 0.98282164 -0.10450144 6 0.53557575 0.006892737 0.84445906 0 0 0 0 1 0.75187856 -0.17956758 -0.63437694 6 0.13984337 0.98373765 -0.11271241 6 0.6442999 -0.0039673597 0.7647626 0 0 0 0 1 0.6923276 -0.17808706 -0.6992621 6 0.13011369 0.9839921 -0.121778294 6 0.7097555 -0.0066730976 0.7044165 0 0 0 0 1 0.6865524 -0.17545463 -0.705593 6 0.12019591 0.98448306 -0.12785178 6 0.71707654 0.0029675625 0.6969881 0 0 0 0 1 0.71787065 -0.17524825 -0.6737579 6 0.11338337 0.98430717 -0.13521698 6 0.6868813 0.020675354 0.7264755 0 0 0 0 1 0.77251124 -0.18065448 -0.6087613 6 0.11179276 0.98239577 -0.14966954 6 0.62508297 0.047566295 0.77910763 0 0 0 0 1 0.8351727 -0.18971515 -0.51623124 6 0.12419909 0.9794338 -0.15900962 6 0.53578085 0.06868504 0.8415588 0 0 0 0 1 0.8910985 -0.20148918 -0.406627 6 0.147102 0.97589654 -0.16120479 6 0.42930692 0.083833694 0.8992594 0 0 0 0 1 0.9269619 -0.21507713 -0.30738163 6 0.17397687 0.9723611 -0.15571104 6 0.33237582 0.0908609 0.93876016 0 0 0 0 1 0.942017 -0.22980946 -0.24452311 6 0.19908571 0.96933866 -0.14403978 6 0.27012742 0.08700686 0.9588853 0 0 0 0 1 0.94251305 -0.24247198 -0.22994888 6 0.21773414 0.96759856 -0.12784693 6 0.2534975 0.070429675 0.9647687 0 0 0 0 1 0.93530923 -0.24702369 -0.25332963 6 0.22693382 0.9681075 -0.10615493 6 0.2714731 0.041798625 0.96153796 0 0 0 0 1 0.93114024 -0.24000978 -0.27454165 6 0.22433734 0.9705645 -0.08762036 6 0.2874901 0.0199969 0.95757484 0 0 0 0 1 0.9314039 -0.22507717 -0.28605428 6 0.21468322 0.97433966 -0.067626454 6 0.2939352 0.0015764907 0.9558241 0 0 0 0 1 0.9229734 -0.20799717 -0.32381672 6 0.2007047 0.9780409 -0.056157194 6 0.32838655 -0.013159936 0.94445175 0 0 0 0 1 0.88537747 -0.19594419 -0.42155978 6 0.18707484 0.9803384 -0.06276636 6 0.42556992 -0.023291314 0.9046258 0 0 0 0 1 0.81250805 -0.19456322 -0.5495233 6 0.17902215 0.98038685 -0.08241743 6 0.5547808 -0.031412013 0.8314034 0 0 0 0 1 0.7283093 -0.1990877 -0.65569025 6 0.17233749 0.9793257 -0.10592914 6 0.66322345 -0.03585084 0.7475623 0 0 0 0 1 0.655841 -0.20281138 -0.7271452 6 0.1667826 0.97836053 -0.12245116 6 0.7362447 -0.04096669 0.6754743 0 0 0 0 1 0.64551926 -0.19738287 -0.73779726 6 0.15715379 0.9796828 -0.1245963 6 0.7474005 -0.035518333 0.6634236 0 0 0 0 1 0.655522 -0.19212838 -0.73032707 6 0.15095188 0.9809141 -0.122560374 6 0.73993546 -0.02990321 0.6720129 0 0 0 0 1 0.67243576 -0.18755636 -0.7159978 6 0.1476303 0.9819103 -0.1185641 6 0.725283 -0.025976237 0.68796057 0 0 0 0 1 0.69508696 -0.18458925 -0.69482434 6 0.14606278 0.98257816 -0.11491685 6 0.70393157 -0.02161076 0.7099389 0 0 0 0 1 0.72187555 -0.18266797 -0.6674789 6 0.14466318 0.9830557 -0.11257881 6 0.6767335 -0.015291747 0.7360692 0 0 0 0 1 0.7511482 -0.18129127 -0.6347518 6 0.14246188 0.9834106 -0.112286046 6 0.6445781 -0.006084468 0.7645142 0 0 0 0 1 0.78136086 -0.18042612 -0.59742916 6 0.13798487 0.98355055 -0.11656984 6 0.608634 0.008646928 0.793404 0 0 0 0 1 0.8111469 -0.17976958 -0.55652815 6 0.12999889 0.98320186 -0.12811854 6 0.57021135 0.03157492 0.820891 0 0 0 0 1 0.8398261 -0.17964315 -0.5122698 6 0.11902707 0.98163164 -0.14910376 6 0.52964574 0.06424725 0.8457823 0 0 0 0 1 0.8677665 -0.18186538 -0.46250004 6 0.11871277 0.9795502 -0.16244605 6 0.4825853 0.086060576 0.8716106 0 0 0 0 1 0.8940769 -0.19061927 -0.40532807 6 0.13676922 0.97788924 -0.15819861 6 0.4265217 0.086005315 0.900379 0 0 0 0 1 0.91712826 -0.20236501 -0.34340084 6 0.16288966 0.97659355 -0.14047042 6 0.36378932 0.07289296 0.92862475 0 0 0 0 1 0.9359753 -0.2137089 -0.27978322 6 0.18856451 0.9753951 -0.114227355 6 0.29731056 0.054156806 0.9532437 0 0 0 0 1 0.94981784 -0.22490728 -0.21740003 6 0.21108586 0.97375196 -0.0851462 6 0.23084371 0.03498331 0.97236174 0 0 0 0 1 0.9591764 -0.23459974 -0.15793544 6 0.2278176 0.9718523 -0.060018495 6 0.16757023 0.021587854 0.9856238 0 0 0 0 1 0.96254086 -0.24154933 -0.12316272 6 0.23699878 0.97019285 -0.050570652 6 0.1317069 0.019486904 0.99109715 0 0 0 0 1 0.9604874 -0.24635342 -0.12951405 6 0.23937121 0.9685991 -0.067210205 6 0.14200465 0.033552617 0.98929715 0 0 0 0 1 0.9559207 -0.24963926 -0.15458277 6 0.23693965 0.9667651 -0.09604576 6 0.17342201 0.055185348 0.98330027 0 0 0 0 1 0.9495227 -0.253885 -0.18425266 6 0.23481596 0.96470475 -0.11918962 6 0.20800988 0.069907784 0.97562534 0 0 0 0 1 0.9437343 -0.26025525 -0.20404121 6 0.23876517 0.9631131 -0.12411397 6 0.22881609 0.06841267 0.9710628 0 0 0 0 1 0.9428051 -0.26605582 -0.2008303 6 0.24906582 0.96266115 -0.10606508 6 0.22155075 0.049978737 0.97386724 0 0 0 0 1 0.9429537 -0.2711094 -0.19323048 6 0.2605356 0.9622531 -0.07867737 6 0.20726681 0.023845695 0.9779938 0 0 0 0 1 0.9336432 -0.27604684 -0.22827268 6 0.2694969 0.9611286 -0.06002724 6 0.23596972 -0.0054747444 0.97174495 0 0 0 0 1 0.9036327 -0.28027177 -0.32387602 6 0.27559763 0.9593209 -0.061231952 6 0.32786262 -0.03392827 0.944116 0 0 0 0 1 0.8601176 -0.28288835 -0.42446655 6 0.27896142 0.95753276 -0.07288027 6 0.42705762 -0.05572419 0.90250576 0 0 0 0 1 0.81226444 -0.28063342 -0.51134276 6 0.27506557 0.9573465 -0.088467956 6 0.51435924 -0.0687934 0.85481113 0 0 0 0 1 0.78400785 -0.27003714 -0.5589379 6 0.26039353 0.9604378 -0.09876468 6 0.5634953 -0.06811153 0.8233067 0 0 0 0 1 0.78400785 -0.27003714 -0.5589379 6 0.26039353 0.9604378 -0.09876468 6 0.5634953 -0.06811153 0.8233067 0 0 0 0 1</float_array>
        <technique_common>
          <accessor source="#Motion_125_LThigh_transform_pose_array_id" count="88" stride="16">
            <param name="TRANSFORM" type="float4x4" />
          </accessor>
        </technique_common>
      </source>
      <sampler id="Motion_125_LThigh_transform_samp_id">
        <input semantic="INPUT" source="#Motion_125_LThigh_transform_frame_id" />
        <input semantic="INTERPOLATION" source="#Motion_125_LThigh_transform_interp_id" />
        <input semantic="OUTPUT" source="#Motion_125_LThigh_transform_pose_id" />
      </sampler>
      <channel source="#Motion_125_LThigh_transform_samp_id" target="LThigh_bone_id/transform" />
    </animation>
    <animation id="Motion_125_LLeg_transform_id" name="Motion_125_LLeg_transform">
      <source id="Motion_125_LLeg_transform_frame_id" name="Motion_125_LLeg_transform_frame">
        <float_array id="Motion_125_LLeg_transform_frame_array_id" count="88">0 0.033333335 0.06666667 0.1 0.13333334 0.16666667 0.2 0.23333333 0.26666668 0.3 0.33333334 0.36666667 0.4 0.43333334 0.46666667 0.5 0.53333336 0.56666666 0.6 0.6333333 0.6666667 0.7 0.73333335 0.76666665 0.8 0.8333333 0.8666667 0.9 0.93333334 0.96666664 1 1.0333333 1.0666667 1.1 1.1333333 1.1666666 1.2 1.2333333 1.2666667 1.3 1.3333334 1.3666667 1.4 1.4333333 1.4666667 1.5 1.5333333 1.5666667 1.6 1.6333333 1.6666666 1.7 1.7333333 1.7666667 1.8 1.8333334 1.8666667 1.9 1.9333333 1.9666667 2 2.0333333 2.0666666 2.1 2.1333334 2.1666667 2.2 2.2333333 2.2666667 2.3 2.3333333 2.3666666 2.4 2.4333334 2.4666667 2.5 2.5333333 2.5666666 2.6 2.6333334 2.6666667 2.7 2.7333333 2.7666667 2.8 2.8333333 2.8666666 2.9</float_array>
        <technique_common>
          <accessor source="#Motion_125_LLeg_transform_frame_array_id" count="88" stride="1">
            <param name="TIME" type="float" />
          </accessor>
        </technique_common>
      </source>
      <source id="Motion_125_LLeg_transform_interp_id" name="Motion_125_LLeg_transform_interp">
        <Name_array id="Motion_125_LLeg_transform_interp_array_id" count="88">LINEAR LINEAR LINEAR LINEAR LINEAR LINEAR LINEAR LINEAR LINEAR LINEAR LINEAR LINEAR LINEAR LINEAR LINEAR LINEAR LINEAR LINEAR LINEAR LINEAR LINEAR LINEAR LINEAR LINEAR LINEAR LINEAR LINEAR LINEAR LINEAR LINEAR LINEAR LINEAR LINEAR LINEAR LINEAR LINEAR LINEAR LINEAR LINEAR LINEAR LINEAR LINEAR LINEAR LINEAR LINEAR LINEAR LINEAR LINEAR LINEAR LINEAR LINEAR LINEAR LINEAR LINEAR LINEAR LINEAR LINEAR LINEAR LINEAR LINEAR LINEAR LINEAR LINEAR LINEAR LINEAR LINEAR LINEAR LINEAR LINEAR LINEAR LINEAR LINEAR LINEAR LINEAR LINEAR LINEAR LINEAR LINEAR LINEAR LINEAR LINEAR LINEAR LINEAR LINEAR LINEAR LINEAR LINEAR LINEAR</Name_array>
        <technique_common>
          <accessor source="#Motion_125_LLeg_transform_interp_array_id" count="88" stride="1">
            <param name="INTERPOLATION" type="Name" />
          </accessor>
        </technique_common>
      </source>
      <source id="Motion_125_LLeg_transform_pose_id" name="Motion_125_LLeg_transform_pose">
        <float_array id="Motion_125_LLeg_transform_pose_array_id" count="1408">0.30081433 0 0.95368266 21.1 0 1 0 0 -0.95368266 0 0.30081433 0 0 0 0 1 0.24614906 0 0.96923196 21.1 0 1 0 0 -0.96923196 0 0.24614906 0 0 0 0 1 0.22775608 0 0.9737182 21.1 0 1 0 0 -0.9737182 0 0.22775608 0 0 0 0 1 0.23322052 0 0.97242385 21.1 0 1 0 0 -0.97242385 0 0.23322052 0 0 0 0 1 0.2591409 0 0.9658395 21.1 0 1 0 0 -0.9658395 0 0.2591409 0 0 0 0 1 0.3013134 0 0.9535252 21.1 0 1 0 0 -0.9535252 0 0.3013134 0 0 0 0 1 0.356551 0 0.93427587 21.1 0 1 0 0 -0.93427587 0 0.356551 0 0 0 0 1 0.42284644 0 0.90620136 21.1 0 1 0 0 -0.90620136 0 0.42284644 0 0 0 0 1 0.4973253 0 0.8675641 21.1 0 1 0 0 -0.8675641 0 0.4973253 0 0 0 0 1 0.57677233 0 0.81690496 21.1 0 1 0 0 -0.81690496 0 0.57677233 0 0 0 0 1 0.6581514 0 0.75288564 21.1 0 1 0 0 -0.75288564 0 0.6581514 0 0 0 0 1 0.7330951 0 0.6801262 21.1 0 1 0 0 -0.6801262 0 0.7330951 0 0 0 0 1 0.774793 0 0.63221496 21.1 0 1 0 0 -0.63221496 0 0.774793 0 0 0 0 1 0.7911222 0 0.6116581 21.1 0 1 0 0 -0.6116581 0 0.7911222 0 0 0 0 1 0.79324484 0 0.60890275 21.1 0 1 0 0 -0.60890275 0 0.79324484 0 0 0 0 1 0.79406196 0 0.60783684 21.1 0 1 0 0 -0.60783684 0 0.79406196 0 0 0 0 1 0.8021617 0 0.5971069 21.1 0 1 0 0 -0.5971069 0 0.8021617 0 0 0 0 1 0.804184 0 0.5943804 21.1 0 1 0 0 -0.5943804 0 0.804184 0 0 0 0 1 0.74513155 0 0.66691756 21.1 0 1 0 0 -0.66691756 0 0.74513155 0 0 0 0 1 0.60468984 0 0.79646105 21.1 0 1 0 0 -0.79646105 0 0.60468984 0 0 0 0 1 0.40637338 0 0.9137071 21.1 0 1 0 0 -0.9137071 0 0.40637338 0 0 0 0 1 0.18595946 0 0.9825574 21.1 0 1 0 0 -0.9825574 0 0.18595946 0 0 0 0 1 0.06921244 0 0.997602 21.1 0 1 0 0 -0.997602 0 0.06921244 0 0 0 0 1 0.076535404 0 0.9970669 21.1 0 1 0 0 -0.9970669 0 0.076535404 0 0 0 0 1 0.10675746 0 0.99428517 21.1 0 1 0 0 -0.99428517 0 0.10675746 0 0 0 0 1 0.15370154 0 0.9881173 21.1 0 1 0 0 -0.9881173 0 0.15370154 0 0 0 0 1 0.21244997 0 0.97717196 21.1 0 1 0 0 -0.97717196 0 0.21244997 0 0 0 0 1 0.2822991 0 0.95932645 21.1 0 1 0 0 -0.95932645 0 0.2822991 0 0 0 0 1 0.36105537 0 0.93254435 21.1 0 1 0 0 -0.93254435 0 0.36105537 0 0 0 0 1 0.44616115 0 0.89495265 21.1 0 1 0 0 -0.89495265 0 0.44616115 0 0 0 0 1 0.5347117 0 0.84503454 21.1 0 1 0 0 -0.84503454 0 0.5347117 0 0 0 0 1 0.62323475 0 0.7820348 21.1 0 1 0 0 -0.7820348 0 0.62323475 0 0 0 0 1 0.69288456 0 0.72104853 21.1 0 1 0 0 -0.72104853 0 0.69288456 0 0 0 0 1 0.73102486 0 0.68235075 21.1 0 1 0 0 -0.68235075 0 0.73102486 0 0 0 0 1 0.748986 0 0.66258585 21.1 0 1 0 0 -0.66258585 0 0.748986 0 0 0 0 1 0.7587156 0 0.65142196 21.1 0 1 0 0 -0.65142196 0 0.7587156 0 0 0 0 1 0.7678549 0 0.6406238 21.1 0 1 0 0 -0.6406238 0 0.7678549 0 0 0 0 1 0.78094834 0 0.62459564 21.1 0 1 0 0 -0.62459564 0 0.78094834 0 0 0 0 1 0.7828781 0 0.62217516 21.1 0 1 0 0 -0.62217516 0 0.7828781 0 0 0 0 1 0.7332171 0 0.6799946 21.1 0 1 0 0 -0.6799946 0 0.7332171 0 0 0 0 1 0.60629654 0 0.7952386 21.1 0 1 0 0 -0.7952386 0 0.60629654 0 0 0 0 1 0.43482202 0 0.90051645 21.1 0 1 0 0 -0.90051645 0 0.43482202 0 0 0 0 1 0.25949305 0 0.965745 21.1 0 1 0 0 -0.965745 0 0.25949305 0 0 0 0 1 0.13748628 0 0.9905037 21.1 0 1 0 0 -0.9905037 0 0.13748628 0 0 0 0 1 0.122926354 0 0.9924158 21.1 0 1 0 0 -0.9924158 0 0.122926354 0 0 0 0 1 0.17541355 0 0.98449486 21.1 0 1 0 0 -0.98449486 0 0.17541355 0 0 0 0 1 0.2761919 0 0.9611025 21.1 0 1 0 0 -0.9611025 0 0.2761919 0 0 0 0 1 0.41064572 0 0.911795 21.1 0 1 0 0 -0.911795 0 0.41064572 0 0 0 0 1 0.5605618 0 0.82811266 21.1 0 1 0 0 -0.82811266 0 0.5605618 0 0 0 0 1 0.68485206 0 0.7286821 21.1 0 1 0 0 -0.7286821 0 0.68485206 0 0 0 0 1 0.75781864 0 0.6524653 21.1 0 1 0 0 -0.6524653 0 0.75781864 0 0 0 0 1 0.7811818 0 0.6243035 21.1 0 1 0 0 -0.6243035 0 0.7811818 0 0 0 0 1 0.7725285 0 0.6349801 21.1 0 1 0 0 -0.6349801 0 0.7725285 0 0 0 0 1 0.7674141 0 0.6411518 21.1 0 1 0 0 -0.6411518 0 0.7674141 0 0 0 0 1 0.76783574 0 0.64064676 21.1 0 1 0 0 -0.64064676 0 0.76783574 0 0 0 0 1 0.72939235 0 0.6840956 21.1 0 1 0 0 -0.6840956 0 0.72939235 0 0 0 0 1 0.6022334 0 0.79832006 21.1 0 1 0 0 -0.79832006 0 0.6022334 0 0 0 0 1 0.40555346 0 0.9140713 21.1 0 1 0 0 -0.9140713 0 0.40555346 0 0 0 0 1 0.22096515 0 0.97528166 21.1 0 1 0 0 -0.97528166 0 0.22096515 0 0 0 0 1 0.08634275 0 0.9962655 21.1 0 1 0 0 -0.9962655 0 0.08634275 0 0 0 0 1 0.074910104 0 0.99719024 21.1 0 1 0 0 -0.99719024 0 0.074910104 0 0 0 0 1 0.093759835 0 0.99559486 21.1 0 1 0 0 -0.99559486 0 0.093759835 0 0 0 0 1 0.12153721 0 0.9925869 21.1 0 1 0 0 -0.9925869 0 0.12153721 0 0 0 0 1 0.15763223 0 0.98749787 21.1 0 1 0 0 -0.98749787 0 0.15763223 0 0 0 0 1 0.20152497 0 0.97948337 21.1 0 1 0 0 -0.97948337 0 0.20152497 0 0 0 0 1 0.25259328 0 0.96757257 21.1 0 1 0 0 -0.96757257 0 0.25259328 0 0 0 0 1 0.31042957 0 0.9505964 21.1 0 1 0 0 -0.9505964 0 0.31042957 0 0 0 0 1 0.37537777 0 0.9268719 21.1 0 1 0 0 -0.9268719 0 0.37537777 0 0 0 0 1 0.4467879 0 0.8946399 21.1 0 1 0 0 -0.8946399 0 0.4467879 0 0 0 0 1 0.5209119 0 0.85361046 21.1 0 1 0 0 -0.85361046 0 0.5209119 0 0 0 0 1 0.5935669 0 0.80478466 21.1 0 1 0 0 -0.80478466 0 0.5935669 0 0 0 0 1 0.6621723 0 0.74935156 21.1 0 1 0 0 -0.74935156 0 0.6621723 0 0 0 0 1 0.72622776 0 0.68745416 21.1 0 1 0 0 -0.68745416 0 0.72622776 0 0 0 0 1 0.7850505 0 0.61943173 21.1 0 1 0 0 -0.61943173 0 0.7850505 0 0 0 0 1 0.83758867 0 0.5463014 21.1 0 1 0 0 -0.5463014 0 0.83758867 0 0 0 0 1 0.8670748 0 0.49817795 21.1 0 1 0 0 -0.49817795 0 0.8670748 0 0 0 0 1 0.86234295 0 0.5063246 21.1 0 1 0 0 -0.5063246 0 0.86234295 0 0 0 0 1 0.84422904 0 0.5359826 21.1 0 1 0 0 -0.5359826 0 0.84422904 0 0 0 0 1 0.82849604 0 0.55999494 21.1 0 1 0 0 -0.55999494 0 0.82849604 0 0 0 0 1 0.82247597 0 0.56879985 21.1 0 1 0 0 -0.56879985 0 0.82247597 0 0 0 0 1 0.83336115 0 0.5527289 21.1 0 1 0 0 -0.5527289 0 0.83336115 0 0 0 0 1 0.84329 0 0.5374589 21.1 0 1 0 0 -0.5374589 0 0.84329 0 0 0 0 1 0.80777794 0 0.5894869 21.1 0 1 0 0 -0.5894869 0 0.80777794 0 0 0 0 1 0.6934127 0 0.72054064 21.1 0 1 0 0 -0.72054064 0 0.6934127 0 0 0 0 1 0.5441431 0 0.8389924 21.1 0 1 0 0 -0.8389924 0 0.5441431 0 0 0 0 1 0.39288473 0 0.9195878 21.1 0 1 0 0 -0.9195878 0 0.39288473 0 0 0 0 1 0.3096577 0 0.9508481 21.1 0 1 0 0 -0.9508481 0 0.3096577 0 0 0 0 1 0.3096577 0 0.9508481 21.1 0 1 0 0 -0.9508481 0 0.3096577 0 0 0 0 1</float_array>
        <technique_common>
          <accessor source="#Motion_125_LLeg_transform_pose_array_id" count="88" stride="16">
            <param name="TRANSFORM" type="float4x4" />
          </accessor>
        </technique_common>
      </source>
      <sampler id="Motion_125_LLeg_transform_samp_id">
        <input semantic="INPUT" source="#Motion_125_LLeg_transform_frame_id" />
        <input semantic="INTERPOLATION" source="#Motion_125_LLeg_transform_interp_id" />
        <input semantic="OUTPUT" source="#Motion_125_LLeg_transform_pose_id" />
      </sampler>
      <channel source="#Motion_125_LLeg_transform_samp_id" target="LLeg_bone_id/transform" />
    </animation>
    <animation id="Motion_125_LFoot_transform_id" name="Motion_125_LFoot_transform">
      <source id="Motion_125_LFoot_transform_frame_id" name="Motion_125_LFoot_transform_frame">
        <float_array id="Motion_125_LFoot_transform_frame_array_id" count="88">0 0.033333335 0.06666667 0.1 0.13333334 0.16666667 0.2 0.23333333 0.26666668 0.3 0.33333334 0.36666667 0.4 0.43333334 0.46666667 0.5 0.53333336 0.56666666 0.6 0.6333333 0.6666667 0.7 0.73333335 0.76666665 0.8 0.8333333 0.8666667 0.9 0.93333334 0.96666664 1 1.0333333 1.0666667 1.1 1.1333333 1.1666666 1.2 1.2333333 1.2666667 1.3 1.3333334 1.3666667 1.4 1.4333333 1.4666667 1.5 1.5333333 1.5666667 1.6 1.6333333 1.6666666 1.7 1.7333333 1.7666667 1.8 1.8333334 1.8666667 1.9 1.9333333 1.9666667 2 2.0333333 2.0666666 2.1 2.1333334 2.1666667 2.2 2.2333333 2.2666667 2.3 2.3333333 2.3666666 2.4 2.4333334 2.4666667 2.5 2.5333333 2.5666666 2.6 2.6333334 2.6666667 2.7 2.7333333 2.7666667 2.8 2.8333333 2.8666666 2.9</float_array>
        <technique_common>
          <accessor source="#Motion_125_LFoot_transform_frame_array_id" count="88" stride="1">
            <param name="TIME" type="float" />
          </accessor>
        </technique_common>
      </source>
      <source id="Motion_125_LFoot_transform_interp_id" name="Motion_125_LFoot_transform_interp">
        <Name_array id="Motion_125_LFoot_transform_interp_array_id" count="88">LINEAR LINEAR LINEAR LINEAR LINEAR LINEAR LINEAR LINEAR LINEAR LINEAR LINEAR LINEAR LINEAR LINEAR LINEAR LINEAR LINEAR LINEAR LINEAR LINEAR LINEAR LINEAR LINEAR LINEAR LINEAR LINEAR LINEAR LINEAR LINEAR LINEAR LINEAR LINEAR LINEAR LINEAR LINEAR LINEAR LINEAR LINEAR LINEAR LINEAR LINEAR LINEAR LINEAR LINEAR LINEAR LINEAR LINEAR LINEAR LINEAR LINEAR LINEAR LINEAR LINEAR LINEAR LINEAR LINEAR LINEAR LINEAR LINEAR LINEAR LINEAR LINEAR LINEAR LINEAR LINEAR LINEAR LINEAR LINEAR LINEAR LINEAR LINEAR LINEAR LINEAR LINEAR LINEAR LINEAR LINEAR LINEAR LINEAR LINEAR LINEAR LINEAR LINEAR LINEAR LINEAR LINEAR LINEAR LINEAR</Name_array>
        <technique_common>
          <accessor source="#Motion_125_LFoot_transform_interp_array_id" count="88" stride="1">
            <param name="INTERPOLATION" type="Name" />
          </accessor>
        </technique_common>
      </source>
      <source id="Motion_125_LFoot_transform_pose_id" name="Motion_125_LFoot_transform_pose">
        <float_array id="Motion_125_LFoot_transform_pose_array_id" count="1408">-0.36180365 0.19214633 -0.9122378 21.100002 -0.01790531 0.9769162 0.21287109 0 0.93208236 0.09335144 -0.35001135 2E-06 0 0 0 1 -0.39053583 0.18935059 -0.90090406 21.100002 -0.012972772 0.9773892 0.21104975 0 0.92049634 0.09410973 -0.3792491 2E-06 0 0 0 1 -0.40658915 0.18836528 -0.89398193 21.100002 -0.0064390674 0.9778997 0.20897555 0 0.9135884 0.090723604 -0.39639044 2E-06 0 0 0 1 -0.41216683 0.18935208 -0.8912152 21.100002 0.0024408102 0.97839177 0.20674527 0 0.9111053 0.08303824 -0.40372288 2E-06 0 0 0 1 -0.4095738 0.19161026 -0.8919276 21.100002 0.012514666 0.97878194 0.20452219 0 0.91219115 0.072604746 -0.40328145 2E-06 0 0 0 1 -0.39965284 0.1947573 -0.89573836 21.100002 0.02337952 0.979017 0.20243302 0 0.91636837 0.059961 -0.39582026 2E-06 0 0 0 1 -0.38227713 0.1984497 -0.9024867 21.100002 0.034533672 0.9790525 0.20065811 0 0.9234023 0.045540802 -0.3811226 2E-06 0 0 0 1 -0.35808086 0.20227614 -0.9115165 21.100002 0.04555068 0.9788733 0.19932924 0 0.93257874 0.029855803 -0.35972965 2E-06 0 0 0 1 -0.32768643 0.20584686 -0.92208916 21.100002 0.055977806 0.97849184 0.1985451 0 0.9431266 0.013444029 -0.33216143 2E-06 0 0 0 1 -0.29173374 0.20881408 -0.9334282 21.100002 0.06533096 0.9779504 0.19835545 0 0.9542659 -0.0031147897 -0.29894316 2E-06 0 0 0 1 -0.25067604 0.21089584 -0.9448198 21.100002 0.07307307 0.97731966 0.19876274 0 0.96530914 -0.019215815 -0.26040137 2E-06 0 0 0 1 -0.20233881 0.21240205 -0.9560044 21.100002 0.077905476 0.97659373 0.20048779 0 0.9762119 -0.03391152 -0.21415007 2E-06 0 0 0 1 -0.14481258 0.2150349 -0.96581024 21.100002 0.07730937 0.97557414 0.20561713 0 0.9864343 -0.044890255 -0.15789962 2E-06 0 0 0 1 -0.0846957 0.2191906 -0.9719991 21.100002 0.06968681 0.9744185 0.213664 0 0.9939671 -0.0496391 -0.09780383 2E-06 0 0 0 1 -0.03150487 0.22236294 -0.97445476 21.100002 0.05628123 0.9737866 0.22039084 0 0.9979178 -0.047900125 -0.043193817 2E-06 0 0 0 1 0.007892787 0.22154647 -0.9751179 21.100002 0.038811646 0.97434556 0.22168517 0 0.99921536 -0.039595656 -0.0009082556 2E-06 0 0 0 1 0.019372523 0.21718726 -0.9759377 21.100002 0.024193406 0.9757332 0.217622 0 0.9995196 -0.027827159 0.013647914 2E-06 0 0 0 1 -0.024152398 0.21063566 -0.97726625 21.100002 0.019458055 0.9774653 0.21019767 0 0.99951893 -0.013938934 -0.027706623 2E-06 0 0 0 1 -0.121186614 0.20426312 -0.9713859 21.100002 0.01788129 0.97888875 0.20361003 0 0.9924688 0.0073051527 -0.12228072 2E-06 0 0 0 1 -0.22243261 0.1994881 -0.9543208 21.100002 0.009402968 0.9792361 0.2025047 0 0.97490275 0.036070198 -0.21968985 2E-06 0 0 0 1 -0.30387855 0.19389018 -0.9327725 21.100002 -0.007047005 0.97858775 0.20570932 0 0.95268476 0.069083914 -0.2960055 2E-06 0 0 0 1 -0.3824967 0.18906501 -0.9044062 21.100002 -0.024106227 0.9764651 0.21432397 0 0.9236423 0.10378003 -0.36893702 2E-06 0 0 0 1 -0.42033458 0.18538724 -0.8882287 21.100002 -0.031152993 0.97537994 0.2183195 0 0.9068342 0.11943822 -0.40421057 2E-06 0 0 0 1 -0.42050004 0.18534419 -0.88815945 21.100002 -0.023275554 0.9763861 0.21477546 0 0.9069939 0.1109855 -0.40625644 2E-06 0 0 0 1 -0.41517794 0.1867229 -0.89037174 21.100002 -0.013688572 0.97731686 0.2113394 0 0.9096373 0.099931374 -0.40320444 2E-06 0 0 0 1 -0.40620697 0.18930694 -0.89395666 21.100002 -0.0031483546 0.97800946 0.20853677 0 0.91377556 0.08752361 -0.39667833 2E-06 0 0 0 1 -0.39439476 0.19305412 -0.8984335 21.100002 0.0077655762 0.9783488 0.20681725 0 0.9189083 0.07459079 -0.38735473 2E-06 0 0 0 1 -0.3785745 0.19769217 -0.9042119 21.100002 0.01864022 0.9783538 0.2060979 0 0.9253831 0.0611687 -0.3740648 2E-06 0 0 0 1 -0.3582282 0.20257539 -0.9113922 21.100002 0.029445924 0.9781429 0.2058382 0 0.9331696 0.04690025 -0.35636342 2E-06 0 0 0 1 -0.33287144 0.20728846 -0.91990656 21.100002 0.039903283 0.97776204 0.20588626 0 0.9421275 0.031826362 -0.33374047 2E-06 0 0 0 1 -0.30199862 0.21139449 -0.92957467 21.100002 0.049739324 0.9772698 0.20608163 0 0.95200986 0.015999965 -0.3056488 2E-06 0 0 0 1 -0.2653836 0.21449867 -0.93997973 21.100002 0.057932407 0.9767242 0.20652759 0 0.96240085 0.00035373122 -0.27163303 2E-06 0 0 0 1 -0.21740878 0.21707126 -0.9516373 21.100002 0.0619443 0.97606075 0.2084907 0 0.97411317 -0.013620801 -0.22565055 2E-06 0 0 0 1 -0.16246772 0.21968284 -0.9619478 21.100002 0.060362034 0.97528744 0.21253443 0 0.9848658 -0.02353514 -0.17171323 2E-06 0 0 0 1 -0.10826278 0.22239257 -0.9689277 21.100002 0.052806094 0.9745668 0.21778664 0 0.9927189 -0.027587108 -0.117252946 2E-06 0 0 0 1 -0.062409997 0.22296315 -0.972827 21.100002 0.04153689 0.9744629 0.22067337 0 0.9971859 -0.02663599 -0.07007742 2E-06 0 0 0 1 -0.030584097 0.21953118 -0.9751259 21.100002 0.030391812 0.97533554 0.21862514 0 0.9990699 -0.022949383 -0.036501765 2E-06 0 0 0 1 -0.0372535 0.21231282 -0.97649145 21.100002 0.027511984 0.9770172 0.21137756 0 0.9989271 -0.018990673 -0.042238474 2E-06 0 0 0 1 -0.08136499 0.20486227 -0.9754031 21.100002 0.03099861 0.9786946 0.20296776 0 0.99620223 -0.013721645 -0.085981965 2E-06 0 0 0 1 -0.1408236 0.19947983 -0.9697301 21.100002 0.03124687 0.97989863 0.19703391 0 0.9895415 -0.0025540069 -0.14422596 2E-06 0 0 0 1 -0.21754551 0.19610822 -0.9561462 21.100002 0.023587383 0.9803778 0.19571152 0 0.97576517 0.02002316 -0.21790254 2E-06 0 0 0 1 -0.285712 0.19060299 -0.9391694 21.100002 0.0071574226 0.98041815 0.19679695 0 0.9582888 0.04950522 -0.2814815 2E-06 0 0 0 1 -0.3497373 0.18670431 -0.9180553 21.100002 -0.0056029856 0.9795062 0.20133603 0 0.9368311 0.075558566 -0.34152377 2E-06 0 0 0 1 -0.3952539 0.18578798 -0.89958745 21.100002 -0.011328146 0.978272 0.20701568 0 0.9185023 0.09201436 -0.38456118 2E-06 0 0 0 1 -0.40955496 0.18794209 -0.8927162 21.100002 -0.0051880702 0.97805375 0.20828818 0 0.9122706 0.08993696 -0.39959168 2E-06 0 0 0 1 -0.40779746 0.1930373 -0.89243364 21.100002 0.010957703 0.97836065 0.20661655 0 0.91300666 0.07447868 -0.40108824 2E-06 0 0 0 1 -0.38943827 0.20273328 -0.8984638 21.100002 0.03445497 0.9779988 0.20574546 0 0.92040795 0.049168594 -0.3878553 2E-06 0 0 0 1 -0.3524872 0.20860526 -0.91227 21.100002 0.05449427 0.9777597 0.20252478 0 0.9342286 0.021673903 -0.35601568 2E-06 0 0 0 1 -0.2918949 0.21138787 -0.93279827 21.100002 0.06883506 0.9773848 0.1999518 0 0.9539702 -0.0058443174 -0.2998445 2E-06 0 0 0 1 -0.20322669 0.21236315 -0.9558248 21.100002 0.07290397 0.9767684 0.2015156 0 0.9764139 -0.02873008 -0.21398759 2E-06 0 0 0 1 -0.11496794 0.21302412 -0.97025937 21.100002 0.064758465 0.9762654 0.20666942 0 0.9912562 -0.039072134 -0.12603438 2E-06 0 0 0 1 -0.048213363 0.21241133 -0.9759903 21.100002 0.045883313 0.976566 0.21027005 0 0.9977827 -0.03464386 -0.05682969 2E-06 0 0 0 1 -0.010857701 0.20880605 -0.9778968 21.100002 0.018911853 0.9778224 0.2085802 0 0.9997622 -0.016229145 -0.014565825 2E-06 0 0 0 1 0.00036674738 0.20369208 -0.97903484 21.100002 0.0065440387 0.97901356 0.20369008 0 0.9999785 -0.0064815357 -0.0009739399 2E-06 0 0 0 1 -0.03313923 0.19741702 -0.9797594 21.100002 0.005633943 0.9803191 0.19733924 0 0.9994349 0.001019761 -0.033599257 2E-06 0 0 0 1 -0.107877254 0.19168799 -0.9755091 21.100002 0.009287 0.98138696 0.19181596 0 0.9941208 0.0116330385 -0.107649565 2E-06 0 0 0 1 -0.2061187 0.18960159 -0.9599825 21.100002 0.00817509 0.9813479 0.1920661 0 0.97849286 0.03174047 -0.20382416 2E-06 0 0 0 1 -0.29807472 0.18930294 -0.935583 21.100002 -0.0005195439 0.9801054 0.19847697 0 0.9545423 0.05964706 -0.2920463 2E-06 0 0 0 1 -0.36918962 0.19060436 -0.90959805 21.100002 -0.009378657 0.97792846 0.20872946 0 0.92930657 0.0855916 -0.3592534 2E-06 0 0 0 1 -0.4152652 0.18883571 -0.8898851 21.100002 -0.01884076 0.9762229 0.2159488 0 0.90950507 0.10644217 -0.40183353 2E-06 0 0 0 1 -0.42077172 0.18899795 -0.88726026 21.100002 -0.014548868 0.976525 0.21491212 0 0.90704983 0.103337586 -0.40814435 2E-06 0 0 0 1 -0.41890955 0.19084619 -0.88774574 21.100002 -0.0066286772 0.97699463 0.21316072 0 0.9080038 0.09517965 -0.40800726 2E-06 0 0 0 1 -0.4135759 0.19108841 -0.8901912 21.100002 8.1174076E-05 0.9777351 0.20984286 0 0.9104698 0.08671367 -0.40438318 2E-06 0 0 0 1 -0.40741003 0.19205603 -0.89282215 21.100002 0.0075414106 0.97831094 0.20700434 0 0.9132141 0.07760253 -0.40002203 2E-06 0 0 0 1 -0.3992207 0.19410242 -0.8960733 21.100002 0.016387492 0.9786882 0.20469704 0 0.9167085 0.06703488 -0.39389348 2E-06 0 0 0 1 -0.3877604 0.19673598 -0.9005203 21.100002 0.025472708 0.9788712 0.20288481 0 0.9214082 0.055731997 -0.38457882 2E-06 0 0 0 1 -0.37171042 0.20004055 -0.90654016 21.100002 0.034260966 0.978799 0.20193736 0 0.92771626 0.044003293 -0.37068343 2E-06 0 0 0 1 -0.3496951 0.2040819 -0.9143654 21.100002 0.042203322 0.97842634 0.20223951 0 0.9359126 0.0321329 -0.3507638 2E-06 0 0 0 1 -0.3208686 0.20888898 -0.9238012 21.100002 0.04877729 0.9777257 0.20414025 0 0.9458668 0.020441681 -0.32391047 2E-06 0 0 0 1 -0.2896875 0.21394736 -0.932903 21.100002 0.054288395 0.9768003 0.20715679 0 0.95558053 0.009364903 -0.29458165 2E-06 0 0 0 1 -0.26014066 0.21801293 -0.94063646 21.100002 0.059868813 0.9759443 0.20963904 0 0.96371275 -0.001779139 -0.26693487 2E-06 0 0 0 1 -0.23099399 0.21992245 -0.9477741 21.100002 0.06631359 0.9754125 0.21017358 0 0.9706926 -0.0143014565 -0.23989832 2E-06 0 0 0 1 -0.20102811 0.21875855 -0.9548469 21.100002 0.074145935 0.9753475 0.20784509 0 0.97677547 -0.029015325 -0.21229243 2E-06 0 0 0 1 -0.16925526 0.21532494 -0.96176296 21.100002 0.08212588 0.9755296 0.20395423 0 0.98214465 -0.044465303 -0.18279731 2E-06 0 0 0 1 -0.13469577 0.21096314 -0.9681691 21.100002 0.08829434 0.9757419 0.20032935 0 0.9869453 -0.058500335 -0.15005517 2E-06 0 0 0 1 -0.09721196 0.20736323 -0.973422 21.100002 0.090047196 0.9758755 0.19889322 0 0.9911818 -0.068319105 -0.11353922 2E-06 0 0 0 1 -0.06475222 0.20597635 -0.9764124 21.100002 0.08583589 0.97598886 0.20019472 0 0.994203 -0.070848174 -0.08087766 2E-06 0 0 0 1 -0.033172607 0.20700145 -0.977778 21.100002 0.07433838 0.9761176 0.20412788 0 0.99668115 -0.06591498 -0.047768593 2E-06 0 0 0 1 0.0025084615 0.20844352 -0.97803104 21.100002 0.056800015 0.9764256 0.208247 0 0.99838233 -0.05607456 -0.009390235 2E-06 0 0 0 1 0.024879873 0.20915152 -0.9775667 21.100002 0.038950756 0.97692406 0.21000534 0 0.9989314 -0.043301873 0.016159117 2E-06 0 0 0 1 0.014581382 0.20798063 -0.9780243 21.100002 0.027496085 0.97767496 0.2083163 0 0.9995156 -0.029929392 0.008537233 2E-06 0 0 0 1 -0.02702272 0.20723471 -0.97791797 21.100002 0.02195751 0.9781622 0.20667973 0 0.99939364 -0.015887603 -0.030982971 2E-06 0 0 0 1 -0.096836925 0.20739055 -0.9734535 21.100002 0.016083293 0.9782485 0.20681217 0 0.99517035 0.0043707043 -0.09806609 2E-06 0 0 0 1 -0.17575145 0.2072595 -0.9623694 21.100002 0.0036288574 0.97771573 0.20990184 0 0.98442787 0.033398263 -0.17258716 2E-06 0 0 0 1 -0.25417876 0.20469925 -0.9452467 21.100002 -0.010676369 0.976692 0.21437983 0 0.96709824 0.06458263 -0.24606895 2E-06 0 0 0 1 -0.32336366 0.20067017 -0.92475265 21.100002 -0.022003189 0.9753972 0.21935396 0 0.946019 0.0912786 -0.31099272 2E-06 0 0 0 1 -0.35753477 0.19532979 -0.9132442 21.100002 -0.025444865 0.97548205 0.21860321 0 0.93355304 0.10139565 -0.34379864 2E-06 0 0 0 1 -0.35753477 0.19532979 -0.9132442 21.100002 -0.025444865 0.97548205 0.21860321 0 0.93355304 0.10139565 -0.34379864 2E-06 0 0 0 1</float_array>
        <technique_common>
          <accessor source="#Motion_125_LFoot_transform_pose_array_id" count="88" stride="16">
            <param name="TRANSFORM" type="float4x4" />
          </accessor>
        </technique_common>
      </source>
      <sampler id="Motion_125_LFoot_transform_samp_id">
        <input semantic="INPUT" source="#Motion_125_LFoot_transform_frame_id" />
        <input semantic="INTERPOLATION" source="#Motion_125_LFoot_transform_interp_id" />
        <input semantic="OUTPUT" source="#Motion_125_LFoot_transform_pose_id" />
      </sampler>
      <channel source="#Motion_125_LFoot_transform_samp_id" target="LFoot_bone_id/transform" />
    </animation>
    <animation id="Motion_125_Spine2_transform_id" name="Motion_125_Spine2_transform">
      <source id="Motion_125_Spine2_transform_frame_id" name="Motion_125_Spine2_transform_frame">
        <float_array id="Motion_125_Spine2_transform_frame_array_id" count="88">0 0.033333335 0.06666667 0.1 0.13333334 0.16666667 0.2 0.23333333 0.26666668 0.3 0.33333334 0.36666667 0.4 0.43333334 0.46666667 0.5 0.53333336 0.56666666 0.6 0.6333333 0.6666667 0.7 0.73333335 0.76666665 0.8 0.8333333 0.8666667 0.9 0.93333334 0.96666664 1 1.0333333 1.0666667 1.1 1.1333333 1.1666666 1.2 1.2333333 1.2666667 1.3 1.3333334 1.3666667 1.4 1.4333333 1.4666667 1.5 1.5333333 1.5666667 1.6 1.6333333 1.6666666 1.7 1.7333333 1.7666667 1.8 1.8333334 1.8666667 1.9 1.9333333 1.9666667 2 2.0333333 2.0666666 2.1 2.1333334 2.1666667 2.2 2.2333333 2.2666667 2.3 2.3333333 2.3666666 2.4 2.4333334 2.4666667 2.5 2.5333333 2.5666666 2.6 2.6333334 2.6666667 2.7 2.7333333 2.7666667 2.8 2.8333333 2.8666666 2.9</float_array>
        <technique_common>
          <accessor source="#Motion_125_Spine2_transform_frame_array_id" count="88" stride="1">
            <param name="TIME" type="float" />
          </accessor>
        </technique_common>
      </source>
      <source id="Motion_125_Spine2_transform_interp_id" name="Motion_125_Spine2_transform_interp">
        <Name_array id="Motion_125_Spine2_transform_interp_array_id" count="88">LINEAR LINEAR LINEAR LINEAR LINEAR LINEAR LINEAR LINEAR LINEAR LINEAR LINEAR LINEAR LINEAR LINEAR LINEAR LINEAR LINEAR LINEAR LINEAR LINEAR LINEAR LINEAR LINEAR LINEAR LINEAR LINEAR LINEAR LINEAR LINEAR LINEAR LINEAR LINEAR LINEAR LINEAR LINEAR LINEAR LINEAR LINEAR LINEAR LINEAR LINEAR LINEAR LINEAR LINEAR LINEAR LINEAR LINEAR LINEAR LINEAR LINEAR LINEAR LINEAR LINEAR LINEAR LINEAR LINEAR LINEAR LINEAR LINEAR LINEAR LINEAR LINEAR LINEAR LINEAR LINEAR LINEAR LINEAR LINEAR LINEAR LINEAR LINEAR LINEAR LINEAR LINEAR LINEAR LINEAR LINEAR LINEAR LINEAR LINEAR LINEAR LINEAR LINEAR LINEAR LINEAR LINEAR LINEAR LINEAR</Name_array>
        <technique_common>
          <accessor source="#Motion_125_Spine2_transform_interp_array_id" count="88" stride="1">
            <param name="INTERPOLATION" type="Name" />
          </accessor>
        </technique_common>
      </source>
      <source id="Motion_125_Spine2_transform_pose_id" name="Motion_125_Spine2_transform_pose">
        <float_array id="Motion_125_Spine2_transform_pose_array_id" count="1408">0.9387067 0.0073246714 -0.34463906 10.700001 0.026883727 0.9951737 0.09437483 0 0.34366697 -0.09785547 0.9339793 0 0 0 0 1 0.95691085 0.012374669 -0.2901181 10.700001 0.02327691 0.9926077 0.11911398 0 0.28944743 -0.12073451 0.949549 0 0 0 0 1 0.97259057 0.019965017 -0.23166573 10.700001 0.013386084 0.98984724 0.14150342 0 0.23213881 -0.140726 0.96244884 0 0 0 0 1 0.98575175 0.027616445 -0.16592403 10.700001 -0.00095593836 0.98733395 0.15865296 0 0.16820385 -0.15623382 0.9732926 0 0 0 0 1 0.99450064 0.032776743 -0.09946957 10.700001 -0.015584521 0.98550576 0.16892456 0 0.103564635 -0.16644539 0.9805969 0 0 0 0 1 0.99864817 0.033894546 -0.03940783 10.700001 -0.026695501 0.9849671 0.1706666 0 0.04460009 -0.16938388 0.98454046 0 0 0 0 1 0.9994305 0.0316699 0.011649666 10.700001 -0.033151343 0.98594314 0.16375932 0 -0.0062996685 -0.16405225 0.98643154 0 0 0 0 1 0.9983051 0.027281791 0.0514064 10.700001 -0.034779646 0.9879021 0.15112826 0 -0.046661444 -0.15266001 0.9871766 0 0 0 0 1 0.9961186 0.021302644 0.08540444 10.700001 -0.03281917 0.9901923 0.13580176 0 -0.081673875 -0.13807756 0.9870481 0 0 0 0 1 0.9931958 0.014392294 0.115564145 10.700001 -0.028428473 0.9922763 0.120745994 0 -0.11293375 -0.12320972 0.9859337 0 0 0 0 1 0.9912164 0.007729833 0.13202369 10.700001 -0.022269357 0.99379116 0.109010085 0 -0.13036135 -0.11099267 0.98523426 0 0 0 0 1 0.99135816 0.0019700564 0.13116845 10.700001 -0.015502984 0.9946399 0.102231234 0 -0.13026398 -0.10338126 0.98607486 0 0 0 0 1 0.9929382 -0.0024201896 0.118607804 10.700001 -0.009458489 0.99499404 0.09948561 0 -0.118254825 -0.09990492 0.9879447 0 0 0 0 1 0.9943666 -0.0055050747 0.10585288 10.700001 -0.005126709 0.99498373 0.09990552 0 -0.10587188 -0.09988539 0.9893503 0 0 0 0 1 0.9952198 -0.006527853 0.0974416 10.700001 -0.0035678307 0.9946672 0.10307525 0 -0.09759481 -0.10293019 0.9898892 0 0 0 0 1 0.99609727 -0.0041049654 0.088166706 10.700001 -0.005584064 0.9939857 0.10936723 0 -0.08808539 -0.109432735 0.9900836 0 0 0 0 1 0.99864894 0.0012804107 0.05194799 10.700001 -0.0074886787 0.9928069 0.11949184 0 -0.051421322 -0.11971942 0.9914752 0 0 0 0 1 0.9999434 0.0078084925 -0.007230793 10.700001 -0.006791969 0.9913238 0.13126644 0 0.0081930505 -0.13120991 0.9913207 0 0 0 0 1 0.9967388 0.01481664 -0.079323955 10.700001 -0.0035091657 0.9900276 0.14082961 0 0.08061952 -0.14009197 0.9868509 0 0 0 0 1 0.9878255 0.020840507 -0.15416351 10.700001 0.0017840443 0.9894031 0.14518344 0 0.15555555 -0.14369094 0.9773205 0 0 0 0 1 0.9748915 0.024562884 -0.22132163 10.700001 0.0078447675 0.9894924 0.14437173 0 0.22254227 -0.14248298 0.96445507 0 0 0 0 1 0.9622904 0.02578235 -0.27079952 10.700001 0.012650791 0.99017954 0.13922808 0 0.27172977 -0.13740367 0.9525141 0 0 0 0 1 0.9559216 0.024861444 -0.29256755 10.700001 0.014611993 0.9911464 0.13196695 0 0.2932582 -0.13042507 0.947095 0 0 0 0 1 0.9564281 0.02295416 -0.29106414 10.700001 0.013998399 0.99215317 0.12424238 0 0.29163212 -0.12290333 0.94860184 0 0 0 0 1 0.9603267 0.020511966 -0.27812222 10.700001 0.012330078 0.9931932 0.11582407 0 0.2786049 -0.11465822 0.953537 0 0 0 0 1 0.9667709 0.017291684 -0.255059 10.700001 0.010377044 0.99423313 0.10673683 0 0.2554338 -0.105836816 0.9610162 0 0 0 0 1 0.9745083 0.013400624 -0.22395082 10.700001 0.00926999 0.994957 0.099873394 0 0.22415979 -0.09940347 0.9694696 0 0 0 0 1 0.9823934 0.009040402 -0.1866053 10.700001 0.009503521 0.9951172 0.09824187 0 0.1865823 -0.09828558 0.97751063 0 0 0 0 1 0.9891712 0.004493813 -0.14669754 10.700001 0.010194913 0.9950129 0.099224 0 0.14641182 -0.09964509 0.98419225 0 0 0 0 1 0.9941793 0.00021034293 -0.10773792 10.700001 0.010624921 0.99493206 0.09998665 0 0.10721294 -0.10054936 0.9891386 0 0 0 0 1 0.9974561 -0.003116368 -0.071215816 10.700001 0.010310794 0.99484515 0.10088014 0 0.070534326 -0.101357795 0.99234647 0 0 0 0 1 0.9992246 -0.0047862614 -0.039080594 10.700001 0.008776513 0.99468607 0.10257984 0 0.038381945 -0.10284329 0.9939568 0 0 0 0 1 0.9999035 -0.004135872 -0.0132632535 10.700001 0.0055156783 0.994378 0.10574525 0 0.012751339 -0.10580819 0.9943048 0 0 0 0 1 0.9999904 -0.00061567227 0.0043392903 10.700001 0.00013000116 0.9938152 0.11104686 0 -0.004380821 -0.111045234 0.9938057 0 0 0 0 1 0.9999128 0.00480672 0.012299346 10.700001 -0.0062391297 0.9928491 0.11921267 0 -0.011638373 -0.11927901 0.99279255 0 0 0 0 1 0.99990374 0.010613194 0.0089393435 10.700001 -0.0116913635 0.9913453 0.13075884 0 -0.0074742073 -0.13085075 0.9913739 0 0 0 0 1 0.99974394 0.016047707 -0.01595439 10.700001 -0.013568804 0.9893554 0.14488535 0 0.018109638 -0.14463176 0.9893198 0 0 0 0 1 0.9982748 0.019339986 -0.055438526 10.700001 -0.010230543 0.9870453 0.16011521 0 0.05781696 -0.1592718 0.98554033 0 0 0 0 1 0.9942367 0.019056823 -0.10549991 10.700001 -0.0002555549 0.9844929 0.1754241 0 0.10720694 -0.17438611 0.97882384 0 0 0 0 1 0.9861438 0.016358059 -0.16508417 10.700001 0.015257396 0.9819655 0.18844348 0 0.16518952 -0.18835112 0.9681096 0 0 0 0 1 0.97555846 0.011609224 -0.21943319 10.700001 0.032398887 0.9800902 0.19589147 0 0.21733847 -0.19821298 0.95575917 0 0 0 0 1 0.96439296 0.005256895 -0.2644212 10.700001 0.048262578 0.9795162 0.19549608 0 0.26003256 -0.20129669 0.9443848 0 0 0 0 1 0.96072066 -0.0016372353 -0.2775123 10.700001 0.056429785 0.98024404 0.1895713 0 0.2717194 -0.19778503 0.94183314 0 0 0 0 1 0.9636445 -0.008336319 -0.2670577 10.700001 0.05833421 0.9819648 0.17983928 0 0.26074204 -0.18887973 0.9467513 0 0 0 0 1 0.9705998 -0.013772583 -0.24030483 10.700001 0.05569741 0.9841163 0.16856122 0 0.23416638 -0.17698982 0.95595014 0 0 0 0 1 0.9796447 -0.01738053 -0.19998527 10.700001 0.049684003 0.9862415 0.15766798 0 0.19449341 -0.16439466 0.9670298 0 0 0 0 1 0.98856014 -0.018979501 -0.14962825 10.700001 0.041067556 0.9884398 0.14594606 0 0.14512855 -0.15042132 0.9779116 0 0 0 0 1 0.9946749 -0.017905556 -0.10149474 10.700001 0.03125939 0.9908163 0.13155182 0 0.09820714 -0.13402395 0.98609984 0 0 0 0 1 0.9979882 -0.014795541 -0.06164899 10.700001 0.02175296 0.99327004 0.11376064 0 0.059550945 -0.114872836 0.9915936 0 0 0 0 1 0.9992857 -0.010746086 -0.03622934 10.700001 0.01412582 0.99543774 0.094361976 0 0.03505003 -0.09480634 0.99487853 0 0 0 0 1 0.9996784 -0.0069227265 -0.024396291 10.700001 0.008752336 0.9970918 0.07570523 0 0.023801254 -0.0758944 0.9968318 0 0 0 0 1 0.9996784 -0.0036875373 -0.025089784 10.700001 0.0051901964 0.9981793 0.060092352 0 0.024822509 -0.060203247 0.9978775 0 0 0 0 1 0.9983695 -0.00094245235 -0.057073794 10.700001 0.0037846924 0.9987564 0.0497118 0 0.05695597 -0.049846753 0.9971315 0 0 0 0 1 0.9908941 0.0014329444 -0.13463625 10.700001 0.0048956126 0.99889874 0.04666202 0 0.13455483 -0.046896245 0.9897958 0 0 0 0 1 0.9764544 0.0033411179 -0.2156981 10.700001 0.008140944 0.9985971 0.052321702 0 0.2155703 -0.05284574 0.9750573 0 0 0 0 1 0.9601406 0.0051247794 -0.2794706 10.700001 0.013612481 0.99778825 0.065063514 0 0.27918592 -0.06627441 0.95794725 0 0 0 0 1 0.94426423 0.0067753117 -0.3291188 10.700001 0.021574343 0.996365 0.08240965 0 0.32848078 -0.08491701 0.94068563 0 0 0 0 1 0.9342347 0.0074116196 -0.35658184 10.700001 0.031126553 0.99427503 0.102216914 0 0.355298 -0.10659376 0.9286555 0 0 0 0 1 0.9299298 0.0070243347 -0.36766997 10.700001 0.04093498 0.99162644 0.12247988 0 0.3654516 -0.12894826 0.92185545 0 0 0 0 1 0.92909014 0.0061315093 -0.36980247 10.700001 0.04985541 0.9886607 0.14164901 0 0.36647773 -0.15004134 0.91824925 0 0 0 0 1 0.9298904 0.0051757433 -0.36780035 10.700001 0.056665476 0.9859495 0.1571388 0 0.36344588 -0.16696343 0.9165317 0 0 0 0 1 0.9321052 0.004533788 -0.36215928 10.700001 0.06009286 0.9841267 0.16698366 0 0.3571677 -0.17740953 0.9170371 0 0 0 0 1 0.9391683 0.0042939596 -0.34343058 10.700001 0.05862132 0.98324543 0.17260343 0 0.3384177 -0.18223602 0.9231812 0 0 0 0 1 0.94906783 0.0054308716 -0.31502494 10.700001 0.05222591 0.98330814 0.17429146 0 0.31071314 -0.18186688 0.9329425 0 0 0 0 1 0.95967853 0.007306222 -0.2810049 10.700001 0.041478332 0.98503876 0.16726673 0 0.27802283 -0.17217791 0.9450175 0 0 0 0 1 0.96902597 0.0102310665 -0.24674688 10.700001 0.027944833 0.9881816 0.1507189 0 0.24537276 -0.15294582 0.9572877 0 0 0 0 1 0.9766917 0.007747156 -0.21450709 10.700001 0.020748762 0.99126095 0.13027355 0 0.21364175 -0.13168785 0.96799564 0 0 0 0 1 0.98301566 -0.0034517841 -0.18348911 10.700001 0.025057897 0.99298394 0.115564026 0 0.18180284 -0.1181991 0.9762052 0 0 0 0 1 0.9880897 -0.018720012 -0.15273623 10.700001 0.035784412 0.99331445 0.10975357 0 0.14966051 -0.11391195 0.98215365 0 0 0 0 1 0.9919383 -0.031203702 -0.12281987 10.700001 0.044398934 0.99335194 0.10621038 0 0.118689194 -0.11080721 0.98672926 0 0 0 0 1 0.99485904 -0.035460602 -0.09485785 10.700001 0.045393784 0.9934675 0.10469833 0 0.09052553 -0.108466044 0.98996985 0 0 0 0 1 0.9968936 -0.0352291 -0.070442304 10.700001 0.042528428 0.99356633 0.10496345 0 0.06629133 -0.10763319 0.9919781 0 0 0 0 1 0.99810755 -0.03467135 -0.050785556 10.700001 0.03997513 0.9934069 0.10744632 0 0.046725415 -0.10927314 0.99291295 0 0 0 0 1 0.99887455 -0.034059614 -0.033008616 10.700001 0.037570767 0.9929574 0.112356566 0 0.028949328 -0.11347028 0.99311954 0 0 0 0 1 0.99929094 -0.033402193 -0.017376013 10.700001 0.035213057 0.99247956 0.11723613 0 0.013329395 -0.11776487 0.99295205 0 0 0 0 1 0.99945873 -0.03261057 -0.0043313736 10.700001 0.032894757 0.9922148 0.12011572 0 0.00038061105 -0.12019319 0.99275047 0 0 0 0 1 0.999486 -0.03156237 0.0056157666 10.700001 0.030630864 0.9919088 0.12320168 0 -0.009458866 -0.12296635 0.9923658 0 0 0 0 1 0.9994729 -0.030176526 0.011971049 10.700001 0.028396538 0.99134994 0.12813637 0 -0.015734209 -0.12772888 0.9916843 0 0 0 0 1 0.9994922 -0.028356783 0.014533728 10.700001 0.026259694 0.9913768 0.12838405 0 -0.01804896 -0.1279372 0.99161804 0 0 0 0 1 0.9993831 -0.025628861 -0.024012342 10.700001 0.02827153 0.9927175 0.11710107 0 0.020836305 -0.1177077 0.9928297 0 0 0 0 1 0.99516165 -0.022506168 -0.09563881 10.700001 0.031894386 0.99469507 0.09779813 0 0.09293039 -0.10037529 0.99060017 0 0 0 0 1 0.98291826 -0.018871648 -0.18307239 10.700001 0.034605294 0.9959375 0.083132125 0 0.18075982 -0.08804736 0.97957826 0 0 0 0 1 0.9630545 -0.0146143725 -0.2689099 10.700001 0.03469212 0.9969391 0.07006348 0 0.26706287 -0.076804005 0.96061367 0 0 0 0 1 0.9415044 -0.010192866 -0.3368464 10.700001 0.032573305 0.99761486 0.06085669 0 0.3354227 -0.068269044 0.9395909 0 0 0 0 1 0.9282045 -0.0057409303 -0.37202615 10.700001 0.02960907 0.9978496 0.05847623 0 0.37089044 -0.065293245 0.9263785 0 0 0 0 1 0.9272631 -0.0011226591 -0.3744088 10.700001 0.027243026 0.99754715 0.06447911 0 0.37341806 -0.06998913 0.9250192 0 0 0 0 1 0.9314372 0.0034103096 -0.3638861 10.700001 0.026398368 0.9966883 0.07691263 0 0.36294332 -0.08124529 0.92826253 0 0 0 0 1 0.9314372 0.0034103096 -0.3638861 10.700001 0.026398368 0.9966883 0.07691263 0 0.36294332 -0.08124529 0.92826253 0 0 0 0 1</float_array>
        <technique_common>
          <accessor source="#Motion_125_Spine2_transform_pose_array_id" count="88" stride="16">
            <param name="TRANSFORM" type="float4x4" />
          </accessor>
        </technique_common>
      </source>
      <sampler id="Motion_125_Spine2_transform_samp_id">
        <input semantic="INPUT" source="#Motion_125_Spine2_transform_frame_id" />
        <input semantic="INTERPOLATION" source="#Motion_125_Spine2_transform_interp_id" />
        <input semantic="OUTPUT" source="#Motion_125_Spine2_transform_pose_id" />
      </sampler>
      <channel source="#Motion_125_Spine2_transform_samp_id" target="Spine2_bone_id/transform" />
    </animation>
    <animation id="Motion_125_Spine3_transform_id" name="Motion_125_Spine3_transform">
      <source id="Motion_125_Spine3_transform_frame_id" name="Motion_125_Spine3_transform_frame">
        <float_array id="Motion_125_Spine3_transform_frame_array_id" count="88">0 0.033333335 0.06666667 0.1 0.13333334 0.16666667 0.2 0.23333333 0.26666668 0.3 0.33333334 0.36666667 0.4 0.43333334 0.46666667 0.5 0.53333336 0.56666666 0.6 0.6333333 0.6666667 0.7 0.73333335 0.76666665 0.8 0.8333333 0.8666667 0.9 0.93333334 0.96666664 1 1.0333333 1.0666667 1.1 1.1333333 1.1666666 1.2 1.2333333 1.2666667 1.3 1.3333334 1.3666667 1.4 1.4333333 1.4666667 1.5 1.5333333 1.5666667 1.6 1.6333333 1.6666666 1.7 1.7333333 1.7666667 1.8 1.8333334 1.8666667 1.9 1.9333333 1.9666667 2 2.0333333 2.0666666 2.1 2.1333334 2.1666667 2.2 2.2333333 2.2666667 2.3 2.3333333 2.3666666 2.4 2.4333334 2.4666667 2.5 2.5333333 2.5666666 2.6 2.6333334 2.6666667 2.7 2.7333333 2.7666667 2.8 2.8333333 2.8666666 2.9</float_array>
        <technique_common>
          <accessor source="#Motion_125_Spine3_transform_frame_array_id" count="88" stride="1">
            <param name="TIME" type="float" />
          </accessor>
        </technique_common>
      </source>
      <source id="Motion_125_Spine3_transform_interp_id" name="Motion_125_Spine3_transform_interp">
        <Name_array id="Motion_125_Spine3_transform_interp_array_id" count="88">LINEAR LINEAR LINEAR LINEAR LINEAR LINEAR LINEAR LINEAR LINEAR LINEAR LINEAR LINEAR LINEAR LINEAR LINEAR LINEAR LINEAR LINEAR LINEAR LINEAR LINEAR LINEAR LINEAR LINEAR LINEAR LINEAR LINEAR LINEAR LINEAR LINEAR LINEAR LINEAR LINEAR LINEAR LINEAR LINEAR LINEAR LINEAR LINEAR LINEAR LINEAR LINEAR LINEAR LINEAR LINEAR LINEAR LINEAR LINEAR LINEAR LINEAR LINEAR LINEAR LINEAR LINEAR LINEAR LINEAR LINEAR LINEAR LINEAR LINEAR LINEAR LINEAR LINEAR LINEAR LINEAR LINEAR LINEAR LINEAR LINEAR LINEAR LINEAR LINEAR LINEAR LINEAR LINEAR LINEAR LINEAR LINEAR LINEAR LINEAR LINEAR LINEAR LINEAR LINEAR LINEAR LINEAR LINEAR LINEAR</Name_array>
        <technique_common>
          <accessor source="#Motion_125_Spine3_transform_interp_array_id" count="88" stride="1">
            <param name="INTERPOLATION" type="Name" />
          </accessor>
        </technique_common>
      </source>
      <source id="Motion_125_Spine3_transform_pose_id" name="Motion_125_Spine3_transform_pose">
        <float_array id="Motion_125_Spine3_transform_pose_array_id" count="1408">0.9987241 -0.013199 -0.048743155 10.699997 0.016231418 0.99792236 0.062349908 0 0.047818925 -0.06306153 0.99686337 0 0 0 0 1 0.9961669 -0.015991673 -0.08599867 10.699997 0.020780236 0.9982658 0.055078123 0 0.08496873 -0.056654077 0.99477166 0 0 0 0 1 0.99269783 -0.022634998 -0.11848464 10.699997 0.028509293 0.9984346 0.048120588 0 0.11720995 -0.05114712 0.99178916 0 0 0 0 1 0.98964757 -0.031452306 -0.14003026 10.699997 0.03785228 0.9983458 0.043277368 0 0.13843745 -0.048129804 0.989201 0 0 0 0 1 0.98832166 -0.040058672 -0.14702223 10.699997 0.046783067 0.9979977 0.04256675 0 0.14502268 -0.048947793 0.9882168 0 0 0 0 1 0.9892311 -0.04611386 -0.13890746 10.699997 0.0532401 0.99742603 0.048029087 0 0.1363351 -0.054907314 0.98914 0 0 0 0 1 0.99146384 -0.04814269 -0.12116843 10.699997 0.05575781 0.9966242 0.060260598 0 0.11785827 -0.06650229 0.99080116 0 0 0 0 1 0.99451584 -0.04701893 -0.09342068 10.699997 0.05424083 0.995606 0.07633254 0 0.089421116 -0.080981135 0.9926963 0 0 0 0 1 0.99696344 -0.043317042 -0.064711235 10.699997 0.049207002 0.99450654 0.09238742 0 0.060353793 -0.09529112 0.99361813 0 0 0 0 1 0.99874973 -0.03780312 -0.03270936 10.699997 0.04104487 0.9936361 0.10489363 0 0.028535891 -0.10610504 0.99394536 0 0 0 0 1 0.9994932 -0.031181034 0.0064103324 10.699997 0.030277774 0.9933592 0.1109988 0 -0.009828821 -0.11074846 0.99379987 0 0 0 0 1 0.9981923 -0.024662923 0.054807436 10.699997 0.018524915 0.99378055 0.10980451 0 -0.057174664 -0.10859072 0.992441 0 0 0 0 1 0.9937499 -0.019412326 0.1099287 10.699997 0.008198978 0.99479634 0.101552896 0 -0.11132805 -0.10001687 0.98873794 0 0 0 0 1 0.98789215 -0.015215607 0.15439406 10.699997 0.0015176069 0.99607915 0.08845364 0 -0.15513459 -0.087148346 0.98404187 0 0 0 0 1 0.983518 -0.012688827 0.18036453 10.699997 -0.0005412544 0.99732345 0.073114134 0 -0.18080951 -0.072006695 0.98087865 0 0 0 0 1 0.9820227 -0.013207002 0.1883002 10.699997 0.0022997647 0.9983124 0.058025926 0 -0.18874879 -0.056549728 0.98039585 0 0 0 0 1 0.98279357 -0.015808705 0.18402965 10.699997 0.007733972 0.99897885 0.044512745 0 -0.18454541 -0.042323556 0.98191226 0 0 0 0 1 0.9883648 -0.01841179 0.15098342 10.699997 0.013471689 0.99934196 0.03367741 0 -0.15150413 -0.03125157 0.9879625 0 0 0 0 1 0.99520767 -0.020381631 0.09563613 10.699997 0.017821359 0.9994616 0.027549252 0 -0.09614614 -0.025712863 0.99503505 0 0 0 0 1 0.99938536 -0.022978177 0.02647416 10.699997 0.022232877 0.9993575 0.02811053 0 -0.027103078 -0.027504656 0.99925417 0 0 0 0 1 0.998667 -0.027258618 -0.04383201 10.699997 0.028790938 0.9989824 0.034716155 0 0.04284109 -0.035931844 0.99843556 0 0 0 0 1 0.99374086 -0.034079876 -0.10638477 10.699997 0.039118055 0.99819195 0.04563574 0 0.10463716 -0.049511667 0.99327725 0 0 0 0 1 0.98762715 -0.042350765 -0.1509934 10.699997 0.051832933 0.9968862 0.059424587 0 0.14800656 -0.066515766 0.986747 0 0 0 0 1 0.9844691 -0.050727412 -0.16806921 10.699997 0.06411525 0.9951044 0.07520957 0 0.16343123 -0.084817305 0.98290193 0 0 0 0 1 0.98504794 -0.05766339 -0.1623436 10.699997 0.07333731 0.9930297 0.09226915 0 0.15589146 -0.10279538 0.9824108 0 0 0 0 1 0.9873649 -0.061024826 -0.14624149 10.699997 0.07733904 0.99107254 0.10859999 0 0.13830861 -0.11853799 0.9832698 0 0 0 0 1 0.9908849 -0.05936714 -0.12092413 10.699997 0.07413978 0.989809 0.121579245 0 0.11247398 -0.12943633 0.98518825 0 0 0 0 1 0.99465716 -0.05358803 -0.08823512 10.699997 0.06476411 0.98951316 0.12910989 0 0.08039106 -0.13413456 0.9876969 0 0 0 0 1 0.9977124 -0.045201287 -0.050267775 10.699997 0.051464044 0.9900161 0.13122346 0 0.043834437 -0.13351025 0.99007756 0 0 0 0 1 0.9993206 -0.035681017 -0.009227243 10.699997 0.03657055 0.99106675 0.12825477 0 0.0045685545 -0.12850508 0.9916983 0 0 0 0 1 0.9991149 -0.026541384 0.032634027 10.699997 0.02242001 0.9924306 0.12074258 0 -0.035591684 -0.11990406 0.99214727 0 0 0 0 1 0.9971374 -0.01937681 0.07308529 10.699997 0.011291688 0.9939273 0.10945808 0 -0.07476242 -0.1083195 0.9913009 0 0 0 0 1 0.99380946 -0.015629191 0.10999313 10.699997 0.005084171 0.995416 0.09550458 0 -0.11098158 -0.09435414 0.98933333 0 0 0 0 1 0.9898009 -0.015061786 0.14165926 10.699997 0.0036897701 0.996772 0.08019969 0 -0.14240992 -0.07885903 0.9866614 0 0 0 0 1 0.98598367 -0.016758546 0.16599797 10.699997 0.0060682995 0.99788636 0.064698875 0 -0.16673137 -0.06278472 0.9840014 0 0 0 0 1 0.98314583 -0.019021843 0.18183093 10.699997 0.010086739 0.99870133 0.049938723 0 -0.18254472 -0.047262967 0.9820609 0 0 0 0 1 0.98303944 -0.019812206 0.18232083 10.699997 0.0133389365 0.99923867 0.03666296 0 -0.18290839 -0.033609167 0.9825553 0 0 0 0 1 0.98702115 -0.017141009 0.1596729 10.699997 0.013364834 0.9996057 0.024693461 0 -0.16003321 -0.022238968 0.9868611 0 0 0 0 1 0.9905487 -0.009787615 0.13681196 10.699997 0.007823892 0.9998586 0.014883833 0 -0.13693829 -0.01367276 0.9904852 0 0 0 0 1 0.99657494 0.00031047568 0.08269365 10.699997 -0.0010999327 0.9999543 0.009501382 0 -0.082686916 -0.009559796 0.9965297 0 0 0 0 1 0.99976885 0.009903339 -0.01908374 10.699997 -0.009693257 0.99989176 0.01106969 0 0.0191913 -0.010882148 0.99975663 0 0 0 0 1 0.9940423 0.015987735 -0.10781625 10.699997 -0.01384277 0.99969167 0.020613838 0 0.10811257 -0.018998552 0.9939571 0 0 0 0 1 0.9894456 0.016187396 -0.14399748 10.699997 -0.011311488 0.99933666 0.03461558 0 0.1444623 -0.03262141 0.9889724 0 0 0 0 1 0.9891351 0.012243485 -0.1464988 10.699997 -0.0049623065 0.9987387 0.0499639 0 0.14692575 -0.048694074 0.98794824 0 0 0 0 1 0.99195653 0.006987112 -0.1263862 10.699997 0.0012327856 0.9978947 0.0648431 0 0.12657318 -0.06447734 0.9898595 0 0 0 0 1 0.99747354 0.0017909415 -0.071016446 10.699997 0.003852451 0.9968474 0.07924943 0 0.07093449 -0.0793228 0.994322 0 0 0 0 1 0.9999371 -0.0031126668 -0.010775851 10.699997 0.0040999725 0.9956718 0.092848375 0 0.010440206 -0.092886716 0.9956219 0 0 0 0 1 0.99886346 -0.008263533 0.04694125 10.699997 0.0032789772 0.99443644 0.10528711 0 -0.047550134 -0.10501353 0.99333334 0 0 0 0 1 0.9958685 -0.0129383225 0.08988077 10.699997 0.002406234 0.99320984 0.11631161 0 -0.09077535 -0.11561479 0.98913753 0 0 0 0 1 0.9912732 -0.017585069 0.13064519 10.699997 0.0010286467 0.9920641 0.12572868 0 -0.13181934 -0.12449709 0.9834247 0 0 0 0 1 0.9860718 -0.022460785 0.16479631 10.699997 0.00029967912 0.9910777 0.133285 0 -0.16631962 -0.1313792 0.97728056 0 0 0 0 1 0.98250175 -0.027355768 0.18423359 10.699997 0.0018483205 0.99053854 0.13722232 0 -0.1862443 -0.13448066 0.9732564 0 0 0 0 1 0.9836459 -0.031903327 0.17726517 10.699997 0.0076414403 0.9906934 0.13589779 0 -0.17995101 -0.13232073 0.97473526 0 0 0 0 1 0.990054 -0.037086777 0.13571174 10.699997 0.020089421 0.9920118 0.12453537 0 -0.13924627 -0.12057036 0.98289025 0 0 0 0 1 0.9942141 -0.04047774 0.09949812 10.699997 0.02997386 0.9940326 0.10488402 0 -0.103149846 -0.10129482 0.98949456 0 0 0 0 1 0.9984103 -0.040010013 0.039700765 10.699997 0.03671872 0.996084 0.08042636 0 -0.042763155 -0.07884074 0.9959696 0 0 0 0 1 0.9992857 -0.03594445 -0.011667446 10.699997 0.0365307 0.9978356 0.054678213 0 0.009676815 -0.055065375 0.99843585 0 0 0 0 1 0.99861145 -0.030270027 -0.043114528 10.699997 0.03176269 0.9989044 0.03436715 0 0.042026997 -0.035688862 0.9984789 0 0 0 0 1 0.9987168 -0.025777578 -0.0435928 10.699997 0.026911683 0.9993091 0.025632188 0 0.042901944 -0.02677245 0.9987205 0 0 0 0 1 0.9994278 -0.02465142 -0.023161292 10.699997 0.02535288 0.9992133 0.030496884 0 0.022391278 -0.031066637 0.9992665 0 0 0 0 1 0.9996408 -0.026586188 0.0033748425 10.699997 0.026411077 0.99867195 0.044235885 0 -0.004546424 -0.04413086 0.9990154 0 0 0 0 1 0.9992018 -0.030388897 0.025930243 10.699997 0.028713161 0.9976182 0.06271742 0 -0.027774395 -0.061922822 0.99769443 0 0 0 0 1 0.99874204 -0.03443523 0.036448866 10.699997 0.031331744 0.99609524 0.08253859 0 -0.039148778 -0.08129275 0.99592113 0 0 0 0 1 0.9985944 -0.0375323 0.037423227 10.699997 0.033610523 0.99437743 0.10041861 0 -0.04098175 -0.09901965 0.99424124 0 0 0 0 1 0.9986308 -0.040512014 0.03309449 10.699997 0.03645725 0.9926873 0.11507733 0 -0.037514497 -0.113713235 0.9928051 0 0 0 0 1 0.99866563 -0.044372704 0.026419884 10.699997 0.040737566 0.99131274 0.12505801 0 -0.03173953 -0.12381485 0.9917976 0 0 0 0 1 0.9987692 -0.043046158 0.024638783 10.699997 0.039877754 0.9923126 0.117155746 0 -0.029492479 -0.11602901 0.99280787 0 0 0 0 1 0.99902886 -0.03441127 0.027516685 10.699997 0.0319329 0.99578935 0.08592921 0 -0.030357756 -0.08496707 0.9959212 0 0 0 0 1 0.9991869 -0.022044702 0.03375748 10.699997 0.020748327 0.9990515 0.038282968 0 -0.0345694 -0.037551425 0.99869657 0 0 0 0 1 0.99903286 -0.011074181 0.04255242 10.699997 0.011742684 0.99981105 -0.015492397 0 -0.042372815 0.015977094 0.9989741 0 0 0 0 1 0.99841964 -0.004998489 0.05597479 10.699997 0.008802682 0.9976517 -0.06792379 0 -0.055503823 0.06830918 0.9961191 0 0 0 0 1 0.9970727 -0.0001502526 0.07645926 10.699997 0.00849143 0.9940296 -0.108779736 0 -0.07598643 0.10911056 0.99112105 0 0 0 0 1 0.9948406 0.0064415196 0.10124541 10.699997 0.005599807 0.99297404 -0.11819969 0 -0.10129545 0.118156806 0.98781484 0 0 0 0 1 0.99194646 0.011900518 0.12609735 10.699997 -0.0022663795 0.9970845 -0.07627197 0 -0.1266374 0.07537193 0.9890814 0 0 0 0 1 0.9888132 0.0145813795 0.14844456 10.699997 -0.014823387 0.99988997 0.0005240025 0 -0.1484206 -0.0027185916 0.98892057 0 0 0 0 1 0.9857503 0.014297066 0.16760638 10.699997 -0.029844278 0.995439 0.09061201 0 -0.16554645 -0.094322905 0.981681 0 0 0 0 1 0.9832234 0.011968265 0.18201244 10.699997 -0.042776015 0.9851477 0.16629562 0 -0.17731887 -0.1712915 0.9691322 0 0 0 0 1 0.9816752 0.009400919 0.19032978 10.699997 -0.048195876 0.9785589 0.20024897 0 -0.18436636 -0.20575257 0.9610801 0 0 0 0 1 0.9809268 0.007201465 0.19424407 10.699997 -0.04413061 0.98146886 0.18647099 0 -0.18930162 -0.19148651 0.9630669 0 0 0 0 1 0.98058856 0.004143486 0.19603297 10.699997 -0.034881018 0.9875161 0.15360764 0 -0.19294924 -0.15746373 0.9684915 0 0 0 0 1 0.98148644 0.001539317 0.1915254 10.699997 -0.022409484 0.9940226 0.10685 0 -0.1902161 -0.109163806 0.9756542 0 0 0 0 1 0.98432267 -0.00074646575 0.17637554 10.699997 -0.01017376 0.9980858 0.06100222 0 -0.17608345 -0.06184027 0.9824309 0 0 0 0 1 0.98917484 -0.0031105056 0.14670867 10.699997 -0.0014803368 0.9995129 0.03117268 0 -0.14673418 -0.031052409 0.98868847 0 0 0 0 1 0.9950691 -0.0060428646 0.099000074 10.699997 0.003298652 0.99960643 0.027859572 0 -0.09912946 -0.027395632 0.99469733 0 0 0 0 1 0.99884534 -0.008274293 0.047323253 10.699997 0.006589409 0.9993426 0.035649553 0 -0.047587115 -0.03529656 0.9982433 0 0 0 0 1 0.99993837 -0.00981092 0.0051936978 10.699997 0.009551204 0.998808 0.047867782 0 -0.005657134 -0.047815226 0.99884015 0 0 0 0 1 0.9997381 -0.01144142 -0.019820273 10.699997 0.012583128 0.99820983 0.058470197 0 0.01911581 -0.058704287 0.99809235 0 0 0 0 1 0.9997381 -0.01144142 -0.019820273 10.699997 0.012583128 0.99820983 0.058470197 0 0.01911581 -0.058704287 0.99809235 0 0 0 0 1</float_array>
        <technique_common>
          <accessor source="#Motion_125_Spine3_transform_pose_array_id" count="88" stride="16">
            <param name="TRANSFORM" type="float4x4" />
          </accessor>
        </technique_common>
      </source>
      <sampler id="Motion_125_Spine3_transform_samp_id">
        <input semantic="INPUT" source="#Motion_125_Spine3_transform_frame_id" />
        <input semantic="INTERPOLATION" source="#Motion_125_Spine3_transform_interp_id" />
        <input semantic="OUTPUT" source="#Motion_125_Spine3_transform_pose_id" />
      </sampler>
      <channel source="#Motion_125_Spine3_transform_samp_id" target="Spine3_bone_id/transform" />
    </animation>
    <animation id="Motion_125_RShoulder_transform_id" name="Motion_125_RShoulder_transform">
      <source id="Motion_125_RShoulder_transform_frame_id" name="Motion_125_RShoulder_transform_frame">
        <float_array id="Motion_125_RShoulder_transform_frame_array_id" count="88">0 0.033333335 0.06666667 0.1 0.13333334 0.16666667 0.2 0.23333333 0.26666668 0.3 0.33333334 0.36666667 0.4 0.43333334 0.46666667 0.5 0.53333336 0.56666666 0.6 0.6333333 0.6666667 0.7 0.73333335 0.76666665 0.8 0.8333333 0.8666667 0.9 0.93333334 0.96666664 1 1.0333333 1.0666667 1.1 1.1333333 1.1666666 1.2 1.2333333 1.2666667 1.3 1.3333334 1.3666667 1.4 1.4333333 1.4666667 1.5 1.5333333 1.5666667 1.6 1.6333333 1.6666666 1.7 1.7333333 1.7666667 1.8 1.8333334 1.8666667 1.9 1.9333333 1.9666667 2 2.0333333 2.0666666 2.1 2.1333334 2.1666667 2.2 2.2333333 2.2666667 2.3 2.3333333 2.3666666 2.4 2.4333334 2.4666667 2.5 2.5333333 2.5666666 2.6 2.6333334 2.6666667 2.7 2.7333333 2.7666667 2.8 2.8333333 2.8666666 2.9</float_array>
        <technique_common>
          <accessor source="#Motion_125_RShoulder_transform_frame_array_id" count="88" stride="1">
            <param name="TIME" type="float" />
          </accessor>
        </technique_common>
      </source>
      <source id="Motion_125_RShoulder_transform_interp_id" name="Motion_125_RShoulder_transform_interp">
        <Name_array id="Motion_125_RShoulder_transform_interp_array_id" count="88">LINEAR LINEAR LINEAR LINEAR LINEAR LINEAR LINEAR LINEAR LINEAR LINEAR LINEAR LINEAR LINEAR LINEAR LINEAR LINEAR LINEAR LINEAR LINEAR LINEAR LINEAR LINEAR LINEAR LINEAR LINEAR LINEAR LINEAR LINEAR LINEAR LINEAR LINEAR LINEAR LINEAR LINEAR LINEAR LINEAR LINEAR LINEAR LINEAR LINEAR LINEAR LINEAR LINEAR LINEAR LINEAR LINEAR LINEAR LINEAR LINEAR LINEAR LINEAR LINEAR LINEAR LINEAR LINEAR LINEAR LINEAR LINEAR LINEAR LINEAR LINEAR LINEAR LINEAR LINEAR LINEAR LINEAR LINEAR LINEAR LINEAR LINEAR LINEAR LINEAR LINEAR LINEAR LINEAR LINEAR LINEAR LINEAR LINEAR LINEAR LINEAR LINEAR LINEAR LINEAR LINEAR LINEAR LINEAR LINEAR</Name_array>
        <technique_common>
          <accessor source="#Motion_125_RShoulder_transform_interp_array_id" count="88" stride="1">
            <param name="INTERPOLATION" type="Name" />
          </accessor>
        </technique_common>
      </source>
      <source id="Motion_125_RShoulder_transform_pose_id" name="Motion_125_RShoulder_transform_pose">
        <float_array id="Motion_125_RShoulder_transform_pose_array_id" count="1408">-0.6903633 -0.71621466 -0.10215314 9.529964 0.7149956 -0.6539078 -0.24735776 3.120001 0.110362515 -0.24380574 0.9635242 -0.18506564 0 0 0 1 -0.68536913 -0.7207032 -0.10419173 9.529964 0.7213786 -0.6524347 -0.23225348 3.120001 0.09940752 -0.23434107 0.96705866 -0.18506564 0 0 0 1 -0.6770197 -0.7282258 -0.106449164 9.529964 0.7296225 -0.6451796 -0.22670254 3.120001 0.0964118 -0.2311498 0.9681294 -0.18506564 0 0 0 1 -0.66448677 -0.7391844 -0.10983732 9.529964 0.7413744 -0.633585 -0.22121164 3.120001 0.093924925 -0.22842273 0.9690207 -0.18506564 0 0 0 1 -0.6471889 -0.75358546 -0.11513333 9.529964 0.75772 -0.61931264 -0.20570023 3.120001 0.08370918 -0.22036572 0.9718188 -0.18506564 0 0 0 1 -0.62554884 -0.770572 -0.12209469 9.529964 0.77759534 -0.60305095 -0.17797387 3.120001 0.063512355 -0.20627165 0.97643137 -0.18506564 0 0 0 1 -0.60103536 -0.7885588 -0.1301215 9.529964 0.7983405 -0.58471525 -0.14408536 3.120001 0.037535753 -0.19048168 0.9809729 -0.18506564 0 0 0 1 -0.575104 -0.8063393 -0.1381011 9.529964 0.81800216 -0.56446576 -0.11068228 3.120001 0.011294119 -0.17662084 0.9842142 -0.18506564 0 0 0 1 -0.54909456 -0.82305306 -0.14518675 9.529964 0.83568126 -0.5430858 -0.08182235 3.120001 -0.011504702 -0.16625802 0.98601514 -0.18506564 0 0 0 1 -0.5246248 -0.83770233 -0.15173481 9.529964 0.85087234 -0.52181053 -0.06107266 3.120001 -0.028016124 -0.16114719 0.9865326 -0.18506564 0 0 0 1 -0.5032288 -0.84979147 -0.1568928 9.529964 0.8634177 -0.50193393 -0.050718885 3.120001 -0.03564934 -0.16098721 0.98631245 -0.18506564 0 0 0 1 -0.48651922 -0.8587962 -0.16052505 9.529964 0.87305576 -0.48478878 -0.052475665 3.120001 -0.032754816 -0.16567773 0.9856358 -0.18506564 0 0 0 1 -0.47606373 -0.86431456 -0.16224414 9.529964 0.8791982 -0.4718324 -0.06621395 3.120001 -0.019322373 -0.17416686 0.9845266 -0.18506564 0 0 0 1 -0.47238183 -0.8664981 -0.16135831 9.529964 0.88138163 -0.46342063 -0.09169382 3.120001 0.004675761 -0.18553275 0.982627 -0.18506564 0 0 0 1 -0.47847688 -0.86372 -0.15826511 9.529964 0.87732357 -0.4626459 -0.12752365 3.120001 0.036924016 -0.19986682 0.9791271 -0.18506564 0 0 0 1 -0.497792 -0.85388947 -0.15190744 9.529964 0.86408865 -0.47323418 -0.17146492 3.120001 0.07452431 -0.21661538 0.9734084 -0.18506564 0 0 0 1 -0.5252007 -0.83833975 -0.14611883 9.529964 0.84467405 -0.49270523 -0.2092067 3.120001 0.10339278 -0.23329827 0.9668929 -0.18506564 0 0 0 1 -0.55452645 -0.8199423 -0.14210837 9.529964 0.8254424 -0.52030253 -0.21892884 3.120001 0.10556966 -0.23870414 0.9653369 -0.18506564 0 0 0 1 -0.5837853 -0.8000833 -0.13806385 9.529964 0.8063643 -0.5515168 -0.21355546 3.120001 0.09471762 -0.23600027 0.9671259 -0.18506564 0 0 0 1 -0.6119069 -0.7798038 -0.13219668 9.529964 0.7853649 -0.5792625 -0.21830477 3.120001 0.09365831 -0.23740484 0.9668852 -0.18506564 0 0 0 1 -0.633633 -0.7633954 -0.12544663 9.529964 0.76619816 -0.5968101 -0.23823994 3.120001 0.10700346 -0.24707365 0.9630705 -0.18506564 0 0 0 1 -0.64072657 -0.7581251 -0.121309005 9.529964 0.75883454 -0.60128117 -0.2502625 3.120001 0.11678948 -0.25240326 0.96054816 -0.18506564 0 0 0 1 -0.6370816 -0.7613582 -0.120253034 9.529964 0.7621177 -0.5988499 -0.24608032 3.120001 0.11534176 -0.2484202 0.9617607 -0.18506564 0 0 0 1 -0.6282768 -0.76856315 -0.12074422 9.529964 0.77091646 -0.5941398 -0.22953439 3.120001 0.10467272 -0.2372948 0.965782 -0.18506564 0 0 0 1 -0.6159028 -0.77808094 -0.12350731 9.529964 0.7825942 -0.58621967 -0.20950656 3.120001 0.090610646 -0.22569175 0.96997577 -0.18506564 0 0 0 1 -0.60134053 -0.7888153 -0.1271229 9.529964 0.79487365 -0.57448447 -0.19530441 3.120001 0.081028976 -0.21849106 0.97246903 -0.18506564 0 0 0 1 -0.58479214 -0.80048746 -0.13129236 9.529964 0.80777735 -0.5598433 -0.1845834 3.120001 0.07425356 -0.21399796 0.97400784 -0.18506564 0 0 0 1 -0.56679547 -0.812592 -0.13578394 9.529964 0.82103527 -0.54349506 -0.17468382 3.120001 0.068148784 -0.21049337 0.97521704 -0.18506564 0 0 0 1 -0.5478375 -0.82472813 -0.14034688 9.529964 0.8343898 -0.5265126 -0.16302665 3.120001 0.06055823 -0.20641617 0.9765885 -0.18506564 0 0 0 1 -0.5287852 -0.83617204 -0.14561112 9.529964 0.8472418 -0.5097742 -0.14937101 3.120001 0.050671075 -0.20235302 0.9780009 -0.18506564 0 0 0 1 -0.51074564 -0.8464613 -0.15047407 9.529964 0.8587737 -0.49404 -0.1357662 3.120001 0.040580638 -0.19856514 0.9792472 -0.18506564 0 0 0 1 -0.49509692 -0.85494095 -0.15477319 9.529964 0.86819106 -0.4799446 -0.12608421 3.120001 0.03351198 -0.19679663 0.97987145 -0.18506564 0 0 0 1 -0.48442042 -0.86065406 -0.15688136 9.529964 0.87382716 -0.46741128 -0.13398898 3.120001 0.041990045 -0.20199418 0.9784862 -0.18506564 0 0 0 1 -0.48054576 -0.8629836 -0.15599717 9.529964 0.87419975 -0.45726156 -0.16336027 3.120001 0.0696457 -0.21487477 0.9741552 -0.18506564 0 0 0 1 -0.4829117 -0.8622738 -0.15257709 9.529964 0.86926734 -0.4510182 -0.20237713 3.120001 0.10568945 -0.23036061 0.9673488 -0.18506564 0 0 0 1 -0.49809623 -0.85434574 -0.1483031 9.529964 0.856391 -0.45786047 -0.23865983 3.120001 0.13599588 -0.24588096 0.95971227 -0.18506564 0 0 0 1 -0.52226746 -0.8403599 -0.14502491 9.529964 0.8391783 -0.4761957 -0.26271242 3.120001 0.15171273 -0.25890785 0.953913 -0.18506564 0 0 0 1 -0.54805994 -0.82420063 -0.14255941 9.529964 0.824934 -0.5044422 -0.25499338 3.120001 0.13825274 -0.25735384 0.9563761 -0.18506564 0 0 0 1 -0.5728178 -0.8074494 -0.14108685 9.529964 0.813374 -0.5386113 -0.21982 3.120001 0.10150256 -0.24067312 0.9652842 -0.18506564 0 0 0 1 -0.5996206 -0.78836113 -0.13762954 9.529964 0.79682285 -0.5721537 -0.19419986 3.120001 0.074354365 -0.2261126 0.97125924 -0.18506564 0 0 0 1 -0.6243386 -0.7709255 -0.12599505 9.529964 0.77377415 -0.58822477 -0.23508473 3.120001 0.1071194 -0.24426423 0.963774 -0.18506564 0 0 0 1 -0.6262245 -0.7701051 -0.121577196 9.529964 0.7696973 -0.58584464 -0.25367743 3.120001 0.12413294 -0.25243664 0.95961803 -0.18506564 0 0 0 1 -0.615031 -0.77876914 -0.12351395 9.529964 0.77947736 -0.5768523 -0.2442472 3.120001 0.118962884 -0.2464959 0.96181476 -0.18506564 0 0 0 1 -0.5998808 -0.7901316 -0.12583713 9.529964 0.78976005 -0.55957556 -0.25130516 3.120001 0.12814881 -0.2501343 0.959693 -0.18506564 0 0 0 1 -0.58214986 -0.80286354 -0.12849897 9.529964 0.8004412 -0.5381385 -0.2640095 3.120001 0.14281332 -0.2565489 0.95592207 -0.18506564 0 0 0 1 -0.5642426 -0.81508535 -0.1314006 9.529964 0.80843276 -0.5131657 -0.28826594 3.120001 0.16753103 -0.2688805 0.94849175 -0.18506564 0 0 0 1 -0.54416025 -0.828029 -0.1351194 9.529964 0.8198028 -0.49054193 -0.29545137 3.120001 0.17836054 -0.27154425 0.9457543 -0.18506564 0 0 0 1 -0.52164257 -0.8414676 -0.140788 9.529964 0.83682346 -0.4724946 -0.27654165 3.120001 0.16617925 -0.2620706 0.95063317 -0.18506564 0 0 0 1 -0.50297105 -0.85226685 -0.14374176 9.529964 0.84843534 -0.45513904 -0.2701969 3.120001 0.16485742 -0.25785673 0.9520147 -0.18506564 0 0 0 1 -0.49351633 -0.8585338 -0.13914579 9.529964 0.8527567 -0.44618976 -0.27151608 3.120001 0.1710203 -0.2526551 0.9523221 -0.18506564 0 0 0 1 -0.4939934 -0.8606988 -0.123159565 9.529964 0.85028887 -0.44864082 -0.2751917 3.120001 0.18160275 -0.24066405 0.953468 -0.18506564 0 0 0 1 -0.50353193 -0.8582074 -0.09967932 9.529964 0.8412811 -0.46076024 -0.28274795 3.120001 0.19672811 -0.2262309 0.95400083 -0.18506564 0 0 0 1 -0.5213057 -0.84960556 -0.0800675 9.529964 0.8272611 -0.48009598 -0.29179946 3.120001 0.20947434 -0.21835344 0.9531224 -0.18506564 0 0 0 1 -0.5460379 -0.8340063 -0.07921995 9.529964 0.81324506 -0.50497556 -0.28919187 3.120001 0.20118372 -0.22233501 0.95398754 -0.18506564 0 0 0 1 -0.5666685 -0.81915987 -0.088678 9.529964 0.80417347 -0.5264212 -0.27601743 3.120001 0.17942041 -0.2277229 0.95705307 -0.18506564 0 0 0 1 -0.5853952 -0.8045718 -0.09988631 9.529964 0.7948819 -0.54531157 -0.26608014 3.120001 0.15961139 -0.23515977 0.95876175 -0.18506564 0 0 0 1 -0.5946835 -0.79704845 -0.10519181 9.529964 0.7897613 -0.554677 -0.26193625 3.120001 0.1504284 -0.23884559 0.9593352 -0.18506564 0 0 0 1 -0.5964868 -0.79549533 -0.106726035 9.529964 0.78783554 -0.5548911 -0.26722804 3.120001 0.15335731 -0.2434806 0.9577049 -0.18506564 0 0 0 1 -0.59683645 -0.79446125 -0.112328686 9.529964 0.78572154 -0.5503371 -0.28243744 3.120001 0.16256696 -0.256828 0.95268637 -0.18506564 0 0 0 1 -0.59648025 -0.7941882 -0.116087735 9.529964 0.7817469 -0.5420774 -0.30825928 3.120001 0.18188736 -0.2746218 0.9441927 -0.18506564 0 0 0 1 -0.59533787 -0.7948581 -0.11736177 9.529964 0.7779509 -0.5337181 -0.3315685 3.120001 0.2009118 -0.28869691 0.93610287 -0.18506564 0 0 0 1 -0.59275615 -0.7967213 -0.117796615 9.529964 0.77732545 -0.5276848 -0.34251195 3.120001 0.21072708 -0.29459226 0.9320995 -0.18506564 0 0 0 1 -0.5899422 -0.7988887 -0.11723903 9.529964 0.7766242 -0.52167666 -0.35314044 3.120001 0.22095904 -0.29938313 0.9281955 -0.18506564 0 0 0 1 -0.58648133 -0.8014157 -0.11735671 9.529964 0.7759714 -0.5144055 -0.36504167 3.120001 0.23218116 -0.30515558 0.92356485 -0.18506564 0 0 0 1 -0.5810174 -0.8053326 -0.117721096 9.529964 0.7774367 -0.5063541 -0.37309217 3.120001 0.24085473 -0.30829376 0.9202956 -0.18506564 0 0 0 1 -0.57087326 -0.81266934 -0.11692857 9.529964 0.78587013 -0.49961615 -0.36440596 3.120001 0.23772216 -0.2999203 0.9238701 -0.18506564 0 0 0 1 -0.555392 -0.82341594 -0.11630205 9.529964 0.8024507 -0.49396718 -0.33476785 3.120001 0.21820378 -0.279254 0.9350959 -0.18506564 0 0 0 1 -0.53570247 -0.8364279 -0.11580697 9.529964 0.8241066 -0.48799193 -0.2875973 3.120001 0.18404156 -0.24950385 0.95072424 -0.18506564 0 0 0 1 -0.51309097 -0.8509344 -0.11246651 9.529964 0.84673774 -0.48032916 -0.2287344 3.120001 0.14061701 -0.21259114 0.96697044 -0.18506564 0 0 0 1 -0.49129856 -0.86472553 -0.10428475 9.529964 0.8636276 -0.46810484 -0.18714975 3.120001 0.11301698 -0.18200962 0.97678024 -0.18506564 0 0 0 1 -0.46839917 -0.8786445 -0.09266077 9.529964 0.87883884 -0.45257127 -0.15106787 3.120001 0.09079936 -0.15219395 0.984171 -0.18506564 0 0 0 1 -0.4482082 -0.8904372 -0.07893507 9.529964 0.8901244 -0.436419 -0.13121264 3.120001 0.08238785 -0.12907262 0.9882067 -0.18506564 0 0 0 1 -0.43437886 -0.8983452 -0.06550473 9.529964 0.895466 -0.42284572 -0.13907586 3.120001 0.09723975 -0.119068876 0.98811287 -0.18506564 0 0 0 1 -0.4283204 -0.9019114 -0.055654254 9.529964 0.8907609 -0.41106415 -0.19383256 3.120001 0.15194231 -0.1325971 0.9794547 -0.18506564 0 0 0 1 -0.4305308 -0.90116644 -0.050418936 9.529964 0.8707986 -0.40003228 -0.28580365 3.120001 0.23738745 -0.16695204 0.9569609 -0.18506564 0 0 0 1 -0.4401865 -0.89657116 -0.048946247 9.529964 0.8348917 -0.3886249 -0.38977727 3.120001 0.33044136 -0.21243957 0.91960746 -0.18506564 0 0 0 1 -0.45223904 -0.8903777 -0.052031487 9.529964 0.79665107 -0.37702537 -0.47243932 3.120001 0.40103227 -0.25510648 0.879826 -0.18506564 0 0 0 1 -0.4636171 -0.8839107 -0.061327964 9.529964 0.773019 -0.36968458 -0.51553357 3.120001 0.43301362 -0.28641784 0.8546719 -0.18506564 0 0 0 1 -0.47686553 -0.8753843 -0.07938366 9.529964 0.76585585 -0.36947608 -0.52626264 3.120001 0.43135166 -0.31175286 0.84660846 -0.18506564 0 0 0 1 -0.49560165 -0.8626406 -0.10114516 9.529964 0.77053034 -0.38293755 -0.50955075 3.120001 0.40082687 -0.33046955 0.85447514 -0.18506564 0 0 0 1 -0.5214026 -0.8454291 -0.11571027 9.529964 0.78078514 -0.4179734 -0.46440592 3.120001 0.3442585 -0.33248731 0.8780309 -0.18506564 0 0 0 1 -0.55621505 -0.82145685 -0.12582996 9.529964 0.78498834 -0.46963346 -0.4040266 3.120001 0.27279648 -0.32350078 0.9060515 -0.18506564 0 0 0 1 -0.59057975 -0.7962461 -0.13117832 9.529964 0.78430575 -0.52808976 -0.32555455 3.120001 0.1899476 -0.2951498 0.93637943 -0.18506564 0 0 0 1 -0.6200886 -0.774183 -0.12700991 9.529964 0.7753344 -0.5800172 -0.24987416 3.120001 0.11978039 -0.25341916 0.9599122 -0.18506564 0 0 0 1 -0.64807284 -0.7523904 -0.11794354 9.529964 0.7551193 -0.6146965 -0.22791079 3.120001 0.0989784 -0.2367642 0.96651226 -0.18506564 0 0 0 1 -0.6707517 -0.73359036 -0.10925789 9.529964 0.7343538 -0.6362219 -0.23652938 3.120001 0.104003415 -0.23888642 0.96546185 -0.18506564 0 0 0 1 -0.68463695 -0.7213905 -0.104246356 9.529964 0.7209524 -0.64918363 -0.24246125 3.120001 0.10723422 -0.24115469 0.96454406 -0.18506564 0 0 0 1 -0.68463695 -0.7213905 -0.104246356 9.529964 0.7209524 -0.64918363 -0.24246125 3.120001 0.10723422 -0.24115469 0.96454406 -0.18506564 0 0 0 1</float_array>
        <technique_common>
          <accessor source="#Motion_125_RShoulder_transform_pose_array_id" count="88" stride="16">
            <param name="TRANSFORM" type="float4x4" />
          </accessor>
        </technique_common>
      </source>
      <sampler id="Motion_125_RShoulder_transform_samp_id">
        <input semantic="INPUT" source="#Motion_125_RShoulder_transform_frame_id" />
        <input semantic="INTERPOLATION" source="#Motion_125_RShoulder_transform_interp_id" />
        <input semantic="OUTPUT" source="#Motion_125_RShoulder_transform_pose_id" />
      </sampler>
      <channel source="#Motion_125_RShoulder_transform_samp_id" target="RShoulder_bone_id/transform" />
    </animation>
    <animation id="Motion_125_RArm_transform_id" name="Motion_125_RArm_transform">
      <source id="Motion_125_RArm_transform_frame_id" name="Motion_125_RArm_transform_frame">
        <float_array id="Motion_125_RArm_transform_frame_array_id" count="88">0 0.033333335 0.06666667 0.1 0.13333334 0.16666667 0.2 0.23333333 0.26666668 0.3 0.33333334 0.36666667 0.4 0.43333334 0.46666667 0.5 0.53333336 0.56666666 0.6 0.6333333 0.6666667 0.7 0.73333335 0.76666665 0.8 0.8333333 0.8666667 0.9 0.93333334 0.96666664 1 1.0333333 1.0666667 1.1 1.1333333 1.1666666 1.2 1.2333333 1.2666667 1.3 1.3333334 1.3666667 1.4 1.4333333 1.4666667 1.5 1.5333333 1.5666667 1.6 1.6333333 1.6666666 1.7 1.7333333 1.7666667 1.8 1.8333334 1.8666667 1.9 1.9333333 1.9666667 2 2.0333333 2.0666666 2.1 2.1333334 2.1666667 2.2 2.2333333 2.2666667 2.3 2.3333333 2.3666666 2.4 2.4333334 2.4666667 2.5 2.5333333 2.5666666 2.6 2.6333334 2.6666667 2.7 2.7333333 2.7666667 2.8 2.8333333 2.8666666 2.9</float_array>
        <technique_common>
          <accessor source="#Motion_125_RArm_transform_frame_array_id" count="88" stride="1">
            <param name="TIME" type="float" />
          </accessor>
        </technique_common>
      </source>
      <source id="Motion_125_RArm_transform_interp_id" name="Motion_125_RArm_transform_interp">
        <Name_array id="Motion_125_RArm_transform_interp_array_id" count="88">LINEAR LINEAR LINEAR LINEAR LINEAR LINEAR LINEAR LINEAR LINEAR LINEAR LINEAR LINEAR LINEAR LINEAR LINEAR LINEAR LINEAR LINEAR LINEAR LINEAR LINEAR LINEAR LINEAR LINEAR LINEAR LINEAR LINEAR LINEAR LINEAR LINEAR LINEAR LINEAR LINEAR LINEAR LINEAR LINEAR LINEAR LINEAR LINEAR LINEAR LINEAR LINEAR LINEAR LINEAR LINEAR LINEAR LINEAR LINEAR LINEAR LINEAR LINEAR LINEAR LINEAR LINEAR LINEAR LINEAR LINEAR LINEAR LINEAR LINEAR LINEAR LINEAR LINEAR LINEAR LINEAR LINEAR LINEAR LINEAR LINEAR LINEAR LINEAR LINEAR LINEAR LINEAR LINEAR LINEAR LINEAR LINEAR LINEAR LINEAR LINEAR LINEAR LINEAR LINEAR LINEAR LINEAR LINEAR LINEAR</Name_array>
        <technique_common>
          <accessor source="#Motion_125_RArm_transform_interp_array_id" count="88" stride="1">
            <param name="INTERPOLATION" type="Name" />
          </accessor>
        </technique_common>
      </source>
      <source id="Motion_125_RArm_transform_pose_id" name="Motion_125_RArm_transform_pose">
        <float_array id="Motion_125_RArm_transform_pose_array_id" count="1408">0.94005865 -0.2667766 -0.21241458 7.079994 0.16062284 0.89586186 -0.41428465 0 0.30081558 0.35533327 0.88501316 0 0 0 0 1 0.9334124 -0.29555905 -0.20343602 7.079994 0.20114833 0.9005462 -0.38542947 0 0.2971207 0.3188438 0.90003216 0 0 0 0 1 0.9231325 -0.33031166 -0.19677565 7.079994 0.24471094 0.8995129 -0.36192977 0 0.29655185 0.28595597 0.9112004 0 0 0 0 1 0.91200006 -0.3654053 -0.18637294 7.079994 0.2885928 0.8944737 -0.34151295 0 0.2914963 0.25767395 0.9212133 0 0 0 0 1 0.90302986 -0.39599466 -0.16650926 7.079994 0.33001465 0.8876392 -0.32122728 0 0.27500445 0.23512731 0.9322487 0 0 0 0 1 0.8919265 -0.4288648 -0.14332512 7.079994 0.3732989 0.87723625 -0.3018351 0 0.25517645 0.21571161 0.942525 0 0 0 0 1 0.88432205 -0.4492914 -0.12693182 7.079994 0.40176493 0.8708166 -0.28330806 0 0.2378222 0.1995388 0.95059186 0 0 0 0 1 0.8894693 -0.44210175 -0.11571674 7.079994 0.40169415 0.87709725 -0.26332915 0 0.2179131 0.18774047 0.9577408 0 0 0 0 1 0.90350306 -0.41618395 -0.1023387 7.079994 0.3833614 0.8915531 -0.24117847 0 0.19161499 0.17867278 0.96506983 0 0 0 0 1 0.9203272 -0.38122764 -0.0875403 7.079994 0.35481903 0.9078628 -0.22335748 0 0.16462463 0.17450102 0.97079766 0 0 0 0 1 0.9357418 -0.34425542 -0.076652154 7.079994 0.32138923 0.9218289 -0.21665736 0 0.14524563 0.17810015 0.9732338 0 0 0 0 1 0.9472235 -0.3122319 -0.07265569 7.079994 0.28853345 0.9291326 -0.23121643 0 0.13969992 0.19805005 0.9701856 0 0 0 0 1 0.95842266 -0.2783411 -0.06286654 7.079994 0.24855518 0.92253584 -0.29520833 0 0.14016524 0.26730853 0.9533624 0 0 0 0 1 0.96847093 -0.24361749 -0.052102186 7.079994 0.20621158 0.90126354 -0.38105223 0 0.13978878 0.35829392 0.92308426 0 0 0 0 1 0.97669977 -0.21019806 -0.043293145 7.079994 0.16787563 0.8739759 -0.45605257 0 0.13369852 0.4381586 0.8888992 0 0 0 0 1 0.98216665 -0.1853818 -0.03134126 7.079994 0.14104119 0.83671033 -0.5291722 0 0.12432246 0.5153148 0.84793544 0 0 0 0 1 0.9845406 -0.17476702 -0.011674929 7.079994 0.1329127 0.7888417 -0.60005254 0 0.11407906 0.5892243 0.79987544 0 0 0 0 1 0.97948474 -0.19994555 0.025128677 7.079994 0.16870998 0.7454208 -0.64489126 0 0.1102117 0.6359006 0.7638611 0 0 0 0 1 0.9718007 -0.22986528 0.052587382 7.079994 0.20720229 0.7259629 -0.6557782 0 0.11256417 0.648182 0.7531198 0 0 0 0 1 0.95410246 -0.28935498 0.07721561 7.079994 0.26928717 0.7160835 -0.6439789 0 0.13104564 0.635215 0.76113665 0 0 0 0 1 0.93436944 -0.3482404 0.07538135 7.079994 0.31504634 0.70864844 -0.6313186 0 0.16643178 0.61363345 0.7718513 0 0 0 0 1 0.92086184 -0.38590097 0.05562339 7.079994 0.33641428 0.7143222 -0.61365235 0 0.19707602 0.5838015 0.78761464 0 0 0 0 1 0.9026992 -0.4279563 0.044582903 7.079994 0.3716049 0.7231885 -0.5821582 0 0.21689644 0.542081 0.81185234 0 0 0 0 1 0.88718706 -0.46025598 0.032611795 7.079994 0.4042762 0.7413214 -0.535727 0 0.22239575 0.48847425 0.84376127 0 0 0 0 1 0.87993777 -0.4748342 0.015555538 7.079994 0.42289346 0.76792324 -0.4810978 0 0.2164962 0.42991444 0.8765289 0 0 0 0 1 0.8774986 -0.47951072 -0.008100122 7.079994 0.43054497 0.7951071 -0.42712492 0 0.21125144 0.37131405 0.9041563 0 0 0 0 1 0.8758264 -0.48146418 -0.033470698 7.079994 0.4349158 0.8174108 -0.37774035 0 0.20922777 0.31627807 0.9253064 0 0 0 0 1 0.8749194 -0.4808184 -0.057703495 7.079994 0.4362517 0.834283 -0.3371295 0 0.21023911 0.26978788 0.93968827 0 0 0 0 1 0.88319993 -0.46176866 -0.08202191 7.079994 0.41900644 0.8554661 -0.3043211 0 0.21069293 0.23440868 0.94903165 0 0 0 0 1 0.9035993 -0.41652617 -0.10007125 7.079994 0.37689206 0.884038 -0.27645847 0 0.20361897 0.21209162 0.9558015 0 0 0 0 1 0.92867935 -0.35377073 -0.11135974 7.079994 0.31571388 0.91162306 -0.26318848 0 0.19462648 0.2092599 0.9582958 0 0 0 0 1 0.9519874 -0.28263763 -0.11762664 7.079994 0.24143474 0.92939246 -0.27917537 0 0.18822676 0.23737226 0.9530084 0 0 0 0 1 0.97001606 -0.21025963 -0.12190033 7.079994 0.15944488 0.9290801 -0.33374757 0 0.18342881 0.30430412 0.93474746 0 0 0 0 1 0.98053426 -0.14827716 -0.12871067 7.079994 0.08027588 0.90097237 -0.42638555 0 0.179188 0.40775326 0.89533734 0 0 0 0 1 0.98450726 -0.10403154 -0.14114834 7.079994 0.012906954 0.84579307 -0.53335494 0 0.17486803 0.5232701 0.8340322 0 0 0 0 1 0.9844955 -0.08738176 -0.15209547 7.079994 -0.029480183 0.7723283 -0.6345391 0 0.17291477 0.6291847 0.75777775 0 0 0 0 1 0.98291093 -0.107906014 -0.14913894 7.079994 -0.037437484 0.67606795 -0.7358876 0 0.18023475 0.72889537 0.6604748 0 0 0 0 1 0.9853495 -0.1468614 -0.086707324 7.079994 0.029026099 0.64539814 -0.7632946 0 0.16805926 0.74959517 0.64020556 0 0 0 0 1 0.96948946 -0.2423896 0.036570817 7.079994 0.18393607 0.6206989 -0.7621681 0 0.16204219 0.7456407 0.6463453 0 0 0 0 1 0.92507505 -0.3469285 0.15452112 7.079994 0.34417012 0.59378004 -0.72730476 0 0.1605712 0.725993 0.66869354 0 0 0 0 1 0.8773449 -0.42789757 0.2171856 7.079994 0.45014644 0.5771035 -0.6814102 0 0.16623516 0.69559705 0.6989354 0 0 0 0 1 0.85167265 -0.47329363 0.2250486 7.079994 0.4948837 0.58499277 -0.6425524 0 0.17246416 0.65861714 0.7324476 0 0 0 0 1 0.84057796 -0.5024441 0.2024317 7.079994 0.512523 0.6167212 -0.5974739 0 0.1753533 0.6059744 0.77591646 0 0 0 0 1 0.8389194 -0.5190621 0.16367257 7.079994 0.5142924 0.6576327 -0.5504748 0 0.17809421 0.54597956 0.8186506 0 0 0 0 1 0.8401518 -0.5287709 0.12060779 7.079994 0.5112933 0.69803435 -0.5013255 0 0.18089795 0.4828555 0.8568118 0 0 0 0 1 0.84827155 -0.52609485 0.06049428 7.079994 0.4883136 0.73287797 -0.4737507 0 0.20490292 0.43140942 0.8785788 0 0 0 0 1 0.85309273 -0.521542 0.015056841 7.079994 0.47637445 0.7667908 -0.4302316 0 0.21283841 0.37420014 0.90259296 0 0 0 0 1 0.86149156 -0.50775987 -0.003496237 7.079994 0.47228235 0.8037895 -0.36176217 0 0.18649855 0.31000382 0.93226385 0 0 0 0 1 0.8882003 -0.4583402 -0.032007925 7.079994 0.4298568 0.8535609 -0.29437545 0 0.16224483 0.24770555 0.9551537 0 0 0 0 1 0.9373537 -0.34279576 -0.062122088 7.079994 0.32125863 0.91950727 -0.22649352 0 0.13476273 0.19234727 0.97202957 0 0 0 0 1 0.9678232 -0.24226566 -0.068011925 7.079994 0.21975546 0.94543046 -0.24055937 0 0.12257981 0.21787295 0.9682487 0 0 0 0 1 0.9804504 -0.17924908 -0.08115947 7.079994 0.1273843 0.8925887 -0.4325028 0 0.14996774 0.4137091 0.8979724 0 0 0 0 1 0.98141223 -0.14817663 -0.12195762 7.079994 0.034614723 0.76174223 -0.64695483 0 0.18876386 0.6307079 0.75271225 0 0 0 0 1 0.98208725 -0.118450865 -0.14654024 7.079994 -0.02995615 0.6696632 -0.74206054 0 0.18603031 0.733158 0.6541193 0 0 0 0 1 0.9868952 -0.09228859 -0.13236547 7.079994 -0.04221823 0.64404815 -0.7638191 0 0.15574151 0.7593976 0.63171184 0 0 0 0 1 0.9861085 -0.14077632 -0.08815959 7.079994 0.02339584 0.64317966 -0.7653578 0 0.16444671 0.7526632 0.63753855 0 0 0 0 1 0.97177935 -0.23503394 -0.020099565 7.079994 0.14319198 0.65546036 -0.74153066 0 0.18745935 0.7177261 0.6706178 0 0 0 0 1 0.94792145 -0.31658825 0.034882568 7.079994 0.24899037 0.6682832 -0.7010002 0 0.19861701 0.67317855 0.71230745 0 0 0 0 1 0.93216646 -0.3537418 0.07702239 7.079994 0.31458744 0.68617666 -0.6558935 0 0.17916597 0.6356322 0.7509136 0 0 0 0 1 0.91097695 -0.39519915 0.11806224 7.079994 0.3827534 0.703339 -0.599011 0 0.15369083 0.5908739 0.7919894 0 0 0 0 1 0.88480574 -0.44804242 0.12797183 7.079994 0.44098404 0.71646976 -0.5405591 0 0.15050545 0.53472334 0.83151615 0 0 0 0 1 0.8643737 -0.49310604 0.09851201 7.079994 0.47107962 0.7255396 -0.5016734 0 0.17590381 0.48004028 0.8594296 0 0 0 0 1 0.8523928 -0.52025473 0.052550085 7.079994 0.47855756 0.73565537 -0.4793682 0 0.21073481 0.43375826 0.87603915 0 0 0 0 1 0.8405845 -0.5415649 0.011186309 7.079994 0.47996086 0.7350755 -0.4788544 0 0.25110796 0.4078866 0.87782305 0 0 0 0 1 0.8308364 -0.55638397 -0.012154415 7.079994 0.477831 0.72439045 -0.49692655 0 0.2852865 0.40705693 0.8677075 0 0 0 0 1 0.82356334 -0.56678855 -0.02222915 7.079994 0.4754133 0.711107 -0.51798546 0 0.30939555 0.41602582 0.8551005 0 0 0 0 1 0.8235637 -0.56701565 -0.015362933 7.079994 0.47336376 0.701957 -0.53214955 0 0.31252122 0.43098682 0.846511 0 0 0 0 1 0.8314187 -0.5555889 -0.007997915 7.079994 0.46533698 0.7040818 -0.5364051 0 0.30365187 0.44225547 0.8439228 0 0 0 0 1 0.8449974 -0.5344625 0.01814279 7.079994 0.45824736 0.7061775 -0.5397432 0 0.27566049 0.4643955 0.84163415 0 0 0 0 1 0.85549015 -0.5165504 0.03622491 7.079994 0.44468996 0.6970309 -0.5624934 0 0.26530632 0.49731642 0.82600784 0 0 0 0 1 0.8621972 -0.5053021 0.03585679 7.079994 0.4269327 0.6867268 -0.5883322 0 0.2726617 0.5225668 0.8078239 0 0 0 0 1 0.869368 -0.4941643 -0.00092417 7.079994 0.38742417 0.682742 -0.6194884 0 0.30676004 0.5382053 0.7850053 0 0 0 0 1 0.8752919 -0.47770903 -0.07522088 7.079994 0.31976178 0.6884037 -0.6510397 0 0.36278987 0.545797 0.7553073 0 0 0 0 1 0.8655016 -0.4706459 -0.1714627 7.079994 0.24420524 0.6953337 -0.67592514 0 0.4373452 0.5431422 0.7167466 0 0 0 0 1 0.84652597 -0.4703312 -0.24936393 7.079994 0.1865815 0.7008432 -0.68848103 0 0.4985791 0.53629035 0.68103707 0 0 0 0 1 0.83303416 -0.4669755 -0.29662752 7.079994 0.15076171 0.7075124 -0.69043255 0 0.53228277 0.5304338 0.6597841 0 0 0 0 1 0.83063424 -0.45669922 -0.3185476 7.079994 0.12997296 0.7153071 -0.6866169 0 0.5414368 0.52892494 0.6535171 0 0 0 0 1 0.83971906 -0.44064677 -0.31733635 7.079994 0.12135352 0.7218908 -0.6812834 0 0.5292875 0.5335768 0.6596595 0 0 0 0 1 0.8588066 -0.40437 -0.31454113 7.079994 0.09802376 0.7323395 -0.6738473 0 0.50283456 0.54787195 0.6685759 0 0 0 0 1 0.8804538 -0.34531203 -0.32490104 7.079994 0.043197572 0.74082685 -0.6703055 0 0.47215998 0.57613814 0.6671805 0 0 0 0 1 0.8963511 -0.31156626 -0.31540632 7.079994 0.016225427 0.73400146 -0.67895406 0 0.44304788 0.6034636 0.6629783 0 0 0 0 1 0.90220064 -0.2970985 -0.31267637 7.079994 0.006819576 0.73466986 -0.6783905 0 0.43126273 0.60991204 0.6648457 0 0 0 0 1 0.89762664 -0.28255865 -0.3382707 7.079994 -0.009952754 0.75428724 -0.65646905 0 0.4406443 0.5926308 0.6742561 0 0 0 0 1 0.8919493 -0.274646 -0.35916016 7.079994 -0.0048450828 0.78851247 -0.6149997 0 0.4521095 0.55028874 0.70198244 0 0 0 0 1 0.90244067 -0.26305288 -0.34118038 7.079994 0.020360246 0.81709975 -0.5761367 0 0.43033284 0.5129827 0.7427398 0 0 0 0 1 0.9233197 -0.25182235 -0.28994182 7.079994 0.062501155 0.8434643 -0.53353685 0 0.37891206 0.47450337 0.7945264 0 0 0 0 1 0.9389076 -0.25012726 -0.23640811 7.079994 0.11273195 0.872507 -0.47541884 0 0.3251829 0.41972366 0.8474008 0 0 0 0 1 0.9389076 -0.25012726 -0.23640811 7.079994 0.11273195 0.872507 -0.47541884 0 0.3251829 0.41972366 0.8474008 0 0 0 0 1</float_array>
        <technique_common>
          <accessor source="#Motion_125_RArm_transform_pose_array_id" count="88" stride="16">
            <param name="TRANSFORM" type="float4x4" />
          </accessor>
        </technique_common>
      </source>
      <sampler id="Motion_125_RArm_transform_samp_id">
        <input semantic="INPUT" source="#Motion_125_RArm_transform_frame_id" />
        <input semantic="INTERPOLATION" source="#Motion_125_RArm_transform_interp_id" />
        <input semantic="OUTPUT" source="#Motion_125_RArm_transform_pose_id" />
      </sampler>
      <channel source="#Motion_125_RArm_transform_samp_id" target="RArm_bone_id/transform" />
    </animation>
    <animation id="Motion_125_RForeArm_transform_id" name="Motion_125_RForeArm_transform">
      <source id="Motion_125_RForeArm_transform_frame_id" name="Motion_125_RForeArm_transform_frame">
        <float_array id="Motion_125_RForeArm_transform_frame_array_id" count="88">0 0.033333335 0.06666667 0.1 0.13333334 0.16666667 0.2 0.23333333 0.26666668 0.3 0.33333334 0.36666667 0.4 0.43333334 0.46666667 0.5 0.53333336 0.56666666 0.6 0.6333333 0.6666667 0.7 0.73333335 0.76666665 0.8 0.8333333 0.8666667 0.9 0.93333334 0.96666664 1 1.0333333 1.0666667 1.1 1.1333333 1.1666666 1.2 1.2333333 1.2666667 1.3 1.3333334 1.3666667 1.4 1.4333333 1.4666667 1.5 1.5333333 1.5666667 1.6 1.6333333 1.6666666 1.7 1.7333333 1.7666667 1.8 1.8333334 1.8666667 1.9 1.9333333 1.9666667 2 2.0333333 2.0666666 2.1 2.1333334 2.1666667 2.2 2.2333333 2.2666667 2.3 2.3333333 2.3666666 2.4 2.4333334 2.4666667 2.5 2.5333333 2.5666666 2.6 2.6333334 2.6666667 2.7 2.7333333 2.7666667 2.8 2.8333333 2.8666666 2.9</float_array>
        <technique_common>
          <accessor source="#Motion_125_RForeArm_transform_frame_array_id" count="88" stride="1">
            <param name="TIME" type="float" />
          </accessor>
        </technique_common>
      </source>
      <source id="Motion_125_RForeArm_transform_interp_id" name="Motion_125_RForeArm_transform_interp">
        <Name_array id="Motion_125_RForeArm_transform_interp_array_id" count="88">LINEAR LINEAR LINEAR LINEAR LINEAR LINEAR LINEAR LINEAR LINEAR LINEAR LINEAR LINEAR LINEAR LINEAR LINEAR LINEAR LINEAR LINEAR LINEAR LINEAR LINEAR LINEAR LINEAR LINEAR LINEAR LINEAR LINEAR LINEAR LINEAR LINEAR LINEAR LINEAR LINEAR LINEAR LINEAR LINEAR LINEAR LINEAR LINEAR LINEAR LINEAR LINEAR LINEAR LINEAR LINEAR LINEAR LINEAR LINEAR LINEAR LINEAR LINEAR LINEAR LINEAR LINEAR LINEAR LINEAR LINEAR LINEAR LINEAR LINEAR LINEAR LINEAR LINEAR LINEAR LINEAR LINEAR LINEAR LINEAR LINEAR LINEAR LINEAR LINEAR LINEAR LINEAR LINEAR LINEAR LINEAR LINEAR LINEAR LINEAR LINEAR LINEAR LINEAR LINEAR LINEAR LINEAR LINEAR LINEAR</Name_array>
        <technique_common>
          <accessor source="#Motion_125_RForeArm_transform_interp_array_id" count="88" stride="1">
            <param name="INTERPOLATION" type="Name" />
          </accessor>
        </technique_common>
      </source>
      <source id="Motion_125_RForeArm_transform_pose_id" name="Motion_125_RForeArm_transform_pose">
        <float_array id="Motion_125_RForeArm_transform_pose_array_id" count="1408">0.33388424 -1.7484528E-07 -0.9426141 14.90003 5.8379232E-08 1 -1.6481121E-07 0 0.9426141 -1.2150281E-12 0.33388424 0 0 0 0 1 0.42444837 -1.7636864E-07 -0.90545213 14.90003 6.7034755E-08 1 -1.6336132E-07 0 0.90545213 8.641692E-09 0.42444837 0 0 0 0 1 0.53898335 -1.7751992E-07 -0.8423164 14.90003 7.849969E-08 1 -1.605215E-07 0 0.8423164 2.039684E-08 0.53898335 0 0 0 0 1 0.61044616 -1.7771417E-07 -0.79205775 14.90003 8.6044324E-08 1 -1.5805506E-07 0 0.79205775 2.8332032E-08 0.61044616 0 0 0 0 1 0.5919389 -1.777079E-07 -0.8059828 14.90003 8.40557E-08 1 -1.5875284E-07 0 0.8059828 2.622454E-08 0.5919389 0 0 0 0 1 0.50561225 -1.7728304E-07 -0.86276084 14.90003 7.508861E-08 1 -1.6147851E-07 0 0.86276084 1.686201E-08 0.50561225 0 0 0 0 1 0.43919802 -1.7656828E-07 -0.8983903 14.90003 6.8475345E-08 1 -1.6306281E-07 0 0.8983903 1.0099271E-08 0.43919802 0 0 0 0 1 0.37595725 -1.7561479E-07 -0.926637 14.90003 6.2362034E-08 1 -1.6421676E-07 0 0.926637 3.951513E-09 0.37595725 0 0 0 0 1 0.3165971 -1.7449938E-07 -0.9485601 14.90003 5.676018E-08 1 -1.6501775E-07 0 0.9485601 -1.5962911E-09 0.3165971 0 0 0 0 1 0.2615924 -1.7328793E-07 -0.96517843 14.90003 5.1669694E-08 1 -1.6553575E-07 0 0.96517843 -6.567589E-09 0.2615924 0 0 0 0 1 0.21125633 -1.7203668E-07 -0.9774307 14.90003 4.7084526E-08 1 -1.6583249E-07 0 0.9774307 -1.0988693E-08 0.21125633 0 0 0 0 1 0.16577232 -1.7079265E-07 -0.98616403 14.90003 4.299416E-08 1 -1.6596164E-07 0 0.98616403 -1.4887441E-08 0.16577232 0 0 0 0 1 0.1252197 -1.6959476E-07 -0.9921291 14.90003 3.9384823E-08 1 -1.6596934E-07 0 0.9921291 -1.829219E-08 0.1252197 0 0 0 0 1 0.08959979 -1.6847446E-07 -0.9959779 14.90003 3.6240756E-08 1 -1.6589453E-07 0 0.9959779 -2.123086E-08 0.08959979 0 0 0 0 1 0.058855116 -1.6745658E-07 -0.9982665 14.90003 3.3544865E-08 1 -1.6576965E-07 0 0.9982665 -2.373033E-08 0.058855116 0 0 0 0 1 0.03288561 -1.6656014E-07 -0.99945915 14.90003 3.127952E-08 1 -1.6562106E-07 0 0.99945915 -2.5816057E-08 0.03288561 0 0 0 0 1 0.011628568 -1.6580137E-07 -0.99993235 14.90003 2.9432705E-08 1 -1.6547031E-07 0 0.99993235 -2.7506537E-08 0.011628568 0 0 0 0 1 -0.0064007044 -1.6514014E-07 -0.9999795 14.90003 2.7871252E-08 1 -1.6532192E-07 0 0.9999795 -2.8928845E-08 -0.0064007044 0 0 0 0 1 -0.00020837784 -1.6536907E-07 -0.99999994 14.90003 2.8407051E-08 1 -1.6537498E-07 0 0.99999994 -2.8441512E-08 -0.00020837784 0 0 0 0 1 0.0743047 -1.6797394E-07 -0.9972356 14.90003 3.489761E-08 1 -1.6583932E-07 0 0.9972356 -2.2478503E-08 0.0743047 0 0 0 0 1 0.18831354 -1.7142243E-07 -0.9821089 14.90003 4.5015398E-08 1 -1.6591378E-07 0 0.9821089 -1.2966218E-08 0.18831354 0 0 0 0 1 0.27385902 -1.7357246E-07 -0.9617699 14.90003 5.2797297E-08 1 -1.6543817E-07 0 0.9617699 -5.47211E-09 0.27385902 0 0 0 0 1 0.33479482 -1.7486302E-07 -0.942291 14.90003 5.8464764E-08 1 -1.6479973E-07 0 0.942291 8.32685E-11 0.33479482 0 0 0 0 1 0.3821439 -1.7571907E-07 -0.9241028 14.90003 6.295306E-08 1 -1.6411803E-07 0 0.9241028 4.54159E-09 0.3821439 0 0 0 0 1 0.42655355 -1.76398E-07 -0.90446234 14.90003 6.723979E-08 1 -1.6331984E-07 0 0.90446234 8.848808E-09 0.42655355 0 0 0 0 1 0.485062 -1.7709526E-07 -0.8744798 14.90003 7.301877E-08 1 -1.6201247E-07 0 0.8744798 1.4732656E-08 0.485062 0 0 0 0 1 0.55013645 -1.7757934E-07 -0.8350748 14.90003 7.96545E-08 1 -1.6017549E-07 0 0.8350748 2.1600918E-08 0.55013645 0 0 0 0 1 0.6085882 -1.7771502E-07 -0.7934862 14.90003 8.5843496E-08 1 -1.5812711E-07 0 0.7934862 2.8118684E-08 0.6085882 0 0 0 0 1 0.6444434 -1.776369E-07 -0.76465195 14.90003 8.976976E-08 1 -1.5665346E-07 0 0.76465195 3.231166E-08 0.6444434 0 0 0 0 1 0.649166 -1.7761651E-07 -0.7606468 14.90003 9.029527E-08 1 -1.5644568E-07 0 0.7606468 3.2876393E-08 0.649166 0 0 0 0 1 0.6026944 -1.777155E-07 -0.79797214 14.90003 8.5208185E-08 1 -1.5835268E-07 0 0.79797214 2.7444514E-08 0.6026944 0 0 0 0 1 0.48356366 -1.7708038E-07 -0.87530917 14.90003 7.286872E-08 1 -1.6204983E-07 0 0.87530917 1.4578745E-08 0.48356366 0 0 0 0 1 0.31241947 -1.7441323E-07 -0.94994426 14.90003 5.6370357E-08 1 -1.6506445E-07 0 0.94994426 -1.9793518E-09 0.31241947 0 0 0 0 1 0.122321844 -1.69506E-07 -0.99249053 14.90003 3.9128174E-08 1 -1.6596609E-07 0 0.99249053 -1.8533058E-08 0.122321844 0 0 0 0 1 -0.045865178 -1.6363583E-07 -0.9989477 14.90003 2.4467788E-08 1 -1.649316E-07 0 0.9989477 -3.200664E-08 -0.045865178 0 0 0 0 1 -0.098578095 -1.615031E-07 -0.9951293 14.90003 1.994892E-08 1 -1.6426972E-07 0 0.9951293 -3.6045165E-08 -0.098578095 0 0 0 0 1 -0.14484882 -1.5951231E-07 -0.9894538 14.90003 1.6003554E-08 1 -1.635553E-07 0 0.9894538 -3.9525574E-08 -0.14484882 0 0 0 0 1 -0.18482423 -1.5770053E-07 -0.98277164 14.90003 1.2607636E-08 1 -1.6283612E-07 0 0.98277164 -4.2486477E-08 -0.18482423 0 0 0 0 1 -0.21868241 -1.5609729E-07 -0.97579604 14.90003 9.738436E-09 1 -1.6215162E-07 0 0.97579604 -4.4962448E-08 -0.21868241 0 0 0 0 1 -0.1630776 -1.5869685E-07 -0.9866132 14.90003 1.4453725E-08 1 -1.6323918E-07 0 0.9866132 -4.088089E-08 -0.1630776 0 0 0 0 1 0.12313682 -1.6953099E-07 -0.99238974 14.90003 3.920033E-08 1 -1.6596704E-07 0 0.99238974 -1.846535E-08 0.12313682 0 0 0 0 1 0.3536417 -1.752196E-07 -0.93538094 14.90003 6.02418E-08 1 -1.6454854E-07 0 0.93538094 1.8421886E-09 0.3536417 0 0 0 0 1 0.47393882 -1.7698086E-07 -0.8805578 14.90003 7.1907536E-08 1 -1.6228473E-07 0 0.8805578 1.3594303E-08 0.47393882 0 0 0 0 1 0.5760821 -1.7767721E-07 -0.8173918 14.90003 8.237203E-08 1 -1.5931667E-07 0 0.8173918 2.4449264E-08 0.5760821 0 0 0 0 1 0.6468208 -1.7762696E-07 -0.762642 14.90003 9.0034064E-08 1 -1.5654928E-07 0 0.762642 3.2595572E-08 0.6468208 0 0 0 0 1 0.6944748 -1.7728854E-07 -0.719517 14.90003 9.5449415E-08 1 -1.54272E-07 0 0.719517 3.846054E-08 0.6944748 0 0 0 0 1 0.71192765 -1.7709243E-07 -0.7022528 14.90003 9.749513E-08 1 -1.533393E-07 0 0.7022528 4.0700254E-08 0.71192765 0 0 0 0 1 0.6900203 -1.7733205E-07 -0.72379 14.90003 9.493306E-08 1 -1.5450107E-07 0 0.72379 3.7897284E-08 0.6900203 0 0 0 0 1 0.6059518 -1.7771565E-07 -0.7955014 14.90003 8.5558966E-08 1 -1.5822857E-07 0 0.7955014 2.7816604E-08 0.6059518 0 0 0 0 1 0.47792554 -1.7702288E-07 -0.8784004 14.90003 7.230511E-08 1 -1.6218848E-07 0 0.8784004 1.4001188E-08 0.47792554 0 0 0 0 1 0.32339925 -1.746375E-07 -0.9462626 14.90003 5.7396083E-08 1 -1.6493905E-07 0 0.9462626 -9.706085E-10 0.32339925 0 0 0 0 1 0.13726437 -1.6995921E-07 -0.9905345 14.90003 4.04534E-08 1 -1.6597747E-07 0 0.9905345 -1.7287675E-08 0.13726437 0 0 0 0 1 -0.034362197 -1.640824E-07 -0.9994095 14.90003 2.5457872E-08 1 -1.6505467E-07 0 0.9994095 -3.1114475E-08 -0.034362197 0 0 0 0 1 -0.08646798 -1.6200568E-07 -0.9962546 14.90003 2.0984615E-08 1 -1.6443605E-07 0 0.9962546 -3.5124472E-08 -0.08646798 0 0 0 0 1 -0.029267192 -1.6427805E-07 -0.9995716 14.90003 2.5896902E-08 1 -1.6510671E-07 0 0.9995716 -3.0718027E-08 -0.029267192 0 0 0 0 1 -0.004005909 -1.652289E-07 -0.999992 14.90003 2.8078396E-08 1 -1.6534271E-07 0 0.999992 -2.8740516E-08 -0.004005909 0 0 0 0 1 0.074986935 -1.6799652E-07 -0.9971845 14.90003 3.495743E-08 1 -1.658421E-07 0 0.9971845 -2.2423023E-08 0.074986935 0 0 0 0 1 0.23423791 -1.7262452E-07 -0.9721793 14.90003 4.916987E-08 1 -1.6571745E-07 0 0.9721793 -8.984628E-09 0.23423791 0 0 0 0 1 0.3158298 -1.7448363E-07 -0.9488159 14.90003 5.6688542E-08 1 -1.6502642E-07 0 0.9488159 -1.666713E-09 0.3158298 0 0 0 0 1 0.37516207 -1.7560124E-07 -0.9269593 14.90003 6.228619E-08 1 -1.6422926E-07 0 0.9269593 3.87584E-09 0.37516207 0 0 0 0 1 0.42692488 -1.7640318E-07 -0.9042871 14.90003 6.7275984E-08 1 -1.6331249E-07 0 0.9042871 8.885365E-09 0.42692488 0 0 0 0 1 0.47437567 -1.7698554E-07 -0.8803225 14.90003 7.1951085E-08 1 -1.6227428E-07 0 0.8803225 1.3638811E-08 0.47437567 0 0 0 0 1 0.54888755 -1.7757318E-07 -0.8358962 14.90003 7.952479E-08 1 -1.6021491E-07 0 0.8358962 2.1465489E-08 0.54888755 0 0 0 0 1 0.63579607 -1.7766797E-07 -0.77185714 14.90003 8.881275E-08 1 -1.5702543E-07 0 0.77185714 3.1285396E-08 0.63579607 0 0 0 0 1 0.712672 -1.7708312E-07 -0.70149744 14.90003 9.75832E-08 1 -1.5329823E-07 0 0.70149744 4.079699E-08 0.712672 0 0 0 0 1 0.75456023 -1.7642306E-07 -0.65623075 14.90003 1.0266105E-07 1 -1.5079925E-07 0 0.65623075 4.6417792E-08 0.75456023 0 0 0 0 1 0.75358284 -1.764417E-07 -0.6573529 14.90003 1.025396E-07 1 -1.5086206E-07 0 0.6573529 4.628236E-08 0.75358284 0 0 0 0 1 0.7387651 -1.7670482E-07 -0.67396295 14.90003 1.00716846E-07 1 -1.5178686E-07 0 0.67396295 4.4255415E-08 0.7387651 0 0 0 0 1 0.7107722 -1.7710671E-07 -0.70342225 14.90003 9.735855E-08 1 -1.5340284E-07 0 0.70342225 4.0550304E-08 0.7107722 0 0 0 0 1 0.67094964 -1.7748974E-07 -0.74150294 14.90003 9.274689E-08 1 -1.5544275E-07 0 0.74150294 3.5522177E-08 0.67094964 0 0 0 0 1 0.62085414 -1.7770309E-07 -0.78392607 14.90003 8.7174485E-08 1 -1.5764297E-07 0 0.78392607 2.9534952E-08 0.62085414 0 0 0 0 1 0.56261104 -1.776336E-07 -0.8267217 14.90003 8.09555E-08 1 -1.5977218E-07 0 0.8267217 2.2961927E-08 0.56261104 0 0 0 0 1 0.49907464 -1.7722671E-07 -0.866559 14.90003 7.442772E-08 1 -1.6165284E-07 0 0.866559 1.618082E-08 0.49907464 0 0 0 0 1 0.43320197 -1.7648884E-07 -0.90129685 14.90003 6.788858E-08 1 -1.6318637E-07 0 0.90129685 9.504909E-09 0.43320197 0 0 0 0 1 0.36935127 -1.755009E-07 -0.9292899 14.90003 6.1732514E-08 1 -1.6431892E-07 0 0.9292899 3.3240042E-09 0.36935127 0 0 0 0 1 0.31173682 -1.7439906E-07 -0.9501685 14.90003 5.6306714E-08 1 -1.6507198E-07 0 0.9501685 -2.0418582E-09 0.31173682 0 0 0 0 1 0.27003986 -1.7348475E-07 -0.96284914 14.90003 5.2445785E-08 1 -1.6546963E-07 0 0.96284914 -5.8139804E-09 0.27003986 0 0 0 0 1 0.19984168 -1.7173448E-07 -0.97982824 14.90003 4.6053557E-08 1 -1.6587711E-07 0 0.97982824 -1.1975409E-08 0.19984168 0 0 0 0 1 0.11427063 -1.6925715E-07 -0.9934497 14.90003 3.8415905E-08 1 -1.659544E-07 0 0.9934497 -1.9200542E-08 0.11427063 0 0 0 0 1 0.010790348 -1.6577101E-07 -0.9999419 14.90003 2.9360024E-08 1 -1.6546383E-07 0 0.9999419 -2.7572888E-08 0.010790348 0 0 0 0 1 -0.10262859 -1.613333E-07 -0.99471974 14.90003 1.960283E-08 1 -1.642122E-07 0 0.99471974 -3.6352198E-08 -0.10262859 0 0 0 0 1 -0.20611238 -1.5669997E-07 -0.97852826 14.90003 1.0802999E-08 1 -1.624139E-07 0 0.97852826 -4.4046555E-08 -0.20611238 0 0 0 0 1 -0.26292372 -1.539041E-07 -0.96481663 14.90003 5.996256E-09 1 -1.6115047E-07 0 0.96481663 -4.8155567E-08 -0.26292372 0 0 0 0 1 -0.22735345 -1.5567636E-07 -0.97381234 14.90003 9.004474E-09 1 -1.6196503E-07 0 0.97381234 -4.559197E-08 -0.22735345 0 0 0 0 1 -0.08929658 -1.6188895E-07 -0.99600506 14.90003 2.0742576E-08 1 -1.6439796E-07 0 0.99600506 -3.5339887E-08 -0.08929658 0 0 0 0 1 0.1045959 -1.6895382E-07 -0.9945148 14.90003 3.75616E-08 1 -1.6593522E-07 0 0.9945148 -1.9999419E-08 0.1045959 0 0 0 0 1 0.24864632 -1.7297891E-07 -0.9685943 14.90003 5.0484132E-08 1 -1.6562788E-07 0 0.9685943 -7.715876E-09 0.24864632 0 0 0 0 1 0.24864632 -1.7297891E-07 -0.9685943 14.90003 5.0484132E-08 1 -1.6562788E-07 0 0.9685943 -7.715876E-09 0.24864632 0 0 0 0 1</float_array>
        <technique_common>
          <accessor source="#Motion_125_RForeArm_transform_pose_array_id" count="88" stride="16">
            <param name="TRANSFORM" type="float4x4" />
          </accessor>
        </technique_common>
      </source>
      <sampler id="Motion_125_RForeArm_transform_samp_id">
        <input semantic="INPUT" source="#Motion_125_RForeArm_transform_frame_id" />
        <input semantic="INTERPOLATION" source="#Motion_125_RForeArm_transform_interp_id" />
        <input semantic="OUTPUT" source="#Motion_125_RForeArm_transform_pose_id" />
      </sampler>
      <channel source="#Motion_125_RForeArm_transform_samp_id" target="RForeArm_bone_id/transform" />
    </animation>
    <animation id="Motion_125_RHand_transform_id" name="Motion_125_RHand_transform">
      <source id="Motion_125_RHand_transform_frame_id" name="Motion_125_RHand_transform_frame">
        <float_array id="Motion_125_RHand_transform_frame_array_id" count="88">0 0.033333335 0.06666667 0.1 0.13333334 0.16666667 0.2 0.23333333 0.26666668 0.3 0.33333334 0.36666667 0.4 0.43333334 0.46666667 0.5 0.53333336 0.56666666 0.6 0.6333333 0.6666667 0.7 0.73333335 0.76666665 0.8 0.8333333 0.8666667 0.9 0.93333334 0.96666664 1 1.0333333 1.0666667 1.1 1.1333333 1.1666666 1.2 1.2333333 1.2666667 1.3 1.3333334 1.3666667 1.4 1.4333333 1.4666667 1.5 1.5333333 1.5666667 1.6 1.6333333 1.6666666 1.7 1.7333333 1.7666667 1.8 1.8333334 1.8666667 1.9 1.9333333 1.9666667 2 2.0333333 2.0666666 2.1 2.1333334 2.1666667 2.2 2.2333333 2.2666667 2.3 2.3333333 2.3666666 2.4 2.4333334 2.4666667 2.5 2.5333333 2.5666666 2.6 2.6333334 2.6666667 2.7 2.7333333 2.7666667 2.8 2.8333333 2.8666666 2.9</float_array>
        <technique_common>
          <accessor source="#Motion_125_RHand_transform_frame_array_id" count="88" stride="1">
            <param name="TIME" type="float" />
          </accessor>
        </technique_common>
      </source>
      <source id="Motion_125_RHand_transform_interp_id" name="Motion_125_RHand_transform_interp">
        <Name_array id="Motion_125_RHand_transform_interp_array_id" count="88">LINEAR LINEAR LINEAR LINEAR LINEAR LINEAR LINEAR LINEAR LINEAR LINEAR LINEAR LINEAR LINEAR LINEAR LINEAR LINEAR LINEAR LINEAR LINEAR LINEAR LINEAR LINEAR LINEAR LINEAR LINEAR LINEAR LINEAR LINEAR LINEAR LINEAR LINEAR LINEAR LINEAR LINEAR LINEAR LINEAR LINEAR LINEAR LINEAR LINEAR LINEAR LINEAR LINEAR LINEAR LINEAR LINEAR LINEAR LINEAR LINEAR LINEAR LINEAR LINEAR LINEAR LINEAR LINEAR LINEAR LINEAR LINEAR LINEAR LINEAR LINEAR LINEAR LINEAR LINEAR LINEAR LINEAR LINEAR LINEAR LINEAR LINEAR LINEAR LINEAR LINEAR LINEAR LINEAR LINEAR LINEAR LINEAR LINEAR LINEAR LINEAR LINEAR LINEAR LINEAR LINEAR LINEAR LINEAR LINEAR</Name_array>
        <technique_common>
          <accessor source="#Motion_125_RHand_transform_interp_array_id" count="88" stride="1">
            <param name="INTERPOLATION" type="Name" />
          </accessor>
        </technique_common>
      </source>
      <source id="Motion_125_RHand_transform_pose_id" name="Motion_125_RHand_transform_pose">
        <float_array id="Motion_125_RHand_transform_pose_array_id" count="1408">0.99806744 0.016184898 -0.059995756 14.9 -0.062140368 0.2579422 -0.96415997 0 -0.00012939237 0.96602476 0.25844944 0 0 0 0 1 0.9977007 0.060099218 -0.031326853 14.9 -0.047559742 0.291543 -0.95537466 0 -0.048284143 0.95466787 0.29373097 0 0 0 0 1 0.9964681 0.08383007 -0.004875537 14.9 -0.035810385 0.37171727 -0.927655 0 -0.07595307 0.9245533 0.3734064 0 0 0 0 1 0.9956726 0.091172084 0.017994795 14.9 -0.025948089 0.45868367 -0.8882206 0 -0.08923486 0.88391 0.45906448 0 0 0 0 1 0.995261 0.09077212 0.03486961 14.9 -0.017168384 0.51699734 -0.85581475 0 -0.09571162 0.85116047 0.5161058 0 0 0 0 1 0.9954731 0.08665472 0.039041616 14.9 -0.012079366 0.52279544 -0.8523726 0 -0.09427289 0.8480424 0.5214755 0 0 0 0 1 0.99616796 0.0838388 0.02490845 14.9 -0.022034092 0.5161828 -0.85619503 0 -0.08463967 0.8523652 0.516052 0 0 0 0 1 0.99381816 0.101602554 -0.04474755 14.9 -0.09034391 0.50587463 -0.85786295 0 -0.06452441 0.85660243 0.51192665 0 0 0 0 1 0.9827108 0.12314193 -0.1382593 14.9 -0.18155248 0.4944718 -0.8500214 0 -0.036307927 0.8604265 0.50827944 0 0 0 0 1 0.9685073 0.11331479 -0.22170568 14.9 -0.24855633 0.49225825 -0.8342072 0 0.014608435 0.8630421 0.5049208 0 0 0 0 1 0.964269 0.0673268 -0.25622737 14.9 -0.254682 0.50191855 -0.8265681 0 0.07295509 0.8622905 0.5011314 0 0 0 0 1 0.96504205 0.00902167 -0.26193985 14.9 -0.2293545 0.51275826 -0.8273303 0 0.12684792 0.85848564 0.4969024 0 0 0 0 1 0.9640552 -0.05772891 -0.2593549 14.9 -0.19249016 0.5211067 -0.8315018 0 0.18315329 0.8515369 0.49126345 0 0 0 0 1 0.9603648 -0.11208527 -0.25521815 14.9 -0.16101013 0.5243432 -0.83614594 0 0.22754154 0.8440978 0.48551387 0 0 0 0 1 0.9567834 -0.13984749 -0.2549671 14.9 -0.1471973 0.52325225 -0.8393688 0 0.25079572 0.8406246 0.4800539 0 0 0 0 1 0.9542502 -0.14681321 -0.26048502 14.9 -0.15330112 0.507735 -0.847764 0 0.25672033 0.84891164 0.4619996 0 0 0 0 1 0.9515258 -0.14406735 -0.27174115 14.9 -0.17271525 0.48077327 -0.8596665 0 0.25449574 0.8649288 0.43258554 0 0 0 0 1 0.9473171 -0.1407943 -0.28769305 14.9 -0.19855466 0.4466607 -0.8723935 0 0.2513292 0.883556 0.39517397 0 0 0 0 1 0.9426643 -0.13515976 -0.3051488 14.9 -0.22722763 0.40975237 -0.88344246 0 0.24444132 0.9021279 0.3555469 0 0 0 0 1 0.9394687 -0.12445814 -0.3192315 14.9 -0.25340784 0.37470496 -0.8918412 0 0.23061454 0.9187527 0.32048494 0 0 0 0 1 0.93893075 -0.10668188 -0.32715136 14.9 -0.27327648 0.34658623 -0.89732826 0 0.20911483 0.93193185 0.2962668 0 0 0 0 1 0.9420981 -0.08221288 -0.32510337 14.9 -0.28204638 0.33013517 -0.900811 0 0.18138632 0.94034654 0.2878319 0 0 0 0 1 0.9552516 -0.062120892 -0.28919783 14.9 -0.2541052 0.32811844 -0.909818 0 0.15140986 0.9425917 0.29765046 0 0 0 0 1 0.9785111 -0.029923618 -0.20401144 14.9 -0.18209219 0.33879405 -0.9230715 0 0.09673949 0.9403846 0.32606488 0 0 0 0 1 0.99444455 -0.008743677 -0.10489781 14.9 -0.09402037 0.374309 -0.9225253 0 0.047330454 0.9272628 0.3714075 0 0 0 0 1 0.9990886 -0.008418911 -0.041845955 14.9 -0.034061693 0.43358535 -0.9004685 0 0.025724756 0.90107316 0.4329034 0 0 0 0 1 0.9990716 -0.022269465 -0.036878884 14.9 -0.020851996 0.49911398 -0.8662854 0 0.037698485 0.8662501 0.49818623 0 0 0 0 1 0.9981506 -0.04430443 -0.041623697 14.9 -0.010522371 0.5484586 -0.83611155 0 0.05987232 0.83500326 0.546978 0 0 0 0 1 0.99739975 -0.05564682 -0.045794547 14.9 -0.0060687717 0.5683301 -0.8227782 0 0.071811415 0.8209168 0.5665146 0 0 0 0 1 0.99967474 -0.013466094 -0.02165773 14.9 -0.010233149 0.5660614 -0.8242996 0 0.0233597 0.8242531 0.5657395 0 0 0 0 1 0.9952209 0.090952545 0.035539202 14.9 -0.02143265 0.5585288 -0.82920825 0 -0.09526827 0.82448363 0.5578089 0 0 0 0 1 0.9696249 0.22245504 0.10169228 14.9 -0.036537126 0.54281855 -0.8390549 0 -0.24185243 0.809853 0.5344582 0 0 0 0 1 0.92558914 0.34611562 0.15326035 14.9 -0.052678853 0.51872444 -0.8533171 0 -0.37484622 0.7817474 0.49835867 0 0 0 0 1 0.8881575 0.42656818 0.17092653 14.9 -0.06828958 0.49033666 -0.86885357 0 -0.45443684 0.7600063 0.4646263 0 0 0 0 1 0.89129823 0.4311708 0.14028266 14.9 -0.0860624 0.46464044 -0.8813073 0 -0.44517496 0.7734346 0.45124078 0 0 0 0 1 0.94549525 0.3220445 0.048229575 14.9 -0.1074366 0.44832116 -0.88739246 0 -0.30740222 0.83384377 0.4584849 0 0 0 0 1 0.9859508 0.15526557 -0.06159174 14.9 -0.122725666 0.42322403 -0.89767474 0 -0.11331086 0.89262205 0.43633312 0 0 0 0 1 0.98873323 0.02614497 -0.14738755 14.9 -0.14555903 0.39761156 -0.90593463 0 0.03491735 0.9171812 0.39693737 0 0 0 0 1 0.9844497 0.015019096 -0.1750237 14.9 -0.16888958 0.3550008 -0.9194839 0 0.048323736 0.9347453 0.352017 0 0 0 0 1 0.98206985 0.06878194 -0.1755218 14.9 -0.18803379 0.29073793 -0.9381444 0 -0.013496548 0.9543273 0.29845828 0 0 0 0 1 0.9774809 0.1279017 -0.16784582 14.9 -0.19506395 0.24420446 -0.9499023 0 -0.080505416 0.961252 0.26365423 0 0 0 0 1 0.9752339 0.17838211 -0.13076168 14.9 -0.17159699 0.23721737 -0.9561812 0 -0.13954666 0.9549387 0.26195222 0 0 0 0 1 0.9759319 0.2035198 -0.07833651 14.9 -0.12977327 0.25330806 -0.95864177 0 -0.17525929 0.9457351 0.27362287 0 0 0 0 1 0.9786943 0.20214562 -0.035979785 14.9 -0.093211964 0.28129387 -0.9550839 0 -0.18294513 0.93808895 0.29414308 0 0 0 0 1 0.9775469 0.20931667 -0.024262011 14.9 -0.08937052 0.30757225 -0.9473185 0 -0.1908272 0.9282165 0.31937307 0 0 0 0 1 0.9747785 0.22079866 -0.032478347 14.9 -0.10663818 0.33297336 -0.93688685 0 -0.19604893 0.91672057 0.34812087 0 0 0 0 1 0.97107047 0.23458222 -0.044646293 14.9 -0.13258573 0.3741635 -0.9178359 0 -0.19860296 0.8972028 0.39444143 0 0 0 0 1 0.9670958 0.24638918 -0.06338871 14.9 -0.16071442 0.39850712 -0.90297455 0 -0.19722229 0.8834503 0.42499286 0 0 0 0 1 0.9637801 0.25262028 -0.08550377 14.9 -0.18918946 0.42162514 -0.8868143 0 -0.1879767 0.8708704 0.45414704 0 0 0 0 1 0.9639559 0.24376008 -0.106630445 14.9 -0.20908636 0.44619 -0.8701709 0 -0.1645355 0.8611013 0.4810744 0 0 0 0 1 0.9709787 0.20421414 -0.12448696 14.9 -0.20840935 0.4671142 -0.85928446 0 -0.11732843 0.8602912 0.49611807 0 0 0 0 1 0.9824751 0.119136035 -0.14335029 14.9 -0.18407929 0.49933863 -0.84662604 0 -0.029283334 0.8581768 0.5125183 0 0 0 0 1 0.98586434 -0.0026413575 -0.16752462 14.9 -0.1383625 0.5510275 -0.82293653 0 0.094484344 0.8344829 0.5428729 0 0 0 0 1 0.97165513 -0.13764909 -0.19219533 14.9 -0.07743752 0.5828207 -0.8089026 0 0.22336012 0.80085754 0.55564153 0 0 0 0 1 0.94378227 -0.25826102 -0.2063401 14.9 -0.012753651 0.59528697 -0.8034119 0 0.33032158 0.76087755 0.55852747 0 0 0 0 1 0.91944814 -0.34135666 -0.19516848 14.9 0.04851374 0.591033 -0.80518717 0 0.390207 0.73085946 0.5599847 0 0 0 0 1 0.8994202 -0.4021171 -0.17130405 14.9 0.10123846 0.57292485 -0.81333125 0 0.4251988 0.71418405 0.55600995 0 0 0 0 1 0.87648696 -0.44504404 -0.18359312 14.9 0.14000116 0.600497 -0.78727573 0 0.46061948 0.66433364 0.58863443 0 0 0 0 1 0.8602587 -0.46028972 -0.21929054 14.9 0.16069861 0.6529586 -0.7401493 0 0.48387074 0.6014802 0.6356812 0 0 0 0 1 0.8605251 -0.45727634 -0.2244883 14.9 0.16240245 0.6639548 -0.7299243 0 0.4828272 0.59166074 0.64561254 0 0 0 0 1 0.8776345 -0.4321993 -0.20727125 14.9 0.15825318 0.6694357 -0.725818 0 0.4524528 0.6042016 0.6559168 0 0 0 0 1 0.90509737 -0.38664716 -0.17692584 14.9 0.14955056 0.6789799 -0.71876353 0 0.39803696 0.62409157 0.67236614 0 0 0 0 1 0.9342983 -0.32771042 -0.14033051 14.9 0.13556552 0.6906757 -0.7103444 0 0.32971013 0.64464957 0.6897233 0 0 0 0 1 0.9585562 -0.26496345 -0.104711436 14.9 0.11752171 0.7025343 -0.701879 0 0.25953564 0.66048455 0.7045576 0 0 0 0 1 0.97550845 -0.20625067 -0.07644567 14.9 0.09769401 0.7176366 -0.68953145 0 0.19707653 0.66517544 0.72020996 0 0 0 0 1 0.9879377 -0.14699043 -0.048713274 14.9 0.073687255 0.7229285 -0.6869822 0 0.13619602 0.6751061 0.7250396 0 0 0 0 1 0.996602 -0.08023696 -0.018615073 14.9 0.045072854 0.7204035 -0.692089 0 0.06894148 0.68889827 0.72157204 0 0 0 0 1 0.99990857 -0.010934397 0.007954559 14.9 0.0133691365 0.7113418 -0.7027191 0 0.0020253982 0.7027612 0.7114229 0 0 0 0 1 0.99830925 0.05257748 0.024784353 14.9 -0.018967291 0.6977124 -0.7161268 0 -0.054944497 0.71444595 0.69753003 0 0 0 0 1 0.994448 0.101810396 0.026605692 14.9 -0.050380602 0.6826165 -0.7290381 0 -0.09238514 0.7236501 0.6839558 0 0 0 0 1 0.9914083 0.1303213 0.011221465 14.9 -0.07964739 0.6695026 -0.73852736 0 -0.10375863 0.7312884 0.6741302 0 0 0 0 1 0.9900037 0.14015596 -0.015780423 14.9 -0.10578635 0.6638768 -0.7403221 0 -0.093284294 0.734591 0.67206705 0 0 0 0 1 0.98955774 0.13572185 -0.048529267 14.9 -0.1271155 0.66302335 -0.73772734 0 -0.0679497 0.73619264 0.67335224 0 0 0 0 1 0.98928034 0.12129506 -0.08131336 14.9 -0.14180593 0.6650211 -0.733238 0 -0.03486304 0.7369087 0.6750927 0 0 0 0 1 0.98891556 0.10146718 -0.1083993 14.9 -0.14847384 0.6697273 -0.72761303 0 -0.0012308732 0.7356424 0.677369 0 0 0 0 1 0.9887483 0.082402706 -0.124846384 14.9 -0.14751247 0.67567754 -0.722288 0 0.024837408 0.73257744 0.68023044 0 0 0 0 1 0.9895692 0.06800796 -0.12699494 14.9 -0.13902238 0.6818805 -0.7181307 0 0.03775678 0.7282952 0.6842226 0 0 0 0 1 0.9897281 0.03125081 -0.13950533 14.9 -0.1266099 0.64479077 -0.7538002 0 0.06639488 0.76372 0.64212424 0 0 0 0 1 0.98977435 -0.007997271 -0.1424178 14.9 -0.11484727 0.5474696 -0.82890713 0 0.084598415 0.83678734 0.5409529 0 0 0 0 1 0.9888194 -0.043538056 -0.1426206 14.9 -0.11010722 0.4318127 -0.8952174 0 0.10056141 0.9009119 0.4221909 0 0 0 0 1 0.98537946 -0.06627323 -0.15695606 14.9 -0.12509727 0.34397513 -0.9306083 0 0.115663394 0.93663704 0.3306554 0 0 0 0 1 0.9793623 -0.08451703 -0.18359277 14.9 -0.15579492 0.2629797 -0.95213956 0 0.12875319 0.9610924 0.24438506 0 0 0 0 1 0.9739701 -0.09686907 -0.20493561 14.9 -0.18144868 0.2087065 -0.96099836 0 0.13586241 0.973169 0.18569714 0 0 0 0 1 0.9738259 -0.09838148 -0.20490061 14.9 -0.18218926 0.20115238 -0.962468 0 0.13590528 0.974607 0.17796338 0 0 0 0 1 0.97951883 -0.08847367 -0.18087363 14.9 -0.15973601 0.20545053 -0.9655436 0 0.122585766 0.97466016 0.18711025 0 0 0 0 1 0.9877779 -0.06657155 -0.1409364 14.9 -0.123687 0.21544927 -0.96865016 0 0.09484919 0.9742432 0.20458198 0 0 0 0 1 0.99470186 -0.03179993 -0.0977596 14.9 -0.08775559 0.23265707 -0.96859163 0 0.0535456 0.9720388 0.22863382 0 0 0 0 1 0.99470186 -0.03179993 -0.0977596 14.9 -0.08775559 0.23265707 -0.96859163 0 0.0535456 0.9720388 0.22863382 0 0 0 0 1</float_array>
        <technique_common>
          <accessor source="#Motion_125_RHand_transform_pose_array_id" count="88" stride="16">
            <param name="TRANSFORM" type="float4x4" />
          </accessor>
        </technique_common>
      </source>
      <sampler id="Motion_125_RHand_transform_samp_id">
        <input semantic="INPUT" source="#Motion_125_RHand_transform_frame_id" />
        <input semantic="INTERPOLATION" source="#Motion_125_RHand_transform_interp_id" />
        <input semantic="OUTPUT" source="#Motion_125_RHand_transform_pose_id" />
      </sampler>
      <channel source="#Motion_125_RHand_transform_samp_id" target="RHand_bone_id/transform" />
    </animation>
    <animation id="Motion_125_LShoulder_transform_id" name="Motion_125_LShoulder_transform">
      <source id="Motion_125_LShoulder_transform_frame_id" name="Motion_125_LShoulder_transform_frame">
        <float_array id="Motion_125_LShoulder_transform_frame_array_id" count="88">0 0.033333335 0.06666667 0.1 0.13333334 0.16666667 0.2 0.23333333 0.26666668 0.3 0.33333334 0.36666667 0.4 0.43333334 0.46666667 0.5 0.53333336 0.56666666 0.6 0.6333333 0.6666667 0.7 0.73333335 0.76666665 0.8 0.8333333 0.8666667 0.9 0.93333334 0.96666664 1 1.0333333 1.0666667 1.1 1.1333333 1.1666666 1.2 1.2333333 1.2666667 1.3 1.3333334 1.3666667 1.4 1.4333333 1.4666667 1.5 1.5333333 1.5666667 1.6 1.6333333 1.6666666 1.7 1.7333333 1.7666667 1.8 1.8333334 1.8666667 1.9 1.9333333 1.9666667 2 2.0333333 2.0666666 2.1 2.1333334 2.1666667 2.2 2.2333333 2.2666667 2.3 2.3333333 2.3666666 2.4 2.4333334 2.4666667 2.5 2.5333333 2.5666666 2.6 2.6333334 2.6666667 2.7 2.7333333 2.7666667 2.8 2.8333333 2.8666666 2.9</float_array>
        <technique_common>
          <accessor source="#Motion_125_LShoulder_transform_frame_array_id" count="88" stride="1">
            <param name="TIME" type="float" />
          </accessor>
        </technique_common>
      </source>
      <source id="Motion_125_LShoulder_transform_interp_id" name="Motion_125_LShoulder_transform_interp">
        <Name_array id="Motion_125_LShoulder_transform_interp_array_id" count="88">LINEAR LINEAR LINEAR LINEAR LINEAR LINEAR LINEAR LINEAR LINEAR LINEAR LINEAR LINEAR LINEAR LINEAR LINEAR LINEAR LINEAR LINEAR LINEAR LINEAR LINEAR LINEAR LINEAR LINEAR LINEAR LINEAR LINEAR LINEAR LINEAR LINEAR LINEAR LINEAR LINEAR LINEAR LINEAR LINEAR LINEAR LINEAR LINEAR LINEAR LINEAR LINEAR LINEAR LINEAR LINEAR LINEAR LINEAR LINEAR LINEAR LINEAR LINEAR LINEAR LINEAR LINEAR LINEAR LINEAR LINEAR LINEAR LINEAR LINEAR LINEAR LINEAR LINEAR LINEAR LINEAR LINEAR LINEAR LINEAR LINEAR LINEAR LINEAR LINEAR LINEAR LINEAR LINEAR LINEAR LINEAR LINEAR LINEAR LINEAR LINEAR LINEAR LINEAR LINEAR LINEAR LINEAR LINEAR LINEAR</Name_array>
        <technique_common>
          <accessor source="#Motion_125_LShoulder_transform_interp_array_id" count="88" stride="1">
            <param name="INTERPOLATION" type="Name" />
          </accessor>
        </technique_common>
      </source>
      <source id="Motion_125_LShoulder_transform_pose_id" name="Motion_125_LShoulder_transform_pose">
        <float_array id="Motion_125_LShoulder_transform_pose_array_id" count="1408">-0.65366626 0.74731463 -0.11933394 9.530002 -0.75466233 -0.65547526 0.028919443 -3.120002 -0.056608554 0.108960524 0.9924329 -0.18505633 0 0 0 1 -0.65505517 0.745937 -0.12033592 9.530002 -0.75296235 -0.65770113 0.021841772 -3.120002 -0.06285247 0.104915984 0.9924929 -0.18505633 0 0 0 1 -0.6470194 0.75290304 -0.12042722 9.530002 -0.75975376 -0.6499475 0.01850088 -3.120002 -0.06434201 0.103465475 0.9925498 -0.18505633 0 0 0 1 -0.6345632 0.76336646 -0.12083642 9.530002 -0.7698517 -0.63811743 0.011603169 -3.120002 -0.06825036 0.10038906 0.9926046 -0.18505633 0 0 0 1 -0.61805713 0.7765679 -0.122260295 9.530002 -0.78248495 -0.6226691 0.0006186366 -3.120002 -0.0756473 0.0960492 0.99249786 -0.18505633 0 0 0 1 -0.5980345 0.79159194 -0.12544805 9.530002 -0.7966835 -0.60421705 -0.014740508 -3.120002 -0.087466314 0.09112705 0.9919907 -0.18505633 0 0 0 1 -0.57537246 0.8074793 -0.13009204 9.530002 -0.8114888 -0.58346415 -0.032491587 -3.120002 -0.10214031 0.086873464 0.9909694 -0.18505633 0 0 0 1 -0.55125 0.8232136 -0.13580456 9.530002 -0.8260273 -0.5613991 -0.050100483 -3.120002 -0.11748395 0.08456037 0.9894681 -0.18505633 0 0 0 1 -0.52643335 0.83820516 -0.14240831 9.530002 -0.83989877 -0.5387131 -0.06601764 -3.120002 -0.13205355 0.08485469 0.98760396 -0.18505633 0 0 0 1 -0.5027405 0.8517303 -0.14767303 9.530002 -0.852817 -0.516608 -0.076283835 -3.120002 -0.14126234 0.087587096 0.98609 -0.18505633 0 0 0 1 -0.4828092 0.8628513 -0.14960876 9.530002 -0.8643121 -0.49700344 -0.07714939 -3.120002 -0.14092454 0.09206022 0.98573077 -0.18505633 0 0 0 1 -0.4675548 0.87145597 -0.14817959 9.530002 -0.87401944 -0.4808271 -0.06996693 -3.120002 -0.13222185 0.09679848 0.9864824 -0.18505633 0 0 0 1 -0.45742416 0.8776449 -0.14318776 9.530002 -0.88157773 -0.46866524 -0.056336336 -3.120002 -0.116550416 0.100461535 0.9880908 -0.18505633 0 0 0 1 -0.45199788 0.8817059 -0.13524933 9.530002 -0.88689244 -0.46043658 -0.03767988 -3.120002 -0.09549634 0.10292038 0.99009484 -0.18505633 0 0 0 1 -0.455171 0.8815201 -0.12546651 9.530002 -0.8876217 -0.4603523 -0.014268126 -3.120002 -0.07033643 0.10487236 0.9919953 -0.18505633 0 0 0 1 -0.4707818 0.8746072 -0.11587438 9.530002 -0.8811754 -0.472615 0.012849301 -3.120002 -0.04352587 0.10815487 0.99318075 -0.18505633 0 0 0 1 -0.49485624 0.86181676 -0.11130633 9.530002 -0.8686403 -0.49414468 0.035847005 -3.120002 -0.02410788 0.11442429 0.9931394 -0.18505633 0 0 0 1 -0.5237056 0.8441839 -0.11439356 9.530002 -0.85162866 -0.52218175 0.04532841 -3.120002 -0.021468718 0.12115958 0.9924008 -0.18505633 0 0 0 1 -0.5562327 0.82241213 -0.119345285 9.530002 -0.830601 -0.55477977 0.048177727 -3.120002 -0.026588418 0.12592635 0.99168324 -0.18505633 0 0 0 1 -0.58758056 0.80001116 -0.121373296 9.530002 -0.80871725 -0.58560455 0.055172503 -3.120002 -0.026938125 0.13057496 0.9910724 -0.18505633 0 0 0 1 -0.6098274 0.7832881 -0.12070717 9.530002 -0.7921549 -0.607136 0.062261138 -3.120002 -0.024517257 0.13358733 0.99073374 -0.18505633 0 0 0 1 -0.6178976 0.7773261 -0.118181005 9.530002 -0.785956 -0.6148126 0.06541139 -3.120002 -0.021813199 0.1333026 0.9908353 -0.18505633 0 0 0 1 -0.6128409 0.78170377 -0.115607634 9.530002 -0.7898225 -0.6105112 0.058790114 -3.120002 -0.02462332 0.1273385 0.9915536 -0.18505633 0 0 0 1 -0.60417104 0.78874063 -0.11342633 9.530002 -0.7963387 -0.6027533 0.05033 -3.120002 -0.028670773 0.12073371 0.9922708 -0.18505633 0 0 0 1 -0.5919714 0.7980076 -0.11293295 9.530002 -0.80525637 -0.5914699 0.041540958 -3.120002 -0.033646435 0.115531035 0.99273384 -0.18505633 0 0 0 1 -0.57714987 0.8088302 -0.11265953 9.530002 -0.8158435 -0.5771605 0.0358526 -3.120002 -0.03602395 0.11260486 0.9929866 -0.18505633 0 0 0 1 -0.5605004 0.82051873 -0.11219698 9.530002 -0.8273183 -0.5608573 0.031358566 -3.120002 -0.037196215 0.11039911 0.99319106 -0.18505633 0 0 0 1 -0.5426836 0.83245796 -0.11183889 9.530002 -0.8390872 -0.5432954 0.027612906 -3.120002 -0.03777499 0.108827665 0.99334264 -0.18505633 0 0 0 1 -0.5244169 0.84409916 -0.11172855 9.530002 -0.850595 -0.52527153 0.024032295 -3.120002 -0.038402203 0.1076387 0.99344814 -0.18505633 0 0 0 1 -0.50596786 0.85501933 -0.11374743 9.530002 -0.8613932 -0.50770926 0.015261672 -3.120002 -0.04470161 0.10570318 0.99339247 -0.18505633 0 0 0 1 -0.4879595 0.86487937 -0.11781028 9.530002 -0.87108755 -0.4911214 0.0025011413 -3.120002 -0.055695962 0.103843525 0.993033 -0.18505633 0 0 0 1 -0.47176957 0.87326235 -0.121847495 9.530002 -0.8792396 -0.47629035 -0.009256318 -3.120002 -0.06611794 0.10276628 0.99250567 -0.18505633 0 0 0 1 -0.45963168 0.8795426 -0.12306045 9.530002 -0.88545775 -0.46453893 -0.0129798055 -3.120002 -0.06858264 0.10299889 0.9923143 -0.18505633 0 0 0 1 -0.45294273 0.8834736 -0.119655155 9.530002 -0.88962597 -0.45667017 -0.004232224 -3.120002 -0.058381997 0.10453138 0.9928065 -0.18505633 0 0 0 1 -0.4519019 0.8849387 -0.112551644 9.530002 -0.89122057 -0.4533615 0.013745662 -3.120002 -0.03886254 0.10652004 0.9935508 -0.18505633 0 0 0 1 -0.46548605 0.87854487 -0.10715303 9.530002 -0.884816 -0.46475232 0.033258546 -3.120002 -0.020580482 0.11029211 0.99368614 -0.18505633 0 0 0 1 -0.4947796 0.8623319 -0.10759516 9.530002 -0.8688883 -0.49304175 0.044077232 -3.120002 -0.015039708 0.11529669 0.99321723 -0.18505633 0 0 0 1 -0.52585816 0.8429926 -0.11329852 9.530002 -0.8501716 -0.52501416 0.039600253 -3.120002 -0.026100617 0.11714731 0.9927715 -0.18505633 0 0 0 1 -0.55770373 0.8210503 -0.12183132 9.530002 -0.82872117 -0.55905795 0.025988214 -3.120002 -0.046773143 0.115457915 0.9922105 -0.18505633 0 0 0 1 -0.58929694 0.7974289 -0.12975606 9.530002 -0.8049745 -0.5932231 0.010139801 -3.120002 -0.06888849 0.11042566 0.9914941 -0.18505633 0 0 0 1 -0.61410046 0.7785417 -0.12943564 9.530002 -0.7857176 -0.61854196 0.0073301457 -3.120002 -0.074354544 0.106201306 0.99156076 -0.18505633 0 0 0 1 -0.61462617 0.7789525 -0.12436727 9.530002 -0.7861322 -0.61787236 0.015150528 -3.120002 -0.06504159 0.10708104 0.99212056 -0.18505633 0 0 0 1 -0.6028445 0.7885871 -0.12127926 9.530002 -0.795434 -0.60586977 0.0143627785 -3.120002 -0.062153153 0.105128184 0.9925145 -0.18505633 0 0 0 1 -0.5841721 0.802958 -0.11832927 9.530002 -0.80983937 -0.5863346 0.019297235 -3.120002 -0.053885657 0.10710058 0.9927869 -0.18505633 0 0 0 1 -0.5631342 0.8185243 -0.11356902 9.530002 -0.82548624 -0.5635352 0.031630605 -3.120002 -0.038109723 0.11156194 0.9930265 -0.18505633 0 0 0 1 -0.5413016 0.83379996 -0.10849227 9.530002 -0.8408122 -0.5375761 0.06361814 -3.120002 -0.0052780323 0.1256582 0.9920595 -0.18505633 0 0 0 1 -0.519719 0.8479329 -0.10441184 9.530002 -0.85375553 -0.5109632 0.10008915 -3.120002 0.031518262 0.14116044 0.9894849 -0.18505633 0 0 0 1 -0.495458 0.8622811 -0.10484516 9.530002 -0.86833405 -0.48850727 0.08576948 -3.120002 0.022739775 0.13353582 0.9907831 -0.18505633 0 0 0 1 -0.47247803 0.87495553 -0.1059135 9.530002 -0.88133717 -0.46862662 0.0602851 -3.120002 0.0031129047 0.12182886 0.99254626 -0.18505633 0 0 0 1 -0.45698798 0.8834296 -0.10350862 9.530002 -0.88947266 -0.45395386 0.052576523 -3.120002 -0.00054048374 0.11609493 0.993238 -0.18505633 0 0 0 1 -0.4553554 0.885671 -0.09076363 9.530002 -0.8902124 -0.45142722 0.061115347 -3.120002 0.013154909 0.10862813 0.9939954 -0.18505633 0 0 0 1 -0.4700265 0.8794148 -0.07552984 9.530002 -0.8822621 -0.46555126 0.06982491 -3.120002 0.026242048 0.099456675 0.9946958 -0.18505633 0 0 0 1 -0.4965247 0.86528677 -0.06886244 9.530002 -0.86714655 -0.49089706 0.084123984 -3.120002 0.038987 0.101483464 0.994073 -0.18505633 0 0 0 1 -0.52863204 0.8453215 -0.07732688 9.530002 -0.8478529 -0.521399 0.09637496 -3.120002 0.04114966 0.11650874 0.99233687 -0.18505633 0 0 0 1 -0.5618279 0.82282287 -0.08551064 9.530002 -0.82631606 -0.5532633 0.10536394 -3.120002 0.03938596 0.12985522 0.99075043 -0.18505633 0 0 0 1 -0.58504796 0.8060649 -0.089319676 9.530002 -0.810159 -0.5758771 0.109579004 -3.120002 0.036890626 0.13647214 0.9899568 -0.18505633 0 0 0 1 -0.59537184 0.7983215 -0.090639435 9.530002 -0.80284953 -0.58676624 0.10553844 -3.120002 0.031069458 0.13560443 0.9902758 -0.18505633 0 0 0 1 -0.5962603 0.797351 -0.09329803 9.530002 -0.80253017 -0.5890664 0.09458108 -3.120002 0.020455573 0.13126947 0.99113566 -0.18505633 0 0 0 1 -0.5983274 0.79513174 -0.098840505 9.530002 -0.8005195 -0.5879438 0.11614738 -3.120002 0.0342398 0.14861795 0.98830175 -0.18505633 0 0 0 1 -0.59921885 0.7936185 -0.10538702 9.530002 -0.79983336 -0.5877428 0.12175767 -3.120002 0.034688678 0.15725155 0.98694915 -0.18505633 0 0 0 1 -0.5989984 0.7932282 -0.10949743 9.530002 -0.8001227 -0.58749473 0.12105122 -3.120002 0.031692076 0.16012087 0.98658854 -0.18505633 0 0 0 1 -0.59812653 0.79340506 -0.112928405 9.530002 -0.80112207 -0.58823085 0.11039767 -3.120002 0.021162096 0.15650123 0.987451 -0.18505633 0 0 0 1 -0.5964072 0.79433227 -0.11547634 9.530002 -0.80266154 -0.5891578 0.092885226 -3.120002 0.005747948 0.14808583 0.9889578 -0.18505633 0 0 0 1 -0.59367645 0.7961421 -0.1170723 9.530002 -0.8046156 -0.5894495 0.07171403 -3.120002 -0.011913661 0.13677312 0.9905307 -0.18505633 0 0 0 1 -0.59006226 0.7987359 -0.11767466 9.530002 -0.8067414 -0.58900917 0.047290225 -3.120002 -0.031539064 0.122837216 0.99192554 -0.18505633 0 0 0 1 -0.585757 0.80200595 -0.116940856 9.530002 -0.80876154 -0.5878031 0.019805431 -3.120002 -0.052854132 0.10617843 0.9929414 -0.18505633 0 0 0 1 -0.58129334 0.80567896 -0.113927156 9.530002 -0.81098163 -0.58507156 0.0003372915 -3.120002 -0.066383794 0.0925889 0.993489 -0.18505633 0 0 0 1 -0.5767838 0.8094587 -0.10998754 9.530002 -0.81380767 -0.58106875 -0.008728992 -3.120002 -0.07097608 0.08447397 0.99389464 -0.18505633 0 0 0 1 -0.5717007 0.8136556 -0.1054658 9.530002 -0.81698465 -0.5763775 -0.018034453 -3.120002 -0.075461924 0.07585363 0.99425936 -0.18505633 0 0 0 1 -0.5658977 0.8183303 -0.10047683 9.530002 -0.819731 -0.5715028 -0.037762083 -3.120002 -0.088324636 0.06099449 0.9942225 -0.18505633 0 0 0 1 -0.55964684 0.8235183 -0.09280659 9.530002 -0.82249653 -0.56565344 -0.05946058 -3.120002 -0.10146324 0.043056175 0.99390715 -0.18505633 0 0 0 1 -0.5524707 0.82942575 -0.08263997 9.530002 -0.82694334 -0.5578444 -0.070530035 -3.120002 -0.10459966 0.029372804 0.99408054 -0.18505633 0 0 0 1 -0.5421212 0.8374004 -0.06975021 9.530002 -0.83420306 -0.5463115 -0.07515848 -3.120002 -0.1010431 0.017440831 0.99472916 -0.18505633 0 0 0 1 -0.5266596 0.84826237 -0.05550415 9.530002 -0.845072 -0.52951634 -0.07393238 -3.120002 -0.0921044 0.007967811 0.99571747 -0.18505633 0 0 0 1 -0.5063993 0.8615156 -0.036754504 9.530002 -0.858471 -0.50770485 -0.072550975 -3.120002 -0.08116423 -0.0051870793 0.99668723 -0.18505633 0 0 0 1 -0.4825958 0.875707 -0.015447609 9.530002 -0.8732485 -0.48244786 -0.068418965 -3.120002 -0.06736763 -0.0195291 0.9975371 -0.18505633 0 0 0 1 -0.45721292 0.88935566 0.0016920641 9.530002 -0.8882015 -0.45652092 -0.051834606 -3.120002 -0.045326937 -0.025202349 0.99865425 -0.18505633 0 0 0 1 -0.4315766 0.90202457 0.009640818 9.530002 -0.90207356 -0.43152535 -0.0069831987 -3.120002 -0.002138758 -0.011710515 0.99992913 -0.18505633 0 0 0 1 -0.4031216 0.91512114 0.006807085 9.530002 -0.9131444 -0.40272033 0.06311711 -3.120002 0.060501147 0.019228013 0.9979829 -0.18505633 0 0 0 1 -0.3807521 0.9246576 -0.006026849 9.530002 -0.9184092 -0.3774054 0.11870054 -3.120002 0.10748279 0.05073058 0.9929118 -0.18505633 0 0 0 1 -0.38351214 0.9231178 -0.02778754 9.530002 -0.9162671 -0.37655377 0.13660921 -3.120002 0.11564289 0.07785208 0.9902352 -0.18505633 0 0 0 1 -0.43186605 0.8997014 -0.063475475 9.530002 -0.8984185 -0.4229033 0.118308745 -3.120002 0.079598546 0.108121075 0.99094594 -0.18505633 0 0 0 1 -0.4968201 0.8624799 -0.09642826 9.530002 -0.86749196 -0.49032998 0.08387213 -3.120002 0.025056373 0.12532008 0.9917999 -0.18505633 0 0 0 1 -0.54976845 0.8275515 -0.11363619 9.530002 -0.83511615 -0.54751 0.05304429 -3.120002 -0.018320076 0.124061495 0.9921054 -0.18505633 0 0 0 1 -0.5900786 0.7984249 -0.11968753 9.530002 -0.8061891 -0.5906553 0.034431744 -3.120002 -0.04320291 0.116808206 0.9922144 -0.18505633 0 0 0 1 -0.6209258 0.77477545 -0.11905335 9.530002 -0.7825374 -0.6215292 0.036556024 -3.120002 -0.045672446 0.115862295 0.9922147 -0.18505633 0 0 0 1 -0.6423845 0.7570784 -0.11905684 9.530002 -0.7646564 -0.6435771 0.03330513 -3.120002 -0.051407643 0.11243228 0.9923287 -0.18505633 0 0 0 1 -0.6423845 0.7570784 -0.11905684 9.530002 -0.7646564 -0.6435771 0.03330513 -3.120002 -0.051407643 0.11243228 0.9923287 -0.18505633 0 0 0 1</float_array>
        <technique_common>
          <accessor source="#Motion_125_LShoulder_transform_pose_array_id" count="88" stride="16">
            <param name="TRANSFORM" type="float4x4" />
          </accessor>
        </technique_common>
      </source>
      <sampler id="Motion_125_LShoulder_transform_samp_id">
        <input semantic="INPUT" source="#Motion_125_LShoulder_transform_frame_id" />
        <input semantic="INTERPOLATION" source="#Motion_125_LShoulder_transform_interp_id" />
        <input semantic="OUTPUT" source="#Motion_125_LShoulder_transform_pose_id" />
      </sampler>
      <channel source="#Motion_125_LShoulder_transform_samp_id" target="LShoulder_bone_id/transform" />
    </animation>
    <animation id="Motion_125_LArm_transform_id" name="Motion_125_LArm_transform">
      <source id="Motion_125_LArm_transform_frame_id" name="Motion_125_LArm_transform_frame">
        <float_array id="Motion_125_LArm_transform_frame_array_id" count="88">0 0.033333335 0.06666667 0.1 0.13333334 0.16666667 0.2 0.23333333 0.26666668 0.3 0.33333334 0.36666667 0.4 0.43333334 0.46666667 0.5 0.53333336 0.56666666 0.6 0.6333333 0.6666667 0.7 0.73333335 0.76666665 0.8 0.8333333 0.8666667 0.9 0.93333334 0.96666664 1 1.0333333 1.0666667 1.1 1.1333333 1.1666666 1.2 1.2333333 1.2666667 1.3 1.3333334 1.3666667 1.4 1.4333333 1.4666667 1.5 1.5333333 1.5666667 1.6 1.6333333 1.6666666 1.7 1.7333333 1.7666667 1.8 1.8333334 1.8666667 1.9 1.9333333 1.9666667 2 2.0333333 2.0666666 2.1 2.1333334 2.1666667 2.2 2.2333333 2.2666667 2.3 2.3333333 2.3666666 2.4 2.4333334 2.4666667 2.5 2.5333333 2.5666666 2.6 2.6333334 2.6666667 2.7 2.7333333 2.7666667 2.8 2.8333333 2.8666666 2.9</float_array>
        <technique_common>
          <accessor source="#Motion_125_LArm_transform_frame_array_id" count="88" stride="1">
            <param name="TIME" type="float" />
          </accessor>
        </technique_common>
      </source>
      <source id="Motion_125_LArm_transform_interp_id" name="Motion_125_LArm_transform_interp">
        <Name_array id="Motion_125_LArm_transform_interp_array_id" count="88">LINEAR LINEAR LINEAR LINEAR LINEAR LINEAR LINEAR LINEAR LINEAR LINEAR LINEAR LINEAR LINEAR LINEAR LINEAR LINEAR LINEAR LINEAR LINEAR LINEAR LINEAR LINEAR LINEAR LINEAR LINEAR LINEAR LINEAR LINEAR LINEAR LINEAR LINEAR LINEAR LINEAR LINEAR LINEAR LINEAR LINEAR LINEAR LINEAR LINEAR LINEAR LINEAR LINEAR LINEAR LINEAR LINEAR LINEAR LINEAR LINEAR LINEAR LINEAR LINEAR LINEAR LINEAR LINEAR LINEAR LINEAR LINEAR LINEAR LINEAR LINEAR LINEAR LINEAR LINEAR LINEAR LINEAR LINEAR LINEAR LINEAR LINEAR LINEAR LINEAR LINEAR LINEAR LINEAR LINEAR LINEAR LINEAR LINEAR LINEAR LINEAR LINEAR LINEAR LINEAR LINEAR LINEAR LINEAR LINEAR</Name_array>
        <technique_common>
          <accessor source="#Motion_125_LArm_transform_interp_array_id" count="88" stride="1">
            <param name="INTERPOLATION" type="Name" />
          </accessor>
        </technique_common>
      </source>
      <source id="Motion_125_LArm_transform_pose_id" name="Motion_125_LArm_transform_pose">
        <float_array id="Motion_125_LArm_transform_pose_array_id" count="1408">0.88154256 0.4705699 0.038034484 7.079999 -0.44922215 0.81131107 0.3741308 0 0.14519688 -0.34689814 0.9265957 0 0 0 0 1 0.88582385 0.4620031 0.04323494 7.079999 -0.44796097 0.82714194 0.33936292 0 0.12102528 -0.3199833 0.9396614 0 0 0 0 1 0.8851705 0.4642069 0.031385615 7.079999 -0.44908264 0.8347971 0.3184943 0 0.12164663 -0.29601648 0.94740504 0 0 0 0 1 0.8768646 0.48012346 0.02428846 7.079999 -0.46475112 0.8337022 0.29823986 0 0.1229426 -0.27280405 0.9541819 0 0 0 0 1 0.8651756 0.50014573 0.03640595 7.079999 -0.49002263 0.8277738 0.27325502 0 0.10653143 -0.2542533 0.96125245 0 0 0 0 1 0.8489368 0.5261414 0.049814448 7.079999 -0.52053607 0.8161346 0.25093126 0 0.091370046 -0.238955 0.9667223 0 0 0 0 1 0.8355714 0.5465751 0.055462316 7.079999 -0.5427726 0.80568933 0.23719744 0 0.08496083 -0.22829883 0.96987695 0 0 0 0 1 0.8379444 0.5430606 0.05416948 7.079999 -0.5400602 0.81080306 0.22568414 0 0.078639396 -0.21836555 0.9726933 0 0 0 0 1 0.8637692 0.4998568 0.06360799 7.079999 -0.5015667 0.8408105 0.20363851 0 0.048307817 -0.20780031 0.9769777 0 0 0 0 1 0.8981607 0.43146017 0.08455453 7.079999 -0.439652 0.87975866 0.1809166 0 0.0036707371 -0.19966677 0.97985697 0 0 0 0 1 0.9283984 0.35585383 0.10697922 7.079999 -0.3697553 0.9132558 0.17101136 0 -0.036844347 -0.1983228 0.979444 0 0 0 0 1 0.95182985 0.28055263 0.12373435 7.079999 -0.30045462 0.9339188 0.19370794 0 -0.061212562 -0.22155356 0.97322506 0 0 0 0 1 0.97569436 0.1751158 0.13173828 7.079999 -0.20307627 0.9484565 0.24329047 0 -0.08234401 -0.26413006 0.9609655 0 0 0 0 1 0.98636115 0.09034935 0.1375817 7.079999 -0.12899068 0.9435243 0.3051611 0 -0.10224058 -0.31874582 0.9423099 0 0 0 0 1 0.98529 0.07837993 0.15185575 7.079999 -0.12958178 0.9219905 0.36488634 0 -0.1114098 -0.37919658 0.91858464 0 0 0 0 1 0.9813783 0.08725314 0.1711243 7.079999 -0.1526157 0.89515775 0.41880912 0 -0.11664082 -0.43712646 0.8918046 0 0 0 0 1 0.976956 0.09252161 0.19234535 7.079999 -0.17456171 0.8649114 0.47059163 0 -0.122821786 -0.49332348 0.8611311 0 0 0 0 1 0.9703145 0.10213042 0.21922392 7.079999 -0.20969811 0.80687344 0.5522517 0 -0.12048426 -0.5818287 0.80433756 0 0 0 0 1 0.9625533 0.109784365 0.247868 7.079999 -0.24675018 0.73347735 0.63334453 0 -0.11227423 -0.67078936 0.73310035 0 0 0 0 1 0.95215786 0.15790698 0.2616501 7.079999 -0.29363197 0.7100183 0.6400425 0 -0.08470917 -0.68625027 0.72241604 0 0 0 0 1 0.9300472 0.2438767 0.27483884 7.079999 -0.36538327 0.6928662 0.6216362 0 -0.03882394 -0.6785725 0.7335067 0 0 0 0 1 0.8891376 0.35638243 0.28709894 7.079999 -0.4572596 0.666263 0.58907324 0 0.018651932 -0.6550459 0.7553588 0 0 0 0 1 0.848202 0.4436996 0.2892819 7.079999 -0.52653605 0.64696825 0.55153596 0 0.057560094 -0.62013125 0.78238356 0 0 0 0 1 0.8146117 0.51386267 0.26898497 7.079999 -0.573445 0.6439868 0.50640076 0 0.086997695 -0.5667681 0.8192712 0 0 0 0 1 0.80953884 0.53837234 0.23409855 7.079999 -0.58003265 0.6719554 0.46047592 0 0.09060369 -0.5085579 0.85624754 0 0 0 0 1 0.81054395 0.5503402 0.20036015 7.079999 -0.579182 0.7023818 0.41377288 0 0.086986504 -0.4514261 0.8880585 0 0 0 0 1 0.8139002 0.55531853 0.17084447 7.079999 -0.57553 0.7303153 0.3679738 0 0.07957235 -0.39782006 0.91400623 0 0 0 0 1 0.82070583 0.5522048 0.14666905 7.079999 -0.56710047 0.7560485 0.32678387 0 0.0695627 -0.35136953 0.933649 0 0 0 0 1 0.83230406 0.5391559 0.12876678 7.079999 -0.5512726 0.7807643 0.2941185 0 0.058039233 -0.31578162 0.9470551 0 0 0 0 1 0.8491852 0.5148273 0.1176319 7.079999 -0.5261125 0.8054593 0.27283853 0 0.045717034 -0.2935781 0.95484126 0 0 0 0 1 0.875489 0.46973133 0.11345274 7.079999 -0.4821102 0.83300114 0.27143848 0 0.032996885 -0.29233813 0.9557456 0 0 0 0 1 0.9225345 0.37095717 0.106399596 7.079999 -0.38566062 0.8761932 0.28905246 0 0.013999473 -0.307695 0.95138204 0 0 0 0 1 0.9675468 0.23442432 0.09433128 7.079999 -0.25262308 0.9060628 0.33945814 0 -0.005892817 -0.35227188 0.9358792 0 0 0 0 1 0.9931779 0.0921187 0.07149718 7.079999 -0.113703676 0.9010566 0.41853142 0 -0.025868436 -0.42380565 0.9053837 0 0 0 0 1 0.9992103 -0.010088093 0.03843165 7.079999 -0.011318092 0.854898 0.51867265 0 -0.038087558 -0.51869804 0.8541087 0 0 0 0 1 0.998312 -0.056630686 0.012887444 7.079999 0.03548172 0.7703632 0.63661724 0 -0.045980085 -0.6350854 0.7710722 0 0 0 0 1 0.9985948 -0.05086276 0.014877003 7.079999 0.022822907 0.6661335 0.7454832 0 -0.047827404 -0.7440962 0.66635835 0 0 0 0 1 0.99869114 -0.029221218 0.041977134 7.079999 -0.016737822 0.5888097 0.8080984 0 -0.04833016 -0.8077434 0.5875499 0 0 0 0 1 0.99526495 0.009651117 0.09671913 7.079999 -0.0838374 0.58874285 0.80396086 0 -0.049183577 -0.80826277 0.5867643 0 0 0 0 1 0.9827282 0.07376857 0.16971609 7.079999 -0.17821397 0.62432015 0.76056826 0 -0.04985115 -0.77767766 0.6266836 0 0 0 0 1 0.9120141 0.23426388 0.33667594 7.079999 -0.40703547 0.6180406 0.6725681 0 -0.050520986 -0.7504307 0.65901554 0 0 0 0 1 0.8129369 0.39630833 0.42670053 7.079999 -0.5800923 0.6155653 0.53345317 0 -0.0512501 -0.6811895 0.73031116 0 0 0 0 1 0.8019699 0.46476662 0.3752815 7.079999 -0.59512615 0.67595035 0.43464464 0 -0.051663354 -0.57191175 0.81868666 0 0 0 0 1 0.7991199 0.49662858 0.3387735 7.079999 -0.59899 0.7057234 0.3783722 0 -0.051169917 -0.50528663 0.86143315 0 0 0 0 1 0.8005251 0.5099166 0.3148722 7.079999 -0.59729 0.72183347 0.34957275 0 -0.04903233 -0.4679118 0.8824139 0 0 0 0 1 0.8056212 0.5253082 0.27390838 7.079999 -0.59217745 0.72756356 0.3463772 0 -0.01733099 -0.44125116 0.89721626 0 0 0 0 1 0.8128285 0.53757316 0.2243323 7.079999 -0.5819718 0.7330033 0.35215762 0 0.024874158 -0.4167988 0.9086584 0 0 0 0 1 0.8205439 0.54052305 0.18585613 7.079999 -0.57143223 0.7682713 0.28848618 0 0.013145514 -0.34291977 0.9392727 0 0 0 0 1 0.85744596 0.49701622 0.13327178 7.079999 -0.51423514 0.83704245 0.18687493 0 -0.018674262 -0.22876817 0.97330177 0 0 0 0 1 0.9073283 0.40908757 0.096967235 7.079999 -0.41882607 0.89959466 0.12375061 0 -0.03660637 -0.15289484 0.98756427 0 0 0 0 1 0.94319 0.3182653 0.09539318 7.079999 -0.32970753 0.93203294 0.15035787 0 -0.041055903 -0.1732679 0.9840186 0 0 0 0 1 0.98168516 0.16018265 0.10312989 7.079999 -0.18671867 0.9164464 0.3539239 0 -0.03782055 -0.36669812 0.9295709 0 0 0 0 1 0.99577063 0.052776426 0.07520291 7.079999 -0.08722909 0.8000687 0.5935328 0 -0.028842948 -0.59758246 0.80128855 0 0 0 0 1 0.99425215 0.06473035 0.08528012 7.079999 -0.105885334 0.7123727 0.69376755 0 -0.015843417 -0.69880974 0.7151321 0 0 0 0 1 0.990503 0.11097719 0.081165835 7.079999 -0.13638715 0.7184118 0.68211657 0 0.017388877 -0.6867085 0.7267249 0 0 0 0 1 0.97753996 0.19551064 0.078683995 7.079999 -0.1992854 0.7360591 0.6469175 0 0.068563186 -0.64806837 0.75848967 0 0 0 0 1 0.95142376 0.29064453 0.10158005 7.079999 -0.2922889 0.7489809 0.59463835 0 0.09674688 -0.59544384 0.79755044 0 0 0 0 1 0.92277354 0.36196685 0.13217027 7.079999 -0.3749535 0.76431805 0.5246215 0 0.088875465 -0.5336646 0.84101325 0 0 0 0 1 0.88951623 0.4182184 0.18399525 7.079999 -0.45261082 0.7514809 0.48002073 0 0.06248461 -0.51026446 0.85774463 0 0 0 0 1 0.83924305 0.4986931 0.21674025 7.079999 -0.53925776 0.712156 0.44948292 0 0.06980116 -0.49410427 0.8665961 0 0 0 0 1 0.826594 0.52021277 0.2147581 7.079999 -0.55655015 0.69886017 0.44927317 0 0.08363175 -0.49089015 0.8671981 0 0 0 0 1 0.8167172 0.5367721 0.21177527 7.079999 -0.567046 0.6785681 0.46690914 0 0.10691982 -0.50141907 0.8585727 0 0 0 0 1 0.8068903 0.55381364 0.20547125 7.079999 -0.5749282 0.656456 0.48838818 0 0.13559324 -0.5122069 0.8480911 0 0 0 0 1 0.79843754 0.5706718 0.19191462 7.079999 -0.5795119 0.6419752 0.5020298 0 0.16328979 -0.51205623 0.8432882 0 0 0 0 1 0.792205 0.5860694 0.1700996 7.079999 -0.580887 0.63876706 0.5045265 0 0.18703352 -0.49849704 0.8464745 0 0 0 0 1 0.7878805 0.60117364 0.13354595 7.079999 -0.57881343 0.64885396 0.49392667 0 0.21028389 -0.4664534 0.85918677 0 0 0 0 1 0.7851778 0.61406004 0.080162406 7.079999 -0.56989825 0.66584986 0.48151836 0 0.24230507 -0.42376193 0.8727623 0 0 0 0 1 0.78763604 0.6160418 0.011049166 7.079999 -0.55063033 0.6957315 0.46126336 0 0.27647024 -0.36939162 0.88719445 0 0 0 0 1 0.79034823 0.60888064 -0.06792696 7.079999 -0.5290177 0.7341645 0.42560875 0 0.3090145 -0.30044454 0.90235424 0 0 0 0 1 0.7937698 0.5961897 -0.120363556 7.079999 -0.5179108 0.76630485 0.3801911 0 0.31890118 -0.23944664 0.91704273 0 0 0 0 1 0.7996159 0.5874462 -0.12458468 7.079999 -0.5187005 0.7801925 0.34964195 0 0.30259588 -0.21495715 0.92856294 0 0 0 0 1 0.8110703 0.57484573 -0.10824624 7.079999 -0.51431865 0.78897053 0.3361574 0 0.27864176 -0.21697423 0.9355645 0 0 0 0 1 0.8338547 0.54536676 -0.085214674 7.079999 -0.49256137 0.8048463 0.3310676 0 0.24913797 -0.23408881 0.9397514 0 0 0 0 1 0.8677452 0.49305794 -0.06254692 7.079999 -0.44453838 0.8262444 0.34598517 0 0.2222698 -0.2724225 0.9361528 0 0 0 0 1 0.9029239 0.4278497 -0.04090371 7.079999 -0.3834765 0.84492844 0.37288296 0 0.19409856 -0.32099932 0.9269764 0 0 0 0 1 0.9318619 0.3619742 -0.024659589 7.079999 -0.32069 0.85355353 0.41061458 0 0.16968016 -0.374728 0.9114755 0 0 0 0 1 0.9525985 0.3036705 -0.018445998 7.079999 -0.26216134 0.8501268 0.45667917 0 0.15436143 -0.43019605 0.8894402 0 0 0 0 1 0.96600163 0.2582909 -0.0112525 7.079999 -0.21917015 0.84122425 0.4942734 0 0.1371322 -0.47500268 0.86923367 0 0 0 0 1 0.9722019 0.23360863 -0.015827581 7.079999 -0.19300011 0.83780503 0.5107187 0 0.13256875 -0.49346697 0.85960215 0 0 0 0 1 0.9724845 0.23217288 -0.01922391 7.079999 -0.18525603 0.82071805 0.5404647 0 0.14125866 -0.5220322 0.84114707 0 0 0 0 1 0.970357 0.23949829 -0.03237143 7.079999 -0.18323568 0.8164198 0.5476161 0 0.15758179 -0.52545154 0.83610326 0 0 0 0 1 0.9674268 0.24643978 -0.057904206 7.079999 -0.17700168 0.8220155 0.54125863 0 0.18098581 -0.5133789 0.83886003 0 0 0 0 1 0.96775585 0.23328567 -0.095007166 7.079999 -0.15181077 0.8411543 0.51905006 0 0.20100261 -0.48789066 0.84944725 0 0 0 0 1 0.9619212 0.25567353 -0.09663628 7.079999 -0.17596519 0.84982044 0.49683145 0 0.20915012 -0.4609081 0.86245 0 0 0 0 1 0.94910854 0.30793154 -0.06611465 7.079999 -0.24046397 0.84406763 0.4792983 0 0.2033963 -0.43900794 0.87515825 0 0 0 0 1 0.926476 0.3761083 -0.013594635 7.079999 -0.3312428 0.83204097 0.44495624 0 0.17866302 -0.40773815 0.8954491 0 0 0 0 1 0.89887506 0.4370698 0.03152168 7.079999 -0.41165784 0.8175753 0.40262702 0 0.15020476 -0.37488756 0.9148212 0 0 0 0 1 0.89887506 0.4370698 0.03152168 7.079999 -0.41165784 0.8175753 0.40262702 0 0.15020476 -0.37488756 0.9148212 0 0 0 0 1</float_array>
        <technique_common>
          <accessor source="#Motion_125_LArm_transform_pose_array_id" count="88" stride="16">
            <param name="TRANSFORM" type="float4x4" />
          </accessor>
        </technique_common>
      </source>
      <sampler id="Motion_125_LArm_transform_samp_id">
        <input semantic="INPUT" source="#Motion_125_LArm_transform_frame_id" />
        <input semantic="INTERPOLATION" source="#Motion_125_LArm_transform_interp_id" />
        <input semantic="OUTPUT" source="#Motion_125_LArm_transform_pose_id" />
      </sampler>
      <channel source="#Motion_125_LArm_transform_samp_id" target="LArm_bone_id/transform" />
    </animation>
    <animation id="Motion_125_LForeArm_transform_id" name="Motion_125_LForeArm_transform">
      <source id="Motion_125_LForeArm_transform_frame_id" name="Motion_125_LForeArm_transform_frame">
        <float_array id="Motion_125_LForeArm_transform_frame_array_id" count="88">0 0.033333335 0.06666667 0.1 0.13333334 0.16666667 0.2 0.23333333 0.26666668 0.3 0.33333334 0.36666667 0.4 0.43333334 0.46666667 0.5 0.53333336 0.56666666 0.6 0.6333333 0.6666667 0.7 0.73333335 0.76666665 0.8 0.8333333 0.8666667 0.9 0.93333334 0.96666664 1 1.0333333 1.0666667 1.1 1.1333333 1.1666666 1.2 1.2333333 1.2666667 1.3 1.3333334 1.3666667 1.4 1.4333333 1.4666667 1.5 1.5333333 1.5666667 1.6 1.6333333 1.6666666 1.7 1.7333333 1.7666667 1.8 1.8333334 1.8666667 1.9 1.9333333 1.9666667 2 2.0333333 2.0666666 2.1 2.1333334 2.1666667 2.2 2.2333333 2.2666667 2.3 2.3333333 2.3666666 2.4 2.4333334 2.4666667 2.5 2.5333333 2.5666666 2.6 2.6333334 2.6666667 2.7 2.7333333 2.7666667 2.8 2.8333333 2.8666666 2.9</float_array>
        <technique_common>
          <accessor source="#Motion_125_LForeArm_transform_frame_array_id" count="88" stride="1">
            <param name="TIME" type="float" />
          </accessor>
        </technique_common>
      </source>
      <source id="Motion_125_LForeArm_transform_interp_id" name="Motion_125_LForeArm_transform_interp">
        <Name_array id="Motion_125_LForeArm_transform_interp_array_id" count="88">LINEAR LINEAR LINEAR LINEAR LINEAR LINEAR LINEAR LINEAR LINEAR LINEAR LINEAR LINEAR LINEAR LINEAR LINEAR LINEAR LINEAR LINEAR LINEAR LINEAR LINEAR LINEAR LINEAR LINEAR LINEAR LINEAR LINEAR LINEAR LINEAR LINEAR LINEAR LINEAR LINEAR LINEAR LINEAR LINEAR LINEAR LINEAR LINEAR LINEAR LINEAR LINEAR LINEAR LINEAR LINEAR LINEAR LINEAR LINEAR LINEAR LINEAR LINEAR LINEAR LINEAR LINEAR LINEAR LINEAR LINEAR LINEAR LINEAR LINEAR LINEAR LINEAR LINEAR LINEAR LINEAR LINEAR LINEAR LINEAR LINEAR LINEAR LINEAR LINEAR LINEAR LINEAR LINEAR LINEAR LINEAR LINEAR LINEAR LINEAR LINEAR LINEAR LINEAR LINEAR LINEAR LINEAR LINEAR LINEAR</Name_array>
        <technique_common>
          <accessor source="#Motion_125_LForeArm_transform_interp_array_id" count="88" stride="1">
            <param name="INTERPOLATION" type="Name" />
          </accessor>
        </technique_common>
      </source>
      <source id="Motion_125_LForeArm_transform_pose_id" name="Motion_125_LForeArm_transform_pose">
        <float_array id="Motion_125_LForeArm_transform_pose_array_id" count="1408">0.17721313 -0.002400307 -0.98416954 14.9 0.0017172201 0.99999624 -0.0021296982 0 0.984171 -0.0013126254 0.17721659 0 0 0 0 1 0.23404503 -0.0022727745 -0.97222316 14.9 0.0016861554 0.9999967 -0.0019317898 0 0.97222435 -0.0011871934 0.23404807 0 0 0 0 1 0.31149173 -0.0022222002 -0.9502463 14.9 0.0017268753 0.99999696 -0.0017724731 0 0.95024735 -0.001088846 0.31149465 0 0 0 0 1 0.37858856 -0.0022204942 -0.9255624 14.9 0.0018022503 0.999997 -0.0016618829 0 0.92556334 -0.0010389254 0.37859142 0 0 0 0 1 0.42760688 -0.0022599713 -0.90396196 14.9 0.00190366 0.9999969 -0.0015995651 0 0.9039628 -0.0010368512 0.42760986 0 0 0 0 1 0.4266942 -0.0023085282 -0.90439296 14.9 0.0019928252 0.9999967 -0.0016123452 0 0.9043937 -0.0011143188 0.42669737 0 0 0 0 1 0.39061308 -0.0023655072 -0.92055184 14.9 0.0020769415 0.9999964 -0.0016883546 0 0.92055255 -0.0012524391 0.3906166 0 0 0 0 1 0.33275378 -0.0024280364 -0.94301057 14.9 0.0021588102 0.999996 -0.0018129961 0 0.94301116 -0.0014324998 0.3327577 0 0 0 0 1 0.25062847 -0.0024780182 -0.96808016 14.9 0.0022214332 0.9999956 -0.001984601 0 0.96808076 -0.0016531281 0.25063288 0 0 0 0 1 0.16454029 -0.0025239126 -0.98636717 14.9 0.0022767517 0.99999505 -0.0021789884 0 0.98636776 -0.0018871818 0.16454524 0 0 0 0 1 0.09604752 -0.0025859363 -0.99537337 14.9 0.0023465496 0.99999446 -0.002371514 0 0.99537396 -0.0021079152 0.096053064 0 0 0 0 1 0.040664375 -0.0026566451 -0.99916935 14.9 0.0024217227 0.9999938 -0.0025602777 0 0.99916995 -0.0023155988 0.040670574 0 0 0 0 1 -0.012906909 -0.0027161608 -0.9999129 14.9 0.0024808915 0.99999315 -0.0027484023 0 0.9999135 -0.0025161495 -0.012900114 0 0 0 0 1 -0.059681058 -0.0027683985 -0.9982136 14.9 0.0025282952 0.99999255 -0.0029244935 0 0.9982142 -0.0026983158 -0.059673548 0 0 0 0 1 -0.096224785 -0.0028171884 -0.9953556 14.9 0.0025680093 0.99999195 -0.00307857 0 0.9953563 -0.0028523176 -0.0962168 0 0 0 0 1 -0.1348567 -0.002837348 -0.9908611 14.9 0.002574017 0.99999154 -0.0032138182 0 0.99086183 -0.002983898 -0.13484824 0 0 0 0 1 -0.18637049 -0.002802864 -0.98247564 14.9 0.0025196972 0.9999913 -0.0033308072 0 0.98247635 -0.0030963048 -0.18636179 0 0 0 0 1 -0.23418045 -0.0027427434 -0.97218925 14.9 0.0024355457 0.99999124 -0.0034078516 0 0.9721901 -0.0031658637 -0.23417175 0 0 0 0 1 -0.26188552 -0.00269039 -0.9650951 14.9 0.0023564512 0.99999136 -0.0034271101 0 0.96509594 -0.0031717103 -0.26187694 0 0 0 0 1 -0.21319723 -0.002739749 -0.97700536 14.9 0.0023816181 0.99999166 -0.0033239129 0 0.9770063 -0.0030355027 -0.21318889 0 0 0 0 1 -0.083242536 -0.0028595955 -0.99652535 14.9 0.0024842147 0.9999922 -0.0030770574 0 0.9965263 -0.0027317244 -0.08323479 0 0 0 0 1 0.064040184 -0.0029055462 -0.9979431 14.9 0.002518177 0.999993 -0.002749918 0 0.9979442 -0.0023368923 0.06404704 0 0 0 0 1 0.1626851 -0.002786735 -0.9866741 14.9 0.0023835315 0.9999942 -0.002431354 0 0.98667514 -0.0019562244 0.16269076 0 0 0 0 1 0.24623746 -0.002587481 -0.9692061 14.9 0.0021683634 0.9999954 -0.0021187821 0 0.96920717 -0.0015798674 0.24624193 0 0 0 0 1 0.2952258 -0.0023190707 -0.95542467 14.9 0.0018781946 0.99999654 -0.0018468973 0 0.9554256 -0.001249222 0.29522914 0 0 0 0 1 0.35290074 -0.002055863 -0.9356584 14.9 0.0015973748 0.99999744 -0.0015947518 0 0.93565935 -0.0009318083 0.35290313 0 0 0 0 1 0.42592275 -0.0018213352 -0.90475774 14.9 0.0013536012 0.99999815 -0.0013758403 0 0.9047586 -0.00063867937 0.42592442 0 0 0 0 1 0.50224936 -0.0016310248 -0.86472136 14.9 0.0011609965 0.99999857 -0.0012118502 0 0.8647221 -0.0003952874 0.50225055 0 0 0 0 1 0.5644113 -0.001510022 -0.8254924 14.9 0.001038078 0.9999988 -0.0011194742 0 0.8254931 -0.00022508157 0.5644122 0 0 0 0 1 0.56871617 -0.001484866 -0.8225326 14.9 0.0009856713 0.99999887 -0.001123721 0 0.8225333 -0.00017166839 0.568717 0 0 0 0 1 0.5199015 -0.001587911 -0.85422474 14.9 0.0010331422 0.9999987 -0.0012300941 0 0.8542256 -0.0002430079 0.51990247 0 0 0 0 1 0.42938185 -0.0018303578 -0.9031212 14.9 0.0011985721 0.9999982 -0.0014568471 0 0.90312225 -0.0004569122 0.42938328 0 0 0 0 1 0.3090875 -0.0021204106 -0.95103127 14.9 0.0013996757 0.99999744 -0.0017746869 0 0.9510326 -0.0007826017 0.30908972 0 0 0 0 1 0.17009866 -0.0023468852 -0.9854243 14.9 0.0015336063 0.9999966 -0.0021168676 0 0.98542583 -0.0011511764 0.1701017 0 0 0 0 1 0.033367097 -0.0024981836 -0.99944013 14.9 0.0015988674 0.9999957 -0.0024461932 0 0.9994419 -0.0015163496 0.033370912 0 0 0 0 1 -0.08465481 -0.0025808152 -0.996407 14.9 0.0016073331 0.999995 -0.0027266678 0 0.996409 -0.0018323835 -0.08465028 0 0 0 0 1 -0.16636682 -0.0026208046 -0.98606044 14.9 0.0015887334 0.99999446 -0.0029258882 0 0.9860626 -0.0020533577 -0.16636169 0 0 0 0 1 -0.19684601 -0.002648795 -0.98043084 14.9 0.0015758974 0.9999942 -0.0030180495 0 0.9804331 -0.0021391492 -0.19684064 0 0 0 0 1 -0.15929186 -0.0026862305 -0.98722786 14.9 0.0015950613 0.9999943 -0.002978335 0 0.98723024 -0.0020491134 -0.15928662 0 0 0 0 1 -0.021030664 -0.0027353421 -0.9997751 14.9 0.0016659114 0.99999475 -0.0027709864 0 0.9997775 -0.0017238124 -0.021026015 0 0 0 0 1 0.14804262 -0.0026181894 -0.98897755 14.9 0.0015998934 0.9999958 -0.0024078668 0 0.9889797 -0.0012257919 0.1480462 0 0 0 0 1 0.26526648 -0.0023489012 -0.9641723 14.9 0.0013749468 0.99999696 -0.0020578965 0 0.9641742 -0.0007797946 0.26526892 0 0 0 0 1 0.33344573 -0.0021116703 -0.9427669 14.9 0.001166069 0.9999977 -0.0018274343 0 0.9427686 -0.00048998103 0.3334474 0 0 0 0 1 0.4071746 -0.0019589972 -0.91334826 14.9 0.0010535093 0.99999803 -0.0016751891 0 0.9133498 -0.00028012635 0.40717584 0 0 0 0 1 0.47679824 -0.0018904408 -0.87901074 14.9 0.0010311251 0.9999982 -0.001591333 0 0.87901217 -0.00014762545 0.4767993 0 0 0 0 1 0.5303448 -0.0019068406 -0.8477799 14.9 0.001089755 0.99999815 -0.0015674956 0 0.84778136 -9.255926E-05 0.5303459 0 0 0 0 1 0.56105494 -0.002007808 -0.8277761 14.9 0.0012208897 0.999998 -0.001598038 0 0.8277776 -0.00011403626 0.56105626 0 0 0 0 1 0.5267002 -0.0021732564 -0.85004836 14.9 0.0013688924 0.9999976 -0.0017084386 0 0.85005003 -0.00026378967 0.5267019 0 0 0 0 1 0.3820818 -0.0023462113 -0.9241255 14.9 0.0014573208 0.9999971 -0.0019363048 0 0.9241273 -0.00060692057 0.38208413 0 0 0 0 1 0.22643536 -0.0025226409 -0.9740229 14.9 0.0015693908 0.9999963 -0.0022250665 0 0.97402495 -0.0010247888 0.22643846 0 0 0 0 1 0.11920506 -0.002737434 -0.9928659 14.9 0.0017652516 0.99999523 -0.0025451514 0 0.99286807 -0.0014492632 0.11920929 0 0 0 0 1 -0.04268217 -0.0028690852 -0.99908453 14.9 0.0018750385 0.99999386 -0.0029518006 0 0.9990869 -0.0019993114 -0.042676568 0 0 0 0 1 -0.14967716 -0.0029273997 -0.9887307 14.9 0.0019502975 0.9999928 -0.0032559864 0 0.9887331 -0.0024156652 -0.14967036 0 0 0 0 1 -0.19674945 -0.0028916416 -0.98044956 14.9 0.0019615097 0.9999925 -0.0033429011 0 0.9804518 -0.0025808753 -0.19674242 0 0 0 0 1 -0.13988197 -0.0028996665 -0.9901639 14.9 0.0020510403 0.9999927 -0.0032182036 0 0.99016607 -0.0024810352 -0.13987494 0 0 0 0 1 -0.020782351 -0.0028808468 -0.9997798 14.9 0.002137101 0.99999344 -0.002925886 0 0.9997817 -0.0021974377 -0.020776033 0 0 0 0 1 0.13989162 -0.0027854042 -0.99016285 14.9 0.0021652463 0.9999945 -0.0025071523 0 0.9901644 -0.001793217 0.13989687 0 0 0 0 1 0.29422355 -0.0025547785 -0.9557332 14.9 0.0020617628 0.99999577 -0.002038381 0 0.9557344 -0.0013707556 0.2942276 0 0 0 0 1 0.4093234 -0.0021988407 -0.91238666 14.9 0.0018231154 0.9999971 -0.0015920775 0 0.9123875 -0.0010117118 0.4093262 0 0 0 0 1 0.5252146 -0.0018142388 -0.8509679 14.9 0.0015394978 0.9999981 -0.001181794 0 0.8509685 -0.00068936765 0.52521646 0 0 0 0 1 0.5844702 -0.0014284769 -0.81141394 14.9 0.0012127172 0.99999887 -0.0008869433 0 0.8114143 -0.00046562369 0.5844713 0 0 0 0 1 0.6222694 -0.0011242368 -0.78280234 14.9 0.00094159076 0.99999934 -0.00068767427 0 0.7828026 -0.00030916088 0.62227 0 0 0 0 1 0.647077 -0.000957139 -0.762424 14.9 0.00078817 0.9999995 -0.00058646087 0 0.76242423 -0.00022143441 0.64707744 0 0 0 0 1 0.66892004 -0.0009055732 -0.74333376 14.9 0.00073615724 0.9999996 -0.0005557967 0 0.743334 -0.00017542699 0.6689204 0 0 0 0 1 0.69409466 -0.0009107518 -0.71988314 14.9 0.0007310013 0.9999996 -0.0005603233 0 0.7198834 -0.00013731809 0.694095 0 0 0 0 1 0.70654047 -0.00096519216 -0.70767194 14.9 0.00076304056 0.9999995 -0.0006020765 0 0.7076722 -0.00011459096 0.70654094 0 0 0 0 1 0.72075814 -0.0010667768 -0.69318575 14.9 0.00083591 0.9999994 -0.00066978764 0 0.6931861 -9.668604E-05 0.7207586 0 0 0 0 1 0.73406905 -0.0012100213 -0.67907375 14.9 0.0009451807 0.9999993 -0.000760142 0 0.6790742 -8.38507E-05 0.73406965 0 0 0 0 1 0.7348028 -0.0013876347 -0.6782794 14.9 0.0010786323 0.99999905 -0.0008772953 0 0.67828 -8.697508E-05 0.73480356 0 0 0 0 1 0.68958914 -0.0015855232 -0.7241991 14.9 0.0012003836 0.99999875 -0.001046328 0 0.72419983 -0.00014778029 0.68959016 0 0 0 0 1 0.59385324 -0.0017873246 -0.8045714 14.9 0.0012883559 0.9999984 -0.001270524 0 0.80457234 -0.0002820695 0.59385455 0 0 0 0 1 0.49360627 -0.001991876 -0.86968315 14.9 0.001369442 0.9999979 -0.0015130874 0 0.86968434 -0.00044411124 0.493608 0 0 0 0 1 0.35223144 -0.002168023 -0.9359104 14.9 0.0013955736 0.99999744 -0.0017912532 0 0.93591183 -0.0006751963 0.35223353 0 0 0 0 1 0.21624666 -0.002324648 -0.97633594 14.9 0.0014046563 0.9999969 -0.00206987 0 0.97633773 -0.00092381414 0.21624923 0 0 0 0 1 0.12110549 -0.0024872576 -0.9926365 14.9 0.0014413734 0.99999624 -0.002329846 0 0.9926385 -0.0011486029 0.12110865 0 0 0 0 1 0.041114926 -0.0026398322 -0.9991509 14.9 0.0014797847 0.9999956 -0.0025811708 0 0.99915326 -0.0013724038 0.04111862 0 0 0 0 1 -0.025438547 -0.002780999 -0.9996726 14.9 0.001520793 0.9999949 -0.0028205952 0 0.99967533 -0.0015920462 -0.025434136 0 0 0 0 1 -0.064744115 -0.002929714 -0.99789757 14.9 0.0015923199 0.9999941 -0.0030391798 0 0.99790055 -0.0017857415 -0.06473911 0 0 0 0 1 -0.075665355 -0.0030938354 -0.9971285 14.9 0.0017055565 0.9999933 -0.0032321475 0 0.9971318 -0.0019452204 -0.07565963 0 0 0 0 1 -0.110633254 -0.0031983417 -0.99385613 14.9 0.0017652388 0.9999926 -0.0034145908 0 0.9938597 -0.0021321606 -0.11062682 0 0 0 0 1 -0.16300416 -0.0032416335 -0.98662 14.9 0.0017763806 0.999992 -0.0035790526 0 0.9866237 -0.0023360131 -0.16299713 0 0 0 0 1 -0.21633315 -0.0032432915 -0.97631437 14.9 0.0017694759 0.99999154 -0.0037140297 0 0.9763182 -0.0025310316 -0.21632564 0 0 0 0 1 -0.24548638 -0.0032225584 -0.9693947 14.9 0.0017757032 0.9999913 -0.0037739442 0 0.9693984 -0.0026478095 -0.24547863 0 0 0 0 1 -0.2558427 -0.0031469236 -0.96671337 14.9 0.0017619263 0.99999154 -0.003721551 0 0.9667168 -0.0026554093 -0.25583494 0 0 0 0 1 -0.2453568 -0.003016726 -0.96942806 14.9 0.00173062 0.9999922 -0.0035498478 0 0.96943116 -0.0025486914 -0.24534965 0 0 0 0 1 -0.15764987 -0.0029108098 -0.9874907 14.9 0.0017788343 0.9999932 -0.0032316486 0 0.98749346 -0.0022660515 -0.15764356 0 0 0 0 1 -0.008005142 -0.00274086 -0.99996406 14.9 0.0018140239 0.9999946 -0.0027554655 0 0.9999662 -0.0018360171 -0.008000135 0 0 0 0 1 -0.008005142 -0.00274086 -0.99996406 14.9 0.0018140239 0.9999946 -0.0027554655 0 0.9999662 -0.0018360171 -0.008000135 0 0 0 0 1</float_array>
        <technique_common>
          <accessor source="#Motion_125_LForeArm_transform_pose_array_id" count="88" stride="16">
            <param name="TRANSFORM" type="float4x4" />
          </accessor>
        </technique_common>
      </source>
      <sampler id="Motion_125_LForeArm_transform_samp_id">
        <input semantic="INPUT" source="#Motion_125_LForeArm_transform_frame_id" />
        <input semantic="INTERPOLATION" source="#Motion_125_LForeArm_transform_interp_id" />
        <input semantic="OUTPUT" source="#Motion_125_LForeArm_transform_pose_id" />
      </sampler>
      <channel source="#Motion_125_LForeArm_transform_samp_id" target="LForeArm_bone_id/transform" />
    </animation>
    <animation id="Motion_125_LHand_transform_id" name="Motion_125_LHand_transform">
      <source id="Motion_125_LHand_transform_frame_id" name="Motion_125_LHand_transform_frame">
        <float_array id="Motion_125_LHand_transform_frame_array_id" count="88">0 0.033333335 0.06666667 0.1 0.13333334 0.16666667 0.2 0.23333333 0.26666668 0.3 0.33333334 0.36666667 0.4 0.43333334 0.46666667 0.5 0.53333336 0.56666666 0.6 0.6333333 0.6666667 0.7 0.73333335 0.76666665 0.8 0.8333333 0.8666667 0.9 0.93333334 0.96666664 1 1.0333333 1.0666667 1.1 1.1333333 1.1666666 1.2 1.2333333 1.2666667 1.3 1.3333334 1.3666667 1.4 1.4333333 1.4666667 1.5 1.5333333 1.5666667 1.6 1.6333333 1.6666666 1.7 1.7333333 1.7666667 1.8 1.8333334 1.8666667 1.9 1.9333333 1.9666667 2 2.0333333 2.0666666 2.1 2.1333334 2.1666667 2.2 2.2333333 2.2666667 2.3 2.3333333 2.3666666 2.4 2.4333334 2.4666667 2.5 2.5333333 2.5666666 2.6 2.6333334 2.6666667 2.7 2.7333333 2.7666667 2.8 2.8333333 2.8666666 2.9</float_array>
        <technique_common>
          <accessor source="#Motion_125_LHand_transform_frame_array_id" count="88" stride="1">
            <param name="TIME" type="float" />
          </accessor>
        </technique_common>
      </source>
      <source id="Motion_125_LHand_transform_interp_id" name="Motion_125_LHand_transform_interp">
        <Name_array id="Motion_125_LHand_transform_interp_array_id" count="88">LINEAR LINEAR LINEAR LINEAR LINEAR LINEAR LINEAR LINEAR LINEAR LINEAR LINEAR LINEAR LINEAR LINEAR LINEAR LINEAR LINEAR LINEAR LINEAR LINEAR LINEAR LINEAR LINEAR LINEAR LINEAR LINEAR LINEAR LINEAR LINEAR LINEAR LINEAR LINEAR LINEAR LINEAR LINEAR LINEAR LINEAR LINEAR LINEAR LINEAR LINEAR LINEAR LINEAR LINEAR LINEAR LINEAR LINEAR LINEAR LINEAR LINEAR LINEAR LINEAR LINEAR LINEAR LINEAR LINEAR LINEAR LINEAR LINEAR LINEAR LINEAR LINEAR LINEAR LINEAR LINEAR LINEAR LINEAR LINEAR LINEAR LINEAR LINEAR LINEAR LINEAR LINEAR LINEAR LINEAR LINEAR LINEAR LINEAR LINEAR LINEAR LINEAR LINEAR LINEAR LINEAR LINEAR LINEAR LINEAR</Name_array>
        <technique_common>
          <accessor source="#Motion_125_LHand_transform_interp_array_id" count="88" stride="1">
            <param name="INTERPOLATION" type="Name" />
          </accessor>
        </technique_common>
      </source>
      <source id="Motion_125_LHand_transform_pose_id" name="Motion_125_LHand_transform_pose">
        <float_array id="Motion_125_LHand_transform_pose_array_id" count="1408">0.96160287 -0.028392494 -0.27297217 14.9 0.26106656 0.4013878 0.87791353 0 0.08464155 -0.91546804 0.39338797 0 0 0 0 1 0.96431714 -0.05949366 -0.25797862 14.9 0.2607433 0.38229907 0.8864876 0 0.045884587 -0.9221214 0.38417011 0 0 0 0 1 0.96506375 -0.08197109 -0.24886274 14.9 0.26141298 0.36558086 0.89331615 0 0.017753333 -0.927163 0.37423718 0 0 0 0 1 0.96533316 -0.09442071 -0.24334455 14.9 0.26101908 0.3525526 0.89865226 0 0.0009403825 -0.9310164 0.3649763 0 0 0 0 1 0.96550107 -0.09944303 -0.2406632 14.9 0.26029837 0.34286666 0.9026003 0 -0.00724189 -0.93410575 0.35692298 0 0 0 0 1 0.9656299 -0.09987552 -0.23996636 14.9 0.2597293 0.3353122 0.90559727 0 -0.009983338 -0.93679804 0.34972805 0 0 0 0 1 0.96576834 -0.0991764 -0.23969895 14.9 0.2591653 0.3290816 0.9080412 0 -0.011175729 -0.9390791 0.34351963 0 0 0 0 1 0.9659437 -0.10087945 -0.23827726 14.9 0.25832948 0.3233586 0.9103324 0 -0.014784865 -0.94088393 0.33840632 0 0 0 0 1 0.96595466 -0.10814038 -0.23502618 14.9 0.2575843 0.3172955 0.912674 0 -0.024124153 -0.94214076 0.33434832 0 0 0 0 1 0.9662965 -0.11379689 -0.23091409 14.9 0.25544927 0.31275582 0.91483855 0 -0.03188604 -0.9429921 0.33128422 0 0 0 0 1 0.96707124 -0.1053557 -0.23167528 14.9 0.2533571 0.3121305 0.9156335 0 -0.02415429 -0.94417936 0.3285451 0 0 0 0 1 0.96808165 -0.0857002 -0.23552783 14.9 0.25059772 0.3147726 0.91548836 0 -0.0043198317 -0.9452902 0.32620186 0 0 0 0 1 0.9688121 -0.05990465 -0.24044663 14.9 0.24681298 0.31965154 0.91482574 0 0.02205681 -0.94563955 0.32446754 0 0 0 0 1 0.96886855 -0.032333598 -0.24545522 14.9 0.24238472 0.32584018 0.913826 0 0.050431892 -0.9448719 0.32353342 0 0 0 0 1 0.9693344 -0.008723274 -0.24559054 14.9 0.23441412 0.332789 0.9134011 0 0.073762 -0.942961 0.3246287 0 0 0 0 1 0.97210085 0.008685492 -0.2344024 14.9 0.21681938 0.34800297 0.91207635 0 0.08949457 -0.93745315 0.33641082 0 0 0 0 1 0.97667056 0.024077855 -0.21338893 14.9 0.18961957 0.36970413 0.9095951 0 0.10079186 -0.9288375 0.3565135 0 0 0 0 1 0.98163396 0.038030084 -0.18694502 14.9 0.15717676 0.394152 0.90550524 0 0.10812119 -0.91825813 0.38093555 0 0 0 0 1 0.9858698 0.050246567 -0.15979981 14.9 0.12456995 0.4178838 0.89991975 0 0.11199564 -0.90711 0.40571988 0 0 0 0 1 0.9890134 0.060335614 -0.13495263 14.9 0.0952751 0.43784517 0.8939879 0 0.11302767 -0.89702356 0.42728627 0 0 0 0 1 0.9923864 0.054952092 -0.11022463 14.9 0.07376782 0.45146853 0.8892326 0 0.09862814 -0.89059335 0.44397753 0 0 0 0 1 0.9952439 0.03568846 -0.090641424 14.9 0.06450158 0.4558559 0.8877134 0 0.07300055 -0.88933784 0.45138586 0 0 0 0 1 0.995527 0.0028401092 -0.09443462 14.9 0.08319039 0.4474193 0.89044666 0 0.044780836 -0.8943198 0.44518173 0 0 0 0 1 0.99151564 -0.039975915 -0.12368799 14.9 0.12886643 0.42700595 0.8950192 0 0.017036296 -0.90336466 0.42853463 0 0 0 0 1 0.9826473 -0.08283672 -0.16595906 14.9 0.18529662 0.39819258 0.8983918 0 -0.008336157 -0.9135539 0.40663224 0 0 0 0 1 0.9727326 -0.11370301 -0.20214567 14.9 0.23020765 0.36733675 0.90114826 0 -0.028207742 -0.92311174 0.38349575 0 0 0 0 1 0.9677197 -0.12700868 -0.2176866 14.9 0.24883312 0.3443761 0.9052553 0 -0.040009193 -0.93020105 0.3648635 0 0 0 0 1 0.96825856 -0.12434018 -0.2168292 14.9 0.24667522 0.33537716 0.9092158 0 -0.04033251 -0.9338424 0.35540342 0 0 0 0 1 0.9694332 -0.11738137 -0.21545513 14.9 0.24265772 0.3288285 0.91268235 0 -0.036284104 -0.9370664 0.34726077 0 0 0 0 1 0.9710901 -0.106568806 -0.21360506 14.9 0.2370323 0.3244661 0.9157169 0 -0.028279245 -0.9398749 0.3403461 0 0 0 0 1 0.97304016 -0.09292942 -0.21108517 14.9 0.22997943 0.321954 0.91839814 0 -0.017386481 -0.9421835 0.33464605 0 0 0 0 1 0.9751132 -0.07748964 -0.20772469 14.9 0.22165805 0.3209616 0.9207885 0 -0.004679896 -0.9439169 0.33015007 0 0 0 0 1 0.9771829 -0.06127929 -0.20336756 14.9 0.21221867 0.32117873 0.92293423 0 0.008760594 -0.94503397 0.32685494 0 0 0 0 1 0.9791804 -0.045333393 -0.1978653 14.9 0.20181271 0.32232696 0.92486596 0 0.021850005 -0.94554234 0.3247651 0 0 0 0 1 0.9812115 -0.029960059 -0.190595 14.9 0.18992963 0.3236884 0.92690486 0 0.03392327 -0.94568926 0.32329708 0 0 0 0 1 0.9841272 -0.011008747 -0.17712262 14.9 0.17145967 0.31641567 0.93299663 0 0.04577326 -0.9485568 0.31328088 0 0 0 0 1 0.9879793 0.014505953 -0.15390433 14.9 0.14301622 0.29214746 0.94561946 0 0.058679864 -0.9562632 0.28656107 0 0 0 0 1 0.9909161 0.032125797 -0.13058797 14.9 0.11737524 0.26734442 0.9564257 0 0.06563792 -0.96306545 0.2611451 0 0 0 0 1 0.99341 0.04554992 -0.10517494 14.9 0.09132428 0.23991275 0.9664894 0 0.06925633 -0.9697252 0.23417187 0 0 0 0 1 0.99554026 0.05727766 -0.07495904 14.9 0.06161892 0.2068538 0.9764295 0 0.07143317 -0.9766938 0.20240194 0 0 0 0 1 0.99673957 0.059748236 -0.054225106 14.9 0.04225215 0.18602878 0.98163545 0 0.068738416 -0.980726 0.18289775 0 0 0 0 1 0.99771285 0.043659456 -0.051603112 14.9 0.042656213 0.18554163 0.9817101 0 0.052435454 -0.98166597 0.18325496 0 0 0 0 1 0.9979401 0.016496135 -0.06199482 14.9 0.05770103 0.19153619 0.979788 0 0.028036961 -0.9813469 0.19018978 0 0 0 0 1 0.9967582 -0.011820558 -0.0795825 14.9 0.080329284 0.20161575 0.97616506 0 0.0045062713 -0.97939336 0.20191169 0 0 0 0 1 0.99426126 -0.034669854 -0.101205274 14.9 0.10630449 0.21412283 0.97100496 0 -0.011994243 -0.97619116 0.21657962 0 0 0 0 1 0.9904608 -0.051917538 -0.12763993 14.9 0.13619815 0.22825682 0.96402746 0 -0.020915244 -0.9722157 0.23315054 0 0 0 0 1 0.9833399 -0.072632164 -0.16663498 14.9 0.1797446 0.2518432 0.9509295 0 -0.027102172 -0.96503866 0.26070273 0 0 0 0 1 0.978299 -0.0859828 -0.1885151 14.9 0.20494965 0.26790047 0.9413953 0 -0.030440494 -0.95960224 0.27970892 0 0 0 0 1 0.9739047 -0.0972591 -0.20506172 14.9 0.22465119 0.28463554 0.9319413 0 -0.032271907 -0.95368934 0.29905725 0 0 0 0 1 0.9712139 -0.10440413 -0.21411075 14.9 0.23600972 0.29987687 0.9243232 0 -0.032296285 -0.9482477 0.31588495 0 0 0 0 1 0.9712843 -0.10421298 -0.21388444 14.9 0.23605558 0.3097149 0.92106164 0 -0.029743358 -0.94510126 0.32542127 0 0 0 0 1 0.9754398 -0.08595537 -0.2028026 14.9 0.21992446 0.3287874 0.91844 0 -0.012265898 -0.94048417 0.339616 0 0 0 0 1 0.98965734 -0.0417411 -0.13724428 14.9 0.14286388 0.37329066 0.91664827 0 0.012970101 -0.926775 0.37539315 0 0 0 0 1 0.9952622 -0.0022146367 -0.09720187 14.9 0.089802876 0.40409946 0.9102962 0 0.037263248 -0.9147124 0.4023838 0 0 0 0 1 0.9973223 0.038501225 -0.062175658 14.9 0.03968104 0.4292574 0.9023101 0 0.061429407 -0.9023612 0.4265802 0 0 0 0 1 0.99400145 0.096800275 -0.050900698 14.9 0.0024588928 0.44551343 0.8952719 0 0.109339505 -0.8900267 0.442603 0 0 0 0 1 0.9771212 0.18983462 -0.09590118 14.9 -0.013667986 0.5060266 0.8624096 0 0.21224375 -0.84136784 0.49704397 0 0 0 0 1 0.9448972 0.27584994 -0.17628437 14.9 -0.018412814 0.582421 0.81267875 0 0.3268491 -0.76465195 0.55540717 0 0 0 0 1 0.90438163 0.33661175 -0.26227158 14.9 -0.021561459 0.6498771 0.7597334 0 0.42617947 -0.681434 0.5949948 0 0 0 0 1 0.87378955 0.36628705 -0.31988376 14.9 -0.02451837 0.69013083 0.72326916 0 0.48568577 -0.624142 0.6120099 0 0 0 0 1 0.87094444 0.37005734 -0.32328522 14.9 -0.02796629 0.69417435 0.71926343 0 0.49058503 -0.6173974 0.6149364 0 0 0 0 1 0.8842959 0.35677105 -0.3012229 14.9 -0.031724796 0.689535 0.72355723 0 0.465848 -0.6302824 0.62107146 0 0 0 0 1 0.90546846 0.33157235 -0.2649277 14.9 -0.03650637 0.6827544 0.72973543 0 0.4228406 -0.6510809 0.63031703 0 0 0 0 1 0.9271391 0.30082244 -0.22342545 14.9 -0.041103482 0.67429703 0.7373154 0 0.37245613 -0.67441046 0.637532 0 0 0 0 1 0.94539464 0.2700219 -0.18252984 14.9 -0.04597926 0.66492283 0.74549556 0 0.32266834 -0.6963949 0.64102983 0 0 0 0 1 0.95700604 0.24701326 -0.15206555 14.9 -0.049515262 0.6556615 0.7534296 0 0.28581062 -0.7135071 0.6397029 0 0 0 0 1 0.9612491 0.23830791 -0.13859813 14.9 -0.050659463 0.6468802 0.7609071 0 0.27098656 -0.7244 0.6338856 0 0 0 0 1 0.96079403 0.23514181 -0.14691193 14.9 -0.039378427 0.6402205 0.7671812 0 0.27445245 -0.73131794 0.6243796 0 0 0 0 1 0.9582726 0.23161815 -0.1675313 14.9 -0.018928334 0.63619614 0.77129513 0 0.28522873 -0.7359399 0.61403346 0 0 0 0 1 0.9547626 0.22990088 -0.18861058 14.9 0.00042419136 0.63321066 0.7739794 0 0.29736876 -0.7390466 0.60446835 0 0 0 0 1 0.9511262 0.22145188 -0.21521628 14.9 0.028373666 0.63131833 0.77500457 0 0.3074962 -0.7432336 0.59418005 0 0 0 0 1 0.9473028 0.19761984 -0.25211853 14.9 0.07418321 0.63030815 0.77279264 0 0.3116315 -0.7507716 0.5824326 0 0 0 0 1 0.9459457 0.15398304 -0.2854399 14.9 0.129597 0.6273243 0.767899 0 0.29730684 -0.76338285 0.57345897 0 0 0 0 1 0.9417044 0.112079486 -0.31722397 14.9 0.1832095 0.6199876 0.76292175 0 0.2821828 -0.77656525 0.56331104 0 0 0 0 1 0.9375442 0.07919659 -0.33873108 14.9 0.22380622 0.6081289 0.76163644 0 0.26631114 -0.78987795 0.552423 0 0 0 0 1 0.93801725 0.062303968 -0.34094262 14.9 0.23994231 0.59312135 0.7685276 0 0.25010264 -0.80269873 0.5414087 0 0 0 0 1 0.9430177 0.057296634 -0.32777235 14.9 0.23702157 0.5756941 0.7825581 0 0.23353454 -0.81565523 0.5293092 0 0 0 0 1 0.95087105 0.05945921 -0.30382374 14.9 0.22114536 0.5563352 0.8009905 0 0.21665409 -0.8288279 0.5158539 0 0 0 0 1 0.9648648 0.07937218 -0.25047147 14.9 0.17056465 0.53590286 0.82687116 0 0.19985895 -0.8405404 0.50353575 0 0 0 0 1 0.9782983 0.108143285 -0.17674111 14.9 0.097455755 0.51259565 0.8530815 0 0.18285175 -0.85179263 0.4909323 0 0 0 0 1 0.98573685 0.137999 -0.096328616 14.9 0.017170519 0.48692816 0.87327325 0 0.16741595 -0.8624716 0.4776135 0 0 0 0 1 0.9869776 0.15923968 -0.022758633 14.9 -0.054113854 0.46192396 0.88526714 0 0.1514824 -0.87250733 0.4645257 0 0 0 0 1 0.9856195 0.16697392 0.025960743 14.9 -0.09854108 0.4431377 0.89102113 0 0.13727312 -0.88076603 0.45321894 0 0 0 0 1 0.98802954 0.15159297 0.028585967 14.9 -0.092963286 0.43721843 0.8945378 0 0.12310733 -0.88648725 0.4460773 0 0 0 0 1 0.9938686 0.10360509 -0.038616933 14.9 -0.010348894 0.43489194 0.90042317 0 0.11008262 -0.89450264 0.43329763 0 0 0 0 1 0.9887634 0.04619211 -0.14217328 14.9 0.10923301 0.42602694 0.8980919 0 0.1020544 -0.9035305 0.41619414 0 0 0 0 1 0.9721257 -0.0051057935 -0.23440465 14.9 0.21578307 0.41051084 0.8859563 0 0.091702126 -0.9118414 0.40016985 0 0 0 0 1 0.9721257 -0.0051057935 -0.23440465 14.9 0.21578307 0.41051084 0.8859563 0 0.091702126 -0.9118414 0.40016985 0 0 0 0 1</float_array>
        <technique_common>
          <accessor source="#Motion_125_LHand_transform_pose_array_id" count="88" stride="16">
            <param name="TRANSFORM" type="float4x4" />
          </accessor>
        </technique_common>
      </source>
      <sampler id="Motion_125_LHand_transform_samp_id">
        <input semantic="INPUT" source="#Motion_125_LHand_transform_frame_id" />
        <input semantic="INTERPOLATION" source="#Motion_125_LHand_transform_interp_id" />
        <input semantic="OUTPUT" source="#Motion_125_LHand_transform_pose_id" />
      </sampler>
      <channel source="#Motion_125_LHand_transform_samp_id" target="LHand_bone_id/transform" />
    </animation>
    <animation id="Motion_125_Neck_transform_id" name="Motion_125_Neck_transform">
      <source id="Motion_125_Neck_transform_frame_id" name="Motion_125_Neck_transform_frame">
        <float_array id="Motion_125_Neck_transform_frame_array_id" count="88">0 0.033333335 0.06666667 0.1 0.13333334 0.16666667 0.2 0.23333333 0.26666668 0.3 0.33333334 0.36666667 0.4 0.43333334 0.46666667 0.5 0.53333336 0.56666666 0.6 0.6333333 0.6666667 0.7 0.73333335 0.76666665 0.8 0.8333333 0.8666667 0.9 0.93333334 0.96666664 1 1.0333333 1.0666667 1.1 1.1333333 1.1666666 1.2 1.2333333 1.2666667 1.3 1.3333334 1.3666667 1.4 1.4333333 1.4666667 1.5 1.5333333 1.5666667 1.6 1.6333333 1.6666666 1.7 1.7333333 1.7666667 1.8 1.8333334 1.8666667 1.9 1.9333333 1.9666667 2 2.0333333 2.0666666 2.1 2.1333334 2.1666667 2.2 2.2333333 2.2666667 2.3 2.3333333 2.3666666 2.4 2.4333334 2.4666667 2.5 2.5333333 2.5666666 2.6 2.6333334 2.6666667 2.7 2.7333333 2.7666667 2.8 2.8333333 2.8666666 2.9</float_array>
        <technique_common>
          <accessor source="#Motion_125_Neck_transform_frame_array_id" count="88" stride="1">
            <param name="TIME" type="float" />
          </accessor>
        </technique_common>
      </source>
      <source id="Motion_125_Neck_transform_interp_id" name="Motion_125_Neck_transform_interp">
        <Name_array id="Motion_125_Neck_transform_interp_array_id" count="88">LINEAR LINEAR LINEAR LINEAR LINEAR LINEAR LINEAR LINEAR LINEAR LINEAR LINEAR LINEAR LINEAR LINEAR LINEAR LINEAR LINEAR LINEAR LINEAR LINEAR LINEAR LINEAR LINEAR LINEAR LINEAR LINEAR LINEAR LINEAR LINEAR LINEAR LINEAR LINEAR LINEAR LINEAR LINEAR LINEAR LINEAR LINEAR LINEAR LINEAR LINEAR LINEAR LINEAR LINEAR LINEAR LINEAR LINEAR LINEAR LINEAR LINEAR LINEAR LINEAR LINEAR LINEAR LINEAR LINEAR LINEAR LINEAR LINEAR LINEAR LINEAR LINEAR LINEAR LINEAR LINEAR LINEAR LINEAR LINEAR LINEAR LINEAR LINEAR LINEAR LINEAR LINEAR LINEAR LINEAR LINEAR LINEAR LINEAR LINEAR LINEAR LINEAR LINEAR LINEAR LINEAR LINEAR LINEAR LINEAR</Name_array>
        <technique_common>
          <accessor source="#Motion_125_Neck_transform_interp_array_id" count="88" stride="1">
            <param name="INTERPOLATION" type="Name" />
          </accessor>
        </technique_common>
      </source>
      <source id="Motion_125_Neck_transform_pose_id" name="Motion_125_Neck_transform_pose">
        <float_array id="Motion_125_Neck_transform_pose_array_id" count="1408">0.955499 -0.008113632 -0.2948827 11.139861 -0.02370123 0.99427855 -0.10415569 0 0.29404062 0.106509745 0.9498399 0 0 0 0 1 0.9552435 -0.008093043 -0.29570985 11.139861 -0.023812193 0.99427825 -0.104133114 0 0.2948606 0.10651398 0.9495852 0 0 0 0 1 0.9548217 -0.008090651 -0.2970692 11.139861 -0.023963334 0.9942781 -0.10410055 0 0.2962116 0.106516235 0.94916433 0 0 0 0 1 0.9542496 -0.008105451 -0.29890123 11.139861 -0.024149155 0.9942779 -0.1040591 0 0.29803434 0.10651657 0.94859356 0 0 0 0 1 0.9535432 -0.008136455 -0.30114645 11.139861 -0.02436418 0.9942778 -0.104009844 0 0.30026948 0.10651507 0.9478886 0 0 0 0 1 0.95271814 -0.008182665 -0.30374524 11.139861 -0.024602925 0.9942778 -0.10395387 0 0.3028578 0.10651176 0.9470652 0 0 0 0 1 0.95179045 -0.00824308 -0.30663812 11.139861 -0.024859905 0.99427783 -0.10389228 0 0.30573988 0.106506675 0.9461392 0 0 0 0 1 0.9507766 -0.008316697 -0.30976564 11.139861 -0.025129654 0.99427795 -0.10382621 0 0.3088566 0.106499836 0.9451272 0 0 0 0 1 0.9497155 -0.008398766 -0.31300157 11.139861 -0.025403092 0.99427813 -0.10375801 0 0.31208205 0.10649179 0.94406796 0 0 0 0 1 0.9486681 -0.0084811235 -0.31615955 11.139861 -0.025667883 0.9942783 -0.10369099 0 0.31523 0.10648348 0.94302243 0 0 0 0 1 0.94768566 -0.008557659 -0.31909028 11.139861 -0.02591369 0.9942785 -0.10362813 0 0.31815138 0.106475696 0.9420417 0 0 0 0 1 0.946821 -0.008622262 -0.32164523 11.139861 -0.026130226 0.9942786 -0.103572436 0 0.320698 0.10646922 0.94117856 0 0 0 0 1 0.9461282 -0.008668828 -0.3236762 11.139861 -0.02630721 0.99427867 -0.103526995 0 0.3227218 0.10646483 0.940487 0 0 0 0 1 0.94566196 -0.008691246 -0.32503527 11.139861 -0.026434382 0.99427867 -0.10349494 0 0.3240751 0.10646334 0.94002175 0 0 0 0 1 0.9454766 -0.0086834 -0.32557434 11.139861 -0.026501467 0.9942785 -0.1034794 0 0.3246101 0.10646555 0.93983686 0 0 0 0 1 0.94562477 -0.008639185 -0.32514477 11.139861 -0.026498174 0.99427813 -0.103483394 0 0.32417834 0.10647221 0.93998516 0 0 0 0 1 0.9461563 -0.008552475 -0.32359704 11.139861 -0.026414173 0.99427766 -0.10350983 0 0.32263055 0.106484026 0.9405162 0 0 0 0 1 0.9471164 -0.008417132 -0.32077983 11.139861 -0.026239038 0.9942769 -0.103561334 0 0.31981567 0.10650159 0.9414751 0 0 0 0 1 0.94838214 -0.008254074 -0.31702238 11.139861 -0.025988348 0.9942761 -0.103632145 0 0.31606317 0.10652176 0.9427392 0 0 0 0 1 0.9496844 -0.008109396 -0.31310356 11.139861 -0.02570195 0.9942755 -0.10370919 0 0.3121522 0.10653837 0.9440395 0 0 0 0 1 0.9508503 -0.008014761 -0.30954722 11.139861 -0.025405861 0.99427533 -0.10378401 0 0.30860695 0.10654737 0.94520336 0 0 0 0 1 0.95171463 -0.008001848 -0.30687982 11.139861 -0.025126215 0.9942757 -0.10384857 0 0.3059541 0.106544934 0.94606566 0 0 0 0 1 0.95211583 -0.008060148 -0.3056312 11.139861 -0.024931388 0.9942764 -0.103888564 0 0.30471924 0.10653376 0.9464654 0 0 0 0 1 0.9520943 -0.008145827 -0.30569607 11.139861 -0.024853326 0.9942771 -0.10390031 0 0.30479294 0.10652046 0.94644314 0 0 0 0 1 0.9518279 -0.008233537 -0.3065222 11.139861 -0.024856687 0.9942778 -0.10389365 0 0.3056236 0.106508 0.94617665 0 0 0 0 1 0.9513598 -0.008321029 -0.3079696 11.139861 -0.024928391 0.99427825 -0.10387157 0 0.30707178 0.10649642 0.94570893 0 0 0 0 1 0.9507326 -0.0084060775 -0.30989826 11.139861 -0.025055349 0.99427867 -0.103837036 0 0.3089981 0.106485866 0.9450825 0 0 0 0 1 0.9499889 -0.008486459 -0.31216827 11.139861 -0.025224475 0.994279 -0.10379299 0 0.31126317 0.10647646 0.94434 0 0 0 0 1 0.94917256 -0.008559945 -0.3146398 11.139861 -0.02542267 0.99427927 -0.10374237 0 0.31372786 0.10646839 0.94352496 0 0 0 0 1 0.9483283 -0.008624316 -0.31717354 11.139861 -0.025636885 0.9942794 -0.103688225 0 0.31625336 0.10646182 0.94268215 0 0 0 0 1 0.94750243 -0.008677358 -0.31963074 11.139861 -0.025854079 0.99427944 -0.10363372 0 0.31870157 0.106456965 0.9418579 0 0 0 0 1 0.9467428 -0.008716834 -0.32187295 11.139861 -0.026061244 0.99427944 -0.10358206 0 0.32093453 0.10645398 0.94109964 0 0 0 0 1 0.94609815 -0.0087405145 -0.32376212 11.139861 -0.026245397 0.9942793 -0.10353661 0 0.32281494 0.10645307 0.9404564 0 0 0 0 1 0.94561833 -0.008746171 -0.32516077 11.139861 -0.02639358 0.99427915 -0.103500776 0 0.3242058 0.10645438 0.9399777 0 0 0 0 1 0.9453532 -0.008731558 -0.3259311 11.139861 -0.026492838 0.99427885 -0.10347799 0 0.32496992 0.10645809 0.93971336 0 0 0 0 1 0.9453521 -0.0086944355 -0.32593536 11.139861 -0.026530214 0.9942785 -0.10347169 0 0.3249702 0.106464304 0.9397126 0 0 0 0 1 0.94584143 -0.008603317 -0.32451496 11.139861 -0.026464574 0.99427795 -0.10349407 0 0.32354847 0.106477134 0.9402016 0 0 0 0 1 0.9468688 -0.008454793 -0.3215089 11.139861 -0.02628173 0.9942771 -0.10354847 0 0.32054445 0.10649662 0.9412278 0 0 0 0 1 0.94821346 -0.008288791 -0.3175257 11.139861 -0.02600911 0.99427634 -0.10362479 0 0.3165672 0.10651699 0.94257057 0 0 0 0 1 0.94966024 -0.008145287 -0.31317577 11.139861 -0.025674198 0.9942758 -0.103713095 0 0.31222787 0.10653274 0.9440151 0 0 0 0 1 0.9510041 -0.008064313 -0.30907306 11.139861 -0.025304599 0.99427587 -0.1038037 0 0.30814096 0.10653872 0.94535637 0 0 0 0 1 0.95204973 -0.008020253 -0.30583808 11.139861 -0.024993729 0.99427605 -0.103877254 0 0.30492058 0.106540345 0.9463998 0 0 0 0 1 0.95251566 -0.008007374 -0.30438435 11.139861 -0.024847217 0.99427617 -0.10391107 0 0.3034742 0.106540024 0.94686466 0 0 0 0 1 0.9523484 -0.008047473 -0.30490613 11.139861 -0.024864525 0.9942764 -0.103904456 0 0.30399716 0.106534585 0.9466975 0 0 0 0 1 0.95169204 -0.008126188 -0.30694658 11.139861 -0.025009926 0.99427676 -0.10386637 0 0.3060339 0.10652551 0.94604206 0 0 0 0 1 0.9506857 -0.008229129 -0.31004688 11.139861 -0.025247563 0.9942771 -0.103805356 0 0.30912676 0.10651419 0.94503725 0 0 0 0 1 0.9494694 -0.008341922 -0.31374875 11.139861 -0.025541604 0.9942775 -0.10373 0 0.31281862 0.10650211 0.943823 0 0 0 0 1 0.9481886 -0.008450216 -0.31759554 11.139861 -0.025856303 0.9942778 -0.103649184 0 0.31665403 0.10649082 0.9425444 0 0 0 0 1 0.9469957 -0.00853966 -0.32113287 11.139861 -0.026156032 0.99427795 -0.10357223 0 0.3201798 0.10648201 0.94135356 0 0 0 0 1 0.94604933 -0.008595886 -0.3239085 11.139861 -0.026405266 0.99427795 -0.103508815 0 0.32294482 0.106477335 0.94040906 0 0 0 0 1 0.94551265 -0.008604532 -0.3254717 11.139861 -0.026568582 0.9942778 -0.10346898 0 0.32449955 0.10647855 0.9398736 0 0 0 0 1 0.9455476 -0.008551223 -0.32537153 11.139861 -0.026610559 0.9942773 -0.10346277 0 0.32439426 0.10648729 0.9399089 0 0 0 0 1 0.9463088 -0.008421551 -0.3231544 11.139861 -0.026495658 0.9942765 -0.10349982 0 0.32217646 0.106504984 0.9406695 0 0 0 0 1 0.9476956 -0.008240818 -0.31906918 11.139861 -0.026226345 0.9942756 -0.10357703 0 0.31809625 0.10652752 0.9420545 0 0 0 0 1 0.9492791 -0.008088648 -0.31433067 11.139861 -0.025857259 0.9942751 -0.10367458 0 0.31336972 0.10654385 0.94363546 0 0 0 0 1 0.9507238 -0.008032168 -0.3099349 11.139861 -0.025431085 0.9942754 -0.10377702 0 0.30899423 0.10654527 0.94507706 0 0 0 0 1 0.9517116 -0.008070414 -0.30688748 11.139861 -0.025058892 0.9942763 -0.103859104 0 0.30596915 0.106534176 0.946062 0 0 0 0 1 0.9521631 -0.008157097 -0.30548134 11.139861 -0.024818588 0.9942773 -0.10390736 0 0.30458072 0.10651837 0.9465117 0 0 0 0 1 0.95227736 -0.008262096 -0.30512223 11.139861 -0.02467485 0.9942782 -0.103932515 0 0.30423507 0.10650143 0.94662476 0 0 0 0 1 0.9521588 -0.008370687 -0.305489 11.139861 -0.024607092 0.9942791 -0.103940435 0 0.30461138 0.106485 0.9465056 0 0 0 0 1 0.9519102 -0.008468184 -0.3062601 11.139861 -0.024594687 0.99427974 -0.10393675 0 0.3053884 0.10647082 0.94625676 0 0 0 0 1 0.9516345 -0.0085398955 -0.30711374 11.139861 -0.024616975 0.9942802 -0.103927 0 0.30624464 0.106460735 0.94598114 0 0 0 0 1 0.9513394 -0.00858773 -0.30802527 11.139861 -0.02466936 0.9942805 -0.103912085 0 0.30715588 0.10645445 0.94568634 0 0 0 0 1 0.9509717 -0.008624084 -0.30915755 11.139861 -0.024757385 0.99428064 -0.10388986 0 0.3082853 0.10645025 0.94531924 0 0 0 0 1 0.9505435 -0.008650037 -0.310471 11.139861 -0.024875645 0.99428064 -0.10386139 0 0.30959374 0.106447935 0.9448918 0 0 0 0 1 0.9500669 -0.008666665 -0.3119259 11.139861 -0.02501873 0.9942806 -0.10382775 0 0.3110417 0.1064473 0.9444162 0 0 0 0 1 0.9495543 -0.008675048 -0.3134826 11.139861 -0.025181228 0.9942804 -0.10379004 0 0.31259003 0.10644815 0.9439048 0 0 0 0 1 0.94901824 -0.008676264 -0.31510174 11.139861 -0.02535775 0.99428016 -0.10374937 0 0.31419957 0.10645031 0.94337 0 0 0 0 1 0.94847155 -0.008671389 -0.31674373 11.139861 -0.025542889 0.99427986 -0.10370684 0 0.31583118 0.10645352 0.94282466 0 0 0 0 1 0.94792724 -0.00866149 -0.31836915 11.139861 -0.025731254 0.9942795 -0.103663616 0 0.3174458 0.1064576 0.9422818 0 0 0 0 1 0.9473987 -0.008647642 -0.31993887 11.139861 -0.02591747 0.99427915 -0.103620894 0 0.31900463 0.10646231 0.94175464 0 0 0 0 1 0.9468996 -0.008630914 -0.3214136 11.139861 -0.026096169 0.9942787 -0.103579886 0 0.3204687 0.10646742 0.9412569 0 0 0 0 1 0.9464436 -0.008612367 -0.32275423 11.139861 -0.02626197 0.9942783 -0.103541836 0 0.3217993 0.10647267 0.9408022 0 0 0 0 1 0.94604486 -0.008593069 -0.32392174 11.139861 -0.026409524 0.99427795 -0.103508 0 0.3229577 0.106477834 0.9404046 0 0 0 0 1 0.9457174 -0.008574073 -0.32487708 11.139861 -0.026533462 0.9942776 -0.103479646 0 0.32390523 0.10648262 0.94007814 0 0 0 0 1 0.94547534 -0.008556448 -0.32558128 11.139861 -0.026628438 0.9942773 -0.10345808 0 0.3246033 0.10648678 0.9398368 0 0 0 0 1 0.9453328 -0.008541251 -0.32599533 11.139861 -0.026689092 0.99427706 -0.10344456 0 0.32501322 0.10649006 0.93969476 0 0 0 0 1 0.9453037 -0.008529536 -0.32608008 11.139861 -0.026710056 0.99427694 -0.103440344 0 0.3250962 0.10649216 0.93966585 0 0 0 0 1 0.94540155 -0.008522375 -0.3257964 11.139861 -0.026685974 0.99427694 -0.10344669 0 0.32481346 0.10649286 0.93976355 0 0 0 0 1 0.9456795 -0.008514309 -0.32498896 11.139861 -0.02660518 0.994277 -0.103466764 0 0.32401 0.10649279 0.9400408 0 0 0 0 1 0.9462561 -0.008488932 -0.32330695 11.139861 -0.026445445 0.9942771 -0.103506945 0 0.32233533 0.10649408 0.94061625 0 0 0 0 1 0.94723916 -0.008430885 -0.3204167 11.139861 -0.026185462 0.9942771 -0.10357304 0 0.31945616 0.1064987 0.94159746 0 0 0 0 1 0.94872874 -0.008324795 -0.31598172 11.139861 -0.025803767 0.99427694 -0.103670314 0 0.3150364 0.10650852 0.9430843 0 0 0 0 1 0.9506241 -0.008187479 -0.3102367 11.139861 -0.025309782 0.9942767 -0.10379401 0 0.3093109 0.106521115 0.9449762 0 0 0 0 1 0.95254356 -0.008084844 -0.30429488 11.139861 -0.024760395 0.9942769 -0.10392528 0 0.3033936 0.10652781 0.94689184 0 0 0 0 1 0.9541742 -0.008020277 -0.29914412 11.139861 -0.024260424 0.9942771 -0.10404032 0 0.29826662 0.10652996 0.94851905 0 0 0 0 1 0.9552232 -0.008009782 -0.29577783 11.139861 -0.02390241 0.9942776 -0.10411897 0 0.29491922 0.10652666 0.94956553 0 0 0 0 1 0.9552232 -0.008009782 -0.29577783 11.139861 -0.02390241 0.9942776 -0.10411897 0 0.29491922 0.10652666 0.94956553 0 0 0 0 1</float_array>
        <technique_common>
          <accessor source="#Motion_125_Neck_transform_pose_array_id" count="88" stride="16">
            <param name="TRANSFORM" type="float4x4" />
          </accessor>
        </technique_common>
      </source>
      <sampler id="Motion_125_Neck_transform_samp_id">
        <input semantic="INPUT" source="#Motion_125_Neck_transform_frame_id" />
        <input semantic="INTERPOLATION" source="#Motion_125_Neck_transform_interp_id" />
        <input semantic="OUTPUT" source="#Motion_125_Neck_transform_pose_id" />
      </sampler>
      <channel source="#Motion_125_Neck_transform_samp_id" target="Neck_bone_id/transform" />
    </animation>
    <animation id="Motion_125_Head_transform_id" name="Motion_125_Head_transform">
      <source id="Motion_125_Head_transform_frame_id" name="Motion_125_Head_transform_frame">
        <float_array id="Motion_125_Head_transform_frame_array_id" count="88">0 0.033333335 0.06666667 0.1 0.13333334 0.16666667 0.2 0.23333333 0.26666668 0.3 0.33333334 0.36666667 0.4 0.43333334 0.46666667 0.5 0.53333336 0.56666666 0.6 0.6333333 0.6666667 0.7 0.73333335 0.76666665 0.8 0.8333333 0.8666667 0.9 0.93333334 0.96666664 1 1.0333333 1.0666667 1.1 1.1333333 1.1666666 1.2 1.2333333 1.2666667 1.3 1.3333334 1.3666667 1.4 1.4333333 1.4666667 1.5 1.5333333 1.5666667 1.6 1.6333333 1.6666666 1.7 1.7333333 1.7666667 1.8 1.8333334 1.8666667 1.9 1.9333333 1.9666667 2 2.0333333 2.0666666 2.1 2.1333334 2.1666667 2.2 2.2333333 2.2666667 2.3 2.3333333 2.3666666 2.4 2.4333334 2.4666667 2.5 2.5333333 2.5666666 2.6 2.6333334 2.6666667 2.7 2.7333333 2.7666667 2.8 2.8333333 2.8666666 2.9</float_array>
        <technique_common>
          <accessor source="#Motion_125_Head_transform_frame_array_id" count="88" stride="1">
            <param name="TIME" type="float" />
          </accessor>
        </technique_common>
      </source>
      <source id="Motion_125_Head_transform_interp_id" name="Motion_125_Head_transform_interp">
        <Name_array id="Motion_125_Head_transform_interp_array_id" count="88">LINEAR LINEAR LINEAR LINEAR LINEAR LINEAR LINEAR LINEAR LINEAR LINEAR LINEAR LINEAR LINEAR LINEAR LINEAR LINEAR LINEAR LINEAR LINEAR LINEAR LINEAR LINEAR LINEAR LINEAR LINEAR LINEAR LINEAR LINEAR LINEAR LINEAR LINEAR LINEAR LINEAR LINEAR LINEAR LINEAR LINEAR LINEAR LINEAR LINEAR LINEAR LINEAR LINEAR LINEAR LINEAR LINEAR LINEAR LINEAR LINEAR LINEAR LINEAR LINEAR LINEAR LINEAR LINEAR LINEAR LINEAR LINEAR LINEAR LINEAR LINEAR LINEAR LINEAR LINEAR LINEAR LINEAR LINEAR LINEAR LINEAR LINEAR LINEAR LINEAR LINEAR LINEAR LINEAR LINEAR LINEAR LINEAR LINEAR LINEAR LINEAR LINEAR LINEAR LINEAR LINEAR LINEAR LINEAR LINEAR</Name_array>
        <technique_common>
          <accessor source="#Motion_125_Head_transform_interp_array_id" count="88" stride="1">
            <param name="INTERPOLATION" type="Name" />
          </accessor>
        </technique_common>
      </source>
      <source id="Motion_125_Head_transform_pose_id" name="Motion_125_Head_transform_pose">
        <float_array id="Motion_125_Head_transform_pose_array_id" count="1408">0.8086779 0.03390026 0.587274 3.4099827 -0.00661123 0.9987988 -0.048551753 0 -0.58821446 0.035380125 0.80793065 0 0 0 0 1 0.8388498 0.040381074 0.5428632 3.4099827 -0.013877284 0.9985071 -0.052830677 0 -0.54418606 0.036783535 0.8381578 0 0 0 0 1 0.8592793 0.04950411 0.5091056 3.4099827 -0.023891076 0.99810374 -0.05672915 0 -0.5109485 0.0365831 0.85883254 0 0 0 0 1 0.8785357 0.06168642 0.47367695 3.4099827 -0.037675314 0.99748564 -0.060024474 0 -0.47618863 0.034887712 0.8786508 0 0 0 0 1 0.89848024 0.07807393 0.43201584 3.4099827 -0.056566045 0.99644476 -0.062434938 0 -0.43535447 0.03165913 0.89970225 0 0 0 0 1 0.920054 0.0943162 0.38026965 3.4099827 -0.0759868 0.99511874 -0.06296545 0 -0.38435215 0.029036146 0.92272985 0 0 0 0 1 0.93972707 0.104210794 0.32565796 3.4099827 -0.08845852 0.99409485 -0.0628529 0 -0.33028483 0.030257346 0.9433962 0 0 0 0 1 0.9559258 0.1034982 0.2747616 3.4099827 -0.08946694 0.9939856 -0.0631528 0 -0.2796453 0.035787314 0.9594362 0 0 0 0 1 0.9679739 0.09589846 0.23201308 3.4099827 -0.08327734 0.99449366 -0.06361761 0 -0.23683637 0.042258747 0.97063005 0 0 0 0 1 0.9765557 0.08428037 0.19808012 3.4099827 -0.07301861 0.99530697 -0.06350011 0 -0.20250234 0.047547854 0.97812676 0 0 0 0 1 0.9822283 0.06881802 0.17461881 3.4099827 -0.058881756 0.9963709 -0.06146502 0 -0.178215 0.050090816 0.9827158 0 0 0 0 1 0.9853028 0.051072173 0.16300318 3.4099827 -0.042321905 0.99749315 -0.05671209 0 -0.16549096 0.048979975 0.9849943 0 0 0 0 1 0.98654723 0.03255357 0.16020228 3.4099827 -0.024875509 0.9984543 -0.04970206 0 -0.16157262 0.045048315 0.9858321 0 0 0 0 1 0.9852386 0.014865888 0.17054006 3.4099827 -0.007957246 0.99912244 -0.041122634 0 -0.17100173 0.03915858 0.98449224 0 0 0 0 1 0.98034394 -0.0005064511 0.19729546 3.4099827 0.006868285 0.99947816 -0.03156228 0 -0.19717652 0.032296974 0.97983587 0 0 0 0 1 0.97005385 -0.012084392 0.24258904 3.4099827 0.018020526 0.9995897 -0.022265838 0 -0.24222042 0.025970643 0.9698736 0 0 0 0 1 0.9509212 -0.018288208 0.30889234 3.4099827 0.024043532 0.9996008 -0.014835581 0 -0.3084977 0.021534331 0.9509813 0 0 0 0 1 0.9199758 -0.018173803 0.39155352 3.4099827 0.024314605 0.9996468 -0.010730246 0 -0.3912202 0.019392038 0.92009276 0 0 0 0 1 0.8666778 -0.012639929 0.49870816 3.4099827 0.020221978 0.99974746 -0.0098037375 0 -0.4984583 0.018581547 0.86671454 0 0 0 0 1 0.7979188 -0.0036191028 0.60275406 3.4099827 0.013122236 0.99984926 -0.011367689 0 -0.6026221 0.016979974 0.797846 0 0 0 0 1 0.7314601 0.00708988 0.6818474 3.4099827 0.0044044466 0.99987596 -0.01512168 0 -0.68187004 0.014064066 0.73133814 0 0 0 0 1 0.68529826 0.017983098 0.7280404 3.4099827 -0.0049356394 0.9997868 -0.020049542 0 -0.7282458 0.010146572 0.6852409 0 0 0 0 1 0.6772814 0.02788121 0.73519564 3.4099827 -0.014382558 0.9995925 -0.024658483 0 -0.73558354 0.0061267363 0.6774063 0 0 0 0 1 0.69988227 0.036141448 0.71334326 3.4099827 -0.022860445 0.9993408 -0.028202416 0 -0.71389234 0.0034310278 0.70024705 0 0 0 0 1 0.736547 0.04242086 0.6750548 3.4099827 -0.029266719 0.99909544 -0.030851088 0 -0.6757529 0.0029666359 0.73712224 0 0 0 0 1 0.78078234 0.047223788 0.6230159 3.4099827 -0.034186434 0.9988748 -0.032869928 0 -0.62386715 0.004365569 0.7815182 0 0 0 0 1 0.8256767 0.0512209 0.5618135 3.4099827 -0.038353674 0.9986622 -0.034681696 0 -0.5628383 0.007088256 0.8265366 0 0 0 0 1 0.8643451 0.05515368 0.49986562 3.4099827 -0.04246239 0.9984224 -0.036738887 0 -0.5011033 0.010529585 0.8653234 0 0 0 0 1 0.8981687 0.059259877 0.4356389 3.4099827 -0.046917528 0.9981354 -0.039045006 0 -0.4371404 0.014629901 0.8992743 0 0 0 0 1 0.92800987 0.062187925 0.3673286 3.4099827 -0.050550513 0.9978702 -0.041227672 0 -0.36911014 0.019691035 0.92917705 0 0 0 0 1 0.9510865 0.062409308 0.30255497 3.4099827 -0.051695358 0.99772376 -0.04329955 0 -0.3045686 0.025540931 0.9521479 0 0 0 0 1 0.9656237 0.058515564 0.25327232 3.4099827 -0.048560873 0.9977886 -0.045384478 0 -0.25536796 0.0315252 0.9663299 0 0 0 0 1 0.97233325 0.049913954 0.22820303 3.4099827 -0.040262166 0.99809444 -0.046759218 0 -0.23010212 0.036277592 0.9724901 0 0 0 0 1 0.9739272 0.037704203 0.22370557 3.4099827 -0.028064033 0.9985417 -0.046118174 0 -0.2251182 0.038637664 0.97356504 0 0 0 0 1 0.9721602 0.023080345 0.23317772 3.4099827 -0.013407584 0.9989858 -0.04298274 0 -0.2339333 0.038659755 0.9714837 0 0 0 0 1 0.96767366 0.0073707732 0.2520978 3.4099827 0.0024322798 0.99925363 -0.0385522 0 -0.2521938 0.037919123 0.9669335 0 0 0 0 1 0.95144206 -0.008010099 0.3077237 3.4099827 0.01925648 0.99925226 -0.033527855 0 -0.30722505 0.037825484 0.9508849 0 0 0 0 1 0.9218454 -0.023131127 0.38686702 3.4099827 0.03692129 0.9989188 -0.028251572 0 -0.3857952 0.04032721 0.9217026 0 0 0 0 1 0.88796526 -0.038203366 0.45832112 3.4099827 0.055211723 0.99819183 -0.023764562 0 -0.45658448 0.0464068 0.8884689 0 0 0 0 1 0.84010065 -0.051255576 0.5400035 3.4099827 0.07368115 0.9970815 -0.01998801 0 -0.53740305 0.056580022 0.8414254 0 0 0 0 1 0.7815075 -0.060210455 0.62098366 3.4099827 0.09089433 0.9957006 -0.017847512 0 -0.6172392 0.07039185 0.7836203 0 0 0 0 1 0.7386952 -0.06578506 0.67082167 3.4099827 0.10576514 0.99421024 -0.018967822 0 -0.66568995 0.084961 0.74137604 0 0 0 0 1 0.7440169 -0.07155463 0.66431826 3.4099827 0.11577229 0.9930163 -0.022702415 0 -0.6580544 0.093800634 0.747105 0 0 0 0 1 0.7760463 -0.07751728 0.62589395 3.4099827 0.11975583 0.99247414 -0.025566895 0 -0.61920166 0.094795555 0.779489 0 0 0 0 1 0.81523275 -0.082610056 0.5732113 3.4099827 0.1194765 0.9924728 -0.026888702 0 -0.5666754 0.09040582 0.81896627 0 0 0 0 1 0.86575496 -0.087492205 0.4927611 3.4099827 0.11624483 0.9928271 -0.027954526 0 -0.4867808 0.0814827 0.86971545 0 0 0 0 1 0.90936637 -0.090376265 0.40606022 3.4099827 0.11113023 0.99341774 -0.027771031 0 -0.4008776 0.07037961 0.91342425 0 0 0 0 1 0.9408986 -0.08833023 0.3269673 3.4099827 0.10245129 0.99439335 -0.0261839 0 -0.32282126 0.05813461 0.9446729 0 0 0 0 1 0.9565346 -0.07924415 0.2806454 3.4099827 0.08914177 0.9957612 -0.022658281 0 -0.27766028 0.046690658 0.95954406 0 0 0 0 1 0.9622998 -0.065437 0.26400208 3.4099827 0.073006846 0.9971513 -0.018953979 0 -0.26200974 0.03751337 0.96433586 0 0 0 0 1 0.9614769 -0.049421098 0.27040654 3.4099827 0.056125116 0.9982771 -0.017111473 0 -0.269095 0.031628888 0.96259415 0 0 0 0 1 0.9556527 -0.03349368 0.29258522 3.4099827 0.040665884 0.9990022 -0.01846369 0 -0.29167488 0.02954311 0.9560612 0 0 0 0 1 0.9452827 -0.0204364 0.32561174 3.4099827 0.028196143 0.99941933 -0.019129502 0 -0.32503173 0.027263781 0.94531006 0 0 0 0 1 0.9112134 -0.01151379 0.41177365 3.4099827 0.019165417 0.9997118 -0.014457735 0 -0.4114885 0.021065895 0.9111715 0 0 0 0 1 0.8745605 -0.0075241756 0.48485807 3.4099827 0.012435269 0.9998988 -0.006913324 0 -0.48475698 0.0120754605 0.87456554 0 0 0 0 1 0.83055425 -0.007972786 0.5568808 3.4099827 0.008602658 0.9999619 0.001485971 0 -0.55687135 0.0035564748 0.83059114 0 0 0 0 1 0.7937323 -0.012186127 0.6081452 3.4099827 0.0084974095 0.9999239 0.008946106 0 -0.6082079 -0.0019331542 0.79377544 0 0 0 0 1 0.7783153 -0.01772104 0.62762356 3.4099827 0.01375051 0.99984294 0.011178717 0 -0.6277231 -7.042289E-05 0.7784367 0 0 0 0 1 0.7889073 -0.021480642 0.6141367 3.4099827 0.024857942 0.99968636 0.0030340082 0 -0.61400926 0.012872623 0.7891938 0 0 0 0 1 0.81515634 -0.02353298 0.57876277 3.4099827 0.039130434 0.99912906 -0.014487694 0 -0.5779178 0.034456976 0.8153672 0 0 0 0 1 0.8352221 -0.023562904 0.54940766 3.4099827 0.053676475 0.99780405 -0.038806558 0 -0.5472868 0.06190236 0.8346528 0 0 0 0 1 0.85514104 -0.023087459 0.51788104 3.4099827 0.06622498 0.99568766 -0.06496434 0 -0.5141479 0.08985034 0.85298234 0 0 0 0 1 0.8745389 -0.025471944 0.48428586 3.4099827 0.076922745 0.9932632 -0.08666696 0 -0.47881576 0.11304623 0.87060666 0 0 0 0 1 0.8925332 -0.03447897 0.4496618 3.4099827 0.085735634 0.991862 -0.094123 0 -0.4427572 0.12255994 0.8882258 0 0 0 0 1 0.9083262 -0.053156428 0.41487095 3.4099827 0.094011 0.99245816 -0.07866813 0 -0.40756038 0.11045876 0.90647304 0 0 0 0 1 0.92158777 -0.07783593 0.3802862 3.4099827 0.100780725 0.99407303 -0.040768456 0 -0.374859 0.07589723 0.92396986 0 0 0 0 1 0.93289006 -0.10254712 0.34525388 3.4099827 0.10204498 0.9945851 0.019681407 0 -0.34540266 0.01687084 0.93830293 0 0 0 0 1 0.94337416 -0.11963025 0.30940887 3.4099827 0.09652722 0.9913444 0.088987425 0 -0.31737635 -0.054082055 0.94675624 0 0 0 0 1 0.95436764 -0.11377621 0.27611125 3.4099827 0.08117913 0.9886037 0.12677804 0 -0.28738892 -0.098578386 0.9527276 0 0 0 0 1 0.96621686 -0.07422945 0.24680956 3.4099827 0.05230241 0.9941738 0.09424879 0 -0.25236765 -0.07815604 0.9644699 0 0 0 0 1 0.97669584 -0.02203057 0.21349457 3.4099827 0.019711744 0.9997214 0.012984181 0 -0.21372113 -0.008473244 0.97685796 0 0 0 0 1 0.98485094 0.02244255 0.17194477 3.4099827 -0.007405235 0.9961281 -0.087601386 0 -0.17324501 0.085001014 0.98120385 0 0 0 0 1 0.99052835 0.04403688 0.13005525 3.4099827 -0.02129622 0.9849851 -0.17132074 0 -0.13564691 0.16692835 0.9765935 0 0 0 0 1 0.9937269 0.054081507 0.09788785 3.4099827 -0.030613422 0.97340983 -0.22701578 0 -0.107562356 0.22259499 0.96895915 0 0 0 0 1 0.9946527 0.05876616 0.084926754 3.4099827 -0.038564395 0.974184 -0.22243726 0 -0.09580606 0.21797267 0.971241 0 0 0 0 1 0.9932273 0.065203056 0.09616682 3.4099827 -0.048626874 0.9849906 -0.16561694 0 -0.10552214 0.15981899 0.9814902 0 0 0 0 1 0.98976994 0.069017366 0.12486847 3.4099827 -0.059488863 0.995138 -0.078494735 0 -0.12967886 0.07026344 0.98906344 0 0 0 0 1 0.984955 0.06557401 0.15988632 3.4099827 -0.06880184 0.9975216 0.014730658 0 -0.15852411 -0.02550951 0.9870255 0 0 0 0 1 0.98059374 0.03732001 0.19246583 3.4099827 -0.05319681 0.9955336 0.07799376 0 -0.18869548 -0.08671876 0.9781993 0 0 0 0 1 0.9625703 0.001589572 0.2710275 3.4099827 -0.022559138 0.99698275 0.074272834 0 -0.2700917 -0.07760697 0.95970184 0 0 0 0 1 0.9270863 -0.018687548 0.3743819 3.4099827 0.017176958 0.9998253 0.007371518 0 -0.37445426 -0.00040329155 0.9272453 0 0 0 0 1 0.8780393 -0.0017535016 0.47858533 3.4099827 0.04519689 0.9958279 -0.0792721 0 -0.47644964 0.09123459 0.8744553 0 0 0 0 1 0.82389444 0.04036612 0.5653039 3.4099827 0.050918803 0.9881541 -0.1447711 0 -0.5644512 0.14806071 0.8120793 0 0 0 0 1 0.7701887 0.06848436 0.63412875 3.4099827 0.036605954 0.98783374 -0.15114383 0 -0.6367648 0.13962217 0.75831145 0 0 0 0 1 0.74384844 0.05669391 0.6659394 3.4099827 0.012052089 0.99509585 -0.098178305 0 -0.66823965 0.08105574 0.7395172 0 0 0 0 1 0.75322527 0.032492302 0.6569596 3.4099827 -0.0011093989 0.9988405 -0.04812929 0 -0.65776163 0.03552337 0.752388 0 0 0 0 1 0.782614 0.029081572 0.6218276 3.4099827 -0.0044473484 0.9991439 -0.041130558 0 -0.62249136 0.029423868 0.7820734 0 0 0 0 1 0.782614 0.029081572 0.6218276 3.4099827 -0.0044473484 0.9991439 -0.041130558 0 -0.62249136 0.029423868 0.7820734 0 0 0 0 1</float_array>
        <technique_common>
          <accessor source="#Motion_125_Head_transform_pose_array_id" count="88" stride="16">
            <param name="TRANSFORM" type="float4x4" />
          </accessor>
        </technique_common>
      </source>
      <sampler id="Motion_125_Head_transform_samp_id">
        <input semantic="INPUT" source="#Motion_125_Head_transform_frame_id" />
        <input semantic="INTERPOLATION" source="#Motion_125_Head_transform_interp_id" />
        <input semantic="OUTPUT" source="#Motion_125_Head_transform_pose_id" />
      </sampler>
      <channel source="#Motion_125_Head_transform_samp_id" target="Head_bone_id/transform" />
    </animation>
    <animation id="Motion_125_Hair_transform_id" name="Motion_125_Hair_transform">
      <source id="Motion_125_Hair_transform_frame_id" name="Motion_125_Hair_transform_frame">
        <float_array id="Motion_125_Hair_transform_frame_array_id" count="88">0 0.033333335 0.06666667 0.1 0.13333334 0.16666667 0.2 0.23333333 0.26666668 0.3 0.33333334 0.36666667 0.4 0.43333334 0.46666667 0.5 0.53333336 0.56666666 0.6 0.6333333 0.6666667 0.7 0.73333335 0.76666665 0.8 0.8333333 0.8666667 0.9 0.93333334 0.96666664 1 1.0333333 1.0666667 1.1 1.1333333 1.1666666 1.2 1.2333333 1.2666667 1.3 1.3333334 1.3666667 1.4 1.4333333 1.4666667 1.5 1.5333333 1.5666667 1.6 1.6333333 1.6666666 1.7 1.7333333 1.7666667 1.8 1.8333334 1.8666667 1.9 1.9333333 1.9666667 2 2.0333333 2.0666666 2.1 2.1333334 2.1666667 2.2 2.2333333 2.2666667 2.3 2.3333333 2.3666666 2.4 2.4333334 2.4666667 2.5 2.5333333 2.5666666 2.6 2.6333334 2.6666667 2.7 2.7333333 2.7666667 2.8 2.8333333 2.8666666 2.9</float_array>
        <technique_common>
          <accessor source="#Motion_125_Hair_transform_frame_array_id" count="88" stride="1">
            <param name="TIME" type="float" />
          </accessor>
        </technique_common>
      </source>
      <source id="Motion_125_Hair_transform_interp_id" name="Motion_125_Hair_transform_interp">
        <Name_array id="Motion_125_Hair_transform_interp_array_id" count="88">LINEAR LINEAR LINEAR LINEAR LINEAR LINEAR LINEAR LINEAR LINEAR LINEAR LINEAR LINEAR LINEAR LINEAR LINEAR LINEAR LINEAR LINEAR LINEAR LINEAR LINEAR LINEAR LINEAR LINEAR LINEAR LINEAR LINEAR LINEAR LINEAR LINEAR LINEAR LINEAR LINEAR LINEAR LINEAR LINEAR LINEAR LINEAR LINEAR LINEAR LINEAR LINEAR LINEAR LINEAR LINEAR LINEAR LINEAR LINEAR LINEAR LINEAR LINEAR LINEAR LINEAR LINEAR LINEAR LINEAR LINEAR LINEAR LINEAR LINEAR LINEAR LINEAR LINEAR LINEAR LINEAR LINEAR LINEAR LINEAR LINEAR LINEAR LINEAR LINEAR LINEAR LINEAR LINEAR LINEAR LINEAR LINEAR LINEAR LINEAR LINEAR LINEAR LINEAR LINEAR LINEAR LINEAR LINEAR LINEAR</Name_array>
        <technique_common>
          <accessor source="#Motion_125_Hair_transform_interp_array_id" count="88" stride="1">
            <param name="INTERPOLATION" type="Name" />
          </accessor>
        </technique_common>
      </source>
      <source id="Motion_125_Hair_transform_pose_id" name="Motion_125_Hair_transform_pose">
        <float_array id="Motion_125_Hair_transform_pose_array_id" count="1408">-0.9905801 0.13283214 0.033275504 20.133497 0.12869465 0.98608553 -0.10522814 0 -0.04679017 -0.0999545 -0.9938915 -15.15181 0 0 0 1 -0.99414325 0.102011055 -0.035682786 20.133497 0.105676934 0.98671967 -0.12335603 0 0.022625228 -0.12640439 -0.9917209 -15.15181 0 0 0 1 -0.9947686 0.059931006 -0.08272626 20.133497 0.07370609 0.9817987 -0.17503902 0 0.07073028 -0.18022075 -0.9810798 -15.15181 0 0 0 1 -0.9941989 0.0073005985 -0.107307255 20.133497 0.034328133 0.9670513 -0.25225636 0 0.10193001 -0.2544767 -0.961692 -15.15181 0 0 0 1 -0.9925877 -0.05347036 -0.10913505 20.133497 -0.012689777 0.9387008 -0.34449935 0 0.12086566 -0.3405609 -0.93242145 -15.15181 0 0 0 1 -0.9891324 -0.113021836 -0.0940354 20.133497 -0.06046019 0.89568305 -0.44056377 0 0.13401924 -0.43009064 -0.89278245 -15.15181 0 0 0 1 -0.9851259 -0.158149 -0.0671982 20.133497 -0.09901711 0.8420715 -0.5301992 0 0.14043617 -0.5156593 -0.8452059 -15.15181 0 0 0 1 -0.9831089 -0.18006216 -0.032781832 20.133497 -0.12380813 0.7861978 -0.60544574 0 0.13479087 -0.5911604 -0.7952112 -15.15181 0 0 0 1 -0.98376596 -0.17939095 0.0048046 20.133497 -0.13754325 0.7365393 -0.66226256 0 0.11526513 -0.6521723 -0.74925625 -15.15181 0 0 0 1 -0.98664546 -0.157273 0.04238035 20.133497 -0.14187995 0.7020197 -0.69788134 0 0.08000605 -0.69457436 -0.7149584 -15.15181 0 0 0 1 -0.9902369 -0.11492893 0.07887694 20.133497 -0.136814 0.69301474 -0.7078223 0 0.026686396 -0.71170354 -0.7019725 -15.15181 0 0 0 1 -0.9922286 -0.052101944 0.11299384 20.133497 -0.11594707 0.71667755 -0.6876987 0 -0.045149703 -0.6954557 -0.717149 -15.15181 0 0 0 1 -0.98771906 0.025591595 0.15413098 20.133497 -0.079521134 0.76681995 -0.63691723 0 -0.13449045 -0.64135194 -0.75536764 -15.15181 0 0 0 1 -0.97155476 0.10740401 0.21105891 20.133497 -0.030815482 0.8263236 -0.56235194 0 -0.23480183 -0.55285954 -0.7995089 -15.15181 0 0 0 1 -0.9405048 0.18043736 0.28791264 20.133497 0.024272658 0.88086057 -0.4727532 0 -0.33891323 -0.43763807 -0.8328333 -15.15181 0 0 0 1 -0.8930787 0.23512582 0.38357046 20.133497 0.07859643 0.92099464 -0.38156444 0 -0.442982 -0.31061977 -0.8410008 -15.15181 0 0 0 1 -0.83966017 0.2625981 0.4754082 20.133497 0.12469773 0.94516915 -0.30183724 0 -0.5286031 -0.19415839 -0.8263663 -15.15181 0 0 0 1 -0.7953737 0.27032146 0.5425008 20.133497 0.15730509 0.9564328 -0.24594986 0 -0.58535105 -0.110283904 -0.80324435 -15.15181 0 0 0 1 -0.75211847 0.2721198 0.6002237 20.133497 0.17209664 0.9602674 -0.21970257 0 -0.6361607 -0.061945885 -0.76906586 -15.15181 0 0 0 1 -0.7264786 0.27914062 0.6279406 20.133497 0.16677576 0.9580809 -0.23295243 0 -0.6666444 -0.064509675 -0.7425791 -15.15181 0 0 0 1 -0.74057794 0.30280167 0.59987926 20.133497 0.13529392 0.941626 -0.30827904 0 -0.6582093 -0.14714468 -0.7383146 -15.15181 0 0 0 1 -0.8037939 0.30761272 0.5092046 20.133497 0.084458165 0.9062749 -0.41416496 0 -0.58888173 -0.28989685 -0.75443864 -15.15181 0 0 0 1 -0.89096093 0.25043657 0.37877434 20.133497 0.016950846 0.8519202 -0.5233972 0 -0.4537633 -0.45990592 -0.76327276 -15.15181 0 0 0 1 -0.9564357 0.12989366 0.26145488 20.133497 -0.059467535 0.7901091 -0.6100748 0 -0.28582275 -0.59904534 -0.74796414 -15.15181 0 0 0 1 -0.9843681 -0.017652094 0.17523633 20.133497 -0.12865369 0.751568 -0.6469882 0 -0.120281324 -0.65941936 -0.7420906 -15.15181 0 0 0 1 -0.9849986 -0.14211178 0.097889915 20.133497 -0.17166656 0.74919605 -0.63971555 0 0.017572373 -0.6469232 -0.7623528 -15.15181 0 0 0 1 -0.97975504 -0.19699655 0.035669334 20.133497 -0.17755322 0.7727088 -0.6094227 0 0.092492156 -0.60341823 -0.79204273 -15.15181 0 0 0 1 -0.9819459 -0.18907335 -0.0057724155 20.133497 -0.15390071 0.8162766 -0.5567827 0 0.10998468 -0.5458422 -0.83063793 -15.15181 0 0 0 1 -0.988142 -0.14847124 -0.039142434 20.133497 -0.110939026 0.8666078 -0.48650128 0 0.10615258 -0.47638983 -0.87280285 -15.15181 0 0 0 1 -0.99472713 -0.08441757 -0.05823576 20.133497 -0.05375937 0.91278374 -0.40488982 0 0.087336466 -0.39962423 -0.91250896 -15.15181 0 0 0 1 -0.9986726 -0.009370183 -0.05064627 20.133497 0.0073392903 0.9473894 -0.31999913 0 0.05098019 -0.31994608 -0.94606304 -15.15181 0 0 0 1 -0.9977497 0.06655203 -0.008156271 20.133497 0.066526815 0.967447 -0.2441732 0 -0.008359461 -0.24416631 -0.9696975 -15.15181 0 0 0 1 -0.98892593 0.13123639 0.06930259 20.133497 0.11606413 0.97490776 -0.18995781 0 -0.09249301 -0.17981063 -0.9793434 -15.15181 0 0 0 1 -0.9709141 0.1727575 0.16577023 20.133497 0.14542964 0.9755342 -0.16487345 0 -0.19019765 -0.13597012 -0.9722841 -15.15181 0 0 0 1 -0.9460368 0.18986316 0.26261458 20.133497 0.14681043 0.97356266 -0.17499268 0 -0.2888964 -0.12699494 -0.9489 -15.15181 0 0 0 1 -0.91676414 0.19646388 0.3477718 20.133497 0.1211857 0.96644163 -0.22650525 0 -0.38060126 -0.16550696 -0.90980756 -15.15181 0 0 0 1 -0.87636805 0.21095553 0.4329868 20.133497 0.0773505 0.9489542 -0.3057823 0 -0.4753911 -0.23448597 -0.8479506 -15.15181 0 0 0 1 -0.83177626 0.23985901 0.50061655 20.133497 0.026830114 0.91814685 -0.39533094 0 -0.55446315 -0.3153951 -0.77012813 -15.15181 0 0 0 1 -0.7956486 0.27401358 0.54024065 20.133497 -0.024840303 0.87633264 -0.48106563 0 -0.60524905 -0.3961789 -0.69044626 -15.15181 0 0 0 1 -0.7879349 0.29862985 0.53849685 20.133497 -0.06555483 0.82887334 -0.55558217 0 -0.61225915 -0.47306362 -0.6335217 -15.15181 0 0 0 1 -0.82588685 0.28405833 0.48705396 20.133497 -0.09310455 0.7832583 -0.61468524 0 -0.55609554 -0.5530074 -0.6204355 -15.15181 0 0 0 1 -0.897665 0.20749469 0.3887726 20.133497 -0.11245121 0.74515104 -0.6573468 0 -0.42609024 -0.63379496 -0.645563 -15.15181 0 0 0 1 -0.9593117 0.08820773 0.2682174 20.133497 -0.123321734 0.7236506 -0.6790593 0 -0.25399396 -0.6845066 -0.6833285 -15.15181 0 0 0 1 -0.9903866 -0.030533567 0.13491845 20.133497 -0.113478854 0.73709506 -0.6661933 0 -0.07910648 -0.67509896 -0.73347414 -15.15181 0 0 0 1 -0.99500525 -0.09920405 0.011109695 20.133497 -0.08525626 0.7866282 -0.6115125 0 0.05192531 -0.6094052 -0.791157 -15.15181 0 0 0 1 -0.99361384 -0.09008445 -0.06794354 20.133497 -0.04185215 0.8534421 -0.51950455 0 0.10478516 -0.51334333 -0.85176206 -15.15181 0 0 0 1 -0.9952153 -0.027823819 -0.09365932 20.133497 0.012027504 0.91641563 -0.4000471 0 0.0969617 -0.39925954 -0.9116962 -15.15181 0 0 0 1 -0.99556446 0.045303494 -0.08245488 20.133497 0.06630305 0.9596454 -0.27328488 0 0.06674669 -0.27753976 -0.9583925 -15.15181 0 0 0 1 -0.9931967 0.113167144 -0.027456705 20.133497 0.116109185 0.9804011 -0.15916152 0 0.0089067295 -0.16126664 -0.9868709 -15.15181 0 0 0 1 -0.9850458 0.15995266 0.064032555 20.133497 0.15525602 0.9852002 -0.07263697 0 -0.074703366 -0.06160929 -0.9953009 -15.15181 0 0 0 1 -0.9689208 0.17488253 0.17495453 20.133497 0.18030918 0.98348796 0.015492077 0 -0.16935638 0.046556495 -0.9844549 -15.15181 0 0 0 1 -0.94780123 0.15458488 0.27888387 20.133497 0.1886715 0.97696847 0.09967783 0 -0.25705206 0.14709222 -0.9551377 -15.15181 0 0 0 1 -0.93599105 0.11182922 0.33378792 20.133497 0.17719334 0.96898776 0.17223597 0 -0.30417538 0.22035637 -0.92677927 -15.15181 0 0 0 1 -0.9321259 0.06054486 0.35703784 20.133497 0.14774011 0.9637233 0.22228423 0 -0.3306275 0.25994563 -0.90725636 -15.15181 0 0 0 1 -0.9363296 0.014854055 0.3508075 20.133497 0.10467699 0.9654823 0.23850928 0 -0.3351556 0.2600448 -0.90556455 -15.15181 0 0 0 1 -0.9479952 -0.0055099744 0.31823647 20.133497 0.060931586 0.97821593 0.19844614 0 -0.31239742 0.20751669 -0.9270083 -15.15181 0 0 0 1 -0.96560013 -0.003951704 0.26000214 20.133497 0.023509076 0.9944631 0.10242295 0 -0.25896728 0.105012015 -0.96016073 -15.15181 0 0 0 1 -0.9826852 0.01025717 0.18499738 20.133497 0.0046642516 0.9995195 -0.030642312 0 -0.1852228 -0.029248882 -0.98226094 -15.15181 0 0 0 1 -0.99500763 0.029589603 0.095310874 20.133497 0.0127782095 0.98494744 -0.17238103 0 -0.09897689 -0.17030255 -0.9804083 -15.15181 0 0 0 1 -0.9992138 0.03964472 0.00066980254 20.133497 0.037803613 0.9576336 -0.2854974 0 -0.011959888 -0.2852476 -0.9583795 -15.15181 0 0 0 1 -0.99580777 0.05011344 -0.07652478 20.133497 0.073505 0.9363299 -0.34334135 0 0.05444643 -0.34752685 -0.9360882 -15.15181 0 0 0 1 -0.98655534 0.06890416 -0.14819199 20.133497 0.116349906 0.93290687 -0.34080428 0 0.114766486 -0.35346437 -0.9283812 -15.15181 0 0 0 1 -0.97250533 0.10207006 -0.2093201 20.133497 0.16218603 0.94187015 -0.2942385 0 0.16711941 -0.32009733 -0.932528 -15.15181 0 0 0 1 -0.9561814 0.14735949 -0.25298676 20.133497 0.20422435 0.9548664 -0.21569076 0 0.20978448 -0.25790554 -0.9431199 -15.15181 0 0 0 1 -0.94066894 0.2007525 -0.27356926 20.133497 0.23975036 0.96373856 -0.11716526 0 0.24012803 -0.17580207 -0.9546895 -15.15181 0 0 0 1 -0.9302609 0.25250342 -0.26618797 20.133497 0.26801422 0.96313995 -0.02301789 0 0.25056416 -0.092754826 -0.96364594 -15.15181 0 0 0 1 -0.93048036 0.2886692 -0.22555742 20.133497 0.28788778 0.9569455 0.03709356 0 0.22655392 -0.030420396 -0.9735234 -15.15181 0 0 0 1 -0.9394251 0.29814965 -0.16907606 20.133497 0.29629368 0.95439136 0.036703147 0 0.17230776 -0.015616305 -0.9849191 -15.15181 0 0 0 1 -0.9649818 0.23732434 -0.11174715 20.133497 0.24610569 0.96652347 -0.07255619 0 0.0907869 -0.097517006 -0.99108446 -15.15181 0 0 0 1 -0.99406385 0.10180046 -0.038391314 20.133497 0.10848434 0.95424765 -0.2786441 0 0.008268723 -0.2811549 -0.9596269 -15.15181 0 0 0 1 -0.9970963 -0.052191023 0.05545423 20.133497 -0.07258669 0.87157404 -0.48486066 0 -0.0230271 -0.48747796 -0.8728317 -15.15181 0 0 0 1 -0.97267103 -0.18659876 0.13817532 20.133497 -0.23164909 0.73933053 -0.6322413 0 0.015818194 -0.6469708 -0.7623508 -15.15181 0 0 0 1 -0.9463531 -0.2784596 0.16393903 20.133497 -0.31106752 0.6477134 -0.6954885 0 0.08747993 -0.70917386 -0.6995853 -15.15181 0 0 0 1 -0.94550157 -0.30834806 0.104634576 20.133497 -0.29730076 0.6864231 -0.66365325 0 0.13281259 -0.65859306 -0.7406862 -15.15181 0 0 0 1 -0.9699576 -0.24264444 -0.01750118 20.133497 -0.20659988 0.85958135 -0.46737188 0 0.12844887 -0.44971508 -0.88388777 -15.15181 0 0 0 1 -0.99210536 -0.08536582 -0.09186881 20.133497 -0.07606681 0.99203914 -0.100359984 0 0.099704765 -0.09257949 -0.99070084 -15.15181 0 0 0 1 -0.99577165 0.08355335 -0.0381774 20.133497 0.0683404 0.9515108 0.29992804 0 0.061386198 0.29605082 -0.9531976 -15.15181 0 0 0 1 -0.9793215 0.16700596 0.1141853 20.133497 0.202308 0.8108308 0.5492039 0 -0.0008646287 0.5609478 -0.8278506 -15.15181 0 0 0 1 -0.9447112 0.17071347 0.27996033 20.133497 0.30776858 0.7562111 0.57742816 0 -0.11313434 0.63166577 -0.7669413 -15.15181 0 0 0 1 -0.9064442 0.14261797 0.39751536 20.133497 0.29031944 0.89401096 0.34126082 0 -0.30671316 0.42474046 -0.85177577 -15.15181 0 0 0 1 -0.8569716 0.1887005 0.47957477 20.133497 0.13482335 0.9802359 -0.14477667 0 -0.4974158 -0.05941161 -0.86547554 -15.15181 0 0 0 1 -0.801981 0.29832798 0.51752037 20.133497 -0.06669277 0.81622624 -0.57387006 0 -0.59361523 -0.49474764 -0.6347016 -15.15181 0 0 0 1 -0.77582145 0.36865902 0.512047 20.133497 -0.18868078 0.63885283 -0.7458329 0 -0.60208064 -0.67524636 -0.4260769 -15.15181 0 0 0 1 -0.8041936 0.32819223 0.49554232 20.133497 -0.17972668 0.6604271 -0.729064 0 -0.5665427 -0.67537093 -0.47212636 -15.15181 0 0 0 1 -0.8718617 0.21635614 0.4393717 20.133497 -0.09838234 0.8014712 -0.5898855 0 -0.4797691 -0.5575249 -0.6774864 -15.15181 0 0 0 1 -0.9405353 0.127588 0.31482556 20.133497 0.00078669935 0.92759997 -0.37357426 0 -0.33969578 -0.351112 -0.87254095 -15.15181 0 0 0 1 -0.98035836 0.112298846 0.1621316 20.133497 0.081624 0.97938 -0.18480344 0 -0.17954166 -0.16793974 -0.9693097 -15.15181 0 0 0 1 -0.98035836 0.112298846 0.1621316 20.133497 0.081624 0.97938 -0.18480344 0 -0.17954166 -0.16793974 -0.9693097 -15.15181 0 0 0 1</float_array>
        <technique_common>
          <accessor source="#Motion_125_Hair_transform_pose_array_id" count="88" stride="16">
            <param name="TRANSFORM" type="float4x4" />
          </accessor>
        </technique_common>
      </source>
      <sampler id="Motion_125_Hair_transform_samp_id">
        <input semantic="INPUT" source="#Motion_125_Hair_transform_frame_id" />
        <input semantic="INTERPOLATION" source="#Motion_125_Hair_transform_interp_id" />
        <input semantic="OUTPUT" source="#Motion_125_Hair_transform_pose_id" />
      </sampler>
      <channel source="#Motion_125_Hair_transform_samp_id" target="Hair_bone_id/transform" />
    </animation>
  </library_animations>
  <library_visual_scenes>
    <visual_scene id="tr0060_00_fi_00_clip_id" name="tr0060_00_fi_00_clip">
      <node id="tr0060_00_fi_bone_id" name="tr0060_00_fi" sid="tr0060_00_fi" type="JOINT">
        <matrix sid="transform">1 0 0 0 0 1 0 0 0 0 1 0 0 0 0 1</matrix>
        <node id="Origin_bone_id" name="Origin" sid="Origin" type="JOINT">
          <matrix sid="transform">1 0 0 0 0 1 0 0 0 0 1 0 0 0 0 1</matrix>
          <node id="Waist_bone_id" name="Waist" sid="Waist" type="JOINT">
            <matrix sid="transform">3.1391647E-07 -1 0 0 1 3.1391647E-07 0 56.6 0 0 1 0 0 0 0 1</matrix>
            <node id="Spine2_bone_id" name="Spine2" sid="Spine2" type="JOINT">
              <matrix sid="transform">1 0 0 10.700001 0 1 0 0 0 0 1 0 0 0 0 1</matrix>
              <node id="Spine3_bone_id" name="Spine3" sid="Spine3" type="JOINT">
                <matrix sid="transform">0.9934596 0 0.1141844 10.699997 0 1 0 0 -0.1141844 0 0.9934596 0 0 0 0 1</matrix>
                <node id="Neck_bone_id" name="Neck" sid="Neck" type="JOINT">
                  <matrix sid="transform">0.97238564 0 -0.23337978 11.139861 0 1 0 0 0.23337978 0 0.97238564 0 0 0 0 1</matrix>
                  <node id="Head_bone_id" name="Head" sid="Head" type="JOINT">
                    <matrix sid="transform">0.9926742 0 0.120822094 3.409983 0 1 0 0 -0.120822094 0 0.9926742 0 0 0 0 1</matrix>
                    <node id="Hair_bone_id" name="Hair" sid="Hair" type="JOINT">
                      <matrix sid="transform">-0.97066236 0.232273 0.06215958 20.133497 0.22409488 0.9676052 -0.11628279 0 -0.08715528 -0.098941684 -0.9912691 -15.15181 0 0 0 1</matrix>
                    </node>
                    <node id="Loc_Head_bone_id" name="Loc_Head" sid="Loc_Head" type="JOINT">
                      <matrix sid="transform">3.1391647E-07 1 0 28.54088 -1 3.1391647E-07 0 0 0 0 1 0.043989 0 0 0 1</matrix>
                    </node>
                    <node id="Loc_Eye_bone_id" name="Loc_Eye" sid="Loc_Eye" type="JOINT">
                      <matrix sid="transform">3.1391647E-07 1 0 7.481961 -1 3.1391647E-07 0 0 0 0 1 10.227155 0 0 0 1</matrix>
                    </node>
                    <node id="Loc_Mouth_bone_id" name="Loc_Mouth" sid="Loc_Mouth" type="JOINT">
                      <matrix sid="transform">3.1391647E-07 1 0 0.988389 -1 3.1391647E-07 0 0 0 0 1 10.064062 0 0 0 1</matrix>
                    </node>
                  </node>
                </node>
                <node id="LShoulder_bone_id" name="LShoulder" sid="LShoulder" type="JOINT">
                  <matrix sid="transform">-0.67374367 0.7300901 -0.11418423 9.530002 -0.7348966 -0.6781792 -3.0079892E-08 -3.120002 -0.07743739 0.08391358 0.99345964 -0.185056 0 0 0 1</matrix>
                  <node id="LArm_bone_id" name="LArm" sid="LArm" type="JOINT">
                    <matrix sid="transform">0.73489666 -0.6781791 0 7.079999 0.6781791 0.73489666 0 0 0 0 1 0 0 0 0 1</matrix>
                    <node id="LForeArm_bone_id" name="LForeArm" sid="LForeArm" type="JOINT">
                      <matrix sid="transform">1 0 0 14.9 0 1 0 0 0 0 1 0 0 0 0 1</matrix>
                      <node id="LHand_bone_id" name="LHand" sid="LHand" type="JOINT">
                        <matrix sid="transform">1 0 0 14.9 0 1 0 0 0 0 1 0 0 0 0 1</matrix>
                      </node>
                    </node>
                  </node>
                </node>
                <node id="RShoulder_bone_id" name="RShoulder" sid="RShoulder" type="JOINT">
                  <matrix sid="transform">-0.67374295 -0.73009074 -0.11418423 9.529964 0.73489726 -0.6781785 1.4243439E-07 3.120001 -0.07743739 -0.08391358 0.99345964 -0.185066 0 0 0 1</matrix>
                  <node id="RArm_bone_id" name="RArm" sid="RArm" type="JOINT">
                    <matrix sid="transform">0.7348974 0.6781783 0 7.079994 -0.6781783 0.7348974 0 0 0 0 1 0 0 0 0 1</matrix>
                    <node id="RForeArm_bone_id" name="RForeArm" sid="RForeArm" type="JOINT">
                      <matrix sid="transform">1 0 0 14.90003 0 1 0 0 0 0 1 0 0 0 0 1</matrix>
                      <node id="RHand_bone_id" name="RHand" sid="RHand" type="JOINT">
                        <matrix sid="transform">1 0 0 14.9 0 1 0 0 0 0 1 0 0 0 0 1</matrix>
                      </node>
                    </node>
                  </node>
                </node>
              </node>
            </node>
            <node id="Hips_bone_id" name="Hips" sid="Hips" type="JOINT">
              <matrix sid="transform">-1 -3.2584137E-07 0 -0.009998 3.2584137E-07 -1 0 0 0 0 1 0 0 0 0 1</matrix>
              <node id="LThigh_bone_id" name="LThigh" sid="LThigh" type="JOINT">
                <matrix sid="transform">1 0 0 6 0 1 0 6 0 0 1 0 0 0 0 1</matrix>
                <node id="LLeg_bone_id" name="LLeg" sid="LLeg" type="JOINT">
                  <matrix sid="transform">1 0 0 21.1 0 1 0 0 0 0 1 0 0 0 0 1</matrix>
                  <node id="LFoot_bone_id" name="LFoot" sid="LFoot" type="JOINT">
                    <matrix sid="transform">3.1391647E-07 0 -1 21.100002 0 1 0 0 1 0 3.1391647E-07 2E-06 0 0 0 1</matrix>
                  </node>
                </node>
              </node>
              <node id="RThigh_bone_id" name="RThigh" sid="RThigh" type="JOINT">
                <matrix sid="transform">1 0 0 6 0 1 0 -6 0 0 1 0 0 0 0 1</matrix>
                <node id="RLeg_bone_id" name="RLeg" sid="RLeg" type="JOINT">
                  <matrix sid="transform">1 0 0 21.1 0 1 0 0 0 0 1 0 0 0 0 1</matrix>
                  <node id="RFoot_bone_id" name="RFoot" sid="RFoot" type="JOINT">
                    <matrix sid="transform">3.1391647E-07 0 -1 21.100002 0 1 0 0 1 0 3.1391647E-07 2E-06 0 0 0 1</matrix>
                  </node>
                </node>
              </node>
            </node>
          </node>
          <node id="CamTgtHead_bone_id" name="CamTgtHead" sid="CamTgtHead" type="JOINT">
            <matrix sid="transform">1 0 0 0 0 1 0 99.93396 0 0 1 0 0 0 0 1</matrix>
          </node>
          <node id="CamTgtBust_bone_id" name="CamTgtBust" sid="CamTgtBust" type="JOINT">
            <matrix sid="transform">1 0 0 0 0 1 0 77.99999 0 0 1 0 0 0 0 1</matrix>
          </node>
          <node id="CamTgtBody_bone_id" name="CamTgtBody" sid="CamTgtBody" type="JOINT">
            <matrix sid="transform">1 0 0 0 0 1 0 56.6 0 0 1 0 0 0 0 1</matrix>
          </node>
          <node id="CamTgtFoot_bone_id" name="CamTgtFoot" sid="CamTgtFoot" type="JOINT">
            <matrix sid="transform">1 0 0 0 0 1 0 0 0 0 1 0 0 0 0 1</matrix>
          </node>
        </node>
        <node id="tr0060_00_fi_HeadSkin_bone_id" name="tr0060_00_fi_HeadSkin" sid="tr0060_00_fi_HeadSkin" type="JOINT">
          <matrix sid="transform">1 0 0 0 0 1 0 0 0 0 1 0 0 0 0 1</matrix>
        </node>
        <node id="tr0060_00_fi_BottomSkin_bone_id" name="tr0060_00_fi_BottomSkin" sid="tr0060_00_fi_BottomSkin" type="JOINT">
          <matrix sid="transform">1 0 0 0 0 1 0 0 0 0 1 0 0 0 0 1</matrix>
        </node>
        <node id="tr0060_00_fi_FaceSkin_bone_id" name="tr0060_00_fi_FaceSkin" sid="tr0060_00_fi_FaceSkin" type="JOINT">
          <matrix sid="transform">1 0 0 0 0 1 0 0 0 0 1 0 0 0 0 1</matrix>
        </node>
        <node id="tr0060_00_fi_BodySkin_bone_id" name="tr0060_00_fi_BodySkin" sid="tr0060_00_fi_BodySkin" type="JOINT">
          <matrix sid="transform">1 0 0 0 0 1 0 0 0 0 1 0 0 0 0 1</matrix>
        </node>
      </node>
    </visual_scene>
  </library_visual_scenes>
  <scene>
    <instance_visual_scene url="#tr0060_00_fi_00_clip_id" />
  </scene>
</COLLADA>