<?xml version="1.0" encoding="utf-8"?>
<COLLADA version="1.4.1" xmlns="http://www.collada.org/2005/11/COLLADASchema">
	<asset>
		<created>2026-02-16T12:35:51Z</created>
		<modified>2026-02-16T12:35:51Z</modified>
	</asset>
	<library_images />
	<library_materials>
		<material id="PressShadow_mat_id" name="PressShadow_mat">
			<instance_effect url="#eff_PressShadow_id" />
		</material>
	</library_materials>
	<library_effects>
		<effect id="eff_PressShadow_id" name="eff_PressShadow">
			<profile_COMMON>
				<newparam sid="img_surface">
					<surface type="2D">
						<init_from>??????????_id</init_from>
						<format>PNG</format>
					</surface>
				</newparam>
				<newparam sid="img_sampler">
					<sampler2D>
						<source>img_surface</source>
						<wrap_s>CLAMP</wrap_s>
						<wrap_t>NONE</wrap_t>
						<minfilter>LINEAR_MIPMAP_LINEAR</minfilter>
						<magfilter>LINEAR</magfilter>
						<mipfilter>LINEAR</mipfilter>
					</sampler2D>
				</newparam>
				<technique sid="img_technique">
					<phong>
						<emission>
							<color>0 0 0 1</color>
						</emission>
						<ambient>
							<color>0 0 0 1</color>
						</ambient>
						<diffuse>
							<texture texture="img_sampler" texcoord="uv" />
						</diffuse>
						<specular>
							<color>1 1 1 1</color>
						</specular>
					</phong>
				</technique>
			</profile_COMMON>
		</effect>
	</library_effects>
	<library_geometries>
		<geometry id="mesh_0_PressShadow_id" name="mesh_0_PressShadow">
			<mesh>
				<source id="mesh_0_PressShadow_position_id" name="mesh_0_PressShadow_position">
					<float_array id="mesh_0_PressShadow_position_array_id" count="1479">16.439327 29.604258 23.23248 13.116568 24.295115 34.06595 21.206287 19.071354 29.286163 17.16211 18.249954 33.354195 11.536553 19.501886 35.837875 18.25151 16.028158 31.714901 19.611986 11.938236 29.161333 16.30312 13.221003 32.02435 13.62059 5.155549 26.695322 10.820346 11.553066 34.394474 -0.387056 19.043112 37.763603 7.472317 17.939217 37.0503 -3.23593 25.762205 35.487602 0.000222 6.067508 32.5306 2.239159 10.972115 36.19587 20.915169 7.982717 20.369286 23.8632 17.303368 24.714113 22.506874 22.399694 24.902512 21.129478 26.189814 22.678198 10.77013 28.887806 30.472197 13.116404 29.696697 28.032537 -3.962048 30.708498 30.663794 3.0476 34.849304 22.06391 0.00088 0.564335 20.583712 13.169785 1.789041 15.357677 0.819679 0.576825 -3.114525 11.200095 2.994274 -2.365011 20.915169 7.982717 20.369286 11.930813 32.55989 9.499417 0.74783 35.143723 9.963878 8.092278 29.910337 -1.709032 -0.007674 31.570547 -1.930971 2.1329 22.329235 -16.287807 12.994522 18.778906 -11.173316 3.551414 15.375694 -28.563698 7.182278 11.714434 -26.144758 2.181668 10.118204 -36.29638 -0.573316 5.096561 -24.968473 6.616297 7.587338 -24.384626 14.105303 13.065832 -12.135622 13.435026 24.778366 -4.3156 -0 10.251873 -36.990852 23.135012 16.545145 5.241566 21.75087 10.428911 4.078346 11.498108 8.401162 -14.419501 10.000814 6.257018 -14.56692 18.378094 28.11398 9.528893 23.129982 22.299385 11.788599 25.54228 17.265488 15.374933 16.439327 29.604258 23.23248 10.000814 6.257018 -14.56692 6.947129 6.701196 -21.935823 -5.303693 0.788821 -2.423238 -5.768072 5.073618 -19.541739 -7.041815 8.29866 -24.831686 -6.079982 10.804167 -28.54206 -3.871808 11.988216 -32.59844 -13.786985 2.788305 1.02645 -8.23553 1.028223 19.45136 -16.616741 3.796993 20.339464 -14.105303 13.065832 -12.135622 -19.596376 17.250465 -1.074025 -4.494686 17.987923 -23.184158 -15.173754 21.928253 -5.103252 -22.98632 23.529394 12.208212 -25.618101 17.233738 14.63958 -10.481602 30.597942 1.397359 -14.292908 32.447746 14.723573 0.74783 35.143723 9.963878 -7.692387 34.693245 19.848429 -7.205406 24.4056 -10.583815 0.00088 0.564335 20.583712 2.1329 22.329235 -16.287807 -20.297855 10.255016 1.197335 -11.079363 8.445055 -15.27845 -5.768072 5.073618 -19.541739 -0.007674 31.570547 -1.930971 -13.50388 7.698623 30.296112 -22.099827 11.863119 25.154835 -16.902489 13.377249 31.718054 -11.211632 11.633848 34.210365 -18.25151 16.028158 31.714901 -21.659607 17.056925 28.805885 -16.956041 18.398046 33.607777 -20.816872 22.393417 29.050066 -13.519445 26.987795 31.836853 -11.536553 19.501886 35.837875 -16.465706 28.954422 24.889946 -13.116404 29.696697 28.032537 -20.948938 26.038256 22.636713 -22.506874 22.399694 24.902512 -4.478319 11.048364 35.989006 0.000222 6.067508 32.5306 2.239159 10.972115 36.19587 -23.8632 17.303368 24.714113 -8.23553 1.028223 19.45136 3.0476 34.849304 22.06391 -3.962048 30.708498 30.663794 -3.23593 25.762205 35.487602 -0.387056 19.043112 37.763603 -7.472317 17.939217 37.0503 -15.558559 17.059628 36.510788 -7.472317 17.939217 37.0503 -4.266386 17.411999 39.2504 -4.982115 14.560037 40.01803 9.522303 16.310354 39.66147 -5.526384 14.318317 37.159035 14.204109 14.704434 35.463467 18.000057 17.759212 35.93405 11.536553 19.501886 35.837875 17.16211 18.249954 33.354195 7.472317 17.939217 37.0503 -0.764087 16.155727 37.061676 10.39834 17.396996 35.19984 15.688196 17.908884 32.435326 -0.387056 19.043112 37.763603 -15.83833 16.420687 33.28103 -10.39834 17.396996 35.19984 -25.618101 17.233738 14.63958 -22.099827 11.863119 25.154835 -19.596376 17.250465 -1.074025 -20.297855 10.255016 1.197335 88.87402 15.264382 23.591686 90.19745 16.137125 21.585972 90.31453 15.251574 21.755804 89.55916 15.363475 23.796919 90.72089 15.352863 22.312304 88.66727 16.13072 23.52486 89.65575 16.081173 23.825321 90.77815 16.08648 22.391853 92.57199 16.096645 22.055346 92.80994 16.149395 21.06152 94.37338 16.076208 22.668793 95.059875 16.124725 22.003004 94.91838 15.276371 22.137089 92.755325 15.227033 21.265205 94.44345 15.373412 22.600609 92.594376 15.332532 21.953417 95.09568 16.086958 24.296467 96.37468 15.843077 24.072077 96.134735 15.843135 26.437664 95.7567 15.176094 26.297297 95.97847 15.176191 24.122864 95.20345 15.351911 24.278248 94.992256 15.351508 26.064684 94.88757 16.087158 26.03078 94.56828 16.182062 28.326317 93.80679 16.092142 27.544731 92.40875 15.843399 29.689886 94.3949 15.237904 28.157839 92.34913 15.123374 29.253124 93.88211 15.341545 27.622864 91.97357 15.316411 28.51593 91.9345 16.104706 28.41198 90.09241 16.14857 30.038887 89.79094 16.09596 28.98069 87.07866 16.104227 29.303356 87.054634 16.159586 30.445377 87.06052 15.20665 30.202923 90.02933 15.228685 29.816536 87.076355 15.317369 29.412031 89.82006 15.333903 29.083033 82.50689 15.284688 29.475092 82.503075 15.168844 30.310976 82.50122 16.178492 30.565884 82.50727 16.120567 29.35976 77.59865 15.274141 29.450012 77.59612 15.156384 30.301601 77.59416 16.184721 30.5612 77.59888 16.125841 29.332455 72.67156 15.270037 29.440094 72.67156 15.15159 30.297947 72.67156 16.187119 30.559374 72.67157 16.127893 29.321648 67.8112 15.270037 29.440094 67.8112 15.151592 30.297947 67.8112 16.187115 30.559372 67.8112 16.127892 29.32165 62.95087 15.270037 29.440094 62.95087 15.151592 30.297947 62.95087 16.187117 30.559372 62.95087 16.127892 29.321648 58.09079 15.270037 29.440094 58.09079 15.151592 30.297947 58.09079 16.187115 30.559372 58.09079 16.127892 29.321648 53.230453 15.270037 29.440094 53.230453 15.151592 30.297947 53.230453 16.187115 30.559372 53.230453 16.127892 29.321648 48.37011 15.270037 29.440094 48.37011 15.151592 30.297947 48.37011 16.187117 30.559372 48.37011 16.127892 29.321648 43.509983 15.270037 29.440094 43.51004 15.151592 30.297947 43.51004 16.187117 30.559372 43.50998 16.127892 29.321648 38.649693 15.270037 29.440094 38.64969 15.151592 30.297947 38.64969 16.187115 30.559372 38.649693 16.127892 29.321648 33.78948 15.270037 29.440094 33.789406 15.151592 30.297947 33.789375 16.187119 30.559372 33.789482 16.127895 29.321648 28.929136 15.270037 29.440094 28.929142 15.151592 30.297947 28.929146 16.187119 30.559372 28.929136 16.127895 29.321648 24.068926 15.151591 30.297945 24.068926 15.270037 29.440094 24.068928 16.187119 30.559372 24.068924 16.127895 29.321648 20.525417 15.270037 29.440094 19.751936 15.151592 30.297947 19.892307 16.187119 30.559372 20.889194 16.127895 29.321648 89.66686 16.077534 25.258797 89.572136 15.370756 25.287373 89.65575 16.081173 23.825321 90.63198 15.38056 26.759554 90.19388 15.285004 27.27329 91.02731 15.483747 27.778461 91.30979 15.48086 27.332685 90.06108 16.12041 27.43073 91.19845 15.841976 27.94651 90.69333 16.072632 26.688675 91.45961 15.841971 27.38747 88.50165 15.842903 25.64176 88.85665 15.203999 25.505882 88.87402 15.264382 23.591686 88.66727 16.13072 23.52486 89.55916 15.363475 23.796919 15.355442 11.504093 34.659554 1.815983 12.406816 39.198425 1.637531 10.109013 37.615475 17.964203 14.655716 34.692238 15.416124 15.354954 33.623077 1.80376 14.110628 36.965004 9.197496 12.631881 34.958813 16.041046 14.349381 31.974253 -2.929591 12.263186 36.06317 11.731865 9.905348 35.181717 10.820346 11.553066 34.394474 2.239159 10.972115 36.19587 11.807251 9.785023 33.883522 13.683739 10.967699 33.59801 15.018677 10.112208 34.042786 16.30312 13.221003 32.02435 13.41139 9.555618 35.381187 -4.478319 11.048364 35.989006 -15.746042 14.96557 33.002094 -14.08293 13.444529 33.104088 -17.192307 13.176615 34.415054 -16.902489 13.377249 31.718054 -11.211632 11.633848 34.210365 10.058423 27.236456 14.053606 17.806938 23.313534 25.468794 10.606623 27.770771 25.009747 19.753893 21.428942 15.637173 13.845991 22.118122 9.72802 13.082141 14.544791 9.565361 21.429895 13.763369 17.66651 21.429895 13.763369 17.66651 20.133379 14.68766 28.06212 0.0001 29.898338 21.05744 0.000435 27.062681 29.353462 10.39834 17.396996 35.19984 0 21.12302 34.893085 0.000212 28.023693 12.994617 15.688196 17.908884 32.435326 0.000329 21.97778 6.775237 -1.300108 15.073177 7.591321 -9.970286 28.023104 24.937986 -10.39834 17.396996 35.19984 -9.739702 27.306948 13.958859 -16.175661 25.15463 22.525394 -19.753893 21.428942 15.637173 -13.267215 22.057281 9.391416 -13.082141 14.544791 9.565361 -21.01399 13.64359 16.482891 -16.993866 20.083633 29.671635 -21.01399 13.64359 16.482891 -18.381859 15.844425 30.19822 -16.993866 20.083633 29.671635 10.39834 17.396996 35.19984 -0.764087 16.155727 37.061676 -10.39834 17.396996 35.19984 20.133379 14.68766 28.06212 15.688196 17.908884 32.435326 -21.01399 13.64359 16.482891 -17.988049 12.029515 27.757479 -16.482088 9.806658 25.223667 -17.640118 10.274596 21.407238 -21.01399 13.64359 16.482891 -13.08688 10.451643 28.757904 -21.01399 13.64359 16.482891 -16.043018 12.000229 17.500023 -13.08633 12.637247 13.398465 -21.01399 13.64359 16.482891 -13.082141 14.544791 9.565361 -9.956875 12.144247 11.100321 -13.08633 12.637247 13.398465 -2.511547 12.533338 10.203037 2.199352 16.29145 13.884126 9.10387 12.250173 10.786728 -1.300108 15.073177 7.591321 12.745737 13.227577 14.112184 13.082141 14.544791 9.565361 2.199352 16.29145 13.884126 -11.652528 15.811368 19.269047 -11.884785 13.115993 27.395395 0 17.267399 21.514387 1.601241 12.588181 29.83955 12.993494 15.113267 20.978184 12.343913 12.367195 28.23368 2.199352 16.29145 13.884126 12.745737 13.227577 14.112184 6.894371 9.70676 31.924664 -13.08688 10.451643 28.757904 -17.640118 10.274596 21.407238 -16.043018 12.000229 17.500023 -16.482088 9.806658 25.223667 -13.08688 10.451643 28.757904 -7.524861 9.464445 31.414467 -0 9.519618 32.103287 6.894371 9.70676 31.924664 -7.524861 9.464445 31.414467 14.375661 2.911265 29.230087 16.960634 0.799486 31.448898 12.734444 2.419647 32.84484 17.594479 4.072398 31.978113 11.807251 9.785023 33.883522 11.731865 9.905348 35.181717 13.683739 10.967699 33.59801 15.018677 10.112208 34.042786 15.136077 1.987869 35.352768 13.41139 9.555618 35.381187 23.8632 17.303368 24.714113 25.54228 17.265488 15.374933 22.506874 22.399694 24.902512 25.54228 17.265488 15.374933 20.915169 7.982717 20.369286 20.133379 14.68766 28.06212 17.635485 10.267265 21.401058 16.48192 9.80386 25.220522 12.993494 15.113267 20.978184 12.343913 12.367195 28.23368 21.429895 13.763369 17.66651 13.848015 9.507191 28.535807 12.993494 15.113267 20.978184 16.962603 10.901953 16.906565 21.429895 13.763369 17.66651 12.745737 13.227577 14.112184 12.993494 15.113267 20.978184 12.343913 12.367195 28.23368 13.848015 9.507191 28.535807 6.894371 9.70676 31.924664 12.343913 12.367195 28.23368 12.745737 13.227577 14.112184 13.082141 14.544791 9.565361 21.429895 13.763369 17.66651 9.10387 12.250173 10.786728 19.892307 16.187119 30.559372 17.991724 15.841944 30.820795 19.751936 15.151592 30.297947 17.991728 15.270037 30.5839 18.246855 15.033148 30.011995 18.58373 15.270037 29.440094 20.525417 15.270037 29.440094 18.020834 16.413843 30.5839 18.246855 16.650738 30.011995 18.567682 16.413843 29.440094 20.889194 16.127895 29.321648 18.791985 15.841944 29.2032 15.985312 3.803864 -22.739471 13.335644 4.09851 -19.622211 13.4144 4.385433 -26.104464 9.978711 5.422759 -25.260654 12.946023 6.233502 -25.815636 14.801649 6.806218 -19.789314 15.447062 4.944992 -19.083832 12.718931 7.052687 -16.676931 13.335644 4.09851 -19.622211 14.801649 6.806218 -19.789314 9.978711 5.422759 -25.260654 12.946023 6.233502 -25.815636 17.964203 14.655716 34.692238 16.30312 13.221003 32.02435 18.25151 16.028158 31.714901 15.355442 11.504093 34.659554 17.16211 18.249954 33.354195 18.000057 17.759212 35.93405 23.135012 16.545145 5.241566 25.54228 17.265488 15.374933 21.75087 10.428911 4.078346 11.200095 2.994274 -2.365011 20.915169 7.982717 20.369286 13.169785 1.789041 15.357677 11.498108 8.401162 -14.419501 12.718931 7.052687 -16.676931 14.801649 6.806218 -19.789314 10.531999 9.407907 -17.704363 8.308397 9.053295 -23.02384 12.946023 6.233502 -25.815636 13.335644 4.09851 -19.622211 36.438564 -1.548674 13.758014 38.938164 -1.839132 12.657501 38.214317 -0.414483 17.276932 36.35393 -0.408985 8.821143 36.244682 0.068933 19.472801 10.000814 6.257018 -14.56692 6.947129 6.701196 -21.935823 13.335644 4.09851 -19.622211 9.978711 5.422759 -25.260654 6.616297 7.587338 -24.384626 -2.929591 12.263186 36.06317 9.197496 12.631881 34.958813 -0 9.519618 32.103287 6.894371 9.70676 31.924664 -7.524861 9.464445 31.414467 -2.929591 12.263186 36.06317 -18.381859 15.844425 30.19822 -15.83833 16.420687 33.28103 -17.192307 13.176615 34.415054 -15.558559 17.059628 36.510788 -17.192307 13.176615 34.415054 -15.746042 14.96557 33.002094 -17.192307 13.176615 34.415054 -16.956041 18.398046 33.607777 -18.25151 16.028158 31.714901 -15.558559 17.059628 36.510788 -17.192307 13.176615 34.415054 -16.902489 13.377249 31.718054 -15.746042 14.96557 33.002094 -17.988049 12.029515 27.757479 -18.381859 15.844425 30.19822 -14.08293 13.444529 33.104088 -16.993866 20.083633 29.671635 -15.83833 16.420687 33.28103 -17.988049 12.029515 27.757479 -14.08293 13.444529 33.104088 -7.524861 9.464445 31.414467 -2.929591 12.263186 36.06317 -13.08688 10.451643 28.757904 -7.524861 9.464445 31.414467 14.204109 14.704434 35.463467 15.416124 15.354954 33.623077 18.000057 17.759212 35.93405 17.964203 14.655716 34.692238 6.616297 7.587338 -24.384626 8.308397 9.053295 -23.02384 9.978711 5.422759 -25.260654 12.946023 6.233502 -25.815636 20.133379 14.68766 28.06212 13.848015 9.507191 28.535807 16.041046 14.349381 31.974253 9.197496 12.631881 34.958813 8.308397 9.053295 -23.02384 7.182278 11.714434 -26.144758 10.531999 9.407907 -17.704363 14.105303 13.065832 -12.135622 -14.105303 13.065832 -12.135622 -11.079363 8.445055 -15.27845 -20.297855 10.255016 1.197335 20.133379 14.68766 28.06212 15.416124 15.354954 33.623077 15.688196 17.908884 32.435326 16.041046 14.349381 31.974253 20.133379 14.68766 28.06212 15.018677 10.112208 34.042786 15.355442 11.504093 34.659554 13.41139 9.555618 35.381187 15.416124 15.354954 33.623077 14.204109 14.704434 35.463467 15.688196 17.908884 32.435326 13.335644 4.09851 -19.622211 11.498108 8.401162 -14.419501 10.000814 6.257018 -14.56692 6.894371 9.70676 31.924664 9.197496 12.631881 34.958813 13.848015 9.507191 28.535807 6.616297 7.587338 -24.384626 7.182278 11.714434 -26.144758 14.105303 13.065832 -12.135622 11.498108 8.401162 -14.419501 -0.077551 10.929625 -32.113354 0.95785 10.327866 -32.139244 6.93878 10.916573 -35.478462 -10.39834 17.396996 35.19984 -15.83833 16.420687 33.28103 -16.993866 20.083633 29.671635</float_array>
					<technique_common>
						<accessor source="#mesh_0_PressShadow_position_array_id" count="493" stride="3">
							<param name="X" type="float" />
							<param name="Y" type="float" />
							<param name="Z" type="float" />
						</accessor>
					</technique_common>
				</source>
				<source id="mesh_0_PressShadow_normal_id" name="mesh_0_PressShadow_normal">
					<float_array id="mesh_0_PressShadow_normal_array_id" count="1479">0.603877 0.66004 0.446856 0.372825 0.503461 0.779441 0.759065 0.158631 0.631392 0.778855 0.402371 0.481126 0.255457 0.598178 0.759556 0.864079 -0.235021 0.445121 0.66203 -0.436874 0.608981 0.499976 -0.452592 0.738366 0.364896 -0.805658 0.466654 0.331487 -0.6428 0.690597 -0.010946 0.329298 0.944163 0.104093 0.638792 0.762305 -0.07463 0.486096 0.870713 -0.036721 -0.795999 0.604183 0.099295 -0.644157 0.758421 0.420109 -0.905837 0.054476 0.956358 -0.031604 0.290485 0.802508 0.451112 0.390487 0.752028 0.637421 0.167773 0.455181 0.629272 0.629943 0.740259 0.286848 0.608058 -0.098798 0.827793 0.552267 0.149013 0.964 0.220226 0.062644 -0.973426 0.220269 0.398683 -0.912779 0.08881 0.081561 -0.989733 -0.117377 0.512466 -0.84602 -0.147067 0.420109 -0.905837 0.054476 0.391439 0.911701 -0.124805 0.000725 0.98857 -0.150761 0.352661 0.822779 -0.445719 -0.036179 0.898987 -0.436479 0.13745 0.844427 -0.517736 0.712618 0.515816 -0.47551 0.312194 0.783093 -0.537866 0.87542 0.00663 -0.483318 0.666459 -0.165334 -0.726978 -0.120602 -0.923196 -0.364917 0.680151 -0.569922 -0.461068 0.900484 -0.062873 -0.43032 0.609247 0.645949 -0.459965 -0.278301 0.035287 -0.959846 0.915929 0.145478 -0.374047 0.908348 -0.115141 -0.402053 0.967136 -0.174514 -0.184912 0.560065 -0.825129 -0.07409 0.696336 0.682363 -0.222478 0.882596 0.437262 -0.172702 0.98426 0.050277 0.169422 0.603877 0.66004 0.446856 0.560065 -0.825129 -0.07409 0.359685 -0.818513 -0.447955 -0.18671 -0.97329 -0.133588 -0.654536 -0.707306 -0.267024 -0.59738 -0.457508 -0.658653 -0.87542 0.00663 -0.483318 -0.711406 0.202042 -0.673112 -0.512466 -0.84602 -0.147067 -0.16275 -0.962257 0.218115 -0.420109 -0.905837 0.054476 -0.900484 -0.062873 -0.43032 -0.885559 0.19353 -0.422292 -0.31477 0.796182 -0.516734 -0.667226 0.599688 -0.441796 -0.856659 0.489878 -0.161728 -0.960336 0.085149 -0.265526 -0.384153 0.846928 -0.367613 -0.551696 0.833135 -0.03897 0.000725 0.98857 -0.150761 -0.223444 0.961352 0.160857 -0.321495 0.798945 -0.508259 0.062644 -0.973426 0.220269 0.13745 0.844427 -0.517736 -0.908348 -0.115141 -0.402053 -0.879303 -0.463715 -0.108607 -0.654536 -0.707306 -0.267024 -0.036179 0.898987 -0.436479 -0.406637 -0.698647 0.588675 -0.696241 -0.551072 0.459965 -0.629455 -0.428268 0.648362 -0.394937 -0.587607 0.706217 -0.701914 -0.250671 0.666694 -0.810687 -0.119362 0.573183 -0.65867 0.332882 0.674791 -0.712211 0.391223 0.582838 -0.364328 0.607237 0.706066 -0.266622 0.4891 0.830478 -0.530885 0.788973 0.309327 -0.380137 0.805465 0.454667 -0.740582 0.656346 0.144044 -0.878003 0.406886 0.2521 -0.124217 -0.624572 0.771026 -0.036721 -0.795999 0.604183 0.099295 -0.644157 0.758421 -0.953298 -0.004546 0.301997 -0.16275 -0.962257 0.218115 0.149013 0.964 0.220226 -0.098798 0.827793 0.552267 -0.07463 0.486096 0.870713 -0.010946 0.329298 0.944163 -0.146474 0.339835 0.929009 -0.433627 -0.152933 0.88802 -0.154154 0.792779 0.589693 -0.097432 0.613924 0.783329 -0.16004 -0.494029 0.854589 0.193723 0.061754 0.979111 -0.026096 -0.833556 -0.551819 -0.195564 -0.956121 -0.218148 0.653443 0.195213 0.731371 0.255457 0.598178 0.759556 0.778855 0.402371 0.481126 0.104093 0.638792 0.762305 0.007039 -0.313782 -0.949469 -0.235463 -0.488072 -0.840442 -0.627536 -0.416286 -0.657955 -0.048407 0.823209 0.56567 0.524489 -0.609639 -0.59435 0.255728 -0.481344 -0.838398 -0.960336 0.085149 -0.265526 -0.696241 -0.551072 0.459965 -0.885559 0.19353 -0.422292 -0.908348 -0.115141 -0.402053 -0.473226 -0.857829 -0.200467 -0.391108 0.671337 -0.629556 -0.288445 -0.841345 -0.457099 0.663774 -0.715049 0.219339 0.355936 -0.719894 0.595871 -0.751759 0.613282 -0.242372 0.678284 0.679008 0.280854 0.385216 0.665551 0.639258 -0.053306 0.652066 0.756286 0.073983 0.667671 -0.740771 -0.452329 0.690412 0.564561 0.542201 0.616076 -0.571374 0.321473 -0.856737 -0.403306 0.057536 -0.838039 -0.542569 -0.469629 -0.724498 0.50453 -0.048635 -0.706218 0.706322 -0.677986 0.722093 0.137536 0.853554 0.494295 -0.164674 0.81852 0.490699 0.29873 0.384388 -0.905324 0.180648 0.403932 -0.90666 -0.121678 -0.712406 -0.69456 0.100324 -0.672222 -0.695884 -0.25271 -0.635411 0.713624 -0.294946 0.552637 0.548391 0.627583 -0.463155 0.685476 -0.561792 0.297147 0.53306 0.792181 0.326422 -0.874209 0.359455 0.168853 -0.882187 0.439586 -0.450871 -0.702349 -0.550837 -0.246469 -0.689137 -0.681427 -0.248405 0.688821 -0.681043 0.148181 0.581252 0.800118 -0.11328 0.661398 -0.741432 -0.048135 0.639221 -0.767515 0.063993 0.63421 0.770508 0.049263 -0.829767 0.555931 0.063506 -0.854423 0.515682 -0.042546 -0.706842 -0.706091 -0.140557 -0.699487 -0.700687 0.000165 -0.706839 -0.707375 0.010557 -0.829491 0.55842 0.011692 0.633154 0.773938 -0.001145 0.638713 -0.769444 0.003562 -0.70701 -0.707195 0.000729 -0.829245 0.558886 5.3E-05 0.633214 0.773977 0.003449 0.63875 -0.769406 0.001002 -0.707085 -0.707128 0.000202 -0.829197 0.558957 1.3E-05 0.633192 0.773995 0.000972 0.638761 -0.769405 -0 -0.707107 -0.707107 -0 -0.829183 0.558977 -0 0.633184 0.774002 -0 0.638763 -0.769403 0 -0.707108 -0.707106 0 -0.829183 0.558977 -0 0.633183 0.774002 -0 0.638764 -0.769403 0 -0.707107 -0.707106 0 -0.829183 0.558977 -0 0.633183 0.774002 -0 0.638763 -0.769403 0 -0.707107 -0.707106 0 -0.829183 0.558977 0 0.633183 0.774002 0 0.638763 -0.769403 0 -0.707108 -0.707106 0 -0.829183 0.558977 0 0.633184 0.774001 0 0.638763 -0.769404 0 -0.707107 -0.707106 0 -0.829183 0.558977 -0 0.633184 0.774001 -0 0.638763 -0.769404 0 -0.707107 -0.707106 0 -0.829183 0.558977 0 0.633184 0.774002 0 0.638763 -0.769404 0 -0.707107 -0.707106 0 -0.829183 0.558977 0 0.633184 0.774002 0 0.638763 -0.769403 0 -0.707108 -0.707106 -0 -0.829183 0.558978 -0 0.633184 0.774002 0 0.638763 -0.769403 0 -0.829183 0.558977 -0 -0.707107 -0.707106 0 0.633184 0.774002 0 0.638763 -0.769403 -0 -0.707107 -0.707106 0 -0.829183 0.558977 0 0.633183 0.774002 0 0.638763 -0.769403 0.667113 0.714429 -0.211072 0.676816 -0.702739 -0.219266 0.678284 0.679008 0.280854 0.814846 -0.473806 0.333968 0.409312 -0.722207 0.557567 0.579351 -0.323748 0.748024 0.787546 -0.280147 0.548897 -0.267615 0.015589 0.9634 0.606265 0.018402 0.79505 0.973093 0.005934 0.230338 0.824778 0.012055 0.565328 -0.7884 0.554794 0.265761 -0.431658 -0.890504 0.143788 -0.473226 -0.857829 -0.200467 -0.751759 0.613282 -0.242372 0.663774 -0.715049 0.219339 0.387658 -0.565287 0.728129 -0.010742 0.211167 0.977391 -0.150727 -0.78347 0.602873 0.734953 -0.240749 0.633944 -0.746672 0.289166 -0.599053 -0.063392 0.83391 -0.548247 -0.276639 0.631227 -0.724584 -0.505991 0.635482 -0.583212 0.093253 0.645427 -0.758108 -0.120853 -0.817159 0.5636 -0.248793 -0.415791 -0.874769 0.079228 -0.610031 -0.788406 -0.454202 -0.515566 -0.726562 -0.181561 -0.315901 -0.931258 0.725999 -0.614342 -0.309047 0.421155 -0.60734 -0.673622 0.310156 -0.581017 0.752477 0.236418 -0.109037 -0.965514 0.366972 0.879745 -0.302293 0.404649 0.492231 -0.770693 -0.604216 -0.636606 0.479224 -0.621646 -0.773368 -0.124334 0.047867 -0.078582 -0.995758 -0.355847 -0.867003 0.348825 -0.721934 -0.60046 -0.343888 -0.290213 -0.89949 -0.326642 -0.786174 -0.52971 0.318335 -0.437637 -0.383857 0.813097 -0.226359 0.60376 0.764353 -0.603237 0.584627 0.54251 -0.603237 0.584627 0.54251 -0.727723 0.68563 0.01818 -0.006319 -0.995076 -0.098909 -0.004144 -0.845048 -0.534674 -0.235463 -0.488072 -0.840442 0.003149 -0.553998 -0.832512 -0.004078 -0.897062 0.441887 -0.627536 -0.416286 -0.657955 0.000124 -0.35791 0.933756 0.095221 0.619262 0.779389 0.313379 -0.884885 -0.344634 0.255728 -0.481344 -0.838398 0.332284 -0.866579 0.372329 0.658782 -0.727346 -0.192286 0.815933 -0.535427 0.21811 0.423057 -0.39356 0.81617 0.226359 0.60376 0.764353 0.603237 0.584627 0.54251 0.675635 -0.536075 -0.506103 0.603237 0.584627 0.54251 0.948265 0.097751 -0.302058 0.675635 -0.536075 -0.506103 -0.235463 -0.488072 -0.840442 0.007039 -0.313782 -0.949469 0.255728 -0.481344 -0.838398 -0.727723 0.68563 0.01818 -0.627536 -0.416286 -0.657955 0.603237 0.584627 0.54251 0.727723 0.68563 0.01818 0.310881 0.866867 0.389737 0.294378 0.86084 0.415086 0.603237 0.584627 0.54251 0.301335 0.904659 0.301313 0.603237 0.584627 0.54251 0.222666 0.872653 0.434622 0.135973 0.891545 0.432041 0.603237 0.584627 0.54251 0.226359 0.60376 0.764353 0.063295 0.906234 0.418011 0.135973 0.891545 0.432041 0.020269 0.915978 0.400715 -0.061566 0.997958 0.01704 -0.020269 0.915978 0.400715 0.095221 0.619262 0.779389 -0.135972 0.891545 0.432041 -0.226359 0.60376 0.764353 -0.061566 0.997958 0.01704 -0.408188 0.912492 -0.027226 -0.408714 0.72917 0.548875 0.035706 0.989891 0.137262 -0.017339 0.650416 0.759381 0.131203 0.877896 0.460527 0.027636 0.679048 0.733574 -0.061566 0.997958 0.01704 -0.135972 0.891545 0.432041 -0.122291 0.991682 -0.040144 0.301335 0.904659 0.301313 0.294378 0.86084 0.415086 0.222666 0.872653 0.434622 0.310881 0.866867 0.389737 0.301335 0.904659 0.301313 0.138917 0.907945 0.395396 -0 0.999945 0.01052 -0.122291 0.991682 -0.040144 0.138917 0.907945 0.395396 -0.201975 -0.018544 -0.979215 0.341606 -0.916591 -0.207767 -0.730041 -0.677054 0.092943 0.984662 0.120343 -0.126331 -0.454202 -0.515566 -0.726562 -0.120853 -0.817159 0.5636 -0.181561 -0.315901 -0.931258 0.725999 -0.614342 -0.309047 0.268816 -0.505317 0.819996 0.310156 -0.581017 0.752477 0.956358 -0.031604 0.290485 0.98426 0.050277 0.169422 0.802508 0.451112 0.390487 0.98426 0.050277 0.169422 0.420109 -0.905837 0.054476 -0.727723 0.68563 0.01818 -0.294378 0.86084 0.415086 -0.310881 0.866867 0.389737 0.131203 0.877896 0.460527 0.027636 0.679048 0.733574 -0.603237 0.584627 0.54251 -0.53777 0.842897 0.01813 0.131203 0.877896 0.460527 -0.222666 0.872653 0.434622 -0.603237 0.584627 0.54251 -0.135972 0.891545 0.432041 0.131203 0.877896 0.460527 0.027636 0.679048 0.733574 -0.53777 0.842897 0.01813 -0.122291 0.991682 -0.040144 0.027636 0.679048 0.733574 -0.135972 0.891545 0.432041 -0.226359 0.60376 0.764353 -0.603237 0.584627 0.54251 -0.020269 0.915978 0.400715 0.171503 0.645454 0.744296 0.115839 0.039721 0.992474 0.084507 -0.88887 0.450299 0.08792 -0.678306 0.729501 0.026432 -0.995255 0.093638 0.056985 -0.725486 -0.685874 0.056985 -0.725486 -0.685874 0.092717 0.687392 0.720344 0.155446 0.966819 0.202725 0.112499 0.816163 -0.566764 0.10563 0.497855 -0.860803 0.024609 0.065616 -0.997541 0.863439 -0.5037 -0.027561 0.737238 -0.655529 0.163592 0.222977 -0.245433 -0.943421 0.277782 -0.829483 -0.484557 0.511715 0.170328 -0.842102 0.770058 0.5335 -0.34984 0.765283 -0.30025 0.569378 0.926157 -0.312211 0.211561 0.737238 -0.655529 0.163592 0.770058 0.5335 -0.34984 0.277782 -0.829483 -0.484557 0.511715 0.170328 -0.842102 0.734953 -0.240749 0.633944 0.421155 -0.60734 -0.673622 0.864079 -0.235021 0.445121 0.387658 -0.565287 0.728129 0.778855 0.402371 0.481126 0.653443 0.195213 0.731371 0.915929 0.145478 -0.374047 0.98426 0.050277 0.169422 0.908348 -0.115141 -0.402053 0.512466 -0.84602 -0.147067 0.420109 -0.905837 0.054476 0.398683 -0.912779 0.08881 0.967136 -0.174514 -0.184912 0.926157 -0.312211 0.211561 0.770058 0.5335 -0.34984 0.951057 0.07221 -0.300459 0.815447 0.10613 -0.56902 0.511715 0.170328 -0.842102 0.737238 -0.655529 0.163592 -0.220539 -0.972825 0.070521 0.894396 -0.370374 -0.250756 0.718962 -0.326229 0.613732 0.039016 -0.748066 -0.662476 0.188298 -0.686914 0.701921 0.560065 -0.825129 -0.07409 0.359685 -0.818513 -0.447955 0.737238 -0.655529 0.163592 0.277782 -0.829483 -0.484557 0.680151 -0.569922 -0.461068 0.093253 0.645427 -0.758108 -0.276639 0.631227 -0.724584 -0 0.999945 0.01052 -0.122291 0.991682 -0.040144 0.138917 0.907945 0.395396 0.093253 0.645427 -0.758108 0.948265 0.097751 -0.302058 0.524489 -0.609639 -0.59435 -0.604216 -0.636606 0.479224 -0.433627 -0.152933 0.88802 -0.604216 -0.636606 0.479224 0.366972 0.879745 -0.302293 -0.604216 -0.636606 0.479224 -0.65867 0.332882 0.674791 -0.964904 -0.185199 0.186177 -0.433627 -0.152933 0.88802 -0.604216 -0.636606 0.479224 -0.621646 -0.773368 -0.124334 0.366972 0.879745 -0.302293 0.727723 0.68563 0.01818 0.948265 0.097751 -0.302058 0.404649 0.492231 -0.770693 0.675635 -0.536075 -0.506103 0.524489 -0.609639 -0.59435 0.727723 0.68563 0.01818 0.404649 0.492231 -0.770693 0.138917 0.907945 0.395396 0.093253 0.645427 -0.758108 0.301335 0.904659 0.301313 0.138917 0.907945 0.395396 -0.195564 -0.956121 -0.218148 -0.746672 0.289166 -0.599053 0.653443 0.195213 0.731371 0.734953 -0.240749 0.633944 0.680151 -0.569922 -0.461068 0.815447 0.10613 -0.56902 0.277782 -0.829483 -0.484557 0.511715 0.170328 -0.842102 -0.727723 0.68563 0.01818 -0.53777 0.842897 0.01813 -0.505991 0.635482 -0.583212 -0.276639 0.631227 -0.724584 0.815447 0.10613 -0.56902 0.87542 0.00663 -0.483318 0.951057 0.07221 -0.300459 0.900484 -0.062873 -0.43032 -0.900484 -0.062873 -0.43032 -0.879303 -0.463715 -0.108607 -0.908348 -0.115141 -0.402053 -0.727723 0.68563 0.01818 -0.746672 0.289166 -0.599053 -0.627536 -0.416286 -0.657955 -0.505991 0.635482 -0.583212 -0.727723 0.68563 0.01818 0.725999 -0.614342 -0.309047 0.387658 -0.565287 0.728129 0.310156 -0.581017 0.752477 -0.746672 0.289166 -0.599053 -0.195564 -0.956121 -0.218148 -0.627536 -0.416286 -0.657955 0.737238 -0.655529 0.163592 0.967136 -0.174514 -0.184912 0.560065 -0.825129 -0.07409 -0.122291 0.991682 -0.040144 -0.276639 0.631227 -0.724584 -0.53777 0.842897 0.01813 0.680151 -0.569922 -0.461068 0.87542 0.00663 -0.483318 0.900484 -0.062873 -0.43032 0.967136 -0.174514 -0.184912 -0.415254 0.507206 0.755186 0 -0.50849 0.861068 0.745633 0.47625 0.466066 0.255728 -0.481344 -0.838398 0.524489 -0.609639 -0.59435 0.675635 -0.536075 -0.506103</float_array>
					<technique_common>
						<accessor source="#mesh_0_PressShadow_normal_array_id" count="493" stride="3">
							<param name="X" type="float" />
							<param name="Y" type="float" />
							<param name="Z" type="float" />
						</accessor>
					</technique_common>
				</source>
				<source id="mesh_0_PressShadow_color_id" name="mesh_0_PressShadow_color">
					<float_array id="mesh_0_PressShadow_color_array_id" count="1972">1 1 1 0.49803922 1 1 1 0.49803922 1 1 1 0.49803922 1 1 1 0.49803922 1 1 1 0.49803922 1 1 1 0.49803922 1 1 1 0.49803922 1 1 1 0.49803922 1 1 1 0.49803922 1 1 1 0.49803922 1 1 1 0.49803922 1 1 1 0.49803922 1 1 1 0.49803922 1 1 1 0.49803922 1 1 1 0.49803922 1 1 1 0.49803922 1 1 1 0.49803922 1 1 1 0.49803922 1 1 1 0.49803922 1 1 1 0.49803922 1 1 1 0.49803922 1 1 1 0.49803922 1 1 1 0.49803922 1 1 1 0.49803922 1 1 1 0.49803922 1 1 1 0.49803922 1 1 1 0.49803922 1 1 1 0.46666667 1 1 1 0.49803922 1 1 1 0.49803922 1 1 1 0.49803922 1 1 1 0.49803922 1 1 1 0.49803922 1 1 1 0.49803922 1 1 1 0.49803922 1 1 1 0.49803922 1 1 1 0.49803922 1 1 1 0.49803922 1 1 1 0.49803922 1 1 1 0.49803922 1 1 1 0.49803922 1 1 1 0.49803922 1 1 1 0.49803922 1 1 1 0.49803922 1 1 1 0.49803922 1 1 1 0.49803922 1 1 1 0.49803922 1 1 1 0.49803922 1 1 1 0.49803922 1 1 1 0.49803922 1 1 1 0.53333336 1 1 1 0.53333336 1 1 1 0.49803922 1 1 1 0.49803922 1 1 1 0.49803922 1 1 1 0.49803922 1 1 1 0.49803922 1 1 1 0.49803922 1 1 1 0.49803922 1 1 1 0.49803922 1 1 1 0.49803922 1 1 1 0.49803922 1 1 1 0.49803922 1 1 1 0.49803922 1 1 1 0.49803922 1 1 1 0.49803922 1 1 1 0.49803922 1 1 1 0.49803922 1 1 1 0.49803922 1 1 1 0.49803922 1 1 1 0.49803922 1 1 1 0.49803922 1 1 1 0.49803922 1 1 1 0.49803922 1 1 1 0.53333336 1 1 1 0.5254902 1 1 1 0.49803922 1 1 1 0.49803922 1 1 1 0.49803922 1 1 1 0.49803922 1 1 1 0.49803922 1 1 1 0.49803922 1 1 1 0.49803922 1 1 1 0.49803922 1 1 1 0.49803922 1 1 1 0.49803922 1 1 1 0.49803922 1 1 1 0.49803922 1 1 1 0.49803922 1 1 1 0.49803922 1 1 1 0.49803922 1 1 1 0.49803922 1 1 1 0.49803922 1 1 1 0.49803922 1 1 1 0.49803922 1 1 1 0.49803922 1 1 1 0.49803922 1 1 1 0.49803922 1 1 1 0.49803922 1 1 1 0.49803922 1 1 1 0.49803922 1 1 1 0.49803922 1 1 1 0.49803922 1 1 1 0.49803922 1 1 1 0.49803922 1 1 1 0.49803922 1 1 1 0.49803922 1 1 1 0.49803922 1 1 1 0.49803922 1 1 1 0.49803922 1 1 1 0.49803922 1 1 1 0.49803922 1 1 1 0.49803922 1 1 1 0.49803922 1 1 1 0.49803922 1 1 1 0.49803922 1 1 1 0.49803922 1 1 1 0.49803922 1 1 1 0.48235294 1 1 1 0.47058824 1 1 1 0.49803922 1 1 1 0.47058824 1 1 1 0.49803922 1 1 1 0.49803922 1 1 1 0.49803922 1 1 1 0.49803922 1 1 1 0.49803922 1 1 1 0.49803922 1 1 1 0.49803922 1 1 1 0.49803922 1 1 1 0.49803922 1 1 1 0.49803922 1 1 1 0.49803922 1 1 1 0.49803922 1 1 1 0.49803922 1 1 1 0.49803922 1 1 1 0.49803922 1 1 1 0.49803922 1 1 1 0.39607844 1 1 1 0.39607844 1 1 1 0.27450982 1 1 1 0.27450982 1 1 1 0.39607844 1 1 1 0.39607844 1 1 1 0.27450982 1 1 1 0.27450982 1 1 1 0.15294118 1 1 1 0.15294118 1 1 1 0.047058824 1 1 1 0.15294118 1 1 1 0.047058824 1 1 1 0.15294118 1 1 1 0.047058824 1 1 1 0.047058824 1 1 1 0.047058824 1 1 1 0.047058824 1 1 1 0.047058824 1 1 1 0.047058824 1 1 1 0.047058824 1 1 1 0.047058824 1 1 1 0.047058824 1 1 1 0.047058824 1 1 1 0.047058824 1 1 1 0.047058824 1 1 1 0.047058824 1 1 1 0.047058824 1 1 1 0.047058824 1 1 1 0.047058824 1 1 1 0.047058824 1 1 1 0.047058824 1 1 1 0.047058824 1 1 1 0.047058824 1 1 1 0.047058824 1 1 1 0.047058824 1 1 1 0.047058824 1 1 1 0.047058824 1 1 1 0.047058824 1 1 1 0.047058824 1 1 1 0.047058824 1 1 1 0.047058824 1 1 1 0.047058824 1 1 1 0.047058824 1 1 1 0.047058824 1 1 1 0.047058824 1 1 1 0.047058824 1 1 1 0.047058824 1 1 1 0.047058824 1 1 1 0.047058824 1 1 1 0.047058824 1 1 1 0.047058824 1 1 1 0.047058824 1 1 1 0.047058824 1 1 1 0.047058824 1 1 1 0.047058824 1 1 1 0.047058824 1 1 1 0.047058824 1 1 1 0.047058824 1 1 1 0.047058824 1 1 1 0.047058824 1 1 1 0.047058824 1 1 1 0.047058824 1 1 1 0.047058824 1 1 1 0.047058824 1 1 1 0.047058824 1 1 1 0.047058824 1 1 1 0.047058824 1 1 1 0.047058824 1 1 1 0.047058824 1 1 1 0.047058824 1 1 1 0.047058824 1 1 1 0.047058824 1 1 1 0.047058824 1 1 1 0.047058824 1 1 1 0.047058824 1 1 1 0.047058824 1 1 1 0.047058824 1 1 1 0.047058824 1 1 1 0.047058824 1 1 1 0.49803922 1 1 1 0.49803922 1 1 1 0.49803922 1 1 1 0.49803922 1 1 1 0.49803922 1 1 1 0.49803922 1 1 1 0.49803922 1 1 1 0.49803922 1 1 1 0.49803922 1 1 1 0.49803922 1 1 1 0.49803922 1 1 1 0.49803922 1 1 1 0.49803922 1 1 1 0.49803922 1 1 1 0.49803922 1 1 1 0.49803922 1 1 1 0.047058824 1 1 1 0.047058824 1 1 1 0.047058824 1 1 1 0.047058824 1 1 1 0.047058824 1 1 1 0.047058824 1 1 1 0.047058824 1 1 1 0.047058824 1 1 1 0.047058824 1 1 1 0.047058824 1 1 1 0.047058824 1 1 1 0.047058824 1 1 1 0.047058824 1 1 1 0.047058824 1 1 1 0.047058824 1 1 1 0.047058824 1 1 1 0.047058824 1 1 1 0.047058824 1 1 1 0.047058824 1 1 1 0.047058824 1 1 1 0.047058824 1 1 1 0.047058824 1 1 1 0.047058824 1 1 1 0.49803922 1 1 1 0.49803922 1 1 1 0.49803922 1 1 1 0.49803922 1 1 1 0.49803922 1 1 1 0.49803922 1 1 1 0.49803922 1 1 1 0.54509807 1 1 1 0.5568628 1 1 1 0.49803922 1 1 1 0.49803922 1 1 1 0.6509804 1 1 1 0.61960787 1 1 1 0.49803922 1 1 1 0.654902 1 1 1 0.49803922 1 1 1 0.49803922 1 1 1 0.49803922 1 1 1 0.6509804 1 1 1 0.49803922 1 1 1 0.49803922 1 1 1 0.49803922 1 1 1 0.49803922 1 1 1 0.49803922 1 1 1 0.49803922 1 1 1 0.49803922 1 1 1 0.54509807 1 1 1 0.5568628 1 1 1 0.5764706 1 1 1 0.7058824 1 1 1 0.7529412 1 1 1 0.7058824 1 1 1 0.5647059 1 1 1 0.6392157 1 1 1 0.5921569 1 1 1 0.627451 1 1 1 0.7921569 1 1 1 0.78039217 1 1 1 0.6392157 1 1 1 0.69803923 1 1 1 0.627451 1 1 1 0.7607843 1 1 1 0.7490196 1 1 1 0.61960787 1 1 1 0.60784316 1 1 1 0.7490196 1 1 1 0.8901961 1 1 1 0.7490196 1 1 1 0.8901961 1 1 1 0.7490196 1 1 1 0.60784316 1 1 1 0.8901961 1 1 1 0.60784316 1 1 1 0.94509804 1 1 1 1 1 1 1 1 1 1 1 1 1 1 1 1 1 1 1 1 1 1 1 1 1 1 1 1 1 1 1 1 1 1 1 0.7647059 1 1 1 1 1 1 1 0.90588236 1 1 1 0.89411765 1 1 1 0.92156863 1 1 1 0.93333334 1 1 1 0.7647059 1 1 1 0.7647059 1 1 1 0.7607843 1 1 1 0.7607843 1 1 1 0.49803922 1 1 1 0.49803922 1 1 1 0.49803922 1 1 1 0.49803922 1 1 1 0.49803922 1 1 1 0.49803922 1 1 1 0.49803922 1 1 1 0.49803922 1 1 1 0.49803922 1 1 1 0.49803922 1 1 1 0.49803922 1 1 1 0.49803922 1 1 1 0.49803922 1 1 1 0.48235294 1 1 1 0.47058824 1 1 1 0.627451 1 1 1 0.78039217 1 1 1 0.7921569 1 1 1 0.90588236 1 1 1 0.92156863 1 1 1 0.6392157 1 1 1 0.69803923 1 1 1 0.9019608 1 1 1 0.7607843 1 1 1 0.627451 1 1 1 0.81960785 1 1 1 0.89411765 1 1 1 0.92941177 1 1 1 0.7529412 1 1 1 0.77254903 1 1 1 0.9647059 1 1 1 0.7490196 1 1 1 0.60784316 1 1 1 0.61960787 1 1 1 0.7490196 1 1 1 0.047058824 1 1 1 0.047058824 1 1 1 0.047058824 1 1 1 0.047058824 1 1 1 0.047058824 1 1 1 0.047058824 1 1 1 0.047058824 1 1 1 0.047058824 1 1 1 0.047058824 1 1 1 0.047058824 1 1 1 0.047058824 1 1 1 0.047058824 1 1 1 1 1 1 1 1 1 1 1 1 1 1 1 1 1 1 1 1 1 1 1 1 1 1 1 1 1 1 1 0.9098039 1 1 1 0.9529412 1 1 1 0.9529412 1 1 1 0.9098039 1 1 1 0.9529412 1 1 1 0.34117648 1 1 1 0.3529412 1 1 1 0.4117647 1 1 1 0.23137255 1 1 1 0.45882353 1 1 1 0.42352942 1 1 1 0.49803922 1 1 1 0.48235294 1 1 1 0.46666667 1 1 1 0.48235294 1 1 1 0.46666667 1 1 1 0.49803922 1 1 1 0.69411767 1 1 1 0.80784315 1 1 1 0.80784315 1 1 1 0.69411767 1 1 1 0.69411767 1 1 1 0.80784315 1 1 1 0.8039216 1 1 1 0.047058824 1 1 1 0.047058824 1 1 1 0.047058824 1 1 1 0.047058824 1 1 1 0.047058824 1 1 1 0.69411767 1 1 1 0.69411767 1 1 1 0.80784315 1 1 1 0.80784315 1 1 1 0.69411767 1 1 1 0.22745098 1 1 1 0.21960784 1 1 1 0.46666667 1 1 1 0.43137255 1 1 1 0.43137255 1 1 1 0.22352941 1 1 1 0.3137255 1 1 1 0.41568628 1 1 1 0.2901961 1 1 1 0.4 1 1 1 0.23137255 1 1 1 0.1882353 1 1 1 0.34117648 1 1 1 0.45882353 1 1 1 0.4117647 1 1 1 0.42352942 1 1 1 0.28627452 1 1 1 0.3529412 1 1 1 0.34117648 1 1 1 0.4862745 1 1 1 0.5137255 1 1 1 0.34509805 1 1 1 0.6392157 1 1 1 0.5411765 1 1 1 0.49803922 1 1 1 0.2509804 1 1 1 0.49019608 1 1 1 0.23921569 1 1 1 0.7529412 1 1 1 0.6313726 1 1 1 0.41568628 1 1 1 0.3137255 1 1 1 0.4 1 1 1 0.2901961 1 1 1 0.69411767 1 1 1 0.69411767 1 1 1 0.80784315 1 1 1 0.8039216 1 1 1 0.4862745 1 1 1 0.4745098 1 1 1 0.34509805 1 1 1 0.2627451 1 1 1 0.59607846 1 1 1 0.53333336 1 1 1 0.59607846 1 1 1 0.53333336 1 1 1 0.5137255 1 1 1 0.53333336 1 1 1 0.49803922 1 1 1 0.57254905 1 1 1 0.4509804 1 1 1 0.5882353 1 1 1 0.34117648 1 1 1 0.5294118 1 1 1 0.24313726 1 1 1 0.18039216 1 1 1 0.32156864 1 1 1 0.40784314 1 1 1 0.4509804 1 1 1 0.5411765 1 1 1 0.80784315 1 1 1 0.69411767 1 1 1 0.69411767 1 1 1 0.49019608 1 1 1 0.24313726 1 1 1 0.49803922 1 1 1 0.5647059 1 1 1 0.5254902 1 1 1 0.5254902 1 1 1 0.5647059 1 1 1 0.047058824 1 1 1 0.047058824 1 1 1 0.047058824 1 1 1 0.7647059 1 1 1 0.75686276 1 1 1 0.64705884</float_array>
					<technique_common>
						<accessor source="#mesh_0_PressShadow_color_array_id" count="493" stride="4">
							<param name="R" type="float" />
							<param name="G" type="float" />
							<param name="B" type="float" />
							<param name="A" type="float" />
						</accessor>
					</technique_common>
				</source>
				<vertices id="mesh_0_PressShadow_vertices_id">
					<input semantic="POSITION" source="#mesh_0_PressShadow_position_id" />
				</vertices>
				<triangles material="PressShadow" count="566">
					<input semantic="VERTEX" source="#mesh_0_PressShadow_vertices_id" offset="0" />
					<input semantic="NORMAL" source="#mesh_0_PressShadow_normal_id" offset="0" />
					<input semantic="COLOR" source="#mesh_0_PressShadow_color_id" offset="0" />
					<p>0 1 2 1 3 2 4 3 1 3 5 2 6 2 5 7 6 5 6 7 8 8 7 9 1 10 4 4 10 11 12 10 1 9 13 8 14 13 9 6 8 15 2 6 16 16 6 15 17 2 16 2 17 0 0 17 18 19 12 1 19 1 0 19 0 20 21 12 19 19 22 21 0 22 20 22 19 20 13 23 8 24 8 23 23 25 24 24 25 26 8 24 27 28 22 0 28 29 22 28 30 29 29 30 31 32 31 30 32 30 33 33 34 32 33 35 34 35 36 34 36 35 37 37 35 38 26 25 38 38 25 37 39 35 33 33 30 40 37 41 36 34 36 41 33 42 39 43 39 42 44 39 43 43 26 44 44 26 45 40 30 46 46 30 28 33 40 47 47 40 46 47 42 33 47 46 18 18 17 47 47 48 42 17 48 47 28 49 46 46 49 18 26 38 50 38 51 50 25 23 52 25 52 37 52 53 37 37 53 54 54 55 37 37 55 56 37 56 41 56 34 41 57 53 52 58 57 52 59 57 58 60 56 55 61 56 60 61 62 56 34 62 32 34 56 62 63 62 61 64 63 61 64 61 65 64 66 63 67 66 64 67 68 66 69 68 67 62 63 70 63 66 70 52 71 58 70 72 62 73 61 60 73 74 57 57 74 75 66 76 70 66 68 76 72 70 76 58 77 59 78 59 77 78 77 79 79 77 80 79 81 78 78 81 82 83 82 81 84 82 83 83 85 84 86 85 83 85 87 84 67 87 69 88 87 85 87 88 69 87 89 84 67 89 87 64 89 67 84 89 90 90 82 84 89 64 90 64 65 90 80 77 91 91 77 92 92 93 91 82 94 78 94 82 90 90 65 94 92 77 95 92 95 71 68 69 96 97 96 69 97 88 85 69 88 97 85 86 98 85 98 97 98 86 99 86 100 99 101 86 83 86 101 102 102 101 103 101 104 103 105 103 104 106 105 104 101 106 104 107 105 106 108 105 107 109 105 108 108 110 109 111 105 109 112 107 106 113 107 112 114 107 113 111 115 105 105 115 103 103 115 102 116 106 101 116 117 106 117 112 106 118 119 94 118 120 121 122 123 124 122 124 125 125 124 126 127 123 122 127 128 123 125 126 128 123 128 129 128 126 129 129 130 123 129 126 130 123 130 131 130 132 131 131 132 133 134 131 133 135 131 134 124 123 135 135 123 131 136 135 134 137 135 136 130 137 132 132 137 136 126 124 137 137 124 135 130 126 137 132 138 133 133 138 139 133 139 134 139 138 140 141 139 140 142 139 141 134 139 142 142 141 143 136 134 143 143 134 142 136 143 132 132 143 138 143 141 144 143 144 138 140 138 145 138 144 145 140 145 146 146 145 147 146 147 148 146 148 149 141 140 149 149 140 146 141 149 144 149 148 150 149 150 151 144 149 151 144 151 145 145 151 147 151 150 152 151 152 147 148 147 153 147 152 153 148 153 154 154 153 155 155 156 154 154 156 157 158 154 157 159 154 158 150 148 159 159 148 154 150 159 152 160 159 158 161 159 160 155 161 156 156 161 160 152 159 161 152 161 153 153 161 155 160 158 162 162 158 163 158 157 163 163 157 164 156 165 157 157 165 164 156 160 165 165 160 162 162 163 166 166 163 167 163 164 167 167 164 168 165 169 164 164 169 168 165 162 169 169 162 166 166 167 170 170 167 171 167 168 171 171 168 172 168 169 172 172 169 173 169 166 173 173 166 170 170 171 174 174 171 175 171 172 175 175 172 176 172 173 176 176 173 177 173 170 177 177 170 174 174 175 178 178 175 179 175 176 179 179 176 180 176 177 180 180 177 181 177 174 181 181 174 178 178 179 182 182 179 183 179 180 183 183 180 184 180 181 184 184 181 185 181 178 185 185 178 182 182 183 186 186 183 187 183 184 187 187 184 188 184 185 188 188 185 189 185 182 189 189 182 186 186 187 190 190 187 191 187 188 191 191 188 192 188 189 192 192 189 193 189 186 193 193 186 190 190 191 194 194 191 195 191 192 195 195 192 196 192 193 196 196 193 197 193 190 197 197 190 194 194 195 198 198 195 199 195 196 199 199 196 200 196 197 200 200 197 201 197 194 201 201 194 198 198 199 202 202 199 203 199 200 203 203 200 204 200 201 204 204 201 205 201 198 205 205 198 202 202 203 206 206 203 207 203 204 207 207 204 208 204 205 208 208 205 209 205 202 209 209 202 206 210 206 207 211 206 210 211 209 206 210 207 212 212 207 208 209 212 208 213 209 211 213 212 209 210 214 211 215 214 210 215 210 216 216 210 212 214 217 211 211 217 213 216 212 217 217 212 213 218 219 220 218 221 219 221 222 219 221 223 222 224 223 221 223 225 222 226 225 223 226 227 225 227 224 221 227 218 225 227 221 218 228 227 226 228 224 227 224 228 223 223 228 226 225 218 229 225 229 222 222 229 230 219 222 230 230 229 231 230 231 219 231 229 232 229 218 232 232 218 220 219 231 233 220 219 233 234 235 236 237 235 234 237 238 235 235 238 239 238 240 239 241 240 238 240 242 239 243 234 236 243 236 244 236 245 244 246 243 244 247 246 244 248 247 234 234 247 249 249 247 244 250 234 243 236 251 245 239 242 252 252 235 239 252 242 253 254 235 252 254 236 235 254 255 256 257 258 259 260 258 257 257 261 260 261 262 260 260 262 263 260 264 258 258 264 265 266 257 259 259 267 266 259 268 267 267 268 269 270 257 266 258 271 259 259 271 268 272 262 261 261 257 272 272 257 270 273 262 272 274 266 267 274 267 275 275 267 269 270 266 276 276 266 274 270 276 272 277 276 274 278 276 277 276 278 279 272 279 273 272 276 279 278 280 279 273 279 280 281 280 278 277 282 278 274 282 277 282 283 278 284 283 282 285 274 275 286 287 269 288 269 287 258 289 290 291 284 292 293 294 292 292 294 295 292 296 293 297 294 298 299 300 298 301 300 299 301 299 302 302 303 304 304 303 305 305 306 304 307 304 306 307 302 304 301 302 307 306 305 308 307 306 309 310 303 311 311 312 313 313 312 314 313 314 315 315 314 316 315 317 313 311 313 317 318 317 315 314 319 316 312 320 314 321 312 311 311 322 321 303 322 311 323 312 321 312 323 324 314 320 325 326 327 314 326 314 328 329 330 331 332 330 329 329 331 333 333 331 334 335 329 333 335 332 329 336 332 335 330 337 331 332 337 330 337 338 331 331 338 334 336 338 332 332 338 337 339 340 341 342 339 343 344 345 346 345 347 346 346 347 348 349 345 344 344 346 350 351 345 352 353 352 345 352 354 355 356 357 346 358 357 359 360 352 361 361 352 362 361 363 360 364 365 366 366 365 367 366 367 368 369 366 368 370 366 369 364 371 365 364 372 371 372 364 373 373 364 374 374 375 373 374 370 375 375 370 369 376 377 378 378 377 379 380 376 378 381 376 380 381 382 376 376 382 377 382 383 384 385 383 382 378 386 387 388 389 390 391 389 388 390 392 388 388 392 393 394 395 396 397 398 399 400 401 402 402 403 400 403 402 404 404 402 405 400 406 401 407 408 409 407 410 408 409 411 407 412 413 414 414 413 415 415 413 416 417 418 419 419 418 420 419 421 422 423 424 425 425 424 426 423 427 428 429 430 431 432 430 429 433 431 434 435 436 437 436 435 438 437 439 440 441 442 443 443 442 444 445 441 446 447 448 449 448 450 449 451 452 453 453 452 454 455 456 457 457 456 458 459 460 461 461 460 462 463 464 465 466 467 468 469 467 470 471 472 473 474 475 476 477 478 479 480 481 482 483 484 459 485 486 461 487 488 489 490 491 492</p>
				</triangles>
			</mesh>
		</geometry>
		<geometry id="mesh_1_PressShadow_id" name="mesh_1_PressShadow">
			<mesh>
				<source id="mesh_1_PressShadow_position_id" name="mesh_1_PressShadow_position">
					<float_array id="mesh_1_PressShadow_position_array_id" count="705">-0.29153 10.827905 -47.59414 -0.000428 9.76059 -42.063 -6.558804 10.548131 -50.330315 6.850334 10.548117 -50.533867 2.789524 10.731625 -49.694607 9.512783 10.188799 -40.41246 0.95785 10.327866 -32.139244 6.93878 10.916573 -35.478462 8.831859 10.73147 -35.787415 9.966207 10.913423 -49.11135 12.680359 10.73147 -46.909885 12.574632 10.73147 -41.664642 8.656682 11.539597 -42.80342 -0.000234 11.688715 -41.94065 -0.077551 10.929625 -32.113354 -10.228382 10.637705 -39.321754 -2.789524 10.731625 -49.694607 -13.101802 10.73147 -45.929977 -10.573856 10.908805 -49.0923 -8.831859 10.73147 -35.787415 -88.66727 16.13072 23.52486 -90.18017 15.352863 21.569103 -90.19745 16.137125 21.585972 -88.64522 15.363475 23.521002 -89.330986 15.264382 23.729643 -90.4489 15.150283 21.942505 -90.72089 15.352863 22.312304 -89.65575 16.081173 23.825321 -90.77815 16.08648 22.391853 -92.57199 16.096645 22.055346 -92.80994 16.149395 21.06152 -94.37338 16.076208 22.668793 -95.059875 16.124725 22.003004 -95.07736 15.373412 21.983551 -92.81282 15.332532 21.035536 -94.759384 15.179329 22.290623 -92.69783 15.121533 21.494877 -94.44345 15.373412 22.600609 -92.594376 15.332532 21.953417 -95.09568 16.086958 24.296467 -96.166885 16.175526 24.103466 -95.93669 16.17545 26.370941 -96.17539 15.35191 24.111664 -95.93942 15.351511 26.373775 -95.68971 15.148938 24.198376 -95.465675 15.148367 26.218971 -95.203445 15.35191 24.278246 -94.992256 15.351508 26.064684 -94.88757 16.087158 26.03078 -94.56828 16.182062 28.326317 -93.80679 16.092142 27.544731 -92.3652 16.201786 29.470722 -94.56465 15.34154 28.33678 -92.33643 15.316412 29.488832 -94.22514 15.134267 27.978897 -92.15808 15.098732 29.001907 -93.88211 15.341545 27.622864 -91.97357 15.316412 28.515932 -91.9345 16.104706 28.41198 -90.09241 16.14857 30.038887 -89.79094 16.09596 28.98069 -87.06616 16.585464 29.938404 -87.05181 16.105469 30.577635 -87.05487 15.314884 30.46744 -90.09886 15.333902 30.060907 -87.06616 15.098416 29.938404 -89.959785 15.123467 29.572165 -87.076355 15.317369 29.412033 -89.82006 15.333902 29.08303 -87.07866 16.104227 29.303356 -82.50689 15.284688 29.475092 -82.504555 15.05354 30.032206 -82.501595 15.284148 30.589746 -82.50047 16.120842 30.70527 -82.504555 16.63034 30.032206 -82.50727 16.120567 29.35976 -77.59865 15.274141 29.450012 -77.597336 15.038838 30.017689 -77.59491 15.273931 30.585516 -77.59355 16.125948 30.703156 -77.597336 16.645048 30.017689 -77.59888 16.125841 29.332455 -72.67156 15.270037 29.440094 -72.67156 15.033143 30.011995 -72.67156 15.270037 30.5839 -72.67156 16.127893 30.702347 -72.67156 16.650738 30.011995 -72.67157 16.127893 29.32165 -67.8112 15.270037 29.440094 -67.8112 15.033148 30.011995 -67.8112 15.270037 30.5839 -67.8112 16.127892 30.702345 -67.8112 16.650736 30.011995 -67.8112 16.127892 29.321648 -62.95087 15.270037 29.440094 -62.95087 15.033148 30.011995 -62.95087 15.270037 30.5839 -62.950867 16.127892 30.702345 -62.95087 16.650738 30.011995 -62.95087 16.127892 29.321648 -58.09079 15.270037 29.440094 -58.09079 15.033148 30.011995 -58.09079 15.270037 30.5839 -58.090786 16.127892 30.702345 -58.09079 16.650736 30.011995 -58.09079 16.127892 29.321648 -53.230453 15.270037 29.440094 -53.230453 15.033148 30.011995 -53.230453 15.270037 30.5839 -53.23045 16.127892 30.702345 -53.230453 16.650736 30.011995 -53.230453 16.127892 29.321648 -48.37011 15.270037 29.440094 -48.37011 15.033148 30.011995 -48.37011 15.270037 30.5839 -48.37011 16.127892 30.702345 -48.37011 16.650738 30.011995 -48.37011 16.127892 29.321648 -43.509983 15.270037 29.440094 -43.510036 15.033148 30.011995 -43.51004 15.270037 30.5839 -43.51004 16.127892 30.702345 -43.510036 16.650738 30.011995 -43.50998 16.127892 29.321648 -38.649693 15.270037 29.440094 -38.649685 15.033148 30.011995 -38.649693 15.270037 30.5839 -38.649693 16.127892 30.702345 -38.649685 16.650736 30.011995 -38.649693 16.127892 29.321648 -33.78948 15.270037 29.440094 -33.789463 15.033148 30.011995 -33.789345 15.270037 30.5839 -33.789345 16.127895 30.702347 -33.789463 16.650738 30.011995 -33.789482 16.127895 29.321648 -28.929136 15.270037 29.440094 -28.92914 15.033148 30.011995 -28.929142 15.270037 30.5839 -28.929146 16.127895 30.702347 -28.92914 16.650738 30.011995 -28.929136 16.127895 29.321648 -24.068926 15.033148 30.011995 -24.068926 15.270037 29.440094 -24.068926 15.270037 30.5839 -24.068928 16.127895 30.702347 -24.068924 16.127895 29.321648 -20.525417 15.270037 29.440094 -19.971577 15.033148 30.011995 -20.889194 16.127895 29.321648 -24.068926 16.650738 30.011995 -19.532295 15.270037 30.5839 -19.560123 15.841944 30.820795 -20.496098 16.650738 30.011995 -19.952888 16.413843 30.5839 -89.66686 16.077534 25.258797 -88.66727 16.13072 23.52486 -89.65575 16.081173 23.825321 -89.348755 15.273173 25.355192 -90.51231 15.211689 26.902481 -90.04788 15.38056 27.445333 -91.23437 15.433193 27.684114 -91.14506 16.03561 27.882574 -90.06108 16.12041 27.43073 -90.69333 16.072632 26.688675 -91.45961 15.841971 27.38747 -88.68258 16.161238 25.575136 -88.68092 15.370756 25.57057 -88.64522 15.363475 23.521002 -89.330986 15.264382 23.729643 1.52621 40.579403 -11.103255 0.086642 47.580673 -7.266858 2.129444 40.102318 -2.160126 0 47.182297 -3.616817 0 40.77725 1.971583 0 44.454247 -11.517694 0 38.33206 -12.797643 0 31.662457 -10.21302 -2.136708 41.979744 -0.595483 -1.877674 46.37525 -7.758161 -1.967047 37.864586 -11.124544 0 29.157787 3.114762 1.031268 28.287556 0.58698 0.840056 26.486967 -4.648358 -1.038733 28.229326 0.417727 -0.428663 26.394012 -4.917122 -16.061144 1.976478 34.32177 -17.465267 1.167164 31.394918 -12.618706 3.372017 33.109955 -14.541069 2.635017 29.513063 -15.677146 8.208817 33.471012 -12.375519 10.054672 35.586075 -14.807821 9.926655 34.892242 29.498457 4.434496 21.115822 22.645933 7.626178 20.013428 30.302677 1.913479 18.984013 23.388584 8.379435 20.224813 24.074715 9.208695 20.107769 31.440954 5.086464 19.364359 24.15596 10.113308 16.776405 32.043915 4.821157 11.94289 23.933086 9.505779 11.78302 29.412552 3.993501 8.007137 23.040916 7.890558 10.435351 30.287754 1.66185 9.648455 22.049948 7.196641 16.778439 22.266523 6.922851 12.967476 29.412552 3.993501 8.007137 32.043915 4.821157 11.94289 36.35393 -0.408985 8.821143 38.938164 -1.839132 12.657501 30.287754 1.66185 9.648455 36.438564 -1.548674 13.758014 30.302677 1.913479 18.984013 36.244682 0.068933 19.472801 29.498457 4.434496 21.115822 31.440954 5.086464 19.364359 38.214317 -0.414483 17.276932 22.266523 6.922851 12.967476 22.049948 7.196641 16.778439 11.200095 2.994274 -2.365011 20.915169 7.982717 20.369286 23.040916 7.890558 10.435351 21.75087 10.428911 4.078346 25.54228 17.265488 15.374933 23.933086 9.505779 11.78302 24.15596 10.113308 16.776405 24.074715 9.208695 20.107769 25.54228 17.265488 15.374933 20.915169 7.982717 20.369286 23.388584 8.379435 20.224813 22.645933 7.626178 20.013428 -14.399203 11.098871 33.992085 -15.677146 8.208817 33.471012 -14.807821 9.926655 34.892242</float_array>
					<technique_common>
						<accessor source="#mesh_1_PressShadow_position_array_id" count="235" stride="3">
							<param name="X" type="float" />
							<param name="Y" type="float" />
							<param name="Z" type="float" />
						</accessor>
					</technique_common>
				</source>
				<source id="mesh_1_PressShadow_normal_id" name="mesh_1_PressShadow_normal">
					<float_array id="mesh_1_PressShadow_normal_array_id" count="705">-0.243306 0.50543 -0.827855 -0.483577 -0.820015 -0.306151 -0.466036 0.023203 -0.884461 0.466036 0.023203 -0.884462 0.112495 0.016226 -0.99352 0.856604 -0.462364 0.229019 0 -0.50849 0.861068 0.745633 0.47625 0.466066 0.841928 0.019901 0.539223 0.768863 0.502033 -0.395996 0.892925 0.023279 -0.449604 0.967661 0.024705 0.251041 0.486121 0.872778 -0.044114 -0.472606 0.830533 -0.294716 -0.415254 0.507206 0.755186 -0.850438 0.519 -0.085994 -0.24365 0.01748 -0.969706 -0.995209 0.021877 -0.095292 -0.768863 0.502033 -0.395996 -0.67514 0.018603 0.737455 0.620589 0.754232 -0.214482 0.420707 -0.582911 -0.69514 0.345371 0.756419 -0.555472 0.725313 -0.643292 -0.245148 -0.411876 -0.890036 0.195434 -0.020593 -0.999098 0.037147 -0.38215 -0.635415 0.670976 -0.757329 0.589916 0.280093 -0.378063 0.639042 0.669846 0.053306 0.652065 0.756286 -0.067322 0.752516 -0.655124 0.504549 0.668337 0.546586 -0.440695 0.755651 -0.48454 -0.564225 -0.554144 -0.612025 -0.082616 -0.539614 -0.837849 -0.008692 -0.999962 -0.000826 -0.007173 -0.999938 0.008478 0.521347 -0.628614 0.577098 0.055749 -0.597055 0.800261 0.760602 0.639729 0.110591 -0.644868 0.752967 -0.131094 -0.621689 0.748679 0.230179 -0.813054 -0.560346 -0.157972 -0.775446 -0.561713 0.288378 0.004024 -0.999954 -0.0087 -0.001995 -0.999992 -0.003478 0.775741 -0.619714 0.119077 0.729787 -0.622159 -0.283425 0.720197 0.635061 -0.279309 -0.440748 0.747735 0.496622 0.490714 0.636236 -0.595318 -0.235967 0.740509 0.629258 -0.54851 -0.559589 0.621286 -0.297101 -0.549511 0.780877 -0.009393 -0.999931 -0.006991 -0.002758 -0.999993 -0.002703 0.498684 -0.619972 -0.605764 0.269968 -0.609581 -0.745337 0.267918 0.628446 -0.730257 -0.149383 0.769505 0.620924 0.117857 0.582059 -0.80456 -0.051201 0.995007 0.08567 -0.084911 0.402316 0.911555 -0.074291 -0.595557 0.79987 -0.162416 -0.561955 0.811065 -0.009106 -0.999956 -0.002043 0.000522 -1 0.000388 0.048819 -0.610557 -0.790466 0.149057 -0.611179 -0.777331 0.022502 0.454239 -0.890596 0.000624 -0.610965 -0.791657 -0.006355 -0.999979 -0.00099 -0.013016 -0.611836 0.790878 -0.013722 0.383013 0.923641 -0.006301 0.99998 -0.000731 0.002242 0.382546 -0.923934 -0.003722 -0.611134 -0.791519 -0.002078 -0.999998 -0.000233 -0.000416 -0.61134 0.791368 -6E-06 0.382719 0.923865 -0.002082 0.999998 -0.000148 -0.003855 0.382599 -0.923906 -0.001048 -0.61123 -0.791453 -0.000579 -1 -5.1E-05 -0.000115 -0.611275 0.791418 -1E-06 0.382687 0.923878 -0.000582 1 -3.3E-05 -0.001086 0.382662 -0.923888 0 -0.611259 -0.791431 0 -1 -1E-06 0 -0.61126 0.79143 0 0.382682 0.92388 -0 1 -1E-06 -0 0.382681 -0.923881 0 -0.61126 -0.79143 0 -1 -1E-06 0 -0.61126 0.79143 0 0.382683 0.92388 0 1 -1E-06 0 0.382681 -0.923881 0 -0.61126 -0.79143 0 -1 -1E-06 0 -0.61126 0.79143 0 0.382683 0.92388 0 1 -1E-06 0 0.382681 -0.92388 0 -0.61126 -0.79143 0 -1 -1E-06 0 -0.61126 0.79143 0 0.382683 0.92388 -0 1 -1E-06 -0 0.382681 -0.923881 0 -0.61126 -0.79143 0 -1 -1E-06 0 -0.61126 0.79143 0 0.382682 0.92388 -0 1 -1E-06 -0 0.38268 -0.923881 0 -0.61126 -0.79143 0 -1 -0 0 -0.611259 0.79143 0 0.382682 0.92388 0 1 -1E-06 0 0.38268 -0.923881 -0 -0.61126 -0.79143 0 -1 -1E-06 0 -0.61126 0.79143 -0 0.382683 0.92388 -0 1 -1E-06 -0 0.382681 -0.92388 -0 -0.61126 -0.79143 0 -1 -0 0 -0.61126 0.79143 -0 0.382683 0.92388 -0 1 -1E-06 -0 0.382682 -0.92388 0 -0.61126 -0.79143 0 -1 -1E-06 0 -0.611261 0.791429 0 0.382684 0.92388 0 1 -1E-06 0 0.382682 -0.92388 0 -1 -2E-06 0 -0.611259 -0.79143 -0.005779 -0.632473 0.774561 -0.010133 0.381093 0.924481 0 0.382682 -0.92388 0 -0.61126 -0.79143 0 -1 -2E-06 0 0.382682 -0.92388 -0.007283 0.999664 -0.024892 -0.01139 -0.65262 0.7576 -0.010708 0.074325 0.997177 -0.01431 0.998701 -0.048909 -0.012422 0.649085 0.760615 -0.784971 0.560314 -0.264327 0.620589 0.754232 -0.214482 -0.757329 0.589916 0.280093 -0.453938 -0.878043 -0.151596 -0.814847 -0.473803 0.333968 0.047207 -0.544037 0.837732 -0.579351 -0.323746 0.748025 -0.606264 0.018404 0.79505 0.267615 0.015592 0.9634 -0.973092 0.005937 0.230339 -0.824778 0.012058 0.565329 0.623971 0.752518 0.210659 0.713539 -0.657469 0.242068 0.725313 -0.643292 -0.245148 -0.411876 -0.890036 0.195434 0.936756 0.044303 -0.347168 0.603224 0.779312 -0.169688 0.980605 0.128732 0.147793 -0.169761 0.897326 0.407416 0.137401 0.48084 0.865976 0.158133 0.54564 -0.822965 0.040987 -0.050365 -0.997889 0.166537 -0.533675 -0.82913 -0.959108 0.127227 0.252836 -0.805579 0.571496 -0.156314 -0.914009 -0.112228 -0.389863 0.052497 0.036851 0.997941 0.9806 -0.029754 0.193748 0.828178 -0.382479 -0.409671 -0.963042 -0.051845 0.264315 -0.723808 -0.498615 -0.476953 -0.40011 -0.332474 0.854033 -0.461257 -0.870713 -0.17059 0.899565 -0.395357 0.185677 0.340345 -0.077917 -0.937067 -0.975458 -0.145725 -0.165065 -0.310156 -0.581018 0.752477 -0.689041 -0.563297 0.455982 0.329966 -0.151717 0.931721 0.506009 -0.718391 0.477357 0.105828 -0.994288 0.013836 0.676413 -0.456593 0.577917 0.84696 -0.128583 0.515873 0.43571 0.807141 0.398346 0.947683 0.142425 0.285677 0.343219 0.457485 -0.82031 0.852989 -0.080657 -0.51566 0.246366 -0.159804 -0.955911 0.730074 -0.403755 -0.551338 0.10939 -0.938949 -0.326205 0.391978 -0.918786 0.046759 0.458632 -0.865187 -0.20275 0.246366 -0.159804 -0.955911 0.343219 0.457485 -0.82031 0.039016 -0.748066 -0.662476 0.894396 -0.370374 -0.250756 0.10939 -0.938949 -0.326205 -0.220539 -0.972825 0.070521 0.105828 -0.994288 0.013836 0.188298 -0.686914 0.701921 0.329966 -0.151717 0.931721 0.43571 0.807141 0.398346 0.718962 -0.326229 0.613732 0.458632 -0.865187 -0.20275 0.391978 -0.918786 0.046759 0.512466 -0.84602 -0.147067 0.420109 -0.905837 0.054476 0.730074 -0.403755 -0.551338 0.908348 -0.115141 -0.402053 0.98426 0.050277 0.169422 0.852989 -0.080657 -0.51566 0.947683 0.142425 0.285677 0.84696 -0.128583 0.515873 0.98426 0.050277 0.169422 0.420109 -0.905837 0.054476 0.676413 -0.456593 0.577917 0.506009 -0.718391 0.477357 -0.246001 -0.400895 -0.882478 -0.975458 -0.145725 -0.165065 -0.689041 -0.563297 0.455982</float_array>
					<technique_common>
						<accessor source="#mesh_1_PressShadow_normal_array_id" count="235" stride="3">
							<param name="X" type="float" />
							<param name="Y" type="float" />
							<param name="Z" type="float" />
						</accessor>
					</technique_common>
				</source>
				<source id="mesh_1_PressShadow_color_id" name="mesh_1_PressShadow_color">
					<float_array id="mesh_1_PressShadow_color_array_id" count="940">1 1 1 0.047058824 1 1 1 0.047058824 1 1 1 0.047058824 1 1 1 0.047058824 1 1 1 0.047058824 1 1 1 0.047058824 1 1 1 0.047058824 1 1 1 0.047058824 1 1 1 0.047058824 1 1 1 0.047058824 1 1 1 0.047058824 1 1 1 0.047058824 1 1 1 0.047058824 1 1 1 0.047058824 1 1 1 0.047058824 1 1 1 0.047058824 1 1 1 0.047058824 1 1 1 0.047058824 1 1 1 0.047058824 1 1 1 0.047058824 1 1 1 0.49803922 1 1 1 0.49803922 1 1 1 0.49803922 1 1 1 0.49803922 1 1 1 0.49803922 1 1 1 0.49803922 1 1 1 0.49803922 1 1 1 0.49803922 1 1 1 0.49803922 1 1 1 0.49803922 1 1 1 0.49803922 1 1 1 0.49803922 1 1 1 0.49803922 1 1 1 0.49803922 1 1 1 0.49803922 1 1 1 0.49803922 1 1 1 0.49803922 1 1 1 0.49803922 1 1 1 0.49803922 1 1 1 0.39607844 1 1 1 0.39607844 1 1 1 0.27450982 1 1 1 0.39607844 1 1 1 0.27450982 1 1 1 0.39607844 1 1 1 0.27450982 1 1 1 0.39607844 1 1 1 0.27450982 1 1 1 0.27450982 1 1 1 0.15294118 1 1 1 0.15294118 1 1 1 0.047058824 1 1 1 0.15294118 1 1 1 0.047058824 1 1 1 0.15294118 1 1 1 0.047058824 1 1 1 0.15294118 1 1 1 0.047058824 1 1 1 0.047058824 1 1 1 0.047058824 1 1 1 0.047058824 1 1 1 0.047058824 1 1 1 0.047058824 1 1 1 0.047058824 1 1 1 0.047058824 1 1 1 0.047058824 1 1 1 0.047058824 1 1 1 0.047058824 1 1 1 0.047058824 1 1 1 0.047058824 1 1 1 0.047058824 1 1 1 0.047058824 1 1 1 0.047058824 1 1 1 0.047058824 1 1 1 0.047058824 1 1 1 0.047058824 1 1 1 0.047058824 1 1 1 0.047058824 1 1 1 0.047058824 1 1 1 0.047058824 1 1 1 0.047058824 1 1 1 0.047058824 1 1 1 0.047058824 1 1 1 0.047058824 1 1 1 0.047058824 1 1 1 0.047058824 1 1 1 0.047058824 1 1 1 0.047058824 1 1 1 0.047058824 1 1 1 0.047058824 1 1 1 0.047058824 1 1 1 0.047058824 1 1 1 0.047058824 1 1 1 0.047058824 1 1 1 0.047058824 1 1 1 0.047058824 1 1 1 0.047058824 1 1 1 0.047058824 1 1 1 0.047058824 1 1 1 0.047058824 1 1 1 0.047058824 1 1 1 0.047058824 1 1 1 0.047058824 1 1 1 0.047058824 1 1 1 0.047058824 1 1 1 0.047058824 1 1 1 0.047058824 1 1 1 0.047058824 1 1 1 0.047058824 1 1 1 0.047058824 1 1 1 0.047058824 1 1 1 0.047058824 1 1 1 0.047058824 1 1 1 0.047058824 1 1 1 0.047058824 1 1 1 0.047058824 1 1 1 0.047058824 1 1 1 0.047058824 1 1 1 0.047058824 1 1 1 0.047058824 1 1 1 0.047058824 1 1 1 0.047058824 1 1 1 0.047058824 1 1 1 0.047058824 1 1 1 0.047058824 1 1 1 0.047058824 1 1 1 0.047058824 1 1 1 0.047058824 1 1 1 0.047058824 1 1 1 0.047058824 1 1 1 0.047058824 1 1 1 0.047058824 1 1 1 0.047058824 1 1 1 0.047058824 1 1 1 0.047058824 1 1 1 0.047058824 1 1 1 0.047058824 1 1 1 0.047058824 1 1 1 0.047058824 1 1 1 0.047058824 1 1 1 0.047058824 1 1 1 0.047058824 1 1 1 0.047058824 1 1 1 0.047058824 1 1 1 0.047058824 1 1 1 0.047058824 1 1 1 0.047058824 1 1 1 0.047058824 1 1 1 0.047058824 1 1 1 0.047058824 1 1 1 0.047058824 1 1 1 0.047058824 1 1 1 0.047058824 1 1 1 0.047058824 1 1 1 0.047058824 1 1 1 0.49803922 1 1 1 0.49803922 1 1 1 0.49803922 1 1 1 0.49803922 1 1 1 0.49803922 1 1 1 0.49803922 1 1 1 0.49803922 1 1 1 0.49803922 1 1 1 0.49803922 1 1 1 0.49803922 1 1 1 0.49803922 1 1 1 0.49803922 1 1 1 0.49803922 1 1 1 0.49803922 1 1 1 0.49803922 1 1 1 1 1 1 1 1 1 1 1 1 1 1 1 1 1 1 1 1 1 1 1 1 1 1 1 1 1 1 1 1 1 1 1 1 1 1 1 1 1 1 1 1 1 1 1 1 1 1 1 1 1 1 1 1 1 1 1 1 1 1 1 1 1 1 1 0.49803922 1 1 1 0.49803922 1 1 1 0.49803922 1 1 1 0.49803922 1 1 1 0.49803922 1 1 1 0.49803922 1 1 1 0.49803922 1 1 1 0.08235294 1 1 1 0.16078432 1 1 1 0.08235294 1 1 1 0.16078432 1 1 1 0.16078432 1 1 1 0.08235294 1 1 1 0.16078432 1 1 1 0.08235294 1 1 1 0.16078432 1 1 1 0.08235294 1 1 1 0.16078432 1 1 1 0.08235294 1 1 1 0.16078432 1 1 1 0.16078432 1 1 1 0.047058824 1 1 1 0.047058824 1 1 1 0.047058824 1 1 1 0.047058824 1 1 1 0.047058824 1 1 1 0.047058824 1 1 1 0.047058824 1 1 1 0.047058824 1 1 1 0.047058824 1 1 1 0.047058824 1 1 1 0.047058824 1 1 1 0.38431373 1 1 1 0.38431373 1 1 1 0.47058824 1 1 1 0.46666667 1 1 1 0.38431373 1 1 1 0.46666667 1 1 1 0.4627451 1 1 1 0.38431373 1 1 1 0.38431373 1 1 1 0.38431373 1 1 1 0.46666667 1 1 1 0.47058824 1 1 1 0.38431373 1 1 1 0.38431373 1 1 1 0.1764706 1 1 1 0.30588236 1 1 1 0.2509804</float_array>
					<technique_common>
						<accessor source="#mesh_1_PressShadow_color_array_id" count="235" stride="4">
							<param name="R" type="float" />
							<param name="G" type="float" />
							<param name="B" type="float" />
							<param name="A" type="float" />
						</accessor>
					</technique_common>
				</source>
				<vertices id="mesh_1_PressShadow_vertices_id">
					<input semantic="POSITION" source="#mesh_1_PressShadow_position_id" />
				</vertices>
				<triangles material="PressShadow" count="387">
					<input semantic="VERTEX" source="#mesh_1_PressShadow_vertices_id" offset="0" />
					<input semantic="NORMAL" source="#mesh_1_PressShadow_normal_id" offset="0" />
					<input semantic="COLOR" source="#mesh_1_PressShadow_color_id" offset="0" />
					<p>0 1 2 1 0 3 3 0 4 3 5 1 5 6 1 5 7 6 5 8 7 3 9 5 3 4 9 9 4 0 10 5 9 5 10 11 5 11 8 7 11 9 9 11 10 7 8 11 0 12 9 12 7 9 12 13 7 13 12 0 7 13 14 1 6 15 6 14 15 2 1 15 13 15 14 16 0 2 2 0 16 17 2 15 18 2 17 18 0 2 0 18 13 13 18 15 15 18 17 15 19 14 20 21 22 23 21 20 24 21 23 25 21 24 24 26 25 20 22 27 27 26 24 27 22 28 28 26 27 22 29 28 28 29 26 30 29 22 30 31 29 32 31 30 30 33 32 34 33 30 21 34 22 22 34 30 34 35 33 36 35 34 25 36 21 21 36 34 26 36 25 36 37 35 38 37 36 29 31 38 38 31 37 38 36 26 26 29 38 32 39 31 40 39 32 40 41 39 42 41 40 33 42 32 32 42 40 43 41 42 44 43 42 35 44 33 33 44 42 37 44 35 45 43 44 46 45 44 46 44 37 39 46 31 31 46 37 47 45 46 39 47 46 39 41 48 48 47 39 41 49 48 43 49 41 48 49 50 49 51 50 52 51 49 52 49 43 45 52 43 53 51 52 54 53 52 54 52 45 47 54 45 55 53 54 56 55 54 56 54 47 50 56 48 48 56 47 57 55 56 50 57 56 50 51 58 58 57 50 51 59 58 53 59 51 58 59 60 59 61 60 59 62 61 59 63 62 64 63 59 64 59 53 55 64 53 64 65 63 66 65 64 66 64 55 57 66 55 66 67 65 68 67 66 68 66 57 60 68 58 58 68 57 60 61 69 60 69 68 68 69 67 67 70 65 65 70 71 65 71 63 63 71 72 63 72 62 62 72 73 73 74 62 62 74 61 74 75 61 61 75 69 69 75 67 67 75 70 70 76 71 71 76 77 71 77 72 72 77 78 72 78 73 73 78 79 79 80 73 73 80 74 74 80 75 75 80 81 75 81 70 70 81 76 76 82 77 77 82 83 77 83 78 78 83 84 78 84 79 79 84 85 79 85 80 80 85 86 80 86 81 81 86 87 81 87 76 76 87 82 82 88 83 83 88 89 83 89 84 84 89 90 84 90 85 85 90 91 85 91 86 86 91 92 86 92 87 87 92 93 87 93 82 82 93 88 88 94 89 89 94 95 89 95 90 90 95 96 90 96 91 91 96 97 91 97 92 92 97 98 92 98 93 93 98 99 93 99 88 88 99 94 94 100 95 95 100 101 95 101 96 96 101 102 96 102 97 97 102 103 97 103 98 98 103 104 98 104 99 99 104 105 99 105 94 94 105 100 100 106 101 101 106 107 101 107 102 102 107 108 102 108 103 103 108 109 103 109 104 104 109 110 104 110 105 105 110 111 105 111 100 100 111 106 106 112 107 107 112 113 107 113 108 108 113 114 108 114 109 109 114 115 109 115 110 110 115 116 110 116 111 111 116 117 111 117 106 106 117 112 112 118 113 113 118 119 113 119 114 114 119 120 114 120 115 115 120 121 115 121 116 116 121 122 116 122 117 117 122 123 117 123 112 112 123 118 118 124 119 119 124 125 119 125 120 120 125 126 120 126 121 121 126 127 121 127 122 122 127 128 122 128 123 123 128 129 123 129 118 118 129 124 124 130 125 125 130 131 125 131 126 126 131 132 126 132 127 127 132 133 127 133 128 128 133 134 128 134 129 129 134 135 129 135 124 124 135 130 130 136 131 131 136 137 131 137 132 132 137 138 132 138 133 133 138 139 133 139 134 134 139 140 134 140 135 135 140 141 135 141 130 130 141 136 137 136 142 142 136 143 136 141 143 138 137 144 144 137 142 139 138 145 145 138 144 145 140 139 143 141 146 147 142 143 148 142 147 148 144 142 147 143 149 149 143 146 150 140 145 146 141 150 150 141 140 150 149 146 151 144 148 151 152 144 144 152 145 145 153 150 153 149 150 154 153 145 145 152 154 155 156 157 155 157 158 159 155 158 159 158 160 161 159 160 161 160 162 162 160 163 163 164 162 163 155 164 164 155 159 162 164 165 164 159 165 165 159 161 161 162 165 166 155 163 166 156 155 160 167 163 163 167 166 160 158 167 167 156 166 168 156 167 158 169 167 167 169 168 158 157 169 170 171 172 171 173 172 172 173 174 175 171 170 176 175 170 170 177 176 173 178 174 179 178 173 179 173 171 175 179 171 176 180 175 175 180 179 179 180 178 180 176 177 174 181 172 172 181 182 177 170 183 170 172 183 183 172 182 178 184 174 174 184 181 178 180 184 177 185 180 184 180 185 177 183 185 186 187 188 189 188 187 189 187 190 186 190 187 186 188 191 186 191 192 190 186 192 193 194 195 196 194 193 196 193 197 197 193 198 199 197 198 200 199 198 201 199 200 202 201 200 203 201 202 203 202 204 195 194 205 206 203 204 205 206 195 195 206 204 207 208 209 209 208 210 207 209 211 211 209 212 212 213 211 214 213 212 215 213 214 215 214 216 216 214 217 210 208 217 217 208 216 218 219 220 221 220 219 218 220 222 222 220 223 223 224 225 225 224 226 227 226 228 229 227 228 230 227 221 231 230 221 219 231 221 223 225 222 232 233 234</p>
				</triangles>
			</mesh>
		</geometry>
		<geometry id="mesh_2_PressShadow_id" name="mesh_2_PressShadow">
			<mesh>
				<source id="mesh_2_PressShadow_position_id" name="mesh_2_PressShadow_position">
					<float_array id="mesh_2_PressShadow_position_array_id" count="375">-32.43481 1.525339 8.165773 -37.071064 -2.535666 14.41255 -36.35393 -0.408985 8.821143 -38.899902 -1.851255 12.700404 -39.275097 0.040876 16.28084 -32.863968 3.90952 10.743831 -27.066952 5.511468 8.447535 -38.658436 -1.547088 16.680979 -34.66063 0.536758 19.592152 -30.553709 0.511191 14.419977 -31.440954 5.086464 19.364359 -29.498457 4.434496 21.115822 -15.985312 3.803864 -22.739471 -12.19682 3.134642 -23.648386 -15.447063 4.944992 -19.083832 -13.4144 4.385433 -26.104464 -12.222431 7.466341 -22.629307 -14.825794 6.881327 -19.400263 -11.957904 6.295472 -16.99009 -11.957904 6.295472 -16.99009 -12.913364 6.969757 -16.692537 -14.825794 6.881327 -19.400263 -12.222431 7.466341 -22.629307 -8.976345 6.842809 -25.31388 -12.19682 3.134642 -23.648386 -14.399203 11.098871 33.992085 -17.192307 13.176615 34.415054 -11.211632 11.633848 34.210365 -14.807821 9.926655 34.892242 -12.125661 11.132357 34.05219 -10.909361 8.714005 34.04827 -4.478319 11.048364 35.989006 1.637531 10.109013 37.615475 -12.375519 10.054672 35.586075 -34.66063 0.536758 19.592152 -30.553709 0.511191 14.419977 -22.645933 7.626178 20.013428 -29.498457 4.434496 21.115822 -23.388584 8.379435 20.224813 -24.067078 9.614194 19.100765 -31.440954 5.086464 19.364359 -24.219267 10.179878 14.00142 -32.863968 3.90952 10.743831 -23.87635 9.033859 10.521673 -27.066952 5.511468 8.447535 -23.040916 7.890558 10.435351 -32.43481 1.525339 8.165773 -22.049948 7.196641 16.778439 -22.266523 6.922851 12.967476 -20.525417 15.270037 29.440094 -18.679832 16.127893 29.321648 -18.58373 15.270037 29.440094 -20.889194 16.127895 29.321648 -19.971577 15.033148 30.011995 -18.246855 15.033148 30.011995 -20.496098 16.650738 30.011995 -18.246855 16.650738 30.011995 -19.952888 16.413843 30.5839 -18.020834 16.413843 30.5839 -19.560123 15.841944 30.820795 -17.991724 15.841944 30.820795 -19.532295 15.270037 30.5839 -17.991728 15.270037 30.5839 -22.266523 6.922851 12.967476 -23.040916 7.890558 10.435351 -13.786985 2.788305 1.02645 -16.616741 3.796993 20.339464 -22.049948 7.196641 16.778439 -20.297855 10.255016 1.197335 -22.645933 7.626178 20.013428 -23.388584 8.379435 20.224813 -22.099827 11.863119 25.154835 -16.616741 3.796993 20.339464 -24.067078 9.614194 19.100765 -23.87635 9.033859 10.521673 -24.219267 10.179878 14.00142 -25.618101 17.233738 14.63958 -20.297855 10.255016 1.197335 -25.618101 17.233738 14.63958 -22.099827 11.863119 25.154835 -11.079363 8.445055 -15.27845 -10.475303 9.446187 -17.857464 -14.825794 6.881327 -19.400263 -12.222431 7.466341 -22.629307 -12.913364 6.969757 -16.692537 -11.957904 6.295472 -16.99009 -10.228382 10.637705 -39.321754 -3.183753 10.73147 -32.357567 -8.831859 10.73147 -35.787415 -0.077551 10.929625 -32.113354 -15.677146 8.208817 33.471012 -14.399203 11.098871 33.992085 -10.909361 8.714005 34.04827 -12.125661 11.132357 34.05219 -12.618706 3.372017 33.109955 -12.375519 10.054672 35.586075 -7.041815 8.29866 -24.831686 -7.221668 7.284766 -22.981697 -8.976345 6.842809 -25.31388 -12.19682 3.134642 -23.648386 -14.541069 2.635017 29.513063 -15.677146 8.208817 33.471012 -10.909361 8.714005 34.04827 -12.618706 3.372017 33.109955 -14.105303 13.065832 -12.135622 -6.079982 10.804167 -28.54206 -10.475303 9.446187 -17.857464 -8.173525 9.336988 -23.423553 -8.173525 9.336988 -23.423553 -12.222431 7.466341 -22.629307 -5.768072 5.073618 -19.541739 -11.957904 6.295472 -16.99009 -9.656513 6.726586 -18.217117 -5.768072 5.073618 -19.541739 -11.079363 8.445055 -15.27845 -7.041815 8.29866 -24.831686 -7.221668 7.284766 -22.981697 -6.079982 10.804167 -28.54206 -12.19682 3.134642 -23.648386 -9.656513 6.726586 -18.217117 -11.957904 6.295472 -16.99009 -9.656513 6.726586 -18.217117 -12.19682 3.134642 -23.648386 -5.768072 5.073618 -19.541739 -14.105303 13.065832 -12.135622</float_array>
					<technique_common>
						<accessor source="#mesh_2_PressShadow_position_array_id" count="125" stride="3">
							<param name="X" type="float" />
							<param name="Y" type="float" />
							<param name="Z" type="float" />
						</accessor>
					</technique_common>
				</source>
				<source id="mesh_2_PressShadow_normal_id" name="mesh_2_PressShadow_normal">
					<float_array id="mesh_2_PressShadow_normal_array_id" count="375">-0.140272 -0.689116 -0.710945 0.168761 -0.983353 0.06735 -0.547784 0.220217 -0.807117 -0.75182 -0.632102 -0.187651 -0.855652 0.398418 0.330336 -0.327927 0.461679 -0.824207 -0.230699 -0.156821 -0.960305 -0.575979 -0.675919 0.459762 -0.206625 -0.666627 0.716181 -0.097838 -0.939596 -0.328005 -0.422298 0.812689 0.401499 -0.315197 -0.14804 0.937409 -0.894434 -0.421935 -0.148188 -0.277782 -0.829483 -0.484557 -0.701922 -0.331923 0.630184 -0.363322 -0.073714 -0.928743 -0.511715 0.170328 -0.842102 -0.989088 0.087159 0.118781 -0.716895 -0.689318 -0.104415 -0.716895 -0.689318 -0.104415 -0.926157 -0.312211 0.211561 -0.989088 0.087159 0.118781 -0.511715 0.170328 -0.842102 -0.386093 -0.225831 -0.894389 -0.277782 -0.829483 -0.484557 -0.246001 -0.400895 -0.882478 -0.604216 -0.636606 0.479224 0.047867 -0.078582 -0.995758 -0.689041 -0.563297 0.455982 0.181561 -0.315901 -0.931258 0.471519 -0.874923 -0.110364 0.236418 -0.109037 -0.965514 -0.150727 -0.78347 0.602873 -0.310156 -0.581018 0.752477 -0.206625 -0.666627 0.716181 -0.097838 -0.939596 -0.328005 -0.506009 -0.718391 0.477357 -0.315197 -0.14804 0.937409 -0.676413 -0.456593 0.577917 -0.84696 -0.128583 0.515873 -0.422298 0.812689 0.401499 -0.933203 0.160504 -0.321513 -0.327927 0.461679 -0.824207 -0.852989 -0.080656 -0.51566 -0.230699 -0.156821 -0.960305 -0.730074 -0.403755 -0.551338 -0.140272 -0.689116 -0.710945 -0.391978 -0.918786 0.046759 -0.458632 -0.865187 -0.20275 0 -0.61126 -0.79143 0 0.382682 -0.92388 0 -0.61126 -0.79143 0 0.382682 -0.92388 0 -1 -1E-06 0 -1 -1E-06 0 0.991852 -0.127399 0 0.991852 -0.127399 0 0.707108 0.707106 0 0.707108 0.707106 0 2E-06 1 0 2E-06 1 0 -0.70711 0.707104 0 -0.70711 0.707104 -0.458632 -0.865187 -0.20275 -0.730074 -0.403755 -0.551338 -0.512466 -0.84602 -0.147067 -0.420109 -0.905837 0.054476 -0.391978 -0.918786 0.046759 -0.908348 -0.115141 -0.402053 -0.506009 -0.718391 0.477357 -0.676413 -0.456593 0.577917 -0.696241 -0.551072 0.459965 -0.420109 -0.905837 0.054476 -0.84696 -0.128583 0.515873 -0.852989 -0.080656 -0.51566 -0.933203 0.160504 -0.321513 -0.960336 0.085149 -0.265526 -0.908348 -0.115141 -0.402053 -0.960336 0.085149 -0.265526 -0.696241 -0.551072 0.459965 -0.879303 -0.463715 -0.108607 -0.951057 0.07221 -0.300459 -0.989088 0.087159 0.118781 -0.511715 0.170328 -0.842102 -0.926157 -0.312211 0.211561 -0.716895 -0.689318 -0.104415 -0.850438 0.519 -0.085994 -0.467114 0.015228 0.884066 -0.67514 0.018603 0.737455 -0.415254 0.507206 0.755186 -0.975458 -0.145725 -0.165065 -0.246001 -0.400895 -0.882478 0.471519 -0.874923 -0.110364 0.181561 -0.315901 -0.931258 0.899565 -0.395357 0.185677 -0.310156 -0.581018 0.752477 -0.59738 -0.457508 -0.658653 -0.467446 -0.704839 -0.533569 -0.386093 -0.225831 -0.894389 -0.277782 -0.829483 -0.484557 0.340345 -0.077917 -0.937067 -0.975458 -0.145725 -0.165065 0.471519 -0.874923 -0.110364 0.899565 -0.395357 0.185677 -0.900484 -0.062873 -0.43032 -0.87542 0.00663 -0.483318 -0.951057 0.07221 -0.300459 -0.815447 0.10613 -0.56902 -0.815447 0.10613 -0.56902 -0.511715 0.170328 -0.842102 -0.654536 -0.707306 -0.267024 -0.716895 -0.689318 -0.104415 -0.452288 -0.86022 -0.235494 -0.654536 -0.707306 -0.267024 -0.879303 -0.463715 -0.108607 -0.59738 -0.457508 -0.658653 -0.467446 -0.704839 -0.533569 -0.87542 0.00663 -0.483318 -0.277782 -0.829483 -0.484557 -0.452288 -0.86022 -0.235494 -0.716895 -0.689318 -0.104415 -0.452288 -0.86022 -0.235494 -0.277782 -0.829483 -0.484557 -0.654536 -0.707306 -0.267024 -0.900484 -0.062873 -0.43032</float_array>
					<technique_common>
						<accessor source="#mesh_2_PressShadow_normal_array_id" count="125" stride="3">
							<param name="X" type="float" />
							<param name="Y" type="float" />
							<param name="Z" type="float" />
						</accessor>
					</technique_common>
				</source>
				<source id="mesh_2_PressShadow_color_id" name="mesh_2_PressShadow_color">
					<float_array id="mesh_2_PressShadow_color_array_id" count="500">1 1 1 0.047058824 1 1 1 0.047058824 1 1 1 0.047058824 1 1 1 0.047058824 1 1 1 0.047058824 1 1 1 0.047058824 1 1 1 0.047058824 1 1 1 0.047058824 1 1 1 0.047058824 1 1 1 0.047058824 1 1 1 0.047058824 1 1 1 0.047058824 1 1 1 1 1 1 1 1 1 1 1 1 1 1 1 1 1 1 1 1 1 1 1 1 1 1 1 1 1 1 1 0.9529412 1 1 1 0.9098039 1 1 1 0.9529412 1 1 1 0.9529412 1 1 1 0.9098039 1 1 1 0.9529412 1 1 1 0.047058824 1 1 1 0.047058824 1 1 1 0.047058824 1 1 1 0.047058824 1 1 1 0.047058824 1 1 1 0.047058824 1 1 1 0.047058824 1 1 1 0.047058824 1 1 1 0.047058824 1 1 1 0.08235294 1 1 1 0.08235294 1 1 1 0.16078432 1 1 1 0.08235294 1 1 1 0.16078432 1 1 1 0.16078432 1 1 1 0.08235294 1 1 1 0.16078432 1 1 1 0.08235294 1 1 1 0.16078432 1 1 1 0.08235294 1 1 1 0.16078432 1 1 1 0.08235294 1 1 1 0.16078432 1 1 1 0.16078432 1 1 1 0.047058824 1 1 1 0.047058824 1 1 1 0.047058824 1 1 1 0.047058824 1 1 1 0.047058824 1 1 1 0.047058824 1 1 1 0.047058824 1 1 1 0.047058824 1 1 1 0.047058824 1 1 1 0.047058824 1 1 1 0.047058824 1 1 1 0.047058824 1 1 1 0.047058824 1 1 1 0.047058824 1 1 1 0.38431373 1 1 1 0.38431373 1 1 1 0.47058824 1 1 1 0.46666667 1 1 1 0.38431373 1 1 1 0.46666667 1 1 1 0.38431373 1 1 1 0.38431373 1 1 1 0.46666667 1 1 1 0.47058824 1 1 1 0.38431373 1 1 1 0.38431373 1 1 1 0.38431373 1 1 1 0.46666667 1 1 1 0.47058824 1 1 1 0.4627451 1 1 1 0.47058824 1 1 1 0.69411767 1 1 1 0.69411767 1 1 1 0.80784315 1 1 1 0.8039216 1 1 1 0.80784315 1 1 1 0.7490196 1 1 1 0.047058824 1 1 1 0.047058824 1 1 1 0.047058824 1 1 1 0.047058824 1 1 1 0.32156864 1 1 1 0.18039216 1 1 1 0.30588236 1 1 1 0.1764706 1 1 1 0.40392157 1 1 1 0.3647059 1 1 1 0.69411767 1 1 1 0.69411767 1 1 1 0.80784315 1 1 1 0.8039216 1 1 1 0.49803922 1 1 1 0.49803922 1 1 1 0.49803922 1 1 1 0.49803922 1 1 1 0.53333336 1 1 1 0.53333336 1 1 1 0.59607846 1 1 1 0.59607846 1 1 1 0.69411767 1 1 1 0.80784315 1 1 1 0.5294118 1 1 1 0.59607846 1 1 1 0.59607846 1 1 1 0.5254902 1 1 1 0.5647059 1 1 1 0.5647059 1 1 1 0.59607846 1 1 1 0.5254902 1 1 1 0.9098039 1 1 1 0.80784315 1 1 1 0.85882354 1 1 1 0.69411767 1 1 1 0.80784315 1 1 1 0.53333336 1 1 1 0.5254902</float_array>
					<technique_common>
						<accessor source="#mesh_2_PressShadow_color_array_id" count="125" stride="4">
							<param name="R" type="float" />
							<param name="G" type="float" />
							<param name="B" type="float" />
							<param name="A" type="float" />
						</accessor>
					</technique_common>
				</source>
				<vertices id="mesh_2_PressShadow_vertices_id">
					<input semantic="POSITION" source="#mesh_2_PressShadow_position_id" />
				</vertices>
				<triangles material="PressShadow" count="103">
					<input semantic="VERTEX" source="#mesh_2_PressShadow_vertices_id" offset="0" />
					<input semantic="NORMAL" source="#mesh_2_PressShadow_normal_id" offset="0" />
					<input semantic="COLOR" source="#mesh_2_PressShadow_color_id" offset="0" />
					<p>0 1 2 2 1 3 3 4 2 2 4 5 2 5 0 5 6 0 7 4 3 1 7 3 4 7 8 7 1 8 9 1 0 8 1 9 4 8 10 4 10 5 10 8 11 12 13 14 15 13 12 12 16 15 17 16 12 17 12 14 14 13 18 14 19 20 21 14 20 15 22 23 24 15 23 25 26 27 28 26 25 27 29 25 29 27 30 30 27 31 30 31 32 30 32 33 33 32 26 33 26 28 34 35 36 34 36 37 37 36 38 39 37 38 40 37 39 41 40 39 42 40 41 42 41 43 42 43 44 44 43 45 45 46 44 45 35 46 36 35 47 48 35 45 35 48 47 49 50 51 52 50 49 49 51 53 53 51 54 52 55 50 50 55 56 55 57 56 56 57 58 59 58 57 60 58 59 53 54 61 59 61 60 61 54 62 60 61 62 63 64 65 65 66 63 63 66 67 64 68 65 67 66 69 70 69 71 69 72 71 70 71 73 68 64 74 75 76 74 74 76 77 73 78 75 73 79 76 80 81 82 82 81 83 80 82 84 80 84 85 86 87 88 89 87 86 89 88 87 90 91 92 92 91 93 94 92 95 96 97 98 98 97 99 96 98 83 100 101 102 103 100 102 104 105 106 106 105 107 81 108 109 109 108 96 110 111 112 113 114 111 115 113 116 115 107 117 118 119 120 121 122 97 116 123 112 124 106 114</p>
				</triangles>
			</mesh>
		</geometry>
	</library_geometries>
	<library_controllers>
		<controller id="mesh_0_PressShadow_ctrl_id">
			<skin source="#mesh_0_PressShadow_id">
				<bind_shape_matrix>1 0 0 0 0 1 0 0 0 0 1 0 0 0 0 1</bind_shape_matrix>
				<source id="mesh_0_PressShadow_ctrl_joint_names_id">
					<Name_array id="mesh_0_PressShadow_ctrl_joint_names_array_id" count="42">pm0340_00 Origin Waist Spine Head RootJaw UpperBeak LowerBeak1 LowerBeak2 LFeelerA1 LFeelerA2 RFeelerA1 RFeelerA2 LFeelerB1 LFeelerB2 LFeelerB3 LFeelerB4 LFeelerB5 LFeelerB6 RFeelerB1 RFeelerB2 RFeelerB3 RFeelerB4 RFeelerB5 RFeelerB6 LArm LForeArm LHand RArm RForeArm RHand Hips Tail1 Tail2 Tail3 LThigh LFoot RThigh RFoot Feeler1 Feeler2 pm0340_00_Skin</Name_array>
					<technique_common>
						<accessor source="#mesh_0_PressShadow_ctrl_joint_names_array_id" count="42" stride="1">
							<param name="JOINT" type="Name" />
						</accessor>
					</technique_common>
				</source>
				<source id="mesh_0_PressShadow_ctrl_inv_bind_poses_id">
					<float_array id="mesh_0_PressShadow_ctrl_inv_bind_poses_array_id" count="672">1 0 0 0 0 1 0 0 0 0 1 0 0 0 0 1 1 0 0 0 0 1 0 0 0 0 1 0 0 0 0 1 0 -0.25003076 0.96823794 -0.5644455 -1 3.1391644E-07 -4.678291E-15 -5.349276E-06 -0 -0.968238 -0.25003052 17.7452 -0 0 -0 1 0 -0.25003076 0.96823794 -0.5644455 -1 3.1391644E-07 -4.678291E-15 -5.349276E-06 -0 -0.968238 -0.25003052 17.7452 -0 0 -0 1 0 0 1.0000001 -16 -1 3.1391644E-07 4.461022E-21 -5.349276E-06 0 -1 2.384186E-07 14.75519 0 0 0 1 0 0 1.0000001 -24 -1 3.1391644E-07 4.461022E-21 -5.349276E-06 0 -1 2.384186E-07 18.94031 0 0 0 1 2 -0.1149292 0.99337375 -22.404694 -1 3.1391647E-07 2.1504087E-15 -5.3492763E-06 -0 -0.99337393 -0.11492826 19.667702 -0 0 -0 1 0.9486476 -0.44143116 0.8972953 -11.042366 -1 3.1391647E-07 -0 -5.3492763E-06 -0.22071546 -0.8972953 -0.44143093 26.534193 -0 0 -0 1 0 -0.35045886 0.93657833 -25.815968 -1 3.1391647E-07 -0 -5.3492763E-06 -0 -0.9365782 -0.35045868 24.0975 -0 0 -0 1 0.26834658 -0.9229719 -0.27588627 16.38157 0.96023834 0.27918154 -6.8777183E-07 -15.528471 0.07702303 -0.2649163 0.96119034 -31.386951 0 0 0 1 0.26834658 -0.9229719 -0.27588627 12.7593775 0.96023834 0.27918154 -6.8777183E-07 -15.528471 0.07702303 -0.2649163 0.96119034 -31.386948 0 0 0 1 -0.268347 -0.92297167 -0.27588624 16.381601 0.9602381 -0.27918214 6.8777325E-07 15.528472 -0.0770232 -0.26491624 0.96119034 -31.386969 0 -0 0 1 -0.268347 -0.92297167 -0.27588624 12.7594 0.9602381 -0.27918214 6.8777325E-07 15.528465 -0.0770232 -0.26491624 0.96119034 -31.386992 0 -0 0 1 1 -3.1391642E-07 3.139165E-07 -20.139841 3.139164E-07 1.0000001 5.960466E-08 -15.841949 -3.1391653E-07 -5.9604556E-08 1.0000001 -30.008905 0 0 0 1 1 -3.1391642E-07 3.139165E-07 -30.86409 3.139164E-07 1.0000001 5.960466E-08 -15.841949 -3.1391653E-07 -5.9604556E-08 1.0000001 -30.008905 0 0 0 1 1 -1.3139164E-06 3.1391644E-07 -45.86929 1.3139164E-06 1.0000001 5.960497E-08 -15.8419895 -3.1391653E-07 -5.9604243E-08 1.0000001 -30.008904 0 0 0 1 1 -3.1391642E-07 3.139165E-07 -60.64369 3.139164E-07 1.0000001 5.960466E-08 -15.8419285 -3.1391653E-07 -5.9604556E-08 1.0000001 -30.008907 0 0 0 1 1 -1.3139164E-06 3.1391644E-07 -75.07204 1.3139164E-06 1.0000001 5.960497E-08 -15.842004 -3.1391653E-07 -5.9604243E-08 1.0000001 -30.008907 0 0 0 1 1 -1.3139164E-06 3.1391644E-07 -88.92325 1.3139164E-06 1.0000001 5.960497E-08 -15.842005 -3.1391653E-07 -5.9604243E-08 1.0000001 -30.008905 0 0 0 1 -1 3.1391653E-07 3.139165E-07 -20.139814 -3.1391662E-07 -1.0000001 -5.960466E-08 15.841905 3.1391647E-07 -5.960476E-08 1.0000001 -30.008898 0 -0 0 1 -1 3.1391653E-07 3.139165E-07 -30.864115 -3.1391662E-07 -1.0000001 -5.960466E-08 15.841902 3.1391647E-07 -5.960476E-08 1.0000001 -30.008898 0 -0 0 1 -1 3.1391656E-07 3.1391647E-07 -45.869312 -3.139169E-07 -1 -1.0877848E-06 15.841928 3.1391613E-07 -1.0877849E-06 1 -30.008873 0 -0 0 1 -1 3.1391656E-07 3.1391647E-07 -60.64371 -3.139172E-07 -1 -2.0712614E-06 15.841952 3.1391582E-07 -2.0712614E-06 1 -30.008862 0 -0 0 1 -1 3.1391656E-07 3.1391647E-07 -75.07211 -3.1391784E-07 -1 -4.068017E-06 15.842009 3.139152E-07 -4.068017E-06 1 -30.008827 0 -0 0 1 -1 3.1391656E-07 3.139165E-07 -88.92332 -3.139188E-07 -1.0000001 -7.078053E-06 15.842098 3.1391428E-07 -7.078053E-06 1.0000001 -30.008781 0 -0 0 1 0.8221816 -0.56803495 -0.03679312 -12.9204035 0.56841975 0.82273865 -2.3277774E-07 -20.592113 0.03027127 -0.020913715 0.9993229 -15.594691 0 0 0 1 0.8221816 -0.56803495 -0.03679312 -18.133682 0.56841975 0.82273865 -2.3277774E-07 -20.592112 0.03027127 -0.020913715 0.9993229 -15.594691 0 0 0 1 0.8221816 -0.56803495 -0.036793124 -24.483496 0.56837976 0.8227652 -0.0013043362 -20.61744 0.031013014 -0.019840045 0.99932194 -15.471029 0 0 0 1 -0.82218194 -0.56803447 -0.03679312 -12.920452 0.5684193 -0.822739 2.3430927E-07 20.592138 -0.03027128 -0.020913694 0.9993229 -15.594647 0 -0 0 1 -0.82218194 -0.56803447 -0.03679312 -18.133677 0.5684193 -0.822739 2.3430927E-07 20.592108 -0.03027128 -0.020913694 0.9993229 -15.594656 0 -0 0 1 -0.822182 -0.56803447 -0.036793128 -24.48348 0.5683792 -0.82276547 0.0013043367 20.617435 -0.031013025 -0.019840023 0.99932194 -15.470996 0 -0 0 1 0 -0.17186642 -0.9851203 7.8378906 1 -2.3244615E-07 -3.1549197E-07 5.533195E-06 0 -0.9851203 0.1718667 15.930415 0 -0 0 1 0 -0.14314461 -0.9897018 -8.000221 0.99999994 -2.3244615E-07 -3.1549195E-07 5.5331984E-06 0 -0.9897019 0.1431438 15.704386 0 -0 0 1 0 -0.0978117 -0.9952051 -24.839996 1 -2.324457E-07 -3.1549203E-07 5.5331875E-06 0 -0.9952052 0.09781158 14.585576 0 -0 0 1 0.24999858 -0.0033874512 -0.99999434 -39.164795 1 -2.3244502E-07 -3.15492E-07 5.5332202E-06 -0.00084329775 -0.99999434 0.003373191 10.935181 0 -0 0 1 0.77540505 -0.4937633 -0.3936302 -10.482367 0.4328888 0.8694822 -0.23792423 -15.7272625 0.45973277 0.014089541 0.88794565 13.440562 0 0 0 1 0.77540505 -0.4937633 -0.3936302 -13.450924 0.4328888 0.8694822 -0.23792423 -15.727264 0.45973277 0.014089541 0.88794565 13.440563 0 0 0 1 -0.77540565 -0.49376297 -0.39362973 -10.482391 0.43288854 -0.86948246 0.23792396 15.727274 -0.45973212 0.014089755 0.88794583 13.440593 0 0 0 1 -0.77540565 -0.49376297 -0.39362973 -13.45093 0.43288854 -0.86948246 0.23792396 15.72727 -0.45973212 0.014089755 0.88794583 13.440588 0 0 0 1 0 0.9446284 -0.32814196 -29.934675 -1 3.3936817E-07 6.232909E-07 -8.09739E-06 0 0.3281414 0.9446283 -7.8694572 0 0 0 1 0 0.9446284 -0.32814196 -34.293484 -1 3.3936817E-07 6.232909E-07 -8.097389E-06 0 0.3281414 0.9446283 -7.8694553 0 0 0 1 1 0 0 0 0 1 0 0 0 0 1 0 0 0 0 1</float_array>
					<technique_common>
						<accessor source="#mesh_0_PressShadow_ctrl_inv_bind_poses_array_id" count="42" stride="16">
							<param name="TRANSFORM" type="float4x4" />
						</accessor>
					</technique_common>
				</source>
				<source id="mesh_0_PressShadow_ctrl_weights_id">
					<float_array id="mesh_0_PressShadow_ctrl_weights_array_id" count="713">0.24705882 0.7529412 0.99607843 0.003921569 0.007843138 0.93333334 0.05882353 0.72156864 0.17254902 0.105882354 0.7019608 0.29803923 0 0.40392157 0.1882353 0.40784314 0.039215688 0.49019608 0.015686275 0.45490196 0.19215687 0.011764706 0.0627451 0.73333335 0.11372549 0.5568628 0.32941177 0.88235295 0.11764706 0.4862745 0.5137255 0.34117648 0.65882355 0.9882353 0.043137256 0.44705883 0.50980395 0.019607844 0.47843137 0.93333334 0.02745098 0.23137255 0.6392157 0.12941177 0.17254902 0.7882353 0.2901961 0.70980394 0.05490196 0.94509804 0.8862745 0.101960786 0.8980392 0.5294118 0.47058824 0.39215687 0.078431375 0.7529412 0.1882353 0.05882353 0.20392157 0.45882353 0.3372549 0.19215687 0.039215688 0.8 0.2 0.81960785 0.16862746 0.011764706 0.7019608 0.007843138 0.14117648 0.8509804 0.44313726 0.47843137 0.7137255 0.28627452 0.12156863 0.21960784 0.65882355 0.08627451 0.60784316 0.30588236 0.03137255 0.9372549 0.0627451 0.67058825 0.26666668 0.9882353 0.48235294 0.50980395 0.25490198 0.003921569 0.02745098 0.96862745 0.52156866 0.7411765 0.25882354 0.21176471 0.78039217 0.8901961 0.078431375 0.85490197 0.015686275 0.10980392 0.019607844 0.24705882 0.7529412 0.007843138 0.94509804 0.03529412 0.20392157 0.45882353 0.3372549 0.09019608 0.8509804 0.05882353 0.011764706 0.0627451 0.49411765 0.44313726 0.11764706 0.81960785 0.38039216 0.47058824 0.14901961 0.57254905 0.07058824 0.35686275 0.42352942 0.47843137 0.50980395 0.003921569 0.43137255 0.5019608 0.06666667 0.21176471 0.32941177 0.6509804 0.13725491 0.8901961 0.03137255 0.078431375 0.9137255 0.02745098 0.40784314 0.58431375 0.007843138 0.7411765 0.25882354 0.16862746 0.011764706 0.60784316 0.39215687 0.7058824 0.019607844 0.44313726 0.47058824 0.09803922 0.0627451 0.9372549 0.09019608 0.8509804 0.05882353 0.14117648 0.03529412 0.41568628 0 0.54901963 0.23137255 0.5411765 0.22745098 0.13333334 0.10980392 0.75686276 0.8235294 0.12156863 0.41960785 0.18431373 0.39607844 0.03137255 0.24313726 0.7019608 0.1882353 1 0.011764706 0.9882353 0.29803923 0.17254902 0.827451 0.8901961 0.2901961 0.70980394 0.7882353 0.039215688 0.023529412 0.52156866 0.45490196 0.043137256 0.44705883 0.50980395 0.019607844 0.47843137 0.49019608 0.23137255 0.6392157 0.12941177 0.57254905 0.07058824 0.35686275 0.5294118 0.47058824 0.101960786 0.8980392 0.4862745 0.5137255 0.34117648 0.65882355 0.24313726 0.5921569 0.16470589 0.07450981 0.9254902 1 0.05882353 0.9411765 0 0.19215687 0.80784315 0.28235295 0.44313726 0.27450982 0.7019608 0.29803923 0.72156864 0.17254902 0.105882354 0.34509805 0.654902 0.49411765 0.019607844 0.5803922 0.21176471 0.20784314 0.4117647 0.30588236 0.9137255 0.02745098 0.23137255 0.5411765 0.22745098 0.43137255 0.5019608 0.06666667 0.47058824 0.09803922 1 0.050980393 0.9490196 0.12156863 0.8784314 0.11764706 0.88235295 0.003921569 0.2 0.79607844 0.8 0.043137256 0.5372549 0.41960785 0.17254902 0.61960787 0.39215687 0.56078434 0.047058824 0.3882353 0 0.65882355 0.16862746 0.007843138 0.08235294 0.7607843 0.15686275 0.8627451 0.13725491 0.09019608 0.36862746 0.0627451 0.05882353 0.91764706 0.2627451 0.7372549 0.023529412 0.019607844 0.23921569 0.7176471 0.827451 0.24313726 0.75686276 0.003921569 0.6509804 0.3254902 0.1882353 0.10980392 0.7019608 0.44705883 0.54901963 0.88235295 0.11764706 0.011764706 0.47843137 0.49019608 0.27058825 0.65882355 0.9411765 0.67058825 0.19215687 0.73333335 0 0.52156866 0.45490196 0.08627451 0.14117648 0.77254903 0.14509805 0.015686275 0.78431374 0.05490196 0.13333334 0.827451 0.039215688 0.75686276 0.02745098 0.8235294 0.12156863 1 0.94509804 0.98039216 0.019607844 0.99607843 0.003921569 0.9490196 0.050980393 0.79607844 0.20392157 0.6313726 0.007843138 0.36078432 0.34117648 0.078431375 0.45882353 0.9411765 0.05882353 0.4862745 0.49411765 0.7764706 0.22352941 0.5803922 0.21176471 0.20784314 0.9019608 0.09803922 0.9843137 0.015686275 0.9882353 0.011764706 0.9529412 0.047058824 0.6431373 0.3529412 0.75686276 0.17254902 0.07058824 0.003921569 0.44705883 0.16078432 0.39215687 0.019607844 0.34509805 0.654902 0.12156863 0.34117648 0.078431375 0.45882353 0.043137256 0.49019608 0.46666667 0.3137255 0 0.6862745 0.5372549 0.15294118 0.8352941 0.63529414 0.3647059 0.76862746 0.23137255 0.79607844 0.20392157 0.8235294 0.1764706 0.85882354 0.14117648 0.8039216 0.19607843 0.83137256 0.16862746 0.9019608 0.09803922 0.77254903 0.22745098 0.6509804 0.34901962 0.20784314 0.7921569 0.5568628 0.44313726 0.11372549 0.8784314 0.007843138 0.56078434 0.4392157 0.03529412 0.02745098 0.7764706 0.16078432 0.15294118 0.8352941 0.011764706 0.003921569 0.45882353 0 0.5372549 0.63529414 0.3647059 0.3137255 0.6862745 0.047058824 0.827451 0.023529412 0.85490197 0.11764706 0.08235294 0.91764706 0.99607843 0.09019608 0.9098039 0.12156863 0.27058825 0.65882355 0.05882353 0.8627451 0.13725491 0.9411765 0.67058825 0.078431375 0.92156863 0.23137255 0.6392157 0.12941177 0.015686275 0.10980392 0.019607844 0.17254902 0.7882353 0.039215688 0.93333334 0.02745098 0.34117648 0.45882353 0.003921569 0.5372549 0.3137255 0.6862745 0.56078434 0.4392157 0.1764706 0.8235294 0.6313726 0.007843138 0.36078432 0.16470589 0.81960785 0.36862746 0.77254903 0.22745098 0.03529412 0.7764706 0.16078432 0.79607844 0.20392157 0.83137256 0.16862746 0.09019608 1 0 0.8627451 0.13725491 0.019607844 0.98039216 0.2627451 0.7372549 0.105882354 0.89411765 0.4627451 0.5372549 0.23529412 0.7647059 0.17254902 0.827451 0.03137255 0.6313726 0.3372549 0.023529412 0.23921569 0.7176471 0.19215687 0.011764706 0.0627451 0.73333335 0.40392157 0.1882353 0.40784314 0.05882353 0.8784314 0.72156864 0.28235295 0.44313726 0.27450982 0.52156866 0.47843137 0.85490197 0.015686275 0.10980392 0.019607844 0.7411765 0.25882354 0.47058824 0.93333334 0.039215688 0.02745098 0.7529412 0.9372549 0.03137255 0.6313726 0.3372549 0.2627451 0.7372549 0.007843138 0.8862745 0 0.105882354 0.88235295 0.11764706 0.23529412 0.7647059 0.22352941 0.7764706 0.011764706 0.9882353 0.08627451 0.9137255 0.21176471 0.7882353 0.78039217 0.94509804 0.03529412 0.4627451 0.5372549 0.003921569 0.44705883 0.54901963 0.019607844 0.6509804 0.3254902 0.023529412 0.85490197 0.02745098 0.16078432 0.047058824 0.827451 0.11372549 0.39215687 0.4117647 0.30588236 0.28235295 0.13333334 0.039215688 0.24313726 0.5921569 0.16470589 0.14117648 0.77254903 0.7019608 0.1882353 0.10980392 0.41960785 0.18431373 0.39607844 0.75686276 0.08627451 0.043137256 0.49019608 0.46666667 0.44705883 0.14509805 0.015686275 0.78431374 0.05490196 0.17254902 0.07058824 0.011764706 0.003921569 0.54901963 0.15294118 0.8352941 0.047058824 0.827451 0.11372549 0.19215687 0.80784315 0.08235294 0.09019608 0.28235295 0.44313726 0.27450982 0.023529412 0.019607844 0.23921569 0.7176471 0.9882353 0.88235295 0.11764706 0 0.4627451 0.5372549 0.23529412 0.7647059 0.12156863 0.34117648 0.078431375 0.45882353 0.16470589 0.007843138 0.81960785 0.1882353 0.10980392 0.7019608 0.003921569 0.6509804 0.3254902 0.08627451 0.60784316 0.30588236 0.8862745 0.105882354 0.48235294 0.50980395 0.47843137 0.0627451 0.9372549 0.43137255 0.47058824 0.09803922 0.08235294 0.09019608 0.827451 0.5803922 0.21176471 0.20784314 0.27058825 0.67058825 0.05882353 0.8784314 0.19215687 0.80784315 0.2627451 0.7372549 0.78039217 0.007843138 0.03529412 0.02745098 0.7764706 0.16078432 0.019607844 0.003921569 0.6509804 0.3254902 0.16470589 0.81960785 0.011764706 0.9882353 0.08627451 0.60784316 0.30588236 0.48235294 0.50980395 0.0627451 0.9372549 0.14901961 0.8509804 0.13725491 0.8627451 0.043137256 0.95686275 0.4862745 0.49411765 0.4117647 0.28235295 0.75686276 0.17254902 0.07058824</float_array>
					<technique_common>
						<accessor source="#mesh_0_PressShadow_ctrl_weights_array_id" count="713" stride="1">
							<param name="WEIGHT" type="float" />
						</accessor>
					</technique_common>
				</source>
				<joints>
					<input semantic="JOINT" source="#mesh_0_PressShadow_ctrl_joint_names_id" />
					<input semantic="INV_BIND_MATRIX" source="#mesh_0_PressShadow_ctrl_inv_bind_poses_id" />
				</joints>
				<vertex_weights count="493">
					<input semantic="JOINT" source="#mesh_0_PressShadow_ctrl_joint_names_id" offset="0" />
					<input semantic="WEIGHT" source="#mesh_0_PressShadow_ctrl_weights_id" offset="1" />
					<vcount>2 2 3 3 3 3 4 4 3 2 2 2 2 3 4 3 3 3 2 2 2 2 2 4 3 3 3 3 2 3 3 3 3 2 3 3 3 3 2 3 3 3 2 2 2 3 3 3 4 2 3 3 3 3 2 3 3 3 3 4 4 3 3 3 3 3 3 2 3 2 4 4 3 3 2 3 3 4 3 3 4 3 4 3 1 2 3 2 2 3 3 4 3 4 3 3 2 2 2 2 2 3 2 2 1 3 2 2 3 3 3 2 2 3 3 2 3 3 3 3 3 3 1 1 1 1 1 1 1 1 1 1 1 1 1 1 1 1 1 1 1 1 1 1 1 1 2 2 2 2 2 2 2 2 3 2 3 3 3 2 3 2 3 3 3 3 3 3 3 3 4 4 4 4 3 3 3 3 3 3 3 3 4 4 4 4 3 3 3 3 3 3 3 3 4 4 4 4 3 3 3 3 3 3 3 3 3 3 3 3 3 3 3 3 3 3 4 3 1 1 1 1 1 1 1 1 1 1 1 1 1 1 1 1 3 2 2 4 3 2 4 3 3 2 2 4 4 2 3 4 3 4 3 4 3 3 4 1 2 2 2 2 2 3 3 4 1 2 3 2 1 3 1 2 2 3 1 2 2 2 2 3 3 3 3 3 3 2 3 4 3 3 3 4 4 3 3 3 2 2 3 2 2 2 2 2 2 2 2 2 2 2 2 2 3 2 2 2 2 4 3 4 2 4 3 4 4 4 4 2 2 2 2 4 2 2 3 2 3 3 4 3 4 3 4 3 2 2 2 3 4 2 2 3 2 2 2 4 4 2 2 2 3 2 4 2 3 2 2 2 3 2 2 2 3 2 2 2 2 2 2 2 2 3 2 2 2 2 4 4 3 3 3 3 2 4 2 3 3 3 2 3 2 4 3 2 2 2 2 2 2 2 3 3 2 2 2 3 4 4 4 4 3 3 3 3 3 3 3 3 3 3 3 3 3 3 3 3 4 3 3 3 4 4 3 3 4 2 3 3 4 2 3 2 2 4 4 3 4 3 3 4 3 4 2 3 4 3 3 3 4 3 3 3 3 2 3 2 2 3 4 4 4 2 3 3 2 2 2 2 3 3 3</vcount>
					<v>3 0 4 1 4 2 6 3 3 4 4 5 7 6 4 7 6 8 7 9 4 10 6 11 7 12 4 13 6 14 7 15 3 16 4 17 6 18 7 19 3 20 4 21 6 22 7 23 3 24 4 25 7 26 7 27 8 28 4 29 6 30 4 31 6 32 4 33 6 21 3 34 4 35 7 36 3 37 4 21 7 38 8 17 3 39 4 16 7 40 3 41 4 42 7 43 3 44 4 45 7 16 3 46 4 47 3 48 4 49 3 24 4 50 3 51 4 52 3 53 4 54 3 55 31 37 4 36 7 56 3 57 31 58 4 59 3 60 31 61 32 62 3 63 31 54 32 62 3 39 4 64 7 40 3 65 31 66 3 67 31 68 4 69 3 46 31 70 32 71 3 72 31 73 32 71 31 74 32 75 33 56 31 76 32 77 31 78 32 79 33 80 31 81 32 82 33 83 31 84 32 84 33 85 31 86 32 87 33 88 31 69 32 89 31 90 32 91 33 71 3 92 31 80 32 81 31 93 32 94 33 95 3 96 31 75 3 97 31 98 31 86 32 85 31 99 32 100 33 71 3 101 31 84 4 102 3 101 31 84 4 102 3 103 31 104 4 105 7 106 3 107 4 108 31 99 32 100 33 109 31 106 32 110 33 111 3 112 31 113 32 114 31 115 32 116 33 117 31 118 32 89 31 119 32 120 33 121 31 119 32 122 33 123 3 124 31 125 32 126 3 127 31 128 4 129 3 130 31 106 4 131 7 102 3 109 31 131 32 132 33 133 3 134 31 135 32 136 31 137 32 113 33 138 3 137 31 139 32 140 3 141 31 142 4 143 3 144 31 145 4 117 3 146 31 147 32 148 3 149 4 150 3 123 31 151 4 152 3 153 4 154 3 142 31 155 32 150 33 133 3 154 31 156 4 132 7 143 31 157 32 131 33 143 3 134 31 158 32 159 31 160 32 161 31 162 32 163 33 164 3 165 31 163 32 148 3 166 4 167 6 168 7 169 3 170 4 171 7 172 3 173 6 174 7 175 3 145 4 145 7 176 8 177 4 178 6 179 7 180 3 156 4 155 6 181 7 182 4 183 6 184 7 174 4 185 3 186 4 187 4 183 6 188 7 168 3 189 4 190 3 174 4 191 3 192 4 193 7 168 3 189 4 194 7 195 3 196 4 168 7 197 8 198 3 199 4 200 7 201 3 202 4 186 7 203 8 204 3 205 4 206 7 207 3 208 31 209 4 210 3 211 4 212 3 213 4 214 4 187 6 186 4 215 6 216 4 217 6 218 4 219 6 220 7 221 4 217 6 218 4 222 6 223 6 224 4 225 6 226 7 227 4 228 6 229 4 228 6 229 4 230 6 231 7 232 4 233 6 234 7 227 4 235 6 236 7 237 4 217 6 218 4 238 6 239 4 215 6 240 7 241 4 242 6 243 7 244 4 215 6 216 4 245 6 246 7 230 4 215 6 240 7 241 3 247 31 248 4 225 3 249 4 250 7 251 3 252 31 253 32 254 3 252 31 255 32 256 18 257 18 257 18 257 18 257 18 257 18 257 18 257 18 257 18 257 18 257 18 257 18 257 18 257 18 257 18 257 18 257 18 257 18 257 18 257 18 257 18 257 18 257 18 257 18 257 17 258 18 259 17 258 18 259 17 260 18 261 17 258 18 259 17 262 18 263 17 258 18 259 17 260 18 261 17 260 18 261 16 264 17 265 18 266 17 265 18 267 16 268 17 269 18 270 16 268 17 269 18 270 16 268 17 269 18 270 17 265 18 267 16 268 17 269 18 270 17 265 18 267 16 271 17 272 18 244 16 271 17 272 18 244 16 271 17 272 18 244 16 271 17 272 18 244 16 273 17 274 18 275 16 273 17 274 18 275 16 273 17 274 18 275 16 273 17 274 18 275 15 258 16 274 17 276 18 277 15 258 16 274 17 276 18 277 15 258 16 274 17 276 18 277 15 258 16 274 17 276 18 277 15 271 16 278 17 279 15 271 16 278 17 279 15 271 16 278 17 279 15 271 16 278 17 279 15 273 16 274 17 275 15 273 16 274 17 275 15 273 16 274 17 275 15 273 16 274 17 275 14 258 15 274 16 276 17 277 14 258 15 274 16 276 17 277 14 258 15 274 16 276 17 277 14 258 15 274 16 276 17 277 14 271 15 278 16 279 14 271 15 278 16 279 14 271 15 278 16 279 14 271 15 278 16 279 14 273 15 274 16 275 14 273 15 274 16 275 14 273 15 274 16 275 14 273 15 274 16 275 13 258 14 274 15 276 16 277 13 258 14 274 15 276 16 277 13 258 14 274 15 276 16 277 13 258 14 274 15 276 16 277 13 271 14 278 15 279 13 271 14 278 15 279 13 271 14 278 15 279 13 271 14 278 15 279 13 273 14 274 15 275 13 273 14 274 15 275 13 273 14 274 15 275 13 273 14 274 15 275 13 274 14 252 15 280 13 274 14 252 15 280 13 274 14 252 15 280 13 274 14 252 15 280 4 281 13 282 14 283 4 281 13 282 14 283 4 281 13 282 14 283 4 281 13 282 14 283 4 284 13 285 14 277 4 284 13 285 14 277 3 264 4 269 6 286 7 287 4 284 13 285 14 277 18 257 18 257 18 257 18 257 18 257 18 257 18 257 18 257 18 257 18 257 18 257 18 257 18 257 18 257 18 257 18 257 3 288 6 289 7 261 7 281 8 290 7 291 8 292 3 293 4 294 6 295 7 296 3 281 6 286 7 297 7 298 8 299 3 294 4 300 7 301 8 302 3 303 6 304 7 305 4 300 7 306 8 307 7 284 9 285 7 308 8 309 3 294 4 310 7 311 8 312 7 313 8 310 9 314 10 289 7 315 9 289 7 313 9 316 10 289 3 317 4 310 6 288 7 318 7 313 9 316 10 289 3 293 4 319 7 320 8 321 3 322 6 323 7 324 3 325 6 326 7 327 8 328 6 329 7 330 8 331 3 329 6 304 7 332 3 333 4 333 7 334 8 335 4 336 4 337 6 328 4 338 6 339 4 340 6 341 4 342 7 343 4 344 7 345 4 346 6 347 7 348 4 346 6 347 7 348 3 335 4 349 6 350 7 351 4 336 4 352 6 353 4 354 6 355 7 339 4 356 6 357 4 336 4 358 6 359 7 360 4 336 4 361 7 362 4 363 6 364 4 354 6 355 7 339 4 336 4 365 6 366 4 340 6 341 4 367 7 368 4 344 7 345 4 369 6 341 7 370 4 371 6 372 7 373 4 369 6 374 7 370 4 375 6 376 7 377 4 371 6 372 7 373 4 354 6 355 7 378 4 379 6 380 4 354 6 355 7 378 3 381 4 382 6 383 7 384 4 358 6 359 7 360 4 369 6 374 7 370 3 385 4 386 7 387 3 388 6 389 7 390 8 389 3 374 4 384 6 389 7 391 4 369 6 374 7 370 3 392 7 393 8 366 4 369 6 374 7 370 4 394 7 395 4 396 7 397 4 369 6 374 7 370 4 398 7 399 4 400 7 401 4 396 7 397 4 402 7 403 4 404 7 405 4 406 7 407 4 408 7 409 4 410 7 411 4 398 7 399 4 404 7 405 4 412 7 413 3 414 7 415 4 416 7 417 3 418 7 419 8 420 4 421 7 422 3 401 7 400 4 404 7 405 4 410 7 411 3 423 4 424 7 425 8 426 3 427 7 428 8 429 3 430 4 431 6 432 7 433 4 434 7 435 3 436 6 432 7 437 8 432 3 427 7 428 8 429 3 438 4 429 7 439 8 418 3 440 4 430 7 441 8 442 3 423 4 424 7 425 8 426 3 438 4 429 7 439 8 418 9 443 10 444 9 430 10 445 9 446 10 447 9 448 10 419 7 449 8 429 9 450 10 451 7 452 9 453 7 454 9 451 7 449 9 455 10 451 9 456 10 457 7 449 9 455 10 451 3 458 4 459 7 460 3 441 31 461 4 462 7 463 3 464 4 465 7 466 3 441 31 461 4 462 7 463 3 467 4 466 7 468 3 448 4 469 6 456 7 470 3 471 4 470 7 472 3 473 7 474 4 475 7 476 3 477 7 478 4 479 6 480 7 481 3 482 4 480 6 480 7 483 4 475 7 476 4 479 7 484 4 479 6 480 7 481 4 485 7 486 4 475 7 476 3 477 7 478 3 482 4 480 6 480 7 483 3 487 4 468 7 488 8 489 3 477 7 478 4 485 7 486 4 490 7 491 4 479 6 480 7 481 4 492 7 493 3 471 4 472 6 494 7 484 4 495 13 496 4 497 13 498 14 496 4 495 13 496 4 495 13 496 4 495 13 496 4 497 13 498 14 496 4 495 13 496 4 495 13 496 4 495 13 496 4 497 13 498 14 496 4 495 13 496 35 499 36 500 35 501 36 502 35 503 36 504 35 505 36 506 35 507 36 508 35 501 36 502 35 509 36 510 32 511 35 512 36 513 35 501 36 502 35 501 36 502 35 505 36 506 35 507 36 508 3 514 4 499 6 515 7 516 3 517 4 518 6 519 7 520 4 521 6 522 7 523 3 519 6 524 7 525 4 526 6 509 7 503 4 527 6 528 7 529 3 530 31 531 3 532 31 533 4 534 7 535 3 536 31 537 3 517 31 538 32 513 3 539 4 540 7 541 3 542 31 522 4 524 31 519 32 543 32 544 35 545 36 546 35 547 36 548 31 549 32 550 33 551 35 552 32 553 35 554 36 551 35 555 36 556 35 547 36 548 26 557 27 558 26 559 27 560 26 561 27 562 26 563 27 564 26 563 27 564 31 563 32 565 33 549 31 535 32 566 33 567 35 547 36 548 35 568 36 569 31 559 32 560 4 570 7 571 8 572 3 573 4 570 7 574 8 575 3 576 4 570 7 577 8 554 3 567 4 578 7 558 8 579 3 580 4 559 7 581 8 582 4 570 7 571 8 572 4 571 6 579 7 583 4 584 6 585 7 586 6 587 7 581 8 588 4 589 6 590 7 591 6 587 7 581 8 588 3 561 6 592 7 593 6 587 7 581 8 588 4 594 6 595 7 596 4 597 6 598 7 599 4 589 6 590 7 591 6 587 7 581 8 588 3 587 6 596 7 600 3 601 6 592 7 593 3 602 4 603 7 604 4 605 6 579 7 583 3 606 6 607 7 608 8 609 4 600 6 610 7 611 4 584 6 585 7 586 3 602 4 603 7 604 3 606 6 607 7 608 8 609 3 580 4 612 7 581 8 582 4 613 7 605 8 614 3 615 7 616 8 612 3 617 4 612 7 618 8 619 4 620 6 621 3 622 6 623 7 618 4 624 6 625 7 626 3 627 4 628 6 629 7 630 31 612 32 631 32 632 35 633 36 634 35 635 36 636 35 637 36 638 3 639 4 640 6 641 7 642 3 643 4 644 6 644 7 645 3 646 6 647 7 648 3 628 4 649 7 650 8 651 32 632 35 633 36 634 31 652 32 653 33 654 31 644 32 655 33 634 35 656 31 657 32 658 33 644 3 644 31 659 32 658 33 649 31 660 32 661 3 662 31 663 32 664 3 639 4 640 6 641 7 642 3 665 6 666 7 667 4 668 6 669 7 670 3 646 6 647 7 648 3 639 4 640 6 641 7 642 7 671 9 672 10 673 3 660 6 673 7 674 7 671 9 672 10 673 3 665 6 666 7 667 4 675 6 676 4 668 6 669 7 670 35 677 36 678 31 660 32 661 31 669 32 679 33 680 3 681 4 682 7 683 8 684 3 685 4 686 7 687 8 688 3 689 4 680 6 680 7 690 31 691 32 692 31 693 32 694 33 695 31 696 32 697 33 680 31 698 32 699 32 700 33 701 32 702 33 703 32 704 33 705 4 706 6 707 7 685 4 708 6 695 7 709 4 710 6 711 7 712</v>
				</vertex_weights>
			</skin>
		</controller>
		<controller id="mesh_1_PressShadow_ctrl_id">
			<skin source="#mesh_1_PressShadow_id">
				<bind_shape_matrix>1 0 0 0 0 1 0 0 0 0 1 0 0 0 0 1</bind_shape_matrix>
				<source id="mesh_1_PressShadow_ctrl_joint_names_id">
					<Name_array id="mesh_1_PressShadow_ctrl_joint_names_array_id" count="42">pm0340_00 Origin Waist Spine Head RootJaw UpperBeak LowerBeak1 LowerBeak2 LFeelerA1 LFeelerA2 RFeelerA1 RFeelerA2 LFeelerB1 LFeelerB2 LFeelerB3 LFeelerB4 LFeelerB5 LFeelerB6 RFeelerB1 RFeelerB2 RFeelerB3 RFeelerB4 RFeelerB5 RFeelerB6 LArm LForeArm LHand RArm RForeArm RHand Hips Tail1 Tail2 Tail3 LThigh LFoot RThigh RFoot Feeler1 Feeler2 pm0340_00_Skin</Name_array>
					<technique_common>
						<accessor source="#mesh_1_PressShadow_ctrl_joint_names_array_id" count="42" stride="1">
							<param name="JOINT" type="Name" />
						</accessor>
					</technique_common>
				</source>
				<source id="mesh_1_PressShadow_ctrl_inv_bind_poses_id">
					<float_array id="mesh_1_PressShadow_ctrl_inv_bind_poses_array_id" count="672">1 0 0 0 0 1 0 0 0 0 1 0 0 0 0 1 1 0 0 0 0 1 0 0 0 0 1 0 0 0 0 1 0 -0.25003076 0.96823794 -0.5644455 -1 3.1391644E-07 -4.678291E-15 -5.349276E-06 -0 -0.968238 -0.25003052 17.7452 -0 0 -0 1 0 -0.25003076 0.96823794 -0.5644455 -1 3.1391644E-07 -4.678291E-15 -5.349276E-06 -0 -0.968238 -0.25003052 17.7452 -0 0 -0 1 0 0 1.0000001 -16 -1 3.1391644E-07 4.461022E-21 -5.349276E-06 0 -1 2.384186E-07 14.75519 0 0 0 1 0 0 1.0000001 -24 -1 3.1391644E-07 4.461022E-21 -5.349276E-06 0 -1 2.384186E-07 18.94031 0 0 0 1 2 -0.1149292 0.99337375 -22.404694 -1 3.1391647E-07 2.1504087E-15 -5.3492763E-06 -0 -0.99337393 -0.11492826 19.667702 -0 0 -0 1 0.9486476 -0.44143116 0.8972953 -11.042366 -1 3.1391647E-07 -0 -5.3492763E-06 -0.22071546 -0.8972953 -0.44143093 26.534193 -0 0 -0 1 0 -0.35045886 0.93657833 -25.815968 -1 3.1391647E-07 -0 -5.3492763E-06 -0 -0.9365782 -0.35045868 24.0975 -0 0 -0 1 0.26834658 -0.9229719 -0.27588627 16.38157 0.96023834 0.27918154 -6.8777183E-07 -15.528471 0.07702303 -0.2649163 0.96119034 -31.386951 0 0 0 1 0.26834658 -0.9229719 -0.27588627 12.7593775 0.96023834 0.27918154 -6.8777183E-07 -15.528471 0.07702303 -0.2649163 0.96119034 -31.386948 0 0 0 1 -0.268347 -0.92297167 -0.27588624 16.381601 0.9602381 -0.27918214 6.8777325E-07 15.528472 -0.0770232 -0.26491624 0.96119034 -31.386969 0 -0 0 1 -0.268347 -0.92297167 -0.27588624 12.7594 0.9602381 -0.27918214 6.8777325E-07 15.528465 -0.0770232 -0.26491624 0.96119034 -31.386992 0 -0 0 1 1 -3.1391642E-07 3.139165E-07 -20.139841 3.139164E-07 1.0000001 5.960466E-08 -15.841949 -3.1391653E-07 -5.9604556E-08 1.0000001 -30.008905 0 0 0 1 1 -3.1391642E-07 3.139165E-07 -30.86409 3.139164E-07 1.0000001 5.960466E-08 -15.841949 -3.1391653E-07 -5.9604556E-08 1.0000001 -30.008905 0 0 0 1 1 -1.3139164E-06 3.1391644E-07 -45.86929 1.3139164E-06 1.0000001 5.960497E-08 -15.8419895 -3.1391653E-07 -5.9604243E-08 1.0000001 -30.008904 0 0 0 1 1 -3.1391642E-07 3.139165E-07 -60.64369 3.139164E-07 1.0000001 5.960466E-08 -15.8419285 -3.1391653E-07 -5.9604556E-08 1.0000001 -30.008907 0 0 0 1 1 -1.3139164E-06 3.1391644E-07 -75.07204 1.3139164E-06 1.0000001 5.960497E-08 -15.842004 -3.1391653E-07 -5.9604243E-08 1.0000001 -30.008907 0 0 0 1 1 -1.3139164E-06 3.1391644E-07 -88.92325 1.3139164E-06 1.0000001 5.960497E-08 -15.842005 -3.1391653E-07 -5.9604243E-08 1.0000001 -30.008905 0 0 0 1 -1 3.1391653E-07 3.139165E-07 -20.139814 -3.1391662E-07 -1.0000001 -5.960466E-08 15.841905 3.1391647E-07 -5.960476E-08 1.0000001 -30.008898 0 -0 0 1 -1 3.1391653E-07 3.139165E-07 -30.864115 -3.1391662E-07 -1.0000001 -5.960466E-08 15.841902 3.1391647E-07 -5.960476E-08 1.0000001 -30.008898 0 -0 0 1 -1 3.1391656E-07 3.1391647E-07 -45.869312 -3.139169E-07 -1 -1.0877848E-06 15.841928 3.1391613E-07 -1.0877849E-06 1 -30.008873 0 -0 0 1 -1 3.1391656E-07 3.1391647E-07 -60.64371 -3.139172E-07 -1 -2.0712614E-06 15.841952 3.1391582E-07 -2.0712614E-06 1 -30.008862 0 -0 0 1 -1 3.1391656E-07 3.1391647E-07 -75.07211 -3.1391784E-07 -1 -4.068017E-06 15.842009 3.139152E-07 -4.068017E-06 1 -30.008827 0 -0 0 1 -1 3.1391656E-07 3.139165E-07 -88.92332 -3.139188E-07 -1.0000001 -7.078053E-06 15.842098 3.1391428E-07 -7.078053E-06 1.0000001 -30.008781 0 -0 0 1 0.8221816 -0.56803495 -0.03679312 -12.9204035 0.56841975 0.82273865 -2.3277774E-07 -20.592113 0.03027127 -0.020913715 0.9993229 -15.594691 0 0 0 1 0.8221816 -0.56803495 -0.03679312 -18.133682 0.56841975 0.82273865 -2.3277774E-07 -20.592112 0.03027127 -0.020913715 0.9993229 -15.594691 0 0 0 1 0.8221816 -0.56803495 -0.036793124 -24.483496 0.56837976 0.8227652 -0.0013043362 -20.61744 0.031013014 -0.019840045 0.99932194 -15.471029 0 0 0 1 -0.82218194 -0.56803447 -0.03679312 -12.920452 0.5684193 -0.822739 2.3430927E-07 20.592138 -0.03027128 -0.020913694 0.9993229 -15.594647 0 -0 0 1 -0.82218194 -0.56803447 -0.03679312 -18.133677 0.5684193 -0.822739 2.3430927E-07 20.592108 -0.03027128 -0.020913694 0.9993229 -15.594656 0 -0 0 1 -0.822182 -0.56803447 -0.036793128 -24.48348 0.5683792 -0.82276547 0.0013043367 20.617435 -0.031013025 -0.019840023 0.99932194 -15.470996 0 -0 0 1 0 -0.17186642 -0.9851203 7.8378906 1 -2.3244615E-07 -3.1549197E-07 5.533195E-06 0 -0.9851203 0.1718667 15.930415 0 -0 0 1 0 -0.14314461 -0.9897018 -8.000221 0.99999994 -2.3244615E-07 -3.1549195E-07 5.5331984E-06 0 -0.9897019 0.1431438 15.704386 0 -0 0 1 0 -0.0978117 -0.9952051 -24.839996 1 -2.324457E-07 -3.1549203E-07 5.5331875E-06 0 -0.9952052 0.09781158 14.585576 0 -0 0 1 0.24999858 -0.0033874512 -0.99999434 -39.164795 1 -2.3244502E-07 -3.15492E-07 5.5332202E-06 -0.00084329775 -0.99999434 0.003373191 10.935181 0 -0 0 1 0.77540505 -0.4937633 -0.3936302 -10.482367 0.4328888 0.8694822 -0.23792423 -15.7272625 0.45973277 0.014089541 0.88794565 13.440562 0 0 0 1 0.77540505 -0.4937633 -0.3936302 -13.450924 0.4328888 0.8694822 -0.23792423 -15.727264 0.45973277 0.014089541 0.88794565 13.440563 0 0 0 1 -0.77540565 -0.49376297 -0.39362973 -10.482391 0.43288854 -0.86948246 0.23792396 15.727274 -0.45973212 0.014089755 0.88794583 13.440593 0 0 0 1 -0.77540565 -0.49376297 -0.39362973 -13.45093 0.43288854 -0.86948246 0.23792396 15.72727 -0.45973212 0.014089755 0.88794583 13.440588 0 0 0 1 0 0.9446284 -0.32814196 -29.934675 -1 3.3936817E-07 6.232909E-07 -8.09739E-06 0 0.3281414 0.9446283 -7.8694572 0 0 0 1 0 0.9446284 -0.32814196 -34.293484 -1 3.3936817E-07 6.232909E-07 -8.097389E-06 0 0.3281414 0.9446283 -7.8694553 0 0 0 1 1 0 0 0 0 1 0 0 0 0 1 0 0 0 0 1</float_array>
					<technique_common>
						<accessor source="#mesh_1_PressShadow_ctrl_inv_bind_poses_array_id" count="42" stride="16">
							<param name="TRANSFORM" type="float4x4" />
						</accessor>
					</technique_common>
				</source>
				<source id="mesh_1_PressShadow_ctrl_weights_id">
					<float_array id="mesh_1_PressShadow_ctrl_weights_array_id" count="150">0.23921569 0.7607843 0.45490196 0.54509807 0.019607844 0.98039216 0.015686275 0.9843137 0.09019608 0.9098039 0.70980394 0.2901961 0.13725491 0.8627451 0.043137256 0.95686275 0.023529412 0.9764706 0.12156863 0.8784314 0.28235295 0.7176471 0.5803922 0.41960785 0.49411765 0.5058824 0.4627451 0.5372549 0.14901961 0.8509804 0.32941177 0.67058825 0.14509805 0.85490197 1 0.050980393 0.9490196 0.003921569 0.2 0.79607844 0.17254902 0.61960787 0.20784314 0.39215687 0.5568628 0.047058824 0.56078434 0.3882353 0.65882355 0.16862746 0.42745098 0.007843138 0.08235294 0.7607843 0.15686275 0.8627451 0.13725491 0.23137255 0.76862746 0.011764706 0.9882353 0.02745098 0.3529412 0.05882353 0.9411765 0.043137256 0.36862746 0.5882353 0.2901961 0.69803923 0.20392157 0.23921569 0.015686275 0.30980393 0.6745098 0.03529412 0.9647059 0.019607844 0.3254902 0.654902 1 0.99607843 0 0.003921569 0.99215686 0.007843138 0.08235294 0.91764706 0.22352941 0.7764706 0.023529412 0.5372549 0.4392157 0.87058824 0.12941177 0.27058825 0.67058825 0.05882353 0.3137255 0.65882355 0.02745098 0.58431375 0.011764706 0.39215687 0.7176471 0.2 0.5529412 0.42352942 0.6313726 0.34901962 0.98039216 0.019607844 0.85882354 0.13725491 0.972549 0.80784315 0.1882353 0.003921569 0.21176471 0.7882353 0.9882353 0.08235294 0.22352941 0.7764706 0.08627451 0.9137255 0.19215687 0.47058824 0.3372549 0.93333334 0.039215688 0.7411765 0.25882354 0.85490197 0.015686275 0.10980392 0.007843138 0.011764706 0.02745098 0.5529412 0.42352942 0.58431375 0.39215687 0.9411765 0.05882353 0.023529412 0.5372549 0.4392157 0.27058825 0.67058825</float_array>
					<technique_common>
						<accessor source="#mesh_1_PressShadow_ctrl_weights_array_id" count="150" stride="1">
							<param name="WEIGHT" type="float" />
						</accessor>
					</technique_common>
				</source>
				<joints>
					<input semantic="JOINT" source="#mesh_1_PressShadow_ctrl_joint_names_id" />
					<input semantic="INV_BIND_MATRIX" source="#mesh_1_PressShadow_ctrl_inv_bind_poses_id" />
				</joints>
				<vertex_weights count="235">
					<input semantic="JOINT" source="#mesh_1_PressShadow_ctrl_joint_names_id" offset="0" />
					<input semantic="WEIGHT" source="#mesh_1_PressShadow_ctrl_weights_id" offset="1" />
					<vcount>2 2 2 2 2 2 2 2 2 2 2 2 2 2 2 2 2 2 2 2 1 1 1 1 1 1 1 1 1 1 1 1 1 1 1 1 1 1 1 1 1 1 1 1 1 1 1 1 1 2 2 2 2 2 2 2 2 2 2 3 3 3 3 3 3 3 3 3 3 3 3 3 3 3 3 3 4 4 4 4 4 4 3 3 3 3 3 3 3 3 3 3 3 3 4 4 4 4 4 4 3 3 3 3 3 3 3 3 3 3 3 3 4 4 4 4 4 4 3 3 3 3 3 3 3 3 3 3 3 3 3 3 3 3 3 3 4 4 4 4 4 4 3 3 3 3 3 2 2 2 3 2 2 2 2 1 1 1 1 1 1 1 1 1 1 1 1 1 1 1 2 2 3 2 3 2 3 3 3 2 3 1 3 1 3 1 2 2 2 2 3 2 3 3 4 3 4 4 3 2 3 3 3 2 3 3 2 3 3 2 2 3 2 3 2 3 3 2 2 3 3 3 2 2 4 3 2 4 4 3 4 4 2 3 3</vcount>
					<v>33 0 34 1 33 2 34 3 33 4 34 5 33 6 34 7 33 8 34 9 33 10 34 11 32 12 33 13 32 14 33 15 32 16 33 17 33 18 34 19 33 20 34 21 33 22 34 23 33 24 34 25 33 26 34 27 32 28 33 29 33 1 34 0 33 8 34 9 33 30 34 31 33 32 34 33 32 16 33 17 24 34 24 34 24 34 24 34 24 34 24 34 24 34 24 34 24 34 24 34 24 34 24 34 24 34 24 34 24 34 24 34 24 34 24 34 24 34 24 34 24 34 24 34 24 34 24 34 24 34 24 34 24 34 24 34 24 34 23 35 24 36 23 35 24 36 23 18 24 19 23 35 24 36 23 18 24 19 23 35 24 36 23 18 24 19 23 35 24 36 23 18 24 19 23 18 24 19 22 37 23 38 24 39 22 37 23 38 24 39 22 14 23 27 24 23 22 14 23 27 24 23 22 14 23 27 24 23 22 37 23 38 24 39 22 14 23 27 24 23 22 37 23 38 24 39 22 14 23 27 24 23 22 37 23 38 24 39 22 14 23 27 24 23 22 40 23 41 24 42 22 40 23 41 24 42 22 40 23 41 24 42 22 40 23 41 24 42 22 40 23 41 24 42 22 40 23 41 24 42 21 37 22 43 23 44 24 45 21 37 22 43 23 44 24 45 21 37 22 43 23 44 24 45 21 37 22 43 23 44 24 45 21 37 22 43 23 44 24 45 21 37 22 43 23 44 24 45 21 35 22 46 23 47 21 35 22 46 23 47 21 35 22 46 23 47 21 35 22 46 23 47 21 35 22 46 23 47 21 35 22 46 23 47 21 40 22 48 23 49 21 40 22 48 23 49 21 40 22 48 23 49 21 40 22 48 23 49 21 40 22 48 23 49 21 40 22 48 23 49 20 37 21 43 22 44 23 45 20 37 21 43 22 44 23 45 20 37 21 43 22 44 23 45 20 37 21 43 22 44 23 45 20 37 21 43 22 44 23 45 20 37 21 43 22 44 23 45 20 35 21 46 22 47 20 35 21 46 22 47 20 35 21 46 22 47 20 35 21 46 22 47 20 35 21 46 22 47 20 35 21 46 22 47 20 40 21 48 22 49 20 40 21 48 22 49 20 40 21 48 22 49 20 40 21 48 22 49 20 40 21 48 22 49 20 40 21 48 22 49 19 37 20 43 21 44 22 45 19 37 20 43 21 44 22 45 19 37 20 43 21 44 22 45 19 37 20 43 21 44 22 45 19 37 20 43 21 44 22 45 19 37 20 43 21 44 22 45 19 35 20 46 21 47 19 35 20 46 21 47 19 35 20 46 21 47 19 35 20 46 21 47 19 35 20 46 21 47 19 35 20 46 21 47 19 40 20 48 21 49 19 40 20 48 21 49 19 40 20 48 21 49 19 40 20 48 21 49 19 40 20 48 21 49 19 40 20 48 21 49 19 43 20 46 21 45 19 43 20 46 21 45 19 43 20 46 21 45 19 43 20 46 21 45 19 43 20 46 21 45 19 43 20 46 21 45 4 37 19 46 20 50 21 51 4 37 19 46 20 50 21 51 4 37 19 46 20 50 21 51 4 37 19 46 20 50 21 51 4 37 19 46 20 50 21 51 4 37 19 46 20 50 21 51 4 52 19 53 20 54 4 52 19 53 20 54 4 52 19 53 20 54 4 52 19 53 20 54 4 52 19 53 20 54 4 55 19 56 4 55 19 56 4 55 19 56 4 52 19 53 20 54 4 55 19 56 4 55 19 56 4 55 19 56 4 55 19 56 24 34 24 34 24 34 24 34 24 34 24 34 24 34 24 34 24 34 24 34 24 34 24 34 24 34 24 34 24 34 39 57 40 58 39 59 40 60 31 61 39 62 40 41 39 63 40 64 31 65 39 66 40 67 39 63 40 64 31 59 39 68 40 69 31 70 39 44 40 71 31 72 39 73 40 74 39 75 40 76 31 77 39 78 40 79 31 80 31 81 39 82 40 83 31 80 31 84 39 82 40 85 31 80 11 86 12 87 11 85 12 84 11 88 12 89 11 86 12 87 7 90 11 91 12 92 7 93 11 94 7 95 11 96 12 97 25 98 26 99 27 100 3 101 4 102 25 103 26 102 25 86 26 104 27 105 3 106 4 102 25 107 26 102 3 108 4 85 25 109 26 102 25 86 26 104 27 105 3 110 25 111 25 86 26 104 27 105 3 112 25 113 26 83 25 86 26 104 27 105 25 114 26 100 25 86 26 104 27 105 3 115 25 116 26 117 25 114 26 100 25 86 26 104 27 105 25 86 26 104 27 105 26 118 27 119 26 102 27 120 25 121 26 104 27 105 26 122 27 123 25 121 26 104 27 105 26 118 27 119 25 98 26 99 27 100 25 121 26 104 27 105 26 124 27 125 25 114 26 100 3 115 25 116 26 117 3 126 31 127 32 128 3 129 4 130 7 100 25 114 26 100 3 131 31 132 3 133 31 134 4 135 7 111 3 112 25 113 26 117 3 110 25 111 3 108 4 136 25 109 26 137 3 133 31 134 4 135 7 111 3 129 4 130 7 138 3 139 4 137 25 140 26 137 3 141 4 137 25 142 26 137 7 143 11 144 7 145 11 146 12 147 7 148 11 149 12 144</v>
				</vertex_weights>
			</skin>
		</controller>
		<controller id="mesh_2_PressShadow_ctrl_id">
			<skin source="#mesh_2_PressShadow_id">
				<bind_shape_matrix>1 0 0 0 0 1 0 0 0 0 1 0 0 0 0 1</bind_shape_matrix>
				<source id="mesh_2_PressShadow_ctrl_joint_names_id">
					<Name_array id="mesh_2_PressShadow_ctrl_joint_names_array_id" count="42">pm0340_00 Origin Waist Spine Head RootJaw UpperBeak LowerBeak1 LowerBeak2 LFeelerA1 LFeelerA2 RFeelerA1 RFeelerA2 LFeelerB1 LFeelerB2 LFeelerB3 LFeelerB4 LFeelerB5 LFeelerB6 RFeelerB1 RFeelerB2 RFeelerB3 RFeelerB4 RFeelerB5 RFeelerB6 LArm LForeArm LHand RArm RForeArm RHand Hips Tail1 Tail2 Tail3 LThigh LFoot RThigh RFoot Feeler1 Feeler2 pm0340_00_Skin</Name_array>
					<technique_common>
						<accessor source="#mesh_2_PressShadow_ctrl_joint_names_array_id" count="42" stride="1">
							<param name="JOINT" type="Name" />
						</accessor>
					</technique_common>
				</source>
				<source id="mesh_2_PressShadow_ctrl_inv_bind_poses_id">
					<float_array id="mesh_2_PressShadow_ctrl_inv_bind_poses_array_id" count="672">1 0 0 0 0 1 0 0 0 0 1 0 0 0 0 1 1 0 0 0 0 1 0 0 0 0 1 0 0 0 0 1 0 -0.25003076 0.96823794 -0.5644455 -1 3.1391644E-07 -4.678291E-15 -5.349276E-06 -0 -0.968238 -0.25003052 17.7452 -0 0 -0 1 0 -0.25003076 0.96823794 -0.5644455 -1 3.1391644E-07 -4.678291E-15 -5.349276E-06 -0 -0.968238 -0.25003052 17.7452 -0 0 -0 1 0 0 1.0000001 -16 -1 3.1391644E-07 4.461022E-21 -5.349276E-06 0 -1 2.384186E-07 14.75519 0 0 0 1 0 0 1.0000001 -24 -1 3.1391644E-07 4.461022E-21 -5.349276E-06 0 -1 2.384186E-07 18.94031 0 0 0 1 2 -0.1149292 0.99337375 -22.404694 -1 3.1391647E-07 2.1504087E-15 -5.3492763E-06 -0 -0.99337393 -0.11492826 19.667702 -0 0 -0 1 0.9486476 -0.44143116 0.8972953 -11.042366 -1 3.1391647E-07 -0 -5.3492763E-06 -0.22071546 -0.8972953 -0.44143093 26.534193 -0 0 -0 1 0 -0.35045886 0.93657833 -25.815968 -1 3.1391647E-07 -0 -5.3492763E-06 -0 -0.9365782 -0.35045868 24.0975 -0 0 -0 1 0.26834658 -0.9229719 -0.27588627 16.38157 0.96023834 0.27918154 -6.8777183E-07 -15.528471 0.07702303 -0.2649163 0.96119034 -31.386951 0 0 0 1 0.26834658 -0.9229719 -0.27588627 12.7593775 0.96023834 0.27918154 -6.8777183E-07 -15.528471 0.07702303 -0.2649163 0.96119034 -31.386948 0 0 0 1 -0.268347 -0.92297167 -0.27588624 16.381601 0.9602381 -0.27918214 6.8777325E-07 15.528472 -0.0770232 -0.26491624 0.96119034 -31.386969 0 -0 0 1 -0.268347 -0.92297167 -0.27588624 12.7594 0.9602381 -0.27918214 6.8777325E-07 15.528465 -0.0770232 -0.26491624 0.96119034 -31.386992 0 -0 0 1 1 -3.1391642E-07 3.139165E-07 -20.139841 3.139164E-07 1.0000001 5.960466E-08 -15.841949 -3.1391653E-07 -5.9604556E-08 1.0000001 -30.008905 0 0 0 1 1 -3.1391642E-07 3.139165E-07 -30.86409 3.139164E-07 1.0000001 5.960466E-08 -15.841949 -3.1391653E-07 -5.9604556E-08 1.0000001 -30.008905 0 0 0 1 1 -1.3139164E-06 3.1391644E-07 -45.86929 1.3139164E-06 1.0000001 5.960497E-08 -15.8419895 -3.1391653E-07 -5.9604243E-08 1.0000001 -30.008904 0 0 0 1 1 -3.1391642E-07 3.139165E-07 -60.64369 3.139164E-07 1.0000001 5.960466E-08 -15.8419285 -3.1391653E-07 -5.9604556E-08 1.0000001 -30.008907 0 0 0 1 1 -1.3139164E-06 3.1391644E-07 -75.07204 1.3139164E-06 1.0000001 5.960497E-08 -15.842004 -3.1391653E-07 -5.9604243E-08 1.0000001 -30.008907 0 0 0 1 1 -1.3139164E-06 3.1391644E-07 -88.92325 1.3139164E-06 1.0000001 5.960497E-08 -15.842005 -3.1391653E-07 -5.9604243E-08 1.0000001 -30.008905 0 0 0 1 -1 3.1391653E-07 3.139165E-07 -20.139814 -3.1391662E-07 -1.0000001 -5.960466E-08 15.841905 3.1391647E-07 -5.960476E-08 1.0000001 -30.008898 0 -0 0 1 -1 3.1391653E-07 3.139165E-07 -30.864115 -3.1391662E-07 -1.0000001 -5.960466E-08 15.841902 3.1391647E-07 -5.960476E-08 1.0000001 -30.008898 0 -0 0 1 -1 3.1391656E-07 3.1391647E-07 -45.869312 -3.139169E-07 -1 -1.0877848E-06 15.841928 3.1391613E-07 -1.0877849E-06 1 -30.008873 0 -0 0 1 -1 3.1391656E-07 3.1391647E-07 -60.64371 -3.139172E-07 -1 -2.0712614E-06 15.841952 3.1391582E-07 -2.0712614E-06 1 -30.008862 0 -0 0 1 -1 3.1391656E-07 3.1391647E-07 -75.07211 -3.1391784E-07 -1 -4.068017E-06 15.842009 3.139152E-07 -4.068017E-06 1 -30.008827 0 -0 0 1 -1 3.1391656E-07 3.139165E-07 -88.92332 -3.139188E-07 -1.0000001 -7.078053E-06 15.842098 3.1391428E-07 -7.078053E-06 1.0000001 -30.008781 0 -0 0 1 0.8221816 -0.56803495 -0.03679312 -12.9204035 0.56841975 0.82273865 -2.3277774E-07 -20.592113 0.03027127 -0.020913715 0.9993229 -15.594691 0 0 0 1 0.8221816 -0.56803495 -0.03679312 -18.133682 0.56841975 0.82273865 -2.3277774E-07 -20.592112 0.03027127 -0.020913715 0.9993229 -15.594691 0 0 0 1 0.8221816 -0.56803495 -0.036793124 -24.483496 0.56837976 0.8227652 -0.0013043362 -20.61744 0.031013014 -0.019840045 0.99932194 -15.471029 0 0 0 1 -0.82218194 -0.56803447 -0.03679312 -12.920452 0.5684193 -0.822739 2.3430927E-07 20.592138 -0.03027128 -0.020913694 0.9993229 -15.594647 0 -0 0 1 -0.82218194 -0.56803447 -0.03679312 -18.133677 0.5684193 -0.822739 2.3430927E-07 20.592108 -0.03027128 -0.020913694 0.9993229 -15.594656 0 -0 0 1 -0.822182 -0.56803447 -0.036793128 -24.48348 0.5683792 -0.82276547 0.0013043367 20.617435 -0.031013025 -0.019840023 0.99932194 -15.470996 0 -0 0 1 0 -0.17186642 -0.9851203 7.8378906 1 -2.3244615E-07 -3.1549197E-07 5.533195E-06 0 -0.9851203 0.1718667 15.930415 0 -0 0 1 0 -0.14314461 -0.9897018 -8.000221 0.99999994 -2.3244615E-07 -3.1549195E-07 5.5331984E-06 0 -0.9897019 0.1431438 15.704386 0 -0 0 1 0 -0.0978117 -0.9952051 -24.839996 1 -2.324457E-07 -3.1549203E-07 5.5331875E-06 0 -0.9952052 0.09781158 14.585576 0 -0 0 1 0.24999858 -0.0033874512 -0.99999434 -39.164795 1 -2.3244502E-07 -3.15492E-07 5.5332202E-06 -0.00084329775 -0.99999434 0.003373191 10.935181 0 -0 0 1 0.77540505 -0.4937633 -0.3936302 -10.482367 0.4328888 0.8694822 -0.23792423 -15.7272625 0.45973277 0.014089541 0.88794565 13.440562 0 0 0 1 0.77540505 -0.4937633 -0.3936302 -13.450924 0.4328888 0.8694822 -0.23792423 -15.727264 0.45973277 0.014089541 0.88794565 13.440563 0 0 0 1 -0.77540565 -0.49376297 -0.39362973 -10.482391 0.43288854 -0.86948246 0.23792396 15.727274 -0.45973212 0.014089755 0.88794583 13.440593 0 0 0 1 -0.77540565 -0.49376297 -0.39362973 -13.45093 0.43288854 -0.86948246 0.23792396 15.72727 -0.45973212 0.014089755 0.88794583 13.440588 0 0 0 1 0 0.9446284 -0.32814196 -29.934675 -1 3.3936817E-07 6.232909E-07 -8.09739E-06 0 0.3281414 0.9446283 -7.8694572 0 0 0 1 0 0.9446284 -0.32814196 -34.293484 -1 3.3936817E-07 6.232909E-07 -8.097389E-06 0 0.3281414 0.9446283 -7.8694553 0 0 0 1 1 0 0 0 0 1 0 0 0 0 1 0 0 0 0 1</float_array>
					<technique_common>
						<accessor source="#mesh_2_PressShadow_ctrl_inv_bind_poses_array_id" count="42" stride="16">
							<param name="TRANSFORM" type="float4x4" />
						</accessor>
					</technique_common>
				</source>
				<source id="mesh_2_PressShadow_ctrl_weights_id">
					<float_array id="mesh_2_PressShadow_ctrl_weights_array_id" count="175">0.4627451 0.5372549 0.078431375 0.92156863 0.21176471 0.7882353 0.011764706 0.9882353 0.043137256 0.95686275 0.08235294 0.7176471 0.2 0.3137255 0.65882355 0.02745098 0.28235295 0.019607844 0.98039216 0.2627451 0.7372549 0.17254902 0.827451 0.105882354 0.89411765 0.32156864 0.6784314 0.0627451 0.8 0.13725491 0.59607846 0.3764706 0.9411765 0.05882353 0.13333334 0.039215688 0.8235294 0.12156863 0.27058825 0.67058825 0.9098039 0.043137256 0.047058824 0.011764706 0.023529412 0 0.52156866 0.45490196 0.87058824 0.12941177 0.28235295 0.7176471 0.08235294 0.2 0.6627451 0.015686275 0.3137255 0.007843138 0.65882355 0.02745098 0.14117648 0.83137256 0.972549 0.019607844 0.9843137 0.23137255 0.7411765 0.4627451 0.5372549 0.8509804 0.14509805 0.003921569 0.8627451 0.13725491 0.4392157 0.14901961 0.4 0.46666667 0.16078432 0.37254903 0.17254902 0.18431373 0.09803922 0.54509807 0.59607846 0.49411765 0.18039216 0.3254902 0.41568628 0.40784314 0.08235294 0.29803923 0.47843137 0.02745098 0.38039216 0.47058824 0.42352942 0.019607844 0.078431375 0.43137255 0.6627451 0.015686275 0.3137255 0.007843138 0.14117648 0.83137256 0.23137255 0.5411765 0.22745098 0.972549 0.7411765 0.9843137 0.9137255 0.05882353 0.0627451 0.9372549 0.011764706 0.8901961 0 0.09803922 0.32156864 0.6784314 0.4627451 0.5372549 0.59607846 0.3764706 0.8 0.13725491 0.7607843 0.23921569 0.89411765 0.023529412 0.9764706 0.14901961 0.8509804 0.4392157 0.9411765 0.27058825 0.65882355 0.9098039 0.043137256 0.047058824 0.22352941 0.7764706 0.87058824 0.12941177 0.9882353 0.003921569 0.92156863 0.07450981 0.0627451 0.2627451 0.7372549 0.08235294 0.91764706 0.011764706 0.05882353 0.007843138 0.47843137 0.50980395 0.49411765 0.44313726 0.8901961 0 0.09803922 0.015686275 0.023529412 0.039215688 0.4627451 0.5372549 0.09019608 0.8509804 0.8 0.13725491 0.9372549</float_array>
					<technique_common>
						<accessor source="#mesh_2_PressShadow_ctrl_weights_array_id" count="175" stride="1">
							<param name="WEIGHT" type="float" />
						</accessor>
					</technique_common>
				</source>
				<joints>
					<input semantic="JOINT" source="#mesh_2_PressShadow_ctrl_joint_names_id" />
					<input semantic="INV_BIND_MATRIX" source="#mesh_2_PressShadow_ctrl_inv_bind_poses_id" />
				</joints>
				<vertex_weights count="125">
					<input semantic="JOINT" source="#mesh_2_PressShadow_ctrl_joint_names_id" offset="0" />
					<input semantic="WEIGHT" source="#mesh_2_PressShadow_ctrl_weights_id" offset="1" />
					<vcount>2 2 2 2 2 3 3 2 2 3 3 3 2 2 2 2 2 2 3 3 3 2 2 3 2 2 3 4 3 3 4 4 2 2 2 3 4 3 3 3 3 2 3 3 3 2 2 3 2 2 4 3 2 2 4 2 3 2 3 2 4 2 4 2 2 3 4 3 3 4 3 3 4 3 3 2 3 3 3 3 2 4 2 2 3 3 2 3 2 2 3 2 4 3 2 2 2 3 3 2 2 3 4 2 4 3 4 4 4 2 3 3 3 3 2 2 3 3 2 3 3 3 2 3 4</vcount>
					<v>29 0 30 1 29 2 30 3 29 4 30 5 29 6 30 7 29 8 30 9 28 10 29 11 30 12 28 13 29 14 30 15 29 8 30 9 29 16 30 11 28 10 29 11 30 12 28 10 29 11 30 12 28 13 29 14 30 15 37 17 38 18 37 19 38 20 37 21 38 22 37 23 38 24 37 0 38 1 37 25 38 26 32 27 37 28 38 29 32 27 37 28 38 29 32 15 37 30 38 31 37 25 38 26 37 0 38 1 32 27 37 28 38 29 37 19 38 20 7 32 11 33 6 34 7 22 8 35 3 15 4 15 7 36 8 37 7 38 11 39 12 33 7 40 8 41 11 42 7 38 8 43 11 14 12 33 3 44 4 45 7 46 8 47 7 19 8 20 7 48 11 49 29 50 30 51 28 52 29 51 30 53 3 54 4 55 28 56 29 57 28 56 29 58 30 59 3 60 28 61 29 59 3 62 4 57 28 63 28 52 29 51 30 53 3 64 28 55 28 52 29 51 30 53 3 65 28 66 29 59 28 56 29 58 30 59 28 62 29 59 29 67 30 68 3 69 28 70 29 71 28 62 29 59 4 72 19 73 3 43 4 74 6 75 7 76 4 77 6 78 7 79 4 72 19 73 4 72 19 73 3 80 4 81 6 82 7 83 4 72 19 73 4 84 6 80 7 65 4 72 19 73 4 85 6 86 7 87 4 72 19 73 3 71 4 88 6 80 7 89 4 72 19 73 3 90 4 91 6 60 7 92 28 62 29 93 28 62 29 93 3 94 31 95 32 75 3 96 31 97 4 92 7 98 3 69 28 70 29 71 3 99 31 95 32 82 3 100 4 101 28 102 29 103 3 104 28 105 29 93 3 106 4 107 7 108 3 96 31 97 4 92 7 98 3 109 4 103 28 97 3 106 28 110 29 93 3 111 28 101 3 112 31 93 4 113 3 99 31 95 32 82 3 112 31 93 4 113 3 106 4 107 7 108 31 114 32 115 31 116 32 117 33 118 37 119 37 120 38 121 37 122 38 123 32 93 37 124 38 125 32 114 37 126 38 127 33 128 34 129 2 103 32 119 33 130 32 131 33 132 32 133 33 134 7 131 11 123 12 135 7 136 11 113 7 137 8 116 11 138 12 113 7 139 8 140 11 141 11 142 12 143 7 144 11 145 31 116 32 146 31 147 32 148 37 149 32 150 37 126 38 127 37 151 38 152 11 153 12 154 7 131 11 123 12 135 7 137 8 155 11 138 12 156 11 142 12 143 3 157 31 158 32 159 33 147 31 150 32 160 33 161 31 155 32 162 33 163 37 164 31 165 32 148 33 166 37 167 31 165 32 148 33 166 37 167 37 168 38 169 31 170 32 171 33 156 32 150 37 172 38 173 32 150 37 172 38 173 31 170 32 171 33 156 31 150 32 174 31 155 32 146 31 147 32 148 37 149 31 150 32 160 33 161 37 151 38 152 32 150 37 172 38 173 32 150 37 172 38 173 32 150 37 172 38 173 37 151 38 152 31 170 32 171 33 156 3 157 31 158 32 159 33 147</v>
				</vertex_weights>
			</skin>
		</controller>
	</library_controllers>
	<library_visual_scenes>
		<visual_scene id="vs_model_id" name="vs_model">
			<node id="pm0340_00_bone_id" name="pm0340_00" sid="pm0340_00" type="JOINT">
				<matrix>1 0 0 0 0 1 0 0 0 0 1 0 0 0 0 1</matrix>
				<node id="Origin_bone_id" name="Origin" sid="Origin" type="JOINT">
					<matrix>1 0 0 0 0 1 0 0 0 0 1 0 0 0 0 1</matrix>
					<node id="Waist_bone_id" name="Waist" sid="Waist" type="JOINT">
						<matrix>-7.8488696E-08 -1 -3.0394582E-07 0 -0.25003052 3.1391647E-07 -0.96823794 17.040445 0.96823794 0 -0.25003052 4.983357 0 0 0 1</matrix>
						<node id="Spine_bone_id" name="Spine" sid="Spine" type="JOINT">
							<matrix>1 0 0 0 0 1 0 0 0 0 1 0 0 0 0 1</matrix>
							<node id="Head_bone_id" name="Head" sid="Head" type="JOINT">
								<matrix>0.9682379 0 0.25003076 9.139892 0 1 0 0 -0.25003076 0 0.9682379 0 0 0 0 1</matrix>
								<node id="RootJaw_bone_id" name="RootJaw" sid="RootJaw" type="JOINT">
									<matrix>1 0 0 6.628075 0 1 0 0 0 0 1 -4.18512 0 0 0 1</matrix>
									<node id="UpperBeak_bone_id" name="UpperBeak" sid="UpperBeak" type="JOINT">
										<matrix>0.99337375 0 -0.114928484 4.05559 0 1 0 0 0.114928484 0 0.99337375 1.977871 0 0 0 1</matrix>
									</node>
									<node id="LowerBeak1_bone_id" name="LowerBeak1" sid="LowerBeak1" type="JOINT">
										<matrix>0.8972951 0 -0.44143113 1.160255 0 1 0 0 0.44143113 0 0.8972951 0.005753 0 0 0 1</matrix>
										<node id="LowerBeak2_bone_id" name="LowerBeak2" sid="LowerBeak2" type="JOINT">
											<matrix>0.9950904 0 0.09896972 12.261943 0 1 0 0 -0.09896972 0 0.9950904 0 0 0 0 1</matrix>
										</node>
										<node id="LFeelerA1_bone_id" name="LFeelerA1" sid="LFeelerA1" type="JOINT">
											<matrix>0.15987688 -0.12324014 0.97941375 15.165678 -0.2683467 -0.9602382 -0.07702306 -12.932616 0.94996285 -0.25050822 -0.18659097 1.225778 0 0 0 1</matrix>
											<node id="LFeelerA2_bone_id" name="LFeelerA2" sid="LFeelerA2" type="JOINT">
												<matrix>1 0 0 3.622191 0 1 0 0 0 0 1 0 0 0 0 1</matrix>
											</node>
										</node>
										<node id="RFeelerA1_bone_id" name="RFeelerA1" sid="RFeelerA1" type="JOINT">
											<matrix>0.15987688 0.12324014 0.97941375 15.165695 0.2683467 -0.9602382 0.07702306 12.9326 0.94996285 0.25050822 -0.18659097 1.225743 0 0 0 1</matrix>
											<node id="RFeelerA2_bone_id" name="RFeelerA2" sid="RFeelerA2" type="JOINT">
												<matrix>1 0 0 3.622205 0 1 0 7E-06 0 0 1 1.8E-05 0 0 0 1</matrix>
											</node>
										</node>
									</node>
								</node>
								<node id="LFeelerB1_bone_id" name="LFeelerB1" sid="LFeelerB1" type="JOINT">
									<matrix>3.1391647E-07 3.1391647E-07 1 16.175962 -1 9.854355E-14 3.1391647E-07 -20.139837 0 -1 3.1391647E-07 -1.086748 0 0 0 1</matrix>
									<node id="LFeelerB2_bone_id" name="LFeelerB2" sid="LFeelerB2" type="JOINT">
										<matrix>1 0 0 10.724249 0 1 0 0 0 0 1 0 0 0 0 1</matrix>
										<node id="LFeelerB3_bone_id" name="LFeelerB3" sid="LFeelerB3" type="JOINT">
											<matrix>1 1E-06 0 15.005212 -1E-06 1 0 -5E-06 0 0 1 0 0 0 0 1</matrix>
											<node id="LFeelerB4_bone_id" name="LFeelerB4" sid="LFeelerB4" type="JOINT">
												<matrix>1 -1E-06 0 14.774386 1E-06 1 0 0 0 0 1 0 0 0 0 1</matrix>
												<node id="LFeelerB5_bone_id" name="LFeelerB5" sid="LFeelerB5" type="JOINT">
													<matrix>1 1E-06 0 14.428369 -1E-06 1 0 0 0 0 1 0 0 0 0 1</matrix>
													<node id="LFeelerB6_bone_id" name="LFeelerB6" sid="LFeelerB6" type="JOINT">
														<matrix>1 0 0 13.85121 0 1 0 0 0 0 1 0 0 0 0 1</matrix>
													</node>
												</node>
											</node>
										</node>
									</node>
								</node>
								<node id="RFeelerB1_bone_id" name="RFeelerB1" sid="RFeelerB1" type="JOINT">
									<matrix>3.1391647E-07 -3.1391647E-07 1 16.175953 1 9.854355E-14 -3.1391647E-07 20.1398 0 1 3.1391647E-07 -1.086704 0 0 0 1</matrix>
									<node id="RFeelerB2_bone_id" name="RFeelerB2" sid="RFeelerB2" type="JOINT">
										<matrix>1 0 0 10.7243 0 1 0 3E-06 0 0 1 0 0 0 0 1</matrix>
										<node id="RFeelerB3_bone_id" name="RFeelerB3" sid="RFeelerB3" type="JOINT">
											<matrix>1 0 0 15.0052 0 1 1E-06 4E-06 0 -1E-06 1 0 0 0 0 1</matrix>
											<node id="RFeelerB4_bone_id" name="RFeelerB4" sid="RFeelerB4" type="JOINT">
												<matrix>1 0 0 14.7744 0 1 1E-06 4E-06 0 -1E-06 1 0 0 0 0 1</matrix>
												<node id="RFeelerB5_bone_id" name="RFeelerB5" sid="RFeelerB5" type="JOINT">
													<matrix>1 0 0 14.4284 0 1 2E-06 4E-06 0 -2E-06 1 0 0 0 0 1</matrix>
													<node id="RFeelerB6_bone_id" name="RFeelerB6" sid="RFeelerB6" type="JOINT">
														<matrix>1 0 0 13.8512 0 1 3E-06 3E-06 0 -3E-06 1 0 0 0 0 1</matrix>
													</node>
												</node>
											</node>
										</node>
									</node>
								</node>
							</node>
							<node id="LArm_bone_id" name="LArm" sid="LArm" type="JOINT">
								<matrix>0.10640151 -0.20571008 0.97281146 11.744996 -0.82218176 -0.5684196 -0.030271262 -22.799957 0.5591921 -0.79660696 -0.22961175 4.985641 0 0 0 1</matrix>
								<node id="LForeArm_bone_id" name="LForeArm" sid="LForeArm" type="JOINT">
									<matrix>1 0 0 5.213279 0 1 0 0 0 0 1 0 0 0 0 1</matrix>
									<node id="LHand_bone_id" name="LHand" sid="LHand" type="JOINT">
										<matrix>1 0 0 6.34981 0 0.99999917 0.0013049997 0.045501 0 -0.0013049997 0.99999917 -0.150579 0 0 0 1</matrix>
									</node>
								</node>
							</node>
							<node id="RArm_bone_id" name="RArm" sid="RArm" type="JOINT">
								<matrix>0.10640151 0.20571008 0.97281146 11.744952 0.82218176 -0.5684196 0.030271262 22.8 0.5591921 0.79660696 -0.22961175 4.985656 0 0 0 1</matrix>
								<node id="RForeArm_bone_id" name="RForeArm" sid="RForeArm" type="JOINT">
									<matrix>1 0 0 5.213225 0 1 0 3.4E-05 0 0 1 8E-06 0 0 0 1</matrix>
									<node id="RHand_bone_id" name="RHand" sid="RHand" type="JOINT">
										<matrix>1 0 0 6.349802 0 0.99999917 -0.0013049997 -0.045504 0 0.0013049997 0.99999917 -0.150576 0 0 0 1</matrix>
									</node>
								</node>
							</node>
						</node>
						<node id="Hips_bone_id" name="Hips" sid="Hips" type="JOINT">
							<matrix>-0.91085887 -3.2584137E-07 0.41271794 0 2.967955E-07 -1 -1.3448057E-07 0 0.41271794 0 0.91085887 0 0 0 0 1</matrix>
							<node id="Tail1_bone_id" name="Tail1" sid="Tail1" type="JOINT">
								<matrix>0.999577 0 0.029082898 15.378014 0 1 0 0 -0.029082898 0 0.999577 0 0 0 0 1</matrix>
								<node id="Tail2_bone_id" name="Tail2" sid="Tail2" type="JOINT">
									<matrix>0.99895734 0 0.045653127 16.147976 0 1 0 0 -0.045653127 0 0.99895734 0 0 0 0 1</matrix>
									<node id="Tail3_bone_id" name="Tail3" sid="Tail3" type="JOINT">
										<matrix>0.99552923 0 0.09445399 13.116947 0 1 0 0 -0.09445399 0 0.99552923 0 0 0 0 1</matrix>
									</node>
								</node>
								<node id="LThigh_bone_id" name="LThigh" sid="LThigh" type="JOINT">
									<matrix>0.46025547 0.111012936 -0.8808184 10.408955 0.77540535 0.43288875 0.45973244 8.757182 0.43233258 -0.89458567 0.11315937 4.645947 0 0 0 1</matrix>
									<node id="LFoot_bone_id" name="LFoot" sid="LFoot" type="JOINT">
										<matrix>1 0 0 2.968557 0 1 0 0 0 0 1 0 0 0 0 1</matrix>
									</node>
								</node>
								<node id="RThigh_bone_id" name="RThigh" sid="RThigh" type="JOINT">
									<matrix>0.46025547 -0.111012936 -0.8808184 10.408994 -0.77540535 0.43288875 -0.45973244 -8.75718 0.43233258 0.89458567 0.11315937 4.645945 0 0 0 1</matrix>
									<node id="RFoot_bone_id" name="RFoot" sid="RFoot" type="JOINT">
										<matrix>1 0 0 2.968538 0 1 0 5E-06 0 0 1 5E-06 0 0 0 1</matrix>
									</node>
								</node>
							</node>
							<node id="Feeler1_bone_id" name="Feeler1" sid="Feeler1" type="JOINT">
								<matrix>0.1609087 -3.2159542E-07 -0.9869693 4.887725 0 -1 3.2584137E-07 0 -0.9869693 -5.243071E-08 -0.1609087 -14.88046 0 0 0 1</matrix>
								<node id="Feeler2_bone_id" name="Feeler2" sid="Feeler2" type="JOINT">
									<matrix>1 0 0 4.358807 0 1 0 0 0 0 1 0 0 0 0 1</matrix>
								</node>
							</node>
						</node>
					</node>
				</node>
				<node id="pm0340_00_Skin_bone_id" name="pm0340_00_Skin" sid="pm0340_00_Skin" type="JOINT">
					<matrix>1 0 0 0 0 1 0 0 0 0 1 0 0 0 0 1</matrix>
				</node>
			</node>
			<node id="vsn_mesh_0_PressShadow_id" name="vsn_mesh_0_PressShadow" type="NODE">
				<matrix>1 0 0 0 0 1 0 0 0 0 1 0 0 0 0 1</matrix>
				<instance_controller url="#mesh_0_PressShadow_ctrl_id">
					<skeleton>#pm0340_00_bone_id</skeleton>
					<bind_material>
						<technique_common>
							<instance_material symbol="PressShadow" target="#PressShadow_mat_id" />
						</technique_common>
					</bind_material>
				</instance_controller>
			</node>
			<node id="vsn_mesh_1_PressShadow_id" name="vsn_mesh_1_PressShadow" type="NODE">
				<matrix>1 0 0 0 0 1 0 0 0 0 1 0 0 0 0 1</matrix>
				<instance_controller url="#mesh_1_PressShadow_ctrl_id">
					<skeleton>#pm0340_00_bone_id</skeleton>
					<bind_material>
						<technique_common>
							<instance_material symbol="PressShadow" target="#PressShadow_mat_id" />
						</technique_common>
					</bind_material>
				</instance_controller>
			</node>
			<node id="vsn_mesh_2_PressShadow_id" name="vsn_mesh_2_PressShadow" type="NODE">
				<matrix>1 0 0 0 0 1 0 0 0 0 1 0 0 0 0 1</matrix>
				<instance_controller url="#mesh_2_PressShadow_ctrl_id">
					<skeleton>#pm0340_00_bone_id</skeleton>
					<bind_material>
						<technique_common>
							<instance_material symbol="PressShadow" target="#PressShadow_mat_id" />
						</technique_common>
					</bind_material>
				</instance_controller>
			</node>
		</visual_scene>
	</library_visual_scenes>
	<scene>
		<instance_visual_scene url="#vs_model_id" />
	</scene>
</COLLADA>