<?xml version="1.0" encoding="utf-8"?>
<COLLADA xmlns:xsi="http://www.w3.org/2001/XMLSchema-instance" xmlns:xsd="http://www.w3.org/2001/XMLSchema" version="1.4.1" xmlns="http://www.collada.org/2005/11/COLLADASchema">
  <asset>
    <created>2026-02-17T05:46:45.0268847-05:00</created>
    <modified>2026-02-17T05:46:45.0268851-05:00</modified>
    <up_axis>Y_UP</up_axis>
  </asset>
  <library_animations>
    <animation id="Motion_55_Waist_transform_id" name="Motion_55_Waist_transform">
      <source id="Motion_55_Waist_transform_frame_id" name="Motion_55_Waist_transform_frame">
        <float_array id="Motion_55_Waist_transform_frame_array_id" count="86">0 0.033333335 0.06666667 0.1 0.13333334 0.16666667 0.2 0.23333333 0.26666668 0.3 0.33333334 0.36666667 0.4 0.43333334 0.46666667 0.5 0.53333336 0.56666666 0.6 0.6333333 0.6666667 0.7 0.73333335 0.76666665 0.8 0.8333333 0.8666667 0.9 0.93333334 0.96666664 1 1.0333333 1.0666667 1.1 1.1333333 1.1666666 1.2 1.2333333 1.2666667 1.3 1.3333334 1.3666667 1.4 1.4333333 1.4666667 1.5 1.5333333 1.5666667 1.6 1.6333333 1.6666666 1.7 1.7333333 1.7666667 1.8 1.8333334 1.8666667 1.9 1.9333333 1.9666667 2 2.0333333 2.0666666 2.1 2.1333334 2.1666667 2.2 2.2333333 2.2666667 2.3 2.3333333 2.3666666 2.4 2.4333334 2.4666667 2.5 2.5333333 2.5666666 2.6 2.6333334 2.6666667 2.7 2.7333333 2.7666667 2.8 2.8333333</float_array>
        <technique_common>
          <accessor source="#Motion_55_Waist_transform_frame_array_id" count="86" stride="1">
            <param name="TIME" type="float" />
          </accessor>
        </technique_common>
      </source>
      <source id="Motion_55_Waist_transform_interp_id" name="Motion_55_Waist_transform_interp">
        <Name_array id="Motion_55_Waist_transform_interp_array_id" count="86">LINEAR LINEAR LINEAR LINEAR LINEAR LINEAR LINEAR LINEAR LINEAR LINEAR LINEAR LINEAR LINEAR LINEAR LINEAR LINEAR LINEAR LINEAR LINEAR LINEAR LINEAR LINEAR LINEAR LINEAR LINEAR LINEAR LINEAR LINEAR LINEAR LINEAR LINEAR LINEAR LINEAR LINEAR LINEAR LINEAR LINEAR LINEAR LINEAR LINEAR LINEAR LINEAR LINEAR LINEAR LINEAR LINEAR LINEAR LINEAR LINEAR LINEAR LINEAR LINEAR LINEAR LINEAR LINEAR LINEAR LINEAR LINEAR LINEAR LINEAR LINEAR LINEAR LINEAR LINEAR LINEAR LINEAR LINEAR LINEAR LINEAR LINEAR LINEAR LINEAR LINEAR LINEAR LINEAR LINEAR LINEAR LINEAR LINEAR LINEAR LINEAR LINEAR LINEAR LINEAR LINEAR LINEAR</Name_array>
        <technique_common>
          <accessor source="#Motion_55_Waist_transform_interp_array_id" count="86" stride="1">
            <param name="INTERPOLATION" type="Name" />
          </accessor>
        </technique_common>
      </source>
      <source id="Motion_55_Waist_transform_pose_id" name="Motion_55_Waist_transform_pose">
        <float_array id="Motion_55_Waist_transform_pose_array_id" count="1376">-0.007777691 -0.9914792 -0.1300326 -0.019727113 0.99718755 -0.017383695 0.07290253 53.59289 -0.074541785 -0.12909988 0.9888259 0.119497545 0 0 0 1 -0.00825882 -0.9915665 -0.12933594 -0.019030668 0.9972685 -0.017661095 0.071719304 53.590103 -0.073398665 -0.12839034 0.98900384 0.115899 0 0 0 1 -0.008765221 -0.991663 -0.12856044 -0.018283464 0.99734735 -0.017960072 0.07053827 53.587246 -0.07225914 -0.12760113 0.98918986 0.11080914 0 0 0 1 -0.009272337 -0.991764 -0.12774289 -0.01751704 0.99741966 -0.01826799 0.06942895 53.584343 -0.071190715 -0.1267695 0.9893742 0.10477192 0 0 0 1 -0.009756446 -0.99186504 -0.12692024 -0.01676292 0.997481 -0.018571973 0.06846071 53.581394 -0.07026093 -0.1259326 0.98954755 0.098331295 0 0 0 1 -0.010193467 -0.99196136 -0.1261296 -0.016052637 0.99752724 -0.018859267 0.06770297 53.578423 -0.069537446 -0.12512758 0.9897008 0.09203123 0 0 0 1 -0.010560036 -0.992049 -0.12540805 -0.015417725 0.99755466 -0.01911676 0.06722505 53.57543 -0.06908795 -0.12439149 0.98982507 0.08641567 0 0 0 1 -0.010832429 -0.99212366 -0.12479282 -0.014889713 0.99755925 -0.019331336 0.06709624 53.57244 -0.06898018 -0.12376142 0.98991156 0.08202857 0 0 0 1 -0.010986567 -0.99218124 -0.124320984 -0.014500134 0.9975366 -0.019489408 0.06738579 53.569454 -0.06928186 -0.123274386 0.98995125 0.07941389 0 0 0 1 -0.011003852 -0.9922041 -0.12413664 -0.0142805185 0.99748963 -0.019576788 0.06805377 53.566486 -0.06995343 -0.123076156 0.98992866 0.0791156 0 0 0 1 -0.0108658075 -0.9921715 -0.1244081 -0.014262397 0.997422 -0.019579649 0.06903549 53.563553 -0.070930935 -0.12333726 0.9898266 0.08167762 0 0 0 1 -0.0105547905 -0.9920881 -0.12509952 -0.014477303 0.997339 -0.019469738 0.07025592 53.560665 -0.07213572 -0.12402509 0.9896536 0.08764394 0 0 0 1 -0.01005435 -0.99196404 -0.12612009 -0.014956765 0.9972494 -0.019209504 0.071586415 53.557823 -0.07343386 -0.12505344 0.9894287 0.09755849 0 0 0 1 -0.009349227 -0.99181 -0.12737918 -0.015732316 0.9971629 -0.018762112 0.07289861 53.555058 -0.07469148 -0.12633625 0.98917156 0.11196524 0 0 0 1 -0.008513212 -0.9916357 -0.12878804 -0.01683549 0.9970883 -0.018178225 0.07405769 53.552364 -0.075779386 -0.12778257 0.988903 0.12913184 0 0 0 1 -0.007699251 -0.9914543 -0.13022763 -0.018297812 0.99703187 -0.0175879 0.07495537 53.54977 -0.07660523 -0.129264 0.9886468 0.14594196 0 0 0 1 -0.007011056 -0.9912832 -0.13156247 -0.02015082 0.9969995 -0.017072082 0.07550261 53.54727 -0.0770905 -0.13063836 0.9884284 0.16086349 0 0 0 1 -0.006555319 -0.9911433 -0.1326354 -0.021470888 0.9970029 -0.01670289 0.07553989 53.54489 -0.07708624 -0.13174269 0.98828214 0.17236441 0 0 0 1 -0.006441951 -0.99106157 -0.13324878 -0.021449849 0.9970561 -0.016546845 0.07486749 53.542637 -0.076403156 -0.13237423 0.9882508 0.17891265 0 0 0 1 -0.006778121 -0.9910618 -0.13323028 -0.020292412 0.9971695 -0.016675353 0.07331143 53.54052 -0.074877866 -0.13235627 0.98836994 0.17897612 0 0 0 1 -0.0076657534 -0.9911499 -0.13252649 -0.018203286 0.9973414 -0.017182589 0.07081681 53.53856 -0.07246721 -0.13163127 0.9886464 0.1710228 0 0 0 1 -0.009091735 -0.99130267 -0.13128793 -0.015387181 0.9975403 -0.01811707 0.06771505 53.53675 -0.06950465 -0.13034935 0.9890289 0.15352058 0 0 0 1 -0.010858178 -0.99149954 -0.1296561 -0.012048809 0.99773574 -0.019349456 0.06441192 53.535126 -0.06637318 -0.12866315 0.9894647 0.12859492 0 0 0 1 -0.012776732 -0.99171185 -0.12784484 -0.008392882 0.9979073 -0.020751238 0.061240938 53.533684 -0.06338631 -0.12679483 0.98990166 0.10099716 0 0 0 1 -0.014658928 -0.991913 -0.12606993 -0.004624101 0.9980387 -0.022189021 0.058534406 53.53244 -0.060858417 -0.12496462 0.9902929 0.07313408 0 0 0 1 -0.016317964 -0.9920792 -0.12454933 -0.00094718346 0.99811834 -0.023525953 0.05662333 53.531406 -0.05910498 -0.123391 0.9905964 0.0474125 0 0 0 1 -0.017568111 -0.99219096 -0.123485014 0.0024331613 0.99813724 -0.024620652 0.055820655 53.530594 -0.058425028 -0.122274324 0.9907752 0.026239216 0 0 0 1 -0.01824379 -0.99224406 -0.12295951 0.0053122286 0.9981106 -0.025290847 0.05599756 53.530014 -0.058672983 -0.12170558 0.9908306 0.012021033 0 0 0 1 -0.018354177 -0.99223644 -0.123003304 0.0074853012 0.9980585 -0.025505662 0.056820203 53.529686 -0.05951637 -0.12172161 0.9907783 0.0071647456 0 0 0 1 -0.018081427 -0.99217725 -0.12352176 0.008747673 0.9979888 -0.02541709 0.05807278 53.52961 -0.06075804 -0.1222233 0.9906412 0.014077164 0 0 0 1 -0.017526388 -0.992075 -0.12441909 0.008894632 0.9979101 -0.025097251 0.05954553 53.529804 -0.062196195 -0.12311545 0.99044144 0.03108978 0 0 0 1 -0.01679051 -0.9919389 -0.12559979 0.0077214753 0.99783236 -0.024617672 0.06102887 53.53028 -0.0636289 -0.124302834 0.99020207 0.052884586 0 0 0 1 -0.015975952 -0.9917779 -0.1269688 0.005023483 0.99776673 -0.024049878 0.062313072 53.53105 -0.06485433 -0.12568974 0.9899475 0.07639411 0 0 0 1 -0.01518178 -0.99161214 -0.1283555 0.0017062728 0.9977209 -0.02346456 0.06326633 53.532127 -0.065747425 -0.12710246 0.9897082 0.09855086 0 0 0 1 -0.014502406 -0.9914691 -0.1295324 -0.0012010881 0.99769825 -0.022930741 0.0638148 53.53352 -0.06624069 -0.12830877 0.9895196 0.11628739 0 0 0 1 -0.013938904 -0.99135786 -0.13044305 -0.003718126 0.9976998 -0.022444487 0.06396437 53.53524 -0.0663393 -0.1292514 0.9893903 0.1265362 0 0 0 1 -0.013420224 -0.9912707 -0.13115734 -0.005864363 0.9977179 -0.021955729 0.0638507 53.537304 -0.06617299 -0.13000113 0.98930323 0.13140938 0 0 0 1 -0.01293993 -0.9912072 -0.13168515 -0.007659327 0.9977481 -0.021467566 0.06354548 53.53972 -0.06581369 -0.13056633 0.98925275 0.1351129 0 0 0 1 -0.012491465 -0.99116623 -0.13203625 -0.009122543 0.99778533 -0.020983338 0.06312037 53.542057 -0.06533334 -0.13095537 0.98923314 0.13772021 0 0 0 1 -0.012070656 -0.99114066 -0.13226633 -0.010273531 0.99782795 -0.020506024 0.06260002 53.543903 -0.06475769 -0.13122341 0.9892355 0.13930477 0 0 0 1 -0.011673927 -0.9911216 -0.13244428 -0.011131821 0.99787515 -0.020038009 0.061995752 53.5453 -0.06409928 -0.13143912 0.9892497 0.13994002 0 0 0 1 -0.011295915 -0.9911053 -0.13259952 -0.011716934 0.9979236 -0.019582748 0.06135914 53.54628 -0.06341004 -0.13163109 0.98926866 0.13969941 0 0 0 1 -0.010930896 -0.9910878 -0.1327615 -0.012048398 0.99797 -0.019143462 0.06074188 53.546883 -0.06274204 -0.13182801 0.989285 0.13865638 0 0 0 1 -0.010574698 -0.99107105 -0.13291445 -0.012145737 0.9980138 -0.01871574 0.060151313 53.54715 -0.062101826 -0.13201438 0.98930055 0.13688438 0 0 0 1 -0.010224819 -0.99105954 -0.13302854 -0.012028471 0.99805593 -0.018294454 0.059580762 53.547115 -0.06148175 -0.13216072 0.98931974 0.13445683 0 0 0 1 -0.009876251 -0.99105185 -0.13311176 -0.011716135 0.99809426 -0.017879128 0.05906089 53.54682 -0.06091231 -0.13227479 0.9893397 0.13144721 0 0 0 1 -0.009556055 -0.99104685 -0.13317245 -0.01122824 0.9981269 -0.017501473 0.058619972 53.546303 -0.06042585 -0.13236283 0.98935777 0.12792894 0 0 0 1 -0.009295225 -0.99104303 -0.13321894 -0.010584323 0.99815184 -0.017196894 0.058286056 53.5456 -0.060054936 -0.13243094 0.98937124 0.12397547 0 0 0 1 -0.009093642 -0.9910396 -0.13325922 -0.009803905 0.9981672 -0.01696992 0.058089476 53.544754 -0.05983035 -0.13248675 0.9893774 0.11966025 0 0 0 1 -0.00895071 -0.99103516 -0.13330129 -0.008906508 0.99817127 -0.016824722 0.05806061 53.543797 -0.05978285 -0.13253784 0.9893734 0.11505674 0 0 0 1 -0.008862972 -0.9910386 -0.13328138 -0.007911661 0.99815816 -0.016767621 0.058302894 53.54277 -0.060015228 -0.13251916 0.9893618 0.11023833 0 0 0 1 -0.008825302 -0.99105966 -0.13312691 -0.006838881 0.99812067 -0.01680398 0.058928866 53.541714 -0.06063909 -0.13235666 0.98934555 0.10527854 0 0 0 1 -0.008842111 -0.99111164 -0.1327386 -0.0057077026 0.99806154 -0.016924977 0.059889376 53.540665 -0.061603654 -0.13195175 0.98934007 0.10025075 0 0 0 1 -0.00891757 -0.9912088 -0.13200624 -0.0045376467 0.99798334 -0.01711893 0.06112458 53.53966 -0.06284702 -0.13119496 0.9893625 0.09522845 0 0 0 1 -0.0090533495 -0.9913532 -0.13090836 -0.003348234 0.9978834 -0.017387629 0.06266217 53.53874 -0.064396515 -0.13006397 0.9894122 0.09028507 0 0 0 1 -0.00925827 -0.99152964 -0.1295493 -0.0021589966 0.99776644 -0.017730951 0.06440166 53.53794 -0.066153206 -0.1286637 0.98947936 0.08549404 0 0 0 1 -0.009543896 -0.9917137 -0.12811199 -0.0009894513 0.99764377 -0.018147945 0.0661627 53.537304 -0.067939445 -0.12717867 0.9895503 0.08092882 0 0 0 1 -0.009836316 -0.9918935 -0.12669136 0.00014086877 0.9975223 -0.018559575 0.067859046 53.53686 -0.06966026 -0.12570998 0.98961836 0.076662846 0 0 0 1 -0.010056853 -0.9920576 -0.12538198 0.0012124437 0.9974099 -0.01888287 0.0694045 53.53666 -0.07122082 -0.12435922 0.9896779 0.07276958 0 0 0 1 -0.010202527 -0.99218416 -0.12436509 0.00220575 0.9973078 -0.019128561 0.07079113 53.536728 -0.07261674 -0.123308025 0.989708 0.07042519 0 0 0 1 -0.010270357 -0.9922535 -0.12380439 0.00310126 0.9972183 -0.019304395 0.07199356 53.537113 -0.073825836 -0.1227206 0.98969156 0.07054236 0 0 0 1 -0.010256052 -0.99227375 -0.12364323 0.00387945 0.99714154 -0.019405365 0.07302165 53.53785 -0.07485681 -0.122540876 0.9896364 0.07279931 0 0 0 1 -0.010152936 -0.99226147 -0.123749405 0.0045207944 0.9970717 -0.019426346 0.07396245 53.538975 -0.075794116 -0.122636095 0.9895533 0.07687422 0 0 0 1 -0.0099589825 -0.9922225 -0.12407866 0.005005769 0.9970096 -0.01936245 0.07481344 53.54053 -0.076634035 -0.12296255 0.9894481 0.082445316 0 0 0 1 -0.009671092 -0.99216163 -0.12458672 0.0053148493 0.9969554 -0.019207478 0.07557211 53.542553 -0.07737273 -0.12347653 0.98932654 0.089190796 0 0 0 1 -0.009330511 -0.9920839 -0.12523024 0.005428511 0.99690914 -0.018998742 0.07623287 53.54508 -0.07800859 -0.12413188 0.9891946 0.09678886 0 0 0 1 -0.008982539 -0.9919939 -0.12596613 0.005327228 0.9968705 -0.018777728 0.07678973 53.54815 -0.07854029 -0.124882154 0.9890581 0.10491772 0 0 0 1 -0.008632779 -0.99189705 -0.12675042 0.004991477 0.99684006 -0.018545985 0.07723961 53.5518 -0.07896445 -0.12568311 0.98892283 0.113255575 0 0 0 1 -0.008286953 -0.991799 -0.12753922 0.0044017322 0.9968182 -0.018305063 0.077579394 53.55607 -0.079277754 -0.12649052 0.9887948 0.12148064 0 0 0 1 -0.007949591 -0.99170506 -0.12828855 0.003538467 0.9968051 -0.018055558 0.07780596 53.560383 -0.07947688 -0.12726015 0.98868006 0.1292711 0 0 0 1 -0.007626295 -0.9916212 -0.12895451 0.0023821616 0.9968011 -0.017798662 0.077916145 53.564175 -0.07955852 -0.12794779 0.98858476 0.13630518 0 0 0 1 -0.007319927 -0.991546 -0.12954861 0.00091328495 0.9968019 -0.017544627 0.077961326 53.567497 -0.079575144 -0.12856364 0.9885035 0.14226109 0 0 0 1 -0.0070331097 -0.9914751 -0.13010617 -0.0008876808 0.99680364 -0.017305493 0.0779934 53.5704 -0.07958008 -0.12914176 0.98842776 0.146817 0 0 0 1 -0.006771207 -0.99140847 -0.13062677 -0.0028737332 0.99680674 -0.017085552 0.078002 53.57293 -0.07956367 -0.12968148 0.9883584 0.14965114 0 0 0 1 -0.0065391064 -0.9913468 -0.13110527 -0.004867226 0.9968117 -0.01688826 0.0779816 53.57514 -0.07952096 -0.13017735 0.9882966 0.1504417 0 0 0 1 -0.0063425303 -0.991291 -0.13153657 -0.0068417247 0.99681884 -0.01671815 0.077926666 53.57708 -0.07944706 -0.13062388 0.9882437 0.14975539 0 0 0 1 -0.0061861277 -0.99124163 -0.13191545 -0.008770801 0.9968286 -0.016578913 0.07783164 53.578808 -0.079336986 -0.13101563 0.98820066 0.14842254 0 0 0 1 -0.006075263 -0.9911995 -0.13223685 -0.010628019 0.9968413 -0.016474724 0.07769103 53.580364 -0.07918589 -0.13134715 0.9881688 0.14651687 0 0 0 1 -0.0060151815 -0.9911653 -0.13249554 -0.012386953 0.9968573 -0.016409516 0.077499256 53.581806 -0.078988776 -0.13161297 0.98814917 0.14411214 0 0 0 1 -0.006011009 -0.9911399 -0.13268642 -0.014021164 0.9968771 -0.016387582 0.077250816 53.58318 -0.078740776 -0.13180768 0.988143 0.14128202 0 0 0 1 -0.006067872 -0.9911238 -0.1328043 -0.015504222 0.9969007 -0.016412735 0.076940194 53.58454 -0.078436926 -0.13192584 0.98815143 0.1381003 0 0 0 1 -0.006192088 -0.99114 -0.13267687 -0.016809696 0.9969307 -0.016473532 0.076535575 53.585938 -0.078043126 -0.13179575 0.98819995 0.13464066 0 0 0 1 -0.006393075 -0.9912039 -0.1321893 -0.017911155 0.996974 -0.016559482 0.075952105 53.587418 -0.077473 -0.13130373 0.98831034 0.13097684 0 0 0 1 -0.006729126 -0.9913035 -0.13142355 -0.018782165 0.9970357 -0.016724586 0.07510107 53.58904 -0.07664595 -0.13052861 0.98847747 0.12718257 0 0 0 1 -0.007211089 -0.9914074 -0.13061152 -0.019396296 0.9971098 -0.01700759 0.07404565 53.590847 -0.075630814 -0.12970006 0.9886647 0.12333156 0 0 0 1 -0.007211089 -0.9914074 -0.13061152 -0.019396296 0.9971098 -0.01700759 0.07404565 53.590847 -0.075630814 -0.12970006 0.9886647 0.12333156 0 0 0 1</float_array>
        <technique_common>
          <accessor source="#Motion_55_Waist_transform_pose_array_id" count="86" stride="16">
            <param name="TRANSFORM" type="float4x4" />
          </accessor>
        </technique_common>
      </source>
      <sampler id="Motion_55_Waist_transform_samp_id">
        <input semantic="INPUT" source="#Motion_55_Waist_transform_frame_id" />
        <input semantic="INTERPOLATION" source="#Motion_55_Waist_transform_interp_id" />
        <input semantic="OUTPUT" source="#Motion_55_Waist_transform_pose_id" />
      </sampler>
      <channel source="#Motion_55_Waist_transform_samp_id" target="Waist_bone_id/transform" />
    </animation>
    <animation id="Motion_55_RThigh_transform_id" name="Motion_55_RThigh_transform">
      <source id="Motion_55_RThigh_transform_frame_id" name="Motion_55_RThigh_transform_frame">
        <float_array id="Motion_55_RThigh_transform_frame_array_id" count="86">0 0.033333335 0.06666667 0.1 0.13333334 0.16666667 0.2 0.23333333 0.26666668 0.3 0.33333334 0.36666667 0.4 0.43333334 0.46666667 0.5 0.53333336 0.56666666 0.6 0.6333333 0.6666667 0.7 0.73333335 0.76666665 0.8 0.8333333 0.8666667 0.9 0.93333334 0.96666664 1 1.0333333 1.0666667 1.1 1.1333333 1.1666666 1.2 1.2333333 1.2666667 1.3 1.3333334 1.3666667 1.4 1.4333333 1.4666667 1.5 1.5333333 1.5666667 1.6 1.6333333 1.6666666 1.7 1.7333333 1.7666667 1.8 1.8333334 1.8666667 1.9 1.9333333 1.9666667 2 2.0333333 2.0666666 2.1 2.1333334 2.1666667 2.2 2.2333333 2.2666667 2.3 2.3333333 2.3666666 2.4 2.4333334 2.4666667 2.5 2.5333333 2.5666666 2.6 2.6333334 2.6666667 2.7 2.7333333 2.7666667 2.8 2.8333333</float_array>
        <technique_common>
          <accessor source="#Motion_55_RThigh_transform_frame_array_id" count="86" stride="1">
            <param name="TIME" type="float" />
          </accessor>
        </technique_common>
      </source>
      <source id="Motion_55_RThigh_transform_interp_id" name="Motion_55_RThigh_transform_interp">
        <Name_array id="Motion_55_RThigh_transform_interp_array_id" count="86">LINEAR LINEAR LINEAR LINEAR LINEAR LINEAR LINEAR LINEAR LINEAR LINEAR LINEAR LINEAR LINEAR LINEAR LINEAR LINEAR LINEAR LINEAR LINEAR LINEAR LINEAR LINEAR LINEAR LINEAR LINEAR LINEAR LINEAR LINEAR LINEAR LINEAR LINEAR LINEAR LINEAR LINEAR LINEAR LINEAR LINEAR LINEAR LINEAR LINEAR LINEAR LINEAR LINEAR LINEAR LINEAR LINEAR LINEAR LINEAR LINEAR LINEAR LINEAR LINEAR LINEAR LINEAR LINEAR LINEAR LINEAR LINEAR LINEAR LINEAR LINEAR LINEAR LINEAR LINEAR LINEAR LINEAR LINEAR LINEAR LINEAR LINEAR LINEAR LINEAR LINEAR LINEAR LINEAR LINEAR LINEAR LINEAR LINEAR LINEAR LINEAR LINEAR LINEAR LINEAR LINEAR LINEAR</Name_array>
        <technique_common>
          <accessor source="#Motion_55_RThigh_transform_interp_array_id" count="86" stride="1">
            <param name="INTERPOLATION" type="Name" />
          </accessor>
        </technique_common>
      </source>
      <source id="Motion_55_RThigh_transform_pose_id" name="Motion_55_RThigh_transform_pose">
        <float_array id="Motion_55_RThigh_transform_pose_array_id" count="1376">-0.34046125 -0.42146096 -0.84051 11.461266 0.4365311 0.7208841 -0.53829986 -7.85106 0.8327826 -0.55017895 -0.06145239 0 0 0 0 1 -0.3410709 -0.4205204 -0.84073377 11.461266 0.4359477 0.72161365 -0.53779495 -7.85106 0.83283865 -0.54994214 -0.06279659 0 0 0 0 1 -0.3415811 -0.41960835 -0.8409822 11.461266 0.4353243 0.7223928 -0.5372535 -7.85106 0.8329556 -0.54961574 -0.06409001 0 0 0 0 1 -0.34197593 -0.41877565 -0.84123665 11.461266 0.43469915 0.7231704 -0.53671324 -7.85106 0.8331199 -0.5492281 -0.06526542 0 0 0 0 1 -0.34223962 -0.41807327 -0.8414789 11.461266 0.4341106 0.7238954 -0.53621215 -7.85106 0.83331865 -0.54880804 -0.06625569 0 0 0 0 1 -0.3423549 -0.41755217 -0.8416907 11.461266 0.43359685 0.7245171 -0.53578794 -7.85106 0.8335387 -0.5483841 -0.06699264 0 0 0 0 1 -0.34230518 -0.41726348 -0.841854 11.461266 0.43319646 0.7249849 -0.535479 -7.85106 0.8337672 -0.5479855 -0.06740892 0 0 0 0 1 -0.34207392 -0.4172584 -0.84195065 11.461266 0.43294802 0.725248 -0.53532356 -7.85106 0.8339913 -0.5476411 -0.06743729 0 0 0 0 1 -0.3416444 -0.41758764 -0.84196174 11.461266 0.43288982 0.7252561 -0.5353597 -7.85106 0.8341974 -0.5473793 -0.067010164 0 0 0 0 1 -0.3410002 -0.41830266 -0.84186804 11.461266 0.43306112 0.72495776 -0.53562516 -7.85106 0.83437216 -0.54722863 -0.066060185 0 0 0 0 1 -0.34012556 -0.41945428 -0.8416488 11.461266 0.4335007 0.72430146 -0.53615713 -7.85106 0.8345009 -0.54721606 -0.06451976 0 0 0 0 1 -0.3390057 -0.42109334 -0.84128207 11.461266 0.43424773 0.7232348 -0.536992 -7.85106 0.8345682 -0.5473682 -0.0623219 0 0 0 0 1 -0.33769774 -0.4232421 -0.8407296 11.461266 0.43531346 0.7217105 -0.5381785 -7.85106 0.8345432 -0.54772264 -0.05947697 0 0 0 0 1 -0.33638525 -0.4257772 -0.8399755 11.461266 0.43656504 0.71981555 -0.5397004 -7.85106 0.8344195 -0.54825115 -0.056255817 0 0 0 0 1 -0.33518147 -0.4284868 -0.83907837 11.461266 0.43778136 0.7177808 -0.5414223 -7.85106 0.8342667 -0.54880756 -0.05300331 0 0 0 0 1 -0.33422863 -0.43110868 -0.8381149 11.461266 0.43883798 0.7157954 -0.54319257 -7.85106 0.83409387 -0.5493471 -0.050052404 0 0 0 0 1 -0.3336662 -0.43323338 -0.83724284 11.461266 0.43975675 0.71405077 -0.5447435 -7.85106 0.833835 -0.5499458 -0.04773724 0 0 0 0 1 -0.333632 -0.4344535 -0.83662415 11.461266 0.4405595 0.71274066 -0.5458095 -7.85106 0.8334249 -0.5506822 -0.046390533 0 0 0 0 1 -0.334262 -0.43436137 -0.83642054 11.461266 0.44126776 0.71206033 -0.5461254 -7.85106 0.83279765 -0.5516343 -0.046345115 0 0 0 0 1 -0.33569288 -0.4325481 -0.83678705 11.461266 0.44190502 0.712201 -0.5454262 -7.85106 0.8318836 -0.55287606 -0.047935605 0 0 0 0 1 -0.33806312 -0.42860073 -0.8378632 11.461266 0.44249803 0.71334606 -0.54344535 -7.85106 0.83060753 -0.5544716 -0.051501036 0 0 0 0 1 -0.3412254 -0.42266312 -0.8395959 11.461266 0.4430252 0.71546185 -0.540225 -7.85106 0.82903194 -0.5563005 -0.056883335 0 0 0 0 1 -0.34471846 -0.41562244 -0.8416812 11.461266 0.44344762 0.7181808 -0.536256 -7.85106 0.82735926 -0.55809885 -0.0632633 0 0 0 0 1 -0.34821343 -0.4081801 -0.8438816 11.461266 0.4437658 0.7211843 -0.53194463 -7.85106 0.8257234 -0.5597161 -0.06998968 0 0 0 0 1 -0.35137916 -0.40104473 -0.84598815 11.461266 0.4439742 0.7241688 -0.5276993 -7.85106 0.8242692 -0.56101936 -0.07640433 0 0 0 0 1 -0.3538791 -0.3949319 -0.8478197 11.461266 0.44406146 0.72684646 -0.5239309 -7.85106 0.8231518 -0.5618923 -0.08184171 0 0 0 0 1 -0.3553748 -0.39056218 -0.8492172 11.461266 0.444012 0.7289419 -0.52105385 -7.85106 0.82253385 -0.5622321 -0.08563328 0 0 0 0 1 -0.3558272 -0.38853368 -0.84995824 11.461266 0.44369045 0.7302147 -0.5195434 -7.85106 0.8225121 -0.56198585 -0.08744168 0 0 0 0 1 -0.35563815 -0.38870913 -0.8499568 11.461266 0.44306254 0.7306149 -0.51951647 -7.85106 0.82293195 -0.5613439 -0.08761203 0 0 0 0 1 -0.35498655 -0.39034238 -0.84948075 11.461266 0.44240585 0.73033464 -0.52046937 -7.85106 0.82356656 -0.5605748 -0.08656931 0 0 0 0 1 -0.3540697 -0.39288116 -0.8486926 11.461266 0.44183058 0.72954994 -0.5220561 -7.85106 0.8242697 -0.55982256 -0.084724665 0 0 0 0 1 -0.35308766 -0.39577377 -0.8477571 11.461266 0.4414466 0.7284378 -0.52393067 -7.85106 0.82489634 -0.55923295 -0.08248937 0 0 0 0 1 -0.35224032 -0.39847097 -0.84684575 11.461266 0.44136283 0.7271795 -0.52574587 -7.85106 0.82530344 -0.5589551 -0.08027172 0 0 0 0 1 -0.35172653 -0.4004254 -0.8461371 11.461266 0.44168666 0.7259611 -0.52715594 -7.85106 0.8253493 -0.5591422 -0.07847726 0 0 0 0 1 -0.3517462 -0.4012618 -0.8457325 11.461266 0.4423567 0.7249769 -0.527948 -7.85106 0.82498187 -0.5598192 -0.07750702 0 0 0 0 1 -0.3521366 -0.40107316 -0.8456595 11.461266 0.44314343 0.72439456 -0.5280875 -7.85106 0.8243928 -0.56070745 -0.07735288 0 0 0 0 1 -0.35266972 -0.4002065 -0.84584796 11.461266 0.44408828 0.72406536 -0.5277452 -7.85106 0.8236563 -0.56175095 -0.07762897 0 0 0 0 1 -0.35342646 -0.39897278 -0.846115 11.461266 0.44519904 0.72375345 -0.52723694 -7.85106 0.82273185 -0.56302905 -0.07817137 0 0 0 0 1 -0.35432148 -0.39755762 -0.8464065 11.461266 0.4463607 0.723456 -0.5266626 -7.85106 0.8217166 -0.56441057 -0.07888186 0 0 0 0 1 -0.3552704 -0.3961477 -0.84667 11.461266 0.44745907 0.723171 -0.52612174 -7.85106 0.82070905 -0.5657656 -0.07966137 0 0 0 0 1 -0.35618603 -0.39478242 -0.8469227 11.461266 0.44852304 0.7228913 -0.52559984 -7.85106 0.8197306 -0.56707585 -0.08041465 0 0 0 0 1 -0.35698128 -0.39341643 -0.84722364 11.461266 0.4496651 0.7226053 -0.525017 -7.85106 0.8187586 -0.5683881 -0.08105099 0 0 0 0 1 -0.3576964 -0.39205635 -0.8475524 11.461266 0.45084482 0.7223191 -0.5243987 -7.85106 0.8177972 -0.5696901 -0.081614375 0 0 0 0 1 -0.35840225 -0.39069632 -0.8478823 11.461266 0.45201012 0.7220423 -0.52377635 -7.85106 0.81684446 -0.57097393 -0.082182884 0 0 0 0 1 -0.35905766 -0.38937706 -0.8482117 11.461266 0.45315337 0.7217729 -0.52315944 -7.85106 0.81592256 -0.5722144 -0.082710505 0 0 0 0 1 -0.359622 -0.3881394 -0.84853995 11.461266 0.45426705 0.7215092 -0.5225571 -7.85106 0.8150544 -0.5733866 -0.08315158 0 0 0 0 1 -0.3600545 -0.3870241 -0.84886575 11.461266 0.4553432 0.7212498 -0.52197826 -7.85106 0.8142624 -0.5744659 -0.08346033 0 0 0 0 1 -0.36031485 -0.3860724 -0.84918875 11.461266 0.45637447 0.72099316 -0.5214319 -7.85106 0.8135697 -0.57542765 -0.083590984 0 0 0 0 1 -0.36036158 -0.38532543 -0.8495079 11.461266 0.4573533 0.7207381 -0.5209266 -7.85106 0.812999 -0.5762472 -0.08349645 0 0 0 0 1 -0.36015522 -0.38482416 -0.84982276 11.461266 0.45827198 0.7204834 -0.5204714 -7.85106 0.8125732 -0.5769004 -0.08313179 0 0 0 0 1 -0.35965443 -0.38460976 -0.8501318 11.461266 0.45912308 0.72022784 -0.52007496 -7.85106 0.81231445 -0.5773623 -0.08244991 0 0 0 0 1 -0.3587699 -0.3850093 -0.8503247 11.461266 0.45954347 0.7200691 -0.5199233 -7.85106 0.8124679 -0.577294 -0.08141065 0 0 0 0 1 -0.3574283 -0.38639528 -0.8502609 11.461266 0.45914692 0.720085 -0.5202515 -7.85106 0.8132829 -0.57634735 -0.079966664 0 0 0 0 1 -0.35561037 -0.3888758 -0.8498922 11.461266 0.45789042 0.7202409 -0.52114236 -7.85106 0.81478673 -0.5744811 -0.078062534 0 0 0 0 1 -0.35329437 -0.39255643 -0.8491658 11.461266 0.4557299 0.72049665 -0.52268046 -7.85106 0.81700265 -0.5716503 -0.07564771 0 0 0 0 1 -0.35067654 -0.3971358 -0.84812075 11.461266 0.4528318 0.7208135 -0.5247582 -7.85106 0.81973714 -0.5680766 -0.072936535 0 0 0 0 1 -0.34804857 -0.40197134 -0.8469246 11.461266 0.44961953 0.72115207 -0.5270503 -7.85106 0.8226206 -0.5642329 -0.070261836 0 0 0 0 1 -0.34553134 -0.40665784 -0.84571713 11.461266 0.4464349 0.7214726 -0.5293138 -7.85106 0.8254114 -0.5604521 -0.06774521 0 0 0 0 1 -0.343251 -0.41079456 -0.84464574 11.461266 0.44362175 0.7217457 -0.531303 -7.85106 0.82787585 -0.55707353 -0.065502524 0 0 0 0 1 -0.34133697 -0.41398454 -0.8438636 11.461266 0.44152576 0.7219497 -0.5327698 -7.85106 0.82978547 -0.5544416 -0.06364334 0 0 0 0 1 -0.33992207 -0.416111 -0.84338856 11.461266 0.44021863 0.722073 -0.5336835 -7.85106 0.8310597 -0.5526863 -0.062268734 0 0 0 0 1 -0.33881354 -0.41763753 -0.8430801 11.461266 0.4394591 0.7220768 -0.53430396 -7.85106 0.831914 -0.55152875 -0.06111467 0 0 0 0 1 -0.33776605 -0.41899067 -0.842829 11.461266 0.43907773 0.72191113 -0.53484106 -7.85106 0.8325411 -0.55071867 -0.0598675 0 0 0 0 1 -0.33683753 -0.42047286 -0.8424625 11.461266 0.43878418 0.72155356 -0.53556406 -7.85106 0.833072 -0.5500573 -0.058549404 0 0 0 0 1 -0.33602905 -0.42234343 -0.8418494 11.461266 0.4382465 0.7210568 -0.5366722 -7.85106 0.8336813 -0.549275 -0.057205558 0 0 0 0 1 -0.33531046 -0.42450467 -0.8410486 11.461266 0.43744263 0.72050756 -0.53806394 -7.85106 0.83439255 -0.54832894 -0.055897236 0 0 0 0 1 -0.3346914 -0.42664716 -0.84021056 11.461266 0.43662158 0.7199337 -0.5394971 -7.85106 0.8350707 -0.54741913 -0.05467224 0 0 0 0 1 -0.33418286 -0.42867535 -0.8393801 11.461266 0.43582088 0.71936744 -0.54089797 -7.85106 0.83569235 -0.5465783 -0.053574562 0 0 0 0 1 -0.33379614 -0.43049425 -0.83860284 11.461266 0.43507802 0.71884197 -0.5421931 -7.85106 0.8362339 -0.5458396 -0.052648067 0 0 0 0 1 -0.3335421 -0.4320089 -0.8379247 11.461266 0.4344304 0.71839094 -0.54330903 -7.85106 0.8366718 -0.5452364 -0.051935792 0 0 0 0 1 -0.3334322 -0.43312472 -0.83739233 11.461266 0.43391562 0.71804833 -0.5441726 -7.85106 0.83698285 -0.54480225 -0.05148077 0 0 0 0 1 -0.33347714 -0.43374717 -0.8370521 11.461266 0.43357122 0.71784866 -0.5447102 -7.85106 0.8371433 -0.54457015 -0.051325798 0 0 0 0 1 -0.33368862 -0.4337815 -0.8369503 11.461266 0.43343496 0.71782553 -0.5448493 -7.85106 0.83712983 -0.5445734 -0.05151415 0 0 0 0 1 -0.33400142 -0.4334625 -0.83699065 11.461266 0.43348974 0.717865 -0.5447536 -7.85106 0.8369766 -0.5447753 -0.051866412 0 0 0 0 1 -0.33434486 -0.43308064 -0.837051 11.461266 0.43367454 0.71784747 -0.54462963 -7.85106 0.8367434 -0.54510194 -0.05219257 0 0 0 0 1 -0.3347211 -0.43262458 -0.83713657 11.461266 0.4339614 0.71779764 -0.5444667 -7.85106 0.8364443 -0.54552954 -0.05251968 0 0 0 0 1 -0.33513093 -0.43208262 -0.83725244 11.461266 0.4343222 0.71774065 -0.54425406 -7.85106 0.8360929 -0.54603374 -0.05287397 0 0 0 0 1 -0.33557594 -0.4314435 -0.8374039 11.461266 0.43472904 0.7177012 -0.5439814 -7.85106 0.835703 -0.54659086 -0.05328214 0 0 0 0 1 -0.33605778 -0.43069544 -0.8375958 11.461266 0.4351538 0.7177041 -0.54363775 -7.85106 0.8352883 -0.5471766 -0.053771377 0 0 0 0 1 -0.33657777 -0.42982695 -0.83783287 11.461266 0.43556854 0.71777433 -0.54321265 -7.85106 0.8348624 -0.54776704 -0.05436778 0 0 0 0 1 -0.33713794 -0.42882666 -0.83812034 11.461266 0.4359456 0.71793664 -0.54269546 -7.85106 0.83443964 -0.5483381 -0.055098653 0 0 0 0 1 -0.3377396 -0.42768282 -0.8384626 11.461266 0.43625706 0.71821594 -0.5420753 -7.85106 0.8340335 -0.54886544 -0.05599034 0 0 0 0 1 -0.3383844 -0.42638397 -0.8388639 11.461266 0.43647528 0.7186369 -0.54134125 -7.85106 0.8336578 -0.5493248 -0.05706942 0 0 0 0 1 -0.33907473 -0.42491856 -0.83932877 11.461266 0.4365727 0.719224 -0.5404824 -7.85106 0.83332634 -0.5496919 -0.05836284 0 0 0 0 1 -0.33981276 -0.42327493 -0.8398606 11.461266 0.4365216 0.7200016 -0.53948736 -7.85106 0.83305246 -0.5499419 -0.059897065 0 0 0 0 1 -0.33981276 -0.42327493 -0.8398606 11.461266 0.4365216 0.7200016 -0.53948736 -7.85106 0.83305246 -0.5499419 -0.059897065 0 0 0 0 1</float_array>
        <technique_common>
          <accessor source="#Motion_55_RThigh_transform_pose_array_id" count="86" stride="16">
            <param name="TRANSFORM" type="float4x4" />
          </accessor>
        </technique_common>
      </source>
      <sampler id="Motion_55_RThigh_transform_samp_id">
        <input semantic="INPUT" source="#Motion_55_RThigh_transform_frame_id" />
        <input semantic="INTERPOLATION" source="#Motion_55_RThigh_transform_interp_id" />
        <input semantic="OUTPUT" source="#Motion_55_RThigh_transform_pose_id" />
      </sampler>
      <channel source="#Motion_55_RThigh_transform_samp_id" target="RThigh_bone_id/transform" />
    </animation>
    <animation id="Motion_55_RLeg_transform_id" name="Motion_55_RLeg_transform">
      <source id="Motion_55_RLeg_transform_frame_id" name="Motion_55_RLeg_transform_frame">
        <float_array id="Motion_55_RLeg_transform_frame_array_id" count="86">0 0.033333335 0.06666667 0.1 0.13333334 0.16666667 0.2 0.23333333 0.26666668 0.3 0.33333334 0.36666667 0.4 0.43333334 0.46666667 0.5 0.53333336 0.56666666 0.6 0.6333333 0.6666667 0.7 0.73333335 0.76666665 0.8 0.8333333 0.8666667 0.9 0.93333334 0.96666664 1 1.0333333 1.0666667 1.1 1.1333333 1.1666666 1.2 1.2333333 1.2666667 1.3 1.3333334 1.3666667 1.4 1.4333333 1.4666667 1.5 1.5333333 1.5666667 1.6 1.6333333 1.6666666 1.7 1.7333333 1.7666667 1.8 1.8333334 1.8666667 1.9 1.9333333 1.9666667 2 2.0333333 2.0666666 2.1 2.1333334 2.1666667 2.2 2.2333333 2.2666667 2.3 2.3333333 2.3666666 2.4 2.4333334 2.4666667 2.5 2.5333333 2.5666666 2.6 2.6333334 2.6666667 2.7 2.7333333 2.7666667 2.8 2.8333333</float_array>
        <technique_common>
          <accessor source="#Motion_55_RLeg_transform_frame_array_id" count="86" stride="1">
            <param name="TIME" type="float" />
          </accessor>
        </technique_common>
      </source>
      <source id="Motion_55_RLeg_transform_interp_id" name="Motion_55_RLeg_transform_interp">
        <Name_array id="Motion_55_RLeg_transform_interp_array_id" count="86">LINEAR LINEAR LINEAR LINEAR LINEAR LINEAR LINEAR LINEAR LINEAR LINEAR LINEAR LINEAR LINEAR LINEAR LINEAR LINEAR LINEAR LINEAR LINEAR LINEAR LINEAR LINEAR LINEAR LINEAR LINEAR LINEAR LINEAR LINEAR LINEAR LINEAR LINEAR LINEAR LINEAR LINEAR LINEAR LINEAR LINEAR LINEAR LINEAR LINEAR LINEAR LINEAR LINEAR LINEAR LINEAR LINEAR LINEAR LINEAR LINEAR LINEAR LINEAR LINEAR LINEAR LINEAR LINEAR LINEAR LINEAR LINEAR LINEAR LINEAR LINEAR LINEAR LINEAR LINEAR LINEAR LINEAR LINEAR LINEAR LINEAR LINEAR LINEAR LINEAR LINEAR LINEAR LINEAR LINEAR LINEAR LINEAR LINEAR LINEAR LINEAR LINEAR LINEAR LINEAR LINEAR LINEAR</Name_array>
        <technique_common>
          <accessor source="#Motion_55_RLeg_transform_interp_array_id" count="86" stride="1">
            <param name="INTERPOLATION" type="Name" />
          </accessor>
        </technique_common>
      </source>
      <source id="Motion_55_RLeg_transform_pose_id" name="Motion_55_RLeg_transform_pose">
        <float_array id="Motion_55_RLeg_transform_pose_array_id" count="1376">0.07837522 0 0.996924 36.965405 0 1 0 0 -0.996924 0 0.07837522 0 0 0 0 1 0.07991016 0 0.9968021 36.965405 0 1 0 0 -0.9968021 0 0.07991016 0 0 0 0 1 0.08166683 0 0.9966597 36.965405 0 1 0 0 -0.9966597 0 0.08166683 0 0 0 0 1 0.08360869 0 0.9964986 36.965405 0 1 0 0 -0.9964986 0 0.08360869 0 0 0 0 1 0.0856995 0 0.996321 36.965405 0 1 0 0 -0.996321 0 0.0856995 0 0 0 0 1 0.08790326 0 0.99612904 36.965405 0 1 0 0 -0.99612904 0 0.08790326 0 0 0 0 1 0.090183616 0 0.9959252 36.965405 0 1 0 0 -0.9959252 0 0.090183616 0 0 0 0 1 0.0925045 0 0.9957122 36.965405 0 1 0 0 -0.9957122 0 0.0925045 0 0 0 0 1 0.09482962 0 0.9954935 36.965405 0 1 0 0 -0.9954935 0 0.09482962 0 0 0 0 1 0.09712297 0 0.99527234 36.965405 0 1 0 0 -0.99527234 0 0.09712297 0 0 0 0 1 0.099348426 0 0.99505275 36.965405 0 1 0 0 -0.99505275 0 0.099348426 0 0 0 0 1 0.101469815 0 0.9948386 36.965405 0 1 0 0 -0.9948386 0 0.101469815 0 0 0 0 1 0.10345107 0 0.9946345 36.965405 0 1 0 0 -0.9946345 0 0.10345107 0 0 0 0 1 0.10525656 0 0.99444515 36.965405 0 1 0 0 -0.99444515 0 0.10525656 0 0 0 0 1 0.10685003 0 0.99427515 36.965405 0 1 0 0 -0.99427515 0 0.10685003 0 0 0 0 1 0.10819554 0 0.99412966 36.965405 0 1 0 0 -0.99412966 0 0.10819554 0 0 0 0 1 0.109451056 0 0.99399215 36.965405 0 1 0 0 -0.99399215 0 0.109451056 0 0 0 0 1 0.11074436 0 0.9938489 36.965405 0 1 0 0 -0.9938489 0 0.11074436 0 0 0 0 1 0.111994445 0 0.99370885 36.965405 0 1 0 0 -0.99370885 0 0.111994445 0 0 0 0 1 0.11312026 0 0.9935813 36.965405 0 1 0 0 -0.9935813 0 0.11312026 0 0 0 0 1 0.11404085 0 0.99347603 36.965405 0 1 0 0 -0.99347603 0 0.11404085 0 0 0 0 1 0.114675164 0 0.993403 36.965405 0 1 0 0 -0.993403 0 0.114675164 0 0 0 0 1 0.11494213 0 0.9933722 36.965405 0 1 0 0 -0.9933722 0 0.11494213 0 0 0 0 1 0.1147607 0 0.9933932 36.965405 0 1 0 0 -0.9933932 0 0.1147607 0 0 0 0 1 0.11405009 0 0.993475 36.965405 0 1 0 0 -0.993475 0 0.11405009 0 0 0 0 1 0.112728715 0 0.9936258 36.965405 0 1 0 0 -0.9936258 0 0.112728715 0 0 0 0 1 0.11071539 0 0.9938522 36.965405 0 1 0 0 -0.9938522 0 0.11071539 0 0 0 0 1 0.10792869 0 0.9941586 36.965405 0 1 0 0 -0.9941586 0 0.10792869 0 0 0 0 1 0.10447544 0 0.99452746 36.965405 0 1 0 0 -0.99452746 0 0.10447544 0 0 0 0 1 0.10064101 0 0.9949228 36.965405 0 1 0 0 -0.9949228 0 0.10064101 0 0 0 0 1 0.096610904 0 0.9953222 36.965405 0 1 0 0 -0.9953222 0 0.096610904 0 0 0 0 1 0.09257066 0 0.99570614 36.965405 0 1 0 0 -0.99570614 0 0.09257066 0 0 0 0 1 0.08870685 0 0.99605775 36.965405 0 1 0 0 -0.99605775 0 0.08870685 0 0 0 0 1 0.085205376 0 0.99636334 36.965405 0 1 0 0 -0.99636334 0 0.085205376 0 0 0 0 1 0.08225286 0 0.99661154 36.965405 0 1 0 0 -0.99661154 0 0.08225286 0 0 0 0 1 0.080035985 0 0.99679196 36.965405 0 1 0 0 -0.99679196 0 0.080035985 0 0 0 0 1 0.07874143 0 0.9968951 36.965405 0 1 0 0 -0.9968951 0 0.07874143 0 0 0 0 1 0.07828361 0 0.99693114 36.965405 0 1 0 0 -0.99693114 0 0.07828361 0 0 0 0 1 0.07841438 0 0.9969209 36.965405 0 1 0 0 -0.9969209 0 0.07841438 0 0 0 0 1 0.0790751 0 0.9968687 36.965405 0 1 0 0 -0.9968687 0 0.0790751 0 0 0 0 1 0.080207884 0 0.9967782 36.965405 0 1 0 0 -0.9967782 0 0.080207884 0 0 0 0 1 0.08175421 0 0.99665254 36.965405 0 1 0 0 -0.99665254 0 0.08175421 0 0 0 0 1 0.08365613 0 0.9964947 36.965405 0 1 0 0 -0.9964947 0 0.08365613 0 0 0 0 1 0.085855246 0 0.9963076 36.965405 0 1 0 0 -0.9963076 0 0.085855246 0 0 0 0 1 0.088293016 0 0.9960946 36.965405 0 1 0 0 -0.9960946 0 0.088293016 0 0 0 0 1 0.09091163 0 0.995859 36.965405 0 1 0 0 -0.995859 0 0.09091163 0 0 0 0 1 0.093652785 0 0.99560493 36.965405 0 1 0 0 -0.99560493 0 0.093652785 0 0 0 0 1 0.0964582 0 0.995337 36.965405 0 1 0 0 -0.995337 0 0.0964582 0 0 0 0 1 0.09926969 0 0.99506056 36.965405 0 1 0 0 -0.99506056 0 0.09926969 0 0 0 0 1 0.10202932 0 0.9947814 36.965405 0 1 0 0 -0.9947814 0 0.10202932 0 0 0 0 1 0.10467917 0 0.994506 36.965405 0 1 0 0 -0.994506 0 0.10467917 0 0 0 0 1 0.10716134 0 0.9942416 36.965405 0 1 0 0 -0.9942416 0 0.10716134 0 0 0 0 1 0.109417796 0 0.99399585 36.965405 0 1 0 0 -0.99399585 0 0.109417796 0 0 0 0 1 0.11139095 0 0.9937767 36.965405 0 1 0 0 -0.9937767 0 0.11139095 0 0 0 0 1 0.11302292 0 0.9935924 36.965405 0 1 0 0 -0.9935924 0 0.11302292 0 0 0 0 1 0.1142562 0 0.9934513 36.965405 0 1 0 0 -0.9934513 0 0.1142562 0 0 0 0 1 0.11512339 0 0.9933513 36.965405 0 1 0 0 -0.9933513 0 0.11512339 0 0 0 0 1 0.11568278 0 0.9932862 36.965405 0 1 0 0 -0.9932862 0 0.11568278 0 0 0 0 1 0.11591411 0 0.99325925 36.965405 0 1 0 0 -0.99325925 0 0.11591411 0 0 0 0 1 0.115796804 0 0.9932729 36.965405 0 1 0 0 -0.9932729 0 0.115796804 0 0 0 0 1 0.11531049 0 0.9933295 36.965405 0 1 0 0 -0.9933295 0 0.11531049 0 0 0 0 1 0.11443484 0 0.99343073 36.965405 0 1 0 0 -0.99343073 0 0.11443484 0 0 0 0 1 0.113149166 0 0.993578 36.965405 0 1 0 0 -0.993578 0 0.113149166 0 0 0 0 1 0.11143321 0 0.9937719 36.965405 0 1 0 0 -0.9937719 0 0.11143321 0 0 0 0 1 0.10926616 0 0.99401253 36.965405 0 1 0 0 -0.99401253 0 0.10926616 0 0 0 0 1 0.10662711 0 0.99429905 36.965405 0 1 0 0 -0.99429905 0 0.10662711 0 0 0 0 1 0.10367757 0 0.99461097 36.965405 0 1 0 0 -0.99461097 0 0.10367757 0 0 0 0 1 0.10062969 0 0.99492395 36.965405 0 1 0 0 -0.99492395 0 0.10062969 0 0 0 0 1 0.09753764 0 0.9952318 36.965405 0 1 0 0 -0.9952318 0 0.09753764 0 0 0 0 1 0.094456375 0 0.995529 36.965405 0 1 0 0 -0.995529 0 0.094456375 0 0 0 0 1 0.091441035 0 0.9958105 36.965405 0 1 0 0 -0.9958105 0 0.091441035 0 0 0 0 1 0.088546395 0 0.99607205 36.965405 0 1 0 0 -0.99607205 0 0.088546395 0 0 0 0 1 0.08582717 0 0.99631006 36.965405 0 1 0 0 -0.99631006 0 0.08582717 0 0 0 0 1 0.083338976 0 0.9965213 36.965405 0 1 0 0 -0.9965213 0 0.083338976 0 0 0 0 1 0.081136346 0 0.996703 36.965405 0 1 0 0 -0.996703 0 0.081136346 0 0 0 0 1 0.079274535 0 0.9968528 36.965405 0 1 0 0 -0.9968528 0 0.079274535 0 0 0 0 1 0.07780886 0 0.99696827 36.965405 0 1 0 0 -0.99696827 0 0.07780886 0 0 0 0 1 0.07679397 0 0.99704695 36.965405 0 1 0 0 -0.99704695 0 0.07679397 0 0 0 0 1 0.076284945 0 0.9970861 36.965405 0 1 0 0 -0.9970861 0 0.076284945 0 0 0 0 1 0.07606959 0 0.9971025 36.965405 0 1 0 0 -0.9971025 0 0.07606959 0 0 0 0 1 0.075935245 0 0.99711275 36.965405 0 1 0 0 -0.99711275 0 0.075935245 0 0 0 0 1 0.0759359 0 0.99711263 36.965405 0 1 0 0 -0.99711263 0 0.0759359 0 0 0 0 1 0.07612598 0 0.9970982 36.965405 0 1 0 0 -0.9970982 0 0.07612598 0 0 0 0 1 0.07655972 0 0.997065 36.965405 0 1 0 0 -0.997065 0 0.07655972 0 0 0 0 1 0.07729149 0 0.99700856 36.965405 0 1 0 0 -0.99700856 0 0.07729149 0 0 0 0 1 0.07729149 0 0.99700856 36.965405 0 1 0 0 -0.99700856 0 0.07729149 0 0 0 0 1</float_array>
        <technique_common>
          <accessor source="#Motion_55_RLeg_transform_pose_array_id" count="86" stride="16">
            <param name="TRANSFORM" type="float4x4" />
          </accessor>
        </technique_common>
      </source>
      <sampler id="Motion_55_RLeg_transform_samp_id">
        <input semantic="INPUT" source="#Motion_55_RLeg_transform_frame_id" />
        <input semantic="INTERPOLATION" source="#Motion_55_RLeg_transform_interp_id" />
        <input semantic="OUTPUT" source="#Motion_55_RLeg_transform_pose_id" />
      </sampler>
      <channel source="#Motion_55_RLeg_transform_samp_id" target="RLeg_bone_id/transform" />
    </animation>
    <animation id="Motion_55_RFoot_transform_id" name="Motion_55_RFoot_transform">
      <source id="Motion_55_RFoot_transform_frame_id" name="Motion_55_RFoot_transform_frame">
        <float_array id="Motion_55_RFoot_transform_frame_array_id" count="86">0 0.033333335 0.06666667 0.1 0.13333334 0.16666667 0.2 0.23333333 0.26666668 0.3 0.33333334 0.36666667 0.4 0.43333334 0.46666667 0.5 0.53333336 0.56666666 0.6 0.6333333 0.6666667 0.7 0.73333335 0.76666665 0.8 0.8333333 0.8666667 0.9 0.93333334 0.96666664 1 1.0333333 1.0666667 1.1 1.1333333 1.1666666 1.2 1.2333333 1.2666667 1.3 1.3333334 1.3666667 1.4 1.4333333 1.4666667 1.5 1.5333333 1.5666667 1.6 1.6333333 1.6666666 1.7 1.7333333 1.7666667 1.8 1.8333334 1.8666667 1.9 1.9333333 1.9666667 2 2.0333333 2.0666666 2.1 2.1333334 2.1666667 2.2 2.2333333 2.2666667 2.3 2.3333333 2.3666666 2.4 2.4333334 2.4666667 2.5 2.5333333 2.5666666 2.6 2.6333334 2.6666667 2.7 2.7333333 2.7666667 2.8 2.8333333</float_array>
        <technique_common>
          <accessor source="#Motion_55_RFoot_transform_frame_array_id" count="86" stride="1">
            <param name="TIME" type="float" />
          </accessor>
        </technique_common>
      </source>
      <source id="Motion_55_RFoot_transform_interp_id" name="Motion_55_RFoot_transform_interp">
        <Name_array id="Motion_55_RFoot_transform_interp_array_id" count="86">LINEAR LINEAR LINEAR LINEAR LINEAR LINEAR LINEAR LINEAR LINEAR LINEAR LINEAR LINEAR LINEAR LINEAR LINEAR LINEAR LINEAR LINEAR LINEAR LINEAR LINEAR LINEAR LINEAR LINEAR LINEAR LINEAR LINEAR LINEAR LINEAR LINEAR LINEAR LINEAR LINEAR LINEAR LINEAR LINEAR LINEAR LINEAR LINEAR LINEAR LINEAR LINEAR LINEAR LINEAR LINEAR LINEAR LINEAR LINEAR LINEAR LINEAR LINEAR LINEAR LINEAR LINEAR LINEAR LINEAR LINEAR LINEAR LINEAR LINEAR LINEAR LINEAR LINEAR LINEAR LINEAR LINEAR LINEAR LINEAR LINEAR LINEAR LINEAR LINEAR LINEAR LINEAR LINEAR LINEAR LINEAR LINEAR LINEAR LINEAR LINEAR LINEAR LINEAR LINEAR LINEAR LINEAR</Name_array>
        <technique_common>
          <accessor source="#Motion_55_RFoot_transform_interp_array_id" count="86" stride="1">
            <param name="INTERPOLATION" type="Name" />
          </accessor>
        </technique_common>
      </source>
      <source id="Motion_55_RFoot_transform_pose_id" name="Motion_55_RFoot_transform_pose">
        <float_array id="Motion_55_RFoot_transform_pose_array_id" count="1376">0.55735284 0.18446153 -0.80952567 36.96541 -0.3688602 0.9285181 -0.04238209 0 0.74384135 0.32222357 0.5855527 0 0 0 0 1 0.56049955 0.18254822 -0.80778486 36.96541 -0.3648718 0.9300646 -0.04299271 0 0.7434439 0.3188353 0.58790755 0 0 0 0 1 0.5635977 0.1808272 -0.80601436 36.96541 -0.36100668 0.931551 -0.04343939 0 0.7429884 0.3154589 0.59029984 0 0 0 0 1 0.5665654 0.1792468 -0.80428493 36.96541 -0.3573196 0.93295527 -0.043785036 0 0.74251354 0.31219384 0.5926286 0 0 0 0 1 0.5693213 0.1777568 -0.8026679 36.96541 -0.3538655 0.9342564 -0.044093862 0 0.74205965 0.30914003 0.59479403 0 0 0 0 1 0.57178426 0.17630798 -0.80123544 36.96541 -0.3506992 0.93543357 -0.044431224 0 0.74166894 0.30639768 0.5966973 0 0 0 0 1 0.5738735 0.17485216 -0.8000599 36.96541 -0.34787568 0.93646663 -0.044863462 0 0.741385 0.30406734 0.59824026 0 0 0 0 1 0.5755088 0.17334136 -0.79921365 36.96541 -0.34544978 0.9373356 -0.04545763 0 0.7412517 0.30224943 0.5993256 0 0 0 0 1 0.5766089 0.1717279 -0.7987689 36.96541 -0.3434767 0.93802017 -0.046280578 0 0.7413137 0.3010443 0.5998553 0 0 0 0 1 0.5770863 0.17015511 -0.79876065 36.96541 -0.34183645 0.938582 -0.04702866 0 0.7417002 0.3001851 0.5998081 0 0 0 0 1 0.57685196 0.1687902 -0.79921937 36.96541 -0.34038663 0.9390926 -0.047350064 0 0.7425488 0.2993576 0.59917134 0 0 0 0 1 0.5758291 0.16759445 -0.8002081 36.96541 -0.33912224 0.9395548 -0.047253042 0 0.74391997 0.29857802 0.59785795 0 0 0 0 1 0.57395625 0.1664733 -0.80178607 36.96541 -0.33798197 0.9399895 -0.046775192 0 0.7458837 0.29783612 0.5957778 0 0 0 0 1 0.5713838 0.1653747 -0.8038481 36.96541 -0.33690214 0.94041514 -0.04600312 0 0.74834317 0.29710358 0.59305304 0 0 0 0 1 0.5684021 0.16427538 -0.806184 36.96541 -0.33581927 0.9408483 -0.04505445 0 0.7510955 0.29634118 0.589947 0 0 0 0 1 0.5651591 0.16312185 -0.80869424 36.96541 -0.3346702 0.9413068 -0.044014424 0 0.7540498 0.29552102 0.58658016 0 0 0 0 1 0.56180745 0.16175118 -0.81130075 36.96541 -0.33349305 0.9417634 -0.043174535 0 0.7570698 0.29481894 0.5830326 0 0 0 0 1 0.55850244 0.15996295 -0.81393296 36.96541 -0.33236167 0.9421762 -0.04289235 0 0.7600071 0.29447562 0.57937324 0 0 0 0 1 0.5553974 0.1576468 -0.81650555 36.96541 -0.33126783 0.94254035 -0.04335162 0 0.76275516 0.2945594 0.57570773 0 0 0 0 1 0.552647 0.15469174 -0.8189333 36.96541 -0.3302043 0.9428488 -0.044735625 0 0.7652101 0.2951383 0.5721425 0 0 0 0 1 0.5504066 0.15098643 -0.8211307 36.96541 -0.3291634 0.9430912 -0.04722724 0 0.7672705 0.29628038 0.5687828 0 0 0 0 1 0.5488318 0.14641967 -0.8230096 36.96541 -0.32813612 0.9432522 -0.051008947 0 0.768837 0.29805455 0.5657324 0 0 0 0 1 0.54768646 0.14124312 -0.8246757 36.96541 -0.3271764 0.94331896 -0.05572226 0 0.77006185 0.3003327 0.5628544 0 0 0 0 1 0.54660773 0.13598445 -0.8262737 36.96541 -0.32634172 0.9433047 -0.060641088 0 0.7711816 0.30279446 0.55999506 0 0 0 0 1 0.5455611 0.13094774 -0.8277775 36.96541 -0.3256254 0.9432345 -0.06539692 0 0.7722248 0.3052234 0.557232 0 0 0 0 1 0.54451346 0.12643833 -0.8291673 36.96541 -0.32501954 0.94314104 -0.06962205 0 0.7732188 0.30740574 0.5546479 0 0 0 0 1 0.54343295 0.1227625 -0.83042765 36.96541 -0.32451537 0.94306314 -0.07294982 0 0.7741902 0.30912986 0.5523299 0 0 0 0 1 0.5422882 0.12022716 -0.8315461 36.96541 -0.3241029 0.94304305 -0.07501421 0 0.775165 0.31018585 0.55036706 0 0 0 0 1 0.54104745 0.119139634 -0.8325103 36.96541 -0.32377127 0.9431222 -0.07544937 0 0.77616996 0.3103646 0.5488479 0 0 0 0 1 0.53969043 0.11950369 -0.83333856 36.96541 -0.32378745 0.9431973 -0.07443486 0 0.7771074 0.30999637 0.54772836 0 0 0 0 1 0.53855574 0.120857134 -0.83387727 36.96541 -0.32426113 0.9431679 -0.072725475 0 0.7776969 0.30956072 0.54713774 0 0 0 0 1 0.53802514 0.12280554 -0.833935 36.96541 -0.3249702 0.9430717 -0.07078213 0 0.77776814 0.30908662 0.5473045 0 0 0 0 1 0.53815234 0.12516083 -0.8335027 36.96541 -0.32595378 0.94287395 -0.068868294 0 0.77726835 0.30874503 0.54820645 0 0 0 0 1 0.5389893 0.12773547 -0.8325708 36.96541 -0.32725143 0.9425413 -0.067248404 0 0.77614236 0.30870616 0.5498213 0 0 0 0 1 0.5405866 0.1303433 -0.8311298 36.96541 -0.3289014 0.94204193 -0.06618804 0 0.7743319 0.30914015 0.55212533 0 0 0 0 1 0.54299355 0.13280031 -0.8291695 36.96541 -0.33093983 0.94134414 -0.06595442 0 0.7717751 0.31021804 0.55509275 0 0 0 0 1 0.5462488 0.13516596 -0.8266453 36.96541 -0.33317816 0.94052446 -0.066378266 0 0.768508 0.3116792 0.5587946 0 0 0 0 1 0.55014443 0.13753192 -0.8236662 36.96541 -0.33535367 0.9397009 -0.067083105 0 0.76477385 0.3131249 0.56309307 0 0 0 0 1 0.55435085 0.13985713 -0.82044816 36.96541 -0.33747745 0.9388759 -0.067978 0 0.7607918 0.3145664 0.56766534 0 0 0 0 1 0.558722 0.14216588 -0.8170793 36.96541 -0.33958548 0.9380411 -0.0689975 0 0.75664485 0.31601867 0.5723817 0 0 0 0 1 0.56313705 0.14440393 -0.81364864 36.96541 -0.3416371 0.93721265 -0.0701179 0 0.75243646 0.31745857 0.5771129 0 0 0 0 1 0.5674779 0.14651617 -0.81024796 36.96541 -0.34359232 0.93640727 -0.07131426 0 0.74827343 0.3188643 0.5817323 0 0 0 0 1 0.57162917 0.1484466 -0.8069719 36.96541 -0.3454113 0.935642 -0.07256048 0 0.74426544 0.3202149 0.58611536 0 0 0 0 1 0.57547796 0.15013845 -0.80391765 36.96541 -0.34705478 0.9349343 -0.073829435 0 0.7405256 0.32149065 0.59014034 0 0 0 0 1 0.57891375 0.15153435 -0.8011843 36.96541 -0.34848407 0.9343018 -0.075093105 0 0.7371688 0.32267237 0.5936874 0 0 0 0 1 0.5818275 0.15257627 -0.7988724 36.96541 -0.34966093 0.9337623 -0.07632304 0 0.7343119 0.32374135 0.59663856 0 0 0 0 1 0.58411086 0.15320602 -0.7970837 36.96541 -0.35054764 0.9333336 -0.07749046 0 0.732073 0.32467884 0.59887636 0 0 0 0 1 0.5856552 0.1533652 -0.79591906 36.96541 -0.35110694 0.93303335 -0.07856673 0 0.7305696 0.3254657 0.6002834 0 0 0 0 1 0.58643436 0.15301496 -0.79541254 36.96541 -0.35130018 0.9328778 -0.07954391 0 0.72985125 0.32607585 0.6008258 0 0 0 0 1 0.58654666 0.15214631 -0.79549634 36.96541 -0.3510864 0.93288094 -0.08044562 0 0.7298639 0.3264731 0.60059476 0 0 0 0 1 0.5860051 0.15095218 -0.7961227 36.96541 -0.35062802 0.9329893 -0.081184745 0 0.730519 0.32671762 0.59966457 0 0 0 0 1 0.5848074 0.14983821 -0.79721314 36.96541 -0.34993348 0.93324053 -0.081293926 0 0.7318106 0.32651287 0.59819937 0 0 0 0 1 0.5830112 0.14899866 -0.7986847 36.96541 -0.34882993 0.9337274 -0.08044182 0 0.7337681 0.32550365 0.59634876 0 0 0 0 1 0.5806817 0.14842913 -0.80048585 36.96541 -0.3473228 0.93443865 -0.07868478 0 0.73632574 0.3237178 0.5941642 0 0 0 0 1 0.5778831 0.1481262 -0.80256444 36.96541 -0.34541583 0.9353608 -0.076079324 0 0.73941797 0.32118344 0.59169436 0 0 0 0 1 0.574681 0.14808713 -0.8048677 36.96541 -0.34311187 0.93647826 -0.072682135 0 0.7429778 0.3179287 0.5889867 0 0 0 0 1 0.57114637 0.14814676 -0.80736876 36.96541 -0.34056103 0.93769765 -0.068857424 0 0.7468667 0.314286 0.58601564 0 0 0 0 1 0.5673552 0.14804713 -0.8100556 36.96541 -0.33799994 0.9388892 -0.06513895 0 0.75090885 0.31075567 0.5827236 0 0 0 0 1 0.56337893 0.14764345 -0.8128995 36.96541 -0.3355641 0.93998563 -0.06183669 0 0.754984 0.3076174 0.57911193 0 0 0 0 1 0.5592899 0.14678787 -0.81587267 36.96541 -0.33339375 0.94092345 -0.059258774 0 0.75897527 0.30514967 0.5751871 0 0 0 0 1 0.5551619 0.1453288 -0.8189473 36.96541 -0.33163315 0.94164157 -0.0577112 0 0.7627678 0.30362916 0.5709594 0 0 0 0 1 0.55105877 0.14342201 -0.82204884 36.96541 -0.33014497 0.9422122 -0.056925215 0 0.76638013 0.30276445 0.5665644 0 0 0 0 1 0.54703957 0.1413904 -0.8250797 36.96541 -0.32863677 0.94277495 -0.056331508 0 0.7698997 0.30196708 0.56220126 0 0 0 0 1 0.5430486 0.13945147 -0.8280408 36.96541 -0.32715726 0.9433275 -0.055690363 0 0.77334756 0.3011421 0.5578952 0 0 0 0 1 0.53908163 0.1378986 -0.83088803 36.96541 -0.32581288 0.94384813 -0.05474192 0 0.77668333 0.3002244 0.5537403 0 0 0 0 1 0.53528476 0.13694349 -0.8334967 36.96541 -0.32460314 0.94434685 -0.05330909 0 0.7798096 0.2990912 0.5499467 0 0 0 0 1 0.53181267 0.13662574 -0.8357683 36.96541 -0.3236855 0.94476086 -0.05152314 0 0.7825617 0.29792675 0.5466596 0 0 0 0 1 0.5288249 0.13688695 -0.8376193 36.96541 -0.3233084 0.9449884 -0.049684808 0 0.7847394 0.2970839 0.54399014 0 0 0 0 1 0.5264765 0.13779175 -0.83894926 36.96541 -0.3236072 0.9449798 -0.047870815 0 0.7861939 0.2966929 0.5421001 0 0 0 0 1 0.52492 0.13940492 -0.83965784 36.96541 -0.3247184 0.94468373 -0.04615885 0 0.78677636 0.29688203 0.5411507 0 0 0 0 1 0.524304 0.1417925 -0.8396429 36.96541 -0.32677856 0.9440466 -0.044629157 0 0.7863339 0.29777655 0.54130214 0 0 0 0 1 0.52455586 0.14498067 -0.83894086 36.96541 -0.3299229 0.9430133 -0.04332164 0 0.78485155 0.29951045 0.5424956 0 0 0 0 1 0.5254357 0.14880326 -0.8377201 36.96541 -0.3341317 0.94157565 -0.04232341 0 0.782479 0.30214706 0.5444573 0 0 0 0 1 0.5268624 0.15308645 -0.8360505 36.96541 -0.3390679 0.93984246 -0.04158236 0 0.7793901 0.30538613 0.5470743 0 0 0 0 1 0.5287365 0.1577757 -0.83399314 36.96541 -0.344406 0.9379291 -0.040908724 0 0.77577204 0.30886218 0.55025625 0 0 0 0 1 0.5309677 0.16269454 -0.8316272 36.96541 -0.34993252 0.9359065 -0.040325776 0 0.7717646 0.31242508 0.5538683 0 0 0 0 1 0.53347176 0.16766517 -0.8290333 36.96541 -0.35543472 0.93385106 -0.03985375 0 0.76751155 0.3159281 0.5577772 0 0 0 0 1 0.53617084 0.1725082 -0.82629395 36.96541 -0.36070055 0.9318445 -0.039509296 0 0.7631618 0.3192284 0.5618516 0 0 0 0 1 0.53899366 0.17704237 -0.8234937 36.96541 -0.36551875 0.9299737 -0.03930515 0 0.7588688 0.3221876 0.5659622 0 0 0 0 1 0.5418757 0.18108454 -0.82071865 36.96541 -0.36967847 0.92833036 -0.03925036 0 0.7547904 0.32467085 0.5699827 0 0 0 0 1 0.54475707 0.18444991 -0.8180575 36.96541 -0.3729695 0.92700875 -0.039350644 0 0.7510882 0.32654703 0.57378876 0 0 0 0 1 0.54758114 0.18695192 -0.81560034 36.96541 -0.37518138 0.9261048 -0.039609104 0 0.7479264 0.32768726 0.57725835 0 0 0 0 1 0.55029225 0.18840277 -0.8134389 36.96541 -0.37610316 0.9257128 -0.040027335 0 0.74546957 0.3279637 0.5802715 0 0 0 0 1 0.5528318 0.18861352 -0.8116661 36.96541 -0.3755225 0.9259233 -0.040606737 0 0.7438815 0.32724762 0.5827085 0 0 0 0 1 0.5552289 0.18712446 -0.81037354 36.96541 -0.37295827 0.9269197 -0.041496754 0 0.74338615 0.32527572 0.5844422 0 0 0 0 1 0.5552289 0.18712446 -0.81037354 36.96541 -0.37295827 0.9269197 -0.041496754 0 0.74338615 0.32527572 0.5844422 0 0 0 0 1</float_array>
        <technique_common>
          <accessor source="#Motion_55_RFoot_transform_pose_array_id" count="86" stride="16">
            <param name="TRANSFORM" type="float4x4" />
          </accessor>
        </technique_common>
      </source>
      <sampler id="Motion_55_RFoot_transform_samp_id">
        <input semantic="INPUT" source="#Motion_55_RFoot_transform_frame_id" />
        <input semantic="INTERPOLATION" source="#Motion_55_RFoot_transform_interp_id" />
        <input semantic="OUTPUT" source="#Motion_55_RFoot_transform_pose_id" />
      </sampler>
      <channel source="#Motion_55_RFoot_transform_samp_id" target="RFoot_bone_id/transform" />
    </animation>
    <animation id="Motion_55_LThigh_transform_id" name="Motion_55_LThigh_transform">
      <source id="Motion_55_LThigh_transform_frame_id" name="Motion_55_LThigh_transform_frame">
        <float_array id="Motion_55_LThigh_transform_frame_array_id" count="86">0 0.033333335 0.06666667 0.1 0.13333334 0.16666667 0.2 0.23333333 0.26666668 0.3 0.33333334 0.36666667 0.4 0.43333334 0.46666667 0.5 0.53333336 0.56666666 0.6 0.6333333 0.6666667 0.7 0.73333335 0.76666665 0.8 0.8333333 0.8666667 0.9 0.93333334 0.96666664 1 1.0333333 1.0666667 1.1 1.1333333 1.1666666 1.2 1.2333333 1.2666667 1.3 1.3333334 1.3666667 1.4 1.4333333 1.4666667 1.5 1.5333333 1.5666667 1.6 1.6333333 1.6666666 1.7 1.7333333 1.7666667 1.8 1.8333334 1.8666667 1.9 1.9333333 1.9666667 2 2.0333333 2.0666666 2.1 2.1333334 2.1666667 2.2 2.2333333 2.2666667 2.3 2.3333333 2.3666666 2.4 2.4333334 2.4666667 2.5 2.5333333 2.5666666 2.6 2.6333334 2.6666667 2.7 2.7333333 2.7666667 2.8 2.8333333</float_array>
        <technique_common>
          <accessor source="#Motion_55_LThigh_transform_frame_array_id" count="86" stride="1">
            <param name="TIME" type="float" />
          </accessor>
        </technique_common>
      </source>
      <source id="Motion_55_LThigh_transform_interp_id" name="Motion_55_LThigh_transform_interp">
        <Name_array id="Motion_55_LThigh_transform_interp_array_id" count="86">LINEAR LINEAR LINEAR LINEAR LINEAR LINEAR LINEAR LINEAR LINEAR LINEAR LINEAR LINEAR LINEAR LINEAR LINEAR LINEAR LINEAR LINEAR LINEAR LINEAR LINEAR LINEAR LINEAR LINEAR LINEAR LINEAR LINEAR LINEAR LINEAR LINEAR LINEAR LINEAR LINEAR LINEAR LINEAR LINEAR LINEAR LINEAR LINEAR LINEAR LINEAR LINEAR LINEAR LINEAR LINEAR LINEAR LINEAR LINEAR LINEAR LINEAR LINEAR LINEAR LINEAR LINEAR LINEAR LINEAR LINEAR LINEAR LINEAR LINEAR LINEAR LINEAR LINEAR LINEAR LINEAR LINEAR LINEAR LINEAR LINEAR LINEAR LINEAR LINEAR LINEAR LINEAR LINEAR LINEAR LINEAR LINEAR LINEAR LINEAR LINEAR LINEAR LINEAR LINEAR LINEAR LINEAR</Name_array>
        <technique_common>
          <accessor source="#Motion_55_LThigh_transform_interp_array_id" count="86" stride="1">
            <param name="INTERPOLATION" type="Name" />
          </accessor>
        </technique_common>
      </source>
      <source id="Motion_55_LThigh_transform_pose_id" name="Motion_55_LThigh_transform_pose">
        <float_array id="Motion_55_LThigh_transform_pose_array_id" count="1376">-0.012588859 -0.24069843 -0.97051835 11.461266 -0.09892575 0.96613336 -0.23832771 7.851056 0.99501526 0.09300899 -0.035973787 0 0 0 0 1 -0.013818741 -0.24086156 -0.97046113 11.461266 -0.10013801 0.96600777 -0.2383304 7.851056 0.9948776 0.09388664 -0.037468433 0 0 0 0 1 -0.014995217 -0.24106425 -0.9703933 11.461266 -0.101587735 0.9658478 -0.23836526 7.851056 0.99471354 0.09500572 -0.03897226 0 0 0 0 1 -0.016070247 -0.24129367 -0.9703191 11.461266 -0.10317901 0.9656638 -0.23842718 7.851056 0.994533 0.09628497 -0.04041481 0 0 0 0 1 -0.016994596 -0.24153638 -0.9702429 11.461266 -0.10481576 0.96546674 -0.23851141 7.851056 0.99434644 0.097643316 -0.041724563 0 0 0 0 1 -0.017719865 -0.24177885 -0.9701696 11.461266 -0.106402256 0.96526784 -0.23861384 7.851056 0.99416524 0.09900003 -0.04283023 0 0 0 0 1 -0.018196702 -0.24200706 -0.97010386 11.461266 -0.1078427 0.96507907 -0.23873068 7.851056 0.9940014 0.10027449 -0.043660045 0 0 0 0 1 -0.01837647 -0.24220702 -0.9700505 11.461266 -0.109041534 0.9649127 -0.23885852 7.851056 0.99386734 0.10138643 -0.044142365 0 0 0 0 1 -0.018210292 -0.24236466 -0.97001433 11.461266 -0.10990317 0.9647814 -0.23899394 7.851056 0.9937755 0.10225549 -0.044205666 0 0 0 0 1 -0.017649055 -0.24246599 -0.9699994 11.461266 -0.11033188 0.96469796 -0.23913336 7.851056 0.9937381 0.10280139 -0.043777704 0 0 0 0 1 -0.016707063 -0.24249868 -0.9700079 11.461266 -0.11023854 0.9646755 -0.2392669 7.851056 0.99376476 0.10293481 -0.04284954 0 0 0 0 1 -0.0155313015 -0.24245352 -0.97003865 11.461266 -0.10954795 0.96472806 -0.23937216 7.851056 0.9938601 0.10254797 -0.041543722 0 0 0 0 1 -0.014260411 -0.2424685 -0.9700545 11.461266 -0.10833519 0.9648167 -0.23956671 7.851056 0.99401224 0.10167473 -0.040026546 0 0 0 0 1 -0.013027906 -0.24274835 -0.97000176 11.461266 -0.10674355 0.9648783 -0.24003252 7.851056 0.9942011 0.10041431 -0.03848219 0 0 0 0 1 -0.011959314 -0.24322335 -0.9698965 11.461266 -0.10496311 0.96491253 -0.24067923 7.851056 0.99440414 0.09892499 -0.0370692 0 0 0 0 1 -0.011169314 -0.24373826 -0.9697767 11.461266 -0.10327006 0.9649324 -0.24133131 7.851056 0.9945906 0.097453415 -0.035948515 0 0 0 0 1 -0.0107854605 -0.24425575 -0.96965086 11.461266 -0.101821356 0.96493506 -0.24193528 7.851056 0.9947442 0.09612178 -0.035277724 0 0 0 0 1 -0.010934472 -0.2447381 -0.96952754 11.461266 -0.10077409 0.9649188 -0.24243817 7.851056 0.99484926 0.09505233 -0.035214067 0 0 0 0 1 -0.01174283 -0.24514762 -0.96941453 11.461266 -0.10028543 0.96488214 -0.24278662 7.851056 0.9948893 0.09436714 -0.035915136 0 0 0 0 1 -0.013337612 -0.2454476 -0.96931803 11.461266 -0.10051209 0.96482337 -0.24292642 7.851056 0.99484634 0.09418812 -0.037538886 0 0 0 0 1 -0.015845418 -0.24560288 -0.9692411 11.461266 -0.10160955 0.9647399 -0.24280119 7.851056 0.9946982 0.09463689 -0.040242314 0 0 0 0 1 -0.019059896 -0.24542724 -0.9692277 11.461266 -0.10354142 0.96467596 -0.24223852 7.851056 0.9944426 0.09573817 -0.043798447 0 0 0 0 1 -0.022473454 -0.24486855 -0.9692958 11.461266 -0.10596811 0.9646624 -0.24124113 7.851056 0.99411553 0.09729291 -0.04762757 0 0 0 0 1 -0.025765896 -0.24414241 -0.969397 11.461266 -0.108540505 0.9646693 -0.24006683 7.851056 0.993758 0.099033326 -0.051354885 0 0 0 0 1 -0.028600216 -0.24333653 -0.9695202 11.461266 -0.111038476 0.9646875 -0.23884803 7.851056 0.9934045 0.100822926 -0.054610014 0 0 0 0 1 -0.030638933 -0.24253593 -0.96965843 11.461266 -0.11324437 0.96470976 -0.2377199 7.851056 0.9930946 0.102524884 -0.057023525 0 0 0 0 1 -0.031543136 -0.24182394 -0.96980745 11.461266 -0.114942335 0.96473044 -0.2368195 7.851056 0.99287134 0.10400191 -0.058226466 0 0 0 0 1 -0.031390667 -0.2412912 -0.96994513 11.461266 -0.11596029 0.9647493 -0.23624584 7.851056 0.99275786 0.105059214 -0.058264375 0 0 0 0 1 -0.03062272 -0.24103746 -0.9700326 11.461266 -0.11616236 0.9647698 -0.23606265 7.851056 0.99275804 0.10545239 -0.057543397 0 0 0 0 1 -0.029423594 -0.24095505 -0.9700902 11.461266 -0.11559346 0.96481925 -0.2361398 7.851056 0.99286073 0.10518801 -0.056241274 0 0 0 0 1 -0.027964473 -0.24081041 -0.97016925 11.461266 -0.11442636 0.96494013 -0.2362142 7.851056 0.9930381 0.104407325 -0.054539084 0 0 0 0 1 -0.026417494 -0.24068175 -0.9702444 11.461266 -0.11286487 0.96509534 -0.23633137 7.851056 0.99325895 0.10326322 -0.05265987 0 0 0 0 1 -0.024955034 -0.24066544 -0.9702874 11.461266 -0.111132264 0.96524143 -0.23655567 7.851056 0.9934923 0.10192701 -0.050833225 0 0 0 0 1 -0.0237602 -0.24069585 -0.97030956 11.461266 -0.10928734 0.96539223 -0.23679984 7.851056 0.9937261 0.1004161 -0.049242973 0 0 0 0 1 -0.023017764 -0.2407068 -0.970325 11.461266 -0.10738958 0.9655615 -0.2369777 7.851056 0.9939506 0.098748095 -0.048074484 0 0 0 0 1 -0.022910714 -0.2406309 -0.97034633 11.461266 -0.10549872 0.96576357 -0.23700356 7.851056 0.9941555 0.096940376 -0.04751265 0 0 0 0 1 -0.023270011 -0.24039483 -0.9703962 11.461266 -0.10363742 0.96600944 -0.23682287 7.851056 0.99434286 0.09505847 -0.047392964 0 0 0 0 1 -0.023781538 -0.23992375 -0.97050035 11.461266 -0.10181255 0.96630883 -0.23639265 7.851056 0.99451923 0.093187325 -0.047407627 0 0 0 0 1 -0.024413943 -0.23939773 -0.97061455 11.461266 -0.1000789 0.9666119 -0.2358932 7.851056 0.9946799 0.09137894 -0.047557473 0 0 0 0 1 -0.025139213 -0.23902774 -0.97068727 11.461266 -0.0984687 0.96686435 -0.23553617 7.851056 0.9948226 0.089661136 -0.04784298 0 0 0 0 1 -0.025927544 -0.23878986 -0.97072494 11.461266 -0.09698454 0.96707165 -0.23530072 7.851056 0.994948 0.088044524 -0.048232675 0 0 0 0 1 -0.026749969 -0.23866041 -0.9707346 11.461266 -0.09562887 0.96723944 -0.23516592 7.851056 0.9950576 0.0865396 -0.0486964 0 0 0 0 1 -0.027575493 -0.23861569 -0.9707225 11.461266 -0.09440407 0.9673732 -0.23511064 7.851056 0.99515194 0.08515686 -0.049202085 0 0 0 0 1 -0.028375149 -0.23863223 -0.9706954 11.461266 -0.09331256 0.96747833 -0.23511368 7.851056 0.99523246 0.08390669 -0.04971969 0 0 0 0 1 -0.029118419 -0.2386865 -0.97066003 11.461266 -0.092356555 0.96756035 -0.23515373 7.851056 0.9953001 0.082799524 -0.050218105 0 0 0 0 1 -0.02977562 -0.23875521 -0.9706232 11.461266 -0.091538385 0.96762455 -0.2352095 7.851056 0.99535626 0.08184577 -0.05066693 0 0 0 0 1 -0.030316472 -0.238815 -0.9705918 11.461266 -0.09086017 0.9676763 -0.23525962 7.851056 0.9954021 0.08105591 -0.051035285 0 0 0 0 1 -0.030710936 -0.23884249 -0.97057253 11.461266 -0.09032405 0.96772087 -0.23528267 7.851056 0.99543875 0.0804403 -0.051292777 0 0 0 0 1 -0.030929327 -0.23881441 -0.9705726 11.461266 -0.08993223 0.9677635 -0.23525734 7.851056 0.99546754 0.080009416 -0.051409364 0 0 0 0 1 -0.030940533 -0.23870727 -0.97059846 11.461266 -0.089686744 0.9678094 -0.23516229 7.851056 0.99548924 0.07977375 -0.051353455 0 0 0 0 1 -0.030715823 -0.23849766 -0.9706571 11.461266 -0.08958991 0.96786356 -0.23497622 7.851056 0.99550486 0.07974358 -0.051095724 0 0 0 0 1 -0.030224323 -0.23816188 -0.970755 11.461266 -0.08964403 0.9679309 -0.23467793 7.851056 0.9955151 0.0799294 -0.05060494 0 0 0 0 1 -0.029403806 -0.23784716 -0.9708573 11.461266 -0.090237334 0.9679431 -0.23440021 7.851056 0.9954861 0.080715306 -0.049923897 0 0 0 0 1 -0.028205276 -0.23769337 -0.9709307 11.461266 -0.09161729 0.9678435 -0.23427615 7.851056 0.9953948 0.08234624 -0.049075127 0 0 0 0 1 -0.026619315 -0.23766485 -0.9709824 11.461266 -0.09357508 0.96765405 -0.23428483 7.851056 0.99525625 0.08462326 -0.047997832 0 0 0 0 1 -0.024844527 -0.2377283 -0.97101396 11.461266 -0.095923804 0.9673988 -0.23438892 7.851056 0.9950786 0.08732006 -0.046838403 0 0 0 0 1 -0.02309978 -0.23785196 -0.9710267 11.461266 -0.09847863 0.9671034 -0.23454824 7.851056 0.9948711 0.09020736 -0.045763135 0 0 0 0 1 -0.021406889 -0.23800302 -0.9710285 11.461266 -0.10103384 0.96679384 -0.23473772 7.851056 0.9946527 0.09308171 -0.044742465 0 0 0 0 1 -0.019786835 -0.2381494 -0.97102696 11.461266 -0.1033838 0.9664982 -0.23493204 7.851056 0.99444467 0.0957399 -0.043744802 0 0 0 0 1 -0.018260837 -0.23825978 -0.9710299 11.461266 -0.10532309 0.9662466 -0.23510548 7.851056 0.99427044 0.09797865 -0.042738795 0 0 0 0 1 -0.016848564 -0.23830315 -0.9710446 11.461266 -0.10664619 0.96607065 -0.23523204 7.851056 0.99415416 0.09959485 -0.041691065 0 0 0 0 1 -0.015571594 -0.23824918 -0.97107923 11.461266 -0.10714772 0.96600217 -0.2352854 7.851056 0.9941212 0.10038517 -0.04057002 0 0 0 0 1 -0.014405251 -0.23823985 -0.9710995 11.461266 -0.10714174 0.9659764 -0.23539364 7.851056 0.99413943 0.10065436 -0.039440632 0 0 0 0 1 -0.013313532 -0.23841526 -0.971072 11.461266 -0.10707773 0.96591353 -0.23568068 7.851056 0.9941614 0.10084243 -0.03838873 0 0 0 0 1 -0.012299538 -0.23874247 -0.97100496 11.461266 -0.10695351 0.9658216 -0.23611325 7.851056 0.99418783 0.1009483 -0.037413478 0 0 0 0 1 -0.011365533 -0.23918834 -0.9709067 11.461266 -0.1067669 0.965709 -0.23665804 7.851056 0.9942191 0.100970946 -0.03651321 0 0 0 0 1 -0.010514259 -0.23971978 -0.97078514 11.461266 -0.10651585 0.9655836 -0.23728171 7.851056 0.9942554 0.10090915 -0.035686374 0 0 0 0 1 -0.00974834 -0.24030358 -0.97064877 11.461266 -0.10619832 0.9654539 -0.23795089 7.851056 0.99429715 0.100761645 -0.03493142 0 0 0 0 1 -0.009070396 -0.2409066 -0.970506 11.461266 -0.10581255 0.9653281 -0.23863238 7.851056 0.9943448 0.10052723 -0.034246802 0 0 0 0 1 -0.008482695 -0.24149555 -0.9703648 11.461266 -0.105356544 0.9652145 -0.23929274 7.851056 0.99439824 0.10020441 -0.033630848 0 0 0 0 1 -0.007988572 -0.24203733 -0.9702341 11.461266 -0.104828596 0.9651215 -0.23989883 7.851056 0.99445826 0.09979183 -0.033082366 0 0 0 0 1 -0.007589817 -0.2424987 -0.97012216 11.461266 -0.104226924 0.9650576 -0.24041735 7.851056 0.99452466 0.09928815 -0.03259945 0 0 0 0 1 -0.0072886944 -0.24284633 -0.97003746 11.461266 -0.103549674 0.9650314 -0.24081501 7.851056 0.9945977 0.09869181 -0.032180548 0 0 0 0 1 -0.007088065 -0.243047 -0.96998864 11.461266 -0.1027951 0.96505123 -0.2410587 7.851056 0.99467736 0.09800146 -0.03182435 0 0 0 0 1 -0.006990075 -0.24306746 -0.9699843 11.461266 -0.10196145 0.96512556 -0.24111515 7.851056 0.99476385 0.097215585 -0.031529784 0 0 0 0 1 -0.006994605 -0.24296841 -0.97000897 11.461266 -0.101087876 0.9652353 -0.24104375 7.851056 0.9948529 0.09637013 -0.031312585 0 0 0 0 1 -0.0071007013 -0.24283537 -0.9700416 11.461266 -0.10023747 0.9653529 -0.24092789 7.851056 0.9949382 0.09552373 -0.031195879 0 0 0 0 1 -0.0073076487 -0.24267185 -0.9700809 11.461266 -0.09944374 0.9654743 -0.24077034 7.851056 0.9950164 0.09470901 -0.031187534 0 0 0 0 1 -0.007615328 -0.2424815 -0.9701263 11.461266 -0.0987404 0.9655954 -0.24057394 7.851056 0.99508417 0.09395861 -0.031296015 0 0 0 0 1 -0.008023262 -0.242268 -0.97017616 11.461266 -0.09816107 0.96571237 -0.24034153 7.851056 0.9951381 0.093305215 -0.031529427 0 0 0 0 1 -0.008531451 -0.24203506 -0.9702301 11.461266 -0.097739376 0.9658212 -0.2400758 7.851056 0.9951756 0.09278149 -0.031896234 0 0 0 0 1 -0.009139299 -0.24178639 -0.9702864 11.461266 -0.09750888 0.9659181 -0.2397794 7.851056 0.9951927 0.092420146 -0.032404065 0 0 0 0 1 -0.009846926 -0.24152598 -0.97034436 11.461266 -0.09750321 0.9659992 -0.23945498 7.851056 0.9951865 0.09225378 -0.033061624 0 0 0 0 1 -0.010653973 -0.24125779 -0.9704026 11.461266 -0.09775577 0.96606034 -0.23910499 7.851056 0.9951534 0.09231504 -0.033876657 0 0 0 0 1 -0.011560321 -0.2409859 -0.97045976 11.461266 -0.09830009 0.9660975 -0.23873168 7.851056 0.9950897 0.092636466 -0.034857273 0 0 0 0 1 -0.011560321 -0.2409859 -0.97045976 11.461266 -0.09830009 0.9660975 -0.23873168 7.851056 0.9950897 0.092636466 -0.034857273 0 0 0 0 1</float_array>
        <technique_common>
          <accessor source="#Motion_55_LThigh_transform_pose_array_id" count="86" stride="16">
            <param name="TRANSFORM" type="float4x4" />
          </accessor>
        </technique_common>
      </source>
      <sampler id="Motion_55_LThigh_transform_samp_id">
        <input semantic="INPUT" source="#Motion_55_LThigh_transform_frame_id" />
        <input semantic="INTERPOLATION" source="#Motion_55_LThigh_transform_interp_id" />
        <input semantic="OUTPUT" source="#Motion_55_LThigh_transform_pose_id" />
      </sampler>
      <channel source="#Motion_55_LThigh_transform_samp_id" target="LThigh_bone_id/transform" />
    </animation>
    <animation id="Motion_55_LLeg_transform_id" name="Motion_55_LLeg_transform">
      <source id="Motion_55_LLeg_transform_frame_id" name="Motion_55_LLeg_transform_frame">
        <float_array id="Motion_55_LLeg_transform_frame_array_id" count="86">0 0.033333335 0.06666667 0.1 0.13333334 0.16666667 0.2 0.23333333 0.26666668 0.3 0.33333334 0.36666667 0.4 0.43333334 0.46666667 0.5 0.53333336 0.56666666 0.6 0.6333333 0.6666667 0.7 0.73333335 0.76666665 0.8 0.8333333 0.8666667 0.9 0.93333334 0.96666664 1 1.0333333 1.0666667 1.1 1.1333333 1.1666666 1.2 1.2333333 1.2666667 1.3 1.3333334 1.3666667 1.4 1.4333333 1.4666667 1.5 1.5333333 1.5666667 1.6 1.6333333 1.6666666 1.7 1.7333333 1.7666667 1.8 1.8333334 1.8666667 1.9 1.9333333 1.9666667 2 2.0333333 2.0666666 2.1 2.1333334 2.1666667 2.2 2.2333333 2.2666667 2.3 2.3333333 2.3666666 2.4 2.4333334 2.4666667 2.5 2.5333333 2.5666666 2.6 2.6333334 2.6666667 2.7 2.7333333 2.7666667 2.8 2.8333333</float_array>
        <technique_common>
          <accessor source="#Motion_55_LLeg_transform_frame_array_id" count="86" stride="1">
            <param name="TIME" type="float" />
          </accessor>
        </technique_common>
      </source>
      <source id="Motion_55_LLeg_transform_interp_id" name="Motion_55_LLeg_transform_interp">
        <Name_array id="Motion_55_LLeg_transform_interp_array_id" count="86">LINEAR LINEAR LINEAR LINEAR LINEAR LINEAR LINEAR LINEAR LINEAR LINEAR LINEAR LINEAR LINEAR LINEAR LINEAR LINEAR LINEAR LINEAR LINEAR LINEAR LINEAR LINEAR LINEAR LINEAR LINEAR LINEAR LINEAR LINEAR LINEAR LINEAR LINEAR LINEAR LINEAR LINEAR LINEAR LINEAR LINEAR LINEAR LINEAR LINEAR LINEAR LINEAR LINEAR LINEAR LINEAR LINEAR LINEAR LINEAR LINEAR LINEAR LINEAR LINEAR LINEAR LINEAR LINEAR LINEAR LINEAR LINEAR LINEAR LINEAR LINEAR LINEAR LINEAR LINEAR LINEAR LINEAR LINEAR LINEAR LINEAR LINEAR LINEAR LINEAR LINEAR LINEAR LINEAR LINEAR LINEAR LINEAR LINEAR LINEAR LINEAR LINEAR LINEAR LINEAR LINEAR LINEAR</Name_array>
        <technique_common>
          <accessor source="#Motion_55_LLeg_transform_interp_array_id" count="86" stride="1">
            <param name="INTERPOLATION" type="Name" />
          </accessor>
        </technique_common>
      </source>
      <source id="Motion_55_LLeg_transform_pose_id" name="Motion_55_LLeg_transform_pose">
        <float_array id="Motion_55_LLeg_transform_pose_array_id" count="1376">-0.12545562 -3.8754462E-07 0.99209917 36.965405 -6.8024593E-07 1 3.0461052E-07 0 -0.99209917 -6.3665635E-07 -0.12545562 0 0 0 0 1 -0.12489581 -3.8739753E-07 0.9921699 36.965405 -6.802171E-07 1 3.0482818E-07 0 -0.9921699 -6.368192E-07 -0.12489581 0 0 0 0 1 -0.12426758 -3.8723226E-07 0.9922487 36.965405 -6.801845E-07 1 3.050721E-07 0 -0.9922487 -6.370017E-07 -0.12426758 0 0 0 0 1 -0.12361586 -3.8706085E-07 0.99233013 36.965405 -6.801507E-07 1 3.0532524E-07 0 -0.99233013 -6.3719096E-07 -0.12361586 0 0 0 0 1 -0.12298584 -3.8689507E-07 0.9924084 36.965405 -6.8011786E-07 1 3.0556993E-07 0 -0.9924084 -6.373739E-07 -0.12298584 0 0 0 0 1 -0.12242246 -3.8674668E-07 0.9924781 36.965405 -6.800883E-07 1 3.0578875E-07 0 -0.9924781 -6.3753737E-07 -0.12242246 0 0 0 0 1 -0.121970415 -3.866276E-07 0.99253374 36.965405 -6.8006466E-07 1 3.0596425E-07 0 -0.99253374 -6.376685E-07 -0.121970415 0 0 0 0 1 -0.12167513 -3.865498E-07 0.99257 36.965405 -6.800491E-07 1 3.060789E-07 0 -0.99257 -6.377541E-07 -0.12167513 0 0 0 0 1 -0.121581316 -3.8652504E-07 0.99258155 36.965405 -6.800442E-07 1 3.0611534E-07 0 -0.99258155 -6.3778134E-07 -0.121581316 0 0 0 0 1 -0.12173402 -3.8656532E-07 0.9925627 36.965405 -6.800522E-07 1 3.06056E-07 0 -0.9925627 -6.3773706E-07 -0.12173402 0 0 0 0 1 -0.12217808 -3.866823E-07 0.9925082 36.965405 -6.800755E-07 1 3.058836E-07 0 -0.9925082 -6.3760825E-07 -0.12217808 0 0 0 0 1 -0.12295866 -3.868879E-07 0.9924118 36.965405 -6.801164E-07 1 3.0558044E-07 0 -0.9924118 -6.3738173E-07 -0.12295866 0 0 0 0 1 -0.12412059 -3.8719364E-07 0.9922672 36.965405 -6.80177E-07 1 3.0512922E-07 0 -0.9922672 -6.370444E-07 -0.12412059 0 0 0 0 1 -0.12570834 -3.8761107E-07 0.9920673 36.965405 -6.8025906E-07 1 3.0451244E-07 0 -0.9920673 -6.3658297E-07 -0.12570834 0 0 0 0 1 -0.12748277 -3.8807698E-07 0.99184084 36.965405 -6.803501E-07 1 3.0382307E-07 0 -0.99184084 -6.360668E-07 -0.12748277 0 0 0 0 1 -0.12909126 -3.8849885E-07 0.99163276 36.965405 -6.8043187E-07 1 3.03198E-07 0 -0.99163276 -6.355983E-07 -0.12909126 0 0 0 0 1 -0.13040936 -3.8884411E-07 0.99146026 36.965405 -6.804984E-07 1 3.0268566E-07 0 -0.99146026 -6.3521406E-07 -0.13040936 0 0 0 0 1 -0.13131273 -3.8908058E-07 0.99134105 36.965405 -6.805436E-07 1 3.0233446E-07 0 -0.99134105 -6.349504E-07 -0.13131273 0 0 0 0 1 -0.13167751 -3.89176E-07 0.9912927 36.965405 -6.805619E-07 1 3.021927E-07 0 -0.9912927 -6.3484407E-07 -0.13167751 0 0 0 0 1 -0.13137877 -3.890978E-07 0.9913322 36.965405 -6.8054686E-07 1 3.023087E-07 0 -0.9913322 -6.349311E-07 -0.13137877 0 0 0 0 1 -0.13029218 -3.8881336E-07 0.99147564 36.965405 -6.804924E-07 1 3.0273117E-07 0 -0.99147564 -6.352481E-07 -0.13029218 0 0 0 0 1 -0.1282928 -3.8828944E-07 0.9917363 36.965405 -6.803913E-07 1 3.0350822E-07 0 -0.9917363 -6.358308E-07 -0.1282928 0 0 0 0 1 -0.12565851 -3.8759794E-07 0.99207354 36.965405 -6.802565E-07 1 3.045318E-07 0 -0.99207354 -6.365975E-07 -0.12565851 0 0 0 0 1 -0.12290275 -3.8687318E-07 0.9924187 36.965405 -6.801135E-07 1 3.0560216E-07 0 -0.9924187 -6.37398E-07 -0.12290275 0 0 0 0 1 -0.12025523 -3.8617546E-07 0.9927431 36.965405 -6.799743E-07 1 3.0663028E-07 0 -0.9927431 -6.3816583E-07 -0.12025523 0 0 0 0 1 -0.117944956 -3.8556556E-07 0.99302024 36.965405 -6.798512E-07 1 3.075271E-07 0 -0.99302024 -6.388347E-07 -0.117944956 0 0 0 0 1 -0.11620176 -3.8510467E-07 0.9932257 36.965405 -6.797574E-07 1 3.0820357E-07 0 -0.9932257 -6.3933874E-07 -0.11620176 0 0 0 0 1 -0.11525512 -3.8485416E-07 0.9933359 36.965405 -6.797061E-07 1 3.0857086E-07 0 -0.9933359 -6.396121E-07 -0.11525512 0 0 0 0 1 -0.115335226 -3.848753E-07 0.9933266 36.965405 -6.797104E-07 1 3.0853977E-07 0 -0.9933266 -6.3958896E-07 -0.115335226 0 0 0 0 1 -0.11625469 -3.8511865E-07 0.9932195 36.965405 -6.7976026E-07 1 3.0818308E-07 0 -0.9932195 -6.3932345E-07 -0.11625469 0 0 0 0 1 -0.117569566 -3.854663E-07 0.9930646 36.965405 -6.79831E-07 1 3.0767268E-07 0 -0.9930646 -6.3894316E-07 -0.117569566 0 0 0 0 1 -0.11912489 -3.8587712E-07 0.9928793 36.965405 -6.7991414E-07 1 3.0706894E-07 0 -0.9928793 -6.384931E-07 -0.11912489 0 0 0 0 1 -0.12076557 -3.8631003E-07 0.99268115 36.965405 -6.800012E-07 1 3.0643213E-07 0 -0.99268115 -6.3801787E-07 -0.12076557 0 0 0 0 1 -0.12233603 -3.867239E-07 0.9924887 36.965405 -6.800838E-07 1 3.0582225E-07 0 -0.9924887 -6.3756244E-07 -0.12233603 0 0 0 0 1 -0.123681426 -3.8707807E-07 0.99232197 36.965405 -6.80154E-07 1 3.052997E-07 0 -0.99232197 -6.3717187E-07 -0.123681426 0 0 0 0 1 -0.12464726 -3.8733214E-07 0.9922011 36.965405 -6.802042E-07 1 3.049246E-07 0 -0.9922011 -6.368914E-07 -0.12464726 0 0 0 0 1 -0.1250782 -3.8744543E-07 0.9921469 36.965405 -6.8022655E-07 1 3.047573E-07 0 -0.9921469 -6.367662E-07 -0.1250782 0 0 0 0 1 -0.12516308 -3.874677E-07 0.9921362 36.965405 -6.8023087E-07 1 3.047242E-07 0 -0.9921362 -6.3674145E-07 -0.12516308 0 0 0 0 1 -0.12519765 -3.8747677E-07 0.9921318 36.965405 -6.802326E-07 1 3.047108E-07 0 -0.9921318 -6.367314E-07 -0.12519765 0 0 0 0 1 -0.12518692 -3.8747396E-07 0.99213314 36.965405 -6.802321E-07 1 3.04715E-07 0 -0.99213314 -6.367345E-07 -0.12518692 0 0 0 0 1 -0.1251359 -3.8746066E-07 0.9921396 36.965405 -6.802295E-07 1 3.0473478E-07 0 -0.9921396 -6.3674935E-07 -0.1251359 0 0 0 0 1 -0.12505007 -3.8743804E-07 0.9921504 36.965405 -6.8022507E-07 1 3.0476815E-07 0 -0.9921504 -6.3677436E-07 -0.12505007 0 0 0 0 1 -0.124934554 -3.8740768E-07 0.992165 36.965405 -6.8021916E-07 1 3.0481306E-07 0 -0.992165 -6.3680795E-07 -0.124934554 0 0 0 0 1 -0.124794364 -3.8737085E-07 0.9921826 36.965405 -6.802119E-07 1 3.048675E-07 0 -0.9921826 -6.3684865E-07 -0.124794364 0 0 0 0 1 -0.12463474 -3.8732887E-07 0.99220276 36.965405 -6.802036E-07 1 3.0492953E-07 0 -0.99220276 -6.3689504E-07 -0.12463474 0 0 0 0 1 -0.124461174 -3.872832E-07 0.9922245 36.965405 -6.801946E-07 1 3.0499695E-07 0 -0.9922245 -6.369455E-07 -0.124461174 0 0 0 0 1 -0.12427819 -3.8723508E-07 0.9922474 36.965405 -6.8018505E-07 1 3.0506794E-07 0 -0.9922474 -6.3699855E-07 -0.12427819 0 0 0 0 1 -0.12409186 -3.8718605E-07 0.99227077 36.965405 -6.8017545E-07 1 3.0514036E-07 0 -0.99227077 -6.370528E-07 -0.12409186 0 0 0 0 1 -0.12390649 -3.8713728E-07 0.99229383 36.965405 -6.801658E-07 1 3.0521232E-07 0 -0.99229383 -6.3710655E-07 -0.12390649 0 0 0 0 1 -0.12372792 -3.8709038E-07 0.9923162 36.965405 -6.801565E-07 1 3.0528173E-07 0 -0.9923162 -6.3715845E-07 -0.12372792 0 0 0 0 1 -0.123561025 -3.870464E-07 0.99233705 36.965405 -6.801479E-07 1 3.053466E-07 0 -0.99233705 -6.3720694E-07 -0.123561025 0 0 0 0 1 -0.12341094 -3.8700688E-07 0.9923556 36.965405 -6.8014E-07 1 3.054048E-07 0 -0.9923556 -6.372504E-07 -0.12341094 0 0 0 0 1 -0.12328315 -3.8697328E-07 0.99237156 36.965405 -6.801333E-07 1 3.0545445E-07 0 -0.99237156 -6.372876E-07 -0.12328315 0 0 0 0 1 -0.123182535 -3.869468E-07 0.992384 36.965405 -6.801281E-07 1 3.0549353E-07 0 -0.992384 -6.3731676E-07 -0.123182535 0 0 0 0 1 -0.12311447 -3.869289E-07 0.9923924 36.965405 -6.801245E-07 1 3.0551996E-07 0 -0.9923924 -6.373365E-07 -0.12311447 0 0 0 0 1 -0.12308407 -3.869209E-07 0.9923963 36.965405 -6.80123E-07 1 3.0553178E-07 0 -0.9923963 -6.3734535E-07 -0.12308407 0 0 0 0 1 -0.123096585 -3.8692417E-07 0.99239475 36.965405 -6.8012366E-07 1 3.055269E-07 0 -0.99239475 -6.3734177E-07 -0.123096585 0 0 0 0 1 -0.12315714 -3.8694014E-07 0.9923872 36.965405 -6.801268E-07 1 3.055034E-07 0 -0.9923872 -6.373242E-07 -0.12315714 0 0 0 0 1 -0.12327099 -3.8697007E-07 0.99237305 36.965405 -6.8013264E-07 1 3.0545917E-07 0 -0.99237305 -6.372911E-07 -0.12327099 0 0 0 0 1 -0.12344313 -3.8701535E-07 0.9923516 36.965405 -6.801416E-07 1 3.053923E-07 0 -0.9923516 -6.372411E-07 -0.12344313 0 0 0 0 1 -0.12367892 -3.8707742E-07 0.99232227 36.965405 -6.801539E-07 1 3.0530072E-07 0 -0.99232227 -6.371726E-07 -0.12367892 0 0 0 0 1 -0.12398362 -3.8715763E-07 0.99228424 36.965405 -6.8016976E-07 1 3.0518237E-07 0 -0.99228424 -6.370841E-07 -0.12398362 0 0 0 0 1 -0.12436223 -3.872572E-07 0.9922369 36.965405 -6.801895E-07 1 3.0503531E-07 0 -0.9922369 -6.3697416E-07 -0.12436223 0 0 0 0 1 -0.124819994 -3.8737755E-07 0.9921794 36.965405 -6.8021313E-07 1 3.0485754E-07 0 -0.9921794 -6.3684115E-07 -0.124819994 0 0 0 0 1 -0.12536216 -3.8752006E-07 0.99211097 36.965405 -6.8024116E-07 1 3.0464687E-07 0 -0.99211097 -6.366836E-07 -0.12536216 0 0 0 0 1 -0.12599385 -3.8768613E-07 0.99203104 36.965405 -6.8027384E-07 1 3.044015E-07 0 -0.99203104 -6.365E-07 -0.12599385 0 0 0 0 1 -0.12671995 -3.878767E-07 0.9919385 36.965405 -6.8031096E-07 1 3.0411937E-07 0 -0.9919385 -6.3628863E-07 -0.12671995 0 0 0 0 1 -0.12744606 -3.8806735E-07 0.99184555 36.965405 -6.8034825E-07 1 3.0383734E-07 0 -0.99184555 -6.3607746E-07 -0.12744606 0 0 0 0 1 -0.12807465 -3.8823222E-07 0.9917645 36.965405 -6.8038014E-07 1 3.0359303E-07 0 -0.9917645 -6.3589437E-07 -0.12807465 0 0 0 0 1 -0.12860763 -3.8837203E-07 0.99169564 36.965405 -6.8040737E-07 1 3.0338595E-07 0 -0.99169564 -6.3573924E-07 -0.12860763 0 0 0 0 1 -0.1290462 -3.8848702E-07 0.9916386 36.965405 -6.804296E-07 1 3.0321547E-07 0 -0.9916386 -6.356114E-07 -0.1290462 0 0 0 0 1 -0.1293925 -3.8857772E-07 0.9915934 36.965405 -6.80447E-07 1 3.030808E-07 0 -0.9915934 -6.355104E-07 -0.1293925 0 0 0 0 1 -0.12964809 -3.886447E-07 0.9915601 36.965405 -6.8045995E-07 1 3.0298156E-07 0 -0.9915601 -6.35436E-07 -0.12964809 0 0 0 0 1 -0.12981439 -3.8868825E-07 0.99153835 36.965405 -6.8046836E-07 1 3.0291693E-07 0 -0.99153835 -6.353875E-07 -0.12981439 0 0 0 0 1 -0.12989318 -3.8870894E-07 0.991528 36.965405 -6.8047234E-07 1 3.0288626E-07 0 -0.991528 -6.353645E-07 -0.12989318 0 0 0 0 1 -0.12988615 -3.8870712E-07 0.9915289 36.965405 -6.80472E-07 1 3.0288896E-07 0 -0.9915289 -6.353666E-07 -0.12988615 0 0 0 0 1 -0.12979496 -3.8868322E-07 0.9915408 36.965405 -6.8046734E-07 1 3.029244E-07 0 -0.9915408 -6.353931E-07 -0.12979496 0 0 0 0 1 -0.12962139 -3.8863766E-07 0.9915635 36.965405 -6.804586E-07 1 3.0299182E-07 0 -0.9915635 -6.354437E-07 -0.12962139 0 0 0 0 1 -0.12936676 -3.8857098E-07 0.9915969 36.965405 -6.804458E-07 1 3.0309087E-07 0 -0.9915969 -6.35518E-07 -0.12936676 0 0 0 0 1 -0.12903285 -3.884835E-07 0.9916403 36.965405 -6.804289E-07 1 3.032207E-07 0 -0.9916403 -6.356153E-07 -0.12903285 0 0 0 0 1 -0.12862122 -3.883756E-07 0.9916938 36.965405 -6.80408E-07 1 3.0338066E-07 0 -0.9916938 -6.357352E-07 -0.12862122 0 0 0 0 1 -0.12813377 -3.8824777E-07 0.9917569 36.965405 -6.8038327E-07 1 3.0357006E-07 0 -0.9917569 -6.3587726E-07 -0.12813377 0 0 0 0 1 -0.12757158 -3.8810026E-07 0.99182934 36.965405 -6.8035456E-07 1 3.0378848E-07 0 -0.99182934 -6.360408E-07 -0.12757158 0 0 0 0 1 -0.1269368 -3.8793365E-07 0.99191076 36.965405 -6.803221E-07 1 3.040351E-07 0 -0.99191076 -6.3622554E-07 -0.1269368 0 0 0 0 1 -0.12623107 -3.877484E-07 0.99200076 36.965405 -6.802859E-07 1 3.043093E-07 0 -0.99200076 -6.3643085E-07 -0.12623107 0 0 0 0 1 -0.12623107 -3.877484E-07 0.99200076 36.965405 -6.802859E-07 1 3.043093E-07 0 -0.99200076 -6.3643085E-07 -0.12623107 0 0 0 0 1</float_array>
        <technique_common>
          <accessor source="#Motion_55_LLeg_transform_pose_array_id" count="86" stride="16">
            <param name="TRANSFORM" type="float4x4" />
          </accessor>
        </technique_common>
      </source>
      <sampler id="Motion_55_LLeg_transform_samp_id">
        <input semantic="INPUT" source="#Motion_55_LLeg_transform_frame_id" />
        <input semantic="INTERPOLATION" source="#Motion_55_LLeg_transform_interp_id" />
        <input semantic="OUTPUT" source="#Motion_55_LLeg_transform_pose_id" />
      </sampler>
      <channel source="#Motion_55_LLeg_transform_samp_id" target="LLeg_bone_id/transform" />
    </animation>
    <animation id="Motion_55_LFoot_transform_id" name="Motion_55_LFoot_transform">
      <source id="Motion_55_LFoot_transform_frame_id" name="Motion_55_LFoot_transform_frame">
        <float_array id="Motion_55_LFoot_transform_frame_array_id" count="86">0 0.033333335 0.06666667 0.1 0.13333334 0.16666667 0.2 0.23333333 0.26666668 0.3 0.33333334 0.36666667 0.4 0.43333334 0.46666667 0.5 0.53333336 0.56666666 0.6 0.6333333 0.6666667 0.7 0.73333335 0.76666665 0.8 0.8333333 0.8666667 0.9 0.93333334 0.96666664 1 1.0333333 1.0666667 1.1 1.1333333 1.1666666 1.2 1.2333333 1.2666667 1.3 1.3333334 1.3666667 1.4 1.4333333 1.4666667 1.5 1.5333333 1.5666667 1.6 1.6333333 1.6666666 1.7 1.7333333 1.7666667 1.8 1.8333334 1.8666667 1.9 1.9333333 1.9666667 2 2.0333333 2.0666666 2.1 2.1333334 2.1666667 2.2 2.2333333 2.2666667 2.3 2.3333333 2.3666666 2.4 2.4333334 2.4666667 2.5 2.5333333 2.5666666 2.6 2.6333334 2.6666667 2.7 2.7333333 2.7666667 2.8 2.8333333</float_array>
        <technique_common>
          <accessor source="#Motion_55_LFoot_transform_frame_array_id" count="86" stride="1">
            <param name="TIME" type="float" />
          </accessor>
        </technique_common>
      </source>
      <source id="Motion_55_LFoot_transform_interp_id" name="Motion_55_LFoot_transform_interp">
        <Name_array id="Motion_55_LFoot_transform_interp_array_id" count="86">LINEAR LINEAR LINEAR LINEAR LINEAR LINEAR LINEAR LINEAR LINEAR LINEAR LINEAR LINEAR LINEAR LINEAR LINEAR LINEAR LINEAR LINEAR LINEAR LINEAR LINEAR LINEAR LINEAR LINEAR LINEAR LINEAR LINEAR LINEAR LINEAR LINEAR LINEAR LINEAR LINEAR LINEAR LINEAR LINEAR LINEAR LINEAR LINEAR LINEAR LINEAR LINEAR LINEAR LINEAR LINEAR LINEAR LINEAR LINEAR LINEAR LINEAR LINEAR LINEAR LINEAR LINEAR LINEAR LINEAR LINEAR LINEAR LINEAR LINEAR LINEAR LINEAR LINEAR LINEAR LINEAR LINEAR LINEAR LINEAR LINEAR LINEAR LINEAR LINEAR LINEAR LINEAR LINEAR LINEAR LINEAR LINEAR LINEAR LINEAR LINEAR LINEAR LINEAR LINEAR LINEAR LINEAR</Name_array>
        <technique_common>
          <accessor source="#Motion_55_LFoot_transform_interp_array_id" count="86" stride="1">
            <param name="INTERPOLATION" type="Name" />
          </accessor>
        </technique_common>
      </source>
      <source id="Motion_55_LFoot_transform_pose_id" name="Motion_55_LFoot_transform_pose">
        <float_array id="Motion_55_LFoot_transform_pose_array_id" count="1376">0.052797854 0.20052955 -0.97826385 36.96541 0.03950721 0.97844386 0.20269868 4E-06 0.99782336 -0.049350508 0.043737352 0 0 0 0 1 0.05353439 0.20087469 -0.97815317 36.96541 0.03992983 0.97834367 0.20309919 4E-06 0.9977674 -0.049930297 0.04435414 0 0 0 0 1 0.054333806 0.2013826 -0.9780045 36.96541 0.040480547 0.9782019 0.20367217 4E-06 0.99770194 -0.050656438 0.044997394 0 0 0 0 1 0.05515015 0.20200276 -0.9778308 36.96541 0.041112565 0.97803146 0.20436296 4E-06 0.99763125 -0.05147177 0.045633733 0 0 0 0 1 0.055937827 0.2026847 -0.9776451 36.96541 0.041779235 0.97784543 0.20511672 4E-06 0.9975597 -0.052319057 0.046230555 0 0 0 0 1 0.05665165 0.20337808 -0.9774599 36.96541 0.042433992 0.9776571 0.2058785 4E-06 0.99749184 -0.053140886 0.04675573 0 0 0 0 1 0.05724591 0.20403281 -0.97728884 36.96541 0.043030404 0.97748023 0.2065933 4E-06 0.99743235 -0.05387976 0.047177136 0 0 0 0 1 0.057674468 0.20459881 -0.9771453 36.96541 0.0435222 0.9773287 0.20720604 4E-06 0.99738634 -0.05447802 0.047462344 0 0 0 0 1 0.057892382 0.20502606 -0.9770429 36.96541 0.04386302 0.97721684 0.20766155 4E-06 0.9973588 -0.05487807 0.04758036 0 0 0 0 1 0.05785352 0.20526457 -0.9769951 36.96541 0.044006623 0.97715867 0.20790482 4E-06 0.99735475 -0.05502229 0.04749906 0 0 0 0 1 0.057512105 0.20526421 -0.9770153 36.96541 0.04390669 0.9771682 0.20788091 4E-06 0.9973789 -0.05485318 0.047186553 0 0 0 0 1 0.05682981 0.20510194 -0.9770893 36.96541 0.043646745 0.97722495 0.20766899 4E-06 0.9974294 -0.054448545 0.046583474 0 0 0 0 1 0.055770278 0.20490965 -0.9771908 36.96541 0.0433665 0.9772932 0.20740616 4E-06 0.99750143 -0.053944446 0.0456177 0 0 0 0 1 0.05429274 0.20471908 -0.9773138 36.96541 0.043103486 0.97736466 0.20712423 4E-06 0.9975943 -0.053370975 0.0442397 0 0 0 0 1 0.05262184 0.2045621 -0.97743803 36.96541 0.042868987 0.9774292 0.20686814 4E-06 0.99769384 -0.05278755 0.042664766 0 0 0 0 1 0.05110091 0.20447096 -0.9775379 36.96541 0.042662777 0.97747624 0.20668827 4E-06 0.99778175 -0.052266434 0.041226625 0 0 0 0 1 0.049865365 0.20447813 -0.9776002 36.96541 0.04250534 0.97749656 0.20662457 4E-06 0.99785113 -0.051856637 0.040051818 0 0 0 0 1 0.0490579 0.20456085 -0.97762376 36.96541 0.04247301 0.97748965 0.20666412 4E-06 0.99789244 -0.051661134 0.039265275 0 0 0 0 1 0.04882008 0.20470588 -0.9776052 36.96541 0.04263252 0.9774533 0.20680305 4E-06 0.99789727 -0.051773906 0.038992226 0 0 0 0 1 0.04928541 0.20495975 -0.9775288 36.96541 0.042989753 0.9773758 0.20709518 4E-06 0.99785924 -0.052230507 0.039359152 0 0 0 0 1 0.05058801 0.20536828 -0.97737646 36.96541 0.043550335 0.977245 0.20759475 4E-06 0.9977696 -0.053066872 0.04049301 0 0 0 0 1 0.052854896 0.20585872 -0.9771533 36.96541 0.044199362 0.97707987 0.20823401 4E-06 0.99762356 -0.054195724 0.042544603 0 0 0 0 1 0.05575651 0.20631805 -0.97689515 36.96541 0.044826023 0.97691333 0.20888036 4E-06 0.99743766 -0.055436768 0.045220852 0 0 0 0 1 0.058731377 0.206732 -0.97663325 36.96541 0.04544335 0.9767541 0.20949042 4E-06 0.99723893 -0.05668515 0.047971487 0 0 0 0 1 0.061553955 0.2070872 -0.9763841 36.96541 0.04603128 0.97660923 0.21003687 4E-06 0.99704164 -0.057872795 0.050581694 0 0 0 0 1 0.06399822 0.20737094 -0.9761667 36.96541 0.046570033 0.9764857 0.21049188 4E-06 0.99686277 -0.058931217 0.05283606 0 0 0 0 1 0.06583941 0.20757121 -0.97600174 36.96541 0.047039904 0.9763909 0.21082719 4E-06 0.9967208 -0.05979176 0.054520905 0 0 0 0 1 0.066851616 0.20767626 -0.9759106 36.96541 0.047421247 0.976332 0.21101439 4E-06 0.9966354 -0.060385562 0.055421114 0 0 0 0 1 0.06680983 0.2076743 -0.97591394 36.96541 0.047694206 0.9763164 0.21102506 4E-06 0.99662524 -0.06064401 0.055322647 0 0 0 0 1 0.0657863 0.20755169 -0.9760094 36.96541 0.04780867 0.97634935 0.21084644 4E-06 0.9966877 -0.060532525 0.05430764 0 0 0 0 1 0.06416458 0.20729294 -0.9761724 36.96541 0.047682904 0.976434 0.21048275 4E-06 0.9967995 -0.060052283 0.05276817 0 0 0 0 1 0.06219566 0.20703521 -0.9763545 36.96541 0.047405414 0.9765315 0.21009257 4E-06 0.9969375 -0.059351325 0.05092144 0 0 0 0 1 0.060136974 0.2068243 -0.97652817 36.96541 0.047098584 0.9766212 0.20974445 4E-06 0.9970784 -0.058606483 0.048989892 0 0 0 0 1 0.058237135 0.20653035 -0.9767055 36.96541 0.046722844 0.97673 0.20932144 4E-06 0.9972088 -0.05782474 0.04723227 0 0 0 0 1 0.056738675 0.20608202 -0.9768884 36.96541 0.046179555 0.97687566 0.20876148 4E-06 0.99732053 -0.05695712 0.045909822 0 0 0 0 1 0.055884123 0.20540819 -0.9770795 36.96541 0.04537025 0.9770755 0.20800228 4E-06 0.9974059 -0.055954352 0.045283616 0 0 0 0 1 0.055479467 0.20443866 -0.977306 36.96541 0.044240117 0.97734886 0.20695905 4E-06 0.9974793 -0.054718122 0.045178413 0 0 0 0 1 0.05517441 0.2033308 -0.9775543 36.96541 0.042983547 0.97765434 0.20577765 4E-06 0.9975511 -0.053372405 0.0452016 0 0 0 0 1 0.0549708 0.20228899 -0.9777819 36.96541 0.041808553 0.9779374 0.20467164 4E-06 0.99761236 -0.052130625 0.045300603 0 0 0 0 1 0.054859877 0.20131332 -0.9779895 36.96541 0.04071465 0.9781988 0.20364028 4E-06 0.9976637 -0.050990187 0.045467436 0 0 0 0 1 0.054832876 0.20040393 -0.97817767 36.96541 0.03970123 0.9784393 0.20268302 4E-06 0.99770594 -0.04994853 0.04569435 0 0 0 0 1 0.05488074 0.19956094 -0.9783473 36.96541 0.038767748 0.97865933 0.20179924 4E-06 0.99774003 -0.049003206 0.045973003 0 0 0 0 1 0.054994404 0.19878437 -0.97849905 36.96541 0.037913606 0.97885966 0.20098847 4E-06 0.9977666 -0.04815168 0.046295166 0 0 0 0 1 0.055165112 0.19807422 -0.9786334 36.96541 0.0371382 0.9790407 0.2002501 4E-06 0.9977863 -0.047391504 0.046652794 0 0 0 0 1 0.05538392 0.19743046 -0.97875106 36.96541 0.036440857 0.9792029 0.19958365 4E-06 0.9977999 -0.046720244 0.047037542 0 0 0 0 1 0.05564201 0.19685316 -0.9788528 36.96541 0.035820924 0.9793469 0.19898872 4E-06 0.99780804 -0.04613556 0.047441363 0 0 0 0 1 0.055930376 0.19634213 -0.978939 36.96541 0.035277724 0.97947294 0.19846475 4E-06 0.99781126 -0.045634948 0.047855794 0 0 0 0 1 0.0562402 0.19589739 -0.9790104 36.96541 0.034810558 0.9795814 0.19801138 4E-06 0.9978103 -0.0452161 0.04827255 0 0 0 0 1 0.056562662 0.19551879 -0.97906744 36.96541 0.034418724 0.9796727 0.1976281 4E-06 0.9978056 -0.04487662 0.048683405 0 0 0 0 1 0.05688864 0.19520631 -0.979111 36.96541 0.03410151 0.97974694 0.1973145 4E-06 0.997798 -0.04461413 0.049079597 0 0 0 0 1 0.05720973 0.19495982 -0.97914135 36.96541 0.03385821 0.9798046 0.19707017 4E-06 0.99778795 -0.044426322 0.049453378 0 0 0 0 1 0.057516575 0.19477922 -0.97915936 36.96541 0.03368809 0.9798457 0.19689462 4E-06 0.99777603 -0.044310726 0.049795628 0 0 0 0 1 0.057808638 0.19482107 -0.9791337 36.96541 0.03375013 0.97983193 0.19695261 4E-06 0.99775696 -0.044431448 0.050067544 0 0 0 0 1 0.058081686 0.19519103 -0.9790439 36.96541 0.034151457 0.979737 0.19735523 4E-06 0.99772745 -0.044898495 0.05023873 0 0 0 0 1 0.05832374 0.19581255 -0.9789053 36.96541 0.03481347 0.9795792 0.19802156 4E-06 0.99769044 -0.045628436 0.050315797 0 0 0 0 1 0.058521986 0.19660926 -0.9787339 36.96541 0.035657667 0.97937685 0.19887052 4E-06 0.9976491 -0.046537668 0.050304472 0 0 0 0 1 0.058664083 0.1975047 -0.9785451 36.96541 0.03660562 0.9791484 0.199821 4E-06 0.99760646 -0.047542572 0.050211072 0 0 0 0 1 0.058737457 0.19842264 -0.97835505 36.96541 0.037578925 0.9789129 0.20079193 4E-06 0.997566 -0.048559546 0.05004239 0 0 0 0 1 0.05872953 0.19928685 -0.97817975 36.96541 0.03849923 0.97868997 0.20170228 4E-06 0.99753135 -0.04950504 0.04980558 0 0 0 0 1 0.05862713 0.20002133 -0.97803605 36.96541 0.039288253 0.97849977 0.20247127 4E-06 0.9975066 -0.050295636 0.049508095 0 0 0 0 1 0.058417678 0.20054989 -0.97794026 36.96541 0.03986764 0.97836304 0.2030181 4E-06 0.99749583 -0.050848015 0.049158216 0 0 0 0 1 0.058087945 0.20079635 -0.97790927 36.96541 0.040158972 0.97830045 0.2032621 4E-06 0.99750334 -0.0510789 0.048763633 0 0 0 0 1 0.057599306 0.20092857 -0.97791106 36.96541 0.040336654 0.97826904 0.20337796 4E-06 0.99752456 -0.051160097 0.048242867 0 0 0 0 1 0.05694723 0.20115164 -0.9779035 36.96541 0.040610038 0.9782156 0.20358074 4E-06 0.99755096 -0.05130607 0.047537923 0 0 0 0 1 0.056169152 0.20144534 -0.977888 36.96541 0.040953316 0.97814506 0.20385064 4E-06 0.997581 -0.05149786 0.046691716 0 0 0 0 1 0.05530256 0.20178944 -0.9778664 36.96541 0.041340582 0.97806257 0.20416792 4E-06 0.99761343 -0.05171658 0.04574728 0 0 0 0 1 0.054385126 0.20216376 -0.9778405 36.96541 0.041745983 0.9779733 0.20451301 4E-06 0.997647 -0.05194337 0.04474771 0 0 0 0 1 0.05345428 0.20254791 -0.9778124 36.96541 0.04214356 0.97788227 0.20486628 4E-06 0.99768066 -0.052159473 0.04373586 0 0 0 0 1 0.052547395 0.20292164 -0.977784 36.96541 0.042507365 0.9777948 0.20520827 4E-06 0.99771327 -0.05234617 0.04275489 0 0 0 0 1 0.051701725 0.2032646 -0.977758 36.96541 0.042811386 0.97771615 0.2055197 4E-06 0.9977446 -0.052484922 0.041847587 0 0 0 0 1 0.050955772 0.20355637 -0.9777363 36.96541 0.043029502 0.97765154 0.20578125 4E-06 0.99777347 -0.052557237 0.041058064 0 0 0 0 1 0.05034572 0.20377663 -0.9777221 36.96541 0.043135658 0.97760636 0.20597368 4E-06 0.99779993 -0.052544586 0.04042828 0 0 0 0 1 0.049910188 0.20390496 -0.9777175 36.96541 0.043103747 0.9775858 0.20607781 4E-06 0.997823 -0.052428663 0.040002465 0 0 0 0 1 0.0496881 0.20390321 -0.97772926 36.96541 0.0429257 0.97759795 0.20605731 4E-06 0.9978419 -0.05220831 0.03982234 0 0 0 0 1 0.049612522 0.20373337 -0.9777685 36.96541 0.04260379 0.97765136 0.20587069 4E-06 0.9978594 -0.0518704 0.03982389 0 0 0 0 1 0.0495916 0.20344168 -0.9778303 36.96541 0.042192288 0.97773427 0.20556149 4E-06 0.99787796 -0.05145102 0.03990376 0 0 0 0 1 0.049629807 0.20309904 -0.9778996 36.96541 0.04176137 0.9778279 0.2052036 4E-06 0.9978942 -0.05102264 0.040047705 0 0 0 0 1 0.049727857 0.2027225 -0.9779728 36.96541 0.041326195 0.977928 0.20481458 4E-06 0.99790746 -0.050600886 0.040252566 0 0 0 0 1 0.04988706 0.20232904 -0.9780461 36.96541 0.040901862 0.97803 0.204412 4E-06 0.997917 -0.05020143 0.040515423 0 0 0 0 1 0.050108075 0.20193568 -0.9781162 36.96541 0.040503554 0.9781298 0.2040135 4E-06 0.99792224 -0.04983992 0.040833056 0 0 0 0 1 0.05039233 0.20155948 -0.9781791 36.96541 0.04014644 0.978223 0.20363674 4E-06 0.9979223 -0.049532145 0.041203022 0 0 0 0 1 0.05074078 0.20121735 -0.97823155 36.96541 0.03984558 0.9783055 0.20329937 4E-06 0.9979167 -0.049293786 0.0416224 0 0 0 0 1 0.051154792 0.20092636 -0.9782698 36.96541 0.03961613 0.97837305 0.20301914 4E-06 0.99790466 -0.049140662 0.04208857 0 0 0 0 1 0.05163479 0.20070344 -0.9782903 36.96541 0.0394732 0.9784214 0.20281376 4E-06 0.9978856 -0.049088493 0.042598188 0 0 0 0 1 0.05218202 0.20056555 -0.97828954 36.96541 0.0394319 0.9784464 0.202701 4E-06 0.9978587 -0.04915315 0.043148637 0 0 0 0 1 0.05218202 0.20056555 -0.97828954 36.96541 0.0394319 0.9784464 0.202701 4E-06 0.9978587 -0.04915315 0.043148637 0 0 0 0 1</float_array>
        <technique_common>
          <accessor source="#Motion_55_LFoot_transform_pose_array_id" count="86" stride="16">
            <param name="TRANSFORM" type="float4x4" />
          </accessor>
        </technique_common>
      </source>
      <sampler id="Motion_55_LFoot_transform_samp_id">
        <input semantic="INPUT" source="#Motion_55_LFoot_transform_frame_id" />
        <input semantic="INTERPOLATION" source="#Motion_55_LFoot_transform_interp_id" />
        <input semantic="OUTPUT" source="#Motion_55_LFoot_transform_pose_id" />
      </sampler>
      <channel source="#Motion_55_LFoot_transform_samp_id" target="LFoot_bone_id/transform" />
    </animation>
    <animation id="Motion_55_Spine2_transform_id" name="Motion_55_Spine2_transform">
      <source id="Motion_55_Spine2_transform_frame_id" name="Motion_55_Spine2_transform_frame">
        <float_array id="Motion_55_Spine2_transform_frame_array_id" count="86">0 0.033333335 0.06666667 0.1 0.13333334 0.16666667 0.2 0.23333333 0.26666668 0.3 0.33333334 0.36666667 0.4 0.43333334 0.46666667 0.5 0.53333336 0.56666666 0.6 0.6333333 0.6666667 0.7 0.73333335 0.76666665 0.8 0.8333333 0.8666667 0.9 0.93333334 0.96666664 1 1.0333333 1.0666667 1.1 1.1333333 1.1666666 1.2 1.2333333 1.2666667 1.3 1.3333334 1.3666667 1.4 1.4333333 1.4666667 1.5 1.5333333 1.5666667 1.6 1.6333333 1.6666666 1.7 1.7333333 1.7666667 1.8 1.8333334 1.8666667 1.9 1.9333333 1.9666667 2 2.0333333 2.0666666 2.1 2.1333334 2.1666667 2.2 2.2333333 2.2666667 2.3 2.3333333 2.3666666 2.4 2.4333334 2.4666667 2.5 2.5333333 2.5666666 2.6 2.6333334 2.6666667 2.7 2.7333333 2.7666667 2.8 2.8333333</float_array>
        <technique_common>
          <accessor source="#Motion_55_Spine2_transform_frame_array_id" count="86" stride="1">
            <param name="TIME" type="float" />
          </accessor>
        </technique_common>
      </source>
      <source id="Motion_55_Spine2_transform_interp_id" name="Motion_55_Spine2_transform_interp">
        <Name_array id="Motion_55_Spine2_transform_interp_array_id" count="86">LINEAR LINEAR LINEAR LINEAR LINEAR LINEAR LINEAR LINEAR LINEAR LINEAR LINEAR LINEAR LINEAR LINEAR LINEAR LINEAR LINEAR LINEAR LINEAR LINEAR LINEAR LINEAR LINEAR LINEAR LINEAR LINEAR LINEAR LINEAR LINEAR LINEAR LINEAR LINEAR LINEAR LINEAR LINEAR LINEAR LINEAR LINEAR LINEAR LINEAR LINEAR LINEAR LINEAR LINEAR LINEAR LINEAR LINEAR LINEAR LINEAR LINEAR LINEAR LINEAR LINEAR LINEAR LINEAR LINEAR LINEAR LINEAR LINEAR LINEAR LINEAR LINEAR LINEAR LINEAR LINEAR LINEAR LINEAR LINEAR LINEAR LINEAR LINEAR LINEAR LINEAR LINEAR LINEAR LINEAR LINEAR LINEAR LINEAR LINEAR LINEAR LINEAR LINEAR LINEAR LINEAR LINEAR</Name_array>
        <technique_common>
          <accessor source="#Motion_55_Spine2_transform_interp_array_id" count="86" stride="1">
            <param name="INTERPOLATION" type="Name" />
          </accessor>
        </technique_common>
      </source>
      <source id="Motion_55_Spine2_transform_pose_id" name="Motion_55_Spine2_transform_pose">
        <float_array id="Motion_55_Spine2_transform_pose_array_id" count="1376">0.9954247 0.086276345 0.041061778 13.194138 -0.083556525 0.9944527 -0.063891746 0 -0.04634634 0.06016844 0.99711174 0 0 0 0 1 0.99562484 0.08565255 0.03734803 13.194138 -0.08315378 0.9944803 -0.063987456 0 -0.04262257 0.060601868 0.9972516 0 0 0 0 1 0.99589694 0.08494915 0.031191781 13.194138 -0.08282472 0.9945046 -0.064036995 0 -0.036460258 0.0611908 0.99745995 0 0 0 0 1 0.9961779 0.08420188 0.023228921 13.194138 -0.08256873 0.9945252 -0.06404698 0 -0.028494623 0.061884206 0.9976765 0 0 0 0 1 0.996408 0.08345563 0.014362125 13.194138 -0.08237635 0.994542 -0.06403414 0 -0.019627744 0.062621035 0.99784434 0 0 0 0 1 0.9965546 0.082757026 0.005495113 13.194138 -0.08223796 0.9945547 -0.0640145 0 -0.0107628405 0.06334204 0.99793386 0 0 0 0 1 0.99661654 0.08215457 -0.0024678789 13.194138 -0.0821438 0.99456316 -0.06400361 0 -0.0028037282 0.06398978 0.9979466 0 0 0 0 1 0.9966198 0.081698395 -0.008622785 13.194138 -0.08208401 0.9945673 -0.06401678 0 0.003345872 0.06450819 0.9979116 0 0 0 0 1 0.9966038 0.08143452 -0.01221765 13.194138 -0.08205344 0.9945668 -0.0640631 0 0.0069343206 0.064848036 0.99787104 0 0 0 0 1 0.99659693 0.08139128 -0.013038241 13.194138 -0.082064055 0.9945616 -0.06412981 0 0.0077477274 0.06498154 0.9978564 0 0 0 0 1 0.9966053 0.08159199 -0.010987295 13.194138 -0.08213164 0.99455154 -0.06419978 0 0.0056892433 0.06488424 0.9978766 0 0 0 0 1 0.9966097 0.082058236 -0.0059673144 13.194138 -0.08227226 0.9945362 -0.06425674 0 0.00066191633 0.064529836 0.99791557 0 0 0 0 1 0.9965649 0.08279693 0.0017265195 13.194138 -0.0825153 0.9945153 -0.06426924 0 -0.0070383465 0.06390601 0.9979311 0 0 0 0 1 0.99642247 0.08378944 0.011027053 13.194138 -0.08291498 0.99448186 -0.06427224 0 -0.01635154 0.063127995 0.99787146 0 0 0 0 1 0.9961691 0.08491891 0.020877782 13.194138 -0.083423086 0.9944361 -0.06432346 0 -0.026223898 0.06233536 0.9977107 0 0 0 0 1 0.9958371 0.085992835 0.03022854 13.194138 -0.083913304 0.99439037 -0.064391725 0 -0.0355962 0.061587088 0.99746674 0 0 0 0 1 0.99549246 0.08688279 0.038028374 13.194138 -0.084321536 0.9943525 -0.0644433 0 -0.043412626 0.060946204 0.9971965 0 0 0 0 1 0.9952295 0.08746203 0.043227877 13.194138 -0.084583946 0.9943303 -0.06444249 0 -0.048619058 0.060478684 0.9969847 0 0 0 0 1 0.99515295 0.08760139 0.044683892 13.194138 -0.08463971 0.9943316 -0.064349264 0 -0.05006769 0.060255326 0.99692655 0 0 0 0 1 0.9953595 0.08715649 0.04078333 13.194138 -0.08444269 0.9943641 -0.064105704 0 -0.046140708 0.060364366 0.9971094 0 0 0 0 1 0.99582744 0.085997604 0.030530376 13.194138 -0.08392485 0.9944349 -0.06368557 0 -0.035837278 0.060857583 0.9975029 0 0 0 0 1 0.99634093 0.08406527 0.015419936 13.194138 -0.08293645 0.99455035 -0.06317572 0 -0.020646786 0.06166568 0.99788326 0 0 0 0 1 0.99666977 0.081503145 -0.0025672626 13.194138 -0.08150361 0.9947021 -0.06264854 0 -0.0025523917 0.06264915 0.99803233 0 0 0 0 1 0.99666965 0.07867346 -0.02144977 13.194138 -0.07986852 0.9948665 -0.062142607 0 0.016450685 0.06364881 0.99783677 0 0 0 0 1 0.99634576 0.075862825 -0.039242562 13.194138 -0.07819292 0.99502647 -0.061710294 0 0.034365874 0.06455328 0.9973223 0 0 0 0 1 0.9958442 0.07336325 -0.053964652 13.194138 -0.07664009 0.9951671 -0.06139021 0 0.049200058 0.06527094 0.9966539 0 0 0 0 1 0.99539274 0.07146045 -0.06392744 13.194138 -0.07538239 0.99527496 -0.06119889 0 0.059252083 0.065735936 0.9960763 0 0 0 0 1 0.9951768 0.070411526 -0.0683034 13.194138 -0.07461756 0.99533767 -0.061115794 0 0.063681684 0.06591765 0.9957909 0 0 0 0 1 0.9952728 0.070242085 -0.0670673 13.194138 -0.074365415 0.99535745 -0.061101355 0 0.06246405 0.0658 0.9958758 0 0 0 0 1 0.9955426 0.07067684 -0.062448192 13.194138 -0.074492596 0.99535125 -0.061046895 0 0.057843287 0.06542671 0.99617946 0 0 0 0 1 0.99585676 0.071548015 -0.05612663 13.194138 -0.07494049 0.9953287 -0.06086579 0 0.051509626 0.06481977 0.9965667 0 0 0 0 1 0.99616647 0.0727233 -0.048617303 13.194138 -0.075618595 0.99529165 -0.060632948 0 0.043978967 0.064076886 0.9969754 0 0 0 0 1 0.9964162 0.07405747 -0.040867873 13.194138 -0.07644869 0.99524045 -0.060432117 0 0.03619791 0.06333984 0.9973353 0 0 0 0 1 0.99657875 0.07541017 -0.033823762 13.194138 -0.07734908 0.9951825 -0.0602407 0 0.029118052 0.062650844 0.9976106 0 0 0 0 1 0.99665767 0.07664815 -0.028257944 13.194138 -0.07823261 0.9951256 -0.06003971 0 0.023518268 0.062049728 0.99779594 0 0 0 0 1 0.9966896 0.07766714 -0.02403402 13.194138 -0.07898461 0.99507797 -0.059843812 0 0.019267827 0.061544027 0.99791837 0 0 0 0 1 0.9966958 0.07853281 -0.02073858 13.194138 -0.079643704 0.99503547 -0.05967687 0 0.01594903 0.06113138 0.9980023 0 0 0 0 1 0.99668264 0.07938009 -0.017959999 13.194138 -0.08031844 0.994988 -0.059563324 0 0.013141841 0.06080825 0.99806297 0 0 0 0 1 0.9966603 0.08021688 -0.015282768 13.194138 -0.08099089 0.9949355 -0.059529964 0 0.010430061 0.060568918 0.9981095 0 0 0 0 1 0.99663156 0.081042916 -0.012551398 13.194138 -0.08165081 0.99487776 -0.05959339 0 0.007657484 0.060417484 0.99814385 0 0 0 0 1 0.99659526 0.08184845 -0.009932404 13.194138 -0.08229753 0.99481755 -0.05970849 0 0.0049938825 0.060322613 0.99816644 0 0 0 0 1 0.9965524 0.08262651 -0.0074937665 13.194138 -0.082927614 0.99475825 -0.059824906 0 0.002511363 0.060240097 0.99818075 0 0 0 0 1 0.99650455 0.08336981 -0.005305221 13.194138 -0.083537966 0.9947005 -0.059936143 0 0.00028024055 0.06016983 0.99818814 0 0 0 0 1 0.9964538 0.08407101 -0.003436484 13.194138 -0.084125444 0.994645 -0.060035616 0 -0.0016291729 0.060111813 0.99819034 0 0 0 0 1 0.9964026 0.08472283 -0.0019572568 13.194138 -0.084686995 0.9945924 -0.06011664 0 -0.003146579 0.060066134 0.99818945 0 0 0 0 1 0.9963533 0.08531791 -0.0009372226 13.194138 -0.08521955 0.99454355 -0.060172506 0 -0.0042016837 0.06003295 0.99818754 0 0 0 0 1 0.9963081 0.08584895 -0.00044605788 13.194138 -0.085720025 0.9944991 -0.060196444 0 -0.004724197 0.060012437 0.99818647 0 0 0 0 1 0.9962683 0.08630859 -0.00055343285 13.194138 -0.08618534 0.9944598 -0.060181662 0 -0.0046438277 0.06000478 0.9981873 0 0 0 0 1 0.99623483 0.086680956 -0.001612918 13.194138 -0.08662092 0.9944263 -0.060109057 0 -0.0036063823 0.06002245 0.9981905 0 0 0 0 1 0.99620503 0.086957544 -0.0037314692 13.194138 -0.08702457 0.9943995 -0.059970077 0 -0.0015042797 0.060067225 0.9981932 0 0 0 0 1 0.996174 0.08714211 -0.0066088447 13.194138 -0.087381735 0.99437994 -0.059774082 0 0.001362863 0.060122874 0.99819005 0 0 0 0 1 0.9961472 0.08713133 -0.009941611 13.194138 -0.08757069 0.9943779 -0.059531398 0 0.0046986686 0.060172632 0.99817693 0 0 0 0 1 0.99613 0.086860314 -0.01342755 13.194138 -0.08750817 0.9944 -0.05925317 0 0.0082056075 0.06019888 0.9981527 0 0 0 0 1 0.9961202 0.08639037 -0.016769696 13.194138 -0.08723762 0.99443984 -0.058983054 0 0.011580885 0.06021716 0.9981181 0 0 0 0 1 0.9961162 0.085776545 -0.019872209 13.194138 -0.08680873 0.99449086 -0.058755256 0 0.014722908 0.060252145 0.9980746 0 0 0 0 1 0.9961151 0.08507057 -0.02275394 13.194138 -0.08627457 0.99454856 -0.058565374 0 0.017647708 0.060300943 0.9980242 0 0 0 0 1 0.996117 0.084328584 -0.025290662 13.194138 -0.08568398 0.99460846 -0.058414795 0 0.020228269 0.060354978 0.997972 0 0 0 0 1 0.9961232 0.08360676 -0.027358139 13.194138 -0.08508579 0.9946663 -0.05830446 0 0.022337573 0.060406215 0.9979239 0 0 0 0 1 0.9961356 0.08296134 -0.028832145 13.194138 -0.08452881 0.99471784 -0.058234893 0 0.023848604 0.060447 0.9978865 0 0 0 0 1 0.996156 0.08244862 -0.02958846 13.194138 -0.084061876 0.9947591 -0.05820642 0 0.02463435 0.060469937 0.997866 0 0 0 0 1 0.9961958 0.082136795 -0.029110659 13.194138 -0.08372231 0.99478596 -0.058235835 0 0.024175573 0.060451504 0.9978783 0 0 0 0 1 0.99625635 0.08208708 -0.027110929 13.194138 -0.08355398 0.9947946 -0.058330424 0 0.022181632 0.060377277 0.99792916 0 0 0 0 1 0.9963195 0.08234506 -0.023807904 13.194138 -0.08361525 0.99478084 -0.058477044 0 0.018868351 0.060252517 0.9980048 0 0 0 0 1 0.996377 0.082800716 -0.019415723 13.194138 -0.08380897 0.9947535 -0.05866538 0 0.014456322 0.060080044 0.9980889 0 0 0 0 1 0.99642366 0.083304934 -0.01414744 13.194138 -0.08399894 0.99472445 -0.05888507 0 0.009167388 0.05986285 0.99816453 0 0 0 0 1 0.9964444 0.083841875 -0.008310771 13.194138 -0.08418773 0.99469453 -0.05911989 0 0.0033099558 0.05960935 0.9982163 0 0 0 0 1 0.99642986 0.08439467 -0.0022504448 13.194138 -0.0843792 0.9946645 -0.059351932 0 -0.0027705494 0.05932993 0.99823457 0 0 0 0 1 0.99637824 0.08494886 0.003759862 13.194138 -0.08457526 0.9946336 -0.059589863 0 -0.008801776 0.05905605 0.99821585 0 0 0 0 1 0.9962942 0.08549036 0.009446425 13.194138 -0.08477768 0.9946012 -0.05984339 0 -0.014511459 0.058820777 0.9981631 0 0 0 0 1 0.99618864 0.08600539 0.0145366 13.194138 -0.084988475 0.99456775 -0.060099028 0 -0.019626474 0.058634527 0.9980866 0 0 0 0 1 0.99607694 0.08648014 0.018757934 13.194138 -0.08520982 0.9945341 -0.060343094 0 -0.023873882 0.05850801 0.99800146 0 0 0 0 1 0.99596864 0.08691149 0.022201518 13.194138 -0.08543304 0.9945007 -0.060577318 0 -0.027344288 0.058436364 0.9979166 0 0 0 0 1 0.9958621 0.08730405 0.02523261 13.194138 -0.08564096 0.9944683 -0.06081512 0 -0.030402437 0.058402523 0.9978301 0 0 0 0 1 0.9957575 0.08765581 0.02799008 13.194138 -0.08582325 0.9944375 -0.061060373 0 -0.03318668 0.058399122 0.9977415 0 0 0 0 1 0.9956531 0.087964654 0.03061276 13.194138 -0.08596948 0.9944091 -0.061316956 0 -0.035835333 0.05841865 0.9976488 0 0 0 0 1 0.9955455 0.08822846 0.033239447 13.194138 -0.08606916 0.9943837 -0.06158878 0 -0.038486645 0.058453545 0.997548 0 0 0 0 1 0.9954345 0.08844166 0.03589101 13.194138 -0.08611544 0.99436194 -0.06187466 0 -0.041160956 0.058501404 0.9974384 0 0 0 0 1 0.9953266 0.08859385 0.038421016 13.194138 -0.086106725 0.99434453 -0.06216621 0 -0.04371127 0.05856737 0.997326 0 0 0 0 1 0.995228 0.08867553 0.040717263 13.194138 -0.08604045 0.9943321 -0.062456474 0 -0.04602484 0.058655098 0.99721676 0 0 0 0 1 0.99514616 0.08867723 0.04266761 13.194138 -0.08591412 0.9943252 -0.062738545 0 -0.047988962 0.05876827 0.9971175 0 0 0 0 1 0.9950889 0.08858942 0.04415997 13.194138 -0.08572533 0.9943246 -0.06300558 0 -0.049490973 0.058910526 0.9970357 0 0 0 0 1 0.99506414 0.08840251 0.045082238 13.194138 -0.085471734 0.9943309 -0.06325084 0 -0.050418194 0.059085384 0.9969789 0 0 0 0 1 0.99507946 0.088106796 0.04532231 13.194138 -0.085151 0.9943446 -0.06346774 0 -0.05065793 0.059296202 0.9969542 0 0 0 0 1 0.9951411 0.08769253 0.044768028 13.194138 -0.08476086 0.9943663 -0.06364995 0 -0.050097443 0.059546106 0.9969677 0 0 0 0 1 0.9952601 0.08707241 0.04330959 13.194138 -0.08422158 0.9944031 -0.06378971 0 -0.04862152 0.059839755 0.99702317 0 0 0 0 1 0.9952601 0.08707241 0.04330959 13.194138 -0.08422158 0.9944031 -0.06378971 0 -0.04862152 0.059839755 0.99702317 0 0 0 0 1</float_array>
        <technique_common>
          <accessor source="#Motion_55_Spine2_transform_pose_array_id" count="86" stride="16">
            <param name="TRANSFORM" type="float4x4" />
          </accessor>
        </technique_common>
      </source>
      <sampler id="Motion_55_Spine2_transform_samp_id">
        <input semantic="INPUT" source="#Motion_55_Spine2_transform_frame_id" />
        <input semantic="INTERPOLATION" source="#Motion_55_Spine2_transform_interp_id" />
        <input semantic="OUTPUT" source="#Motion_55_Spine2_transform_pose_id" />
      </sampler>
      <channel source="#Motion_55_Spine2_transform_samp_id" target="Spine2_bone_id/transform" />
    </animation>
    <animation id="Motion_55_Spine3_transform_id" name="Motion_55_Spine3_transform">
      <source id="Motion_55_Spine3_transform_frame_id" name="Motion_55_Spine3_transform_frame">
        <float_array id="Motion_55_Spine3_transform_frame_array_id" count="86">0 0.033333335 0.06666667 0.1 0.13333334 0.16666667 0.2 0.23333333 0.26666668 0.3 0.33333334 0.36666667 0.4 0.43333334 0.46666667 0.5 0.53333336 0.56666666 0.6 0.6333333 0.6666667 0.7 0.73333335 0.76666665 0.8 0.8333333 0.8666667 0.9 0.93333334 0.96666664 1 1.0333333 1.0666667 1.1 1.1333333 1.1666666 1.2 1.2333333 1.2666667 1.3 1.3333334 1.3666667 1.4 1.4333333 1.4666667 1.5 1.5333333 1.5666667 1.6 1.6333333 1.6666666 1.7 1.7333333 1.7666667 1.8 1.8333334 1.8666667 1.9 1.9333333 1.9666667 2 2.0333333 2.0666666 2.1 2.1333334 2.1666667 2.2 2.2333333 2.2666667 2.3 2.3333333 2.3666666 2.4 2.4333334 2.4666667 2.5 2.5333333 2.5666666 2.6 2.6333334 2.6666667 2.7 2.7333333 2.7666667 2.8 2.8333333</float_array>
        <technique_common>
          <accessor source="#Motion_55_Spine3_transform_frame_array_id" count="86" stride="1">
            <param name="TIME" type="float" />
          </accessor>
        </technique_common>
      </source>
      <source id="Motion_55_Spine3_transform_interp_id" name="Motion_55_Spine3_transform_interp">
        <Name_array id="Motion_55_Spine3_transform_interp_array_id" count="86">LINEAR LINEAR LINEAR LINEAR LINEAR LINEAR LINEAR LINEAR LINEAR LINEAR LINEAR LINEAR LINEAR LINEAR LINEAR LINEAR LINEAR LINEAR LINEAR LINEAR LINEAR LINEAR LINEAR LINEAR LINEAR LINEAR LINEAR LINEAR LINEAR LINEAR LINEAR LINEAR LINEAR LINEAR LINEAR LINEAR LINEAR LINEAR LINEAR LINEAR LINEAR LINEAR LINEAR LINEAR LINEAR LINEAR LINEAR LINEAR LINEAR LINEAR LINEAR LINEAR LINEAR LINEAR LINEAR LINEAR LINEAR LINEAR LINEAR LINEAR LINEAR LINEAR LINEAR LINEAR LINEAR LINEAR LINEAR LINEAR LINEAR LINEAR LINEAR LINEAR LINEAR LINEAR LINEAR LINEAR LINEAR LINEAR LINEAR LINEAR LINEAR LINEAR LINEAR LINEAR LINEAR LINEAR</Name_array>
        <technique_common>
          <accessor source="#Motion_55_Spine3_transform_interp_array_id" count="86" stride="1">
            <param name="INTERPOLATION" type="Name" />
          </accessor>
        </technique_common>
      </source>
      <source id="Motion_55_Spine3_transform_pose_id" name="Motion_55_Spine3_transform_pose">
        <float_array id="Motion_55_Spine3_transform_pose_array_id" count="1376">0.9697199 -0.04786717 0.23948301 13.19413 0.044932142 0.9988332 0.01770366 0 -0.24005099 -0.0064071054 0.9707391 0 0 0 0 1 0.9699251 -0.048004016 0.23862301 13.19413 0.04520257 0.9988297 0.017201755 0 -0.2391695 -0.0058980407 0.9709599 0 0 0 0 1 0.97026134 -0.04810597 0.23723137 13.19413 0.045508824 0.99882907 0.01641513 0 -0.23774326 -0.0051308456 0.9713145 0 0 0 0 1 0.97076607 -0.04817801 0.23514274 13.19413 0.045839913 0.99883 0.015402615 0 -0.23560971 -0.0041734143 0.9718388 0 0 0 0 1 0.97147393 -0.04822558 0.23219097 13.19413 0.046184264 0.9988317 0.014222896 0 -0.2326056 -0.003093604 0.97256625 0 0 0 0 1 0.9724156 -0.048254453 0.22820897 13.19413 0.04652986 0.9988332 0.0129345665 0 -0.22856684 -0.0019592429 0.97352624 0 0 0 0 1 0.97361606 -0.04827051 0.22302845 13.19413 0.046864413 0.99883395 0.011596192 0 -0.22332814 -0.0008381419 0.97474295 0 0 0 0 1 0.9750927 -0.048279364 0.21647945 13.19413 0.04717562 0.99883384 0.010266384 0 -0.21672267 0.00020187674 0.9762332 0 0 0 0 1 0.9767898 -0.048285488 0.20868708 13.19413 0.047449965 0.99883294 0.009011074 0 -0.20887865 0.0011002701 0.977941 0 0 0 0 1 0.9785153 -0.048290506 0.20043886 13.19413 0.0476723 0.9988317 0.0079126675 0 -0.2005868 0.0018127162 0.9796743 0 0 0 0 1 0.9800958 -0.048308212 0.19255783 13.19413 0.0478159 0.9988302 0.007205814 0 -0.19268067 0.002144938 0.98125917 0 0 0 0 1 0.9813837 -0.048340037 0.18587448 13.19413 0.04786717 0.99882895 0.0070336247 0 -0.18599682 0.0019946003 0.9825483 0 0 0 0 1 0.982251 -0.04836946 0.1812276 13.19413 0.047831126 0.9988285 0.007342289 0 -0.1813704 0.0014563485 0.98341376 0 0 0 0 1 0.98257536 -0.048383914 0.1794567 13.19413 0.047709025 0.9988286 0.00807731 0 -0.1796373 0.0006251382 0.9837327 0 0 0 0 1 0.98221916 -0.048375268 0.18139826 13.19413 0.04749736 0.9988291 0.00918317 0 -0.18163012 -0.00040394766 0.98336685 0 0 0 0 1 0.9811044 -0.048339434 0.1873432 13.19413 0.04719057 0.9988298 0.010590127 0 -0.18763588 -0.0015491867 0.98223746 0 0 0 0 1 0.9793669 -0.048273392 0.19624013 13.19413 0.046789072 0.9988303 0.012195576 0 -0.1965993 -0.00276205 0.98048 0 0 0 0 1 0.9771699 -0.0482367 0.20691128 13.19413 0.046391558 0.99882853 0.013763182 0 -0.20733277 -0.0038500284 0.9782629 0 0 0 0 1 0.97471255 -0.048278235 0.21818495 13.19413 0.046100117 0.9988232 0.015065485 0 -0.21865553 -0.004626165 0.97579116 0 0 0 0 1 0.9722481 -0.048374373 0.2288965 13.19413 0.04592682 0.9988165 0.016010981 0 -0.22940013 -0.005054158 0.9733191 0 0 0 0 1 0.9700797 -0.0484995 0.2378932 13.19413 0.045887437 0.9988102 0.016508752 0 -0.2384108 -0.005098496 0.971151 0 0 0 0 1 0.9685472 -0.04862847 0.24403183 13.19413 0.045998566 0.99880576 0.016467571 0 -0.24454118 -0.0047245068 0.9696274 0 0 0 0 1 0.96799976 -0.048739675 0.24617264 13.19413 0.0462739 0.9988039 0.015794847 0 -0.24664801 -0.0038980404 0.9690973 0 0 0 0 1 0.9687025 -0.04884101 0.24337228 13.19413 0.04669523 0.9988027 0.0145815825 0 -0.24379309 -0.0027608918 0.96982336 0 0 0 0 1 0.9704546 -0.048961867 0.23626406 13.19413 0.047208045 0.99879944 0.013077842 0 -0.23662074 -0.001537886 0.9716009 0 0 0 0 1 0.972873 -0.049115308 0.22606596 13.19413 0.047768258 0.99879307 0.011428427 0 -0.22635442 -0.00031963037 0.974045 0 0 0 0 1 0.9755882 -0.049309615 0.21400045 13.19413 0.04833672 0.99878323 0.009779815 0 -0.2142223 0.0008030073 0.9767846 0 0 0 0 1 0.9782819 -0.049415726 0.20130233 13.19413 0.0487498 0.9987768 0.008267347 0 -0.20146464 0.0017256537 0.9794943 0 0 0 0 1 0.9806955 -0.049317583 0.18921979 13.19413 0.04886993 0.99878037 0.007033697 0 -0.1893359 0.002349243 0.9819096 0 0 0 0 1 0.98265284 -0.04903635 0.17885406 13.19413 0.04870717 0.99879366 0.0062338756 0 -0.17894398 0.0025857398 0.98385584 0 0 0 0 1 0.98397154 -0.048591577 0.17157747 13.19413 0.048273586 0.99881595 0.0060276594 0 -0.1716672 0.0023516149 0.9851522 0 0 0 0 1 0.9844368 -0.047990445 0.16905935 13.19413 0.047593366 0.9988463 0.0064025945 0 -0.16917156 0.0017431532 0.9855851 0 0 0 0 1 0.98383963 -0.047236945 0.1727085 13.19413 0.04669502 0.99888325 0.007201601 0 -0.17285581 0.0009794068 0.98494667 0 0 0 0 1 0.9822562 -0.04635237 0.18172573 13.19413 0.045599706 0.99892515 0.008319987 0 -0.18191604 0.00011428166 0.98331404 0 0 0 0 1 0.9798603 -0.04535854 0.1944643 13.19413 0.04433137 0.99897045 0.009633083 0 -0.19470102 -0.0008182074 0.9808623 0 0 0 0 1 0.97684944 -0.04435483 0.20927925 13.19413 0.042998742 0.99901426 0.011027424 0 -0.20956208 -0.0017733877 0.97779375 0 0 0 0 1 0.97345954 -0.04342234 0.22470208 13.19413 0.041702054 0.9990532 0.0123984795 0 -0.2250277 -0.002698881 0.9743486 0 0 0 0 1 0.9701081 -0.04254915 0.23891398 13.19413 0.04046333 0.99908805 0.013630606 0 -0.23927608 -0.0035559055 0.97094506 0 0 0 0 1 0.9674049 -0.041717835 0.24977471 13.19413 0.03931427 0.9991201 0.0146063985 0 -0.2501643 -0.00431059 0.9681938 0 0 0 0 1 0.96578056 -0.040925477 0.2561113 13.19413 0.038265843 0.9991495 0.0153615335 0 -0.25652215 -0.005035556 0.96652526 0 0 0 0 1 0.9649116 -0.040181153 0.25948244 13.19413 0.037296243 0.9991756 0.01603364 0 -0.2599128 -0.005793324 0.96561474 0 0 0 0 1 0.9642998 -0.039484397 0.2618528 13.19413 0.036389753 0.9991988 0.016658712 0 -0.2623008 -0.0065352335 0.96496403 0 0 0 0 1 0.9636883 -0.03883498 0.26419052 13.19413 0.035537615 0.9992194 0.01725075 0 -0.26465425 -0.007235646 0.96431625 0 0 0 0 1 0.96316546 -0.038230017 0.26617798 13.19413 0.034742825 0.9992378 0.01779932 0 -0.26665553 -0.007895915 0.96375954 0 0 0 0 1 0.96272564 -0.037667405 0.26784417 13.19413 0.03400516 0.9992541 0.01830044 0 -0.2683337 -0.008510219 0.9632884 0 0 0 0 1 0.96236265 -0.037145093 0.26921806 13.19413 0.033324324 0.9992687 0.01875003 0 -0.26971766 -0.009072821 0.9628967 0 0 0 0 1 0.96206987 -0.03666114 0.27032858 13.19413 0.03269998 0.9992818 0.019143922 0 -0.2708363 -0.009578051 0.96257776 0 0 0 0 1 0.96184033 -0.036213648 0.27120432 13.19413 0.032131735 0.9992938 0.019477842 0 -0.27171817 -0.010020308 0.9623247 0 0 0 0 1 0.96166664 -0.03580079 0.27187413 13.19413 0.03161915 0.9993049 0.019747458 0 -0.2723921 -0.010394044 0.9621302 0 0 0 0 1 0.9615417 -0.035411485 0.27236658 13.19413 0.031152405 0.99931556 0.01994706 0 -0.2728865 -0.010695053 0.9619868 0 0 0 0 1 0.96145576 -0.035102736 0.2727097 13.19413 0.030789677 0.99932414 0.020080326 0 -0.27323028 -0.010909703 0.96188676 0 0 0 0 1 0.9613977 -0.03497485 0.27293083 13.19413 0.030632356 0.9993275 0.020156946 0 -0.27345225 -0.011018328 0.96182245 0 0 0 0 1 0.96135616 -0.03511198 0.27305955 13.19413 0.030798063 0.9993241 0.02007013 0 -0.27357972 -0.010884836 0.96178776 0 0 0 0 1 0.9613195 -0.03560422 0.2731247 13.19413 0.03139851 0.9993117 0.0197555 0 -0.2736401 -0.01041564 0.9617758 0 0 0 0 1 0.96126455 -0.036560964 0.27319175 13.19413 0.032525685 0.9992848 0.019286927 0 -0.2737015 -0.009654092 0.96176624 0 0 0 0 1 0.9614756 -0.03808764 0.2722388 13.19413 0.03428312 0.9992368 0.018719543 0 -0.272744 -0.00866519 0.96204764 0 0 0 0 1 0.9624022 -0.040035307 0.2686617 13.19413 0.036523968 0.99916965 0.018057331 0 -0.26916155 -0.007565824 0.9630653 0 0 0 0 1 0.96419066 -0.0420933 0.2618483 13.19413 0.03892094 0.99909264 0.017292067 0 -0.2623386 -0.0064814687 0.96495414 0 0 0 0 1 0.96648985 -0.04412566 0.25288394 13.19413 0.041300327 0.999011 0.016472662 0 -0.25336072 -0.0054764696 0.9673564 0 0 0 0 1 0.96900755 -0.04599208 0.24271192 13.19413 0.04349168 0.99893117 0.01565294 0 -0.24317242 -0.004611868 0.96997213 0 0 0 0 1 0.9714851 -0.047548313 0.23228408 13.19413 0.04532676 0.99886113 0.014895099 0 -0.23272778 -0.003941682 0.97253394 0 0 0 0 1 0.9737041 -0.048646882 0.22256179 13.19413 0.046639703 0.9988099 0.014268925 0 -0.22299106 -0.0035134964 0.9748142 0 0 0 0 1 0.9754839 -0.049138345 0.21451476 13.19413 0.047266603 0.9987863 0.013849378 0 -0.21493495 -0.0033704615 0.9766226 0 0 0 0 1 0.9766507 -0.049237173 0.20911501 13.19413 0.047408547 0.9987809 0.013751088 0 -0.20953716 -0.0035161697 0.97779435 0 0 0 0 1 0.97710633 -0.049273416 0.20696704 13.19413 0.047382608 0.9987775 0.014085993 0 -0.20740809 -0.003956876 0.9782465 0 0 0 0 1 0.97707075 -0.04925513 0.20713922 13.19413 0.04722405 0.99877554 0.014741698 0 -0.20761168 -0.004621731 0.9782004 0 0 0 0 1 0.97682846 -0.04918306 0.20829602 13.19413 0.046977703 0.9987753 0.015524384 0 -0.20880444 -0.0053793904 0.97794265 0 0 0 0 1 0.97652805 -0.049069967 0.20972636 13.19413 0.04667194 0.99877614 0.01637112 0 -0.210273 -0.0061985226 0.97762305 0 0 0 0 1 0.9761426 -0.048929688 0.21154548 13.19413 0.046328362 0.9987775 0.017238753 0 -0.21213035 -0.0070269243 0.9772161 0 0 0 0 1 0.975691 -0.04877542 0.21365398 13.19413 0.0459707 0.9987792 0.0180791 0 -0.21427497 -0.007817792 0.9767421 0 0 0 0 1 0.9751926 -0.048619952 0.21595253 13.19413 0.04562303 0.99878097 0.018844156 0 -0.21660547 -0.008524273 0.976222 0 0 0 0 1 0.9746676 -0.048475694 0.21834195 13.19413 0.045309868 0.99878293 0.019486109 0 -0.21902081 -0.009099435 0.9756777 0 0 0 0 1 0.9741371 -0.048354622 0.22072315 13.19413 0.04505611 0.9987851 0.019957352 0 -0.22142002 -0.009496273 0.9751323 0 0 0 0 1 0.9736233 -0.0482684 0.22299737 13.19413 0.04488697 0.99878764 0.020210467 0 -0.22370255 -0.009667706 0.9746095 0 0 0 0 1 0.9731506 -0.048211355 0.22506343 13.19413 0.044783775 0.99879014 0.02031279 0 -0.22577046 -0.009688214 0.97413236 0 0 0 0 1 0.97274494 -0.048167873 0.22681966 13.19413 0.04471012 0.99879247 0.020360528 0 -0.22752652 -0.009664467 0.97372395 0 0 0 0 1 0.9723976 -0.048135113 0.22831082 13.19413 0.04466312 0.99879473 0.020352887 0 -0.22901535 -0.009594027 0.97337556 0 0 0 0 1 0.97207904 -0.0481106 0.22966859 13.19413 0.044638883 0.9987971 0.02029101 0 -0.23036852 -0.009472318 0.9730573 0 0 0 0 1 0.97178245 -0.048091482 0.23092428 13.19413 0.04463463 0.9987997 0.020173747 0 -0.23161727 -0.009297275 0.9727626 0 0 0 0 1 0.97150093 -0.048074923 0.2321093 13.19413 0.044647597 0.9988026 0.01999994 0 -0.23279287 -0.009066837 0.97248405 0 0 0 0 1 0.97122735 -0.04805803 0.23325488 13.19413 0.04467498 0.99880594 0.019768413 0 -0.23392639 -0.008778966 0.9722147 0 0 0 0 1 0.9709545 -0.04803793 0.23439224 13.19413 0.04471401 0.99880993 0.019477986 0 -0.23504896 -0.008431621 0.97194695 0 0 0 0 1 0.97067493 -0.048011754 0.23555258 13.19413 0.04476196 0.9988145 0.019127484 0 -0.23619169 -0.008022776 0.97167337 0 0 0 0 1 0.97038114 -0.047976557 0.23676707 13.19413 0.044816073 0.99881995 0.018715717 0 -0.23738559 -0.0075504086 0.97138613 0 0 0 0 1 0.9700654 -0.047929365 0.23806685 13.19413 0.04487368 0.9988261 0.018241502 0 -0.2386617 -0.007012516 0.97107744 0 0 0 0 1 0.9700654 -0.047929365 0.23806685 13.19413 0.04487368 0.9988261 0.018241502 0 -0.2386617 -0.007012516 0.97107744 0 0 0 0 1</float_array>
        <technique_common>
          <accessor source="#Motion_55_Spine3_transform_pose_array_id" count="86" stride="16">
            <param name="TRANSFORM" type="float4x4" />
          </accessor>
        </technique_common>
      </source>
      <sampler id="Motion_55_Spine3_transform_samp_id">
        <input semantic="INPUT" source="#Motion_55_Spine3_transform_frame_id" />
        <input semantic="INTERPOLATION" source="#Motion_55_Spine3_transform_interp_id" />
        <input semantic="OUTPUT" source="#Motion_55_Spine3_transform_pose_id" />
      </sampler>
      <channel source="#Motion_55_Spine3_transform_samp_id" target="Spine3_bone_id/transform" />
    </animation>
    <animation id="Motion_55_RShoulder_transform_id" name="Motion_55_RShoulder_transform">
      <source id="Motion_55_RShoulder_transform_frame_id" name="Motion_55_RShoulder_transform_frame">
        <float_array id="Motion_55_RShoulder_transform_frame_array_id" count="86">0 0.033333335 0.06666667 0.1 0.13333334 0.16666667 0.2 0.23333333 0.26666668 0.3 0.33333334 0.36666667 0.4 0.43333334 0.46666667 0.5 0.53333336 0.56666666 0.6 0.6333333 0.6666667 0.7 0.73333335 0.76666665 0.8 0.8333333 0.8666667 0.9 0.93333334 0.96666664 1 1.0333333 1.0666667 1.1 1.1333333 1.1666666 1.2 1.2333333 1.2666667 1.3 1.3333334 1.3666667 1.4 1.4333333 1.4666667 1.5 1.5333333 1.5666667 1.6 1.6333333 1.6666666 1.7 1.7333333 1.7666667 1.8 1.8333334 1.8666667 1.9 1.9333333 1.9666667 2 2.0333333 2.0666666 2.1 2.1333334 2.1666667 2.2 2.2333333 2.2666667 2.3 2.3333333 2.3666666 2.4 2.4333334 2.4666667 2.5 2.5333333 2.5666666 2.6 2.6333334 2.6666667 2.7 2.7333333 2.7666667 2.8 2.8333333</float_array>
        <technique_common>
          <accessor source="#Motion_55_RShoulder_transform_frame_array_id" count="86" stride="1">
            <param name="TIME" type="float" />
          </accessor>
        </technique_common>
      </source>
      <source id="Motion_55_RShoulder_transform_interp_id" name="Motion_55_RShoulder_transform_interp">
        <Name_array id="Motion_55_RShoulder_transform_interp_array_id" count="86">LINEAR LINEAR LINEAR LINEAR LINEAR LINEAR LINEAR LINEAR LINEAR LINEAR LINEAR LINEAR LINEAR LINEAR LINEAR LINEAR LINEAR LINEAR LINEAR LINEAR LINEAR LINEAR LINEAR LINEAR LINEAR LINEAR LINEAR LINEAR LINEAR LINEAR LINEAR LINEAR LINEAR LINEAR LINEAR LINEAR LINEAR LINEAR LINEAR LINEAR LINEAR LINEAR LINEAR LINEAR LINEAR LINEAR LINEAR LINEAR LINEAR LINEAR LINEAR LINEAR LINEAR LINEAR LINEAR LINEAR LINEAR LINEAR LINEAR LINEAR LINEAR LINEAR LINEAR LINEAR LINEAR LINEAR LINEAR LINEAR LINEAR LINEAR LINEAR LINEAR LINEAR LINEAR LINEAR LINEAR LINEAR LINEAR LINEAR LINEAR LINEAR LINEAR LINEAR LINEAR LINEAR LINEAR</Name_array>
        <technique_common>
          <accessor source="#Motion_55_RShoulder_transform_interp_array_id" count="86" stride="1">
            <param name="INTERPOLATION" type="Name" />
          </accessor>
        </technique_common>
      </source>
      <source id="Motion_55_RShoulder_transform_pose_id" name="Motion_55_RShoulder_transform_pose">
        <float_array id="Motion_55_RShoulder_transform_pose_array_id" count="1376">-0.6627691 -0.7308647 -0.16301508 15.41874 0.7478263 -0.6572454 -0.09372544 4.285369 -0.038640287 -0.18402529 0.9821617 -0.220194 0 0 0 1 -0.66365695 -0.7306185 -0.16048844 15.41874 0.7473352 -0.6568886 -0.09993991 4.285369 -0.03240505 -0.18626443 0.9819651 -0.220194 0 0 0 1 -0.6646124 -0.73040193 -0.15748976 15.41874 0.74676675 -0.65639234 -0.10718283 4.285369 -0.025088534 -0.18884319 0.9816867 -0.220194 0 0 0 1 -0.6656383 -0.73019314 -0.15409029 15.41874 0.74608684 -0.65576196 -0.11545921 4.285369 -0.01673901 -0.1918188 0.9812876 -0.220194 0 0 0 1 -0.6666869 -0.7299766 -0.15054059 15.41874 0.74529594 -0.6550485 -0.12427895 4.285369 -0.007890649 -0.19505246 0.98076105 -0.220194 0 0 0 1 -0.66765404 -0.7297664 -0.14723805 15.41874 0.7444716 -0.65436006 -0.1325706 4.285369 0.00039888173 -0.19812584 0.9801765 -0.220194 0 0 0 1 -0.6684542 -0.72958595 -0.14447612 15.41874 0.7437175 -0.65378344 -0.13946858 4.285369 0.0072982237 -0.20067775 0.9796301 -0.220194 0 0 0 1 -0.6690018 -0.7294627 -0.14255059 15.41874 0.7431641 -0.6534059 -0.14410996 4.285369 0.011979438 -0.20234832 0.97924036 -0.220194 0 0 0 1 -0.6692116 -0.72942466 -0.1417579 15.41874 0.74294704 -0.65331507 -0.14563301 4.285369 0.013615735 -0.20277792 0.9791301 -0.220194 0 0 0 1 -0.66902685 -0.7295348 -0.1420625 15.41874 0.7431441 -0.653569 -0.14347197 4.285369 0.011820152 -0.20155953 0.9794049 -0.220194 0 0 0 1 -0.66851604 -0.72980267 -0.14308956 15.41874 0.74366206 -0.6541065 -0.13824497 4.285369 0.0072957575 -0.19882925 0.980007 -0.220194 0 0 0 1 -0.66778123 -0.7301729 -0.14462464 15.41874 0.74435747 -0.65483344 -0.13086453 4.285369 0.00084868073 -0.19504124 0.98079467 -0.220194 0 0 0 1 -0.6669228 -0.73059237 -0.14645448 15.41874 0.7450967 -0.655658 -0.12224459 4.285369 -0.0067130774 -0.19065043 0.98163503 -0.220194 0 0 0 1 -0.6660377 -0.7310132 -0.14836901 15.41874 0.7457756 -0.6564915 -0.113302454 4.285369 -0.014577404 -0.1861137 0.9824201 -0.220194 0 0 0 1 -0.6652174 -0.7313939 -0.15016197 15.41874 0.7463276 -0.65725076 -0.10495875 4.285369 -0.021927908 -0.18189043 0.9830743 -0.220194 0 0 0 1 -0.6645477 -0.7316999 -0.1516306 15.41874 0.74672323 -0.6578555 -0.09813611 4.285369 -0.027944822 -0.1784422 0.98355347 -0.220194 0 0 0 1 -0.66411114 -0.7318997 -0.15257406 15.41874 0.74695665 -0.6582285 -0.093758315 4.285369 -0.031806927 -0.17623219 0.9838346 -0.220194 0 0 0 1 -0.6639466 -0.73195964 -0.15300365 15.41874 0.7470438 -0.6583375 -0.092290506 4.285369 -0.033175096 -0.17557637 0.9839067 -0.220194 0 0 0 1 -0.6639577 -0.73194194 -0.15303949 15.41874 0.7470459 -0.65827954 -0.092685014 4.285369 -0.03290271 -0.17586645 0.983864 -0.220194 0 0 0 1 -0.6640271 -0.7319618 -0.1526443 15.41874 0.74702543 -0.65817404 -0.09359579 4.285369 -0.03195796 -0.1761793 0.9838392 -0.220194 0 0 0 1 -0.66407657 -0.73205185 -0.15199399 15.41874 0.7470176 -0.65810084 -0.09416829 4.285369 -0.031091332 -0.17607717 0.9838852 -0.220194 0 0 0 1 -0.66411674 -0.7321446 -0.15137126 15.41874 0.74701035 -0.6580583 -0.094524145 4.285369 -0.030405771 -0.17585096 0.9839471 -0.220194 0 0 0 1 -0.66416883 -0.73223615 -0.15069638 15.41874 0.74699235 -0.6580281 -0.09487299 4.285369 -0.029693052 -0.17558077 0.98401713 -0.220194 0 0 0 1 -0.66425085 -0.73230755 -0.14998715 15.41874 0.7469529 -0.65799975 -0.0953805 4.285369 -0.028843656 -0.17538993 0.98407644 -0.220194 0 0 0 1 -0.66437924 -0.7323395 -0.1492613 15.41874 0.7468803 -0.65796125 -0.09621228 4.285369 -0.027748093 -0.17540176 0.9841058 -0.220194 0 0 0 1 -0.6645714 -0.7323128 -0.14853644 15.41874 0.74676204 -0.65790105 -0.09753378 4.285369 -0.02629704 -0.17573951 0.9840854 -0.220194 0 0 0 1 -0.66482437 -0.73222566 -0.14783221 15.41874 0.74660194 -0.65778697 -0.09950894 4.285369 -0.024379104 -0.17652777 0.9839937 -0.220194 0 0 0 1 -0.665135 -0.732077 -0.14716813 15.41874 0.74640226 -0.6575848 -0.102301456 4.285369 -0.021882989 -0.17789093 0.98380685 -0.220194 0 0 0 1 -0.66551995 -0.7318492 -0.14656132 15.41874 0.74614596 -0.65727806 -0.10607605 4.285369 -0.018699847 -0.17995183 0.9834977 -0.220194 0 0 0 1 -0.6659757 -0.73156106 -0.1459264 15.41874 0.7458259 -0.65686774 -0.11076174 4.285369 -0.014825389 -0.18260035 0.98307544 -0.220194 0 0 0 1 -0.6664599 -0.73127055 -0.1451717 15.41874 0.74546635 -0.6563945 -0.115872785 4.285369 -0.010555543 -0.18544514 0.98259795 -0.220194 0 0 0 1 -0.66692185 -0.73099023 -0.14445913 15.41874 0.7451002 -0.6559063 -0.12088213 4.285369 -0.006388016 -0.18825549 0.9820993 -0.220194 0 0 0 1 -0.6673107 -0.73074144 -0.14392082 15.41874 0.74477416 -0.65545166 -0.12527776 4.285369 -0.0027874857 -0.1907877 0.98162735 -0.220194 0 0 0 1 -0.6675743 -0.73054636 -0.14368956 15.41874 0.7445432 -0.6550807 -0.12854862 4.285369 -0.00021754205 -0.19279882 0.9812383 -0.220194 0 0 0 1 -0.66765857 -0.73042804 -0.14389867 15.41874 0.7444671 -0.65484416 -0.13018389 4.285369 0.0008587763 -0.19404621 0.980992 -0.220194 0 0 0 1 -0.66750956 -0.7304098 -0.144681 15.41874 0.7446013 -0.654793 -0.12967262 4.285369 -2.1971762E-05 -0.19428736 0.98094463 -0.220194 0 0 0 1 -0.66710865 -0.7304506 -0.14631402 15.41874 0.7449536 -0.65494657 -0.12684225 4.285369 -0.003175892 -0.19361474 0.9810725 -0.220194 0 0 0 1 -0.6665032 -0.7304744 -0.14893103 15.41874 0.74545556 -0.65525866 -0.12219588 4.285369 -0.008327387 -0.19246542 0.9812684 -0.220194 0 0 0 1 -0.66575515 -0.7305012 -0.15211233 15.41874 0.7460252 -0.655668 -0.11638672 4.285369 -0.014714554 -0.1909647 0.9814866 -0.220194 0 0 0 1 -0.66492283 -0.7305363 -0.15554468 15.41874 0.74659723 -0.65611565 -0.11002128 4.285369 -0.021680772 -0.1892849 0.98168284 -0.220194 0 0 0 1 -0.6640676 -0.7305887 -0.15891656 15.41874 0.7471266 -0.65654147 -0.1037073 4.285369 -0.02856794 -0.18759944 0.98183006 -0.220194 0 0 0 1 -0.6632515 -0.7306707 -0.16191846 15.41874 0.7475908 -0.6568816 -0.09805334 4.285369 -0.034716554 -0.18608281 0.98192054 -0.220194 0 0 0 1 -0.6625823 -0.73076034 -0.16423786 15.41874 0.7479484 -0.657114 -0.09367211 4.285369 -0.039471123 -0.18490691 0.98196304 -0.220194 0 0 0 1 -0.66216516 -0.73083913 -0.16556399 15.41874 0.74817014 -0.6572125 -0.0911767 4.285369 -0.042175222 -0.18424405 0.98197526 -0.220194 0 0 0 1 -0.661996 -0.73092073 -0.16588107 15.41874 0.74828273 -0.65717196 -0.090544455 4.285369 -0.04283154 -0.18406597 0.9819802 -0.220194 0 0 0 1 -0.66199744 -0.73099256 -0.16555801 15.41874 0.748317 -0.6570592 -0.091076955 4.285369 -0.042204827 -0.18418257 0.9819855 -0.220194 0 0 0 1 -0.6621218 -0.7310366 -0.16486546 15.41874 0.7482863 -0.656914 -0.092369385 4.285369 -0.040776983 -0.18452632 0.9819813 -0.220194 0 0 0 1 -0.6623206 -0.7310341 -0.16407391 15.41874 0.748203 -0.6567745 -0.094016775 4.285369 -0.039030112 -0.18502988 0.98195755 -0.220194 0 0 0 1 -0.6625639 -0.7310163 -0.16316904 15.41874 0.7480831 -0.65666187 -0.09574319 4.285369 -0.03715706 -0.1855 0.9819415 -0.220194 0 0 0 1 -0.6628516 -0.73101294 -0.16201252 15.41874 0.7479305 -0.6565659 -0.09757739 4.285369 -0.03504154 -0.18585342 0.9819524 -0.220194 0 0 0 1 -0.66318357 -0.7310013 -0.16069837 15.41874 0.747742 -0.65647733 -0.099592805 4.285369 -0.032692388 -0.18620929 0.981966 -0.220194 0 0 0 1 -0.6635481 -0.7309863 -0.15925816 15.41874 0.7475247 -0.6563997 -0.1017178 4.285369 -0.030182667 -0.18654403 0.9819828 -0.220194 0 0 0 1 -0.66393256 -0.73096985 -0.15772307 15.41874 0.7472834 -0.65633535 -0.10388079 4.285369 -0.027585514 -0.18683368 0.98200417 -0.220194 0 0 0 1 -0.6643249 -0.73095655 -0.1561248 15.41874 0.74702656 -0.6562873 -0.10601023 4.285369 -0.024973847 -0.1870546 0.982032 -0.220194 0 0 0 1 -0.66471314 -0.7309499 -0.15449494 15.41874 0.74676216 -0.6562582 -0.10803471 4.285369 -0.02242063 -0.18718308 0.98206913 -0.220194 0 0 0 1 -0.6650852 -0.73095405 -0.15286529 15.41874 0.74649966 -0.65625 -0.10988277 4.285369 -0.01999858 -0.1871953 0.98211914 -0.220194 0 0 0 1 -0.66543007 -0.7309727 -0.15126763 15.41874 0.74624854 -0.65626585 -0.11148316 4.285369 -0.017780617 -0.18706748 0.98218614 -0.220194 0 0 0 1 -0.66573524 -0.7310104 -0.14973396 15.41874 0.7460198 -0.6563066 -0.11276459 4.285369 -0.01583933 -0.18677586 0.98227483 -0.220194 0 0 0 1 -0.6659906 -0.731071 -0.14829618 15.41874 0.7458241 -0.6563755 -0.11365587 4.285369 -0.01424747 -0.18629661 0.9823902 -0.220194 0 0 0 1 -0.66618407 -0.73115927 -0.14698637 15.41874 0.74567276 -0.6564729 -0.11408577 4.285369 -0.013077691 -0.18560585 0.98253727 -0.220194 0 0 0 1 -0.6662929 -0.73126435 -0.14596492 15.41874 0.74558365 -0.6566131 -0.11385881 4.285369 -0.012581609 -0.18469241 0.98271585 -0.220194 0 0 0 1 -0.66617334 -0.73155284 -0.14506492 15.41874 0.7456703 -0.6569259 -0.111465335 4.285369 -0.013754107 -0.1824258 0.9831234 -0.220194 0 0 0 1 -0.6657113 -0.7321532 -0.14415416 15.41874 0.74600554 -0.6575099 -0.10562496 4.285369 -0.017449126 -0.1778555 0.9839019 -0.220194 0 0 0 1 -0.6649935 -0.7329304 -0.1435156 15.41874 0.74648595 -0.6582755 -0.09712008 4.285369 -0.023290526 -0.1717166 0.98487103 -0.220194 0 0 0 1 -0.6641425 -0.7338083 -0.14296982 15.41874 0.74699295 -0.65909433 -0.08715719 4.285369 -0.030273922 -0.16468224 0.985882 -0.220194 0 0 0 1 -0.66326153 -0.73470163 -0.14246865 15.41874 0.7474464 -0.6598573 -0.076889075 4.285369 -0.03751846 -0.15748528 0.98680836 -0.220194 0 0 0 1 -0.662439 -0.7355399 -0.14196947 15.41874 0.7478142 -0.66047037 -0.067472056 4.285369 -0.04413826 -0.15086292 0.98756886 -0.220194 0 0 0 1 -0.6617875 -0.73622966 -0.14143102 15.41874 0.7480719 -0.6608933 -0.060067616 4.285369 -0.049247276 -0.1455526 0.9881241 -0.220194 0 0 0 1 -0.661407 -0.73668987 -0.14081582 15.41874 0.7482256 -0.66109073 -0.05583787 4.285369 -0.05195681 -0.14229354 0.98845994 -0.220194 0 0 0 1 -0.66128373 -0.736906 -0.14026178 15.41874 0.74831957 -0.661052 -0.055028837 4.285369 -0.052169245 -0.14135031 0.98858404 -0.220194 0 0 0 1 -0.6612619 -0.73698837 -0.13993238 15.41874 0.7483925 -0.6609092 -0.05574897 4.285369 -0.051396236 -0.141589 0.9885904 -0.220194 0 0 0 1 -0.6612475 -0.73693305 -0.14029042 15.41874 0.74845296 -0.6607342 -0.05699425 4.285369 -0.05069375 -0.1426881 0.98846865 -0.220194 0 0 0 1 -0.6612104 -0.73659253 -0.14224043 15.41874 0.7484875 -0.66054 -0.058766022 4.285369 -0.050668888 -0.14532189 0.98808616 -0.220194 0 0 0 1 -0.66111255 -0.73595154 -0.1459643 15.41874 0.74850464 -0.66034186 -0.060742054 4.285369 -0.051683113 -0.14941229 0.9874233 -0.220194 0 0 0 1 -0.66096044 -0.7351052 -0.1508357 15.41874 0.74852663 -0.66010845 -0.062964715 4.285369 -0.05328223 -0.15452173 0.9865516 -0.220194 0 0 0 1 -0.66075766 -0.7341437 -0.15630826 15.41874 0.7485747 -0.65981305 -0.06544039 4.285369 -0.055091593 -0.16024867 0.98553807 -0.220194 0 0 0 1 -0.6605089 -0.7331687 -0.16183785 15.41874 0.7486714 -0.65942633 -0.06817506 4.285369 -0.05673633 -0.1661936 0.9844596 -0.220194 0 0 0 1 -0.66030586 -0.73223644 -0.1668115 15.41874 0.7487604 -0.6590229 -0.07103991 4.285369 -0.057914596 -0.17180991 0.9834263 -0.220194 0 0 0 1 -0.660244 -0.7314112 -0.1706332 15.41874 0.7487843 -0.6586766 -0.07394171 4.285369 -0.058310285 -0.17658702 0.98255634 -0.220194 0 0 0 1 -0.660334 -0.73082405 -0.17278725 15.41874 0.74876565 -0.6583544 -0.076939136 4.285369 -0.057526268 -0.18018267 0.98194957 -0.220194 0 0 0 1 -0.6605542 -0.7305282 -0.1731956 15.41874 0.74871606 -0.65805876 -0.07989305 4.285369 -0.055608757 -0.18244803 0.98164165 -0.220194 0 0 0 1 -0.66086984 -0.7304386 -0.17236729 15.41874 0.7486292 -0.6578084 -0.08271774 4.285369 -0.052964434 -0.18370485 0.9815535 -0.220194 0 0 0 1 -0.66127145 -0.7304735 -0.17067003 15.41874 0.74849606 -0.6575966 -0.085558146 4.285369 -0.04973408 -0.18432301 0.9816066 -0.220194 0 0 0 1 -0.6617352 -0.73058414 -0.16838565 15.41874 0.7483164 -0.65743065 -0.08836181 4.285369 -0.046146132 -0.18447784 0.98175275 -0.220194 0 0 0 1 -0.66223776 -0.73072106 -0.16579604 15.41874 0.74809176 -0.65731597 -0.091075994 4.285369 -0.042429198 -0.18434459 0.98194546 -0.220194 0 0 0 1 -0.66223776 -0.73072106 -0.16579604 15.41874 0.74809176 -0.65731597 -0.091075994 4.285369 -0.042429198 -0.18434459 0.98194546 -0.220194 0 0 0 1</float_array>
        <technique_common>
          <accessor source="#Motion_55_RShoulder_transform_pose_array_id" count="86" stride="16">
            <param name="TRANSFORM" type="float4x4" />
          </accessor>
        </technique_common>
      </source>
      <sampler id="Motion_55_RShoulder_transform_samp_id">
        <input semantic="INPUT" source="#Motion_55_RShoulder_transform_frame_id" />
        <input semantic="INTERPOLATION" source="#Motion_55_RShoulder_transform_interp_id" />
        <input semantic="OUTPUT" source="#Motion_55_RShoulder_transform_pose_id" />
      </sampler>
      <channel source="#Motion_55_RShoulder_transform_samp_id" target="RShoulder_bone_id/transform" />
    </animation>
    <animation id="Motion_55_RArm_transform_id" name="Motion_55_RArm_transform">
      <source id="Motion_55_RArm_transform_frame_id" name="Motion_55_RArm_transform_frame">
        <float_array id="Motion_55_RArm_transform_frame_array_id" count="86">0 0.033333335 0.06666667 0.1 0.13333334 0.16666667 0.2 0.23333333 0.26666668 0.3 0.33333334 0.36666667 0.4 0.43333334 0.46666667 0.5 0.53333336 0.56666666 0.6 0.6333333 0.6666667 0.7 0.73333335 0.76666665 0.8 0.8333333 0.8666667 0.9 0.93333334 0.96666664 1 1.0333333 1.0666667 1.1 1.1333333 1.1666666 1.2 1.2333333 1.2666667 1.3 1.3333334 1.3666667 1.4 1.4333333 1.4666667 1.5 1.5333333 1.5666667 1.6 1.6333333 1.6666666 1.7 1.7333333 1.7666667 1.8 1.8333334 1.8666667 1.9 1.9333333 1.9666667 2 2.0333333 2.0666666 2.1 2.1333334 2.1666667 2.2 2.2333333 2.2666667 2.3 2.3333333 2.3666666 2.4 2.4333334 2.4666667 2.5 2.5333333 2.5666666 2.6 2.6333334 2.6666667 2.7 2.7333333 2.7666667 2.8 2.8333333</float_array>
        <technique_common>
          <accessor source="#Motion_55_RArm_transform_frame_array_id" count="86" stride="1">
            <param name="TIME" type="float" />
          </accessor>
        </technique_common>
      </source>
      <source id="Motion_55_RArm_transform_interp_id" name="Motion_55_RArm_transform_interp">
        <Name_array id="Motion_55_RArm_transform_interp_array_id" count="86">LINEAR LINEAR LINEAR LINEAR LINEAR LINEAR LINEAR LINEAR LINEAR LINEAR LINEAR LINEAR LINEAR LINEAR LINEAR LINEAR LINEAR LINEAR LINEAR LINEAR LINEAR LINEAR LINEAR LINEAR LINEAR LINEAR LINEAR LINEAR LINEAR LINEAR LINEAR LINEAR LINEAR LINEAR LINEAR LINEAR LINEAR LINEAR LINEAR LINEAR LINEAR LINEAR LINEAR LINEAR LINEAR LINEAR LINEAR LINEAR LINEAR LINEAR LINEAR LINEAR LINEAR LINEAR LINEAR LINEAR LINEAR LINEAR LINEAR LINEAR LINEAR LINEAR LINEAR LINEAR LINEAR LINEAR LINEAR LINEAR LINEAR LINEAR LINEAR LINEAR LINEAR LINEAR LINEAR LINEAR LINEAR LINEAR LINEAR LINEAR LINEAR LINEAR LINEAR LINEAR LINEAR LINEAR</Name_array>
        <technique_common>
          <accessor source="#Motion_55_RArm_transform_interp_array_id" count="86" stride="1">
            <param name="INTERPOLATION" type="Name" />
          </accessor>
        </technique_common>
      </source>
      <source id="Motion_55_RArm_transform_pose_id" name="Motion_55_RArm_transform_pose">
        <float_array id="Motion_55_RArm_transform_pose_array_id" count="1376">0.76245534 -0.5599769 -0.3241724 8.899513 0.64695805 0.6677908 0.36810425 0 0.010349482 -0.49038902 0.8714422 0 0 0 0 1 0.7635744 -0.56294715 -0.3162983 8.899513 0.64570105 0.66941565 0.3673594 0 0.004931137 -0.48474038 0.87464416 0 0 0 0 1 0.76514125 -0.565912 -0.30708706 8.899513 0.64386165 0.671731 0.36636004 0 -0.001047641 -0.47803876 0.8783381 0 0 0 0 1 0.7670952 -0.5687555 -0.29678637 8.899513 0.6414896 0.67463154 0.3651894 0 -0.007482052 -0.4705204 0.88235736 0 0 0 0 1 0.7692999 -0.5712226 -0.28615093 8.899513 0.63873965 0.678018 0.36373526 0 -0.013758317 -0.46259743 0.8864617 0 0 0 0 1 0.7715763 -0.5728798 -0.27654785 8.899513 0.6358572 0.68166023 0.36197352 0 -0.018855661 -0.45513517 0.89022267 0 0 0 0 1 0.7738206 -0.5733752 -0.26915163 8.899513 0.63302124 0.6852724 0.3601192 0 -0.022041246 -0.44904634 0.8932366 0 0 0 0 1 0.7759353 -0.5724184 -0.26506907 8.899513 0.6304117 0.6886819 0.3581877 0 -0.022484958 -0.4450331 0.8952318 0 0 0 0 1 0.7778057 -0.56971776 -0.26540533 8.899513 0.62820685 0.6917182 0.3562051 0 -0.019350678 -0.4437878 0.89592296 0 0 0 0 1 0.779144 -0.56545824 -0.27053943 8.899513 0.6267169 0.69397444 0.35443673 0 -0.012671739 -0.4457089 0.89508826 0 0 0 0 1 0.7797161 -0.5603307 -0.2794143 8.899513 0.6261205 0.69491255 0.353652 0 -0.003993556 -0.45069516 0.89266896 0 0 0 0 1 0.7794614 -0.5548591 -0.2908116 8.899513 0.6264269 0.6943719 0.35417092 0 0.005416453 -0.45823473 0.8888147 0 0 0 0 1 0.7783513 -0.5497026 -0.3033089 8.899513 0.62766093 0.6924895 0.3556685 0 0.014526352 -0.46721017 0.88402694 0 0 0 0 1 0.7764174 -0.5455292 -0.31555343 8.899513 0.6298261 0.6893412 0.35794938 0 0.022252142 -0.47666192 0.87880504 0 0 0 0 1 0.7737423 -0.54304856 -0.3262224 8.899513 0.63290244 0.6850103 0.3608259 0 0.027519703 -0.48565322 0.87371826 0 0 0 0 1 0.77052563 -0.542896 -0.3339973 8.899513 0.6367348 0.6796744 0.36415857 0 0.029309198 -0.49326122 0.8693873 0 0 0 0 1 0.7673642 -0.5451779 -0.33754003 8.899513 0.6406476 0.673935 0.36794335 0 0.026885465 -0.49859077 0.8664205 0 0 0 0 1 0.76462495 -0.5493986 -0.33691213 8.899513 0.6441317 0.66854703 0.37167075 0 0.021046191 -0.50120455 0.86507285 0 0 0 0 1 0.76252365 -0.5546398 -0.33306497 8.899513 0.64683187 0.66383964 0.37540036 0 0.012889743 -0.5016887 0.8649522 0 0 0 0 1 0.76128924 -0.55989677 -0.32703876 8.899513 0.6484037 0.65997803 0.37947556 0 0.0033712536 -0.5009438 0.8654733 0 0 0 0 1 0.761163 -0.56432617 -0.3196354 8.899513 0.6485301 0.6574967 0.38354504 0 -0.006285295 -0.49923348 0.8664447 0 0 0 0 1 0.7622905 -0.5672413 -0.31168982 8.899513 0.64706314 0.65679926 0.3872003 0 -0.014918357 -0.4968421 0.86771274 0 0 0 0 1 0.7643672 -0.5685209 -0.30418205 8.899513 0.6444204 0.6578076 0.38988656 0 -0.021565378 -0.49403763 0.86917305 0 0 0 0 1 0.76700383 -0.56817085 -0.2981392 8.899513 0.6411435 0.66032684 0.3910287 0 -0.025301784 -0.4910705 0.8707523 0 0 0 0 1 0.7698747 -0.5663144 -0.29424632 8.899513 0.6376831 0.6641508 0.39021027 0 -0.025557771 -0.4880489 0.872442 0 0 0 0 1 0.7728158 -0.5633969 -0.29212946 8.899513 0.6342166 0.66900647 0.38755593 0 -0.02291131 -0.48478273 0.87433445 0 0 0 0 1 0.77568394 -0.5598566 -0.29133317 8.899513 0.63085717 0.67444766 0.38358772 0 -0.018265158 -0.48133248 0.8763478 0 0 0 0 1 0.7783353 -0.5561221 -0.29141447 8.899513 0.6277235 0.68000376 0.3788906 0 -0.0125465095 -0.47783163 0.8783618 0 0 0 0 1 0.78063506 -0.55262357 -0.2919181 8.899513 0.6249514 0.6852169 0.37405017 0 -0.0066817254 -0.4744313 0.88026714 0 0 0 0 1 0.7824615 -0.54979074 -0.2923767 8.899513 0.6226969 0.6896416 0.36965263 0 -0.0015964657 -0.47130102 0.881971 0 0 0 0 1 0.7837037 -0.548052 -0.29231417 8.899513 0.6211323 0.692842 0.3662848 0 0.001784429 -0.46862447 0.8833957 0 0 0 0 1 0.7842525 -0.5478329 -0.2912508 8.899513 0.6204365 0.6943866 0.36453494 0 0.002536416 -0.46659008 0.88447005 0 0 0 0 1 0.7839689 -0.54952776 -0.28881127 8.899513 0.6208 0.6938404 0.36495602 0 -0.00016453862 -0.4654082 0.88509613 0 0 0 0 1 0.7827237 -0.5529587 -0.28562242 8.899513 0.62234163 0.69106925 0.36757886 0 -0.0058710724 -0.46546745 0.8850455 0 0 0 0 1 0.7807246 -0.55738765 -0.28246796 8.899513 0.62473387 0.68663156 0.37181273 0 -0.013292402 -0.46675065 0.884289 0 0 0 0 1 0.77818847 -0.56211203 -0.2800941 8.899513 0.6276762 0.68113065 0.37693986 0 -0.021101788 -0.46913865 0.8828724 0 0 0 0 1 0.77536345 -0.56642795 -0.27923283 8.899513 0.6308954 0.6751802 0.38223386 0 -0.02797544 -0.47253686 0.88086677 0 0 0 0 1 0.77252126 -0.56962854 -0.2805962 8.899513 0.6341519 0.66941035 0.38696393 0 -0.032591715 -0.4768785 0.8783648 0 0 0 0 1 0.7697486 -0.57138515 -0.28461567 8.899513 0.63743806 0.6642351 0.39046687 0 -0.034055263 -0.48198622 0.8755167 0 0 0 0 1 0.7669872 -0.5721702 -0.29043394 8.899513 0.6408139 0.6597491 0.39254132 0 -0.032986924 -0.48718825 0.87267375 0 0 0 0 1 0.76430446 -0.5724193 -0.29694247 8.899513 0.64413524 0.65593493 0.3934961 0 -0.03046982 -0.49202192 0.8700494 0 0 0 0 1 0.7617896 -0.5725112 -0.30316254 8.899513 0.64723146 0.65259075 0.39397568 0 -0.027714401 -0.4963429 0.86768407 0 0 0 0 1 0.75954837 -0.5728717 -0.30806538 8.899513 0.6499368 0.6496032 0.39445892 0 -0.02585408 -0.49983367 0.8657355 0 0 0 0 1 0.75764143 -0.5738225 -0.31097788 8.899513 0.6521661 0.646859 0.3952882 0 -0.02566643 -0.502296 0.8643148 0 0 0 0 1 0.7559365 -0.57532847 -0.31234133 8.899513 0.654096 0.6442554 0.3963502 0 -0.026803955 -0.5039168 0.8633362 0 0 0 0 1 0.7544608 -0.5770454 -0.31274188 8.899513 0.6557204 0.6418918 0.39749923 0 -0.028628662 -0.5049688 0.8626627 0 0 0 0 1 0.75330186 -0.57855636 -0.31274408 8.899513 0.6569682 0.639928 0.3986037 0 -0.030481026 -0.5057318 0.8621521 0 0 0 0 1 0.75246894 -0.5798214 -0.31240612 8.899513 0.6578334 0.63834804 0.39970857 0 -0.0323357 -0.50627947 0.861763 0 0 0 0 1 0.7520272 -0.5809087 -0.31144857 8.899513 0.6582281 0.6371316 0.4009977 0 -0.03450933 -0.5065654 0.8615107 0 0 0 0 1 0.7519703 -0.5818017 -0.3099153 8.899513 0.658166 0.6363605 0.40232176 0 -0.036853626 -0.5065097 0.86144626 0 0 0 0 1 0.7522881 -0.58251685 -0.30779326 8.899513 0.6576697 0.6362045 0.40337867 0 -0.039155424 -0.5058833 0.8617128 0 0 0 0 1 0.75297284 -0.5830462 -0.3051049 8.899513 0.6567577 0.63677615 0.40396214 0 -0.04124506 -0.50455254 0.8623953 0 0 0 0 1 0.75401735 -0.5833788 -0.3018725 8.899513 0.65544856 0.6381864 0.40386307 0 -0.04295422 -0.5023816 0.8635784 0 0 0 0 1 0.75541514 -0.58350056 -0.2981193 8.899513 0.65375966 0.64054215 0.40286976 0 -0.044116706 -0.4992323 0.86534435 0 0 0 0 1 0.7571647 -0.5833595 -0.29392734 8.899513 0.6516973 0.6438572 0.40092218 0 -0.04463456 -0.49511576 0.8676797 0 0 0 0 1 0.7592085 -0.58269495 -0.28994662 8.899513 0.6493519 0.64796346 0.39810234 0 -0.04409738 -0.49052006 0.8703134 0 0 0 0 1 0.76149267 -0.58125645 -0.2868272 8.899513 0.64680487 0.65269214 0.39450797 0 -0.042100422 -0.48593614 0.87297976 0 0 0 0 1 0.763836 -0.5791613 -0.28482747 8.899513 0.64424527 0.6576886 0.39037642 0 -0.03876312 -0.48168233 0.87548816 0 0 0 0 1 0.7660071 -0.5765882 -0.2842168 8.899513 0.64192075 0.6625613 0.38594085 0 -0.03421787 -0.47807807 0.87765056 0 0 0 0 1 0.76793575 -0.57352376 -0.28521082 8.899513 0.63989127 0.6670898 0.38148448 0 -0.028529197 -0.4754595 0.8792749 0 0 0 0 1 0.7695542 -0.5698628 -0.28817135 8.899513 0.63820463 0.6708346 0.37772453 0 -0.02193585 -0.4745918 0.87993264 0 0 0 0 1 0.7707901 -0.56545424 -0.29350308 8.899513 0.63691854 0.6732789 0.37553993 0 -0.014741212 -0.47640005 0.87910503 0 0 0 0 1 0.7715542 -0.5601959 -0.301471 8.899513 0.6361239 0.6740794 0.37545085 0 -0.0071106404 -0.48145354 0.8764428 0 0 0 0 1 0.77187294 -0.5543061 -0.31137902 8.899513 0.6357767 0.67315453 0.37769157 0 0.00024947524 -0.48949742 0.8720047 0 0 0 0 1 0.77185875 -0.54838824 -0.32172102 8.899513 0.6357596 0.67098236 0.3815658 0 0.0066229254 -0.4990521 0.8665467 0 0 0 0 1 0.7715607 -0.5429237 -0.33155382 8.899513 0.6360458 0.6680585 0.38619107 0 0.01182507 -0.50885326 0.8607721 0 0 0 0 1 0.7710464 -0.5384357 -0.33996242 8.899513 0.63658595 0.66491306 0.39070317 0 0.015676916 -0.51766557 0.8554394 0 0 0 0 1 0.77039284 -0.535482 -0.34605485 8.899513 0.6373152 0.6621089 0.3942602 0 0.018006787 -0.52428126 0.8513548 0 0 0 0 1 0.76976365 -0.53446674 -0.34901175 8.899513 0.63805866 0.6601534 0.39633143 0 0.01857531 -0.5277715 0.84918326 0 0 0 0 1 0.7693175 -0.53506964 -0.34907174 8.899513 0.6386307 0.6589352 0.39743575 0 0.017359808 -0.52868223 0.8486423 0 0 0 0 1 0.7689309 -0.53648084 -0.34775496 8.899513 0.63914746 0.65810657 0.39797774 0 0.015352368 -0.5282841 0.84892887 0 0 0 0 1 0.76848435 -0.5381022 -0.3462338 8.899513 0.63972086 0.65774137 0.39766008 0 0.013750538 -0.5270885 0.84969914 0 0 0 0 1 0.7678549 -0.53944755 -0.34553617 8.899513 0.6404723 0.6581623 0.39574948 0 0.013932839 -0.5251845 0.8508743 0 0 0 0 1 0.7670995 -0.54016256 -0.34609646 8.899513 0.64132154 0.65937567 0.39233968 0 0.016280368 -0.52292264 0.85222465 0 0 0 0 1 0.766276 -0.54055166 -0.34731108 8.899513 0.6422019 0.6611451 0.38789675 0 0.019944787 -0.5202798 0.8537629 0 0 0 0 1 0.7652876 -0.5409784 -0.34882286 8.899513 0.6432317 0.66313124 0.38276613 0 0.02424717 -0.51730007 0.8554605 0 0 0 0 1 0.7642193 -0.54158545 -0.35022002 8.899513 0.64432263 0.665171 0.3773537 0 0.028586954 -0.51403564 0.8572923 0 0 0 0 1 0.7631692 -0.5424454 -0.35117757 8.899513 0.64539325 0.6669623 0.372329 0 0.03225404 -0.5107977 0.8590957 0 0 0 0 1 0.7622359 -0.5436581 -0.35132942 8.899513 0.6463745 0.66827995 0.3682416 0 0.034588903 -0.50777733 0.8607937 0 0 0 0 1 0.7615096 -0.5454009 -0.3502014 8.899513 0.64720434 0.6690796 0.36532038 0 0.035066545 -0.5048468 0.8624964 0 0 0 0 1 0.7609823 -0.54772234 -0.34771562 8.899513 0.6479038 0.6693218 0.36363298 0 0.033563703 -0.50200456 0.86421347 0 0 0 0 1 0.76074433 -0.5502465 -0.3442338 8.899513 0.6483321 0.6691889 0.3631139 0 0.030555308 -0.49941465 0.8658241 0 0 0 0 1 0.7608969 -0.5527134 -0.3399173 8.899513 0.64833426 0.6689365 0.3635748 0 0.026430413 -0.497023 0.8673348 0 0 0 0 1 0.76131254 -0.5551579 -0.33496717 8.899513 0.64802825 0.6686275 0.36468711 0 0.02150935 -0.49470904 0.8687925 0 0 0 0 1 0.76187015 -0.5575807 -0.32963264 8.899513 0.6475308 0.66824764 0.3662636 0 0.01605475 -0.4924926 0.87016857 0 0 0 0 1 0.76187015 -0.5575807 -0.32963264 8.899513 0.6475308 0.66824764 0.3662636 0 0.01605475 -0.4924926 0.87016857 0 0 0 0 1</float_array>
        <technique_common>
          <accessor source="#Motion_55_RArm_transform_pose_array_id" count="86" stride="16">
            <param name="TRANSFORM" type="float4x4" />
          </accessor>
        </technique_common>
      </source>
      <sampler id="Motion_55_RArm_transform_samp_id">
        <input semantic="INPUT" source="#Motion_55_RArm_transform_frame_id" />
        <input semantic="INTERPOLATION" source="#Motion_55_RArm_transform_interp_id" />
        <input semantic="OUTPUT" source="#Motion_55_RArm_transform_pose_id" />
      </sampler>
      <channel source="#Motion_55_RArm_transform_samp_id" target="RArm_bone_id/transform" />
    </animation>
    <animation id="Motion_55_RForeArm_transform_id" name="Motion_55_RForeArm_transform">
      <source id="Motion_55_RForeArm_transform_frame_id" name="Motion_55_RForeArm_transform_frame">
        <float_array id="Motion_55_RForeArm_transform_frame_array_id" count="86">0 0.033333335 0.06666667 0.1 0.13333334 0.16666667 0.2 0.23333333 0.26666668 0.3 0.33333334 0.36666667 0.4 0.43333334 0.46666667 0.5 0.53333336 0.56666666 0.6 0.6333333 0.6666667 0.7 0.73333335 0.76666665 0.8 0.8333333 0.8666667 0.9 0.93333334 0.96666664 1 1.0333333 1.0666667 1.1 1.1333333 1.1666666 1.2 1.2333333 1.2666667 1.3 1.3333334 1.3666667 1.4 1.4333333 1.4666667 1.5 1.5333333 1.5666667 1.6 1.6333333 1.6666666 1.7 1.7333333 1.7666667 1.8 1.8333334 1.8666667 1.9 1.9333333 1.9666667 2 2.0333333 2.0666666 2.1 2.1333334 2.1666667 2.2 2.2333333 2.2666667 2.3 2.3333333 2.3666666 2.4 2.4333334 2.4666667 2.5 2.5333333 2.5666666 2.6 2.6333334 2.6666667 2.7 2.7333333 2.7666667 2.8 2.8333333</float_array>
        <technique_common>
          <accessor source="#Motion_55_RForeArm_transform_frame_array_id" count="86" stride="1">
            <param name="TIME" type="float" />
          </accessor>
        </technique_common>
      </source>
      <source id="Motion_55_RForeArm_transform_interp_id" name="Motion_55_RForeArm_transform_interp">
        <Name_array id="Motion_55_RForeArm_transform_interp_array_id" count="86">LINEAR LINEAR LINEAR LINEAR LINEAR LINEAR LINEAR LINEAR LINEAR LINEAR LINEAR LINEAR LINEAR LINEAR LINEAR LINEAR LINEAR LINEAR LINEAR LINEAR LINEAR LINEAR LINEAR LINEAR LINEAR LINEAR LINEAR LINEAR LINEAR LINEAR LINEAR LINEAR LINEAR LINEAR LINEAR LINEAR LINEAR LINEAR LINEAR LINEAR LINEAR LINEAR LINEAR LINEAR LINEAR LINEAR LINEAR LINEAR LINEAR LINEAR LINEAR LINEAR LINEAR LINEAR LINEAR LINEAR LINEAR LINEAR LINEAR LINEAR LINEAR LINEAR LINEAR LINEAR LINEAR LINEAR LINEAR LINEAR LINEAR LINEAR LINEAR LINEAR LINEAR LINEAR LINEAR LINEAR LINEAR LINEAR LINEAR LINEAR LINEAR LINEAR LINEAR LINEAR LINEAR LINEAR</Name_array>
        <technique_common>
          <accessor source="#Motion_55_RForeArm_transform_interp_array_id" count="86" stride="1">
            <param name="INTERPOLATION" type="Name" />
          </accessor>
        </technique_common>
      </source>
      <source id="Motion_55_RForeArm_transform_pose_id" name="Motion_55_RForeArm_transform_pose">
        <float_array id="Motion_55_RForeArm_transform_pose_array_id" count="1376">0.28509527 0 -0.9584992 24.9707 0 1 0 0 0.9584992 0 0.28509527 0 0 0 0 1 0.27859563 0 -0.9604085 24.9707 0 1 0 0 0.9604085 0 0.27859563 0 0 0 0 1 0.27002013 -1.7484555E-07 -0.9628547 24.9707 4.7211813E-08 1 -1.6835087E-07 0 0.9628547 0 0.27002013 0 0 0 0 1 0.2600876 0 -0.965585 24.9707 0 1 0 0 0.965585 0 0.2600876 0 0 0 0 1 0.24952334 -1.7484555E-07 -0.9683688 24.9707 4.362805E-08 1 -1.6931497E-07 0 0.9683688 7.1054274E-15 0.24952334 0 0 0 0 1 0.23906165 -1.7484555E-07 -0.97100437 24.9707 4.179887E-08 1 -1.697758E-07 0 0.97100437 0 0.23906165 0 0 0 0 1 0.2294442 -1.7484555E-07 -0.97332186 24.9707 4.0117307E-08 1 -1.70181E-07 0 0.97332186 0 0.2294442 0 0 0 0 1 0.22141933 -1.7484554E-07 -0.97517866 24.9707 3.8714177E-08 1 -1.7050564E-07 0 0.97517866 7.1054274E-15 0.22141933 0 0 0 0 1 0.21573871 -1.7484555E-07 -0.9764511 24.9707 3.7720945E-08 1 -1.7072813E-07 0 0.9764511 0 0.21573871 0 0 0 0 1 0.21315414 0 -0.9770186 24.9707 0 1 0 0 0.9770186 0 0.21315414 0 0 0 0 1 0.21441358 -1.7484554E-07 -0.9767429 24.9707 3.7489244E-08 1 -1.7077915E-07 0 0.9767429 7.1054274E-15 0.21441358 0 0 0 0 1 0.2202546 -1.7484555E-07 -0.97544247 24.9707 3.8510542E-08 1 -1.7055177E-07 0 0.97544247 0 0.2202546 0 0 0 0 1 0.23061395 0 -0.9730453 24.9707 0 1 0 0 0.9730453 0 0.23061395 0 0 0 0 1 0.24382824 0 -0.9698184 24.9707 0 1 0 0 0.9698184 0 0.24382824 0 0 0 0 1 0.25823516 0 -0.9660821 24.9707 0 1 0 0 0.9660821 0 0.25823516 0 0 0 0 1 0.27219188 -1.7484555E-07 -0.96224296 24.9707 4.7591534E-08 1 -1.682439E-07 0 0.96224296 0 0.27219188 0 0 0 0 1 0.2840814 -1.7484555E-07 -0.95880014 24.9707 4.9670376E-08 1 -1.6764196E-07 0 0.95880014 -7.1054274E-15 0.2840814 0 0 0 0 1 0.2923082 1.7944967E-05 -0.95632416 24.9707 -5.2454616E-06 1 1.7161205E-05 0 0.95632416 9.094947E-13 0.2923082 0 0 0 0 1 0.29528636 -1.7484557E-07 -0.9554088 24.9707 5.1629513E-08 1 -1.67049E-07 0 0.9554088 7.1054274E-15 0.29528636 0 0 0 0 1 0.29141545 -1.8294657E-05 -0.95659655 24.9707 5.3313443E-06 1 -1.7500606E-05 0 0.95659655 0 0.29141545 0 0 0 0 1 0.2790485 -1.7484555E-07 -0.960277 24.9707 4.8790376E-08 1 -1.6790017E-07 0 0.960277 7.1054274E-15 0.2790485 0 0 0 0 1 0.2592743 -1.7484555E-07 -0.96580374 24.9707 4.5332953E-08 1 -1.6886648E-07 0 0.96580374 7.1054274E-15 0.2592743 0 0 0 0 1 0.23564899 0 -0.97183824 24.9707 0 1 0 0 0.97183824 0 0.23564899 0 0 0 0 1 0.2102114 -1.7484555E-07 -0.977656 24.9707 3.6754535E-08 1 -1.709388E-07 0 0.977656 0 0.2102114 0 0 0 0 1 0.18505323 0 -0.9827285 24.9707 0 1 0 0 0.9827285 0 0.18505323 0 0 0 0 1 0.16231108 -1.7484555E-07 -0.98673964 24.9707 2.8379382E-08 1 -1.7252705E-07 0 0.98673964 -7.1054274E-15 0.16231108 0 0 0 0 1 0.1441465 -1.7484555E-07 -0.9895563 24.9707 2.520337E-08 1 -1.7301953E-07 0 0.9895563 0 0.1441465 0 0 0 0 1 0.13272876 -1.7484554E-07 -0.99115235 24.9707 2.3207022E-08 1 -1.7329859E-07 0 0.99115235 7.1054274E-15 0.13272876 0 0 0 0 1 0.12739259 0 -0.99185234 24.9707 0 1 0 0 0.99185234 0 0.12739259 0 0 0 0 1 0.12563103 -1.7484557E-07 -0.99207705 24.9707 2.1966045E-08 1 -1.7346028E-07 0 0.99207705 -7.1054274E-15 0.12563103 0 0 0 0 1 0.12683988 -1.7484555E-07 -0.99192315 24.9707 2.2177389E-08 1 -1.7343336E-07 0 0.99192315 7.1054274E-15 0.12683988 0 0 0 0 1 0.13041133 0 -0.99145997 24.9707 0 1 0 0 0.99145997 0 0.13041133 0 0 0 0 1 0.13573605 -1.7484555E-07 -0.99074507 24.9707 2.3732845E-08 1 -1.7322736E-07 0 0.99074507 0 0.13573605 0 0 0 0 1 0.14220476 -1.7484555E-07 -0.9898373 24.9707 2.4863873E-08 1 -1.7306864E-07 0 0.9898373 0 0.14220476 0 0 0 0 1 0.14920926 -1.7484555E-07 -0.9888056 24.9707 2.6088564E-08 1 -1.7288826E-07 0 0.9888056 0 0.14920926 0 0 0 0 1 0.15614337 0 -0.9877344 24.9707 0 1 0 0 0.9877344 0 0.15614337 0 0 0 0 1 0.16240335 -1.7484555E-07 -0.9867245 24.9707 2.8395512E-08 1 -1.7252438E-07 0 0.9867245 -7.1054274E-15 0.16240335 0 0 0 0 1 0.16824389 -1.7484555E-07 -0.9857454 24.9707 2.9416697E-08 1 -1.723532E-07 0 0.9857454 0 0.16824389 0 0 0 0 1 0.17422241 4.0356317E-05 -0.98470634 24.9707 -7.0309743E-06 1 3.973912E-05 0 0.98470634 0 0.17422241 0 0 0 0 1 0.18019265 6.753603E-05 -0.9836314 24.9707 -1.2169492E-05 1 6.6430555E-05 0 0.9836314 0 0.18019265 0 0 0 0 1 0.18600917 8.279482E-05 -0.98254794 24.9707 -1.540059E-05 1 8.134988E-05 0 0.98254794 3.637979E-12 0.18600917 0 0 0 0 1 0.19152671 8.756319E-05 -0.9814874 24.9707 -1.677069E-05 1 8.594217E-05 0 0.9814874 3.637979E-12 0.19152671 0 0 0 0 1 0.1966011 8.3271654E-05 -0.98048353 24.9707 -1.6371298E-05 1 8.164649E-05 0 0.98048353 0 0.1966011 0 0 0 0 1 0.20108849 7.23044E-05 -0.9795731 24.9707 -1.45395825E-05 1 7.0827446E-05 0 0.9795731 0 0.20108849 0 0 0 0 1 0.20484549 5.56151E-05 -0.97879434 24.9707 -1.1392503E-05 1 5.4435746E-05 0 0.97879434 0 0.20484549 0 0 0 0 1 0.2077291 3.463427E-05 -0.9781864 24.9707 -7.194548E-06 1 3.3878772E-05 0 0.9781864 0 0.2077291 0 0 0 0 1 0.20959622 1.1746082E-05 -0.97778803 24.9707 -2.4619344E-06 1 1.1485179E-05 0 0.97778803 0 0.20959622 0 0 0 0 1 0.21030354 -1.2095775E-05 -0.97763616 24.9707 2.543784E-06 1 -1.18252665E-05 0 0.97763616 0 0.21030354 0 0 0 0 1 0.20970637 -3.4983957E-05 -0.97776437 24.9707 7.336359E-06 1 -3.4206067E-05 0 0.97776437 0 0.20970637 0 0 0 0 1 0.2076599 -5.596479E-05 -0.9782011 24.9707 1.1621645E-05 1 -5.474482E-05 0 0.9782011 1.8189894E-12 0.2076599 0 0 0 0 1 0.20401728 -7.26541E-05 -0.97896725 24.9707 1.482269E-05 1 -7.1125985E-05 0 0.97896725 0 0.20401728 0 0 0 0 1 0.20019102 -8.3621344E-05 -0.9797569 24.9707 1.6740243E-05 1 -8.192859E-05 0 0.9797569 0 0.20019102 0 0 0 0 1 0.19759375 -8.7912886E-05 -0.98028404 24.9707 1.7371036E-05 1 -8.61796E-05 0 0.98028404 3.637979E-12 0.19759375 0 0 0 0 1 0.19607496 -8.3144514E-05 -0.9805889 24.9707 1.6302562E-05 1 -8.153058E-05 0 0.9805889 -3.637979E-12 0.19607496 0 0 0 0 1 0.19548327 -6.788572E-05 -0.98070705 24.9707 1.3270521E-05 1 -6.657601E-05 0 0.98070705 0 0.19548327 0 0 0 0 1 0.19566697 -4.0706003E-05 -0.9806704 24.9707 7.96482E-06 1 -3.991917E-05 0 0.9806704 1.8189894E-12 0.19566697 0 0 0 0 1 0.19647354 -1.7484554E-07 -0.9805091 24.9707 3.435251E-08 1 -1.7143765E-07 0 0.9805091 0 0.19647354 0 0 0 0 1 0.19775033 -1.7484555E-07 -0.9802524 24.9707 3.4575763E-08 1 -1.7139277E-07 0 0.9802524 -7.1054274E-15 0.19775033 0 0 0 0 1 0.19934487 0 -0.9799293 24.9707 0 1 0 0 0.9799293 0 0.19934487 0 0 0 0 1 0.20110464 -1.7484555E-07 -0.9795698 24.9707 3.5162252E-08 1 -1.7127343E-07 0 0.9795698 7.1054274E-15 0.20110464 0 0 0 0 1 0.20287746 -1.7484557E-07 -0.9792042 24.9707 3.547224E-08 1 -1.712095E-07 0 0.9792042 -7.1054274E-15 0.20287746 0 0 0 0 1 0.20573252 -1.7484555E-07 -0.97860825 24.9707 3.5971418E-08 1 -1.711053E-07 0 0.97860825 0 0.20573252 0 0 0 0 1 0.21052551 -1.7484555E-07 -0.97758836 24.9707 3.6809453E-08 1 -1.7092697E-07 0 0.97758836 -7.1054274E-15 0.21052551 0 0 0 0 1 0.21678358 0 -0.9762197 24.9707 0 1 0 0 0.9762197 0 0.21678358 0 0 0 0 1 0.22403437 -1.7484555E-07 -0.97458124 24.9707 3.9171404E-08 1 -1.704012E-07 0 0.97458124 7.1054274E-15 0.22403437 0 0 0 0 1 0.23180771 -1.7484554E-07 -0.97276163 24.9707 4.0530537E-08 1 -1.7008304E-07 0 0.97276163 0 0.23180771 0 0 0 0 1 0.23963553 0 -0.97086287 24.9707 0 1 0 0 0.97086287 0 0.23963553 0 0 0 0 1 0.24705398 -1.7484555E-07 -0.96900177 24.9707 4.3196295E-08 1 -1.6942565E-07 0 0.96900177 0 0.24705398 0 0 0 0 1 0.25360286 -1.7484555E-07 -0.96730846 24.9707 4.434134E-08 1 -1.6912958E-07 0 0.96730846 0 0.25360286 0 0 0 0 1 0.2588243 -1.7484555E-07 -0.96592444 24.9707 4.5254275E-08 1 -1.688876E-07 0 0.96592444 0 0.2588243 0 0 0 0 1 0.26226252 -1.7484555E-07 -0.9649966 24.9707 4.5855444E-08 1 -1.6872535E-07 0 0.9649966 0 0.26226252 0 0 0 0 1 0.26481622 0 -0.96429884 24.9707 0 1 0 0 0.96429884 0 0.26481622 0 0 0 0 1 0.2676249 0 -0.96352315 24.9707 0 1 0 0 0.96352315 0 0.2676249 0 0 0 0 1 0.27059472 0 -0.96269333 24.9707 0 1 0 0 0.96269333 0 0.27059472 0 0 0 0 1 0.2736323 -1.7484555E-07 -0.9618344 24.9707 4.7843386E-08 1 -1.6817246E-07 0 0.9618344 0 0.2736323 0 0 0 0 1 0.27664477 -1.7484555E-07 -0.96097225 24.9707 4.8370104E-08 1 -1.6802173E-07 0 0.96097225 7.1054274E-15 0.27664477 0 0 0 0 1 0.2795388 -1.7484555E-07 -0.9601343 24.9707 4.887611E-08 1 -1.6787521E-07 0 0.9601343 -7.1054274E-15 0.2795388 0 0 0 0 1 0.2822221 -1.7484555E-07 -0.9593491 24.9707 4.934528E-08 1 -1.6773792E-07 0 0.9593491 0 0.2822221 0 0 0 0 1 0.2846024 -1.7484555E-07 -0.95864564 24.9707 4.976146E-08 1 -1.6761493E-07 0 0.95864564 0 0.2846024 0 0 0 0 1 0.2865876 0 -0.958054 24.9707 0 1 0 0 0.958054 0 0.2865876 0 0 0 0 1 0.2880857 -1.7484557E-07 -0.9576047 24.9707 5.0370517E-08 1 -1.6743292E-07 0 0.9576047 -7.1054274E-15 0.2880857 0 0 0 0 1 0.28900516 -1.7484555E-07 -0.95732754 24.9707 5.0531263E-08 1 -1.6738447E-07 0 0.95732754 0 0.28900516 0 0 0 0 1 0.2892536 1.7944967E-05 -0.9572525 24.9707 -5.1906463E-06 1 1.7177865E-05 0 0.9572525 0 0.2892536 0 0 0 0 1 0.28873843 -1.7484554E-07 -0.957408 24.9707 5.0484616E-08 1 -1.6739853E-07 0 0.957408 0 0.28873843 0 0 0 0 1 0.28736687 -1.8294657E-05 -0.9578206 24.9707 5.257278E-06 1 -1.7523E-05 0 0.9578206 0 0.28736687 0 0 0 0 1 0.28736687 -1.8294657E-05 -0.9578206 24.9707 5.257278E-06 1 -1.7523E-05 0 0.9578206 0 0.28736687 0 0 0 0 1</float_array>
        <technique_common>
          <accessor source="#Motion_55_RForeArm_transform_pose_array_id" count="86" stride="16">
            <param name="TRANSFORM" type="float4x4" />
          </accessor>
        </technique_common>
      </source>
      <sampler id="Motion_55_RForeArm_transform_samp_id">
        <input semantic="INPUT" source="#Motion_55_RForeArm_transform_frame_id" />
        <input semantic="INTERPOLATION" source="#Motion_55_RForeArm_transform_interp_id" />
        <input semantic="OUTPUT" source="#Motion_55_RForeArm_transform_pose_id" />
      </sampler>
      <channel source="#Motion_55_RForeArm_transform_samp_id" target="RForeArm_bone_id/transform" />
    </animation>
    <animation id="Motion_55_RHand_transform_id" name="Motion_55_RHand_transform">
      <source id="Motion_55_RHand_transform_frame_id" name="Motion_55_RHand_transform_frame">
        <float_array id="Motion_55_RHand_transform_frame_array_id" count="86">0 0.033333335 0.06666667 0.1 0.13333334 0.16666667 0.2 0.23333333 0.26666668 0.3 0.33333334 0.36666667 0.4 0.43333334 0.46666667 0.5 0.53333336 0.56666666 0.6 0.6333333 0.6666667 0.7 0.73333335 0.76666665 0.8 0.8333333 0.8666667 0.9 0.93333334 0.96666664 1 1.0333333 1.0666667 1.1 1.1333333 1.1666666 1.2 1.2333333 1.2666667 1.3 1.3333334 1.3666667 1.4 1.4333333 1.4666667 1.5 1.5333333 1.5666667 1.6 1.6333333 1.6666666 1.7 1.7333333 1.7666667 1.8 1.8333334 1.8666667 1.9 1.9333333 1.9666667 2 2.0333333 2.0666666 2.1 2.1333334 2.1666667 2.2 2.2333333 2.2666667 2.3 2.3333333 2.3666666 2.4 2.4333334 2.4666667 2.5 2.5333333 2.5666666 2.6 2.6333334 2.6666667 2.7 2.7333333 2.7666667 2.8 2.8333333</float_array>
        <technique_common>
          <accessor source="#Motion_55_RHand_transform_frame_array_id" count="86" stride="1">
            <param name="TIME" type="float" />
          </accessor>
        </technique_common>
      </source>
      <source id="Motion_55_RHand_transform_interp_id" name="Motion_55_RHand_transform_interp">
        <Name_array id="Motion_55_RHand_transform_interp_array_id" count="86">LINEAR LINEAR LINEAR LINEAR LINEAR LINEAR LINEAR LINEAR LINEAR LINEAR LINEAR LINEAR LINEAR LINEAR LINEAR LINEAR LINEAR LINEAR LINEAR LINEAR LINEAR LINEAR LINEAR LINEAR LINEAR LINEAR LINEAR LINEAR LINEAR LINEAR LINEAR LINEAR LINEAR LINEAR LINEAR LINEAR LINEAR LINEAR LINEAR LINEAR LINEAR LINEAR LINEAR LINEAR LINEAR LINEAR LINEAR LINEAR LINEAR LINEAR LINEAR LINEAR LINEAR LINEAR LINEAR LINEAR LINEAR LINEAR LINEAR LINEAR LINEAR LINEAR LINEAR LINEAR LINEAR LINEAR LINEAR LINEAR LINEAR LINEAR LINEAR LINEAR LINEAR LINEAR LINEAR LINEAR LINEAR LINEAR LINEAR LINEAR LINEAR LINEAR LINEAR LINEAR LINEAR LINEAR</Name_array>
        <technique_common>
          <accessor source="#Motion_55_RHand_transform_interp_array_id" count="86" stride="1">
            <param name="INTERPOLATION" type="Name" />
          </accessor>
        </technique_common>
      </source>
      <source id="Motion_55_RHand_transform_pose_id" name="Motion_55_RHand_transform_pose">
        <float_array id="Motion_55_RHand_transform_pose_array_id" count="1376">0.7460953 0.6453947 -0.16373025 24.970798 -0.111050814 0.36307186 0.9251197 0 0.65651315 -0.67204505 0.3425578 0 0 0 0 1 0.74429953 0.64787805 -0.16208707 24.970798 -0.11040521 0.35872722 0.92689025 0 0.65865684 -0.6719887 0.3385296 0 0 0 0 1 0.7426362 0.650389 -0.15964195 24.970798 -0.1099903 0.353597 0.92890865 0 0.6606009 -0.67228216 0.3341304 0 0 0 0 1 0.74109197 0.6528777 -0.15663138 24.970798 -0.10988483 0.3480875 0.93099964 0 0.6623503 -0.672745 0.3297062 0 0 0 0 1 0.7396527 0.6552974 -0.15329438 24.970798 -0.11016986 0.34260863 0.93299615 0 0.66391 -0.67320466 0.3256054 0 0 0 0 1 0.73830324 0.65760696 -0.14987153 24.970798 -0.110928625 0.33757234 0.9347405 0 0.6652843 -0.6734969 0.32217818 0 0 0 0 1 0.7370285 0.65976965 -0.1466051 24.970798 -0.112246424 0.33339393 0.9360819 0 0.66647565 -0.6734631 0.3197776 0 0 0 0 1 0.7358131 0.66175395 -0.14373875 24.970798 -0.11420983 0.33048874 0.9368743 0 0.6674842 -0.672948 0.3187567 0 0 0 0 1 0.7346425 0.6635309 -0.14151722 24.970798 -0.11690658 0.32927167 0.9369701 0 0.66830623 -0.6717938 0.31946814 0 0 0 0 1 0.7335113 0.66507494 -0.14012969 24.970798 -0.12036976 0.3300249 0.9362663 0 0.66893363 -0.6698946 0.32213193 0 0 0 0 1 0.73244387 0.6663681 -0.13956922 24.970798 -0.12443623 0.3325734 0.93483186 0 0.6693591 -0.66734433 0.32651168 0 0 0 0 1 0.7314723 0.6673895 -0.13978389 24.970798 -0.128898 0.33664197 0.93276876 0 0.6695771 -0.66427666 0.33226943 0 0 0 0 1 0.73063016 0.66811484 -0.14071995 24.970798 -0.13354546 0.34195757 0.93017775 0 0.6695858 -0.6608234 0.33906817 0 0 0 0 1 0.7297627 0.6686655 -0.14259341 24.970798 -0.13794714 0.34827477 0.9271868 0 0.66963947 -0.656956 0.3463984 0 0 0 0 1 0.7288217 0.66908705 -0.14540127 24.970798 -0.14186487 0.35531014 0.9239205 0 0.6698457 -0.65274596 0.35387766 0 0 0 0 1 0.7280402 0.66927564 -0.14841723 24.970798 -0.14505258 0.3619895 0.9208275 0 0.6700129 -0.6488712 0.36062306 0 0 0 0 1 0.7276887 0.6691334 -0.15076369 24.970798 -0.14707044 0.3669029 0.9185601 0 0.66995484 -0.64625293 0.3654008 0 0 0 0 1 0.7280368 0.6685741 -0.1515621 24.970798 -0.14747661 0.36865205 0.9177943 0 0.6694871 -0.6458362 0.36699128 0 0 0 0 1 0.7297102 0.6672306 -0.14942008 24.970798 -0.14624771 0.3657754 0.91914093 0 0.6679331 -0.64885414 0.364491 0 0 0 0 1 0.7328937 0.6650178 -0.1435903 24.970798 -0.14289361 0.35681146 0.9231831 0 0.6651678 -0.6560769 0.35653168 0 0 0 0 1 0.7371156 0.6621926 -0.13476488 24.970798 -0.13687241 0.34159106 0.9298287 0 0.6617602 -0.66694564 0.34242797 0 0 0 0 1 0.7417541 0.6589571 -0.12480524 24.970798 -0.12880194 0.32259083 0.9377341 0 0.6581876 -0.67949295 0.324158 0 0 0 0 1 0.74620354 0.655614 -0.115544856 24.970798 -0.11926076 0.3024069 0.94568866 0 0.6549483 -0.69189626 0.30384612 0 0 0 0 1 0.7500491 0.6524482 -0.1083408 24.970798 -0.10915527 0.28368002 0.95268613 0 0.65231246 -0.70273536 0.28399205 0 0 0 0 1 0.75322545 0.6495644 -0.10352576 24.970798 -0.09996474 0.2686087 0.95804816 0 0.6501219 -0.7112773 0.26725644 0 0 0 0 1 0.75573266 0.647067 -0.10085818 24.970798 -0.09258735 0.2580343 0.9616891 0 0.6483022 -0.7174417 0.25491518 0 0 0 0 1 0.7575941 0.64502513 -0.09996864 24.970798 -0.08779487 0.25246185 0.96361566 0 0.64679456 -0.7212528 0.24789351 0 0 0 0 1 0.7588374 0.6434799 -0.100495815 24.970798 -0.08636707 0.2523675 0.9637693 0 0.6455281 -0.7226646 0.2470814 0 0 0 0 1 0.7598697 0.64201236 -0.1020695 24.970798 -0.088184536 0.25736034 0.9622833 0 0.6440664 -0.72220904 0.25217587 0 0 0 0 1 0.76147115 0.63982797 -0.10383555 24.970798 -0.0919168 0.26515692 0.95981413 0 0.64164865 -0.72132653 0.2607203 0 0 0 0 1 0.7642212 0.63639843 -0.10470447 24.970798 -0.09652966 0.27337837 0.9570508 0 0.6376896 -0.7212914 0.27035284 0 0 0 0 1 0.7682717 0.6315302 -0.10453802 24.970798 -0.10096979 0.2808209 0.9544342 0 0.63211054 -0.7227096 0.27951223 0 0 0 0 1 0.77331996 0.6253818 -0.10427737 24.970798 -0.104183316 0.28757912 0.9520736 0 0.6253975 -0.72539353 0.28754503 0 0 0 0 1 0.7790922 0.6181786 -0.10426244 24.970798 -0.10538772 0.29309165 0.9502583 0 0.61798775 -0.72935086 0.29349387 0 0 0 0 1 0.7849211 0.61074805 -0.104334086 24.970798 -0.10446027 0.29642373 0.9493266 0 0.6107265 -0.73424774 0.29646814 0 0 0 0 1 0.79008174 0.6040175 -0.10456453 24.970798 -0.10164577 0.29730517 0.94935656 0 0.6045155 -0.7394407 0.29629117 0 0 0 0 1 0.79406327 0.59868157 -0.10508993 24.970798 -0.09801051 0.29674053 0.94991523 0 0.5998812 -0.74399287 0.2943079 0 0 0 0 1 0.7966256 0.59518105 -0.10558002 24.970798 -0.09491843 0.29566634 0.950564 0 0.59697413 -0.7472222 0.29202902 0 0 0 0 1 0.79745394 0.5940773 -0.10554305 24.970798 -0.09320372 0.29410344 0.9512182 0 0.59613776 -0.7487157 0.28990418 0 0 0 0 1 0.79674155 0.5951469 -0.10489571 24.970798 -0.09260112 0.2917595 0.9519987 0 0.59718335 -0.74878347 0.28756815 0 0 0 0 1 0.7949625 0.5976385 -0.10422507 24.970798 -0.09250224 0.28920513 0.9527874 0 0.5995648 -0.74778914 0.2851901 0 0 0 0 1 0.792261 0.6013117 -0.10366693 24.970798 -0.092847496 0.2867173 0.95350546 0 0.60307705 -0.74579996 0.2829852 0 0 0 0 1 0.78877795 0.60592556 -0.10336095 24.970798 -0.09358096 0.28457105 0.9540764 0 0.6075129 -0.7428819 0.2811665 0 0 0 0 1 0.78465444 0.61124074 -0.10345131 24.970798 -0.094652206 0.28304046 0.9544261 0 0.612665 -0.7391028 0.27994418 0 0 0 0 1 0.78003347 0.6170199 -0.104087204 24.970798 -0.09601766 0.2823996 0.9544794 0 0.618327 -0.7345317 0.279526 0 0 0 0 1 0.7750621 0.6230285 -0.10542381 24.970798 -0.097640574 0.2829224 0.95416 0 0.62429565 -0.7292396 0.2801153 0 0 0 0 1 0.76998574 0.62895983 -0.10738465 24.970798 -0.0994733 0.28456867 0.95348084 0 0.6302595 -0.72348475 0.2816785 0 0 0 0 1 0.7655573 0.63402677 -0.109234035 24.970798 -0.10119021 0.28633183 0.95277214 0 0.6353602 -0.71834826 0.28336072 0 0 0 0 1 0.7627529 0.6372341 -0.110185 24.970798 -0.10226384 0.2870928 0.9524283 0 0.63855314 -0.71519953 0.2841469 0 0 0 0 1 0.7624657 0.63772595 -0.10932362 24.970798 -0.10230246 0.28565836 0.9528554 0 0.6388898 -0.71533555 0.28304565 0 0 0 0 1 0.76481384 0.635255 -0.10728875 24.970798 -0.100571394 0.2822156 0.95406485 0 0.636353 -0.71889186 0.27973086 0 0 0 0 1 0.7686439 0.6308311 -0.10601264 24.970798 -0.09680626 0.27853465 0.95553493 0 0.6323093 -0.72420347 0.2751624 0 0 0 0 1 0.77256155 0.6260264 -0.106016934 24.970798 -0.09189987 0.2754627 0.9569089 0 0.62825394 -0.729528 0.27034366 0 0 0 0 1 0.7757852 0.6218137 -0.1072613 24.970798 -0.087135375 0.2739287 0.95779455 0 0.6249518 -0.7336966 0.2666918 0 0 0 0 1 0.77799344 0.61879504 -0.10871458 24.970798 -0.08389953 0.2738136 0.95811635 0 0.6226452 -0.7362872 0.2649418 0 0 0 0 1 0.7786653 0.61783355 -0.10937086 24.970798 -0.08285183 0.27403337 0.9581447 0 0.62194526 -0.73701245 0.26456892 0 0 0 0 1 0.7776722 0.61914366 -0.1090278 24.970798 -0.08415866 0.27439284 0.9579279 0 0.62301147 -0.7357783 0.265494 0 0 0 0 1 0.77545 0.62205136 -0.108302504 24.970798 -0.08703849 0.27519774 0.95743954 0 0.6253811 -0.73301995 0.2675445 0 0 0 0 1 0.77229095 0.62608576 -0.10762575 24.970798 -0.09093425 0.27662283 0.9566665 0 0.62872696 -0.72903806 0.27056593 0 0 0 0 1 0.7684921 0.6307766 -0.1074284 24.970798 -0.095292866 0.27884668 0.9555961 0 0.6327237 -0.72413087 0.27439994 0 0 0 0 1 0.76436156 0.635655 -0.10813972 24.970798 -0.09956503 0.2820593 0.9542166 0 0.6370543 -0.71859956 0.2788843 0 0 0 0 1 0.76050127 0.6399575 -0.10996443 24.970798 -0.10387409 0.287068 0.9522616 0 0.6409742 -0.71277374 0.28479058 0 0 0 0 1 0.7576065 0.64287716 -0.11287734 24.970798 -0.10826498 0.294311 0.94955766 0 0.64366996 -0.70717037 0.29257303 0 0 0 0 1 0.7559731 0.6441113 -0.11672786 24.970798 -0.1123099 0.30329776 0.94625413 0 0.64489627 -0.70223296 0.301625 0 0 0 0 1 0.75557464 0.64380085 -0.120943904 24.970798 -0.1160458 0.31326002 0.9425505 0 0.6447017 -0.6981322 0.31140172 0 0 0 0 1 0.7563828 0.6420828 -0.124958605 24.970798 -0.11949104 0.32344157 0.93867326 0 0.6431228 -0.6950649 0.3213688 0 0 0 0 1 0.7582234 0.63926584 -0.12820432 24.970798 -0.12218511 0.3324688 0.9351658 0 0.64044356 -0.69339997 0.3301944 0 0 0 0 1 0.760748 0.63577306 -0.13059503 24.970798 -0.12379184 0.33964545 0.9323715 0 0.6371327 -0.6931331 0.3370881 0 0 0 0 1 0.7636619 0.6319171 -0.13229233 24.970798 -0.12452248 0.3452261 0.9302221 0 0.633494 -0.69390184 0.3423239 0 0 0 0 1 0.7666751 0.62801003 -0.13346416 24.970798 -0.124595076 0.34945768 0.9286309 0 0.6298296 -0.69532925 0.3461675 0 0 0 0 1 0.7695041 0.6243653 -0.13428085 24.970798 -0.12423068 0.3525839 0.9274973 0 0.62644243 -0.6970312 0.34888005 0 0 0 0 1 0.7718719 0.62129897 -0.13491243 24.970798 -0.12365048 0.35484874 0.9267108 0 0.623638 -0.69862 0.35072172 0 0 0 0 1 0.77350664 0.6191283 -0.13552718 24.970798 -0.123074844 0.35649848 0.9261541 0 0.6217234 -0.6997064 0.35195303 0 0 0 0 1 0.7742352 0.61802185 -0.13641429 24.970798 -0.122562796 0.35786802 0.9256937 0 0.62091726 -0.6999853 0.35282052 0 0 0 0 1 0.77407694 0.61789215 -0.13789205 24.970798 -0.122069865 0.35939103 0.9251686 0 0.6212116 -0.6993192 0.35362232 0 0 0 0 1 0.7731441 0.618606 -0.13990985 24.970798 -0.121627316 0.3611179 0.92455435 0 0.62245876 -0.69779694 0.35443556 0 0 0 0 1 0.77154523 0.62005043 -0.14232159 24.970798 -0.12112361 0.36279666 0.92396307 0 0.62453747 -0.6956408 0.35501677 0 0 0 0 1 0.76937765 0.6221079 -0.14505088 24.970798 -0.12051684 0.3643536 0.92342955 0 0.6273227 -0.692985 0.35529995 0 0 0 0 1 0.7667386 0.6246615 -0.14802009 24.970798 -0.11976373 0.3657155 0.922989 0 0.63068897 -0.6899638 0.35522002 0 0 0 0 1 0.76372635 0.62759525 -0.15114981 24.970798 -0.11881983 0.36681008 0.9226767 0 0.63451076 -0.68671286 0.35471332 0 0 0 0 1 0.760441 0.63079506 -0.15436032 24.970798 -0.11763871 0.3675661 0.92252713 0 0.6386632 -0.68336874 0.35371822 0 0 0 0 1 0.7571635 0.6340022 -0.15730433 24.970798 -0.11638233 0.36788958 0.92255753 0 0.6427741 -0.6802195 0.3523392 0 0 0 0 1 0.75412756 0.63700926 -0.1597213 24.970798 -0.11514613 0.3676936 0.92279077 0 0.6465547 -0.6775106 0.35063708 0 0 0 0 1 0.75136334 0.6397807 -0.16165929 24.970798 -0.11378342 0.3669188 0.923268 0 0.6500049 -0.67531556 0.34848577 0 0 0 0 1 0.7487426 0.6425154 -0.16296753 24.970798 -0.112399966 0.36536032 0.9240553 0 0.65326166 -0.673562 0.34577954 0 0 0 0 1 0.7487426 0.6425154 -0.16296753 24.970798 -0.112399966 0.36536032 0.9240553 0 0.65326166 -0.673562 0.34577954 0 0 0 0 1</float_array>
        <technique_common>
          <accessor source="#Motion_55_RHand_transform_pose_array_id" count="86" stride="16">
            <param name="TRANSFORM" type="float4x4" />
          </accessor>
        </technique_common>
      </source>
      <sampler id="Motion_55_RHand_transform_samp_id">
        <input semantic="INPUT" source="#Motion_55_RHand_transform_frame_id" />
        <input semantic="INTERPOLATION" source="#Motion_55_RHand_transform_interp_id" />
        <input semantic="OUTPUT" source="#Motion_55_RHand_transform_pose_id" />
      </sampler>
      <channel source="#Motion_55_RHand_transform_samp_id" target="RHand_bone_id/transform" />
    </animation>
    <animation id="Motion_55_LShoulder_transform_id" name="Motion_55_LShoulder_transform">
      <source id="Motion_55_LShoulder_transform_frame_id" name="Motion_55_LShoulder_transform_frame">
        <float_array id="Motion_55_LShoulder_transform_frame_array_id" count="86">0 0.033333335 0.06666667 0.1 0.13333334 0.16666667 0.2 0.23333333 0.26666668 0.3 0.33333334 0.36666667 0.4 0.43333334 0.46666667 0.5 0.53333336 0.56666666 0.6 0.6333333 0.6666667 0.7 0.73333335 0.76666665 0.8 0.8333333 0.8666667 0.9 0.93333334 0.96666664 1 1.0333333 1.0666667 1.1 1.1333333 1.1666666 1.2 1.2333333 1.2666667 1.3 1.3333334 1.3666667 1.4 1.4333333 1.4666667 1.5 1.5333333 1.5666667 1.6 1.6333333 1.6666666 1.7 1.7333333 1.7666667 1.8 1.8333334 1.8666667 1.9 1.9333333 1.9666667 2 2.0333333 2.0666666 2.1 2.1333334 2.1666667 2.2 2.2333333 2.2666667 2.3 2.3333333 2.3666666 2.4 2.4333334 2.4666667 2.5 2.5333333 2.5666666 2.6 2.6333334 2.6666667 2.7 2.7333333 2.7666667 2.8 2.8333333</float_array>
        <technique_common>
          <accessor source="#Motion_55_LShoulder_transform_frame_array_id" count="86" stride="1">
            <param name="TIME" type="float" />
          </accessor>
        </technique_common>
      </source>
      <source id="Motion_55_LShoulder_transform_interp_id" name="Motion_55_LShoulder_transform_interp">
        <Name_array id="Motion_55_LShoulder_transform_interp_array_id" count="86">LINEAR LINEAR LINEAR LINEAR LINEAR LINEAR LINEAR LINEAR LINEAR LINEAR LINEAR LINEAR LINEAR LINEAR LINEAR LINEAR LINEAR LINEAR LINEAR LINEAR LINEAR LINEAR LINEAR LINEAR LINEAR LINEAR LINEAR LINEAR LINEAR LINEAR LINEAR LINEAR LINEAR LINEAR LINEAR LINEAR LINEAR LINEAR LINEAR LINEAR LINEAR LINEAR LINEAR LINEAR LINEAR LINEAR LINEAR LINEAR LINEAR LINEAR LINEAR LINEAR LINEAR LINEAR LINEAR LINEAR LINEAR LINEAR LINEAR LINEAR LINEAR LINEAR LINEAR LINEAR LINEAR LINEAR LINEAR LINEAR LINEAR LINEAR LINEAR LINEAR LINEAR LINEAR LINEAR LINEAR LINEAR LINEAR LINEAR LINEAR LINEAR LINEAR LINEAR LINEAR LINEAR LINEAR</Name_array>
        <technique_common>
          <accessor source="#Motion_55_LShoulder_transform_interp_array_id" count="86" stride="1">
            <param name="INTERPOLATION" type="Name" />
          </accessor>
        </technique_common>
      </source>
      <source id="Motion_55_LShoulder_transform_pose_id" name="Motion_55_LShoulder_transform_pose">
        <float_array id="Motion_55_LShoulder_transform_pose_array_id" count="1376">-0.6030414 0.77373725 -0.19409156 15.41871 -0.703234 -0.63050234 -0.3285249 -4.285372 -0.37656718 -0.061622366 0.9243375 -0.220198 0 0 0 1 -0.6022717 0.7734566 -0.19756934 15.41871 -0.6996056 -0.63059473 -0.3360091 -4.285372 -0.38447466 -0.06414816 0.92090404 -0.220198 0 0 0 1 -0.6017127 0.772929 -0.20130152 15.41871 -0.695623 -0.63098335 -0.34346527 -4.285372 -0.39249223 -0.0666375 0.91733813 -0.220198 0 0 0 1 -0.6016897 0.77192986 -0.20516744 15.41871 -0.6913407 -0.63196313 -0.3502437 -4.285372 -0.40002182 -0.068897456 0.9139123 -0.220198 0 0 0 1 -0.60239077 0.7703775 -0.20891157 15.41871 -0.68701863 -0.6336546 -0.35565066 -4.285372 -0.40636298 -0.07071449 0.9109712 -0.220198 0 0 0 1 -0.6038555 0.7683961 -0.21195783 15.41871 -0.683235 -0.635924 -0.35887438 -4.285372 -0.41054672 -0.07189125 0.9090011 -0.220198 0 0 0 1 -0.60621536 0.7660504 -0.21370384 15.41871 -0.6805207 -0.63870597 -0.35909015 -4.285372 -0.41157517 -0.0722561 0.908507 -0.220198 0 0 0 1 -0.6096133 0.7632862 -0.21392983 15.41871 -0.67900175 -0.64206517 -0.35596234 -4.285372 -0.40905797 -0.07174063 0.90968394 -0.220198 0 0 0 1 -0.6137488 0.76019776 -0.21310167 15.41871 -0.6781986 -0.6458367 -0.35063118 -4.285372 -0.40417778 -0.07067414 0.911946 -0.220198 0 0 0 1 -0.61808825 0.75708187 -0.21164595 15.41871 -0.67773736 -0.64961445 -0.34448972 -4.285372 -0.39829516 -0.06948468 0.9146217 -0.220198 0 0 0 1 -0.6223992 0.7540835 -0.20970806 15.41871 -0.67719996 -0.65315974 -0.33879608 -4.285372 -0.39245334 -0.06885208 0.91719127 -0.220198 0 0 0 1 -0.6269213 0.7510335 -0.20716713 15.41871 -0.67611676 -0.6565957 -0.3342874 -4.285372 -0.3870861 -0.069502756 0.9194203 -0.220198 0 0 0 1 -0.6316862 0.74782735 -0.20427099 15.41871 -0.67435485 -0.66004705 -0.3310337 -4.285372 -0.38238457 -0.07135829 0.9212437 -0.220198 0 0 0 1 -0.636449 0.74462 -0.2011804 15.41871 -0.67208046 -0.66334987 -0.32905114 -4.285372 -0.37847108 -0.07421489 0.92263305 -0.220198 0 0 0 1 -0.6411159 0.7414313 -0.19811685 15.41871 -0.6693048 -0.6664897 -0.32836378 -4.285372 -0.375502 -0.077918634 0.9235405 -0.220198 0 0 0 1 -0.64559364 0.73828524 -0.19530477 15.41871 -0.66603655 -0.66944706 -0.32899275 -4.285372 -0.37363666 -0.082315505 0.9239155 -0.220198 0 0 0 1 -0.64978826 0.73521286 -0.19297028 15.41871 -0.662283 -0.6721977 -0.33095586 -4.285372 -0.37303716 -0.087250255 0.92370486 -0.220198 0 0 0 1 -0.6536013 0.73225284 -0.19134045 15.41871 -0.65804887 -0.6747128 -0.33426678 -4.285372 -0.37386763 -0.092565805 0.9228513 -0.220198 0 0 0 1 -0.6569269 0.7294538 -0.19064125 15.41871 -0.6533377 -0.6769587 -0.3389346 -4.285372 -0.3762934 -0.09810218 0.9212922 -0.220198 0 0 0 1 -0.65965354 0.7268652 -0.19111295 15.41871 -0.6481525 -0.6789113 -0.34493145 -4.285372 -0.3804674 -0.10366496 0.9189658 -0.220198 0 0 0 1 -0.66182995 0.7243864 -0.19299039 15.41871 -0.6426348 -0.6807847 -0.3515004 -4.285372 -0.38600704 -0.10861117 0.91607976 -0.220198 0 0 0 1 -0.66358376 0.721986 -0.19594118 15.41871 -0.63731414 -0.6827415 -0.3573444 -4.285372 -0.3917748 -0.112251826 0.91318786 -0.220198 0 0 0 1 -0.66504264 0.7196364 -0.19960393 15.41871 -0.63277787 -0.6849482 -0.36116207 -4.285372 -0.39662373 -0.113883235 0.9108898 -0.220198 0 0 0 1 -0.66636837 0.7172829 -0.20361324 15.41871 -0.6296221 -0.6875918 -0.36165398 -4.285372 -0.39941102 -0.112795435 0.9098066 -0.220198 0 0 0 1 -0.6677213 0.7148815 -0.20758826 15.41871 -0.6284575 -0.69081426 -0.35751504 -4.285372 -0.3989858 -0.10825998 0.91054386 -0.220198 0 0 0 1 -0.66908336 0.7125892 -0.21105617 15.41871 -0.62992996 -0.69446075 -0.3477255 -4.285372 -0.3943556 -0.09970664 0.91353285 -0.220198 0 0 0 1 -0.6710144 0.71006244 -0.21342619 15.41871 -0.6345176 -0.6988543 -0.3301361 -4.285372 -0.3835711 -0.08610342 0.91948867 -0.220198 0 0 0 1 -0.6744168 0.7064857 -0.21456869 15.41871 -0.6444805 -0.7050736 -0.29583055 -4.285372 -0.36028683 -0.061227754 0.93083 -0.220198 0 0 0 1 -0.6747135 0.70636004 -0.21404974 15.41871 -0.6460574 -0.70544136 -0.2914831 -4.285372 -0.3568915 -0.05837915 0.9323199 -0.220198 0 0 0 1 -0.6754911 0.70602274 -0.2127051 15.41871 -0.6486218 -0.70613647 -0.2840088 -4.285372 -0.35071555 -0.05388029 0.93493074 -0.220198 0 0 0 1 -0.67658985 0.7055677 -0.21071362 15.41871 -0.6517836 -0.70698917 -0.274489 -4.285372 -0.34264284 -0.048376754 0.93821937 -0.220198 0 0 0 1 -0.6761154 0.706813 -0.2080467 15.41871 -0.65078807 -0.7052822 -0.2811618 -4.285372 -0.34546044 -0.05470348 0.93683755 -0.220198 0 0 0 1 -0.6750263 0.70873433 -0.20502365 15.41871 -0.64835423 -0.7024504 -0.2935981 -4.285372 -0.35210204 -0.06525854 0.9336838 -0.220198 0 0 0 1 -0.6745776 0.7099205 -0.20238103 15.41871 -0.6468065 -0.7005447 -0.30146068 -4.285372 -0.35579008 -0.072457224 0.93175286 -0.220198 0 0 0 1 -0.6739576 0.71131307 -0.19953582 15.41871 -0.6457725 -0.6984111 -0.30854425 -4.285372 -0.35882965 -0.079091035 0.9300462 -0.220198 0 0 0 1 -0.6729721 0.71296203 -0.19696198 15.41871 -0.6452457 -0.6960515 -0.31491345 -4.285372 -0.36161697 -0.084839046 0.9284587 -0.220198 0 0 0 1 -0.67189944 0.71466494 -0.19443607 15.41871 -0.6451378 -0.6936809 -0.3203191 -4.285372 -0.36379737 -0.08978412 0.92714095 -0.220198 0 0 0 1 -0.67078936 0.7163422 -0.19208124 15.41871 -0.64539933 -0.69141376 -0.32466367 -4.285372 -0.36537793 -0.09381188 0.92612004 -0.220198 0 0 0 1 -0.66969204 0.71791697 -0.19002154 15.41871 -0.64597976 -0.68936455 -0.32785216 -4.285372 -0.3663647 -0.09680986 0.9254214 -0.220198 0 0 0 1 -0.6686214 0.7193683 -0.18829526 15.41871 -0.6468292 -0.6875645 -0.32995075 -4.285372 -0.36682117 -0.09881721 0.9250283 -0.220198 0 0 0 1 -0.6675322 0.720771 -0.186788 15.41871 -0.6478992 -0.68590164 -0.3313087 -4.285372 -0.3669159 -0.10013947 0.92484856 -0.220198 0 0 0 1 -0.66637933 0.7221967 -0.18539208 15.41871 -0.6491443 -0.68426466 -0.3322547 -4.285372 -0.36681056 -0.10106148 0.92479 -0.220198 0 0 0 1 -0.6651145 0.72371805 -0.18399784 15.41871 -0.65052176 -0.6825365 -0.33311516 -4.285372 -0.36666664 -0.1018651 0.9247589 -0.220198 0 0 0 1 -0.66373444 0.72533286 -0.18261564 15.41871 -0.65198886 -0.68070674 -0.33398855 -4.285372 -0.36656064 -0.102616355 0.9247179 -0.220198 0 0 0 1 -0.6622865 0.7269654 -0.18137786 15.41871 -0.6535033 -0.67887986 -0.33474717 -4.285372 -0.36648336 -0.1031675 0.9246872 -0.220198 0 0 0 1 -0.6607928 0.7285771 -0.18035612 15.41871 -0.65502244 -0.6771027 -0.3353769 -4.285372 -0.3664675 -0.10347734 0.9246589 -0.220198 0 0 0 1 -0.6591673 0.73023933 -0.17958069 15.41871 -0.6566252 -0.6753112 -0.33585444 -4.285372 -0.36652696 -0.10346702 0.9246365 -0.220198 0 0 0 1 -0.65740275 0.7319553 -0.17906149 15.41871 -0.65832794 -0.673507 -0.33614385 -4.285372 -0.36664146 -0.10310072 0.92463195 -0.220198 0 0 0 1 -0.65563214 0.7335921 -0.17885515 15.41871 -0.65999824 -0.6718322 -0.33622 -4.285372 -0.36680898 -0.10239255 0.92464423 -0.220198 0 0 0 1 -0.6539633 0.73503125 -0.17905657 15.41871 -0.6615082 -0.6704185 -0.33607468 -4.285372 -0.36706817 -0.101333104 0.92465806 -0.220198 0 0 0 1 -0.6523248 0.73630595 -0.1797935 15.41871 -0.6627474 -0.66921115 -0.33603895 -4.285372 -0.36774734 -0.10004888 0.92452806 -0.220198 0 0 0 1 -0.6503155 0.73763 -0.18163623 15.41871 -0.6636468 -0.6679956 -0.3366821 -4.285372 -0.36967903 -0.09840729 0.9239337 -0.220198 0 0 0 1 -0.64786863 0.7389841 -0.1848477 15.41871 -0.66410565 -0.66680336 -0.33813736 -4.285372 -0.3731352 -0.09631019 0.92276454 -0.220198 0 0 0 1 -0.6452446 0.740259 -0.18888116 15.41871 -0.6641539 -0.6657096 -0.34019172 -4.285372 -0.37756997 -0.0940607 0.92119133 -0.220198 0 0 0 1 -0.64244914 0.7415418 -0.19332637 15.41871 -0.66406804 -0.66461754 -0.34248704 -4.285372 -0.38245654 -0.09164859 0.91941696 -0.220198 0 0 0 1 -0.63960814 0.74279344 -0.19788656 15.41871 -0.66404355 -0.663584 -0.3445319 -4.285372 -0.38723043 -0.08896017 0.91768116 -0.220198 0 0 0 1 -0.63684464 0.7440018 -0.20221363 15.41871 -0.66427034 -0.6626216 -0.3459444 -4.285372 -0.39137435 -0.0859883 0.9162053 -0.220198 0 0 0 1 -0.6342958 0.74514866 -0.20596647 15.41871 -0.6649337 -0.661747 -0.34634382 -4.285372 -0.39437532 -0.0827304 0.9152179 -0.220198 0 0 0 1 -0.6321081 0.74621594 -0.20880897 15.41871 -0.6662148 -0.6609776 -0.3453499 -4.285372 -0.39572364 -0.07918683 0.9149493 -0.220198 0 0 0 1 -0.6304103 0.7472116 -0.21037494 15.41871 -0.668291 -0.66029406 -0.34263518 -4.285372 -0.3949303 -0.075409055 0.915611 -0.220198 0 0 0 1 -0.62918663 0.7482883 -0.21021163 15.41871 -0.67134 -0.65949166 -0.33819133 -4.285372 -0.3916974 -0.071661964 0.91729915 -0.220198 0 0 0 1 -0.6282642 0.7495586 -0.20843641 15.41871 -0.6752854 -0.65843046 -0.33235335 -4.285372 -0.3863592 -0.068051666 0.9198345 -0.220198 0 0 0 1 -0.62763536 0.7509059 -0.20546165 15.41871 -0.67974484 -0.6572354 -0.32555947 -4.285372 -0.37950113 -0.0646711 0.9229282 -0.220198 0 0 0 1 -0.627161 0.7523354 -0.2016441 15.41871 -0.68448687 -0.65589714 -0.3182397 -4.285372 -0.37168077 -0.06156479 0.926317 -0.220198 0 0 0 1 -0.62672913 0.7538342 -0.19734374 15.41871 -0.6892802 -0.65443027 -0.31082764 -4.285372 -0.3634602 -0.058779627 0.92975354 -0.220198 0 0 0 1 -0.6262586 0.755368 -0.1929239 15.41871 -0.6938927 -0.65287256 -0.30376095 -4.285372 -0.355406 -0.056364372 0.93301105 -0.220198 0 0 0 1 -0.62570167 0.7568824 -0.18875065 15.41871 -0.69809186 -0.6512859 -0.29748067 -4.285372 -0.34808847 -0.0543688 0.93588376 -0.220198 0 0 0 1 -0.6250415 0.7583059 -0.18519121 15.41871 -0.70164406 -0.64975405 -0.29243082 -4.285372 -0.34208065 -0.052843027 0.9381836 -0.220198 0 0 0 1 -0.6242703 0.7595659 -0.18260908 15.41871 -0.7043248 -0.6483617 -0.28905654 -4.285372 -0.33795422 -0.051833317 0.93973416 -0.220198 0 0 0 1 -0.62306666 0.7608773 -0.18125483 15.41871 -0.7062139 -0.64686334 -0.28780115 -4.285372 -0.33622852 -0.051314667 0.9403814 -0.220198 0 0 0 1 -0.6212456 0.7623707 -0.18123204 15.41871 -0.7075205 -0.64512837 -0.28848627 -4.285372 -0.33685136 -0.05099544 0.94017583 -0.220198 0 0 0 1 -0.6194258 0.7637602 -0.18160969 15.41871 -0.7083509 -0.6434765 -0.29013276 -4.285372 -0.3384534 -0.051072307 0.9395961 -0.220198 0 0 0 1 -0.61794364 0.7648946 -0.18188374 15.41871 -0.70885277 -0.64209425 -0.2919631 -4.285372 -0.3401075 -0.05148796 0.93897593 -0.220198 0 0 0 1 -0.616483 0.7659767 -0.18228674 15.41871 -0.7092472 -0.6407696 -0.2939096 -4.285372 -0.3419317 -0.05190391 0.9382903 -0.220198 0 0 0 1 -0.6149833 0.7670751 -0.18273318 15.41871 -0.7095671 -0.6394117 -0.29608667 -4.285372 -0.34396243 -0.052426882 0.93751866 -0.220198 0 0 0 1 -0.61354315 0.7681021 -0.18325907 15.41871 -0.70972484 -0.6381248 -0.29847488 -4.285372 -0.34620136 -0.053063713 0.9366583 -0.220198 0 0 0 1 -0.61216545 0.7690547 -0.18386945 15.41871 -0.70972425 -0.63691485 -0.30104926 -4.285372 -0.3486326 -0.05379539 0.93571436 -0.220198 0 0 0 1 -0.6108525 0.7699305 -0.18456939 15.41871 -0.7095697 -0.635787 -0.3037849 -4.285372 -0.35124013 -0.05460296 0.93469185 -0.220198 0 0 0 1 -0.6096083 0.7707256 -0.18536462 15.41871 -0.7092645 -0.63474846 -0.30665714 -4.285372 -0.35400838 -0.055468157 0.93359596 -0.220198 0 0 0 1 -0.6084337 0.7714372 -0.18626024 15.41871 -0.7088129 -0.63380325 -0.30964106 -4.285372 -0.35692102 -0.05637239 0.93243206 -0.220198 0 0 0 1 -0.60733247 0.7720621 -0.18726242 15.41871 -0.7082189 -0.6329589 -0.3127123 -4.285372 -0.35996276 -0.057297572 0.9312056 -0.220198 0 0 0 1 -0.60630846 0.772596 -0.18837732 15.41871 -0.70748556 -0.6322229 -0.31584644 -4.285372 -0.36311805 -0.05822608 0.92992204 -0.220198 0 0 0 1 -0.6053629 0.77303517 -0.18961087 15.41871 -0.7066171 -0.6316004 -0.31901896 -4.285372 -0.36637118 -0.059139952 0.92858744 -0.220198 0 0 0 1 -0.6045011 0.77337486 -0.19097 15.41871 -0.70561665 -0.63110113 -0.32220575 -4.285372 -0.36970723 -0.060022146 0.9272076 -0.220198 0 0 0 1 -0.603726 0.7736107 -0.19246122 15.41871 -0.7044878 -0.6307322 -0.32538247 -4.285372 -0.37311086 -0.0608553 0.9257888 -0.220198 0 0 0 1 -0.603726 0.7736107 -0.19246122 15.41871 -0.7044878 -0.6307322 -0.32538247 -4.285372 -0.37311086 -0.0608553 0.9257888 -0.220198 0 0 0 1</float_array>
        <technique_common>
          <accessor source="#Motion_55_LShoulder_transform_pose_array_id" count="86" stride="16">
            <param name="TRANSFORM" type="float4x4" />
          </accessor>
        </technique_common>
      </source>
      <sampler id="Motion_55_LShoulder_transform_samp_id">
        <input semantic="INPUT" source="#Motion_55_LShoulder_transform_frame_id" />
        <input semantic="INTERPOLATION" source="#Motion_55_LShoulder_transform_interp_id" />
        <input semantic="OUTPUT" source="#Motion_55_LShoulder_transform_pose_id" />
      </sampler>
      <channel source="#Motion_55_LShoulder_transform_samp_id" target="LShoulder_bone_id/transform" />
    </animation>
    <animation id="Motion_55_LArm_transform_id" name="Motion_55_LArm_transform">
      <source id="Motion_55_LArm_transform_frame_id" name="Motion_55_LArm_transform_frame">
        <float_array id="Motion_55_LArm_transform_frame_array_id" count="86">0 0.033333335 0.06666667 0.1 0.13333334 0.16666667 0.2 0.23333333 0.26666668 0.3 0.33333334 0.36666667 0.4 0.43333334 0.46666667 0.5 0.53333336 0.56666666 0.6 0.6333333 0.6666667 0.7 0.73333335 0.76666665 0.8 0.8333333 0.8666667 0.9 0.93333334 0.96666664 1 1.0333333 1.0666667 1.1 1.1333333 1.1666666 1.2 1.2333333 1.2666667 1.3 1.3333334 1.3666667 1.4 1.4333333 1.4666667 1.5 1.5333333 1.5666667 1.6 1.6333333 1.6666666 1.7 1.7333333 1.7666667 1.8 1.8333334 1.8666667 1.9 1.9333333 1.9666667 2 2.0333333 2.0666666 2.1 2.1333334 2.1666667 2.2 2.2333333 2.2666667 2.3 2.3333333 2.3666666 2.4 2.4333334 2.4666667 2.5 2.5333333 2.5666666 2.6 2.6333334 2.6666667 2.7 2.7333333 2.7666667 2.8 2.8333333</float_array>
        <technique_common>
          <accessor source="#Motion_55_LArm_transform_frame_array_id" count="86" stride="1">
            <param name="TIME" type="float" />
          </accessor>
        </technique_common>
      </source>
      <source id="Motion_55_LArm_transform_interp_id" name="Motion_55_LArm_transform_interp">
        <Name_array id="Motion_55_LArm_transform_interp_array_id" count="86">LINEAR LINEAR LINEAR LINEAR LINEAR LINEAR LINEAR LINEAR LINEAR LINEAR LINEAR LINEAR LINEAR LINEAR LINEAR LINEAR LINEAR LINEAR LINEAR LINEAR LINEAR LINEAR LINEAR LINEAR LINEAR LINEAR LINEAR LINEAR LINEAR LINEAR LINEAR LINEAR LINEAR LINEAR LINEAR LINEAR LINEAR LINEAR LINEAR LINEAR LINEAR LINEAR LINEAR LINEAR LINEAR LINEAR LINEAR LINEAR LINEAR LINEAR LINEAR LINEAR LINEAR LINEAR LINEAR LINEAR LINEAR LINEAR LINEAR LINEAR LINEAR LINEAR LINEAR LINEAR LINEAR LINEAR LINEAR LINEAR LINEAR LINEAR LINEAR LINEAR LINEAR LINEAR LINEAR LINEAR LINEAR LINEAR LINEAR LINEAR LINEAR LINEAR LINEAR LINEAR LINEAR LINEAR</Name_array>
        <technique_common>
          <accessor source="#Motion_55_LArm_transform_interp_array_id" count="86" stride="1">
            <param name="INTERPOLATION" type="Name" />
          </accessor>
        </technique_common>
      </source>
      <source id="Motion_55_LArm_transform_pose_id" name="Motion_55_LArm_transform_pose">
        <float_array id="Motion_55_LArm_transform_pose_array_id" count="1376">0.75594723 0.60635084 0.24674368 8.899508 -0.5746841 0.7951849 -0.19344033 0 -0.31349957 0.004431039 0.949578 0 0 0 0 1 0.7602578 0.60685176 0.2318168 8.899508 -0.5761269 0.79472953 -0.19100475 0 -0.3001432 0.011656962 0.9538229 0 0 0 0 1 0.7656675 0.6073005 0.21198888 8.899508 -0.5784726 0.794227 -0.18593794 0 -0.2812875 0.019736879 0.95942056 0 0 0 0 1 0.7714577 0.60758185 0.18893757 8.899508 -0.58143735 0.7937687 -0.17849883 0 -0.25842538 0.027848922 0.9656297 0 0 0 0 1 0.77689457 0.6076395 0.16495161 8.899508 -0.58466977 0.79344296 -0.1691437 0 -0.23365809 0.03496462 0.97168994 0 0 0 0 1 0.7814687 0.60748273 0.14237756 8.899508 -0.5878474 0.7933226 -0.15834968 0 -0.20914602 0.040049043 0.97706395 0 0 0 0 1 0.78490084 0.60716724 0.12360628 8.899508 -0.59069896 0.7934598 -0.1466162 0 -0.18709718 0.04206508 0.98144037 0 0 0 0 1 0.7872854 0.6067525 0.10969548 8.899508 -0.59309363 0.7938483 -0.13433123 0 -0.16858737 0.040697314 0.9848462 0 0 0 0 1 0.7890891 0.60597074 0.10068712 8.899508 -0.5945449 0.79462254 -0.122847155 0 -0.15445003 0.03707433 0.98730475 0 0 0 0 1 0.79070187 0.6043948 0.09745488 8.899508 -0.59439945 0.7960291 -0.11413568 0 -0.14655994 0.03232016 0.9886736 0 0 0 0 1 0.792228 0.6018349 0.10084426 8.899508 -0.59230626 0.79814523 -0.110170424 0 -0.14679277 0.027549416 0.98878354 0 0 0 0 1 0.793645 0.598079 0.11148592 8.899508 -0.587902 0.8010883 -0.112378016 0 -0.15652099 0.023645457 0.98739153 0 0 0 0 1 0.7949866 0.59285253 0.12853882 8.899508 -0.5809508 0.8050444 -0.119998746 0 -0.17462102 0.020722665 0.9844176 0 0 0 0 1 0.7962452 0.5859183 0.15064284 8.899508 -0.5712409 0.8101523 -0.13167024 0 -0.19919166 0.018788427 0.97978044 0 0 0 0 1 0.79704607 0.57758576 0.17638676 8.899508 -0.5590971 0.816136 -0.14605612 0 -0.22831552 0.017796114 0.97342455 0 0 0 0 1 0.79698974 0.5684012 0.20427291 8.899508 -0.5451529 0.82256234 -0.1618628 0 -0.2600302 0.017643034 0.96543926 0 0 0 0 1 0.7962799 0.5589083 0.2314301 8.899508 -0.53030974 0.82902116 -0.17746979 0 -0.29104978 0.018585987 0.95652735 0 0 0 0 1 0.7957305 0.54963577 0.25438863 8.899508 -0.5157248 0.8351412 -0.19122525 0 -0.31755465 0.020969242 0.94800806 0 0 0 0 1 0.7963946 0.54131126 0.26969934 8.899508 -0.5029558 0.8404513 -0.2016855 0 -0.3358438 0.02497439 0.94158655 0 0 0 0 1 0.7994273 0.53468865 0.27390528 8.899508 -0.4937206 0.84449196 -0.20754096 0 -0.34228063 0.03068123 0.9390967 0 0 0 0 1 0.80533695 0.5302747 0.26503032 8.899508 -0.4892903 0.84698606 -0.20786938 0 -0.33470488 0.03772811 0.9415674 0 0 0 0 1 0.8127935 0.5286019 0.24484038 8.899508 -0.4902586 0.8476939 -0.20263645 0 -0.3146637 0.044666484 0.9481517 0 0 0 0 1 0.8201701 0.52996063 0.21555214 8.899508 -0.49665916 0.8465439 -0.19155428 0 -0.28399056 0.050051138 0.9575198 0 0 0 0 1 0.82657164 0.53369063 0.17875563 8.899508 -0.50738066 0.844022 -0.17375755 0 -0.24360646 0.052925903 0.968429 0 0 0 0 1 0.83071536 0.5391289 0.13875169 8.899508 -0.5206572 0.8406377 -0.14914536 0 -0.19704849 0.051655278 0.979032 0 0 0 0 1 0.83166873 0.545782 0.10222118 8.899508 -0.53457767 0.8367786 -0.118441366 0 -0.15017967 0.04385882 0.98768544 0 0 0 0 1 0.82976943 0.553124 0.07440822 8.899508 -0.54763144 0.83263636 -0.08256224 0 -0.10762215 0.027759342 0.9938043 0 0 0 0 1 0.8253548 0.5605302 0.06778882 8.899508 -0.55923414 0.8281117 -0.03857663 0 -0.07776008 -0.0060704164 0.9969536 0 0 0 0 1 0.8240727 0.5642046 0.05076884 8.899508 -0.5638027 0.8255812 -0.023286216 0 -0.055051986 -0.009434073 0.9984389 0 0 0 0 1 0.82324666 0.5654775 0.050001465 8.899508 -0.5655353 0.8245993 -0.014345712 0 -0.049343348 -0.016467532 0.99864614 0 0 0 0 1 0.8223359 0.56521636 0.06553008 8.899508 -0.5656634 0.82452893 -0.013305234 0 -0.06155178 -0.026126595 0.9977619 0 0 0 0 1 0.8223874 0.56322706 0.08033835 8.899508 -0.5627265 0.8260651 -0.030907838 0 -0.083772846 -0.019790305 0.99628836 0 0 0 0 1 0.8228015 0.55965626 0.098906994 8.899508 -0.55679405 0.8286854 -0.057104044 0 -0.11392142 -0.008085528 0.99345684 0 0 0 0 1 0.82251805 0.5548797 0.124790095 8.899508 -0.5487668 0.8319301 -0.0821421 0 -0.14939561 -0.00091730803 0.9887771 0 0 0 0 1 0.8212935 0.54975075 0.15248331 8.899508 -0.5396071 0.8353186 -0.105199575 0 -0.1852057 0.0041186363 0.98269117 0 0 0 0 1 0.81954473 0.54463166 0.1781088 8.899508 -0.53002614 0.83863217 -0.12557228 0 -0.2177584 0.008509796 0.9759656 0 0 0 0 1 0.8172112 0.53983474 0.20185208 8.899508 -0.52059126 0.84168446 -0.14335987 0 -0.24728641 0.012072854 0.96886724 0 0 0 0 1 0.8144867 0.5356488 0.22291659 8.899508 -0.5119933 0.84431386 -0.1581043 0 -0.27289996 0.014642067 0.961931 0 0 0 0 1 0.81178635 0.53239584 0.23991174 8.899508 -0.50495267 0.8463352 -0.16952759 0 -0.29330152 0.016476117 0.955878 0 0 0 0 1 0.80939615 0.53040606 0.25208583 8.899508 -0.5001177 0.8475602 -0.17754969 0 -0.30783138 0.017635435 0.9512775 0 0 0 0 1 0.80746067 0.5294083 0.2602578 8.899508 -0.49707168 0.84816545 -0.18312597 0 -0.3176901 0.018500239 0.9480141 0 0 0 0 1 0.80567753 0.52886117 0.26681387 8.899508 -0.49482337 0.84849215 -0.18764573 0 -0.32562804 0.019156225 0.9453039 0 0 0 0 1 0.8037077 0.52870375 0.27299508 8.899508 -0.49315637 0.8485862 -0.19156796 0 -0.33294258 0.01933536 0.94274884 0 0 0 0 1 0.80175287 0.52888346 0.27834266 8.899508 -0.49204957 0.84847534 -0.19487649 0 -0.33923382 0.019284405 0.94050443 0 0 0 0 1 0.7999096 0.5293487 0.2827271 8.899508 -0.49144062 0.84818816 -0.19764352 0 -0.3444281 0.019153371 0.9386173 0 0 0 0 1 0.7982731 0.5300497 0.28601995 8.899508 -0.49126542 0.8477516 -0.19993888 0 -0.3484514 0.019094124 0.93713236 0 0 0 0 1 0.79684234 0.5310459 0.28815365 8.899508 -0.49166325 0.84713095 -0.20158455 0 -0.35115457 0.018956535 0.9361256 0 0 0 0 1 0.79559827 0.5324192 0.28905556 8.899508 -0.49279392 0.8462766 -0.20241067 0 -0.3523883 0.01859276 0.9356692 0 0 0 0 1 0.7946024 0.53415656 0.2885895 8.899508 -0.49461988 0.8451905 -0.20249492 0 -0.3520771 0.01816085 0.93579483 0 0 0 0 1 0.79390883 0.5362454 0.28661776 8.899508 -0.4971002 0.843874 -0.2019111 0 -0.35014313 0.017821282 0.93652666 0 0 0 0 1 0.7935626 0.5386736 0.28300032 8.899508 -0.5001916 0.84232783 -0.20072919 0 -0.34650657 0.01773677 0.93787986 0 0 0 0 1 0.79359764 0.54142797 0.27759427 8.899508 -0.5038489 0.8405529 -0.1990153 0 -0.34108514 0.018072516 0.9398587 0 0 0 0 1 0.7940352 0.54449195 0.27025282 8.899508 -0.5080251 0.8385509 -0.19683185 0 -0.33379412 0.018996194 0.9424546 0 0 0 0 1 0.794727 0.5478437 0.26129717 8.899508 -0.5126139 0.83632874 -0.1943739 0 -0.32501686 0.020529665 0.94548535 0 0 0 0 1 0.79548925 0.55166215 0.2507304 8.899508 -0.517837 0.83376354 -0.19152853 0 -0.3147089 0.022521429 0.948921 0 0 0 0 1 0.7962531 0.5561763 0.2380105 8.899508 -0.52415884 0.8306994 -0.18760602 0 -0.30205718 0.024626553 0.95297164 0 0 0 0 1 0.79701257 0.56144255 0.22260548 8.899508 -0.5318211 0.8270881 -0.18191083 0 -0.28624684 0.026598915 0.9577866 0 0 0 0 1 0.79753864 0.56753016 0.2045522 8.899508 -0.54096043 0.8228754 -0.1738908 0 -0.26700923 0.028030008 0.9632862 0 0 0 0 1 0.79735136 0.5741649 0.18591802 8.899508 -0.5510059 0.8182531 -0.16387294 0 -0.2462181 0.028222367 0.96880347 0 0 0 0 1 0.79630387 0.58078456 0.16908386 8.899508 -0.56091154 0.81360877 -0.15303288 0 -0.22644725 0.027019605 0.9736486 0 0 0 0 1 0.79431176 0.58703417 0.15639636 8.899508 -0.5699424 0.8092003 -0.1426903 0 -0.21032006 0.024203662 0.97733295 0 0 0 0 1 0.79142433 0.5925301 0.15018536 8.899508 -0.5774558 0.80531216 -0.1342277 0 -0.20048003 0.01950565 0.9795036 0 0 0 0 1 0.7878955 0.59684736 0.15163763 8.899508 -0.58295256 0.8022495 -0.12869349 0 -0.19846158 0.012999475 0.98002243 0 0 0 0 1 0.78401923 0.59987956 0.15955688 8.899508 -0.5864424 0.80007136 -0.12637685 0 -0.20346777 0.005510971 0.97906613 0 0 0 0 1 0.77965856 0.60193455 0.1726479 8.899508 -0.5882729 0.79854256 -0.1275333 0 -0.2146334 -0.0021316558 0.9766924 0 0 0 0 1 0.7748932 0.6031628 0.18903714 8.899508 -0.58874017 0.7975623 -0.13145131 0 -0.23005545 -0.0094330385 0.9731318 0 0 0 0 1 0.7700373 0.60371697 0.20632103 8.899508 -0.58825195 0.79703635 -0.13672115 0 -0.24698624 -0.016088352 0.9688854 0 0 0 0 1 0.7654542 0.6038189 0.22244704 8.899508 -0.58715343 0.796831 -0.14251724 0 -0.2633073 -0.021520138 0.96447194 0 0 0 0 1 0.7615248 0.6037026 0.23584558 8.899508 -0.5857821 0.79680765 -0.1481785 0 -0.2773793 -0.025312528 0.960427 0 0 0 0 1 0.75833565 0.6035685 0.24623592 8.899508 -0.58437437 0.79683673 -0.15348533 0 -0.28884873 -0.02750057 0.9569797 0 0 0 0 1 0.75590765 0.603597 0.25352374 8.899508 -0.5831538 0.7967911 -0.15828988 0 -0.29754874 -0.028190792 0.95429033 0 0 0 0 1 0.75403774 0.6037798 0.25860602 8.899508 -0.58209455 0.7966659 -0.16275546 0 -0.30429107 -0.027809374 0.9521731 0 0 0 0 1 0.752493 0.6039845 0.2625967 8.899508 -0.5810298 0.7965442 -0.1670981 0 -0.3100945 -0.026836336 0.9503269 0 0 0 0 1 0.75122833 0.60419226 0.2657212 8.899508 -0.5799732 0.7964317 -0.1712529 0 -0.31509846 -0.02546113 0.9487174 0 0 0 0 1 0.750192 0.6043833 0.26820275 8.899508 -0.57893854 0.7963359 -0.17515507 0 -0.31944028 -0.023872986 0.9473056 0 0 0 0 1 0.74932855 0.60456043 0.27021006 8.899508 -0.5779095 0.7962525 -0.17889264 0 -0.32330683 -0.022107616 0.9460359 0 0 0 0 1 0.7486249 0.6047359 0.2717631 8.899508 -0.57687694 0.796172 -0.1825464 0 -0.32676256 -0.020115055 0.9448924 0 0 0 0 1 0.7481279 0.60490704 0.27274925 8.899508 -0.57587874 0.79609454 -0.18600334 0 -0.3296489 -0.017916188 0.9439336 0 0 0 0 1 0.7478689 0.60506886 0.2731005 8.899508 -0.57494897 0.79602134 -0.18916583 0 -0.3318522 -0.015547626 0.9432033 0 0 0 0 1 0.74787843 0.6052156 0.2727487 8.899508 -0.57412237 0.7959547 -0.19193661 0 -0.33325863 -0.013045855 0.9427452 0 0 0 0 1 0.7481859 0.6053411 0.2716248 8.899508 -0.57343364 0.7958976 -0.19421843 0 -0.33375394 -0.010447316 0.94260234 0 0 0 0 1 0.7488178 0.60543853 0.26965925 8.899508 -0.5729173 0.795854 -0.19591404 0 -0.3332233 -0.007788524 0.9428158 0 0 0 0 1 0.749993 0.6055124 0.26620516 8.899508 -0.5726819 0.7958208 -0.19673496 0 -0.33097705 -0.004901044 0.94362605 0 0 0 0 1 0.75171226 0.6056699 0.26094568 8.899508 -0.572902 0.795714 -0.19652593 0 -0.32666796 -0.0017653331 0.9451375 0 0 0 0 1 0.75374097 0.60596764 0.2543182 8.899508 -0.5736103 0.7954881 -0.1953712 0 -0.32069573 0.0013797432 0.9471813 0 0 0 0 1 0.75374097 0.60596764 0.2543182 8.899508 -0.5736103 0.7954881 -0.1953712 0 -0.32069573 0.0013797432 0.9471813 0 0 0 0 1</float_array>
        <technique_common>
          <accessor source="#Motion_55_LArm_transform_pose_array_id" count="86" stride="16">
            <param name="TRANSFORM" type="float4x4" />
          </accessor>
        </technique_common>
      </source>
      <sampler id="Motion_55_LArm_transform_samp_id">
        <input semantic="INPUT" source="#Motion_55_LArm_transform_frame_id" />
        <input semantic="INTERPOLATION" source="#Motion_55_LArm_transform_interp_id" />
        <input semantic="OUTPUT" source="#Motion_55_LArm_transform_pose_id" />
      </sampler>
      <channel source="#Motion_55_LArm_transform_samp_id" target="LArm_bone_id/transform" />
    </animation>
    <animation id="Motion_55_LForeArm_transform_id" name="Motion_55_LForeArm_transform">
      <source id="Motion_55_LForeArm_transform_frame_id" name="Motion_55_LForeArm_transform_frame">
        <float_array id="Motion_55_LForeArm_transform_frame_array_id" count="86">0 0.033333335 0.06666667 0.1 0.13333334 0.16666667 0.2 0.23333333 0.26666668 0.3 0.33333334 0.36666667 0.4 0.43333334 0.46666667 0.5 0.53333336 0.56666666 0.6 0.6333333 0.6666667 0.7 0.73333335 0.76666665 0.8 0.8333333 0.8666667 0.9 0.93333334 0.96666664 1 1.0333333 1.0666667 1.1 1.1333333 1.1666666 1.2 1.2333333 1.2666667 1.3 1.3333334 1.3666667 1.4 1.4333333 1.4666667 1.5 1.5333333 1.5666667 1.6 1.6333333 1.6666666 1.7 1.7333333 1.7666667 1.8 1.8333334 1.8666667 1.9 1.9333333 1.9666667 2 2.0333333 2.0666666 2.1 2.1333334 2.1666667 2.2 2.2333333 2.2666667 2.3 2.3333333 2.3666666 2.4 2.4333334 2.4666667 2.5 2.5333333 2.5666666 2.6 2.6333334 2.6666667 2.7 2.7333333 2.7666667 2.8 2.8333333</float_array>
        <technique_common>
          <accessor source="#Motion_55_LForeArm_transform_frame_array_id" count="86" stride="1">
            <param name="TIME" type="float" />
          </accessor>
        </technique_common>
      </source>
      <source id="Motion_55_LForeArm_transform_interp_id" name="Motion_55_LForeArm_transform_interp">
        <Name_array id="Motion_55_LForeArm_transform_interp_array_id" count="86">LINEAR LINEAR LINEAR LINEAR LINEAR LINEAR LINEAR LINEAR LINEAR LINEAR LINEAR LINEAR LINEAR LINEAR LINEAR LINEAR LINEAR LINEAR LINEAR LINEAR LINEAR LINEAR LINEAR LINEAR LINEAR LINEAR LINEAR LINEAR LINEAR LINEAR LINEAR LINEAR LINEAR LINEAR LINEAR LINEAR LINEAR LINEAR LINEAR LINEAR LINEAR LINEAR LINEAR LINEAR LINEAR LINEAR LINEAR LINEAR LINEAR LINEAR LINEAR LINEAR LINEAR LINEAR LINEAR LINEAR LINEAR LINEAR LINEAR LINEAR LINEAR LINEAR LINEAR LINEAR LINEAR LINEAR LINEAR LINEAR LINEAR LINEAR LINEAR LINEAR LINEAR LINEAR LINEAR LINEAR LINEAR LINEAR LINEAR LINEAR LINEAR LINEAR LINEAR LINEAR LINEAR LINEAR</Name_array>
        <technique_common>
          <accessor source="#Motion_55_LForeArm_transform_interp_array_id" count="86" stride="1">
            <param name="INTERPOLATION" type="Name" />
          </accessor>
        </technique_common>
      </source>
      <source id="Motion_55_LForeArm_transform_pose_id" name="Motion_55_LForeArm_transform_pose">
        <float_array id="Motion_55_LForeArm_transform_pose_array_id" count="1376">0.9105828 5.2714175E-05 -0.41332674 24.970732 -4.560392E-05 1 2.7068258E-05 0 0.41332674 -5.7985717E-06 0.9105828 0 0 0 0 1 0.9140251 5.2704963E-05 -0.4056576 24.970732 -4.573084E-05 1 2.6884307E-05 0 0.4056576 -6.021867E-06 0.9140251 0 0 0 0 1 0.9196268 5.268678E-05 -0.39279327 24.970732 -4.594044E-05 1 2.6575613E-05 0 0.39279327 -6.3945517E-06 0.9196268 0 0 0 0 1 0.92677814 5.2657277E-05 -0.37560916 24.970732 -4.621411E-05 1 2.6162965E-05 0 0.37560916 -6.888822E-06 0.92677814 0 0 0 0 1 0.93467295 5.2615334E-05 -0.3555088 24.970732 -4.6525314E-05 1 2.5679768E-05 0 0.3555088 -7.4620284E-06 0.93467295 0 0 0 0 1 0.94259465 5.2561612E-05 -0.33393908 24.970732 -4.684891E-05 1 2.516052E-05 0 0.33393908 -8.071492E-06 0.94259465 0 0 0 0 1 0.94995123 5.249917E-05 -0.3123982 24.970732 -4.7161717E-05 1 2.46411E-05 0 0.3123982 -8.674608E-06 0.94995123 0 0 0 0 1 0.9562864 5.2433592E-05 -0.29243192 24.970732 -4.7442692E-05 1 2.4158771E-05 0 0.29243192 -9.2289465E-06 0.9562864 0 0 0 0 1 0.96114093 5.2374384E-05 -0.27605826 24.970732 -4.7666832E-05 1 2.376253E-05 0 0.27605826 -9.680318E-06 0.96114093 0 0 0 0 1 0.9638152 5.2337866E-05 -0.26657128 24.970732 -4.779416E-05 1 2.353264E-05 0 0.26657128 -9.940566E-06 0.9638152 0 0 0 0 1 0.9635718 5.2341315E-05 -0.26744995 24.970732 -4.7782447E-05 1 2.3553943E-05 0 0.26744995 -9.916503E-06 0.9635718 0 0 0 0 1 0.9598036 5.2391566E-05 -0.28067252 24.970732 -4.7604233E-05 1 2.3874265E-05 0 0.28067252 -9.553402E-06 0.9598036 0 0 0 0 1 0.95273846 5.2471805E-05 -0.3037918 24.970732 -4.728388E-05 1 2.4433302E-05 0 0.3037918 -8.914095E-06 0.95273846 0 0 0 0 1 0.94272196 5.256064E-05 -0.33357948 24.970732 -4.6854217E-05 1 2.5151861E-05 0 0.33357948 -8.081607E-06 0.94272196 0 0 0 0 1 0.93028575 5.2639945E-05 -0.3668357 24.970732 -4.635111E-05 1 2.5952133E-05 0 0.3668357 -7.139657E-06 0.93028575 0 0 0 0 1 0.91631436 5.2698026E-05 -0.40045977 24.970732 -4.5816025E-05 1 2.6759602E-05 0 0.40045977 -6.1727314E-06 0.91631436 0 0 0 0 1 0.9021089 5.2731106E-05 -0.43150845 24.970732 -4.5296998E-05 1 2.750417E-05 0 0.43150845 -5.265718E-06 0.9021089 0 0 0 0 1 0.8893526 5.2742904E-05 -0.45722198 24.970732 -4.4847988E-05 1 2.8120328E-05 0 0.45722198 -4.5033994E-06 0.8893526 0 0 0 0 1 0.87985337 5.274242E-05 -0.47524524 24.970732 -4.4522385E-05 1 2.8552106E-05 0 0.47524524 -3.9626148E-06 0.87985337 0 0 0 0 1 0.8759591 5.274017E-05 -0.4823854 24.970732 -4.439082E-05 1 2.8723158E-05 0 0.4823854 -3.746829E-06 0.8759591 0 0 0 0 1 0.8793556 5.2742198E-05 -0.47616562 24.970732 -4.450551E-05 1 2.8574152E-05 0 0.47616562 -3.9348515E-06 0.8793556 0 0 0 0 1 0.8892347 5.2742947E-05 -0.45745116 24.970732 -4.4843906E-05 1 2.8125818E-05 0 0.45745116 -4.496559E-06 0.8892347 0 0 0 0 1 0.90416646 5.2727708E-05 -0.42718032 24.970732 -4.5370834E-05 1 2.7400421E-05 0 0.42718032 -5.3930144E-06 0.90416646 0 0 0 0 1 0.9224154 5.2676165E-05 -0.38619924 24.970732 -4.6046305E-05 1 2.6417312E-05 0 0.38619924 -6.584689E-06 0.9224154 0 0 0 0 1 0.94223714 5.256432E-05 -0.3349466 24.970732 -4.683403E-05 1 2.5184796E-05 0 0.3349466 -8.04315E-06 0.94223714 0 0 0 0 1 0.96089613 5.2377578E-05 -0.2769091 24.970732 -4.765532E-05 1 2.3783137E-05 0 0.2769091 -9.656931E-06 0.96089613 0 0 0 0 1 0.9759689 5.2125477E-05 -0.21790996 24.970732 -4.841885E-05 1 2.2349534E-05 0 0.21790996 -1.1261502E-05 0.9759689 0 0 0 0 1 0.98668003 5.1834584E-05 -0.16267315 24.970732 -4.907252E-05 1 2.0997388E-05 0 0.16267315 -1.2734923E-05 0.98668003 0 0 0 0 1 0.9914634 5.1640513E-05 -0.1303851 24.970732 -4.9428447E-05 1 2.0201802E-05 0 0.1303851 -1.3584614E-05 0.9914634 0 0 0 0 1 0.9926482 5.1581035E-05 -0.121035405 24.970732 -4.9528E-05 1 1.9970637E-05 0 0.121035405 -1.3829176E-05 0.9926482 0 0 0 0 1 0.9907 5.167592E-05 -0.13606441 24.970732 -4.936721E-05 1 2.0342042E-05 0 0.13606441 -1.3435741E-05 0.9907 0 0 0 0 1 0.9853801 5.187825E-05 -0.17037037 24.970732 -4.8984857E-05 1 2.1186455E-05 0 0.17037037 -1.25311435E-05 0.9853801 0 0 0 0 1 0.9766998 5.2109568E-05 -0.21460995 24.970732 -4.8459526E-05 1 2.2269043E-05 0 0.21460995 -1.1350273E-05 0.9766998 0 0 0 0 1 0.96573 5.23098E-05 -0.25954884 24.970732 -4.788723E-05 1 2.3362318E-05 0 0.25954884 -1.0132615E-05 0.96573 0 0 0 0 1 0.9541149 5.245745E-05 -0.2994408 24.970732 -4.7345027E-05 1 2.4328187E-05 0 0.2994408 -9.034851E-06 0.9541149 0 0 0 0 1 0.94243765 5.2562802E-05 -0.33438185 24.970732 -4.684237E-05 1 2.517119E-05 0 0.33438185 -8.059037E-06 0.94243765 0 0 0 0 1 0.93133926 5.2634343E-05 -0.36415276 24.970732 -4.639264E-05 1 2.5887639E-05 0 0.36415276 -7.2161647E-06 0.93133926 0 0 0 0 1 0.9214238 5.2680065E-05 -0.38855904 24.970732 -4.6008536E-05 1 2.6473968E-05 0 0.38855904 -6.5167105E-06 0.9214238 0 0 0 0 1 0.91324306 5.2707186E-05 -0.40741524 24.970732 -4.5701887E-05 1 2.6926471E-05 0 0.40741524 -5.970768E-06 0.91324306 0 0 0 0 1 0.90728563 5.2721705E-05 -0.4205149 24.970732 -4.5483597E-05 1 2.7240625E-05 0 0.4205149 -5.5884957E-06 0.90728563 0 0 0 0 1 0.90308243 5.2729556E-05 -0.4294673 24.970732 -4.5331886E-05 1 2.745524E-05 0 0.4294673 -5.3257854E-06 0.90308243 0 0 0 0 1 0.89958066 5.2734682E-05 -0.43675467 24.970732 -4.520683E-05 1 2.7629903E-05 0 0.43675467 -5.111033E-06 0.89958066 0 0 0 0 1 0.8962077 5.2738473E-05 -0.44363475 24.970732 -4.5087476E-05 1 2.779478E-05 0 0.44363475 -4.907525E-06 0.8962077 0 0 0 0 1 0.8932072 5.2740936E-05 -0.4496453 24.970732 -4.4982153E-05 1 2.7938797E-05 0 0.4496453 -4.7291205E-06 0.8932072 0 0 0 0 1 0.8906693 5.2742376E-05 -0.4546517 24.970732 -4.4893677E-05 1 2.805875E-05 0 0.4546517 -4.580079E-06 0.8906693 0 0 0 0 1 0.88868415 5.2743122E-05 -0.45851985 24.970732 -4.482485E-05 1 2.8151424E-05 0 0.45851985 -4.464642E-06 0.88868415 0 0 0 0 1 0.88734055 5.2743424E-05 -0.46111467 24.970732 -4.477844E-05 1 2.8213588E-05 0 0.46111467 -4.387064E-06 0.88734055 0 0 0 0 1 0.88672364 5.2743515E-05 -0.46229985 24.970732 -4.4757184E-05 1 2.824198E-05 0 0.46229985 -4.3515956E-06 0.88672364 0 0 0 0 1 0.8869133 5.274349E-05 -0.46193597 24.970732 -4.4763714E-05 1 2.8233262E-05 0 0.46193597 -4.3624887E-06 0.8869133 0 0 0 0 1 0.88798124 5.2743293E-05 -0.45987964 24.970732 -4.4800545E-05 1 2.8184E-05 0 0.45987964 -4.4240014E-06 0.88798124 0 0 0 0 1 0.88958454 5.274282E-05 -0.45677057 24.970732 -4.4856024E-05 1 2.8109513E-05 0 0.45677057 -4.5168745E-06 0.88958454 0 0 0 0 1 0.891379 5.2742034E-05 -0.45325878 24.970732 -4.4918364E-05 1 2.8025375E-05 0 0.45325878 -4.6215882E-06 0.891379 0 0 0 0 1 0.8934254 5.2740786E-05 -0.44921157 24.970732 -4.498979E-05 1 2.7928409E-05 0 0.44921157 -4.7420162E-06 0.8934254 0 0 0 0 1 0.8957816 5.273887E-05 -0.4444945 24.970732 -4.507247E-05 1 2.7815382E-05 0 0.4444945 -4.882041E-06 0.8957816 0 0 0 0 1 0.89860445 5.273589E-05 -0.43875968 24.970732 -4.5172175E-05 1 2.7677954E-05 0 0.43875968 -5.051803E-06 0.89860445 0 0 0 0 1 0.90250206 5.2730495E-05 -0.43068552 24.970732 -4.5311077E-05 1 2.7484442E-05 0 0.43068552 -5.2899413E-06 0.90250206 0 0 0 0 1 0.90814805 5.2719854E-05 -0.4186492 24.970732 -4.5514953E-05 1 2.7195889E-05 0 0.4186492 -5.6430945E-06 0.90814805 0 0 0 0 1 0.91576254 5.2699757E-05 -0.40172 24.970732 -4.5795434E-05 1 2.678984E-05 0 0.40172 -6.1361907E-06 0.91576254 0 0 0 0 1 0.9243698 5.2668056E-05 -0.38149765 24.970732 -4.6121135E-05 1 2.630441E-05 0 0.38149765 -6.719897E-06 0.9243698 0 0 0 0 1 0.93288475 5.2625775E-05 -0.36017504 24.970732 -4.6453908E-05 1 2.5791996E-05 0 0.36017504 -7.3294214E-06 0.93288475 0 0 0 0 1 0.94026923 5.257872E-05 -0.34043172 24.970732 -4.6752615E-05 1 2.5316906E-05 0 0.34043172 -7.888634E-06 0.94026923 0 0 0 0 1 0.9455414 5.2538195E-05 -0.32550192 24.970732 -4.6972647E-05 1 2.4957186E-05 0 0.32550192 -8.308365E-06 0.9455414 0 0 0 0 1 0.94836414 5.2513784E-05 -0.31718358 24.970732 -4.70931E-05 1 2.4756573E-05 0 0.31718358 -8.5410875E-06 0.94836414 0 0 0 0 1 0.94909716 5.2507123E-05 -0.31498355 24.970732 -4.712471E-05 1 2.4703491E-05 0 0.31498355 -8.602506E-06 0.94909716 0 0 0 0 1 0.94790864 5.251787E-05 -0.31854236 24.970732 -4.7073532E-05 1 2.4789353E-05 0 0.31854236 -8.503126E-06 0.94790864 0 0 0 0 1 0.94533783 5.2539883E-05 -0.32609266 24.970732 -4.696404E-05 1 2.4971429E-05 0 0.32609266 -8.291808E-06 0.94533783 0 0 0 0 1 0.9420636 5.2565625E-05 -0.33543423 24.970732 -4.6826815E-05 1 2.5196543E-05 0 0.33543423 -8.029428E-06 0.9420636 0 0 0 0 1 0.93840456 5.259161E-05 -0.3455385 24.970732 -4.66762E-05 1 2.5439853E-05 0 0.3455385 -7.744451E-06 0.93840456 0 0 0 0 1 0.9347181 5.2615058E-05 -0.35539004 24.970732 -4.652712E-05 1 2.5676913E-05 0 0.35539004 -7.465399E-06 0.9347181 0 0 0 0 1 0.93125707 5.263478E-05 -0.3643628 24.970732 -4.638939E-05 1 2.5892685E-05 0 0.3643628 -7.2101766E-06 0.93125707 0 0 0 0 1 0.9280138 5.2651398E-05 -0.3725459 24.970732 -4.6262154E-05 1 2.6089365E-05 0 0.3725459 -6.9765147E-06 0.9280138 0 0 0 0 1 0.92498344 5.2665393E-05 -0.3800074 24.970732 -4.6144745E-05 1 2.6268619E-05 0 0.3800074 -6.7626943E-06 0.92498344 0 0 0 0 1 0.92215765 5.2677187E-05 -0.3868143 24.970732 -4.603647E-05 1 2.643208E-05 0 0.3868143 -6.566981E-06 0.92215765 0 0 0 0 1 0.91952455 5.268715E-05 -0.3930326 24.970732 -4.5936576E-05 1 2.6581358E-05 0 0.3930326 -6.3876387E-06 0.91952455 0 0 0 0 1 0.91706955 5.269559E-05 -0.3987272 24.970732 -4.584427E-05 1 2.6718028E-05 0 0.3987272 -6.222932E-06 0.91706955 0 0 0 0 1 0.91477567 5.270276E-05 -0.40396222 24.970732 -4.57587E-05 1 2.6843634E-05 0 0.40396222 -6.0711172E-06 0.91477567 0 0 0 0 1 0.91262364 5.2708885E-05 -0.4088008 24.970732 -4.5679E-05 1 2.6959704E-05 0 0.4088008 -5.9304502E-06 0.91262364 0 0 0 0 1 0.91059244 5.2714156E-05 -0.41330552 24.970732 -4.5604273E-05 1 2.7067748E-05 0 0.41330552 -5.7991883E-06 0.91059244 0 0 0 0 1 0.90862864 5.271879E-05 -0.41760504 24.970732 -4.5532466E-05 1 2.7170852E-05 0 0.41760504 -5.673628E-06 0.90862864 0 0 0 0 1 0.9068262 5.2722655E-05 -0.4215048 24.970732 -4.5466924E-05 1 2.7264357E-05 0 0.4215048 -5.5595065E-06 0.9068262 0 0 0 0 1 0.9053885 5.272548E-05 -0.42458412 24.970732 -4.5414898E-05 1 2.7338183E-05 0 0.42458412 -5.4692337E-06 0.9053885 0 0 0 0 1 0.90452325 5.2727075E-05 -0.42642435 24.970732 -4.5383684E-05 1 2.7382299E-05 0 0.42642435 -5.415215E-06 0.90452325 0 0 0 0 1 0.90443724 5.272723E-05 -0.42660668 24.970732 -4.5380588E-05 1 2.7386672E-05 0 0.42660668 -5.4098637E-06 0.90443724 0 0 0 0 1 0.9053301 5.2725594E-05 -0.4247086 24.970732 -4.541279E-05 1 2.7341168E-05 0 0.4247086 -5.4655793E-06 0.9053301 0 0 0 0 1 0.9073851 5.2721494E-05 -0.42030028 24.970732 -4.5487213E-05 1 2.7235477E-05 0 0.42030028 -5.5947794E-06 0.9073851 0 0 0 0 1 0.9073851 5.2721494E-05 -0.42030028 24.970732 -4.5487213E-05 1 2.7235477E-05 0 0.42030028 -5.5947794E-06 0.9073851 0 0 0 0 1</float_array>
        <technique_common>
          <accessor source="#Motion_55_LForeArm_transform_pose_array_id" count="86" stride="16">
            <param name="TRANSFORM" type="float4x4" />
          </accessor>
        </technique_common>
      </source>
      <sampler id="Motion_55_LForeArm_transform_samp_id">
        <input semantic="INPUT" source="#Motion_55_LForeArm_transform_frame_id" />
        <input semantic="INTERPOLATION" source="#Motion_55_LForeArm_transform_interp_id" />
        <input semantic="OUTPUT" source="#Motion_55_LForeArm_transform_pose_id" />
      </sampler>
      <channel source="#Motion_55_LForeArm_transform_samp_id" target="LForeArm_bone_id/transform" />
    </animation>
    <animation id="Motion_55_LHand_transform_id" name="Motion_55_LHand_transform">
      <source id="Motion_55_LHand_transform_frame_id" name="Motion_55_LHand_transform_frame">
        <float_array id="Motion_55_LHand_transform_frame_array_id" count="86">0 0.033333335 0.06666667 0.1 0.13333334 0.16666667 0.2 0.23333333 0.26666668 0.3 0.33333334 0.36666667 0.4 0.43333334 0.46666667 0.5 0.53333336 0.56666666 0.6 0.6333333 0.6666667 0.7 0.73333335 0.76666665 0.8 0.8333333 0.8666667 0.9 0.93333334 0.96666664 1 1.0333333 1.0666667 1.1 1.1333333 1.1666666 1.2 1.2333333 1.2666667 1.3 1.3333334 1.3666667 1.4 1.4333333 1.4666667 1.5 1.5333333 1.5666667 1.6 1.6333333 1.6666666 1.7 1.7333333 1.7666667 1.8 1.8333334 1.8666667 1.9 1.9333333 1.9666667 2 2.0333333 2.0666666 2.1 2.1333334 2.1666667 2.2 2.2333333 2.2666667 2.3 2.3333333 2.3666666 2.4 2.4333334 2.4666667 2.5 2.5333333 2.5666666 2.6 2.6333334 2.6666667 2.7 2.7333333 2.7666667 2.8 2.8333333</float_array>
        <technique_common>
          <accessor source="#Motion_55_LHand_transform_frame_array_id" count="86" stride="1">
            <param name="TIME" type="float" />
          </accessor>
        </technique_common>
      </source>
      <source id="Motion_55_LHand_transform_interp_id" name="Motion_55_LHand_transform_interp">
        <Name_array id="Motion_55_LHand_transform_interp_array_id" count="86">LINEAR LINEAR LINEAR LINEAR LINEAR LINEAR LINEAR LINEAR LINEAR LINEAR LINEAR LINEAR LINEAR LINEAR LINEAR LINEAR LINEAR LINEAR LINEAR LINEAR LINEAR LINEAR LINEAR LINEAR LINEAR LINEAR LINEAR LINEAR LINEAR LINEAR LINEAR LINEAR LINEAR LINEAR LINEAR LINEAR LINEAR LINEAR LINEAR LINEAR LINEAR LINEAR LINEAR LINEAR LINEAR LINEAR LINEAR LINEAR LINEAR LINEAR LINEAR LINEAR LINEAR LINEAR LINEAR LINEAR LINEAR LINEAR LINEAR LINEAR LINEAR LINEAR LINEAR LINEAR LINEAR LINEAR LINEAR LINEAR LINEAR LINEAR LINEAR LINEAR LINEAR LINEAR LINEAR LINEAR LINEAR LINEAR LINEAR LINEAR LINEAR LINEAR LINEAR LINEAR LINEAR LINEAR</Name_array>
        <technique_common>
          <accessor source="#Motion_55_LHand_transform_interp_array_id" count="86" stride="1">
            <param name="INTERPOLATION" type="Name" />
          </accessor>
        </technique_common>
      </source>
      <source id="Motion_55_LHand_transform_pose_id" name="Motion_55_LHand_transform_pose">
        <float_array id="Motion_55_LHand_transform_pose_array_id" count="1376">0.17623234 -0.9693582 -0.17113373 24.970737 0.97894335 0.15440118 0.13352966 0 -0.10301482 -0.19106248 0.9761573 0 0 0 0 1 0.17834151 -0.9680141 -0.17647383 24.970737 0.9785714 0.15572834 0.13470954 0 -0.102918744 -0.19671655 0.9750438 0 0 0 0 1 0.18101966 -0.96610045 -0.18407011 24.970737 0.97810996 0.15731889 0.13620497 0 -0.10262996 -0.20469658 0.9734302 0 0 0 0 1 0.18409598 -0.9635475 -0.19412535 24.970737 0.97755915 0.15891093 0.13829443 0 -0.102404624 -0.21522847 0.97117966 0 0 0 0 1 0.18737638 -0.96033543 -0.20650882 24.970737 0.9769605 0.16032898 0.1408642 0 -0.10216754 -0.2281456 0.9682517 0 0 0 0 1 0.19063544 -0.95657885 -0.22048813 24.970737 0.9764097 0.16156995 0.14324546 0 -0.10140133 -0.24259442 0.9648138 0 0 0 0 1 0.19370663 -0.95255095 -0.23478585 24.970737 0.9759199 0.16262776 0.14537036 0 -0.10028997 -0.2572914 0.96111554 0 0 0 0 1 0.19647527 -0.94865066 -0.24791005 24.970737 0.9754719 0.16352016 0.14736229 0 -0.09925705 -0.27078235 0.95750976 0 0 0 0 1 0.19854915 -0.94541395 -0.25840038 24.970737 0.9751009 0.16397816 0.14929628 0 -0.098774776 -0.2816091 0.9544317 0 0 0 0 1 0.19960344 -0.9435289 -0.26440817 24.970737 0.9748728 0.16398245 0.15077364 0 -0.09890099 -0.2878593 0.95255214 0 0 0 0 1 0.19968432 -0.94349504 -0.264468 24.970737 0.9747387 0.16370875 0.15193376 0 -0.10005303 -0.288126 0.9523512 0 0 0 0 1 0.1988048 -0.94546854 -0.2580036 24.970737 0.9746182 0.16308022 0.153376 0 -0.10293689 -0.2819469 0.953892 0 0 0 0 1 0.1967628 -0.94915223 -0.24575254 24.970737 0.9746069 0.16201931 0.15456763 0 -0.10689157 -0.26992527 0.95692974 0 0 0 0 1 0.19375867 -0.95397896 -0.22887063 24.970737 0.97475797 0.16082597 0.15486133 0 -0.11092612 -0.25309917 0.9610599 0 0 0 0 1 0.19036502 -0.9591918 -0.20907453 24.970737 0.9750006 0.15986359 0.15432848 0 -0.11460722 -0.23322655 0.96564513 0 0 0 0 1 0.18692613 -0.96415645 -0.1883105 24.970737 0.97529155 0.1591608 0.15321276 0 -0.11774942 -0.21229711 0.970085 0 0 0 0 1 0.18384916 -0.96839476 -0.16855606 24.970737 0.9755789 0.15879965 0.15175143 0 -0.120188646 -0.19233912 0.9739406 0 0 0 0 1 0.1815964 -0.9715841 -0.15181296 24.970737 0.97580314 0.15891945 0.15017608 0 -0.121782646 -0.17541099 0.97693396 0 0 0 0 1 0.18068022 -0.973474 -0.14036722 24.970737 0.9758613 0.1596334 0.14903651 0 -0.12267588 -0.16390689 0.97881824 0 0 0 0 1 0.18160778 -0.97386265 -0.13641919 24.970737 0.9756582 0.16110039 0.14878747 0 -0.12292137 -0.16011947 0.97941417 0 0 0 0 1 0.18483144 -0.9725326 -0.14148417 24.970737 0.9750957 0.16352117 0.14983076 0 -0.12257964 -0.16565403 0.9785361 0 0 0 0 1 0.19032985 -0.9693257 -0.15550655 24.970737 0.97407883 0.16673887 0.15286812 0 -0.12225 -0.18057099 0.975935 0 0 0 0 1 0.19735551 -0.96419984 -0.17711431 24.970737 0.9727643 0.17020416 0.15735337 0 -0.12157451 -0.20334503 0.97152996 0 0 0 0 1 0.2052005 -0.9570451 -0.20483488 24.970737 0.9713198 0.17345107 0.16264242 0 -0.12012732 -0.23233446 0.96518916 0 0 0 0 1 0.21314049 -0.94779503 -0.2371827 24.970737 0.9699273 0.17606193 0.16805695 0 -0.11752471 -0.26586974 0.9568183 0 0 0 0 1 0.22046661 -0.9365495 -0.27252457 24.970737 0.96875983 0.17771363 0.17298087 0 -0.11357379 -0.30214733 0.94647133 0 0 0 0 1 0.22660363 -0.9241219 -0.3076517 24.970737 0.9679186 0.1784572 0.1768808 0 -0.10855673 -0.3378636 0.9349137 0 0 0 0 1 0.23039407 -0.9116593 -0.34028825 24.970737 0.9676388 0.1776489 0.17920975 0 -0.10292637 -0.37056494 0.923086 0 0 0 0 1 0.23222154 -0.90472853 -0.35712662 24.970737 0.9674437 0.17685819 0.1810355 0 -0.10062724 -0.38754022 0.9163442 0 0 0 0 1 0.23221117 -0.9028828 -0.36177415 24.970737 0.96738625 0.17568284 0.18248093 0 -0.1012014 -0.39234948 0.914232 0 0 0 0 1 0.23034519 -0.90603167 -0.35503185 24.970737 0.9674917 0.17408425 0.18345171 0 -0.10440762 -0.3857476 0.9166776 0 0 0 0 1 0.22699922 -0.91340905 -0.3378688 24.970737 0.96771353 0.1725241 0.18375516 0 -0.10955311 -0.3686725 0.9230811 0 0 0 0 1 0.2227459 -0.92281914 -0.31430706 24.970737 0.9680358 0.17124516 0.18325299 0 -0.11528584 -0.34507936 0.9314663 0 0 0 0 1 0.21780461 -0.9321881 -0.2891135 24.970737 0.968625 0.17013013 0.18116662 0 -0.119694434 -0.3195015 0.93999577 0 0 0 0 1 0.21278346 -0.9401938 -0.2660052 24.970737 0.96944225 0.16912657 0.17770144 0 -0.122085266 -0.2956886 0.947451 0 0 0 0 1 0.20858109 -0.94671243 -0.24541669 24.970737 0.97018594 0.1686253 0.17408249 0 -0.12342264 -0.27441013 0.95365924 0 0 0 0 1 0.20524883 -0.95195687 -0.22726856 24.970737 0.9708681 0.16870254 0.17016001 0 -0.12364422 -0.25557294 0.9588506 0 0 0 0 1 0.20234382 -0.95610046 -0.2119641 24.970737 0.9715328 0.16874659 0.16627806 0 -0.12321034 -0.23957545 0.96302795 0 0 0 0 1 0.19986904 -0.9592194 -0.19987644 24.970737 0.97213286 0.16862369 0.16286135 0 -0.12251584 -0.2268574 0.9661913 0 0 0 0 1 0.19781184 -0.9613773 -0.1913746 24.970737 0.9726241 0.16820866 0.1603378 0 -0.12195424 -0.21785226 0.96833235 0 0 0 0 1 0.19612044 -0.96289986 -0.18536618 24.970737 0.9730024 0.16764086 0.15862821 0 -0.12166813 -0.21147196 0.96978164 0 0 0 0 1 0.19471139 -0.96411896 -0.18044983 24.970737 0.9733068 0.16712618 0.1572982 0 -0.121496275 -0.2062608 0.9709249 0 0 0 0 1 0.19351286 -0.9650862 -0.17652546 24.970737 0.97356105 0.16663337 0.15624394 0 -0.12137385 -0.20209353 0.9718161 0 0 0 0 1 0.19245368 -0.965848 -0.1734913 24.970737 0.97378844 0.16612881 0.15536205 0 -0.12123421 -0.19884382 0.97250366 0 0 0 0 1 0.19146097 -0.9664459 -0.1712448 24.970737 0.9740119 0.16557515 0.1545496 0 -0.121009976 -0.1963847 0.97303116 0 0 0 0 1 0.19046152 -0.966919 -0.16968249 24.970737 0.97425467 0.16493332 0.15370381 0 -0.12063284 -0.1945886 0.97343874 0 0 0 0 1 0.1895166 -0.96725976 -0.16879639 24.970737 0.9745014 0.16426009 0.15285885 0 -0.12012767 -0.1934616 0.9737258 0 0 0 0 1 0.1887483 -0.9674208 -0.16873352 24.970737 0.9747062 0.1636163 0.15224181 0 -0.11967435 -0.19320099 0.9738334 0 0 0 0 1 0.18817234 -0.9673776 -0.16962236 24.970737 0.97484666 0.16296625 0.15203947 0 -0.11943686 -0.1939654 0.97371054 0 0 0 0 1 0.18780535 -0.96710175 -0.17159079 24.970737 0.97490007 0.16227293 0.15243822 0 -0.1195787 -0.1959126 0.97330326 0 0 0 0 1 0.18763602 -0.96664816 -0.17430982 24.970737 0.9749051 0.16163427 0.15308268 0 -0.11980268 -0.19865935 0.9727188 0 0 0 0 1 0.18765455 -0.966184 -0.17684518 24.970737 0.97487855 0.16121131 0.15369731 0 -0.11999042 -0.20124456 0.97216403 0 0 0 0 1 0.18786651 -0.9657764 -0.1788357 24.970737 0.9748176 0.16106492 0.15423606 0 -0.120153375 -0.203308 0.9717145 0 0 0 0 1 0.18825471 -0.9654051 -0.18042457 24.970737 0.9747864 0.1612603 0.1542287 0 -0.11979789 -0.2049097 0.9714219 0 0 0 0 1 0.1888113 -0.9650148 -0.18192443 24.970737 0.974825 0.16181076 0.15340568 0 -0.118601464 -0.20630921 0.97127247 0 0 0 0 1 0.18957168 -0.9643993 -0.18438148 24.970737 0.9748731 0.16249943 0.15236887 0 -0.11698254 -0.2086334 0.9709723 0 0 0 0 1 0.19057876 -0.96329904 -0.18903656 24.970737 0.9748467 0.16304368 0.15195611 0 -0.11555795 -0.21324128 0.9701415 0 0 0 0 1 0.19184601 -0.96149963 -0.19675791 24.970737 0.9747146 0.16326153 0.15256926 0 -0.11457228 -0.22105259 0.9685086 0 0 0 0 1 0.19333118 -0.9590531 -0.20697889 24.970737 0.97454244 0.16329902 0.15362436 0 -0.11353446 -0.23141009 0.9662087 0 0 0 0 1 0.19461668 -0.95628715 -0.21826383 24.970737 0.9744005 0.16295111 0.15488839 0 -0.11255148 -0.24282026 0.9635198 0 0 0 0 1 0.19530886 -0.95358866 -0.22917931 24.970737 0.97435457 0.16203862 0.15613051 0 -0.11174835 -0.25379556 0.960781 0 0 0 0 1 0.1954459 -0.9513264 -0.23828371 24.970737 0.97438896 0.160815 0.1571773 0 -0.11120729 -0.26290068 0.9583925 0 0 0 0 1 0.19507992 -0.94991344 -0.24414787 24.970737 0.97448534 0.15955126 0.15786603 0 -0.111004986 -0.268715 0.956802 0 0 0 0 1 0.194237 -0.9496165 -0.24596849 24.970737 0.9746546 0.15845191 0.1579284 0 -0.11099722 -0.27040988 0.9563253 0 0 0 0 1 0.1929133 -0.95026547 -0.24449947 24.970737 0.9749132 0.15743077 0.15735276 0 -0.111035146 -0.2687212 0.9567968 0 0 0 0 1 0.19110996 -0.95161223 -0.24064746 24.970737 0.97525144 0.15631491 0.15636602 0 -0.11118305 -0.2645749 0.9579345 0 0 0 0 1 0.1890961 -0.95334935 -0.23530336 24.970737 0.97561085 0.1551975 0.15523253 0 -0.11147235 -0.25891837 0.95944524 0 0 0 0 1 0.18714541 -0.9551807 -0.22936091 24.970737 0.9759335 0.15418112 0.15421394 0 -0.11193904 -0.25270143 0.9610472 0 0 0 0 1 0.18525207 -0.95693797 -0.22349815 24.970737 0.97624 0.15319538 0.15325414 0 -0.112415805 -0.24657847 0.9625808 0 0 0 0 1 0.18341297 -0.95859534 -0.2178409 24.970737 0.9765598 0.15227991 0.1521245 0 -0.11265303 -0.24063626 0.9640558 0 0 0 0 1 0.18165368 -0.96016926 -0.2123132 24.970737 0.9768762 0.15144187 0.15092465 0 -0.1127601 -0.23481974 0.9654765 0 0 0 0 1 0.17999089 -0.9616549 -0.20693785 24.970737 0.9771855 0.15069038 0.14966998 0 -0.112747304 -0.2291559 0.96683794 0 0 0 0 1 0.17844236 -0.9630473 -0.20173773 24.970737 0.97748345 0.15003568 0.14837578 0 -0.112625025 -0.22367182 0.9681356 0 0 0 0 1 0.17702484 -0.9643428 -0.19673595 24.970737 0.9777666 0.14948785 0.1470572 0 -0.11240396 -0.2183946 0.96936536 0 0 0 0 1 0.17575544 -0.96553767 -0.19195567 24.970737 0.97803104 0.14905751 0.1457295 0 -0.112094894 -0.21335135 0.97052354 0 0 0 0 1 0.17465103 -0.9666285 -0.18742013 24.970737 0.978273 0.14875567 0.14440762 0 -0.11170873 -0.208569 0.97160697 0 0 0 0 1 0.17372823 -0.9676124 -0.18315277 24.970737 0.9784889 0.1485933 0.14310667 0 -0.11125649 -0.20407462 0.97261274 0 0 0 0 1 0.17300439 -0.968486 -0.17917687 24.970737 0.9786747 0.1485827 0.14184171 0 -0.11074913 -0.19989508 0.97353816 0 0 0 0 1 0.17249566 -0.9692467 -0.175516 24.970737 0.9788266 0.14873505 0.14062789 0 -0.11019777 -0.19605744 0.9743808 0 0 0 0 1 0.17221844 -0.96989185 -0.17219362 24.970737 0.97894114 0.1490621 0.13948037 0 -0.10961332 -0.19258852 0.97513825 0 0 0 0 1 0.17218935 -0.9704179 -0.1692332 24.970737 0.979014 0.14957625 0.13841446 0 -0.10900661 -0.18951516 0.97580814 0 0 0 0 1 0.17241156 -0.970772 -0.16696076 24.970737 0.9790771 0.15029204 0.13718757 0 -0.108085 -0.18712017 0.9763727 0 0 0 0 1 0.17290449 -0.97086245 -0.16592182 24.970737 0.9791263 0.15115356 0.13588326 0 -0.10684429 -0.18595324 0.97673213 0 0 0 0 1 0.17369753 -0.97065353 -0.16631615 24.970737 0.97912395 0.15211117 0.13482851 0 -0.10557318 -0.1862635 0.97681123 0 0 0 0 1 0.1748032 -0.9701517 -0.16807626 24.970737 0.9790645 0.15318727 0.13403867 0 -0.10429071 -0.18798788 0.97661865 0 0 0 0 1 0.1748032 -0.9701517 -0.16807626 24.970737 0.9790645 0.15318727 0.13403867 0 -0.10429071 -0.18798788 0.97661865 0 0 0 0 1</float_array>
        <technique_common>
          <accessor source="#Motion_55_LHand_transform_pose_array_id" count="86" stride="16">
            <param name="TRANSFORM" type="float4x4" />
          </accessor>
        </technique_common>
      </source>
      <sampler id="Motion_55_LHand_transform_samp_id">
        <input semantic="INPUT" source="#Motion_55_LHand_transform_frame_id" />
        <input semantic="INTERPOLATION" source="#Motion_55_LHand_transform_interp_id" />
        <input semantic="OUTPUT" source="#Motion_55_LHand_transform_pose_id" />
      </sampler>
      <channel source="#Motion_55_LHand_transform_samp_id" target="LHand_bone_id/transform" />
    </animation>
    <animation id="Motion_55_Neck_transform_id" name="Motion_55_Neck_transform">
      <source id="Motion_55_Neck_transform_frame_id" name="Motion_55_Neck_transform_frame">
        <float_array id="Motion_55_Neck_transform_frame_array_id" count="86">0 0.033333335 0.06666667 0.1 0.13333334 0.16666667 0.2 0.23333333 0.26666668 0.3 0.33333334 0.36666667 0.4 0.43333334 0.46666667 0.5 0.53333336 0.56666666 0.6 0.6333333 0.6666667 0.7 0.73333335 0.76666665 0.8 0.8333333 0.8666667 0.9 0.93333334 0.96666664 1 1.0333333 1.0666667 1.1 1.1333333 1.1666666 1.2 1.2333333 1.2666667 1.3 1.3333334 1.3666667 1.4 1.4333333 1.4666667 1.5 1.5333333 1.5666667 1.6 1.6333333 1.6666666 1.7 1.7333333 1.7666667 1.8 1.8333334 1.8666667 1.9 1.9333333 1.9666667 2 2.0333333 2.0666666 2.1 2.1333334 2.1666667 2.2 2.2333333 2.2666667 2.3 2.3333333 2.3666666 2.4 2.4333334 2.4666667 2.5 2.5333333 2.5666666 2.6 2.6333334 2.6666667 2.7 2.7333333 2.7666667 2.8 2.8333333</float_array>
        <technique_common>
          <accessor source="#Motion_55_Neck_transform_frame_array_id" count="86" stride="1">
            <param name="TIME" type="float" />
          </accessor>
        </technique_common>
      </source>
      <source id="Motion_55_Neck_transform_interp_id" name="Motion_55_Neck_transform_interp">
        <Name_array id="Motion_55_Neck_transform_interp_array_id" count="86">LINEAR LINEAR LINEAR LINEAR LINEAR LINEAR LINEAR LINEAR LINEAR LINEAR LINEAR LINEAR LINEAR LINEAR LINEAR LINEAR LINEAR LINEAR LINEAR LINEAR LINEAR LINEAR LINEAR LINEAR LINEAR LINEAR LINEAR LINEAR LINEAR LINEAR LINEAR LINEAR LINEAR LINEAR LINEAR LINEAR LINEAR LINEAR LINEAR LINEAR LINEAR LINEAR LINEAR LINEAR LINEAR LINEAR LINEAR LINEAR LINEAR LINEAR LINEAR LINEAR LINEAR LINEAR LINEAR LINEAR LINEAR LINEAR LINEAR LINEAR LINEAR LINEAR LINEAR LINEAR LINEAR LINEAR LINEAR LINEAR LINEAR LINEAR LINEAR LINEAR LINEAR LINEAR LINEAR LINEAR LINEAR LINEAR LINEAR LINEAR LINEAR LINEAR LINEAR LINEAR LINEAR LINEAR</Name_array>
        <technique_common>
          <accessor source="#Motion_55_Neck_transform_interp_array_id" count="86" stride="1">
            <param name="INTERPOLATION" type="Name" />
          </accessor>
        </technique_common>
      </source>
      <source id="Motion_55_Neck_transform_pose_id" name="Motion_55_Neck_transform_pose">
        <float_array id="Motion_55_Neck_transform_pose_array_id" count="1376">0.89177287 -0.005144051 -0.45245412 17.141743 -0.013233252 0.99921113 -0.037442572 0 0.4522898 0.03937771 0.8910013 0 0 0 0 1 0.89360523 -0.0051377425 -0.4488243 17.141743 -0.013086856 0.99921113 -0.037493903 0 0.44866288 0.039378446 0.8928331 0 0 0 0 1 0.89571625 -0.005076909 -0.44459715 17.141743 -0.012969656 0.99921095 -0.037539683 0 0.44443694 0.039391175 0.89494365 0 0 0 0 1 0.8978676 -0.0049790167 -0.4402374 17.141743 -0.01288387 0.99921066 -0.03757767 0 0.440077 0.039411735 0.8970947 0 0 0 0 1 0.89982975 -0.004861578 -0.4362141 17.141743 -0.012831766 0.99921024 -0.037605718 0 0.43605244 0.03943614 0.8990568 0 0 0 0 1 0.9013813 -0.0047421698 -0.43300027 17.141743 -0.0128156245 0.9992099 -0.03762166 0 0.43283653 0.039460625 0.90060836 0 0 0 0 1 0.9020162 -0.0046515716 -0.43167704 17.141743 -0.012850019 0.9992096 -0.03761799 0 0.4315108 0.03947909 0.9012435 0 0 0 0 1 0.90097773 -0.004631839 -0.43384054 17.141743 -0.012959931 0.99920946 -0.037582442 0 0.43367168 0.039483488 0.9002055 0 0 0 0 1 0.89815664 -0.0046941256 -0.43965057 17.141743 -0.013141193 0.9992097 -0.037514485 0 0.4394792 0.039471418 0.8973851 0 0 0 0 1 0.8943116 -0.004809506 -0.4474188 17.141743 -0.013352195 0.99921006 -0.03742965 0 0.44724542 0.039447796 0.8935409 0 0 0 0 1 0.89015836 -0.0049523734 -0.45562434 17.141743 -0.013554746 0.9992106 -0.0373429 0 0.45544958 0.03941697 0.88938856 0 0 0 0 1 0.88646317 -0.0050972025 -0.4627711 17.141743 -0.013711084 0.99921113 -0.03727016 0 0.46259603 0.039383717 0.88569397 0 0 0 0 1 0.8840375 -0.0052186176 -0.46738693 17.141743 -0.013783816 0.9992117 -0.037228074 0 0.46721277 0.03935339 0.88326865 0 0 0 0 1 0.8831095 -0.0053162337 -0.4691368 17.141743 -0.013758672 0.99921227 -0.03722253 0 0.46896514 0.03932627 0.8823407 0 0 0 0 1 0.8832635 -0.0054154894 -0.4688456 17.141743 -0.013645094 0.9992129 -0.03724774 0 0.4686783 0.039297014 0.8824944 0 0 0 0 1 0.8844767 -0.0055247294 -0.46655157 17.141743 -0.013436426 0.9992136 -0.03730475 0 0.46639076 0.03926397 0.8837069 0 0 0 0 1 0.89085335 -0.0054770606 -0.454258 17.141743 -0.0129613755 0.9992138 -0.037466463 0 0.45410606 0.03926493 0.890082 0 0 0 0 1 0.90081155 -0.0053322874 -0.43417746 17.141743 -0.012257855 0.99921376 -0.037703738 0 0.43403715 0.039286047 0.900038 0 0 0 0 1 0.912057 -0.00518247 -0.41003078 17.141743 -0.011394464 0.99921376 -0.037974697 0 0.4099052 0.039307166 0.9112808 0 0 0 0 1 0.9226087 -0.0051202187 -0.38570333 17.141743 -0.010442481 0.9992139 -0.038243167 0 0.38559592 0.039311178 0.92182994 0 0 0 0 1 0.9308898 -0.00508905 -0.3652647 17.141743 -0.009625836 0.99921405 -0.03845332 0 0.36517334 0.03931178 0.93010914 0 0 0 0 1 0.93564534 -0.0050392253 -0.35290572 17.141743 -0.009164043 0.9992141 -0.03856429 0 0.3528227 0.03931654 0.9348638 0 0 0 0 1 0.9362668 -0.0050418233 -0.35125366 17.141743 -0.009091282 0.99921435 -0.03857534 0 0.35117218 0.039310154 0.93548536 0 0 0 0 1 0.9335872 -0.0050742435 -0.3583144 17.141743 -0.009347318 0.9992147 -0.038504723 0 0.3582284 0.039296795 0.9328066 0 0 0 0 1 0.92849016 -0.0050998125 -0.37132192 17.141743 -0.009855964 0.99921507 -0.03836826 0 0.37122613 0.039284285 0.9277111 0 0 0 0 1 0.92140895 -0.0051045124 -0.38856077 17.141743 -0.010562148 0.9992153 -0.038173087 0 0.38845074 0.03927706 0.920632 0 0 0 0 1 0.91244054 -0.005092686 -0.40917763 17.141743 -0.011428161 0.9992154 -0.03792047 0 0.40904972 0.03927632 0.91166645 0 0 0 0 1 0.90200007 -0.005055529 -0.43170625 17.141743 -0.012403778 0.99921525 -0.03761764 0 0.43155766 0.0392859 0.9012295 0 0 0 0 1 0.8906183 -0.004984209 -0.45472422 17.141743 -0.013439704 0.99921465 -0.03727521 0 0.45455292 0.039309345 0.8898519 0 0 0 0 1 0.8789602 -0.00486971 -0.47687033 17.141743 -0.014488099 0.99921364 -0.03690803 0 0.47667506 0.03934963 0.87819844 0 0 0 0 1 0.8676235 -0.004710445 -0.49719942 17.141743 -0.015509965 0.99921215 -0.036531713 0 0.49697977 0.039407317 0.8668669 0 0 0 0 1 0.85307384 -0.0046631186 -0.5217694 17.141743 -0.016608596 0.9992107 -0.03608451 0 0.52152586 0.03944861 0.85232306 0 0 0 0 1 0.8309268 -0.004888305 -0.55636036 17.141743 -0.01788178 0.9992102 -0.035485804 0 0.5560944 0.03943482 0.830183 0 0 0 0 1 0.805578 -0.0052191955 -0.5924668 17.141743 -0.019138891 0.9992101 -0.034825485 0 0.59218055 0.0393938 0.80484176 0 0 0 0 1 0.78283805 -0.00548454 -0.6222014 17.141743 -0.020201603 0.99920994 -0.03422492 0 0.6218975 0.039362036 0.7821088 0 0 0 0 1 0.76468766 -0.0056618983 -0.6443762 17.141743 -0.02102762 0.99920964 -0.033733375 0 0.6440579 0.039345197 0.76396424 0 0 0 0 1 0.75365835 -0.0057123452 -0.6572416 17.141743 -0.02156351 0.99920905 -0.033411376 0 0.65691257 0.0393532 0.75293905 0 0 0 0 1 0.7521432 -0.005596645 -0.65897596 17.141743 -0.021754779 0.99920803 -0.033316724 0 0.6586405 0.039394826 0.75142574 0 0 0 0 1 0.76149523 -0.005293764 -0.6481489 17.141743 -0.02155546 0.9992067 -0.033486042 0 0.647812 0.03947061 0.760777 0 0 0 0 1 0.772907 -0.0050765807 -0.6344989 17.141743 -0.021145757 0.9992065 -0.033753023 0 0.6341668 0.039504908 0.7721864 0 0 0 0 1 0.7741358 -0.005071027 -0.6329993 17.141743 -0.021079399 0.99920684 -0.03378412 0 0.6326685 0.039496742 0.77341485 0 0 0 0 1 0.7631355 -0.0051354617 -0.6462181 17.141743 -0.02161357 0.9992062 -0.03346466 0 0.64587694 0.03950515 0.7624187 0 0 0 0 1 0.7423764 -0.005266169 -0.66996235 17.141743 -0.022573503 0.99920475 -0.032867543 0 0.6696027 0.039523482 0.74166715 0 0 0 0 1 0.7154982 -0.0054245787 -0.6985935 17.141743 -0.023754723 0.9992027 -0.032088358 0 0.6982106 0.039554056 0.7147989 0 0 0 0 1 0.68670225 -0.005570424 -0.72691745 17.141743 -0.024963591 0.99920017 -0.031239478 0 0.72651 0.03959869 0.68601394 0 0 0 0 1 0.66091627 -0.005660319 -0.7504383 17.141743 -0.026024044 0.99919724 -0.030456182 0 0.7500083 0.039658424 0.6602384 0 0 0 0 1 0.6436337 -0.0056472486 -0.76531285 17.141743 -0.026777208 0.9991944 -0.029892892 0 0.7648651 0.039733015 0.642964 0 0 0 0 1 0.63930297 -0.0055118194 -0.7689352 17.141743 -0.027092129 0.999192 -0.029687084 0 0.76847756 0.039811134 0.63863707 0 0 0 0 1 0.6460823 -0.0053856336 -0.7632488 17.141743 -0.026928559 0.9991917 -0.029845241 0 0.7627926 0.039835673 0.645415 0 0 0 0 1 0.6566719 -0.005333827 -0.75415754 17.141743 -0.026522987 0.9991931 -0.030161366 0 0.7537099 0.03980863 0.65600055 0 0 0 0 1 0.66987646 -0.005207789 -0.74245435 17.141743 -0.026067484 0.99919397 -0.030527918 0 0.7420148 0.039803848 0.6692008 0 0 0 0 1 0.684085 -0.005042727 -0.72938484 17.141743 -0.025591388 0.9991945 -0.030910088 0 0.7289532 0.039811097 0.6834049 0 0 0 0 1 0.69777656 -0.004873856 -0.71629894 17.141743 -0.025126163 0.9991949 -0.031275183 0 0.7158747 0.03982093 0.6970923 0 0 0 0 1 0.7095337 -0.0047364766 -0.70465565 17.141743 -0.024705414 0.99919546 -0.031592723 0 0.7042383 0.039824907 0.70884585 0 0 0 0 1 0.7180274 -0.004665966 -0.6959992 17.141743 -0.024364404 0.9991962 -0.031834126 0 0.6955883 0.03981538 0.71733654 0 0 0 0 1 0.7223047 -0.0046881316 -0.6915591 17.141743 -0.02413221 0.9991972 -0.03197873 0 0.69115376 0.039787237 0.72161174 0 0 0 0 1 0.72291315 -0.004785058 -0.6909224 17.141743 -0.024005238 0.9991984 -0.032036774 0 0.69052184 0.03974556 0.72221875 0 0 0 0 1 0.72076654 -0.0049265577 -0.6931604 17.141743 -0.023969565 0.99919957 -0.032025885 0 0.6927633 0.03969794 0.72007155 0 0 0 0 1 0.7167478 -0.0050826184 -0.6973139 17.141743 -0.024010494 0.99920064 -0.031962685 0 0.69691896 0.039652035 0.71605283 0 0 0 0 1 0.7117398 -0.0052234884 -0.7024239 17.141743 -0.024113065 0.9992013 -0.0318633 0 0.7020293 0.03961597 0.7110453 0 0 0 0 1 0.7063729 -0.0053271353 -0.7078199 17.141743 -0.024267891 0.99920154 -0.03173839 0 0.70742375 0.039596435 0.70567966 0 0 0 0 1 0.7011402 -0.005375945 -0.71300316 17.141743 -0.024468902 0.9992012 -0.031595625 0 0.71260345 0.039599366 0.7004486 0 0 0 0 1 0.69674575 -0.0054069376 -0.7172978 17.141743 -0.02464652 0.9992007 -0.031472243 0 0.7168946 0.039607048 0.69605553 0 0 0 0 1 0.6939087 -0.0054566227 -0.72004235 17.141743 -0.024731923 0.99920064 -0.031406425 0 0.7196381 0.03960122 0.69321907 0 0 0 0 1 0.69334984 -0.005501515 -0.7205801 17.141743 -0.024716381 0.9992009 -0.031411104 0 0.72017705 0.039589018 0.69265985 0 0 0 0 1 0.6957749 -0.005518333 -0.71823865 17.141743 -0.024590597 0.99920124 -0.031498507 0 0.7178388 0.03957779 0.6950835 0 0 0 0 1 0.7014446 -0.0054949615 -0.71270275 17.141743 -0.024352334 0.9992016 -0.031671535 0 0.7123078 0.039571803 0.7007508 0 0 0 0 1 0.7098331 -0.005439656 -0.70434886 17.141743 -0.024013292 0.999202 -0.031917058 0 0.7039605 0.03956952 0.709136 0 0 0 0 1 0.7204291 -0.0053598145 -0.69350785 17.141743 -0.02358421 0.99920243 -0.03222212 0 0.69312745 0.03956959 0.7197281 0 0 0 0 1 0.7327184 -0.00526285 -0.6805116 17.141743 -0.023075856 0.9992029 -0.032573666 0 0.6801406 0.039570715 0.7320129 0 0 0 0 1 0.7461953 -0.0051561575 -0.6657071 17.141743 -0.02249931 0.99920344 -0.03295884 0 0.66534674 0.039571684 0.74548495 0 0 0 0 1 0.7603743 -0.0050471136 -0.64946556 17.141743 -0.02186621 0.999204 -0.03336528 0 0.649117 0.03957145 0.7596587 0 0 0 0 1 0.7747985 -0.004943029 -0.63218886 17.141743 -0.021188855 0.99920464 -0.033781346 0 0.63185304 0.0395691 0.77407753 0 0 0 0 1 0.78904706 -0.0048511643 -0.6143136 17.141743 -0.02048036 0.9992053 -0.03419634 0 0.61399126 0.039563887 0.78832066 0 0 0 0 1 0.8027397 -0.0047786958 -0.5963105 17.141743 -0.019754617 0.99920595 -0.034600627 0 0.59600234 0.03955518 0.80200785 0 0 0 0 1 0.8155389 -0.0047327126 -0.57868296 17.141743 -0.0190263 0.99920666 -0.034985732 0 0.57838947 0.039542418 0.8148018 0 0 0 0 1 0.82726735 -0.004716107 -0.5617886 17.141743 -0.01830725 0.99920744 -0.035346676 0 0.56151 0.03952596 0.82652533 0 0 0 0 1 0.8379792 -0.0047242753 -0.5456817 17.141743 -0.017603274 0.9992081 -0.035683278 0 0.54541814 0.03950763 0.8372325 0 0 0 0 1 0.8477162 -0.004752925 -0.53042877 17.141743 -0.016920509 0.9992087 -0.03599532 0 0.5301801 0.03948894 0.84696496 0 0 0 0 1 0.8565192 -0.0047977082 -0.51609284 17.141743 -0.016265089 0.99920917 -0.036282763 0 0.5158588 0.03947118 0.8557638 0 0 0 0 1 0.86442775 -0.0048539564 -0.5027336 17.141743 -0.015642859 0.9992096 -0.03654468 0 0.50251365 0.03945443 0.86366856 0 0 0 0 1 0.8714795 -0.0049168807 -0.4904073 17.141743 -0.0150595475 0.99920994 -0.036779802 0 0.49020064 0.039438155 0.8707169 0 0 0 0 1 0.8777101 -0.004981887 -0.4791661 17.141743 -0.014521049 0.99921024 -0.03698764 0 0.4789719 0.039422423 0.87694454 0 0 0 0 1 0.883152 -0.0050443965 -0.46905977 17.141743 -0.0140332375 0.9992105 -0.03716775 0 0.46887696 0.0394072 0.882384 0 0 0 0 1 0.88783467 -0.005099821 -0.46013433 17.141743 -0.013601915 0.99921083 -0.03731964 0 0.45996153 0.03939238 0.88706464 0 0 0 0 1 0.88783467 -0.005099821 -0.46013433 17.141743 -0.013601915 0.99921083 -0.03731964 0 0.45996153 0.03939238 0.88706464 0 0 0 0 1</float_array>
        <technique_common>
          <accessor source="#Motion_55_Neck_transform_pose_array_id" count="86" stride="16">
            <param name="TRANSFORM" type="float4x4" />
          </accessor>
        </technique_common>
      </source>
      <sampler id="Motion_55_Neck_transform_samp_id">
        <input semantic="INPUT" source="#Motion_55_Neck_transform_frame_id" />
        <input semantic="INTERPOLATION" source="#Motion_55_Neck_transform_interp_id" />
        <input semantic="OUTPUT" source="#Motion_55_Neck_transform_pose_id" />
      </sampler>
      <channel source="#Motion_55_Neck_transform_samp_id" target="Neck_bone_id/transform" />
    </animation>
    <animation id="Motion_55_Head_transform_id" name="Motion_55_Head_transform">
      <source id="Motion_55_Head_transform_frame_id" name="Motion_55_Head_transform_frame">
        <float_array id="Motion_55_Head_transform_frame_array_id" count="86">0 0.033333335 0.06666667 0.1 0.13333334 0.16666667 0.2 0.23333333 0.26666668 0.3 0.33333334 0.36666667 0.4 0.43333334 0.46666667 0.5 0.53333336 0.56666666 0.6 0.6333333 0.6666667 0.7 0.73333335 0.76666665 0.8 0.8333333 0.8666667 0.9 0.93333334 0.96666664 1 1.0333333 1.0666667 1.1 1.1333333 1.1666666 1.2 1.2333333 1.2666667 1.3 1.3333334 1.3666667 1.4 1.4333333 1.4666667 1.5 1.5333333 1.5666667 1.6 1.6333333 1.6666666 1.7 1.7333333 1.7666667 1.8 1.8333334 1.8666667 1.9 1.9333333 1.9666667 2 2.0333333 2.0666666 2.1 2.1333334 2.1666667 2.2 2.2333333 2.2666667 2.3 2.3333333 2.3666666 2.4 2.4333334 2.4666667 2.5 2.5333333 2.5666666 2.6 2.6333334 2.6666667 2.7 2.7333333 2.7666667 2.8 2.8333333</float_array>
        <technique_common>
          <accessor source="#Motion_55_Head_transform_frame_array_id" count="86" stride="1">
            <param name="TIME" type="float" />
          </accessor>
        </technique_common>
      </source>
      <source id="Motion_55_Head_transform_interp_id" name="Motion_55_Head_transform_interp">
        <Name_array id="Motion_55_Head_transform_interp_array_id" count="86">LINEAR LINEAR LINEAR LINEAR LINEAR LINEAR LINEAR LINEAR LINEAR LINEAR LINEAR LINEAR LINEAR LINEAR LINEAR LINEAR LINEAR LINEAR LINEAR LINEAR LINEAR LINEAR LINEAR LINEAR LINEAR LINEAR LINEAR LINEAR LINEAR LINEAR LINEAR LINEAR LINEAR LINEAR LINEAR LINEAR LINEAR LINEAR LINEAR LINEAR LINEAR LINEAR LINEAR LINEAR LINEAR LINEAR LINEAR LINEAR LINEAR LINEAR LINEAR LINEAR LINEAR LINEAR LINEAR LINEAR LINEAR LINEAR LINEAR LINEAR LINEAR LINEAR LINEAR LINEAR LINEAR LINEAR LINEAR LINEAR LINEAR LINEAR LINEAR LINEAR LINEAR LINEAR LINEAR LINEAR LINEAR LINEAR LINEAR LINEAR LINEAR LINEAR LINEAR LINEAR LINEAR LINEAR</Name_array>
        <technique_common>
          <accessor source="#Motion_55_Head_transform_interp_array_id" count="86" stride="1">
            <param name="INTERPOLATION" type="Name" />
          </accessor>
        </technique_common>
      </source>
      <source id="Motion_55_Head_transform_pose_id" name="Motion_55_Head_transform_pose">
        <float_array id="Motion_55_Head_transform_pose_array_id" count="1376">0.9671617 -0.025394997 0.25288987 5.59379 0.0347415 0.9988657 -0.032561418 0 -0.25177616 0.04027793 0.96694696 0 0 0 0 1 0.96809924 -0.023221161 0.24948873 5.59379 0.032931678 0.99885094 -0.03481782 0 -0.24839355 0.041923184 0.96775156 0 0 0 0 1 0.9699734 -0.021143276 0.24229033 5.59379 0.030849684 0.99886334 -0.03633711 0 -0.24124663 0.042720612 0.9695231 0 0 0 0 1 0.9729765 -0.019016638 0.23011962 5.59379 0.028345823 0.9989019 -0.037302617 0 -0.22915757 0.0428175 0.97244716 0 0 0 0 1 0.9765915 -0.016630795 0.21445839 5.59379 0.025322843 0.99896264 -0.037846643 0 -0.21360649 0.04239141 0.9759996 0 0 0 0 1 0.9805265 -0.013793945 0.19590189 5.59379 0.021668904 0.9990385 -0.038112193 0 -0.19518782 0.041614994 0.9798826 0 0 0 0 1 0.98450476 -0.010317413 0.17505394 5.59379 0.017269481 0.99911946 -0.038237125 0 -0.17450528 0.04066772 0.9838161 0 0 0 0 1 0.9882782 -0.0062688924 0.15253481 5.59379 0.012254974 0.9991898 -0.038335584 0 -0.1521709 0.03975553 0.9875543 0 0 0 0 1 0.99162096 -0.002097591 0.1291647 5.59379 0.0071292343 0.99923295 -0.03850522 0 -0.12898487 0.039103426 0.9908753 0 0 0 0 1 0.99423397 0.0018261189 0.10721722 5.59379 0.002356984 0.9992413 -0.038875535 0 -0.107206866 0.038904086 0.9934753 0 0 0 0 1 0.9959712 0.0051338687 0.08952668 5.59379 -0.0015895235 0.9992137 -0.039616264 0 -0.089659676 0.039314352 0.9951962 0 0 0 0 1 0.9969322 0.0074229753 0.07791735 5.59379 -0.0042720307 0.99916923 -0.04052863 0 -0.07815346 0.04007143 0.9961357 0 0 0 0 1 0.9973684 0.00825373 0.07202919 5.59379 -0.0052929935 0.9991369 -0.041199155 0 -0.072307065 0.040709488 0.9965513 0 0 0 0 1 0.9970515 0.0073033404 0.07638717 5.59379 -0.004139659 0.9991302 -0.04149302 0 -0.07662377 0.041054465 0.9962145 0 0 0 0 1 0.995531 0.004711491 0.094317384 5.59379 -0.00082225935 0.99914926 -0.04123204 0 -0.09443141 0.040970217 0.994688 0 0 0 0 1 0.9927473 0.0010932802 0.1202149 5.59379 0.0037682052 0.9991843 -0.0402052 0 -0.120160796 0.040366594 0.9919334 0 0 0 0 1 0.989926 -0.0032416221 0.14154853 5.59379 0.008744277 0.9992292 -0.03827001 0 -0.14131536 0.039122216 0.9891913 0 0 0 0 1 0.9872989 -0.0077015995 0.1586871 5.59379 0.013511106 0.9992761 -0.03556355 0 -0.15829833 0.03725589 0.9866882 0 0 0 0 1 0.9848599 -0.011646347 0.17296045 5.59379 0.017526908 0.9993177 -0.032511182 0 -0.17246379 0.035050422 0.98439205 0 0 0 0 1 0.9825019 -0.014436372 0.1856922 5.59379 0.020251136 0.9993609 -0.029455377 0 -0.18514831 0.03270044 0.98216635 0 0 0 0 1 0.9800973 -0.015436411 0.19791678 5.59379 0.021141097 0.99941874 -0.026743017 0 -0.19738892 0.030394934 0.9798539 0 0 0 0 1 0.9781983 -0.014582879 0.20716046 5.59379 0.020133676 0.9994919 -0.024711559 0 -0.20669483 0.028343705 0.9779948 0 0 0 0 1 0.97772884 -0.01249368 0.20949994 5.59379 0.017834563 0.99956185 -0.023623688 0 -0.20911299 0.026833901 0.97752327 0 0 0 0 1 0.9793276 -0.0095834145 0.20205347 5.59379 0.014673191 0.99961126 -0.023707446 0 -0.20174773 0.026182126 0.97908753 0 0 0 0 1 0.9824746 -0.0062576225 0.1862913 5.59379 0.01107083 0.9996309 -0.024807898 0 -0.18606731 0.02643553 0.9821813 0 0 0 0 1 0.98632073 -0.0029517983 0.16481125 5.59379 0.0074219955 0.9996209 -0.026513897 0 -0.1646705 0.027374435 0.9859687 0 0 0 0 1 0.9901171 -8.852035E-05 0.1402433 5.59379 0.004145584 0.9995813 -0.028636873 0 -0.14018206 0.028935246 0.9897029 0 0 0 0 1 0.99335396 0.0019108622 0.11508354 5.59379 0.001672045 0.9995171 -0.031028522 0 -0.11508725 0.031014731 0.9928711 0 0 0 0 1 0.9955235 0.0029028044 0.09446976 5.59379 0.0002728285 0.99943584 -0.033585068 0 -0.09451396 0.0334605 0.9949611 0 0 0 0 1 0.9963713 0.0031619703 0.08505382 5.59379 -7.8590354E-05 0.99934345 -0.03623105 0 -0.08511254 0.036092892 0.9957174 0 0 0 0 1 0.99561733 0.0029648822 0.09347383 5.59379 0.00067302934 0.9992443 -0.038863514 0 -0.09351841 0.0387561 0.9948629 0 0 0 0 1 0.9922569 0.0025820038 0.124175765 5.59379 0.002571837 0.9991424 -0.0413262 0 -0.12417597 0.041325565 0.9913993 0 0 0 0 1 0.98459864 0.0021533105 0.17481665 5.59379 0.005522371 0.99904215 -0.04340872 0 -0.17474268 0.043705568 0.98364365 0 0 0 0 1 0.972267 0.0015806453 0.23386836 5.59379 0.009180328 0.9989485 -0.044917207 0 -0.23369345 0.045818504 0.97123015 0 0 0 0 1 0.9570689 0.00069247605 0.2898596 5.59379 0.0131300185 0.9988671 -0.045739476 0 -0.28956288 0.04758169 0.9559756 0 0 0 0 1 0.9408074 -0.00055651274 0.3389412 5.59379 0.017093148 0.9988041 -0.045805912 0 -0.33851036 0.048888113 0.9396918 0 0 0 0 1 0.9266083 -0.0022713812 0.37602106 5.59379 0.020758286 0.9987659 -0.0451204 0 -0.37545452 0.049614493 0.9255119 0 0 0 0 1 0.91809916 -0.0045082457 0.39632517 5.59379 0.023896173 0.9987459 -0.043995347 0 -0.39562982 0.049862746 0.9170555 0 0 0 0 1 0.9181012 -0.007226824 0.39628023 5.59379 0.026394725 0.99872905 -0.04293777 0 -0.39546627 0.04988092 0.91712505 0 0 0 0 1 0.92209107 -0.009386113 0.38685906 5.59379 0.027852295 0.9987228 -0.04215548 0 -0.38596928 0.049646106 0.92117476 0 0 0 0 1 0.9253038 -0.010183859 0.37908992 5.59379 0.02808826 0.99873406 -0.04172943 0 -0.37818506 0.04926038 0.92441845 0 0 0 0 1 0.92802906 -0.009870881 0.37237695 5.59379 0.027383791 0.9987519 -0.041770563 0 -0.37149987 0.048961386 0.9271411 0 0 0 0 1 0.9304152 -0.008693732 0.36640415 5.59379 0.026027061 0.99876195 -0.04239309 0 -0.36558196 0.048979595 0.92948955 0 0 0 0 1 0.93259835 -0.006974454 0.36084855 5.59379 0.024233546 0.998767 -0.04332651 0 -0.36010146 0.049150873 0.9316175 0 0 0 0 1 0.9347066 -0.005058066 0.3553842 5.59379 0.022197284 0.99877757 -0.044166464 0 -0.35472634 0.04917125 0.9336763 0 0 0 0 1 0.9367675 -0.0032212436 0.3499375 5.59379 0.020180652 0.99879086 -0.044828665 0 -0.34936994 0.049056005 0.9356998 0 0 0 0 1 0.9387308 -0.0017354889 0.344647 5.59379 0.018452048 0.99880624 -0.045229144 0 -0.34415704 0.048817433 0.93764216 0 0 0 0 1 0.9405805 -0.000874904 0.3395697 5.59379 0.017279074 0.99882454 -0.045288157 0 -0.33913088 0.048464607 0.93948996 0 0 0 0 1 0.9404974 -0.0007853415 0.33979997 5.59379 0.017047757 0.99884707 -0.044876214 0 -0.33937296 0.04799879 0.9394265 0 0 0 0 1 0.9367301 -0.0012145583 0.35005033 5.59379 0.017713368 0.99887735 -0.04393497 0 -0.349604 0.04735578 0.9357 0 0 0 0 1 0.930072 -0.0018143151 0.36737275 5.59379 0.018798968 0.99891275 -0.04265981 0 -0.3668959 0.046582922 0.9290949 0 0 0 0 1 0.9217207 -0.0025262702 0.38784614 5.59379 0.02009808 0.9989464 -0.041256588 0 -0.3873333 0.045822013 0.9208003 0 0 0 0 1 0.9131344 -0.0033062436 0.4076452 5.59379 0.021396771 0.9989775 -0.039826944 0 -0.4070967 0.045089647 0.91227144 0 0 0 0 1 0.90560603 -0.004079235 0.42410025 5.59379 0.022517487 0.99900585 -0.038473908 0 -0.42352167 0.044391874 0.9047976 0 0 0 0 1 0.9002694 -0.0047501763 0.43530735 5.59379 0.02330723 0.99903226 -0.037300553 0 -0.43470892 0.04372635 0.89950883 0 0 0 0 1 0.8986138 -0.005238153 0.43870917 5.59379 0.023605308 0.99905765 -0.036422398 0 -0.43810496 0.043085534 0.8978907 0 0 0 0 1 0.9020045 -0.00545891 0.43169218 5.59379 0.023251075 0.9990831 -0.03594846 0 -0.43110013 0.04246298 0.90130436 0 0 0 0 1 0.91070396 -0.005287878 0.41302586 5.59379 0.022103325 0.99910927 -0.03594549 0 -0.4124679 0.041864946 0.9100097 0 0 0 0 1 0.92254645 -0.004495058 0.3858599 5.59379 0.020089276 0.9991357 -0.03639175 0 -0.3853628 0.041324727 0.92183936 0 0 0 0 1 0.9351854 -0.0031218412 0.3541448 5.59379 0.017419532 0.9991563 -0.037191804 0 -0.3537299 0.040950272 0.93445075 0 0 0 0 1 0.946722 -0.0014804751 0.32204854 5.59379 0.014567295 0.9991628 -0.038230084 0 -0.32172233 0.040884636 0.9459509 0 0 0 0 1 0.9558213 0.00025830092 0.29394835 5.59379 0.011867106 0.99915045 -0.039465826 0 -0.2937088 0.041210596 0.9550062 0 0 0 0 1 0.96162534 0.0019239751 0.27435923 5.59379 0.009669419 0.99911654 -0.0408976 0 -0.27419555 0.041981064 0.9607572 0 0 0 0 1 0.96358466 0.0033107104 0.26738298 5.59379 0.008295468 0.99907196 -0.042265303 0 -0.2672748 0.042944267 0.96266294 0 0 0 0 1 0.963457 0.0040213517 0.26783296 5.59379 0.007874237 0.99903 -0.043325283 0 -0.26774737 0.043851025 0.96249074 0 0 0 0 1 0.96316993 0.004006043 0.2688636 5.59379 0.008165101 0.9989922 -0.04413534 0 -0.2687694 0.04470513 0.96216655 0 0 0 0 1 0.9628943 0.0035514594 0.2698554 5.59379 0.00885487 0.9989593 -0.044742726 0 -0.26973346 0.04547205 0.9618608 0 0 0 0 1 0.9626522 0.0027035251 0.27072766 5.59379 0.009894352 0.9989309 -0.045157753 0 -0.2705603 0.046149887 0.96159625 0 0 0 0 1 0.9624657 0.0015080571 0.27139923 5.59379 0.011234383 0.99890614 -0.045391124 0 -0.27117082 0.0467364 0.9613959 0 0 0 0 1 0.9623569 1.0800082E-05 0.27178884 5.59379 0.012825899 0.9988841 -0.045453966 0 -0.27148604 0.047228873 0.96128285 0 0 0 0 1 0.9623479 -0.0017425395 0.27181506 5.59379 0.014620006 0.9988638 -0.045357943 0 -0.2714272 0.04762406 0.96128 0 0 0 0 1 0.9624605 -0.0037062382 0.27139646 5.59379 0.016568024 0.9988444 -0.045115225 0 -0.27091563 0.047918126 0.9614097 0 0 0 0 1 0.96271604 -0.0058345166 0.27045104 5.59379 0.018621515 0.9988252 -0.044738483 0 -0.26987228 0.048106667 0.96169364 0 0 0 0 1 0.9631351 -0.008081479 0.2688967 5.59379 0.020732336 0.99880576 -0.04424084 0 -0.26821804 0.04818476 0.9621524 0 0 0 0 1 0.9636403 -0.010392223 0.26700082 5.59379 0.02286037 0.99878615 -0.0436312 0 -0.26622328 0.048148517 0.9627081 0 0 0 0 1 0.9641356 -0.012709772 0.2651057 5.59379 0.02496683 0.99876666 -0.04291614 0 -0.26423326 0.047995828 0.9632638 0 0 0 0 1 0.9646136 -0.014984982 0.26324138 5.59379 0.027005715 0.9987481 -0.042105302 0 -0.2622809 0.047724366 0.96381074 0 0 0 0 1 0.9650676 -0.017168734 0.26143786 5.59379 0.028930914 0.9987317 -0.04120799 0 -0.26039878 0.04733213 0.96434027 0 0 0 0 1 0.96549135 -0.019211926 0.2597255 5.59379 0.030696195 0.9987187 -0.040233254 0 -0.2586198 0.046817444 0.964844 0 0 0 0 1 0.9658792 -0.02106551 0.25813493 5.59379 0.032255217 0.99871105 -0.039189905 0 -0.25697663 0.046178915 0.9653137 0 0 0 0 1 0.9662258 -0.022680525 0.2566968 5.59379 0.033561494 0.9987107 -0.038086563 0 -0.25550202 0.04541535 0.9657413 0 0 0 0 1 0.96652627 -0.024008099 0.25544202 5.59379 0.034568418 0.9987197 -0.03693175 0 -0.25422835 0.04452573 0.96611875 0 0 0 0 1 0.9667754 -0.024999475 0.2544019 5.59379 0.035229243 0.9987402 -0.03573395 0 -0.25318804 0.043509092 0.9664382 0 0 0 0 1 0.96696824 -0.025606055 0.25360757 5.59379 0.035497095 0.99877405 -0.034501735 0 -0.2524132 0.042364415 0.9666917 0 0 0 0 1 0.9670991 -0.025758557 0.25309262 5.59379 0.03534566 0.99881667 -0.03340547 0 -0.25193265 0.041252125 0.9668651 0 0 0 0 1 0.9670991 -0.025758557 0.25309262 5.59379 0.03534566 0.99881667 -0.03340547 0 -0.25193265 0.041252125 0.9668651 0 0 0 0 1</float_array>
        <technique_common>
          <accessor source="#Motion_55_Head_transform_pose_array_id" count="86" stride="16">
            <param name="TRANSFORM" type="float4x4" />
          </accessor>
        </technique_common>
      </source>
      <sampler id="Motion_55_Head_transform_samp_id">
        <input semantic="INPUT" source="#Motion_55_Head_transform_frame_id" />
        <input semantic="INTERPOLATION" source="#Motion_55_Head_transform_interp_id" />
        <input semantic="OUTPUT" source="#Motion_55_Head_transform_pose_id" />
      </sampler>
      <channel source="#Motion_55_Head_transform_samp_id" target="Head_bone_id/transform" />
    </animation>
    <animation id="Motion_55_RHair_transform_id" name="Motion_55_RHair_transform">
      <source id="Motion_55_RHair_transform_frame_id" name="Motion_55_RHair_transform_frame">
        <float_array id="Motion_55_RHair_transform_frame_array_id" count="86">0 0.033333335 0.06666667 0.1 0.13333334 0.16666667 0.2 0.23333333 0.26666668 0.3 0.33333334 0.36666667 0.4 0.43333334 0.46666667 0.5 0.53333336 0.56666666 0.6 0.6333333 0.6666667 0.7 0.73333335 0.76666665 0.8 0.8333333 0.8666667 0.9 0.93333334 0.96666664 1 1.0333333 1.0666667 1.1 1.1333333 1.1666666 1.2 1.2333333 1.2666667 1.3 1.3333334 1.3666667 1.4 1.4333333 1.4666667 1.5 1.5333333 1.5666667 1.6 1.6333333 1.6666666 1.7 1.7333333 1.7666667 1.8 1.8333334 1.8666667 1.9 1.9333333 1.9666667 2 2.0333333 2.0666666 2.1 2.1333334 2.1666667 2.2 2.2333333 2.2666667 2.3 2.3333333 2.3666666 2.4 2.4333334 2.4666667 2.5 2.5333333 2.5666666 2.6 2.6333334 2.6666667 2.7 2.7333333 2.7666667 2.8 2.8333333</float_array>
        <technique_common>
          <accessor source="#Motion_55_RHair_transform_frame_array_id" count="86" stride="1">
            <param name="TIME" type="float" />
          </accessor>
        </technique_common>
      </source>
      <source id="Motion_55_RHair_transform_interp_id" name="Motion_55_RHair_transform_interp">
        <Name_array id="Motion_55_RHair_transform_interp_array_id" count="86">LINEAR LINEAR LINEAR LINEAR LINEAR LINEAR LINEAR LINEAR LINEAR LINEAR LINEAR LINEAR LINEAR LINEAR LINEAR LINEAR LINEAR LINEAR LINEAR LINEAR LINEAR LINEAR LINEAR LINEAR LINEAR LINEAR LINEAR LINEAR LINEAR LINEAR LINEAR LINEAR LINEAR LINEAR LINEAR LINEAR LINEAR LINEAR LINEAR LINEAR LINEAR LINEAR LINEAR LINEAR LINEAR LINEAR LINEAR LINEAR LINEAR LINEAR LINEAR LINEAR LINEAR LINEAR LINEAR LINEAR LINEAR LINEAR LINEAR LINEAR LINEAR LINEAR LINEAR LINEAR LINEAR LINEAR LINEAR LINEAR LINEAR LINEAR LINEAR LINEAR LINEAR LINEAR LINEAR LINEAR LINEAR LINEAR LINEAR LINEAR LINEAR LINEAR LINEAR LINEAR LINEAR LINEAR</Name_array>
        <technique_common>
          <accessor source="#Motion_55_RHair_transform_interp_array_id" count="86" stride="1">
            <param name="INTERPOLATION" type="Name" />
          </accessor>
        </technique_common>
      </source>
      <source id="Motion_55_RHair_transform_pose_id" name="Motion_55_RHair_transform_pose">
        <float_array id="Motion_55_RHair_transform_pose_array_id" count="1376">-0.92806816 -0.3489129 0.13019077 23.655146 0.15232538 -0.036643267 0.98765105 18.4976 -0.33983356 0.9364386 0.08715552 3.221567 0 0 0 1 -0.93128026 -0.33903116 0.13332316 23.655146 0.14609043 -0.012295485 0.98919487 18.4976 -0.33372858 0.9406948 0.060979724 3.221567 0 0 0 1 -0.9360918 -0.32377338 0.13748896 23.655146 0.14124289 0.011997044 0.9899023 18.4976 -0.32215348 0.9460587 0.03450018 3.221567 0 0 0 1 -0.9423982 -0.3032935 0.14106235 23.655146 0.13686153 0.035176396 0.9899654 18.4976 -0.30521214 0.9522477 0.008359075 3.221567 0 0 0 1 -0.94930077 -0.2796111 0.14368483 23.655146 0.13356388 0.055024564 0.98951143 18.4976 -0.28458458 0.95853525 -0.014888763 3.221567 0 0 0 1 -0.955955 -0.25492674 0.14546952 23.655146 0.13197663 0.06935316 0.9888235 18.4976 -0.26216635 0.96446985 -0.03265369 3.221567 0 0 0 1 -0.9621854 -0.22841159 0.1484141 23.655146 0.13415527 0.076824486 0.9879778 18.4976 -0.23706743 0.97052866 -0.04327643 3.221567 0 0 0 1 -0.9683083 -0.19668767 0.15392365 23.655146 0.14079326 0.07916683 0.98686856 18.4976 -0.20629053 0.9772647 -0.048965335 3.221567 0 0 0 1 -0.9734483 -0.16178672 0.16193813 23.655146 0.15076019 0.07921094 0.98539186 18.4976 -0.17225057 0.9836416 -0.05271685 3.221567 0 0 0 1 -0.97649527 -0.12891443 0.17273602 23.655146 0.1636516 0.07809377 0.9834222 18.4976 -0.14026693 0.9885759 -0.055161 3.221567 0 0 0 1 -0.9771917 -0.102596864 0.18592948 23.655146 0.17863618 0.0762828 0.9809536 18.4976 -0.114825964 0.99179363 -0.056215167 3.221567 0 0 0 1 -0.9759953 -0.086358145 0.19993886 23.655146 0.1939589 0.07291144 0.97829646 18.4976 -0.099061705 0.99359256 -0.05441141 3.221567 0 0 0 1 -0.9732876 -0.08323657 0.21396948 23.655146 0.20872456 0.06739968 0.9756492 18.4976 -0.09563117 0.994248 -0.04822576 3.221567 0 0 0 1 -0.9691893 -0.09653066 0.22661401 23.655146 0.22167908 0.059241474 0.97331846 18.4976 -0.10738002 0.99356544 -0.0360173 3.221567 0 0 0 1 -0.9637908 -0.12650412 0.23474297 23.655146 0.2302627 0.049155712 0.9718863 18.4976 -0.13448659 0.99074745 -0.01824677 3.221567 0 0 0 1 -0.9566412 -0.16793229 0.23798382 23.655146 0.23490544 0.038260162 0.9712649 18.4976 -0.17221203 0.98505574 0.0028470755 3.221567 0 0 0 1 -0.9474938 -0.21503071 0.23667955 23.655146 0.2363656 0.027557015 0.97127336 18.4976 -0.21537578 0.9762184 0.024715722 3.221567 0 0 0 1 -0.9367906 -0.26207387 0.23182045 23.655146 0.23549296 0.017764151 0.97171366 18.4976 -0.25877887 0.9648843 0.045075238 3.221567 0 0 0 1 -0.92581725 -0.3045289 0.22388574 23.655146 0.23193598 0.009978831 0.97268 18.4976 -0.29844323 0.952451 0.061392426 3.221567 0 0 0 1 -0.91666675 -0.33796102 0.21331677 23.655146 0.22478051 0.0053435564 0.9743947 18.4976 -0.3304473 0.9411448 0.07106894 3.221567 0 0 0 1 -0.9120871 -0.35697383 0.20166048 23.655146 0.21409559 0.0047855973 0.976801 18.4976 -0.34965745 0.9341021 0.0720616 3.221567 0 0 0 1 -0.91435635 -0.35748935 0.19014059 23.655146 0.20021187 0.009001315 0.9797111 18.4976 -0.35194784 0.9338737 0.063343346 3.221567 0 0 0 1 -0.9244437 -0.3348313 0.18245983 23.655146 0.18738483 0.017834604 0.98212457 18.4976 -0.33210015 0.9421092 0.04625535 3.221567 0 0 0 1 -0.9406309 -0.2901229 0.17618677 23.655146 0.17494422 0.03043145 0.98410785 18.4976 -0.29087386 0.9565053 0.022130787 3.221567 0 0 0 1 -0.95817983 -0.22949868 0.1709441 23.655146 0.1647318 0.046107948 0.9852601 18.4976 -0.23399779 0.97221625 -0.0063740015 3.221567 0 0 0 1 -0.9727149 -0.15964821 0.16833943 23.655146 0.15998268 0.06392115 0.985048 18.4976 -0.16802159 0.98510224 -0.036635995 3.221567 0 0 0 1 -0.9814514 -0.08906615 0.16976717 23.655146 0.16257542 0.082637906 0.9832296 18.4976 -0.10160169 0.9925918 -0.06662536 3.221567 0 0 0 1 -0.9842384 -0.025863498 0.17494592 23.655146 0.1715316 0.101106286 0.97997683 18.4976 -0.043033764 0.99453944 -0.09507632 3.221567 0 0 0 1 -0.9829513 0.024031281 0.18228829 23.655146 0.18385413 0.11743629 0.9759131 18.4976 0.0020451844 0.99278957 -0.119852304 3.221567 0 0 0 1 -0.979892 0.053729758 0.19215816 23.655146 0.19765832 0.12984401 0.97163355 18.4976 0.027255058 0.9900776 -0.13785315 3.221567 0 0 0 1 -0.9770653 0.05759958 0.2050016 23.655146 0.21113726 0.13705581 0.96779996 18.4976 0.027648218 0.98888725 -0.14607394 3.221567 0 0 0 1 -0.9748013 0.039390936 0.21956986 23.655146 0.2229491 0.1389361 0.9648785 18.4976 0.0075012967 0.9895176 -0.14421725 3.221567 0 0 0 1 -0.9724121 0.006255664 0.23318614 23.655146 0.23186788 0.1353603 0.9632834 18.4976 -0.025538191 0.9907768 -0.13307655 3.221567 0 0 0 1 -0.9692464 -0.034986563 0.24359263 23.655146 0.2374739 0.12669241 0.9630967 18.4976 -0.06455679 0.99132484 -0.11448777 3.221567 0 0 0 1 -0.9650912 -0.07907856 0.24969125 23.655146 0.23999307 0.114797056 0.9639632 18.4976 -0.10489266 0.99023646 -0.09181142 3.221567 0 0 0 1 -0.96053576 -0.12171014 0.25011605 23.655146 0.23861317 0.10157436 0.965788 18.4976 -0.14295158 0.98735476 -0.06852424 3.221567 0 0 0 1 -0.9566288 -0.15834007 0.24451959 23.655146 0.23279747 0.08905846 0.96843886 18.4976 -0.17511922 0.98336005 -0.048334718 3.221567 0 0 0 1 -0.9545593 -0.18503265 0.23362203 23.655146 0.22246192 0.07923573 0.9717162 18.4976 -0.19831045 0.9795329 -0.034472466 3.221567 0 0 0 1 -0.9548259 -0.20011745 0.2196818 23.655146 0.20903914 0.073112845 0.97517014 18.4976 -0.21121013 0.97704005 -0.027977347 3.221567 0 0 0 1 -0.95771146 -0.2016709 0.2052239 23.655146 0.19468166 0.07100773 0.9782927 18.4976 -0.21186565 0.9768759 -0.028743029 3.221567 0 0 0 1 -0.9635018 -0.18657424 0.191976 23.655146 0.18141149 0.072300434 0.980746 18.4976 -0.19686188 0.9797769 -0.03581512 3.221567 0 0 0 1 -0.97149885 -0.15320316 0.18088326 23.655146 0.17081937 0.07659471 0.9823207 18.4976 -0.16434935 0.9852218 -0.048241615 3.221567 0 0 0 1 -0.9791882 -0.10720784 0.1723275 23.655146 0.16382182 0.083705306 0.9829322 18.4976 -0.119802766 0.9907067 -0.06440008 3.221567 0 0 0 1 -0.98433316 -0.056307267 0.16708443 23.655146 0.1614439 0.093105435 0.98248005 18.4976 -0.07087721 0.99406266 -0.08255601 3.221567 0 0 0 1 -0.9858793 -0.0075901076 0.16728617 23.655146 0.16560239 0.1041249 0.98068035 18.4976 -0.02486214 0.9945353 -0.10139775 3.221567 0 0 0 1 -0.98433983 0.032184303 0.17331827 23.655146 0.17591843 0.11630446 0.9775101 18.4976 0.011302799 0.992692 -0.120144844 3.221567 0 0 0 1 -0.9815192 0.05724792 0.18259984 23.655146 0.18862669 0.12862533 0.973589 18.4976 0.032248974 0.9900395 -0.13704681 3.221567 0 0 0 1 -0.97887754 0.062966354 0.19450936 23.655146 0.20162487 0.13977909 0.9694375 18.4976 0.033853613 0.9881786 -0.14952207 3.221567 0 0 0 1 -0.9769752 0.04686872 0.20814148 23.655146 0.2128776 0.14904368 0.9656445 18.4976 0.014236338 0.9877193 -0.15558934 3.221567 0 0 0 1 -0.97512734 0.013561681 0.22123116 23.655146 0.22061184 0.1557135 0.962852 18.4976 -0.021390818 0.9877093 -0.1548326 3.221567 0 0 0 1 -0.97251296 -0.030797377 0.23080319 23.655146 0.22325559 0.15825623 0.96182734 18.4976 -0.066147804 0.9869177 -0.14703047 3.221567 0 0 0 1 -0.96888065 -0.080714256 0.2339998 23.655146 0.21966243 0.15540123 0.96311945 18.4976 -0.114101335 0.9845485 -0.13283563 3.221567 0 0 0 1 -0.96430326 -0.130792 0.23024325 23.655146 0.21075465 0.14732867 0.96637285 18.4976 -0.16031526 0.98040164 -0.11450422 3.221567 0 0 0 1 -0.95955694 -0.17490256 0.22058916 23.655146 0.19862622 0.13465053 0.97078156 18.4976 -0.19949463 0.975335 -0.09446466 3.221567 0 0 0 1 -0.95611906 -0.20722792 0.20710585 23.655146 0.18559796 0.11855179 0.97544795 18.4976 -0.22669283 0.97108287 -0.07488847 3.221567 0 0 0 1 -0.9557495 -0.22236672 0.19260262 23.655146 0.17396772 0.10073936 0.979585 18.4976 -0.23722978 0.9697446 -0.057596922 3.221567 0 0 0 1 -0.9597163 -0.21600927 0.17968012 23.655146 0.165316 0.08297384 0.98274416 18.4976 -0.2271906 0.97285944 -0.04392171 3.221567 0 0 0 1 -0.96704006 -0.18971653 0.16982703 23.655146 0.16004105 0.06587815 0.98490965 18.4976 -0.19804154 0.9796263 -0.033344507 3.221567 0 0 0 1 -0.97507966 -0.14783746 0.16541979 23.655146 0.15954864 0.050810516 0.98588157 18.4976 -0.15415528 0.9877056 -0.025956988 3.221567 0 0 0 1 -0.9812498 -0.09696831 0.16657072 23.655146 0.16349806 0.03887087 0.9857775 18.4976 -0.102063924 0.99452806 -0.022287846 3.221567 0 0 0 1 -0.9839933 -0.045134097 0.1723955 23.655146 0.17110586 0.031056583 0.984763 18.4976 -0.049800407 0.9984981 -0.022836804 3.221567 0 0 0 1 -0.983214 0.0018975213 0.18244538 23.655146 0.18242642 0.027995825 0.9828208 18.4976 -0.0032427683 0.9996062 -0.027871966 3.221567 0 0 0 1 -0.98025835 0.037896127 0.19405565 23.655146 0.19524366 0.03063947 0.98027605 18.4976 0.031202905 0.9988119 -0.037433624 3.221567 0 0 0 1 -0.97707796 0.05667022 0.2052005 23.655146 0.20759219 0.040093422 0.97739345 18.4976 0.0471619 0.9975876 -0.050938725 3.221567 0 0 0 1 -0.97448194 0.0619167 0.21575701 23.655146 0.2191642 0.054785967 0.9741486 18.4976 0.048495613 0.9965765 -0.06695783 3.221567 0 0 0 1 -0.9725342 0.059533104 0.22501794 23.655146 0.22903393 0.072475374 0.97071666 18.4976 0.041481525 0.9955918 -0.084119916 3.221567 0 0 0 1 -0.97122717 0.0527118 0.23224874 23.655146 0.23628356 0.091246724 0.9673904 18.4976 0.029800907 0.99443233 -0.101076365 3.221567 0 0 0 1 -0.9706886 0.041549347 0.23672213 23.655146 0.23993653 0.110422134 0.96448815 18.4976 0.013934508 0.9930159 -0.11715472 3.221567 0 0 0 1 -0.97073555 0.026097685 0.2387277 23.655146 0.24008551 0.12849438 0.96220994 18.4976 -0.005563706 0.99136674 -0.13099957 3.221567 0 0 0 1 -0.9709964 0.00670141 0.23900056 23.655146 0.23745976 0.14372051 0.9607067 18.4976 -0.027911194 0.98959565 -0.14114344 3.221567 0 0 0 1 -0.97093725 -0.016624667 0.23875569 23.655146 0.23340276 0.15493685 0.9599571 18.4976 -0.052951023 0.9877845 -0.14655364 3.221567 0 0 0 1 -0.97021556 -0.043920964 0.23822883 23.655146 0.22851545 0.16041988 0.96023244 18.4976 -0.080391 0.9860713 -0.14560533 3.221567 0 0 0 1 -0.9685657 -0.07511888 0.23714513 23.655146 0.22334984 0.15712023 0.9619918 18.4976 -0.109524034 0.98471844 -0.13540351 3.221567 0 0 0 1 -0.9660468 -0.10913687 0.23418483 23.655146 0.2177828 0.14370996 0.96535903 18.4976 -0.13901097 0.9835835 -0.115062356 3.221567 0 0 0 1 -0.96268725 -0.14482152 0.22860557 23.655146 0.21193671 0.12181443 0.969662 18.4976 -0.16827542 0.9819309 -0.08657646 3.221567 0 0 0 1 -0.95861125 -0.18065998 0.22006112 23.655146 0.20599064 0.093499005 0.97407705 18.4976 -0.19655222 0.97909147 -0.052415133 3.221567 0 0 0 1 -0.9540963 -0.21492387 0.2085848 23.655146 0.20002 0.061107516 0.9778843 18.4976 -0.2229168 0.97471714 -0.015313268 3.221567 0 0 0 1 -0.949425 -0.24636343 0.19467266 23.655146 0.19404143 0.027082086 0.9806195 18.4976 -0.2468609 0.96879905 0.022092283 3.221567 0 0 0 1 -0.9448645 -0.27402353 0.17928505 23.655146 0.1880952 -0.005995035 0.98213273 18.4976 -0.26805267 0.96170455 0.057206452 3.221567 0 0 0 1 -0.940639 -0.29728818 0.1637602 23.655146 0.18227096 -0.03545022 0.9826089 18.4976 -0.2863127 0.95412934 0.08753312 3.221567 0 0 0 1 -0.9369259 -0.3158557 0.1496822 23.655146 0.176714 -0.058579206 0.9825174 18.4976 -0.3015655 0.9469971 0.11070055 3.221567 0 0 0 1 -0.9338589 -0.32966465 0.13866818 23.655146 0.1715498 -0.07268953 0.9824902 18.4976 -0.31381252 0.9412956 0.12443566 3.221567 0 0 0 1 -0.9315584 -0.33902138 0.13139188 23.655146 0.16630703 -0.07594633 0.9831451 18.4976 -0.32332847 0.93770826 0.12712985 3.221567 0 0 0 1 -0.92996144 -0.34475064 0.12774384 23.655146 0.16106486 -0.069681406 0.9844808 18.4976 -0.33049905 0.93610436 0.12032837 3.221567 0 0 0 1 -0.9288726 -0.34778073 0.12745349 23.655146 0.15629414 -0.056049824 0.9861189 18.4976 -0.3358094 0.935899 0.106419206 3.221567 0 0 0 1 -0.9288726 -0.34778073 0.12745349 23.655146 0.15629414 -0.056049824 0.9861189 18.4976 -0.3358094 0.935899 0.106419206 3.221567 0 0 0 1</float_array>
        <technique_common>
          <accessor source="#Motion_55_RHair_transform_pose_array_id" count="86" stride="16">
            <param name="TRANSFORM" type="float4x4" />
          </accessor>
        </technique_common>
      </source>
      <sampler id="Motion_55_RHair_transform_samp_id">
        <input semantic="INPUT" source="#Motion_55_RHair_transform_frame_id" />
        <input semantic="INTERPOLATION" source="#Motion_55_RHair_transform_interp_id" />
        <input semantic="OUTPUT" source="#Motion_55_RHair_transform_pose_id" />
      </sampler>
      <channel source="#Motion_55_RHair_transform_samp_id" target="RHair_bone_id/transform" />
    </animation>
    <animation id="Motion_55_LHair_transform_id" name="Motion_55_LHair_transform">
      <source id="Motion_55_LHair_transform_frame_id" name="Motion_55_LHair_transform_frame">
        <float_array id="Motion_55_LHair_transform_frame_array_id" count="86">0 0.033333335 0.06666667 0.1 0.13333334 0.16666667 0.2 0.23333333 0.26666668 0.3 0.33333334 0.36666667 0.4 0.43333334 0.46666667 0.5 0.53333336 0.56666666 0.6 0.6333333 0.6666667 0.7 0.73333335 0.76666665 0.8 0.8333333 0.8666667 0.9 0.93333334 0.96666664 1 1.0333333 1.0666667 1.1 1.1333333 1.1666666 1.2 1.2333333 1.2666667 1.3 1.3333334 1.3666667 1.4 1.4333333 1.4666667 1.5 1.5333333 1.5666667 1.6 1.6333333 1.6666666 1.7 1.7333333 1.7666667 1.8 1.8333334 1.8666667 1.9 1.9333333 1.9666667 2 2.0333333 2.0666666 2.1 2.1333334 2.1666667 2.2 2.2333333 2.2666667 2.3 2.3333333 2.3666666 2.4 2.4333334 2.4666667 2.5 2.5333333 2.5666666 2.6 2.6333334 2.6666667 2.7 2.7333333 2.7666667 2.8 2.8333333</float_array>
        <technique_common>
          <accessor source="#Motion_55_LHair_transform_frame_array_id" count="86" stride="1">
            <param name="TIME" type="float" />
          </accessor>
        </technique_common>
      </source>
      <source id="Motion_55_LHair_transform_interp_id" name="Motion_55_LHair_transform_interp">
        <Name_array id="Motion_55_LHair_transform_interp_array_id" count="86">LINEAR LINEAR LINEAR LINEAR LINEAR LINEAR LINEAR LINEAR LINEAR LINEAR LINEAR LINEAR LINEAR LINEAR LINEAR LINEAR LINEAR LINEAR LINEAR LINEAR LINEAR LINEAR LINEAR LINEAR LINEAR LINEAR LINEAR LINEAR LINEAR LINEAR LINEAR LINEAR LINEAR LINEAR LINEAR LINEAR LINEAR LINEAR LINEAR LINEAR LINEAR LINEAR LINEAR LINEAR LINEAR LINEAR LINEAR LINEAR LINEAR LINEAR LINEAR LINEAR LINEAR LINEAR LINEAR LINEAR LINEAR LINEAR LINEAR LINEAR LINEAR LINEAR LINEAR LINEAR LINEAR LINEAR LINEAR LINEAR LINEAR LINEAR LINEAR LINEAR LINEAR LINEAR LINEAR LINEAR LINEAR LINEAR LINEAR LINEAR LINEAR LINEAR LINEAR LINEAR LINEAR LINEAR</Name_array>
        <technique_common>
          <accessor source="#Motion_55_LHair_transform_interp_array_id" count="86" stride="1">
            <param name="INTERPOLATION" type="Name" />
          </accessor>
        </technique_common>
      </source>
      <source id="Motion_55_LHair_transform_pose_id" name="Motion_55_LHair_transform_pose">
        <float_array id="Motion_55_LHair_transform_pose_array_id" count="1376">-0.9174516 0.36757246 0.15222637 23.655027 -0.15048477 0.033581257 -0.98804176 -18.497566 -0.36828887 -0.9293883 0.02450496 3.221565 0 0 0 1 -0.9214201 0.36491257 0.13350515 23.655027 -0.14653862 -0.008122683 -0.9891715 -18.497566 -0.3598767 -0.9310063 0.060958326 3.221565 0 0 0 1 -0.9267597 0.357391 0.115706414 23.655027 -0.14244783 -0.049331903 -0.9885721 -18.497566 -0.3475988 -0.93265104 0.09662837 3.221565 0 0 0 1 -0.93372047 0.34361327 0.10047763 23.655027 -0.13834402 -0.08745861 -0.986515 -18.497566 -0.330192 -0.9350298 0.12919891 3.221565 0 0 0 1 -0.94156027 0.3248214 0.08919236 23.655027 -0.13416183 -0.11874938 -0.98381865 -18.497566 -0.30897385 -0.93829083 0.15538836 3.221565 0 0 0 1 -0.9494605 0.302479 0.083850145 23.655027 -0.13119027 -0.1397264 -0.98146087 -18.497566 -0.28515524 -0.9428589 0.17234719 3.221565 0 0 0 1 -0.95711756 0.27683318 0.08537554 23.655027 -0.1297573 -0.14616776 -0.980713 -18.497566 -0.25901476 -0.9497359 0.175821 3.221565 0 0 0 1 -0.96515894 0.2434896 0.09581969 23.655027 -0.13131028 -0.13395429 -0.98224944 -18.497566 -0.22633207 -0.9606088 0.16125965 3.221565 0 0 0 1 -0.972008 0.20554078 0.11381312 23.655027 -0.13609913 -0.097718716 -0.98586416 -18.497566 -0.19151361 -0.97375774 0.12295729 3.221565 0 0 0 1 -0.97690535 0.16636676 0.13407886 23.655027 -0.1431551 -0.043764353 -0.988732 -18.497566 -0.15862426 -0.98509204 0.06657034 3.221565 0 0 0 1 -0.97955203 0.13077083 0.15289474 23.655027 -0.15168652 0.019210339 -0.988242 -18.497566 -0.13217038 -0.9912265 0.0010185838 3.221565 0 0 0 1 -0.9796982 0.1046673 0.17098592 23.655027 -0.1626302 0.08380318 -0.98312175 -18.497566 -0.11722987 -0.99097013 -0.06507969 3.221565 0 0 0 1 -0.97797954 0.09077575 0.1879247 23.655027 -0.17405367 0.1420933 -0.9744305 -18.497566 -0.1151575 -0.9856821 -0.123164415 3.221565 0 0 0 1 -0.9740987 0.09500636 0.20519505 23.655027 -0.18508022 0.18635339 -0.9648925 -18.497566 -0.12990971 -0.97787833 -0.16394258 3.221565 0 0 0 1 -0.9672692 0.12140336 0.22282661 23.655027 -0.19490594 0.20684361 -0.95876354 -18.497566 -0.16248737 -0.9708126 -0.17641139 3.221565 0 0 0 1 -0.9573622 0.16298246 0.23852648 23.655027 -0.20237353 0.21086377 -0.95633763 -18.497566 -0.20616286 -0.9638327 -0.16888988 3.221565 0 0 0 1 -0.9451053 0.21023864 0.25015107 23.655027 -0.20713916 0.20661032 -0.95624554 -18.497566 -0.25272354 -0.9555689 -0.15171981 3.221565 0 0 0 1 -0.9312848 0.2579882 0.25719786 23.655027 -0.21041004 0.1954121 -0.95788395 -18.497566 -0.29738235 -0.94617975 -0.12770104 3.221565 0 0 0 1 -0.9177513 0.3020745 0.25784454 23.655027 -0.21136522 0.17815644 -0.96103334 -18.497566 -0.33624032 -0.93648887 -0.09965539 3.221565 0 0 0 1 -0.90696895 0.33769232 0.25173673 23.655027 -0.20984119 0.15594554 -0.965219 -18.497566 -0.36520424 -0.9282483 -0.07057607 3.221565 0 0 0 1 -0.90164447 0.36020237 0.23935571 23.655027 -0.20547324 0.1302104 -0.9699618 -18.497566 -0.38054916 -0.9237421 -0.043391466 3.221565 0 0 0 1 -0.9041369 0.36550587 0.22122753 23.655027 -0.19705296 0.1026904 -0.97499985 -18.497566 -0.37908614 -0.9251271 -0.020822048 3.221565 0 0 0 1 -0.91593385 0.3470854 0.20148663 23.655027 -0.18700919 0.07509619 -0.9794836 -18.497566 -0.35509533 -0.9348221 -0.0038750172 3.221565 0 0 0 1 -0.93367755 0.30799028 0.1827254 23.655027 -0.17600274 0.049721003 -0.9831333 -18.497566 -0.31188077 -0.95008945 0.007783532 3.221565 0 0 0 1 -0.9525074 0.25409356 0.16782656 23.655027 -0.16579351 0.029556215 -0.98571736 -18.497566 -0.25542477 -0.9667278 0.013974726 3.221565 0 0 0 1 -0.96841526 0.19259152 0.15836841 23.655027 -0.15809569 0.016883373 -0.98727953 -18.497566 -0.19281545 -0.9811338 0.014097631 3.221565 0 0 0 1 -0.9795909 0.12940867 0.15380086 23.655027 -0.15332244 0.01371187 -0.988081 -18.497566 -0.12997513 -0.99149644 0.0064094663 3.221565 0 0 0 1 -0.9850116 0.07178952 0.15683718 23.655027 -0.15529633 0.026599169 -0.9875096 -18.497566 -0.07506457 -0.99706495 -0.015051603 3.221565 0 0 0 1 -0.9863614 0.023404337 0.16292062 23.655027 -0.16149464 0.053543568 -0.98541987 -18.497566 -0.03178645 -0.99829113 -0.049033523 3.221565 0 0 0 1 -0.9854733 -0.008452974 0.16962004 23.655027 -0.16968459 0.090406775 -0.9813428 -18.497566 -0.0070395395 -0.99586904 -0.09052777 3.221565 0 0 0 1 -0.98384356 -0.017064527 0.17821513 23.655027 -0.17888959 0.133156 -0.9748169 -18.497566 -0.007095635 -0.9909482 -0.13405728 3.221565 0 0 0 1 -0.9815533 -0.005583234 0.19110693 23.655027 -0.18907371 0.17660719 -0.9659508 -18.497566 -0.02835773 -0.9842655 -0.17440498 3.221565 0 0 0 1 -0.9781034 0.018255673 0.20731652 23.655027 -0.19860032 0.21593833 -0.95599604 -18.497566 -0.062219918 -0.9762362 -0.20758426 3.221565 0 0 0 1 -0.9731238 0.04917501 0.22497174 23.655027 -0.20654987 0.24557298 -0.9471173 -18.497566 -0.10182149 -0.9681301 -0.22881603 3.221565 0 0 0 1 -0.9667461 0.0851297 0.2411534 23.655027 -0.2119278 0.26110715 -0.9417588 -18.497566 -0.14313851 -0.96154875 -0.23438299 3.221565 0 0 0 1 -0.9592427 0.123977706 0.25393534 23.655027 -0.21493967 0.2632724 -0.9404726 -18.497566 -0.1834518 -0.95672214 -0.22589445 3.221565 0 0 0 1 -0.9515203 0.16273458 0.26101077 23.655027 -0.21523483 0.25393844 -0.94296837 -18.497566 -0.21973424 -0.9534321 -0.2066015 3.221565 0 0 0 1 -0.94497204 0.19802675 0.26041144 23.655027 -0.2121518 0.23500848 -0.94855833 -18.497566 -0.24903882 -0.95160747 -0.18006504 3.221565 0 0 0 1 -0.9412365 0.22632942 0.25069618 23.655027 -0.20456195 0.2086156 -0.9563649 -18.497566 -0.26875263 -0.9514486 -0.15005815 3.221565 0 0 0 1 -0.94148684 0.24287209 0.2336995 23.655027 -0.1939202 0.17678678 -0.9649566 -18.497566 -0.275676 -0.95381314 -0.11934459 3.221565 0 0 0 1 -0.9464488 0.24242191 0.21322846 23.655027 -0.18284015 0.14186513 -0.97285336 -18.497566 -0.26609066 -0.9597426 -0.08994365 3.221565 0 0 0 1 -0.9559357 0.22152251 0.192653 23.655027 -0.17269018 0.10638982 -0.9792138 -18.497566 -0.23741421 -0.9693344 -0.063447356 3.221565 0 0 0 1 -0.9671457 0.18443933 0.17496112 23.655027 -0.1640257 0.07308823 -0.9837447 -18.497566 -0.19422883 -0.9801225 -0.040434122 3.221565 0 0 0 1 -0.9770659 0.13745236 0.16262919 23.655027 -0.15787703 0.04486978 -0.9864387 -18.497566 -0.14288545 -0.9894914 -0.022139788 3.221565 0 0 0 1 -0.98358464 0.08670617 0.1582513 23.655027 -0.15673935 0.024020016 -0.9873479 -18.497566 -0.089410365 -0.9959443 -0.010035515 3.221565 0 0 0 1 -0.98604465 0.03928075 0.16178207 23.655027 -0.16138273 0.013153732 -0.9868043 -18.497566 -0.04089047 -0.99914175 -0.006631136 3.221565 0 0 0 1 -0.9852555 0.0023819432 0.171074 23.655027 -0.17102471 0.014035523 -0.98516685 -18.497566 -0.0047477335 -0.99989873 -0.013421297 3.221565 0 0 0 1 -0.98303866 -0.018740468 0.1824386 23.655027 -0.1828765 0.025157452 -0.98281395 -18.497566 0.01382871 -0.9995078 -0.02815795 3.221565 0 0 0 1 -0.98083115 -0.021421716 0.19367823 23.655027 -0.19446903 0.044736683 -0.9798879 -18.497566 0.012326367 -0.9987691 -0.04804504 3.221565 0 0 0 1 -0.9787617 -0.008851767 0.20481122 23.655027 -0.20492344 0.06997287 -0.9762738 -18.497566 -0.005689509 -0.9975097 -0.07030094 3.221565 0 0 0 1 -0.9765954 0.014504299 0.21459565 23.655027 -0.21218894 0.098213434 -0.97228086 -18.497566 -0.03517843 -0.9950597 -0.092837214 3.221565 0 0 0 1 -0.9741503 0.04430738 0.22151163 23.655027 -0.21447724 0.12645316 -0.96850854 -18.497566 -0.07092289 -0.99098235 -0.1136812 3.221565 0 0 0 1 -0.9712782 0.07717548 0.22508395 23.655027 -0.21159135 0.15258789 -0.9653736 -18.497566 -0.10884827 -0.985272 -0.13187575 3.221565 0 0 0 1 -0.9680872 0.110706866 0.22483405 23.655027 -0.20370963 0.17494768 -0.9632733 -18.497566 -0.14597514 -0.97833383 -0.1468122 3.221565 0 0 0 1 -0.965204 0.14028752 0.22068366 23.655027 -0.19236189 0.19076777 -0.96260315 -18.497566 -0.17714053 -0.9715592 -0.15714407 3.221565 0 0 0 1 -0.9639373 0.1592967 0.21318962 23.655027 -0.18037726 0.19793648 -0.96347564 -18.497566 -0.19567649 -0.9671845 -0.16206491 3.221565 0 0 0 1 -0.96571946 0.16206266 0.2027856 23.655027 -0.17010386 0.19501907 -0.96593595 -18.497566 -0.19608922 -0.9673176 -0.16076636 3.221565 0 0 0 1 -0.9703244 0.14892197 0.19050604 23.655027 -0.16216934 0.18361473 -0.9695291 -18.497566 -0.1793639 -0.9716521 -0.15401518 3.221565 0 0 0 1 -0.9762678 0.122749776 0.17842092 23.655027 -0.1570538 0.16597843 -0.97354275 -18.497566 -0.14911617 -0.9784599 -0.14276123 3.221565 0 0 0 1 -0.9816563 0.08713274 0.1695856 23.655027 -0.15608788 0.14351505 -0.9772616 -18.497566 -0.109489575 -0.985805 -0.12728226 3.221565 0 0 0 1 -0.98515296 0.047331393 0.1650263 23.655027 -0.15855886 0.117717266 -0.98030704 -18.497566 -0.06582576 -0.9919186 -0.10846484 3.221565 0 0 0 1 -0.98625195 0.009966359 0.16494738 23.655027 -0.1634005 0.09003413 -0.9824429 -18.497566 -0.024642259 -0.99588877 -0.08716774 3.221565 0 0 0 1 -0.98522043 -0.019138865 0.17021948 23.655027 -0.17109174 0.06190622 -0.9833084 -18.497566 0.0082817525 -0.9978985 -0.06426585 3.221565 0 0 0 1 -0.98348904 -0.033393636 0.17786023 23.655027 -0.17901678 0.035590112 -0.98320216 -18.497566 0.026502632 -0.99880844 -0.040980577 3.221565 0 0 0 1 -0.98164606 -0.035142526 0.18744639 23.655027 -0.18795128 0.01163125 -0.9821095 -18.497566 0.032333568 -0.9993146 -0.018022895 3.221565 0 0 0 1 -0.97994494 -0.029833369 0.19702235 23.655027 -0.19686005 -0.008312106 -0.9803964 -18.497566 0.030886196 -0.9995203 0.002272427 3.221565 0 0 0 1 -0.9785466 -0.020908676 0.20495963 23.655027 -0.20448405 -0.022816062 -0.9786037 -18.497566 0.025137715 -0.9995208 0.018051445 3.221565 0 0 0 1 -0.9774704 -0.008263692 0.21091074 23.655027 -0.21058397 -0.029769778 -0.9771224 -18.497566 0.0143533945 -0.9995227 0.02735883 3.221565 0 0 0 1 -0.97673297 0.0071267933 0.21434054 23.655027 -0.21445419 -0.025778294 -0.9763938 -18.497566 -0.001433216 -0.99964225 0.026706934 3.221565 0 0 0 1 -0.97621286 0.024926499 0.21537778 23.655027 -0.21564868 -0.008713245 -0.9764322 -18.497566 -0.02246242 -0.99965143 0.013881087 3.221565 0 0 0 1 -0.9755423 0.045394234 0.21507311 23.655027 -0.21441558 0.018945992 -0.97655874 -18.497566 -0.048404902 -0.9987895 -0.008749366 3.221565 0 0 0 1 -0.9743099 0.06776922 0.21477284 23.655027 -0.21140167 0.053596675 -0.97592854 -18.497566 -0.07764901 -0.9962603 -0.037893176 3.221565 0 0 0 1 -0.9721389 0.09140565 0.2158504 23.655027 -0.20762753 0.09162933 -0.97390705 -18.497566 -0.10879885 -0.99158925 -0.07009828 3.221565 0 0 0 1 -0.9688617 0.115809605 0.21884945 23.655027 -0.20366843 0.12988496 -0.970386 -18.497566 -0.14080527 -0.98474264 -0.102253795 3.221565 0 0 0 1 -0.96452427 0.14094679 0.22321962 23.655027 -0.19926845 0.16591758 -0.96579677 -18.497566 -0.17316203 -0.97601503 -0.13194525 3.221565 0 0 0 1 -0.9592297 0.16673006 0.2282111 23.655027 -0.1944658 0.19657981 -0.96100974 -18.497566 -0.20509091 -0.966208 -0.15614223 3.221565 0 0 0 1 -0.9532162 0.19302985 0.23263392 23.655027 -0.18943924 0.21825814 -0.95732766 -18.497566 -0.23556706 -0.95661014 -0.17147982 3.221565 0 0 0 1 -0.9467895 0.21966654 0.23523678 23.655027 -0.18450561 0.22843158 -0.95591676 -18.497566 -0.26371843 -0.9484544 -0.17574704 3.221565 0 0 0 1 -0.94022584 0.24622087 0.23526698 23.655027 -0.17978843 0.22783834 -0.9569565 -18.497566 -0.28922552 -0.94205356 -0.16995168 3.221565 0 0 0 1 -0.93382704 0.27216595 0.23214898 23.655027 -0.17524529 0.2176984 -0.96015453 -18.497566 -0.31185982 -0.93730104 -0.15559697 3.221565 0 0 0 1 -0.9280033 0.29647636 0.22563636 23.655027 -0.17095828 0.19924575 -0.964922 -18.497566 -0.33103365 -0.9340251 -0.13421571 3.221565 0 0 0 1 -0.92324114 0.3179404 0.21573135 23.655027 -0.16693619 0.1737805 -0.97053224 -18.497566 -0.34606132 -0.9320485 -0.10736573 3.221565 0 0 0 1 -0.9199631 0.33566016 0.20248504 23.655027 -0.16278161 0.14278758 -0.9762755 -18.497566 -0.35660917 -0.9310983 -0.07672012 3.221565 0 0 0 1 -0.91818976 0.3493471 0.1867736 23.655027 -0.15853083 0.108038545 -0.98142534 -18.497566 -0.36303687 -0.930744 -0.04381764 3.221565 0 0 0 1 -0.9175286 0.35957256 0.16984862 23.655027 -0.15454707 0.07111585 -0.9854225 -18.497566 -0.36640984 -0.9304031 -0.009679794 3.221565 0 0 0 1 -0.9175286 0.35957256 0.16984862 23.655027 -0.15454707 0.07111585 -0.9854225 -18.497566 -0.36640984 -0.9304031 -0.009679794 3.221565 0 0 0 1</float_array>
        <technique_common>
          <accessor source="#Motion_55_LHair_transform_pose_array_id" count="86" stride="16">
            <param name="TRANSFORM" type="float4x4" />
          </accessor>
        </technique_common>
      </source>
      <sampler id="Motion_55_LHair_transform_samp_id">
        <input semantic="INPUT" source="#Motion_55_LHair_transform_frame_id" />
        <input semantic="INTERPOLATION" source="#Motion_55_LHair_transform_interp_id" />
        <input semantic="OUTPUT" source="#Motion_55_LHair_transform_pose_id" />
      </sampler>
      <channel source="#Motion_55_LHair_transform_samp_id" target="LHair_bone_id/transform" />
    </animation>
  </library_animations>
  <library_visual_scenes>
    <visual_scene id="tr0015_00_fi_00_clip_id" name="tr0015_00_fi_00_clip">
      <node id="tr0015_00_fi_bone_id" name="tr0015_00_fi" sid="tr0015_00_fi" type="JOINT">
        <matrix sid="transform">1 0 0 0 0 1 0 0 0 0 1 0 0 0 0 1</matrix>
        <node id="Origin_bone_id" name="Origin" sid="Origin" type="JOINT">
          <matrix sid="transform">1 0 0 0 0 1 0 0 0 0 1 0 0 0 0 1</matrix>
          <node id="Waist_bone_id" name="Waist" sid="Waist" type="JOINT">
            <matrix sid="transform">3.1391647E-07 -1 0 0 1 3.1391647E-07 0 96.82974 0 0 1 0 0 0 0 1</matrix>
            <node id="Spine2_bone_id" name="Spine2" sid="Spine2" type="JOINT">
              <matrix sid="transform">1 0 0 13.194138 0 1 0 0 0 0 1 0 0 0 0 1</matrix>
              <node id="Spine3_bone_id" name="Spine3" sid="Spine3" type="JOINT">
                <matrix sid="transform">0.9919065 0 0.12697035 13.19413 0 1 0 0 -0.12697035 0 0.9919065 0 0 0 0 1</matrix>
                <node id="Neck_bone_id" name="Neck" sid="Neck" type="JOINT">
                  <matrix sid="transform">0.9441987 0 -0.32937634 17.141743 0 1 0 0 0.32937634 0 0.9441987 0 0 0 0 1</matrix>
                  <node id="Head_bone_id" name="Head" sid="Head" type="JOINT">
                    <matrix sid="transform">0.9783777 0 0.2068263 5.59379 0 1 0 0 -0.2068263 0 0.9783777 0 0 0 0 1</matrix>
                    <node id="LHair_bone_id" name="LHair" sid="LHair" type="JOINT">
                      <matrix sid="transform">-0.9534029 0.26206163 0.14948809 23.655027 -0.15490164 3.6247735E-07 -0.9879299 -18.497566 -0.2588986 -0.9650511 0.040593434 3.221565 0 0 0 1</matrix>
                    </node>
                    <node id="RHair_bone_id" name="RHair" sid="RHair" type="JOINT">
                      <matrix sid="transform">-0.9534033 -0.26206088 0.14948684 23.655146 0.15490031 3.1319223E-07 0.9879301 18.4976 -0.25889787 0.96505135 0.040593013 3.221567 0 0 0 1</matrix>
                    </node>
                    <node id="Loc_Eye_bone_id" name="Loc_Eye" sid="Loc_Eye" type="JOINT">
                      <matrix sid="transform">3.1391647E-07 1 0 10.174804 -1 3.1391647E-07 0 0 0 0 1 13.689274 0 0 0 1</matrix>
                    </node>
                    <node id="Loc_Mouth_bone_id" name="Loc_Mouth" sid="Loc_Mouth" type="JOINT">
                      <matrix sid="transform">3.1391647E-07 1 0 1.010448 -1 3.1391647E-07 0 0 0 0 1 12.530409 0 0 0 1</matrix>
                    </node>
                    <node id="Loc_Head_bone_id" name="Loc_Head" sid="Loc_Head" type="JOINT">
                      <matrix sid="transform">3.1391647E-07 1 0 32.416454 -1 3.1391647E-07 0 0 0 0 1 1.019547 0 0 0 1</matrix>
                    </node>
                  </node>
                </node>
                <node id="LShoulder_bone_id" name="LShoulder" sid="LShoulder" type="JOINT">
                  <matrix sid="transform">-0.58871424 0.79830706 -0.12696993 15.41871 -0.8048209 -0.5935178 5.3519113E-07 -4.285372 -0.07535849 0.10218837 0.9919065 -0.220198 0 0 0 1</matrix>
                  <node id="LArm_bone_id" name="LArm" sid="LArm" type="JOINT">
                    <matrix sid="transform">0.8048213 -0.5935172 0 8.899508 0.5935172 0.8048213 0 0 0 0 1 0 0 0 0 1</matrix>
                    <node id="LForeArm_bone_id" name="LForeArm" sid="LForeArm" type="JOINT">
                      <matrix sid="transform">1 0 0 24.970732 0 1 0 0 0 0 1 0 0 0 0 1</matrix>
                      <node id="LHand_bone_id" name="LHand" sid="LHand" type="JOINT">
                        <matrix sid="transform">1 0 0 24.970737 0 1 0 0 0 0 1 0 0 0 0 1</matrix>
                      </node>
                    </node>
                  </node>
                </node>
                <node id="RShoulder_bone_id" name="RShoulder" sid="RShoulder" type="JOINT">
                  <matrix sid="transform">-0.58871174 -0.79830885 -0.12696993 15.41874 0.8048227 -0.5935153 -1.4453335E-07 4.285369 -0.07535849 -0.10218837 0.9919065 -0.220194 0 0 0 1</matrix>
                  <node id="RArm_bone_id" name="RArm" sid="RArm" type="JOINT">
                    <matrix sid="transform">0.8048225 0.59351563 0 8.899513 -0.59351563 0.8048225 0 0 0 0 1 0 0 0 0 1</matrix>
                    <node id="RForeArm_bone_id" name="RForeArm" sid="RForeArm" type="JOINT">
                      <matrix sid="transform">1 0 0 24.9707 0 1 0 0 0 0 1 0 0 0 0 1</matrix>
                      <node id="RHand_bone_id" name="RHand" sid="RHand" type="JOINT">
                        <matrix sid="transform">1 0 0 24.970798 0 1 0 0 0 0 1 0 0 0 0 1</matrix>
                      </node>
                    </node>
                  </node>
                </node>
              </node>
            </node>
            <node id="Hips_bone_id" name="Hips" sid="Hips" type="JOINT">
              <matrix sid="transform">-1 -3.2584137E-07 0 -0.010002 3.2584137E-07 -1 0 0 0 0 1 0 0 0 0 1</matrix>
              <node id="LThigh_bone_id" name="LThigh" sid="LThigh" type="JOINT">
                <matrix sid="transform">1 0 0 11.461266 0 1 0 7.851056 0 0 1 0 0 0 0 1</matrix>
                <node id="LLeg_bone_id" name="LLeg" sid="LLeg" type="JOINT">
                  <matrix sid="transform">1 0 0 36.965405 0 1 0 0 0 0 1 0 0 0 0 1</matrix>
                  <node id="LFoot_bone_id" name="LFoot" sid="LFoot" type="JOINT">
                    <matrix sid="transform">3.1391647E-07 0 -1 36.96541 0 1 0 4E-06 1 0 3.1391647E-07 0 0 0 0 1</matrix>
                  </node>
                </node>
              </node>
              <node id="RThigh_bone_id" name="RThigh" sid="RThigh" type="JOINT">
                <matrix sid="transform">1 0 0 11.461266 0 1 0 -7.85106 0 0 1 0 0 0 0 1</matrix>
                <node id="RLeg_bone_id" name="RLeg" sid="RLeg" type="JOINT">
                  <matrix sid="transform">1 0 0 36.965405 0 1 0 0 0 0 1 0 0 0 0 1</matrix>
                  <node id="RFoot_bone_id" name="RFoot" sid="RFoot" type="JOINT">
                    <matrix sid="transform">3.1391647E-07 0 -1 36.96541 0 1 0 0 1 0 3.1391647E-07 0 0 0 0 1</matrix>
                  </node>
                </node>
              </node>
            </node>
          </node>
          <node id="CamTgtHead_bone_id" name="CamTgtHead" sid="CamTgtHead" type="JOINT">
            <matrix sid="transform">1 0 0 0 0 1 0 155.86865 0 0 1 0 0 0 0 1</matrix>
          </node>
          <node id="CamTgtBust_bone_id" name="CamTgtBust" sid="CamTgtBust" type="JOINT">
            <matrix sid="transform">1 0 0 0 0 1 0 123.21801 0 0 1 0 0 0 0 1</matrix>
          </node>
          <node id="CamTgtBody_bone_id" name="CamTgtBody" sid="CamTgtBody" type="JOINT">
            <matrix sid="transform">1 0 0 0 0 1 0 96.82974 0 0 1 0 0 0 0 1</matrix>
          </node>
          <node id="CamTgtFoot_bone_id" name="CamTgtFoot" sid="CamTgtFoot" type="JOINT">
            <matrix sid="transform">1 0 0 0 0 1 0 0 0 0 1 0 0 0 0 1</matrix>
          </node>
        </node>
        <node id="tr0015_00_fi_FaceSkin_bone_id" name="tr0015_00_fi_FaceSkin" sid="tr0015_00_fi_FaceSkin" type="JOINT">
          <matrix sid="transform">1 0 0 0 0 1 0 0 0 0 1 0 0 0 0 1</matrix>
        </node>
        <node id="tr0015_00_fi_BottomSkin_bone_id" name="tr0015_00_fi_BottomSkin" sid="tr0015_00_fi_BottomSkin" type="JOINT">
          <matrix sid="transform">1 0 0 0 0 1 0 0 0 0 1 0 0 0 0 1</matrix>
        </node>
        <node id="tr0015_00_fi_HairSkin_bone_id" name="tr0015_00_fi_HairSkin" sid="tr0015_00_fi_HairSkin" type="JOINT">
          <matrix sid="transform">1 0 0 0 0 1 0 0 0 0 1 0 0 0 0 1</matrix>
        </node>
        <node id="tr0015_00_fi_HeadSkin_bone_id" name="tr0015_00_fi_HeadSkin" sid="tr0015_00_fi_HeadSkin" type="JOINT">
          <matrix sid="transform">1 0 0 0 0 1 0 0 0 0 1 0 0 0 0 1</matrix>
        </node>
        <node id="tr0015_00_fi_PartsSkin_bone_id" name="tr0015_00_fi_PartsSkin" sid="tr0015_00_fi_PartsSkin" type="JOINT">
          <matrix sid="transform">1 0 0 0 0 1 0 0 0 0 1 0 0 0 0 1</matrix>
        </node>
        <node id="tr0015_00_fi_BodySkin_bone_id" name="tr0015_00_fi_BodySkin" sid="tr0015_00_fi_BodySkin" type="JOINT">
          <matrix sid="transform">1 0 0 0 0 1 0 0 0 0 1 0 0 0 0 1</matrix>
        </node>
      </node>
    </visual_scene>
  </library_visual_scenes>
  <scene>
    <instance_visual_scene url="#tr0015_00_fi_00_clip_id" />
  </scene>
</COLLADA>