<?xml version="1.0" encoding="utf-8"?>
<COLLADA xmlns:xsi="http://www.w3.org/2001/XMLSchema-instance" xmlns:xsd="http://www.w3.org/2001/XMLSchema" version="1.4.1" xmlns="http://www.collada.org/2005/11/COLLADASchema">
  <asset>
    <created>2026-02-17T05:46:46.2344923-05:00</created>
    <modified>2026-02-17T05:46:46.2344925-05:00</modified>
    <up_axis>Y_UP</up_axis>
  </asset>
  <library_animations>
    <animation id="Motion_31_Waist_transform_id" name="Motion_31_Waist_transform">
      <source id="Motion_31_Waist_transform_frame_id" name="Motion_31_Waist_transform_frame">
        <float_array id="Motion_31_Waist_transform_frame_array_id" count="17">0 0.033333335 0.06666667 0.1 0.13333334 0.16666667 0.2 0.23333333 0.26666668 0.3 0.33333334 0.36666667 0.4 0.43333334 0.46666667 0.5 0.53333336</float_array>
        <technique_common>
          <accessor source="#Motion_31_Waist_transform_frame_array_id" count="17" stride="1">
            <param name="TIME" type="float" />
          </accessor>
        </technique_common>
      </source>
      <source id="Motion_31_Waist_transform_interp_id" name="Motion_31_Waist_transform_interp">
        <Name_array id="Motion_31_Waist_transform_interp_array_id" count="17">LINEAR LINEAR LINEAR LINEAR LINEAR LINEAR LINEAR LINEAR LINEAR LINEAR LINEAR LINEAR LINEAR LINEAR LINEAR LINEAR LINEAR</Name_array>
        <technique_common>
          <accessor source="#Motion_31_Waist_transform_interp_array_id" count="17" stride="1">
            <param name="INTERPOLATION" type="Name" />
          </accessor>
        </technique_common>
      </source>
      <source id="Motion_31_Waist_transform_pose_id" name="Motion_31_Waist_transform_pose">
        <float_array id="Motion_31_Waist_transform_pose_array_id" count="272">0.029251933 -0.77650464 -0.6294321 -0.0002862215 0.988533 -0.07085371 0.1333499 89.11291 -0.14814445 -0.62611514 0.76552796 1.5155096 0 0 0 1 0.026416004 -0.7569874 -0.6528952 -0.47613037 0.99034935 -0.069072604 0.12015426 88.97003 -0.13605246 -0.64976835 0.74785745 0.19740486 0 0 0 1 0.007845998 -0.78069985 -0.62485695 -1.2112485 0.9922857 -0.071235776 0.10146204 88.6847 -0.12372357 -0.6208327 0.77411836 -3.073195 0 0 0 1 -0.0042603016 -0.80598664 -0.5919184 -1.0980669 0.9929466 -0.0735445 0.09299542 88.547325 -0.11848545 -0.5873472 0.8006151 -6.987281 0 0 0 1 -0.0119742155 -0.81866515 -0.5741464 0.5250046 0.9921633 -0.081146 0.09501243 88.852554 -0.12437303 -0.5685093 0.8132211 -9.316353 0 0 0 1 -0.023308992 -0.8327076 -0.5532222 2.729075 0.9902608 -0.09520745 0.101583034 89.41943 -0.13725981 -0.5454664 0.82681686 -10.019645 0 0 0 1 -0.030907154 -0.8488266 -0.52776724 5.145541 0.9877508 -0.1067363 0.113823116 89.724686 -0.15294796 -0.5177846 0.84172803 -9.427944 0 0 0 1 -0.035812497 -0.8729414 -0.48650903 7.5758142 0.9846417 -0.11406076 0.13217832 89.54107 -0.1708755 -0.47430336 0.8636191 -7.87497 0 0 0 1 -0.035441875 -0.8920443 -0.45055622 9.189253 0.9821322 -0.11446881 0.14937687 89.15477 -0.18482535 -0.43721157 0.8801623 -5.7212987 0 0 0 1 -0.030105352 -0.90059936 -0.4336063 9.309819 0.98120224 -0.109356046 0.15900727 88.85027 -0.19061932 -0.42066854 0.88696235 -3.3253837 0 0 0 1 -0.024106741 -0.90699404 -0.42045316 8.449158 0.98039764 -0.10371566 0.16752242 88.71625 -0.19554934 -0.40817285 0.8917149 -1.0435658 0 0 0 1 -0.016631007 -0.90860903 -0.4173164 6.996037 0.9798826 -0.09783018 0.17395192 88.681076 -0.19888046 -0.4060281 0.8919573 0.7674303 0 0 0 1 -0.006910801 -0.9026524 -0.4303151 5.1745143 0.97982836 -0.09205985 0.17737377 88.67996 -0.19972154 -0.42040914 0.88508046 1.750412 0 0 0 1 0.0035365224 -0.8883936 -0.45906878 3.3190637 0.9810737 -0.0857954 0.17358981 88.74368 -0.1936021 -0.4509942 0.8712763 2.0346365 0 0 0 1 0.011318147 -0.8658228 -0.5002227 1.6550193 0.9836551 -0.08026445 0.161184 88.89651 -0.17970689 -0.49387085 0.8507626 1.94294 0 0 0 1 0.017958581 -0.8313687 -0.5554311 0.45789826 0.9864254 -0.075957656 0.14558716 89.04867 -0.16322578 -0.5505059 0.8187189 1.6961899 0 0 0 1 0.017958581 -0.8313687 -0.5554311 0.45789826 0.9864254 -0.075957656 0.14558716 89.04867 -0.16322578 -0.5505059 0.8187189 1.6961899 0 0 0 1</float_array>
        <technique_common>
          <accessor source="#Motion_31_Waist_transform_pose_array_id" count="17" stride="16">
            <param name="TRANSFORM" type="float4x4" />
          </accessor>
        </technique_common>
      </source>
      <sampler id="Motion_31_Waist_transform_samp_id">
        <input semantic="INPUT" source="#Motion_31_Waist_transform_frame_id" />
        <input semantic="INTERPOLATION" source="#Motion_31_Waist_transform_interp_id" />
        <input semantic="OUTPUT" source="#Motion_31_Waist_transform_pose_id" />
      </sampler>
      <channel source="#Motion_31_Waist_transform_samp_id" target="Waist_bone_id/transform" />
    </animation>
    <animation id="Motion_31_Hips_transform_id" name="Motion_31_Hips_transform">
      <source id="Motion_31_Hips_transform_frame_id" name="Motion_31_Hips_transform_frame">
        <float_array id="Motion_31_Hips_transform_frame_array_id" count="17">0 0.033333335 0.06666667 0.1 0.13333334 0.16666667 0.2 0.23333333 0.26666668 0.3 0.33333334 0.36666667 0.4 0.43333334 0.46666667 0.5 0.53333336</float_array>
        <technique_common>
          <accessor source="#Motion_31_Hips_transform_frame_array_id" count="17" stride="1">
            <param name="TIME" type="float" />
          </accessor>
        </technique_common>
      </source>
      <source id="Motion_31_Hips_transform_interp_id" name="Motion_31_Hips_transform_interp">
        <Name_array id="Motion_31_Hips_transform_interp_array_id" count="17">LINEAR LINEAR LINEAR LINEAR LINEAR LINEAR LINEAR LINEAR LINEAR LINEAR LINEAR LINEAR LINEAR LINEAR LINEAR LINEAR LINEAR</Name_array>
        <technique_common>
          <accessor source="#Motion_31_Hips_transform_interp_array_id" count="17" stride="1">
            <param name="INTERPOLATION" type="Name" />
          </accessor>
        </technique_common>
      </source>
      <source id="Motion_31_Hips_transform_pose_id" name="Motion_31_Hips_transform_pose">
        <float_array id="Motion_31_Hips_transform_pose_array_id" count="272">-0.99402237 -0.109176874 0 -0.010101 0.109176874 -0.99402237 0 0 0 0 1 0 0 0 0 1 -0.9939307 -0.109602734 -0.009432031 -0.010101 0.109904766 -0.9930533 -0.04202324 0 -0.004760648 -0.042804815 0.99907213 0 0 0 0 1 -0.9934459 -0.1099458 -0.031273916 -0.010101 0.11315305 -0.98467386 -0.13272025 0 -0.016202562 -0.13538907 0.99066 0 0 0 0 1 -0.99240327 -0.10954505 -0.05600277 -0.010101 0.11925088 -0.9684411 -0.2188646 0 -0.030259836 -0.22388025 0.9741468 0 0 0 0 1 -0.99124753 -0.10913004 -0.07429274 -0.010101 0.124788985 -0.9581902 -0.2574873 0 -0.04308697 -0.2645045 0.96342146 0 0 0 0 1 -0.9904213 -0.109296195 -0.08437988 -0.010101 0.12816718 -0.95504534 -0.26732293 0 -0.051369235 -0.27557704 0.95990545 0 0 0 0 1 -0.9906312 -0.107581005 -0.08411875 -0.010101 0.12603198 -0.9574084 -0.25977883 0 -0.052588735 -0.2679467 0.9619974 0 0 0 0 1 -0.99196017 -0.10156532 -0.07549846 -0.010101 0.116809025 -0.9643605 -0.23741294 0 -0.0486948 -0.24432303 0.9684705 0 0 0 0 1 -0.9936907 -0.09376559 -0.061537456 -0.010101 0.10407242 -0.97540784 -0.19429009 0 -0.04180639 -0.1994686 0.979012 0 0 0 0 1 -0.99537504 -0.08444957 -0.0457884 -0.010101 0.09009779 -0.98604476 -0.1399927 0 -0.033327095 -0.14347069 0.98909324 0 0 0 0 1 -0.99664605 -0.07571759 -0.031045368 -0.010101 0.07811319 -0.99331117 -0.08503918 0 -0.024398742 -0.087179005 0.99589384 0 0 0 0 1 -0.9973401 -0.070419684 -0.018830085 -0.010101 0.07116036 -0.99657714 -0.042083208 0 -0.01580214 -0.043311212 0.99893665 0 0 0 0 1 -0.99755037 -0.06917175 -0.010434014 -0.010101 0.0694003 -0.9973142 -0.023416463 0 -0.00878623 -0.02408322 0.99967134 0 0 0 0 1 -0.99735665 -0.07242899 -0.005762684 -0.010101 0.072538674 -0.9971249 -0.021895451 0 -0.0041602524 -0.022255598 0.99974364 0 0 0 0 1 -0.99676275 -0.0803431 -0.0030312713 -0.010101 0.08038309 -0.99662054 -0.01691817 0 -0.0016617689 -0.017107064 0.9998523 0 0 0 0 1 -0.9956908 -0.09272626 -0.0013904265 -0.010101 0.09273517 -0.9956484 -0.009204914 0 -0.0005308385 -0.009294189 0.99995667 0 0 0 0 1 -0.9956908 -0.09272626 -0.0013904265 -0.010101 0.09273517 -0.9956484 -0.009204914 0 -0.0005308385 -0.009294189 0.99995667 0 0 0 0 1</float_array>
        <technique_common>
          <accessor source="#Motion_31_Hips_transform_pose_array_id" count="17" stride="16">
            <param name="TRANSFORM" type="float4x4" />
          </accessor>
        </technique_common>
      </source>
      <sampler id="Motion_31_Hips_transform_samp_id">
        <input semantic="INPUT" source="#Motion_31_Hips_transform_frame_id" />
        <input semantic="INTERPOLATION" source="#Motion_31_Hips_transform_interp_id" />
        <input semantic="OUTPUT" source="#Motion_31_Hips_transform_pose_id" />
      </sampler>
      <channel source="#Motion_31_Hips_transform_samp_id" target="Hips_bone_id/transform" />
    </animation>
    <animation id="Motion_31_RThigh_transform_id" name="Motion_31_RThigh_transform">
      <source id="Motion_31_RThigh_transform_frame_id" name="Motion_31_RThigh_transform_frame">
        <float_array id="Motion_31_RThigh_transform_frame_array_id" count="17">0 0.033333335 0.06666667 0.1 0.13333334 0.16666667 0.2 0.23333333 0.26666668 0.3 0.33333334 0.36666667 0.4 0.43333334 0.46666667 0.5 0.53333336</float_array>
        <technique_common>
          <accessor source="#Motion_31_RThigh_transform_frame_array_id" count="17" stride="1">
            <param name="TIME" type="float" />
          </accessor>
        </technique_common>
      </source>
      <source id="Motion_31_RThigh_transform_interp_id" name="Motion_31_RThigh_transform_interp">
        <Name_array id="Motion_31_RThigh_transform_interp_array_id" count="17">LINEAR LINEAR LINEAR LINEAR LINEAR LINEAR LINEAR LINEAR LINEAR LINEAR LINEAR LINEAR LINEAR LINEAR LINEAR LINEAR LINEAR</Name_array>
        <technique_common>
          <accessor source="#Motion_31_RThigh_transform_interp_array_id" count="17" stride="1">
            <param name="INTERPOLATION" type="Name" />
          </accessor>
        </technique_common>
      </source>
      <source id="Motion_31_RThigh_transform_pose_id" name="Motion_31_RThigh_transform_pose">
        <float_array id="Motion_31_RThigh_transform_pose_array_id" count="272">0.9814646 0.113577165 0.15436117 11.412994 -0.09539113 0.98811644 -0.12052542 -9.7364 -0.16621576 0.10356675 0.98063564 0 0 0 0 1 0.987181 0.09821387 0.12580802 11.412994 -0.07014938 0.9750252 -0.21072476 -9.7364 -0.14336209 0.19919814 0.969416 0 0 0 0 1 0.9950452 0.06288577 0.07700957 11.412994 -0.027492678 0.9183901 -0.39471987 -9.7364 -0.095547095 0.3906469 0.91556853 0 0 0 0 1 0.99896103 0.01830271 0.04173549 11.412994 0.007882593 0.83260804 -0.55380654 -9.7364 -0.044885468 0.55356014 0.83159876 0 0 0 0 1 0.9994061 0.0012320355 0.03443758 11.412994 0.020794582 0.7753303 -0.6312136 -9.7364 -0.027478175 0.6315548 0.77484417 0 0 0 0 1 0.99834937 0.00501041 0.057213828 11.412994 0.032504577 0.77199805 -0.6347932 -9.7364 -0.047349542 0.63560516 0.7705609 0 0 0 0 1 0.99586344 0.02271441 0.087977454 11.412994 0.033242024 0.81004477 -0.585425 -9.7364 -0.084563255 0.58592796 0.8059389 0 0 0 0 1 0.9940777 0.0655421 0.08668195 11.412994 -0.013449874 0.8657211 -0.50034595 -9.7364 -0.10783611 0.49621686 0.8614756 0 0 0 0 1 0.9905594 0.13625339 -0.015069947 11.412994 -0.13109756 0.9094261 -0.39466143 -9.7364 -0.04006895 0.3929112 0.918703 0 0 0 0 1 0.96959424 0.1967495 -0.14552204 11.412994 -0.23211412 0.9277684 -0.29217947 -9.7364 0.0775246 0.31707323 0.9452272 0 0 0 0 1 0.96313995 0.21900554 -0.15619849 11.412994 -0.24837358 0.94700074 -0.20371585 -9.7364 0.103305176 0.23500244 0.96648943 0 0 0 0 1 0.9784061 0.20090543 -0.048564993 11.412994 -0.20612492 0.9657979 -0.15731157 -9.7364 0.015299216 0.16392507 0.9863542 0 0 0 0 1 0.98123217 0.1865141 0.04894793 11.412994 -0.17869546 0.97491795 -0.1326761 -9.7364 -0.07246617 0.12143928 0.98995006 0 0 0 0 1 0.9763657 0.19423011 0.09478785 11.412994 -0.18124792 0.97475165 -0.13041624 -9.7364 -0.11772537 0.11015385 0.98691785 0 0 0 0 1 0.9740959 0.18533346 0.12957117 11.412994 -0.16573331 0.974921 -0.1485311 -9.7364 -0.15384942 0.12320928 0.9803825 0 0 0 0 1 0.9777858 0.15122335 0.14514269 11.412994 -0.12959702 0.9803972 -0.14841123 -9.7364 -0.16474073 0.12630434 0.9782166 0 0 0 0 1 0.9777858 0.15122335 0.14514269 11.412994 -0.12959702 0.9803972 -0.14841123 -9.7364 -0.16474073 0.12630434 0.9782166 0 0 0 0 1</float_array>
        <technique_common>
          <accessor source="#Motion_31_RThigh_transform_pose_array_id" count="17" stride="16">
            <param name="TRANSFORM" type="float4x4" />
          </accessor>
        </technique_common>
      </source>
      <sampler id="Motion_31_RThigh_transform_samp_id">
        <input semantic="INPUT" source="#Motion_31_RThigh_transform_frame_id" />
        <input semantic="INTERPOLATION" source="#Motion_31_RThigh_transform_interp_id" />
        <input semantic="OUTPUT" source="#Motion_31_RThigh_transform_pose_id" />
      </sampler>
      <channel source="#Motion_31_RThigh_transform_samp_id" target="RThigh_bone_id/transform" />
    </animation>
    <animation id="Motion_31_RLeg_transform_id" name="Motion_31_RLeg_transform">
      <source id="Motion_31_RLeg_transform_frame_id" name="Motion_31_RLeg_transform_frame">
        <float_array id="Motion_31_RLeg_transform_frame_array_id" count="17">0 0.033333335 0.06666667 0.1 0.13333334 0.16666667 0.2 0.23333333 0.26666668 0.3 0.33333334 0.36666667 0.4 0.43333334 0.46666667 0.5 0.53333336</float_array>
        <technique_common>
          <accessor source="#Motion_31_RLeg_transform_frame_array_id" count="17" stride="1">
            <param name="TIME" type="float" />
          </accessor>
        </technique_common>
      </source>
      <source id="Motion_31_RLeg_transform_interp_id" name="Motion_31_RLeg_transform_interp">
        <Name_array id="Motion_31_RLeg_transform_interp_array_id" count="17">LINEAR LINEAR LINEAR LINEAR LINEAR LINEAR LINEAR LINEAR LINEAR LINEAR LINEAR LINEAR LINEAR LINEAR LINEAR LINEAR LINEAR</Name_array>
        <technique_common>
          <accessor source="#Motion_31_RLeg_transform_interp_array_id" count="17" stride="1">
            <param name="INTERPOLATION" type="Name" />
          </accessor>
        </technique_common>
      </source>
      <source id="Motion_31_RLeg_transform_pose_id" name="Motion_31_RLeg_transform_pose">
        <float_array id="Motion_31_RLeg_transform_pose_array_id" count="272">0.97329295 0 0.22956651 34.643 0 1 0 0 -0.22956651 0 0.97329295 0 0 0 0 1 0.96333975 0 0.26828435 34.643 0 1 0 0 -0.26828435 0 0.96333975 0 0 0 0 1 0.9422333 0 0.33495727 34.643 0 1 0 0 -0.33495727 0 0.9422333 0 0 0 0 1 0.92821276 0 0.37204978 34.643 0 1 0 0 -0.37204978 0 0.92821276 0 0 0 0 1 0.93649507 0 0.35068077 34.643 0 1 0 0 -0.35068077 0 0.93649507 0 0 0 0 1 0.9588954 0 0.28375986 34.643 0 1 0 0 -0.28375986 0 0.9588954 0 0 0 0 1 0.97151864 0 0.23696324 34.643 0 1 0 0 -0.23696324 0 0.97151864 0 0 0 0 1 0.94617677 0 0.32365033 34.643 0 1 0 0 -0.32365033 0 0.94617677 0 0 0 0 1 0.8226651 0 0.56852627 34.643 0 1 0 0 -0.56852627 0 0.8226651 0 0 0 0 1 0.6825994 0 0.73079276 34.643 0 1 0 0 -0.73079276 0 0.6825994 0 0 0 0 1 0.6898807 0 0.723923 34.643 0 1 0 0 -0.723923 0 0.6898807 0 0 0 0 1 0.8038752 0 0.594798 34.643 0 1 0 0 -0.594798 0 0.8038752 0 0 0 0 1 0.8917787 0 0.4524718 34.643 0 1 0 0 -0.4524718 0 0.8917787 0 0 0 0 1 0.9280525 0 0.3724494 34.643 0 1 0 0 -0.3724494 0 0.9280525 0 0 0 0 1 0.9548069 0 0.29722673 34.643 0 1 0 0 -0.29722673 0 0.9548069 0 0 0 0 1 0.96497476 0 0.26234284 34.643 0 1 0 0 -0.26234284 0 0.96497476 0 0 0 0 1 0.96497476 0 0.26234284 34.643 0 1 0 0 -0.26234284 0 0.96497476 0 0 0 0 1</float_array>
        <technique_common>
          <accessor source="#Motion_31_RLeg_transform_pose_array_id" count="17" stride="16">
            <param name="TRANSFORM" type="float4x4" />
          </accessor>
        </technique_common>
      </source>
      <sampler id="Motion_31_RLeg_transform_samp_id">
        <input semantic="INPUT" source="#Motion_31_RLeg_transform_frame_id" />
        <input semantic="INTERPOLATION" source="#Motion_31_RLeg_transform_interp_id" />
        <input semantic="OUTPUT" source="#Motion_31_RLeg_transform_pose_id" />
      </sampler>
      <channel source="#Motion_31_RLeg_transform_samp_id" target="RLeg_bone_id/transform" />
    </animation>
    <animation id="Motion_31_RFoot_transform_id" name="Motion_31_RFoot_transform">
      <source id="Motion_31_RFoot_transform_frame_id" name="Motion_31_RFoot_transform_frame">
        <float_array id="Motion_31_RFoot_transform_frame_array_id" count="17">0 0.033333335 0.06666667 0.1 0.13333334 0.16666667 0.2 0.23333333 0.26666668 0.3 0.33333334 0.36666667 0.4 0.43333334 0.46666667 0.5 0.53333336</float_array>
        <technique_common>
          <accessor source="#Motion_31_RFoot_transform_frame_array_id" count="17" stride="1">
            <param name="TIME" type="float" />
          </accessor>
        </technique_common>
      </source>
      <source id="Motion_31_RFoot_transform_interp_id" name="Motion_31_RFoot_transform_interp">
        <Name_array id="Motion_31_RFoot_transform_interp_array_id" count="17">LINEAR LINEAR LINEAR LINEAR LINEAR LINEAR LINEAR LINEAR LINEAR LINEAR LINEAR LINEAR LINEAR LINEAR LINEAR LINEAR LINEAR</Name_array>
        <technique_common>
          <accessor source="#Motion_31_RFoot_transform_interp_array_id" count="17" stride="1">
            <param name="INTERPOLATION" type="Name" />
          </accessor>
        </technique_common>
      </source>
      <source id="Motion_31_RFoot_transform_pose_id" name="Motion_31_RFoot_transform_pose">
        <float_array id="Motion_31_RFoot_transform_pose_array_id" count="272">-0.22956896 -0.15967396 -0.96010524 34.643005 -0.11673307 0.98384756 -0.13571069 0 0.9662667 0.080921076 -0.24450004 0 0 0 0 1 -0.2552899 -0.14987436 -0.9551777 34.643005 -0.13454726 0.9838074 -0.118406154 0 0.957457 0.09828865 -0.2713213 0 0 0 0 1 -0.30165434 -0.12955803 -0.9445737 34.643005 -0.17078945 0.98204184 -0.0801547 0 0.9379956 0.1371442 -0.31836438 0 0 0 0 1 -0.3245536 -0.110667825 -0.9393709 34.643005 -0.22054863 0.9746111 -0.038619727 0 0.9197953 0.1946428 -0.34072113 0 0 0 0 1 -0.30261564 -0.110211134 -0.9467191 34.643005 -0.28502256 0.95830256 -0.020453058 0 0.90949756 0.2636469 -0.32141006 0 0 0 0 1 -0.25124073 -0.12794308 -0.9594315 34.643005 -0.40654266 0.9135027 -0.0153594315 0 0.87840843 0.38619092 -0.28152347 0 0 0 0 1 -0.20378125 -0.16197719 -0.96552396 34.643005 -0.56617165 0.82407403 -0.018752515 0 0.7987007 0.5428309 -0.2596377 0 0 0 0 1 -0.19393802 -0.20628463 -0.9590803 34.643005 -0.6557871 0.75436366 -0.029644758 0 0.7296106 0.62320316 -0.28157866 0 0 0 0 1 -0.18484569 -0.18507326 -0.9651838 34.643005 -0.568732 0.82109034 -0.048523575 0 0.80148345 0.5399616 -0.25703204 0 0 0 0 1 -0.18388677 -0.14783004 -0.9717675 34.643005 -0.2905847 0.9526139 -0.08992921 0 0.9390134 0.265844 -0.21813023 0 0 0 0 1 -0.2808243 -0.17635836 -0.94341695 34.643005 -0.057826225 0.9842958 -0.1667871 0 0.9580157 0.0077163875 -0.28661227 0 0 0 0 1 -0.37426746 -0.14358413 -0.91613734 34.643005 -0.015430316 0.98876745 -0.14866358 0 0.92719245 -0.041503638 -0.37227905 0 0 0 0 1 -0.38606966 -0.13068256 -0.9131661 34.643005 0.0072310343 0.9894554 -0.1446574 0 0.9224413 -0.062450964 -0.3810537 0 0 0 0 1 -0.31008244 -0.16268921 -0.9366863 34.643005 -0.027155034 0.9863632 -0.16232792 0 0.9503218 -0.024899296 -0.31027174 0 0 0 0 1 -0.2583288 -0.17648005 -0.9498005 34.643005 -0.06458929 0.9841276 -0.16529113 0 0.96389544 0.018647484 -0.26562726 0 0 0 0 1 -0.24687421 -0.16700044 -0.95454913 34.643005 -0.093081184 0.9845704 -0.14817922 0 0.96456677 0.05226895 -0.25860953 0 0 0 0 1 -0.24687421 -0.16700044 -0.95454913 34.643005 -0.093081184 0.9845704 -0.14817922 0 0.96456677 0.05226895 -0.25860953 0 0 0 0 1</float_array>
        <technique_common>
          <accessor source="#Motion_31_RFoot_transform_pose_array_id" count="17" stride="16">
            <param name="TRANSFORM" type="float4x4" />
          </accessor>
        </technique_common>
      </source>
      <sampler id="Motion_31_RFoot_transform_samp_id">
        <input semantic="INPUT" source="#Motion_31_RFoot_transform_frame_id" />
        <input semantic="INTERPOLATION" source="#Motion_31_RFoot_transform_interp_id" />
        <input semantic="OUTPUT" source="#Motion_31_RFoot_transform_pose_id" />
      </sampler>
      <channel source="#Motion_31_RFoot_transform_samp_id" target="RFoot_bone_id/transform" />
    </animation>
    <animation id="Motion_31_RToe_transform_id" name="Motion_31_RToe_transform">
      <source id="Motion_31_RToe_transform_frame_id" name="Motion_31_RToe_transform_frame">
        <float_array id="Motion_31_RToe_transform_frame_array_id" count="17">0 0.033333335 0.06666667 0.1 0.13333334 0.16666667 0.2 0.23333333 0.26666668 0.3 0.33333334 0.36666667 0.4 0.43333334 0.46666667 0.5 0.53333336</float_array>
        <technique_common>
          <accessor source="#Motion_31_RToe_transform_frame_array_id" count="17" stride="1">
            <param name="TIME" type="float" />
          </accessor>
        </technique_common>
      </source>
      <source id="Motion_31_RToe_transform_interp_id" name="Motion_31_RToe_transform_interp">
        <Name_array id="Motion_31_RToe_transform_interp_array_id" count="17">LINEAR LINEAR LINEAR LINEAR LINEAR LINEAR LINEAR LINEAR LINEAR LINEAR LINEAR LINEAR LINEAR LINEAR LINEAR LINEAR LINEAR</Name_array>
        <technique_common>
          <accessor source="#Motion_31_RToe_transform_interp_array_id" count="17" stride="1">
            <param name="INTERPOLATION" type="Name" />
          </accessor>
        </technique_common>
      </source>
      <source id="Motion_31_RToe_transform_pose_id" name="Motion_31_RToe_transform_pose">
        <float_array id="Motion_31_RToe_transform_pose_array_id" count="272">1 0 0 11.1493 0 1 0 0 0 0 1 -8.32885 0 0 0 1 1 0 0 11.1493 0 1 0 0 0 0 1 -8.32885 0 0 0 1 1 0 0 11.1493 0 1 0 0 0 0 1 -8.32885 0 0 0 1 1 0 0 11.1493 0 1 0 0 0 0 1 -8.32885 0 0 0 1 1 0 0 11.1493 0 1 0 0 0 0 1 -8.32885 0 0 0 1 1 0 0 11.1493 0 1 0 0 0 0 1 -8.32885 0 0 0 1 1 0 0 11.1493 0 1 0 0 0 0 1 -8.32885 0 0 0 1 1 0 0 11.1493 0 1 0 0 0 0 1 -8.32885 0 0 0 1 1 0 0 11.1493 0 1 0 0 0 0 1 -8.32885 0 0 0 1 1 0 0 11.1493 0 1 0 0 0 0 1 -8.32885 0 0 0 1 1 0 0 11.1493 0 1 0 0 0 0 1 -8.32885 0 0 0 1 1 0 0 11.1493 0 1 0 0 0 0 1 -8.32885 0 0 0 1 1 0 0 11.1493 0 1 0 0 0 0 1 -8.32885 0 0 0 1 1 0 0 11.1493 0 1 0 0 0 0 1 -8.32885 0 0 0 1 1 0 0 11.1493 0 1 0 0 0 0 1 -8.32885 0 0 0 1 1 0 0 11.1493 0 1 0 0 0 0 1 -8.32885 0 0 0 1 1 0 0 11.1493 0 1 0 0 0 0 1 -8.32885 0 0 0 1</float_array>
        <technique_common>
          <accessor source="#Motion_31_RToe_transform_pose_array_id" count="17" stride="16">
            <param name="TRANSFORM" type="float4x4" />
          </accessor>
        </technique_common>
      </source>
      <sampler id="Motion_31_RToe_transform_samp_id">
        <input semantic="INPUT" source="#Motion_31_RToe_transform_frame_id" />
        <input semantic="INTERPOLATION" source="#Motion_31_RToe_transform_interp_id" />
        <input semantic="OUTPUT" source="#Motion_31_RToe_transform_pose_id" />
      </sampler>
      <channel source="#Motion_31_RToe_transform_samp_id" target="RToe_bone_id/transform" />
    </animation>
    <animation id="Motion_31_LThigh_transform_id" name="Motion_31_LThigh_transform">
      <source id="Motion_31_LThigh_transform_frame_id" name="Motion_31_LThigh_transform_frame">
        <float_array id="Motion_31_LThigh_transform_frame_array_id" count="17">0 0.033333335 0.06666667 0.1 0.13333334 0.16666667 0.2 0.23333333 0.26666668 0.3 0.33333334 0.36666667 0.4 0.43333334 0.46666667 0.5 0.53333336</float_array>
        <technique_common>
          <accessor source="#Motion_31_LThigh_transform_frame_array_id" count="17" stride="1">
            <param name="TIME" type="float" />
          </accessor>
        </technique_common>
      </source>
      <source id="Motion_31_LThigh_transform_interp_id" name="Motion_31_LThigh_transform_interp">
        <Name_array id="Motion_31_LThigh_transform_interp_array_id" count="17">LINEAR LINEAR LINEAR LINEAR LINEAR LINEAR LINEAR LINEAR LINEAR LINEAR LINEAR LINEAR LINEAR LINEAR LINEAR LINEAR LINEAR</Name_array>
        <technique_common>
          <accessor source="#Motion_31_LThigh_transform_interp_array_id" count="17" stride="1">
            <param name="INTERPOLATION" type="Name" />
          </accessor>
        </technique_common>
      </source>
      <source id="Motion_31_LThigh_transform_pose_id" name="Motion_31_LThigh_transform_pose">
        <float_array id="Motion_31_LThigh_transform_pose_array_id" count="272">0.94435304 -0.32778525 -0.027461287 11.413002 0.315499 0.879005 0.357506 9.7364 -0.09304659 -0.3462759 0.933507 0 0 0 0 1 0.9339196 -0.3211797 -0.15696427 11.413002 0.35604286 0.875071 0.32784793 9.7364 0.03205679 -0.36206964 0.9315997 0 0 0 0 1 0.8888559 -0.28058317 -0.3622269 11.413002 0.39377454 0.8719888 0.2908216 9.7364 0.23425812 -0.40113425 0.88555884 0 0 0 0 1 0.8388825 -0.20641804 -0.50365436 11.413002 0.42228216 0.8306432 0.36291835 9.7364 0.34344417 -0.51713014 0.7839787 0 0 0 0 1 0.8681576 -0.17125696 -0.46580407 11.413002 0.41490102 0.7654639 0.49185586 9.7364 0.27232245 -0.62027097 0.73559797 0 0 0 0 1 0.93246835 -0.19761017 -0.30241197 11.413002 0.34277472 0.74828076 0.5679625 9.7364 0.11405392 -0.6332662 0.7654839 0 0 0 0 1 0.96200615 -0.22742198 -0.15107405 11.413002 0.27295825 0.7886312 0.550958 9.7364 -0.006158255 -0.5712618 0.82074475 0 0 0 0 1 0.96969664 -0.20158395 -0.1380302 11.413002 0.24345097 0.84467995 0.47670472 9.7364 0.020495333 -0.49586254 0.8681591 0 0 0 0 1 0.97521675 -0.18554267 -0.12052467 11.413002 0.2198937 0.8730624 0.43521127 9.7364 0.024475284 -0.45092794 0.8922247 0 0 0 0 1 0.97809625 -0.1867039 -0.092029214 11.413002 0.20814927 0.87997913 0.42697838 9.7364 0.0012652501 -0.4367818 0.8995666 0 0 0 0 1 0.97923034 -0.19661398 -0.049505755 11.413002 0.19899578 0.88523 0.42043853 9.7364 -0.038840108 -0.4215576 0.90596944 0 0 0 0 1 0.9769853 -0.21291216 -0.012966443 11.413002 0.19948165 0.8904465 0.40903804 9.7364 -0.075543255 -0.40221074 0.9124252 0 0 0 0 1 0.97212833 -0.23437753 0.0058019944 11.413002 0.2139171 0.8968489 0.3871712 9.7364 -0.09594774 -0.37513894 0.9219896 0 0 0 0 1 0.9660797 -0.25812092 0.007973794 11.413002 0.2379135 0.9016081 0.36124775 9.7364 -0.100434855 -0.34709707 0.93243575 0 0 0 0 1 0.95928764 -0.28237692 0.0055174977 11.413002 0.26294824 0.90007395 0.34745523 9.7364 -0.1030795 -0.33185872 0.93768036 0 0 0 0 1 0.9524848 -0.30458415 -0.0011007823 11.413002 0.28604615 0.8932601 0.346791 9.7364 -0.10464376 -0.330628 0.9379418 0 0 0 0 1 0.9524848 -0.30458415 -0.0011007823 11.413002 0.28604615 0.8932601 0.346791 9.7364 -0.10464376 -0.330628 0.9379418 0 0 0 0 1</float_array>
        <technique_common>
          <accessor source="#Motion_31_LThigh_transform_pose_array_id" count="17" stride="16">
            <param name="TRANSFORM" type="float4x4" />
          </accessor>
        </technique_common>
      </source>
      <sampler id="Motion_31_LThigh_transform_samp_id">
        <input semantic="INPUT" source="#Motion_31_LThigh_transform_frame_id" />
        <input semantic="INTERPOLATION" source="#Motion_31_LThigh_transform_interp_id" />
        <input semantic="OUTPUT" source="#Motion_31_LThigh_transform_pose_id" />
      </sampler>
      <channel source="#Motion_31_LThigh_transform_samp_id" target="LThigh_bone_id/transform" />
    </animation>
    <animation id="Motion_31_LLeg_transform_id" name="Motion_31_LLeg_transform">
      <source id="Motion_31_LLeg_transform_frame_id" name="Motion_31_LLeg_transform_frame">
        <float_array id="Motion_31_LLeg_transform_frame_array_id" count="17">0 0.033333335 0.06666667 0.1 0.13333334 0.16666667 0.2 0.23333333 0.26666668 0.3 0.33333334 0.36666667 0.4 0.43333334 0.46666667 0.5 0.53333336</float_array>
        <technique_common>
          <accessor source="#Motion_31_LLeg_transform_frame_array_id" count="17" stride="1">
            <param name="TIME" type="float" />
          </accessor>
        </technique_common>
      </source>
      <source id="Motion_31_LLeg_transform_interp_id" name="Motion_31_LLeg_transform_interp">
        <Name_array id="Motion_31_LLeg_transform_interp_array_id" count="17">LINEAR LINEAR LINEAR LINEAR LINEAR LINEAR LINEAR LINEAR LINEAR LINEAR LINEAR LINEAR LINEAR LINEAR LINEAR LINEAR LINEAR</Name_array>
        <technique_common>
          <accessor source="#Motion_31_LLeg_transform_interp_array_id" count="17" stride="1">
            <param name="INTERPOLATION" type="Name" />
          </accessor>
        </technique_common>
      </source>
      <source id="Motion_31_LLeg_transform_pose_id" name="Motion_31_LLeg_transform_pose">
        <float_array id="Motion_31_LLeg_transform_pose_array_id" count="272">0.97437656 0 0.22492287 34.643005 0 1 0 0 -0.22492287 0 0.97437656 0 0 0 0 1 0.91740996 0 0.39794344 34.643005 0 1 0 0 -0.39794344 0 0.91740996 0 0 0 0 1 0.81828415 0 0.5748139 34.643005 0 1 0 0 -0.5748139 0 0.81828415 0 0 0 0 1 0.77359116 0 0.63368505 34.643005 0 1 0 0 -0.63368505 0 0.77359116 0 0 0 0 1 0.8012154 0 0.598376 34.643005 0 1 0 0 -0.598376 0 0.8012154 0 0 0 0 1 0.895138 0 0.44578913 34.643005 0 1 0 0 -0.44578913 0 0.895138 0 0 0 0 1 0.9396759 0 0.34206608 34.643005 0 1 0 0 -0.34206608 0 0.9396759 0 0 0 0 1 0.91986674 0 0.39223105 34.643005 0 1 0 0 -0.39223105 0 0.91986674 0 0 0 0 1 0.8987786 0 0.43840283 34.643005 0 1 0 0 -0.43840283 0 0.8987786 0 0 0 0 1 0.8929219 0 0.4502115 34.643005 0 1 0 0 -0.4502115 0 0.8929219 0 0 0 0 1 0.9030083 0 0.4296231 34.643005 0 1 0 0 -0.4296231 0 0.9030083 0 0 0 0 1 0.9173009 0 0.3981948 34.643005 0 1 0 0 -0.3981948 0 0.9173009 0 0 0 0 1 0.9304209 0 0.36649275 34.643005 0 1 0 0 -0.36649275 0 0.9304209 0 0 0 0 1 0.9446622 0 0.32804468 34.643005 0 1 0 0 -0.32804468 0 0.9446622 0 0 0 0 1 0.9615113 0 0.27476537 34.643005 0 1 0 0 -0.27476537 0 0.9615113 0 0 0 0 1 0.9746068 0 0.2239232 34.643005 0 1 0 0 -0.2239232 0 0.9746068 0 0 0 0 1 0.9746068 0 0.2239232 34.643005 0 1 0 0 -0.2239232 0 0.9746068 0 0 0 0 1</float_array>
        <technique_common>
          <accessor source="#Motion_31_LLeg_transform_pose_array_id" count="17" stride="16">
            <param name="TRANSFORM" type="float4x4" />
          </accessor>
        </technique_common>
      </source>
      <sampler id="Motion_31_LLeg_transform_samp_id">
        <input semantic="INPUT" source="#Motion_31_LLeg_transform_frame_id" />
        <input semantic="INTERPOLATION" source="#Motion_31_LLeg_transform_interp_id" />
        <input semantic="OUTPUT" source="#Motion_31_LLeg_transform_pose_id" />
      </sampler>
      <channel source="#Motion_31_LLeg_transform_samp_id" target="LLeg_bone_id/transform" />
    </animation>
    <animation id="Motion_31_LFoot_transform_id" name="Motion_31_LFoot_transform">
      <source id="Motion_31_LFoot_transform_frame_id" name="Motion_31_LFoot_transform_frame">
        <float_array id="Motion_31_LFoot_transform_frame_array_id" count="17">0 0.033333335 0.06666667 0.1 0.13333334 0.16666667 0.2 0.23333333 0.26666668 0.3 0.33333334 0.36666667 0.4 0.43333334 0.46666667 0.5 0.53333336</float_array>
        <technique_common>
          <accessor source="#Motion_31_LFoot_transform_frame_array_id" count="17" stride="1">
            <param name="TIME" type="float" />
          </accessor>
        </technique_common>
      </source>
      <source id="Motion_31_LFoot_transform_interp_id" name="Motion_31_LFoot_transform_interp">
        <Name_array id="Motion_31_LFoot_transform_interp_array_id" count="17">LINEAR LINEAR LINEAR LINEAR LINEAR LINEAR LINEAR LINEAR LINEAR LINEAR LINEAR LINEAR LINEAR LINEAR LINEAR LINEAR LINEAR</Name_array>
        <technique_common>
          <accessor source="#Motion_31_LFoot_transform_interp_array_id" count="17" stride="1">
            <param name="INTERPOLATION" type="Name" />
          </accessor>
        </technique_common>
      </source>
      <source id="Motion_31_LFoot_transform_pose_id" name="Motion_31_LFoot_transform_pose">
        <float_array id="Motion_31_LFoot_transform_pose_array_id" count="272">-0.056784987 0.2522261 -0.9660008 34.643 0.10450999 0.963748 0.24549444 0 0.99290144 -0.08701636 -0.08108652 0 0 0 0 1 -0.05599761 0.22511566 -0.9727215 34.643 0.18089247 0.9604144 0.21185382 0 0.9819074 -0.1640947 -0.09450269 0 0 0 0 1 0.035562217 0.14928684 -0.9881542 34.643 0.23990911 0.9585903 0.15345436 0 0.9701437 -0.24252436 -0.0017256737 0 0 0 0 1 0.08520937 0.07901453 -0.9932251 34.643 0.24633306 0.96423393 0.09784124 0 0.9654323 -0.25300118 0.06269789 0 0 0 0 1 -0.026433587 0.13971768 -0.9898384 34.643 0.2541173 0.95859617 0.12852156 0 0.9668121 -0.24813777 -0.060843825 0 0 0 0 1 -0.081900954 0.14911397 -0.98542225 34.643 0.39192063 0.9139047 0.105718344 0 0.9163462 -0.37754887 -0.13329053 0 0 0 0 1 -0.07589877 0.22386551 -0.97166014 34.643 0.4423989 0.88086766 0.16839044 0 0.8936008 -0.41708076 -0.16589463 0 0 0 0 1 -0.12444651 0.21036237 -0.9696705 34.643 0.41638297 0.898126 0.14140323 0 0.9006322 -0.38615713 -0.1993599 0 0 0 0 1 -0.17213118 0.20399238 -0.9637209 34.643 0.37709326 0.91744816 0.12684476 0 0.9100393 -0.3415787 -0.23484564 0 0 0 0 1 -0.19686794 0.20435911 -0.9588954 34.643 0.33325887 0.9337492 0.13057958 0 0.9220529 -0.29385346 -0.25192976 0 0 0 0 1 -0.19940758 0.20799714 -0.95758736 34.643 0.289463 0.9461081 0.14522602 0 0.93618774 -0.24822696 -0.2488687 0 0 0 0 1 -0.18949747 0.21381837 -0.9583175 34.643 0.24767211 0.9548505 0.16407019 0 0.9501312 -0.20625764 -0.23389864 0 0 0 0 1 -0.16830432 0.22143659 -0.9605412 34.643 0.20764151 0.9605415 0.18505408 0 0.9636174 -0.16830282 -0.20764267 0 0 0 0 1 -0.13722575 0.23001221 -0.9634643 34.643 0.17095101 0.9635703 0.20568904 0 0.9756766 -0.13647935 -0.17154753 0 0 0 0 1 -0.0971992 0.23859903 -0.9662416 34.643 0.13976517 0.9644904 0.22410692 0 0.98540246 -0.11326395 -0.12709546 0 0 0 0 1 -0.0612092 0.2461206 -0.9673045 34.643 0.11648959 0.9642604 0.23797482 0 0.991304 -0.09811465 -0.08769214 0 0 0 0 1 -0.0612092 0.2461206 -0.9673045 34.643 0.11648959 0.9642604 0.23797482 0 0.991304 -0.09811465 -0.08769214 0 0 0 0 1</float_array>
        <technique_common>
          <accessor source="#Motion_31_LFoot_transform_pose_array_id" count="17" stride="16">
            <param name="TRANSFORM" type="float4x4" />
          </accessor>
        </technique_common>
      </source>
      <sampler id="Motion_31_LFoot_transform_samp_id">
        <input semantic="INPUT" source="#Motion_31_LFoot_transform_frame_id" />
        <input semantic="INTERPOLATION" source="#Motion_31_LFoot_transform_interp_id" />
        <input semantic="OUTPUT" source="#Motion_31_LFoot_transform_pose_id" />
      </sampler>
      <channel source="#Motion_31_LFoot_transform_samp_id" target="LFoot_bone_id/transform" />
    </animation>
    <animation id="Motion_31_Spine2_transform_id" name="Motion_31_Spine2_transform">
      <source id="Motion_31_Spine2_transform_frame_id" name="Motion_31_Spine2_transform_frame">
        <float_array id="Motion_31_Spine2_transform_frame_array_id" count="17">0 0.033333335 0.06666667 0.1 0.13333334 0.16666667 0.2 0.23333333 0.26666668 0.3 0.33333334 0.36666667 0.4 0.43333334 0.46666667 0.5 0.53333336</float_array>
        <technique_common>
          <accessor source="#Motion_31_Spine2_transform_frame_array_id" count="17" stride="1">
            <param name="TIME" type="float" />
          </accessor>
        </technique_common>
      </source>
      <source id="Motion_31_Spine2_transform_interp_id" name="Motion_31_Spine2_transform_interp">
        <Name_array id="Motion_31_Spine2_transform_interp_array_id" count="17">LINEAR LINEAR LINEAR LINEAR LINEAR LINEAR LINEAR LINEAR LINEAR LINEAR LINEAR LINEAR LINEAR LINEAR LINEAR LINEAR LINEAR</Name_array>
        <technique_common>
          <accessor source="#Motion_31_Spine2_transform_interp_array_id" count="17" stride="1">
            <param name="INTERPOLATION" type="Name" />
          </accessor>
        </technique_common>
      </source>
      <source id="Motion_31_Spine2_transform_pose_id" name="Motion_31_Spine2_transform_pose">
        <float_array id="Motion_31_Spine2_transform_pose_array_id" count="272">0.9878442 0.042429563 -0.14954428 13.635002 -0.041951578 0.99909943 0.006350818 0 0.14967908 -2.3283064E-10 0.9887346 0 0 0 0 1 0.98697895 0.04418351 -0.15466207 13.635002 -0.04529943 0.99896663 -0.0036966582 0 0.15433893 0.010654628 0.9879605 0 0 0 0 1 0.98484445 0.04775479 -0.16673599 13.635002 -0.05278663 0.9982705 -0.025875736 0 0.16521193 0.034285005 0.985662 0 0 0 0 1 0.98169625 0.05180077 -0.18327333 13.635002 -0.061568405 0.9969476 -0.0480093 0 0.18022697 0.058414392 0.981889 0 0 0 0 1 0.9777793 0.054923415 -0.20231402 13.635002 -0.06904955 0.9955944 -0.063434966 0 0.19793862 0.075995095 0.97726405 0 0 0 0 1 0.97333413 0.057208605 -0.22214366 13.635002 -0.0751603 0.9944803 -0.073210545 0 0.21672924 0.08795471 0.9722615 0 0 0 0 1 0.96889365 0.058695167 -0.24041615 13.635002 -0.07971586 0.9937095 -0.07865634 0 0.23428707 0.09537461 0.9674778 0 0 0 0 1 0.9654817 0.05947391 -0.2535901 13.635002 -0.082504354 0.99328023 -0.08116322 0 0.24705893 0.0992839 0.96390074 0 0 0 0 1 0.96413326 0.05958864 -0.25864306 13.635002 -0.0833606 0.99314576 -0.08192959 0 0.2519882 0.10055169 0.9624922 0 0 0 0 1 0.96576613 0.05915286 -0.25258005 13.635002 -0.082039 0.9933278 -0.08105275 0 0.24610028 0.09899941 0.96417516 0 0 0 0 1 0.96952325 0.057939835 -0.23804972 13.635002 -0.078533135 0.9938594 -0.07794862 0 0.23207164 0.09426779 0.96812 0 0 0 0 1 0.97429115 0.05569638 -0.21829942 13.635002 -0.07297659 0.9947381 -0.071906455 0 0.21314582 0.085988574 0.97322905 0 0 0 0 1 0.9789258 0.05261452 -0.197322 13.635002 -0.0659851 0.9959047 -0.061804928 0 0.19326206 0.073522754 0.97838855 0 0 0 0 1 0.9826612 0.049327068 -0.17872839 13.635002 -0.058095686 0.99733377 -0.044160996 0 0.17607354 0.053778645 0.9829069 0 0 0 0 1 0.9854571 0.04606246 -0.16356206 13.635002 -0.050243545 0.9985052 -0.02151631 0 0.16232648 0.029421339 0.9862984 0 0 0 0 1 0.98719215 0.043535262 -0.15348057 13.635002 -0.044359855 0.9990137 -0.0019505899 0 0.15324427 0.008733983 0.98814976 0 0 0 0 1 0.98719215 0.043535262 -0.15348057 13.635002 -0.044359855 0.9990137 -0.0019505899 0 0.15324427 0.008733983 0.98814976 0 0 0 0 1</float_array>
        <technique_common>
          <accessor source="#Motion_31_Spine2_transform_pose_array_id" count="17" stride="16">
            <param name="TRANSFORM" type="float4x4" />
          </accessor>
        </technique_common>
      </source>
      <sampler id="Motion_31_Spine2_transform_samp_id">
        <input semantic="INPUT" source="#Motion_31_Spine2_transform_frame_id" />
        <input semantic="INTERPOLATION" source="#Motion_31_Spine2_transform_interp_id" />
        <input semantic="OUTPUT" source="#Motion_31_Spine2_transform_pose_id" />
      </sampler>
      <channel source="#Motion_31_Spine2_transform_samp_id" target="Spine2_bone_id/transform" />
    </animation>
    <animation id="Motion_31_Spine3_transform_id" name="Motion_31_Spine3_transform">
      <source id="Motion_31_Spine3_transform_frame_id" name="Motion_31_Spine3_transform_frame">
        <float_array id="Motion_31_Spine3_transform_frame_array_id" count="17">0 0.033333335 0.06666667 0.1 0.13333334 0.16666667 0.2 0.23333333 0.26666668 0.3 0.33333334 0.36666667 0.4 0.43333334 0.46666667 0.5 0.53333336</float_array>
        <technique_common>
          <accessor source="#Motion_31_Spine3_transform_frame_array_id" count="17" stride="1">
            <param name="TIME" type="float" />
          </accessor>
        </technique_common>
      </source>
      <source id="Motion_31_Spine3_transform_interp_id" name="Motion_31_Spine3_transform_interp">
        <Name_array id="Motion_31_Spine3_transform_interp_array_id" count="17">LINEAR LINEAR LINEAR LINEAR LINEAR LINEAR LINEAR LINEAR LINEAR LINEAR LINEAR LINEAR LINEAR LINEAR LINEAR LINEAR LINEAR</Name_array>
        <technique_common>
          <accessor source="#Motion_31_Spine3_transform_interp_array_id" count="17" stride="1">
            <param name="INTERPOLATION" type="Name" />
          </accessor>
        </technique_common>
      </source>
      <source id="Motion_31_Spine3_transform_pose_id" name="Motion_31_Spine3_transform_pose">
        <float_array id="Motion_31_Spine3_transform_pose_array_id" count="272">0.98622453 0.04021105 0.16045015 13.635002 -0.039689228 0.9991912 -0.00645707 0 -0.16058002 -2.142042E-08 0.9870228 0 0 0 0 1 0.9875682 0.037773855 0.1525851 13.635002 -0.034402736 0.9991034 -0.024674356 0 -0.15338035 0.019118264 0.9879823 0 0 0 0 1 0.99000585 0.031431857 0.13747905 13.635002 -0.022725943 0.9976626 -0.06444307 0 -0.13918327 0.060674667 0.98840606 0 0 0 0 1 0.99182385 0.021266695 0.1258298 13.635002 -0.00825455 0.9946428 -0.10304159 0 -0.12734707 0.10116044 0.986686 0 0 0 0 1 0.9926483 0.007911879 0.12077575 13.635002 0.007810404 0.99159414 -0.12915139 0 -0.12078235 0.12914522 0.98424244 0 0 0 0 1 0.9930238 -0.006973285 0.117707565 13.635002 0.024423983 0.9887645 -0.14747275 0 -0.1153567 0.14931886 0.982037 0 0 0 0 1 0.99302125 -0.020267641 0.116181165 13.635002 0.038743958 0.98650897 -0.15905644 0 -0.11139007 0.16244774 0.9804096 0 0 0 0 1 0.9928183 -0.029724473 0.11588056 13.635002 0.048785754 0.985035 -0.16530591 0 -0.109232776 0.16977206 0.9794109 0 0 0 0 1 0.9927572 -0.030179726 0.11628569 13.635002 0.049540415 0.98464495 -0.16739193 0 -0.10944828 0.17194039 0.9790085 0 0 0 0 1 0.99299264 -0.017312542 0.116901115 13.635002 0.035576876 0.9871141 -0.15601328 0 -0.11269374 0.15907902 0.9808129 0 0 0 0 1 0.9929362 0.003759242 0.11859001 13.635002 0.0114070475 0.99184346 -0.1269504 0 -0.11809997 0.1274064 0.9847944 0 0 0 0 1 0.9921916 0.026301023 0.1219182 13.635002 -0.015359716 0.99583876 -0.089829035 0 -0.12377347 0.08725499 0.98846686 0 0 0 0 1 0.9908093 0.04569332 0.12731478 13.635002 -0.039006468 0.9977499 -0.054530457 0 -0.12952 0.049063183 0.9903622 0 0 0 0 1 0.98914546 0.0569406 0.13545847 13.635002 -0.053384118 0.99813086 -0.029747244 0 -0.13689911 0.022193022 0.99033636 0 0 0 0 1 0.9876944 0.05496645 0.14641911 13.635002 -0.053302944 0.9984617 -0.015263559 0 -0.14703286 0.007271162 0.98910487 0 0 0 0 1 0.98670113 0.045718163 0.15598318 13.635002 -0.044985034 0.99895376 -0.0082287695 0 -0.15619618 0.0011024275 0.98772544 0 0 0 0 1 0.98670113 0.045718163 0.15598318 13.635002 -0.044985034 0.99895376 -0.0082287695 0 -0.15619618 0.0011024275 0.98772544 0 0 0 0 1</float_array>
        <technique_common>
          <accessor source="#Motion_31_Spine3_transform_pose_array_id" count="17" stride="16">
            <param name="TRANSFORM" type="float4x4" />
          </accessor>
        </technique_common>
      </source>
      <sampler id="Motion_31_Spine3_transform_samp_id">
        <input semantic="INPUT" source="#Motion_31_Spine3_transform_frame_id" />
        <input semantic="INTERPOLATION" source="#Motion_31_Spine3_transform_interp_id" />
        <input semantic="OUTPUT" source="#Motion_31_Spine3_transform_pose_id" />
      </sampler>
      <channel source="#Motion_31_Spine3_transform_samp_id" target="Spine3_bone_id/transform" />
    </animation>
    <animation id="Motion_31_RShoulder_transform_id" name="Motion_31_RShoulder_transform">
      <source id="Motion_31_RShoulder_transform_frame_id" name="Motion_31_RShoulder_transform_frame">
        <float_array id="Motion_31_RShoulder_transform_frame_array_id" count="17">0 0.033333335 0.06666667 0.1 0.13333334 0.16666667 0.2 0.23333333 0.26666668 0.3 0.33333334 0.36666667 0.4 0.43333334 0.46666667 0.5 0.53333336</float_array>
        <technique_common>
          <accessor source="#Motion_31_RShoulder_transform_frame_array_id" count="17" stride="1">
            <param name="TIME" type="float" />
          </accessor>
        </technique_common>
      </source>
      <source id="Motion_31_RShoulder_transform_interp_id" name="Motion_31_RShoulder_transform_interp">
        <Name_array id="Motion_31_RShoulder_transform_interp_array_id" count="17">LINEAR LINEAR LINEAR LINEAR LINEAR LINEAR LINEAR LINEAR LINEAR LINEAR LINEAR LINEAR LINEAR LINEAR LINEAR LINEAR LINEAR</Name_array>
        <technique_common>
          <accessor source="#Motion_31_RShoulder_transform_interp_array_id" count="17" stride="1">
            <param name="INTERPOLATION" type="Name" />
          </accessor>
        </technique_common>
      </source>
      <source id="Motion_31_RShoulder_transform_pose_id" name="Motion_31_RShoulder_transform_pose">
        <float_array id="Motion_31_RShoulder_transform_pose_array_id" count="272">-0.22434044 -0.96247494 -0.15268695 14.32198 0.9718734 -0.20945072 -0.10766794 4.545 0.07164729 -0.17254667 0.98239213 -0.242634 0 0 0 1 -0.22648895 -0.9619409 -0.15287998 14.32198 0.97184885 -0.21272564 -0.10127897 4.545 0.06490287 -0.17151484 0.98304135 -0.242634 0 0 0 1 -0.22824657 -0.96197456 -0.15002793 14.32198 0.9730472 -0.22018409 -0.0685425 4.545 0.032902386 -0.16162887 0.986303 -0.242634 0 0 0 1 -0.22942603 -0.9625115 -0.14469099 14.32198 0.97325724 -0.22863007 -0.022333384 4.545 -0.011584565 -0.1459454 0.9892248 -0.242634 0 0 0 1 -0.22820973 -0.96377 -0.13808647 14.32198 0.9714212 -0.23490381 0.034076095 4.545 -0.065278545 -0.12636362 0.9898338 -0.242634 0 0 0 1 -0.22425842 -0.9656583 -0.13119534 14.32198 0.96648514 -0.23764467 0.09711548 4.545 -0.12495825 -0.10501937 0.98658824 -0.242634 0 0 0 1 -0.22003233 -0.9675071 -0.12456192 14.32198 0.95941186 -0.23772335 0.15171179 4.545 -0.17639352 -0.086124696 0.9805447 -0.242634 0 0 0 1 -0.21655655 -0.96899015 -0.11900182 14.32198 0.95250577 -0.23644066 0.19190796 4.545 -0.21409379 -0.07179101 0.9741714 -0.242634 0 0 0 1 -0.21458542 -0.9698499 -0.11551866 14.32198 0.9486107 -0.23511362 0.21180066 4.545 -0.23257482 -0.06413292 0.9704617 -0.242634 0 0 0 1 -0.21439004 -0.9700601 -0.1141067 14.32198 0.9483117 -0.23470688 0.21358281 4.545 -0.2339698 -0.062418677 0.97023815 -0.242634 0 0 0 1 -0.21511745 -0.9698646 -0.114398554 14.32198 0.95113564 -0.23463821 0.20071352 4.545 -0.2215072 -0.065631546 0.9729476 -0.242634 0 0 0 1 -0.21619713 -0.96935683 -0.11664559 14.32198 0.95612484 -0.23439348 0.17574117 4.545 -0.19769685 -0.073533 0.97750133 -0.242634 0 0 0 1 -0.21724188 -0.9686109 -0.12082597 14.32198 0.9622122 -0.23331952 0.14039147 4.545 -0.16417575 -0.085761316 0.98269594 -0.242634 0 0 0 1 -0.21817493 -0.96737945 -0.12875083 14.32198 0.96918285 -0.2302407 0.0876012 4.545 -0.114387274 -0.105670705 0.9878002 -0.242634 0 0 0 1 -0.2202506 -0.96548325 -0.13903901 14.32198 0.9746917 -0.22342825 0.007478185 4.545 -0.038285308 -0.13387308 0.9902587 -0.242634 0 0 0 1 -0.22288585 -0.96351916 -0.1481659 14.32198 0.9741735 -0.21450543 -0.07052453 4.545 0.03616935 -0.16005819 0.9864447 -0.242634 0 0 0 1 -0.22288585 -0.96351916 -0.1481659 14.32198 0.9741735 -0.21450543 -0.07052453 4.545 0.03616935 -0.16005819 0.9864447 -0.242634 0 0 0 1</float_array>
        <technique_common>
          <accessor source="#Motion_31_RShoulder_transform_pose_array_id" count="17" stride="16">
            <param name="TRANSFORM" type="float4x4" />
          </accessor>
        </technique_common>
      </source>
      <sampler id="Motion_31_RShoulder_transform_samp_id">
        <input semantic="INPUT" source="#Motion_31_RShoulder_transform_frame_id" />
        <input semantic="INTERPOLATION" source="#Motion_31_RShoulder_transform_interp_id" />
        <input semantic="OUTPUT" source="#Motion_31_RShoulder_transform_pose_id" />
      </sampler>
      <channel source="#Motion_31_RShoulder_transform_samp_id" target="RShoulder_bone_id/transform" />
    </animation>
    <animation id="Motion_31_RArm_transform_id" name="Motion_31_RArm_transform">
      <source id="Motion_31_RArm_transform_frame_id" name="Motion_31_RArm_transform_frame">
        <float_array id="Motion_31_RArm_transform_frame_array_id" count="17">0 0.033333335 0.06666667 0.1 0.13333334 0.16666667 0.2 0.23333333 0.26666668 0.3 0.33333334 0.36666667 0.4 0.43333334 0.46666667 0.5 0.53333336</float_array>
        <technique_common>
          <accessor source="#Motion_31_RArm_transform_frame_array_id" count="17" stride="1">
            <param name="TIME" type="float" />
          </accessor>
        </technique_common>
      </source>
      <source id="Motion_31_RArm_transform_interp_id" name="Motion_31_RArm_transform_interp">
        <Name_array id="Motion_31_RArm_transform_interp_array_id" count="17">LINEAR LINEAR LINEAR LINEAR LINEAR LINEAR LINEAR LINEAR LINEAR LINEAR LINEAR LINEAR LINEAR LINEAR LINEAR LINEAR LINEAR</Name_array>
        <technique_common>
          <accessor source="#Motion_31_RArm_transform_interp_array_id" count="17" stride="1">
            <param name="INTERPOLATION" type="Name" />
          </accessor>
        </technique_common>
      </source>
      <source id="Motion_31_RArm_transform_pose_id" name="Motion_31_RArm_transform_pose">
        <float_array id="Motion_31_RArm_transform_pose_array_id" count="272">0.84176403 -0.4446918 -0.30607596 13.569921 0.38089344 0.08744788 0.92047423 0 -0.3825617 -0.89140445 0.24299073 0 0 0 0 1 0.83937347 -0.46352032 -0.2839032 13.569921 0.37689242 0.1199528 0.9184571 0 -0.39166853 -0.8779295 0.27538252 0 0 0 0 1 0.8389809 -0.4887774 -0.23918122 13.569921 0.37009442 0.19030386 0.9092935 0 -0.398925 -0.8513995 0.34055513 0 0 0 0 1 0.8423648 -0.5008159 -0.19901009 13.569921 0.36492032 0.2583508 0.8944764 0 -0.39655364 -0.8260982 0.40038353 0 0 0 0 1 0.8497853 -0.49702758 -0.1755803 13.569921 0.35694355 0.29746765 0.88549656 0 -0.3878868 -0.81515425 0.43019444 0 0 0 0 1 0.8557873 -0.4918062 -0.16048299 13.569921 0.35097837 0.32406098 0.8785207 0 -0.38005567 -0.8081529 0.44994062 0 0 0 0 1 0.85967094 -0.4877387 -0.15191069 13.569921 0.34672174 0.338691 0.87468415 0 -0.37516657 -0.80461127 0.46027243 0 0 0 0 1 0.86122936 -0.48487446 -0.15225238 13.569921 0.34477177 0.33731794 0.87598467 0 -0.37338513 -0.806916 0.4576791 0 0 0 0 1 0.8603439 -0.4822795 -0.16496944 13.569921 0.34399524 0.3105452 0.8861315 0 -0.3761326 -0.8191265 0.4330775 0 0 0 0 1 0.8538466 -0.48195952 -0.19662401 13.569921 0.3577386 0.2689482 0.89425385 0 -0.37811247 -0.83389556 0.40205604 0 0 0 0 1 0.84223014 -0.4845416 -0.23636374 13.569921 0.38330525 0.2298894 0.8945546 0 -0.37911138 -0.84402037 0.37934715 0 0 0 0 1 0.8295307 -0.48753127 -0.27238208 13.569921 0.40993538 0.20035231 0.88983816 0 -0.37925154 -0.8498072 0.3660547 0 0 0 0 1 0.8209257 -0.48842838 -0.29583552 13.569921 0.42958853 0.18692523 0.88346624 0 -0.3762109 -0.85234773 0.363275 0 0 0 0 1 0.81823736 -0.48661023 -0.3061015 13.569921 0.4365086 0.17940164 0.8816322 0 -0.3740961 -0.8550004 0.35920268 0 0 0 0 1 0.827692 -0.46666166 -0.3116937 13.569921 0.4212133 0.14960063 0.8945385 0 -0.3708172 -0.8716918 0.3203873 0 0 0 0 1 0.837736 -0.448868 -0.3109918 13.569921 0.39812902 0.11225855 0.91043466 0 -0.37375352 -0.8865188 0.27275038 0 0 0 0 1 0.837736 -0.448868 -0.3109918 13.569921 0.39812902 0.11225855 0.91043466 0 -0.37375352 -0.8865188 0.27275038 0 0 0 0 1</float_array>
        <technique_common>
          <accessor source="#Motion_31_RArm_transform_pose_array_id" count="17" stride="16">
            <param name="TRANSFORM" type="float4x4" />
          </accessor>
        </technique_common>
      </source>
      <sampler id="Motion_31_RArm_transform_samp_id">
        <input semantic="INPUT" source="#Motion_31_RArm_transform_frame_id" />
        <input semantic="INTERPOLATION" source="#Motion_31_RArm_transform_interp_id" />
        <input semantic="OUTPUT" source="#Motion_31_RArm_transform_pose_id" />
      </sampler>
      <channel source="#Motion_31_RArm_transform_samp_id" target="RArm_bone_id/transform" />
    </animation>
    <animation id="Motion_31_RForeArm_transform_id" name="Motion_31_RForeArm_transform">
      <source id="Motion_31_RForeArm_transform_frame_id" name="Motion_31_RForeArm_transform_frame">
        <float_array id="Motion_31_RForeArm_transform_frame_array_id" count="17">0 0.033333335 0.06666667 0.1 0.13333334 0.16666667 0.2 0.23333333 0.26666668 0.3 0.33333334 0.36666667 0.4 0.43333334 0.46666667 0.5 0.53333336</float_array>
        <technique_common>
          <accessor source="#Motion_31_RForeArm_transform_frame_array_id" count="17" stride="1">
            <param name="TIME" type="float" />
          </accessor>
        </technique_common>
      </source>
      <source id="Motion_31_RForeArm_transform_interp_id" name="Motion_31_RForeArm_transform_interp">
        <Name_array id="Motion_31_RForeArm_transform_interp_array_id" count="17">LINEAR LINEAR LINEAR LINEAR LINEAR LINEAR LINEAR LINEAR LINEAR LINEAR LINEAR LINEAR LINEAR LINEAR LINEAR LINEAR LINEAR</Name_array>
        <technique_common>
          <accessor source="#Motion_31_RForeArm_transform_interp_array_id" count="17" stride="1">
            <param name="INTERPOLATION" type="Name" />
          </accessor>
        </technique_common>
      </source>
      <source id="Motion_31_RForeArm_transform_pose_id" name="Motion_31_RForeArm_transform_pose">
        <float_array id="Motion_31_RForeArm_transform_pose_array_id" count="272">-0.0532732 -1.241427E-10 -0.99858 24.525 -4.657295E-09 1 1.241427E-10 0 0.99858 4.657295E-09 -0.0532732 0 0 0 0 1 -0.064751744 1.7165954E-05 -0.9979014 24.525 1.1058746E-06 1 1.7130296E-05 0 0.9979014 5.660695E-09 -0.064751744 0 0 0 0 1 -0.08987653 2.2887829E-05 -0.9959529 24.525 2.0492553E-06 1 2.2795906E-05 0 0.9959529 7.858034E-09 -0.08987653 0 0 0 0 1 -0.12009215 2.0026528E-05 -0.9927628 24.525 2.394605E-06 1 1.9882853E-05 0 0.9927628 1.0498297E-08 -0.12009215 0 0 0 0 1 -0.14602244 1.1270184E-05 -0.98928124 24.525 1.658329E-06 1 1.1147517E-05 0 0.98928124 -1.2765668E-08 -0.14602244 0 0 0 0 1 -0.16293538 -1.7367731E-07 -0.9866368 24.525 -1.4244257E-08 1 -1.7367731E-07 0 0.9866368 -1.4244257E-08 -0.16293538 0 0 0 0 1 -0.16982722 -1.1445361E-05 -0.98547393 24.525 -1.958364E-06 1 -1.1276584E-05 0 0.98547393 1.48465915E-08 -0.16982722 0 0 0 0 1 -0.16299021 -2.002833E-05 -0.9866277 24.525 -3.278481E-06 1 -1.9758183E-05 0 0.9866277 1.42490535E-08 -0.16299021 0 0 0 0 1 -0.13862276 -2.2889028E-05 -0.9903453 24.525 -3.1849422E-06 1 -2.2666361E-05 0 0.9903453 1.2119017E-08 -0.13862276 0 0 0 0 1 -0.09420979 -1.7340593E-05 -0.99555236 24.525 -1.6254544E-06 1 -1.7264247E-05 0 0.99555236 -8.2354745E-09 -0.09420979 0 0 0 0 1 -0.04350376 -8.276657E-11 -0.99905324 24.525 -3.803225E-09 1 8.276657E-11 0 0.99905324 3.803225E-09 -0.04350376 0 0 0 0 1 -0.0034983158 -5.349471E-13 -0.999994 24.525 -3.0582842E-10 1 5.349471E-13 0 0.999994 3.0582842E-10 -0.0034983158 0 0 0 0 1 0.017754376 4.7914582E-05 -0.9998424 24.525 -1.8189894E-12 1 4.7922134E-05 0 0.9998424 -8.5082684E-07 0.017754376 0 0 0 0 1 0.018359601 4.7914058E-05 -0.9998315 24.525 0 1 4.7922134E-05 0 0.9998315 -8.7983426E-07 0.018359601 0 0 0 0 1 0.0001680851 4.7922134E-05 -0.99999994 24.525 1.8189894E-12 1 4.7922134E-05 0 0.99999994 -8.054485E-09 0.0001680851 0 0 0 0 1 -0.026945472 -3.174283E-11 -0.99963695 24.525 -2.3556483E-09 1 3.174283E-11 0 0.99963695 2.3556483E-09 -0.026945472 0 0 0 0 1 -0.026945472 -3.174283E-11 -0.99963695 24.525 -2.3556483E-09 1 3.174283E-11 0 0.99963695 2.3556483E-09 -0.026945472 0 0 0 0 1</float_array>
        <technique_common>
          <accessor source="#Motion_31_RForeArm_transform_pose_array_id" count="17" stride="16">
            <param name="TRANSFORM" type="float4x4" />
          </accessor>
        </technique_common>
      </source>
      <sampler id="Motion_31_RForeArm_transform_samp_id">
        <input semantic="INPUT" source="#Motion_31_RForeArm_transform_frame_id" />
        <input semantic="INTERPOLATION" source="#Motion_31_RForeArm_transform_interp_id" />
        <input semantic="OUTPUT" source="#Motion_31_RForeArm_transform_pose_id" />
      </sampler>
      <channel source="#Motion_31_RForeArm_transform_samp_id" target="RForeArm_bone_id/transform" />
    </animation>
    <animation id="Motion_31_RForeArmEX_transform_id" name="Motion_31_RForeArmEX_transform">
      <source id="Motion_31_RForeArmEX_transform_frame_id" name="Motion_31_RForeArmEX_transform_frame">
        <float_array id="Motion_31_RForeArmEX_transform_frame_array_id" count="17">0 0.033333335 0.06666667 0.1 0.13333334 0.16666667 0.2 0.23333333 0.26666668 0.3 0.33333334 0.36666667 0.4 0.43333334 0.46666667 0.5 0.53333336</float_array>
        <technique_common>
          <accessor source="#Motion_31_RForeArmEX_transform_frame_array_id" count="17" stride="1">
            <param name="TIME" type="float" />
          </accessor>
        </technique_common>
      </source>
      <source id="Motion_31_RForeArmEX_transform_interp_id" name="Motion_31_RForeArmEX_transform_interp">
        <Name_array id="Motion_31_RForeArmEX_transform_interp_array_id" count="17">LINEAR LINEAR LINEAR LINEAR LINEAR LINEAR LINEAR LINEAR LINEAR LINEAR LINEAR LINEAR LINEAR LINEAR LINEAR LINEAR LINEAR</Name_array>
        <technique_common>
          <accessor source="#Motion_31_RForeArmEX_transform_interp_array_id" count="17" stride="1">
            <param name="INTERPOLATION" type="Name" />
          </accessor>
        </technique_common>
      </source>
      <source id="Motion_31_RForeArmEX_transform_pose_id" name="Motion_31_RForeArmEX_transform_pose">
        <float_array id="Motion_31_RForeArmEX_transform_pose_array_id" count="272">1 0 0 24.525002 0 0.99318254 0.11656922 0.08585739 0 -0.11656922 0.99318254 0 0 0 0 1 1 0 0 24.525002 0 0.99281096 0.11969288 0.061855055 0 -0.11969288 0.99281096 0 0 0 0 1 1 0 0 24.525002 0 0.9924452 0.12268901 0.03673161 0 -0.12268901 0.9924452 0 0 0 0 1 1 0 0 24.525002 0 0.99215597 0.12500617 0.012276851 0 -0.12500617 0.99215597 0 0 0 0 1 1 0 0 24.525002 0 0.9918522 0.12739366 -0.009719413 0 -0.12739366 0.9918522 0 0 0 0 1 1 0 0 24.525002 0 0.99123204 0.13213247 -0.02746739 0 -0.13213247 0.99123204 0 0 0 0 1 1 0 0 24.525002 0 0.9902816 0.13907684 -0.03917728 0 -0.13907684 0.9902816 0 0 0 0 1 1 0 0 24.525002 0 0.9893183 0.1457713 -0.043059282 0 -0.1457713 0.9893183 0 0 0 0 1 1 0 0 24.525002 0 0.98861 0.15049975 -0.03732359 0 -0.15049975 0.98861 0 0 0 0 1 1 0 0 24.525002 0 0.9884496 0.15155011 -0.02591403 0 -0.15155011 0.9884496 0 0 0 0 1 1 0 0 24.525002 0 0.98890924 0.14852124 -0.01381696 0 -0.14852124 0.98890924 0 0 0 0 1 1 0 0 24.525002 0 0.9897384 0.14289117 -0.0008064087 0 -0.14289117 0.9897384 0 0 0 0 1 1 0 0 24.525002 0 0.9907409 0.13576621 0.0133435875 0 -0.13576621 0.9907409 0 0 0 0 1 1 0 0 24.525002 0 0.9917411 0.12825595 0.028859 0 -0.12825595 0.9917411 0 0 0 0 1 1 0 0 24.525002 0 0.9925946 0.12147431 0.04596579 0 -0.12147431 0.9925946 0 0 0 0 1 1 0 0 24.525002 0 0.9931876 0.11652636 0.064889945 0 -0.11652636 0.9931876 0 0 0 0 1 1 0 0 24.525002 0 0.9931876 0.11652636 0.064889945 0 -0.11652636 0.9931876 0 0 0 0 1</float_array>
        <technique_common>
          <accessor source="#Motion_31_RForeArmEX_transform_pose_array_id" count="17" stride="16">
            <param name="TRANSFORM" type="float4x4" />
          </accessor>
        </technique_common>
      </source>
      <sampler id="Motion_31_RForeArmEX_transform_samp_id">
        <input semantic="INPUT" source="#Motion_31_RForeArmEX_transform_frame_id" />
        <input semantic="INTERPOLATION" source="#Motion_31_RForeArmEX_transform_interp_id" />
        <input semantic="OUTPUT" source="#Motion_31_RForeArmEX_transform_pose_id" />
      </sampler>
      <channel source="#Motion_31_RForeArmEX_transform_samp_id" target="RForeArmEX_bone_id/transform" />
    </animation>
    <animation id="Motion_31_RHand_transform_id" name="Motion_31_RHand_transform">
      <source id="Motion_31_RHand_transform_frame_id" name="Motion_31_RHand_transform_frame">
        <float_array id="Motion_31_RHand_transform_frame_array_id" count="17">0 0.033333335 0.06666667 0.1 0.13333334 0.16666667 0.2 0.23333333 0.26666668 0.3 0.33333334 0.36666667 0.4 0.43333334 0.46666667 0.5 0.53333336</float_array>
        <technique_common>
          <accessor source="#Motion_31_RHand_transform_frame_array_id" count="17" stride="1">
            <param name="TIME" type="float" />
          </accessor>
        </technique_common>
      </source>
      <source id="Motion_31_RHand_transform_interp_id" name="Motion_31_RHand_transform_interp">
        <Name_array id="Motion_31_RHand_transform_interp_array_id" count="17">LINEAR LINEAR LINEAR LINEAR LINEAR LINEAR LINEAR LINEAR LINEAR LINEAR LINEAR LINEAR LINEAR LINEAR LINEAR LINEAR LINEAR</Name_array>
        <technique_common>
          <accessor source="#Motion_31_RHand_transform_interp_array_id" count="17" stride="1">
            <param name="INTERPOLATION" type="Name" />
          </accessor>
        </technique_common>
      </source>
      <source id="Motion_31_RHand_transform_pose_id" name="Motion_31_RHand_transform_pose">
        <float_array id="Motion_31_RHand_transform_pose_array_id" count="272">0.8379142 0.3320904 -0.4331463 24.525002 -0.2590156 0.94048405 0.22000158 0 0.48042756 -0.07215082 0.8740616 0 0 0 0 1 0.85556984 0.28939828 -0.4292422 24.525002 -0.2089996 0.9516696 0.22504258 0 0.4736237 -0.102828205 0.87470394 0 0 0 0 1 0.88614726 0.18558432 -0.4246192 24.525002 -0.09120314 0.9682289 0.23284084 0 0.45434016 -0.16760466 0.87491924 0 0 0 0 1 0.9082928 0.07430972 -0.41168234 24.525002 0.027913015 0.9711385 0.23687738 0 0.41740283 -0.22664532 0.88000387 0 0 0 0 1 0.91694236 0.008663315 -0.39892566 24.525002 0.09695274 0.96496606 0.2438045 0 0.3870619 -0.2622316 0.88397837 0 0 0 0 1 0.9185519 -0.035795227 -0.39367637 24.525002 0.1447761 0.9571592 0.25077102 0 0.36783454 -0.28734115 0.8843827 0 0 0 0 1 0.9154792 -0.051555432 -0.39904884 24.525002 0.16854268 0.9496921 0.26396656 0 0.36536458 -0.30891263 0.87811255 0 0 0 0 1 0.90808994 -0.03731177 -0.41710976 24.525002 0.16476446 0.9475253 0.2739497 0 0.3850005 -0.31749585 0.86658585 0 0 0 0 1 0.8956151 0.021641403 -0.4443031 24.525002 0.117230356 0.95202315 0.2826818 0 0.42910445 -0.3052599 0.8501093 0 0 0 0 1 0.8754357 0.089503385 -0.47497526 24.525002 0.05570682 0.9574717 0.2830983 0 0.48011366 -0.27429375 0.83321893 0 0 0 0 1 0.85039294 0.13355611 -0.5089151 24.525002 0.01216881 0.96199566 0.27279338 0 0.52600735 -0.23817447 0.8164491 0 0 0 0 1 0.8318952 0.15457635 -0.5329696 24.525002 -0.012763977 0.9654976 0.2600989 0 0.55478597 -0.2095722 0.8051658 0 0 0 0 1 0.82705677 0.15174553 -0.54124886 24.525002 -0.016400367 0.96897763 0.2466037 0 0.5618791 -0.19507858 0.8038882 0 0 0 0 1 0.83247423 0.15180695 -0.5328614 24.525002 -0.026603274 0.97157544 0.23523067 0 0.55342466 -0.18164761 0.81285006 0 0 0 0 1 0.83865136 0.20958647 -0.50272995 24.525002 -0.107319295 0.9684927 0.22473198 0 0.53399104 -0.13451916 0.8347204 0 0 0 0 1 0.837059 0.28476495 -0.4671629 24.525002 -0.20295492 0.9545639 0.2182132 0 0.5080763 -0.08784432 0.85682076 0 0 0 0 1 0.837059 0.28476495 -0.4671629 24.525002 -0.20295492 0.9545639 0.2182132 0 0.5080763 -0.08784432 0.85682076 0 0 0 0 1</float_array>
        <technique_common>
          <accessor source="#Motion_31_RHand_transform_pose_array_id" count="17" stride="16">
            <param name="TRANSFORM" type="float4x4" />
          </accessor>
        </technique_common>
      </source>
      <sampler id="Motion_31_RHand_transform_samp_id">
        <input semantic="INPUT" source="#Motion_31_RHand_transform_frame_id" />
        <input semantic="INTERPOLATION" source="#Motion_31_RHand_transform_interp_id" />
        <input semantic="OUTPUT" source="#Motion_31_RHand_transform_pose_id" />
      </sampler>
      <channel source="#Motion_31_RHand_transform_samp_id" target="RHand_bone_id/transform" />
    </animation>
    <animation id="Motion_31_RFingerB1_transform_id" name="Motion_31_RFingerB1_transform">
      <source id="Motion_31_RFingerB1_transform_frame_id" name="Motion_31_RFingerB1_transform_frame">
        <float_array id="Motion_31_RFingerB1_transform_frame_array_id" count="17">0 0.033333335 0.06666667 0.1 0.13333334 0.16666667 0.2 0.23333333 0.26666668 0.3 0.33333334 0.36666667 0.4 0.43333334 0.46666667 0.5 0.53333336</float_array>
        <technique_common>
          <accessor source="#Motion_31_RFingerB1_transform_frame_array_id" count="17" stride="1">
            <param name="TIME" type="float" />
          </accessor>
        </technique_common>
      </source>
      <source id="Motion_31_RFingerB1_transform_interp_id" name="Motion_31_RFingerB1_transform_interp">
        <Name_array id="Motion_31_RFingerB1_transform_interp_array_id" count="17">LINEAR LINEAR LINEAR LINEAR LINEAR LINEAR LINEAR LINEAR LINEAR LINEAR LINEAR LINEAR LINEAR LINEAR LINEAR LINEAR LINEAR</Name_array>
        <technique_common>
          <accessor source="#Motion_31_RFingerB1_transform_interp_array_id" count="17" stride="1">
            <param name="INTERPOLATION" type="Name" />
          </accessor>
        </technique_common>
      </source>
      <source id="Motion_31_RFingerB1_transform_pose_id" name="Motion_31_RFingerB1_transform_pose">
        <float_array id="Motion_31_RFingerB1_transform_pose_array_id" count="272">0.6390667 -0.6248519 0.44850188 9.726501 0.73737127 0.66360545 -0.12614071 0 -0.21880901 0.41132474 0.8848359 0 0 0 0 1 0.6390667 -0.6248519 0.44850188 9.726501 0.73737127 0.66360545 -0.12614071 0 -0.21880901 0.41132474 0.8848359 0 0 0 0 1 0.6390667 -0.6248519 0.44850188 9.726501 0.73737127 0.66360545 -0.12614071 0 -0.21880901 0.41132474 0.8848359 0 0 0 0 1 0.6390667 -0.6248519 0.44850188 9.726501 0.73737127 0.66360545 -0.12614071 0 -0.21880901 0.41132474 0.8848359 0 0 0 0 1 0.6390667 -0.6248519 0.44850188 9.726501 0.73737127 0.66360545 -0.12614071 0 -0.21880901 0.41132474 0.8848359 0 0 0 0 1 0.6390667 -0.6248519 0.44850188 9.726501 0.73737127 0.66360545 -0.12614071 0 -0.21880901 0.41132474 0.8848359 0 0 0 0 1 0.6390667 -0.6248519 0.44850188 9.726501 0.73737127 0.66360545 -0.12614071 0 -0.21880901 0.41132474 0.8848359 0 0 0 0 1 0.6390667 -0.6248519 0.44850188 9.726501 0.73737127 0.66360545 -0.12614071 0 -0.21880901 0.41132474 0.8848359 0 0 0 0 1 0.6390667 -0.6248519 0.44850188 9.726501 0.73737127 0.66360545 -0.12614071 0 -0.21880901 0.41132474 0.8848359 0 0 0 0 1 0.6390667 -0.6248519 0.44850188 9.726501 0.73737127 0.66360545 -0.12614071 0 -0.21880901 0.41132474 0.8848359 0 0 0 0 1 0.6390667 -0.6248519 0.44850188 9.726501 0.73737127 0.66360545 -0.12614071 0 -0.21880901 0.41132474 0.8848359 0 0 0 0 1 0.6390667 -0.6248519 0.44850188 9.726501 0.73737127 0.66360545 -0.12614071 0 -0.21880901 0.41132474 0.8848359 0 0 0 0 1 0.6390667 -0.6248519 0.44850188 9.726501 0.73737127 0.66360545 -0.12614071 0 -0.21880901 0.41132474 0.8848359 0 0 0 0 1 0.6390667 -0.6248519 0.44850188 9.726501 0.73737127 0.66360545 -0.12614071 0 -0.21880901 0.41132474 0.8848359 0 0 0 0 1 0.6390667 -0.6248519 0.44850188 9.726501 0.73737127 0.66360545 -0.12614071 0 -0.21880901 0.41132474 0.8848359 0 0 0 0 1 0.6390667 -0.6248519 0.44850188 9.726501 0.73737127 0.66360545 -0.12614071 0 -0.21880901 0.41132474 0.8848359 0 0 0 0 1 0.6390667 -0.6248519 0.44850188 9.726501 0.73737127 0.66360545 -0.12614071 0 -0.21880901 0.41132474 0.8848359 0 0 0 0 1</float_array>
        <technique_common>
          <accessor source="#Motion_31_RFingerB1_transform_pose_array_id" count="17" stride="16">
            <param name="TRANSFORM" type="float4x4" />
          </accessor>
        </technique_common>
      </source>
      <sampler id="Motion_31_RFingerB1_transform_samp_id">
        <input semantic="INPUT" source="#Motion_31_RFingerB1_transform_frame_id" />
        <input semantic="INTERPOLATION" source="#Motion_31_RFingerB1_transform_interp_id" />
        <input semantic="OUTPUT" source="#Motion_31_RFingerB1_transform_pose_id" />
      </sampler>
      <channel source="#Motion_31_RFingerB1_transform_samp_id" target="RFingerB1_bone_id/transform" />
    </animation>
    <animation id="Motion_31_RFingerB2_transform_id" name="Motion_31_RFingerB2_transform">
      <source id="Motion_31_RFingerB2_transform_frame_id" name="Motion_31_RFingerB2_transform_frame">
        <float_array id="Motion_31_RFingerB2_transform_frame_array_id" count="17">0 0.033333335 0.06666667 0.1 0.13333334 0.16666667 0.2 0.23333333 0.26666668 0.3 0.33333334 0.36666667 0.4 0.43333334 0.46666667 0.5 0.53333336</float_array>
        <technique_common>
          <accessor source="#Motion_31_RFingerB2_transform_frame_array_id" count="17" stride="1">
            <param name="TIME" type="float" />
          </accessor>
        </technique_common>
      </source>
      <source id="Motion_31_RFingerB2_transform_interp_id" name="Motion_31_RFingerB2_transform_interp">
        <Name_array id="Motion_31_RFingerB2_transform_interp_array_id" count="17">LINEAR LINEAR LINEAR LINEAR LINEAR LINEAR LINEAR LINEAR LINEAR LINEAR LINEAR LINEAR LINEAR LINEAR LINEAR LINEAR LINEAR</Name_array>
        <technique_common>
          <accessor source="#Motion_31_RFingerB2_transform_interp_array_id" count="17" stride="1">
            <param name="INTERPOLATION" type="Name" />
          </accessor>
        </technique_common>
      </source>
      <source id="Motion_31_RFingerB2_transform_pose_id" name="Motion_31_RFingerB2_transform_pose">
        <float_array id="Motion_31_RFingerB2_transform_pose_array_id" count="272">-0.45691288 -0.8895114 3.7818957E-08 4.799449 0.8895114 -0.45691288 1.17708154E-07 0 -8.742277E-08 8.742278E-08 1 0 0 0 0 1 -0.45691288 -0.8895114 3.7818957E-08 4.799449 0.8895114 -0.45691288 1.17708154E-07 0 -8.742277E-08 8.742278E-08 1 0 0 0 0 1 -0.45691288 -0.8895114 3.7818957E-08 4.799449 0.8895114 -0.45691288 1.17708154E-07 0 -8.742277E-08 8.742278E-08 1 0 0 0 0 1 -0.45691288 -0.8895114 3.7818957E-08 4.799449 0.8895114 -0.45691288 1.17708154E-07 0 -8.742277E-08 8.742278E-08 1 0 0 0 0 1 -0.45691288 -0.8895114 3.7818957E-08 4.799449 0.8895114 -0.45691288 1.17708154E-07 0 -8.742277E-08 8.742278E-08 1 0 0 0 0 1 -0.45691288 -0.8895114 3.7818957E-08 4.799449 0.8895114 -0.45691288 1.17708154E-07 0 -8.742277E-08 8.742278E-08 1 0 0 0 0 1 -0.45691288 -0.8895114 3.7818957E-08 4.799449 0.8895114 -0.45691288 1.17708154E-07 0 -8.742277E-08 8.742278E-08 1 0 0 0 0 1 -0.45691288 -0.8895114 3.7818957E-08 4.799449 0.8895114 -0.45691288 1.17708154E-07 0 -8.742277E-08 8.742278E-08 1 0 0 0 0 1 -0.45691288 -0.8895114 3.7818957E-08 4.799449 0.8895114 -0.45691288 1.17708154E-07 0 -8.742277E-08 8.742278E-08 1 0 0 0 0 1 -0.45691288 -0.8895114 3.7818957E-08 4.799449 0.8895114 -0.45691288 1.17708154E-07 0 -8.742277E-08 8.742278E-08 1 0 0 0 0 1 -0.45691288 -0.8895114 3.7818957E-08 4.799449 0.8895114 -0.45691288 1.17708154E-07 0 -8.742277E-08 8.742278E-08 1 0 0 0 0 1 -0.45691288 -0.8895114 3.7818957E-08 4.799449 0.8895114 -0.45691288 1.17708154E-07 0 -8.742277E-08 8.742278E-08 1 0 0 0 0 1 -0.45691288 -0.8895114 3.7818957E-08 4.799449 0.8895114 -0.45691288 1.17708154E-07 0 -8.742277E-08 8.742278E-08 1 0 0 0 0 1 -0.45691288 -0.8895114 3.7818957E-08 4.799449 0.8895114 -0.45691288 1.17708154E-07 0 -8.742277E-08 8.742278E-08 1 0 0 0 0 1 -0.45691288 -0.8895114 3.7818957E-08 4.799449 0.8895114 -0.45691288 1.17708154E-07 0 -8.742277E-08 8.742278E-08 1 0 0 0 0 1 -0.45691288 -0.8895114 3.7818957E-08 4.799449 0.8895114 -0.45691288 1.17708154E-07 0 -8.742277E-08 8.742278E-08 1 0 0 0 0 1 -0.45691288 -0.8895114 3.7818957E-08 4.799449 0.8895114 -0.45691288 1.17708154E-07 0 -8.742277E-08 8.742278E-08 1 0 0 0 0 1</float_array>
        <technique_common>
          <accessor source="#Motion_31_RFingerB2_transform_pose_array_id" count="17" stride="16">
            <param name="TRANSFORM" type="float4x4" />
          </accessor>
        </technique_common>
      </source>
      <sampler id="Motion_31_RFingerB2_transform_samp_id">
        <input semantic="INPUT" source="#Motion_31_RFingerB2_transform_frame_id" />
        <input semantic="INTERPOLATION" source="#Motion_31_RFingerB2_transform_interp_id" />
        <input semantic="OUTPUT" source="#Motion_31_RFingerB2_transform_pose_id" />
      </sampler>
      <channel source="#Motion_31_RFingerB2_transform_samp_id" target="RFingerB2_bone_id/transform" />
    </animation>
    <animation id="Motion_31_RFingerA_transform_id" name="Motion_31_RFingerA_transform">
      <source id="Motion_31_RFingerA_transform_frame_id" name="Motion_31_RFingerA_transform_frame">
        <float_array id="Motion_31_RFingerA_transform_frame_array_id" count="17">0 0.033333335 0.06666667 0.1 0.13333334 0.16666667 0.2 0.23333333 0.26666668 0.3 0.33333334 0.36666667 0.4 0.43333334 0.46666667 0.5 0.53333336</float_array>
        <technique_common>
          <accessor source="#Motion_31_RFingerA_transform_frame_array_id" count="17" stride="1">
            <param name="TIME" type="float" />
          </accessor>
        </technique_common>
      </source>
      <source id="Motion_31_RFingerA_transform_interp_id" name="Motion_31_RFingerA_transform_interp">
        <Name_array id="Motion_31_RFingerA_transform_interp_array_id" count="17">LINEAR LINEAR LINEAR LINEAR LINEAR LINEAR LINEAR LINEAR LINEAR LINEAR LINEAR LINEAR LINEAR LINEAR LINEAR LINEAR LINEAR</Name_array>
        <technique_common>
          <accessor source="#Motion_31_RFingerA_transform_interp_array_id" count="17" stride="1">
            <param name="INTERPOLATION" type="Name" />
          </accessor>
        </technique_common>
      </source>
      <source id="Motion_31_RFingerA_transform_pose_id" name="Motion_31_RFingerA_transform_pose">
        <float_array id="Motion_31_RFingerA_transform_pose_array_id" count="272">0.8813597 -0.45652544 0.121612735 6.811203 0.39364558 0.8519474 0.3452952 3.459 -0.2612437 -0.25645697 0.93058133 5.721981 0 0 0 1 0.8813597 -0.45652544 0.121612735 6.811203 0.39364558 0.8519474 0.3452952 3.459 -0.2612437 -0.25645697 0.93058133 5.721981 0 0 0 1 0.8813597 -0.45652544 0.121612735 6.811203 0.39364558 0.8519474 0.3452952 3.459 -0.2612437 -0.25645697 0.93058133 5.721981 0 0 0 1 0.8813597 -0.45652544 0.121612735 6.811203 0.39364558 0.8519474 0.3452952 3.459 -0.2612437 -0.25645697 0.93058133 5.721981 0 0 0 1 0.8813597 -0.45652544 0.121612735 6.811203 0.39364558 0.8519474 0.3452952 3.459 -0.2612437 -0.25645697 0.93058133 5.721981 0 0 0 1 0.8813597 -0.45652544 0.121612735 6.811203 0.39364558 0.8519474 0.3452952 3.459 -0.2612437 -0.25645697 0.93058133 5.721981 0 0 0 1 0.8813597 -0.45652544 0.121612735 6.811203 0.39364558 0.8519474 0.3452952 3.459 -0.2612437 -0.25645697 0.93058133 5.721981 0 0 0 1 0.8813597 -0.45652544 0.121612735 6.811203 0.39364558 0.8519474 0.3452952 3.459 -0.2612437 -0.25645697 0.93058133 5.721981 0 0 0 1 0.8813597 -0.45652544 0.121612735 6.811203 0.39364558 0.8519474 0.3452952 3.459 -0.2612437 -0.25645697 0.93058133 5.721981 0 0 0 1 0.8813597 -0.45652544 0.121612735 6.811203 0.39364558 0.8519474 0.3452952 3.459 -0.2612437 -0.25645697 0.93058133 5.721981 0 0 0 1 0.8813597 -0.45652544 0.121612735 6.811203 0.39364558 0.8519474 0.3452952 3.459 -0.2612437 -0.25645697 0.93058133 5.721981 0 0 0 1 0.8813597 -0.45652544 0.121612735 6.811203 0.39364558 0.8519474 0.3452952 3.459 -0.2612437 -0.25645697 0.93058133 5.721981 0 0 0 1 0.8813597 -0.45652544 0.121612735 6.811203 0.39364558 0.8519474 0.3452952 3.459 -0.2612437 -0.25645697 0.93058133 5.721981 0 0 0 1 0.8813597 -0.45652544 0.121612735 6.811203 0.39364558 0.8519474 0.3452952 3.459 -0.2612437 -0.25645697 0.93058133 5.721981 0 0 0 1 0.8813597 -0.45652544 0.121612735 6.811203 0.39364558 0.8519474 0.3452952 3.459 -0.2612437 -0.25645697 0.93058133 5.721981 0 0 0 1 0.8813597 -0.45652544 0.121612735 6.811203 0.39364558 0.8519474 0.3452952 3.459 -0.2612437 -0.25645697 0.93058133 5.721981 0 0 0 1 0.8813597 -0.45652544 0.121612735 6.811203 0.39364558 0.8519474 0.3452952 3.459 -0.2612437 -0.25645697 0.93058133 5.721981 0 0 0 1</float_array>
        <technique_common>
          <accessor source="#Motion_31_RFingerA_transform_pose_array_id" count="17" stride="16">
            <param name="TRANSFORM" type="float4x4" />
          </accessor>
        </technique_common>
      </source>
      <sampler id="Motion_31_RFingerA_transform_samp_id">
        <input semantic="INPUT" source="#Motion_31_RFingerA_transform_frame_id" />
        <input semantic="INTERPOLATION" source="#Motion_31_RFingerA_transform_interp_id" />
        <input semantic="OUTPUT" source="#Motion_31_RFingerA_transform_pose_id" />
      </sampler>
      <channel source="#Motion_31_RFingerA_transform_samp_id" target="RFingerA_bone_id/transform" />
    </animation>
    <animation id="Motion_31_LShoulder_transform_id" name="Motion_31_LShoulder_transform">
      <source id="Motion_31_LShoulder_transform_frame_id" name="Motion_31_LShoulder_transform_frame">
        <float_array id="Motion_31_LShoulder_transform_frame_array_id" count="17">0 0.033333335 0.06666667 0.1 0.13333334 0.16666667 0.2 0.23333333 0.26666668 0.3 0.33333334 0.36666667 0.4 0.43333334 0.46666667 0.5 0.53333336</float_array>
        <technique_common>
          <accessor source="#Motion_31_LShoulder_transform_frame_array_id" count="17" stride="1">
            <param name="TIME" type="float" />
          </accessor>
        </technique_common>
      </source>
      <source id="Motion_31_LShoulder_transform_interp_id" name="Motion_31_LShoulder_transform_interp">
        <Name_array id="Motion_31_LShoulder_transform_interp_array_id" count="17">LINEAR LINEAR LINEAR LINEAR LINEAR LINEAR LINEAR LINEAR LINEAR LINEAR LINEAR LINEAR LINEAR LINEAR LINEAR LINEAR LINEAR</Name_array>
        <technique_common>
          <accessor source="#Motion_31_LShoulder_transform_interp_array_id" count="17" stride="1">
            <param name="INTERPOLATION" type="Name" />
          </accessor>
        </technique_common>
      </source>
      <source id="Motion_31_LShoulder_transform_pose_id" name="Motion_31_LShoulder_transform_pose">
        <float_array id="Motion_31_LShoulder_transform_pose_array_id" count="272">-0.428223 0.8993523 -0.08826563 14.321973 -0.90367067 -0.42640722 0.039452367 -4.545 -0.0021555126 0.09665746 0.9953154 -0.242635 0 0 0 1 -0.43040812 0.89834523 -0.08789128 14.321973 -0.9026308 -0.42808473 0.044734143 -4.545 0.002561789 0.09858731 0.9951251 -0.242635 0 0 0 1 -0.43494582 0.89622533 -0.08719145 14.321973 -0.90042806 -0.43211675 0.050044484 -4.545 0.0071742497 0.10027627 0.9949338 -0.242635 0 0 0 1 -0.4399972 0.89383715 -0.08635715 14.321973 -0.8979359 -0.43678582 0.0541225 -4.545 0.010657124 0.10135693 0.99479306 -0.242635 0 0 0 1 -0.44338322 0.89221066 -0.085855216 14.321973 -0.8962504 -0.44001234 0.055892825 -4.545 0.012090806 0.101729736 0.9947386 -0.242635 0 0 0 1 -0.4441738 0.89187413 -0.085264474 14.321973 -0.8959034 -0.44127297 0.051332265 -4.545 0.008156996 0.09918919 0.9950352 -0.242635 0 0 0 1 -0.44356298 0.8921807 -0.085237905 14.321973 -0.89624023 -0.44179523 0.039628804 -4.545 -0.0023016445 0.09397152 0.9955722 -0.242635 0 0 0 1 -0.44270802 0.892602 -0.08526966 14.321973 -0.896581 -0.441967 0.02841443 -4.545 -0.0123236105 0.08903047 0.99595267 -0.242635 0 0 0 1 -0.44267046 0.8926551 -0.08490722 14.321973 -0.8965592 -0.44220054 0.025294324 -4.545 -0.014966931 0.087321416 0.99606776 -0.242635 0 0 0 1 -0.4436257 0.89218056 -0.08491504 14.321973 -0.8961092 -0.4430169 0.026920898 -4.545 -0.013600484 0.08803593 0.9960244 -0.242635 0 0 0 1 -0.4448235 0.8916108 -0.08463126 14.321973 -0.895515 -0.44421744 0.026906015 -4.545 -0.013604976 0.087756984 0.996049 -0.242635 0 0 0 1 -0.44585085 0.89110166 -0.084586754 14.321973 -0.8950005 -0.4452622 0.02675216 -4.545 -0.013824396 0.08763266 0.9960569 -0.242635 0 0 0 1 -0.44613457 0.89092076 -0.084995165 14.321973 -0.894873 -0.4454404 0.02802153 -4.545 -0.01289532 0.08856125 0.99598724 -0.242635 0 0 0 1 -0.4437294 0.8920579 -0.08565588 14.321973 -0.8960947 -0.4428265 0.030315846 -4.545 -0.010887198 0.090207815 0.99586344 -0.242635 0 0 0 1 -0.43731248 0.89512134 -0.08668961 14.321973 -0.8992717 -0.43613875 0.033056706 -4.545 -0.008218955 0.09241365 0.99568677 -0.242635 0 0 0 1 -0.4308957 0.89813226 -0.087677 14.321973 -0.9023866 -0.429412 0.03610599 -4.545 -0.0052216016 0.094676465 0.9954944 -0.242635 0 0 0 1 -0.4308957 0.89813226 -0.087677 14.321973 -0.9023866 -0.429412 0.03610599 -4.545 -0.0052216016 0.094676465 0.9954944 -0.242635 0 0 0 1</float_array>
        <technique_common>
          <accessor source="#Motion_31_LShoulder_transform_pose_array_id" count="17" stride="16">
            <param name="TRANSFORM" type="float4x4" />
          </accessor>
        </technique_common>
      </source>
      <sampler id="Motion_31_LShoulder_transform_samp_id">
        <input semantic="INPUT" source="#Motion_31_LShoulder_transform_frame_id" />
        <input semantic="INTERPOLATION" source="#Motion_31_LShoulder_transform_interp_id" />
        <input semantic="OUTPUT" source="#Motion_31_LShoulder_transform_pose_id" />
      </sampler>
      <channel source="#Motion_31_LShoulder_transform_samp_id" target="LShoulder_bone_id/transform" />
    </animation>
    <animation id="Motion_31_LArm_transform_id" name="Motion_31_LArm_transform">
      <source id="Motion_31_LArm_transform_frame_id" name="Motion_31_LArm_transform_frame">
        <float_array id="Motion_31_LArm_transform_frame_array_id" count="17">0 0.033333335 0.06666667 0.1 0.13333334 0.16666667 0.2 0.23333333 0.26666668 0.3 0.33333334 0.36666667 0.4 0.43333334 0.46666667 0.5 0.53333336</float_array>
        <technique_common>
          <accessor source="#Motion_31_LArm_transform_frame_array_id" count="17" stride="1">
            <param name="TIME" type="float" />
          </accessor>
        </technique_common>
      </source>
      <source id="Motion_31_LArm_transform_interp_id" name="Motion_31_LArm_transform_interp">
        <Name_array id="Motion_31_LArm_transform_interp_array_id" count="17">LINEAR LINEAR LINEAR LINEAR LINEAR LINEAR LINEAR LINEAR LINEAR LINEAR LINEAR LINEAR LINEAR LINEAR LINEAR LINEAR LINEAR</Name_array>
        <technique_common>
          <accessor source="#Motion_31_LArm_transform_interp_array_id" count="17" stride="1">
            <param name="INTERPOLATION" type="Name" />
          </accessor>
        </technique_common>
      </source>
      <source id="Motion_31_LArm_transform_pose_id" name="Motion_31_LArm_transform_pose">
        <float_array id="Motion_31_LArm_transform_pose_array_id" count="272">0.75110996 0.6552917 -0.080166295 13.56992 -0.642483 0.6976439 -0.31703097 0 -0.15182023 0.2896306 0.94502103 0 0 0 0 1 0.7534247 0.6461564 -0.12179152 13.56992 -0.64901084 0.7010633 -0.29545778 0 -0.10552836 0.3016492 0.94756085 0 0 0 0 1 0.7537126 0.6219032 -0.2124941 13.56992 -0.6571423 0.7087228 -0.2566634 0 -0.009020366 0.33308932 0.94285214 0 0 0 0 1 0.7467329 0.59299046 -0.3012512 13.56992 -0.65985864 0.71735644 -0.22357628 0 0.083525896 0.36573496 0.9269635 0 0 0 0 1 0.7397013 0.5761498 -0.34769732 13.56992 -0.66079605 0.71958685 -0.21340919 0 0.12724276 0.38761604 0.91299677 0 0 0 0 1 0.7401315 0.57354325 -0.3510748 13.56992 -0.6604466 0.7182301 -0.21898827 0 0.12655324 0.39394626 0.9103794 0 0 0 0 1 0.7487859 0.5713849 -0.3359151 13.56992 -0.65354836 0.72091377 -0.23055989 0 0.110427395 0.39217675 0.91323775 0 0 0 0 1 0.7638792 0.5711869 -0.30038992 13.56992 -0.64064014 0.72732794 -0.24611837 0 0.0779024 0.38044655 0.92151594 0 0 0 0 1 0.7821163 0.5742878 -0.24184236 13.56992 -0.62247574 0.7378646 -0.260921 0 0.028603189 0.35461158 0.9345761 0 0 0 0 1 0.79850966 0.57688415 -0.1720086 13.56992 -0.6015276 0.7535409 -0.26521832 0 -0.023384742 0.3152473 0.9487214 0 0 0 0 1 0.81001514 0.5777369 -0.100476265 13.56992 -0.5831178 0.7754297 -0.24224457 0 -0.062041376 0.25481126 0.9649985 0 0 0 0 1 0.8162724 0.5765004 -0.036696684 13.56992 -0.5708269 0.7952305 -0.20436504 0 -0.08863419 0.187765 0.9782067 0 0 0 0 1 0.8146895 0.5798341 0.00856645 13.56992 -0.5706668 0.8042594 -0.16585 0 -0.103055134 0.13022767 0.9861138 0 0 0 0 1 0.8013745 0.59722376 0.033506747 13.56992 -0.58640754 0.7954427 -0.15296105 0 -0.118004665 0.102930464 0.98766404 0 0 0 0 1 0.7794318 0.6263118 0.01481986 13.56992 -0.6107099 0.76486564 -0.20497301 0 -0.13971221 0.15071186 0.9786554 0 0 0 0 1 0.75975174 0.6486991 -0.044346996 13.56992 -0.63245493 0.72144985 -0.2819766 0 -0.15092388 0.24227968 0.95839584 0 0 0 0 1 0.75975174 0.6486991 -0.044346996 13.56992 -0.63245493 0.72144985 -0.2819766 0 -0.15092388 0.24227968 0.95839584 0 0 0 0 1</float_array>
        <technique_common>
          <accessor source="#Motion_31_LArm_transform_pose_array_id" count="17" stride="16">
            <param name="TRANSFORM" type="float4x4" />
          </accessor>
        </technique_common>
      </source>
      <sampler id="Motion_31_LArm_transform_samp_id">
        <input semantic="INPUT" source="#Motion_31_LArm_transform_frame_id" />
        <input semantic="INTERPOLATION" source="#Motion_31_LArm_transform_interp_id" />
        <input semantic="OUTPUT" source="#Motion_31_LArm_transform_pose_id" />
      </sampler>
      <channel source="#Motion_31_LArm_transform_samp_id" target="LArm_bone_id/transform" />
    </animation>
    <animation id="Motion_31_LForeArm_transform_id" name="Motion_31_LForeArm_transform">
      <source id="Motion_31_LForeArm_transform_frame_id" name="Motion_31_LForeArm_transform_frame">
        <float_array id="Motion_31_LForeArm_transform_frame_array_id" count="17">0 0.033333335 0.06666667 0.1 0.13333334 0.16666667 0.2 0.23333333 0.26666668 0.3 0.33333334 0.36666667 0.4 0.43333334 0.46666667 0.5 0.53333336</float_array>
        <technique_common>
          <accessor source="#Motion_31_LForeArm_transform_frame_array_id" count="17" stride="1">
            <param name="TIME" type="float" />
          </accessor>
        </technique_common>
      </source>
      <source id="Motion_31_LForeArm_transform_interp_id" name="Motion_31_LForeArm_transform_interp">
        <Name_array id="Motion_31_LForeArm_transform_interp_array_id" count="17">LINEAR LINEAR LINEAR LINEAR LINEAR LINEAR LINEAR LINEAR LINEAR LINEAR LINEAR LINEAR LINEAR LINEAR LINEAR LINEAR LINEAR</Name_array>
        <technique_common>
          <accessor source="#Motion_31_LForeArm_transform_interp_array_id" count="17" stride="1">
            <param name="INTERPOLATION" type="Name" />
          </accessor>
        </technique_common>
      </source>
      <source id="Motion_31_LForeArm_transform_pose_id" name="Motion_31_LForeArm_transform_pose">
        <float_array id="Motion_31_LForeArm_transform_pose_array_id" count="272">0.94537103 7.884187E-05 -0.32599625 24.525 -7.60518E-05 1 2.1302998E-05 0 0.32599625 4.653364E-06 0.94537103 0 0 0 0 1 0.94091153 7.877897E-05 -0.33865255 24.525 -7.587835E-05 1 2.180451E-05 0 0.33865255 5.180281E-06 0.94091153 0 0 0 0 1 0.9415005 7.87874E-05 -0.33701164 24.525 -7.590113E-05 1 2.1739448E-05 0 0.33701164 5.111865E-06 0.9415005 0 0 0 0 1 0.9388779 7.8749545E-05 -0.3442504 24.525 -7.5799944E-05 1 2.2026556E-05 0 0.3442504 5.413918E-06 0.9388779 0 0 0 0 1 0.93156433 7.864029E-05 -0.3635765 24.525 -7.552116E-05 1 2.2794295E-05 0 0.3635765 6.2233676E-06 0.93156433 0 0 0 0 1 0.9256113 7.85478E-05 -0.37847552 24.525 -7.5297496E-05 1 2.3387485E-05 0 0.37847552 6.8505387E-06 0.9256113 0 0 0 0 1 0.9242809 7.852674E-05 -0.381713 24.525 -7.524787E-05 1 2.3516546E-05 0 0.381713 6.9871976E-06 0.9242809 0 0 0 0 1 0.9257296 7.8549674E-05 -0.37818608 24.525 -7.530192E-05 1 2.337595E-05 0 0.37818608 6.8383288E-06 0.9257296 0 0 0 0 1 0.9278311 7.8582634E-05 -0.3730006 24.525 -7.538059E-05 1 2.3169365E-05 0 0.3730006 6.6197445E-06 0.9278311 0 0 0 0 1 0.9330791 7.866333E-05 -0.35967112 24.525 -7.5578515E-05 1 2.2639002E-05 0 0.35967112 6.059432E-06 0.9330791 0 0 0 0 1 0.94364923 7.881786E-05 -0.33094737 24.525 -7.598457E-05 1 2.1499107E-05 0 0.33094737 4.859279E-06 0.94364923 0 0 0 0 1 0.95799977 7.900562E-05 -0.2867689 24.525 -7.655659E-05 1 1.975258E-05 0 0.2867689 3.0310812E-06 0.95799977 0 0 0 0 1 0.97527444 7.917831E-05 -0.22099705 24.525 -7.72965E-05 1 1.7163129E-05 0 0.22099705 3.4353616E-07 0.9752745 0 0 0 0 1 0.98108107 7.921398E-05 -0.19359723 24.525 -7.75671E-05 1 1.6086819E-05 0 0.19359723 -7.656972E-07 0.98108107 0 0 0 0 1 0.97158515 7.914838E-05 -0.23669021 24.525 -7.713169E-05 1 1.7780098E-05 0 0.23669021 9.814366E-07 0.97158515 0 0 0 0 1 0.9570223 7.899383E-05 -0.29001436 24.525 -7.651667E-05 1 1.9880645E-05 0 0.29001436 3.1647078E-06 0.9570223 0 0 0 0 1 0.9570223 7.899383E-05 -0.29001436 24.525 -7.651667E-05 1 1.9880645E-05 0 0.29001436 3.1647078E-06 0.9570223 0 0 0 0 1</float_array>
        <technique_common>
          <accessor source="#Motion_31_LForeArm_transform_pose_array_id" count="17" stride="16">
            <param name="TRANSFORM" type="float4x4" />
          </accessor>
        </technique_common>
      </source>
      <sampler id="Motion_31_LForeArm_transform_samp_id">
        <input semantic="INPUT" source="#Motion_31_LForeArm_transform_frame_id" />
        <input semantic="INTERPOLATION" source="#Motion_31_LForeArm_transform_interp_id" />
        <input semantic="OUTPUT" source="#Motion_31_LForeArm_transform_pose_id" />
      </sampler>
      <channel source="#Motion_31_LForeArm_transform_samp_id" target="LForeArm_bone_id/transform" />
    </animation>
    <animation id="Motion_31_LHand_transform_id" name="Motion_31_LHand_transform">
      <source id="Motion_31_LHand_transform_frame_id" name="Motion_31_LHand_transform_frame">
        <float_array id="Motion_31_LHand_transform_frame_array_id" count="17">0 0.033333335 0.06666667 0.1 0.13333334 0.16666667 0.2 0.23333333 0.26666668 0.3 0.33333334 0.36666667 0.4 0.43333334 0.46666667 0.5 0.53333336</float_array>
        <technique_common>
          <accessor source="#Motion_31_LHand_transform_frame_array_id" count="17" stride="1">
            <param name="TIME" type="float" />
          </accessor>
        </technique_common>
      </source>
      <source id="Motion_31_LHand_transform_interp_id" name="Motion_31_LHand_transform_interp">
        <Name_array id="Motion_31_LHand_transform_interp_array_id" count="17">LINEAR LINEAR LINEAR LINEAR LINEAR LINEAR LINEAR LINEAR LINEAR LINEAR LINEAR LINEAR LINEAR LINEAR LINEAR LINEAR LINEAR</Name_array>
        <technique_common>
          <accessor source="#Motion_31_LHand_transform_interp_array_id" count="17" stride="1">
            <param name="INTERPOLATION" type="Name" />
          </accessor>
        </technique_common>
      </source>
      <source id="Motion_31_LHand_transform_pose_id" name="Motion_31_LHand_transform_pose">
        <float_array id="Motion_31_LHand_transform_pose_array_id" count="272">0.9249433 0.31341448 0.21506092 24.525002 -0.36884353 0.8767668 0.3086008 0 -0.0918383 -0.3647621 0.9265605 0 0 0 0 1 0.93212235 0.3065041 0.1928811 24.525002 -0.35400453 0.8834647 0.3068729 0 -0.07634586 -0.35432386 0.932001 0 0 0 0 1 0.9482181 0.2863808 0.13736251 24.525002 -0.31528756 0.90099347 0.2980008 0 -0.03842102 -0.32587844 0.9446306 0 0 0 0 1 0.9648927 0.2542115 0.06601947 24.525002 -0.26247418 0.92426014 0.27721927 0 0.009453164 -0.28481528 0.9585358 0 0 0 0 1 0.97705185 0.21298693 -0.0024988186 24.525002 -0.20604841 0.94806516 0.24231495 0 0.053978957 -0.23623939 0.9701944 0 0 0 0 1 0.98400813 0.17092735 -0.05011835 24.525002 -0.15796426 0.96740955 0.19790426 0 0.08231222 -0.1868225 0.97893924 0 0 0 0 1 0.9881246 0.13859195 -0.066347755 24.525002 -0.12707928 0.9798404 0.15415475 0 0.08637481 -0.14389268 0.98581654 0 0 0 0 1 0.99066937 0.11481893 -0.07342205 24.525002 -0.10529558 0.9868618 0.122542225 0 0.08652758 -0.11366781 0.9897437 0 0 0 0 1 0.9924971 0.097086124 -0.07432201 24.525002 -0.08863994 0.9900205 0.10955532 0 0.08421662 -0.10214543 0.9911982 0 0 0 0 1 0.99378943 0.08640605 -0.07011852 24.525002 -0.07690565 0.9887336 0.12841882 0 0.080424696 -0.12222876 0.9892381 0 0 0 0 1 0.9948389 0.08157066 -0.060347166 24.525002 -0.06977054 0.9817615 0.17685151 0 0.07367242 -0.17172831 0.98238575 0 0 0 0 1 0.99571323 0.080629125 -0.045322582 24.525002 -0.06758039 0.9687413 0.23869069 0 0.06315128 -0.23460455 0.97003746 0 0 0 0 1 0.9942314 0.10699634 -0.007461626 24.525002 -0.099943176 0.94944566 0.29759756 0 0.03892626 -0.2951351 0.95466226 0 0 0 0 1 0.98432827 0.16598393 0.059558228 24.525002 -0.17634581 0.9264401 0.33258218 0 2.6164576E-05 -0.33787286 0.94119173 0 0 0 0 1 0.96287763 0.23377368 0.13496865 24.525002 -0.26634023 0.90412664 0.3340926 0 -0.043926716 -0.35763785 0.9328267 0 0 0 0 1 0.9375334 0.28989458 0.19233397 24.525002 -0.33909518 0.88502777 0.31896764 0 -0.0777539 -0.36426234 0.92804486 0 0 0 0 1 0.9375334 0.28989458 0.19233397 24.525002 -0.33909518 0.88502777 0.31896764 0 -0.0777539 -0.36426234 0.92804486 0 0 0 0 1</float_array>
        <technique_common>
          <accessor source="#Motion_31_LHand_transform_pose_array_id" count="17" stride="16">
            <param name="TRANSFORM" type="float4x4" />
          </accessor>
        </technique_common>
      </source>
      <sampler id="Motion_31_LHand_transform_samp_id">
        <input semantic="INPUT" source="#Motion_31_LHand_transform_frame_id" />
        <input semantic="INTERPOLATION" source="#Motion_31_LHand_transform_interp_id" />
        <input semantic="OUTPUT" source="#Motion_31_LHand_transform_pose_id" />
      </sampler>
      <channel source="#Motion_31_LHand_transform_samp_id" target="LHand_bone_id/transform" />
    </animation>
    <animation id="Motion_31_LFingerB1_transform_id" name="Motion_31_LFingerB1_transform">
      <source id="Motion_31_LFingerB1_transform_frame_id" name="Motion_31_LFingerB1_transform_frame">
        <float_array id="Motion_31_LFingerB1_transform_frame_array_id" count="17">0 0.033333335 0.06666667 0.1 0.13333334 0.16666667 0.2 0.23333333 0.26666668 0.3 0.33333334 0.36666667 0.4 0.43333334 0.46666667 0.5 0.53333336</float_array>
        <technique_common>
          <accessor source="#Motion_31_LFingerB1_transform_frame_array_id" count="17" stride="1">
            <param name="TIME" type="float" />
          </accessor>
        </technique_common>
      </source>
      <source id="Motion_31_LFingerB1_transform_interp_id" name="Motion_31_LFingerB1_transform_interp">
        <Name_array id="Motion_31_LFingerB1_transform_interp_array_id" count="17">LINEAR LINEAR LINEAR LINEAR LINEAR LINEAR LINEAR LINEAR LINEAR LINEAR LINEAR LINEAR LINEAR LINEAR LINEAR LINEAR LINEAR</Name_array>
        <technique_common>
          <accessor source="#Motion_31_LFingerB1_transform_interp_array_id" count="17" stride="1">
            <param name="INTERPOLATION" type="Name" />
          </accessor>
        </technique_common>
      </source>
      <source id="Motion_31_LFingerB1_transform_pose_id" name="Motion_31_LFingerB1_transform_pose">
        <float_array id="Motion_31_LFingerB1_transform_pose_array_id" count="272">0.98178625 0.15370102 0.11167694 9.726463 -0.17069845 0.9716937 0.16331998 0 -0.083413325 -0.1794084 0.98023206 0 0 0 0 1 0.98021847 0.16205326 0.11362413 9.726463 -0.17920744 0.9703782 0.16202115 0 -0.08400232 -0.1791784 0.9802238 0 0 0 0 1 0.9761723 0.18255654 0.11730624 9.726463 -0.19995666 0.9667391 0.15947668 0 -0.08429102 -0.1791329 0.9802073 0 0 0 0 1 0.97008586 0.21000372 0.12178614 9.726463 -0.22767602 0.9611232 0.15622342 0 -0.08424399 -0.17927793 0.98018485 0 0 0 0 1 0.9632315 0.23728788 0.126014 9.726463 -0.25520253 0.9547075 0.1529877 0 -0.08400437 -0.17952166 0.98016083 0 0 0 0 1 0.95763534 0.25746936 0.12901182 9.726463 -0.27554744 0.9494192 0.15058817 0 -0.08371447 -0.17975743 0.9801424 0 0 0 0 1 0.9552586 0.26567367 0.1299944 9.726463 -0.28378972 0.94711965 0.14975901 0 -0.08333323 -0.17994966 0.9801396 0 0 0 0 1 0.95999724 0.24949199 0.12711844 9.726463 -0.26739836 0.95155394 0.15180007 0 -0.083087154 -0.17971891 0.98020285 0 0 0 0 1 0.97037876 0.20943382 0.120426744 9.726463 -0.2269068 0.96122545 0.15671286 0 -0.08293627 -0.17939648 0.9802747 0 0 0 0 1 0.9816067 0.15498309 0.11148332 9.726463 -0.1719072 0.9715302 0.16302462 0 -0.08304335 -0.17919086 0.9803032 0 0 0 0 1 0.9897107 0.10002918 0.10230774 9.726463 -0.11637134 0.97875607 0.16880253 0 -0.08324914 -0.17897135 0.9803259 0 0 0 0 1 0.9937104 0.05892019 0.09522613 9.726463 -0.074800536 0.9820944 0.17290302 0 -0.083333574 -0.1789385 0.9803247 0 0 0 0 1 0.9948352 0.042113468 0.09235489 9.726463 -0.057822958 0.9829315 0.17464866 0 -0.08342348 -0.17908685 0.98029 0 0 0 0 1 0.99363923 0.059603456 0.095542975 9.726463 -0.07556623 0.98196703 0.17329314 0 -0.083491184 -0.1794107 0.98022497 0 0 0 0 1 0.98990744 0.09803552 0.10233419 9.726463 -0.114476375 0.9788338 0.16964547 0 -0.08353688 -0.17964818 0.9801776 0 0 0 0 1 0.98467255 0.13633798 0.10877465 9.726463 -0.15319048 0.9742108 0.16566838 0 -0.08338253 -0.17979236 0.9801643 0 0 0 0 1 0.98467255 0.13633798 0.10877465 9.726463 -0.15319048 0.9742108 0.16566838 0 -0.08338253 -0.17979236 0.9801643 0 0 0 0 1</float_array>
        <technique_common>
          <accessor source="#Motion_31_LFingerB1_transform_pose_array_id" count="17" stride="16">
            <param name="TRANSFORM" type="float4x4" />
          </accessor>
        </technique_common>
      </source>
      <sampler id="Motion_31_LFingerB1_transform_samp_id">
        <input semantic="INPUT" source="#Motion_31_LFingerB1_transform_frame_id" />
        <input semantic="INTERPOLATION" source="#Motion_31_LFingerB1_transform_interp_id" />
        <input semantic="OUTPUT" source="#Motion_31_LFingerB1_transform_pose_id" />
      </sampler>
      <channel source="#Motion_31_LFingerB1_transform_samp_id" target="LFingerB1_bone_id/transform" />
    </animation>
    <animation id="Motion_31_LFingerB2_transform_id" name="Motion_31_LFingerB2_transform">
      <source id="Motion_31_LFingerB2_transform_frame_id" name="Motion_31_LFingerB2_transform_frame">
        <float_array id="Motion_31_LFingerB2_transform_frame_array_id" count="17">0 0.033333335 0.06666667 0.1 0.13333334 0.16666667 0.2 0.23333333 0.26666668 0.3 0.33333334 0.36666667 0.4 0.43333334 0.46666667 0.5 0.53333336</float_array>
        <technique_common>
          <accessor source="#Motion_31_LFingerB2_transform_frame_array_id" count="17" stride="1">
            <param name="TIME" type="float" />
          </accessor>
        </technique_common>
      </source>
      <source id="Motion_31_LFingerB2_transform_interp_id" name="Motion_31_LFingerB2_transform_interp">
        <Name_array id="Motion_31_LFingerB2_transform_interp_array_id" count="17">LINEAR LINEAR LINEAR LINEAR LINEAR LINEAR LINEAR LINEAR LINEAR LINEAR LINEAR LINEAR LINEAR LINEAR LINEAR LINEAR LINEAR</Name_array>
        <technique_common>
          <accessor source="#Motion_31_LFingerB2_transform_interp_array_id" count="17" stride="1">
            <param name="INTERPOLATION" type="Name" />
          </accessor>
        </technique_common>
      </source>
      <source id="Motion_31_LFingerB2_transform_pose_id" name="Motion_31_LFingerB2_transform_pose">
        <float_array id="Motion_31_LFingerB2_transform_pose_array_id" count="272">0.8538171 0.52057314 0 4.799448 -0.52057314 0.8538171 0 0 0 0 1 0 0 0 0 1 0.8492885 0.527929 0 4.799448 -0.527929 0.8492885 0 0 0 0 1 0 0 0 0 1 0.8379116 0.54580593 0 4.799448 -0.54580593 0.8379116 0 0 0 0 1 0 0 0 0 1 0.82202995 0.5694443 0 4.799448 -0.5694443 0.82202995 0 0 0 0 1 0 0 0 0 1 0.80548155 0.59262085 0 4.799448 -0.59262085 0.80548155 0 0 0 0 1 0 0 0 0 1 0.79274374 0.60955507 0 4.799448 -0.60955507 0.79274374 0 0 0 0 1 0 0 0 0 1 0.78745097 0.61637735 0 4.799448 -0.61637735 0.78745097 0 0 0 0 1 0 0 0 0 1 0.79786706 0.6028334 0 4.799448 -0.6028334 0.79786706 0 0 0 0 1 0 0 0 0 1 0.8224284 0.56886864 0 4.799448 -0.56886864 0.8224284 0 0 0 0 1 0 0 0 0 1 0.8531547 0.521658 0 4.799448 -0.521658 0.8531547 0 0 0 0 1 0 0 0 0 1 0.881174 0.47279203 0 4.799448 -0.47279203 0.881174 0 0 0 0 1 0 0 0 0 1 0.900213 0.4354498 0 4.799448 -0.4354498 0.900213 0 0 0 0 1 0 0 0 0 1 0.9075229 0.42000255 0 4.799448 -0.42000255 0.9075229 0 0 0 0 1 0 0 0 0 1 0.8998924 0.436112 0 4.799448 -0.436112 0.8998924 0 0 0 0 1 0 0 0 0 1 0.8821037 0.47105533 0 4.799448 -0.47105533 0.8821037 0 0 0 0 1 0 0 0 0 1 0.86295867 0.50527453 0 4.799448 -0.50527453 0.86295867 0 0 0 0 1 0 0 0 0 1 0.86295867 0.50527453 0 4.799448 -0.50527453 0.86295867 0 0 0 0 1 0 0 0 0 1</float_array>
        <technique_common>
          <accessor source="#Motion_31_LFingerB2_transform_pose_array_id" count="17" stride="16">
            <param name="TRANSFORM" type="float4x4" />
          </accessor>
        </technique_common>
      </source>
      <sampler id="Motion_31_LFingerB2_transform_samp_id">
        <input semantic="INPUT" source="#Motion_31_LFingerB2_transform_frame_id" />
        <input semantic="INTERPOLATION" source="#Motion_31_LFingerB2_transform_interp_id" />
        <input semantic="OUTPUT" source="#Motion_31_LFingerB2_transform_pose_id" />
      </sampler>
      <channel source="#Motion_31_LFingerB2_transform_samp_id" target="LFingerB2_bone_id/transform" />
    </animation>
    <animation id="Motion_31_LFingerA_transform_id" name="Motion_31_LFingerA_transform">
      <source id="Motion_31_LFingerA_transform_frame_id" name="Motion_31_LFingerA_transform_frame">
        <float_array id="Motion_31_LFingerA_transform_frame_array_id" count="17">0 0.033333335 0.06666667 0.1 0.13333334 0.16666667 0.2 0.23333333 0.26666668 0.3 0.33333334 0.36666667 0.4 0.43333334 0.46666667 0.5 0.53333336</float_array>
        <technique_common>
          <accessor source="#Motion_31_LFingerA_transform_frame_array_id" count="17" stride="1">
            <param name="TIME" type="float" />
          </accessor>
        </technique_common>
      </source>
      <source id="Motion_31_LFingerA_transform_interp_id" name="Motion_31_LFingerA_transform_interp">
        <Name_array id="Motion_31_LFingerA_transform_interp_array_id" count="17">LINEAR LINEAR LINEAR LINEAR LINEAR LINEAR LINEAR LINEAR LINEAR LINEAR LINEAR LINEAR LINEAR LINEAR LINEAR LINEAR LINEAR</Name_array>
        <technique_common>
          <accessor source="#Motion_31_LFingerA_transform_interp_array_id" count="17" stride="1">
            <param name="INTERPOLATION" type="Name" />
          </accessor>
        </technique_common>
      </source>
      <source id="Motion_31_LFingerA_transform_pose_id" name="Motion_31_LFingerA_transform_pose">
        <float_array id="Motion_31_LFingerA_transform_pose_array_id" count="272">0.94757617 0.18800965 0.25836375 6.811211 -0.12631065 0.96311665 -0.23759626 -3.458549 -0.2935048 0.19250645 0.93637395 5.721983 0 0 0 1 0.94575524 0.19056678 0.26311842 6.811211 -0.12767181 0.96274465 -0.23837507 -3.458549 -0.2987422 0.19185168 0.9348508 5.721983 0 0 0 1 0.94148266 0.19502485 0.27491033 6.811211 -0.12921005 0.96212566 -0.24003965 -3.458549 -0.31131196 0.19047198 0.9310238 5.721983 0 0 0 1 0.9355451 0.20048901 0.2907913 6.811211 -0.13074481 0.961378 -0.24219453 -3.458549 -0.3281177 0.18856445 0.9256253 5.721983 0 0 0 1 0.92929554 0.20595342 0.3065827 6.811211 -0.13228464 0.9606228 -0.24434519 -3.458549 -0.34483403 0.18651271 0.919947 5.721983 0 0 0 1 0.9243717 0.21043216 0.31820637 6.811211 -0.13386644 0.9599882 -0.24597256 -3.458549 -0.3572349 0.18477292 0.9155557 5.721983 0 0 0 1 0.9223982 0.2117969 0.3229917 6.811211 -0.13411446 0.959844 -0.24639969 -3.458549 -0.36220834 0.18396078 0.9137634 5.721983 0 0 0 1 0.9288818 0.20627546 0.30761832 6.811211 -0.13246787 0.960643 -0.24416655 -3.458549 -0.34587693 0.18605232 0.91964865 5.721983 0 0 0 1 0.9436477 0.1921016 0.26949215 6.811211 -0.1277268 0.96260124 -0.238924 -3.458549 -0.30531114 0.1910387 0.932893 5.721983 0 0 0 1 0.9606986 0.17262857 0.21738808 6.811211 -0.12089815 0.96514016 -0.23213817 -3.458549 -0.24988364 0.19673301 0.9480793 5.721983 0 0 0 1 0.9744858 0.15276879 0.16443585 6.811211 -0.113578685 0.96753234 -0.22578976 -3.458549 -0.19359063 0.2013525 0.9601978 5.721983 0 0 0 1 0.9826072 0.13767812 0.12461089 6.811211 -0.107736774 0.9692315 -0.22132125 -3.458549 -0.1512479 0.20404667 0.96720684 5.721983 0 0 0 1 0.985301 0.13218246 0.10821149 6.811211 -0.105985165 0.96981245 -0.21961543 -3.458549 -0.13397415 0.2049185 0.9695666 5.721983 0 0 0 1 0.98106784 0.14174646 0.13196164 6.811211 -0.110106684 0.96879905 -0.22204712 -3.458549 -0.15931872 0.20331344 0.9660648 5.721983 0 0 0 1 0.9696412 0.16110078 0.18396308 6.811211 -0.11736432 0.9665947 -0.22786027 -3.458549 -0.21452619 0.19935203 0.95615757 5.721983 0 0 0 1 0.9552092 0.17938727 0.23536272 6.811211 -0.12341663 0.96434325 -0.23411617 -3.458549 -0.26896793 0.19458225 0.9432889 5.721983 0 0 0 1 0.9552092 0.17938727 0.23536272 6.811211 -0.12341663 0.96434325 -0.23411617 -3.458549 -0.26896793 0.19458225 0.9432889 5.721983 0 0 0 1</float_array>
        <technique_common>
          <accessor source="#Motion_31_LFingerA_transform_pose_array_id" count="17" stride="16">
            <param name="TRANSFORM" type="float4x4" />
          </accessor>
        </technique_common>
      </source>
      <sampler id="Motion_31_LFingerA_transform_samp_id">
        <input semantic="INPUT" source="#Motion_31_LFingerA_transform_frame_id" />
        <input semantic="INTERPOLATION" source="#Motion_31_LFingerA_transform_interp_id" />
        <input semantic="OUTPUT" source="#Motion_31_LFingerA_transform_pose_id" />
      </sampler>
      <channel source="#Motion_31_LFingerA_transform_samp_id" target="LFingerA_bone_id/transform" />
    </animation>
    <animation id="Motion_31_Neck_transform_id" name="Motion_31_Neck_transform">
      <source id="Motion_31_Neck_transform_frame_id" name="Motion_31_Neck_transform_frame">
        <float_array id="Motion_31_Neck_transform_frame_array_id" count="17">0 0.033333335 0.06666667 0.1 0.13333334 0.16666667 0.2 0.23333333 0.26666668 0.3 0.33333334 0.36666667 0.4 0.43333334 0.46666667 0.5 0.53333336</float_array>
        <technique_common>
          <accessor source="#Motion_31_Neck_transform_frame_array_id" count="17" stride="1">
            <param name="TIME" type="float" />
          </accessor>
        </technique_common>
      </source>
      <source id="Motion_31_Neck_transform_interp_id" name="Motion_31_Neck_transform_interp">
        <Name_array id="Motion_31_Neck_transform_interp_array_id" count="17">LINEAR LINEAR LINEAR LINEAR LINEAR LINEAR LINEAR LINEAR LINEAR LINEAR LINEAR LINEAR LINEAR LINEAR LINEAR LINEAR LINEAR</Name_array>
        <technique_common>
          <accessor source="#Motion_31_Neck_transform_interp_array_id" count="17" stride="1">
            <param name="INTERPOLATION" type="Name" />
          </accessor>
        </technique_common>
      </source>
      <source id="Motion_31_Neck_transform_pose_id" name="Motion_31_Neck_transform_pose">
        <float_array id="Motion_31_Neck_transform_pose_array_id" count="272">0.9344344 8.0358416E-07 -0.3561353 16.968176 1.4775202E-07 1 2.6440757E-06 0 0.3561353 -2.5233348E-06 0.9344344 0 0 0 0 1 0.93793267 0.0043136333 -0.34679052 16.968176 -0.010091336 0.9998387 -0.0148563925 0 0.34667048 0.017433876 0.93782496 0 0 0 0 1 0.9434197 0.015027947 -0.33126038 16.968176 -0.033801578 0.9981272 -0.05098489 0 0.3298738 0.05929727 0.94216084 0 0 0 0 1 0.94869816 0.030795911 -0.31467992 16.968176 -0.063732386 0.9934429 -0.09491808 0 0.30969346 0.11010391 0.9444401 0 0 0 0 1 0.9516748 0.04782097 -0.30336142 16.968176 -0.09188554 0.9868901 -0.13268371 0 0.29303932 0.15414627 0.94359255 0 0 0 0 1 0.95157033 0.06378052 -0.30074242 16.968176 -0.11306979 0.98228437 -0.14944097 0 0.28588316 0.17620847 0.94192433 0 0 0 0 1 0.94824374 0.07711889 -0.30803657 16.968176 -0.12813206 0.9805067 -0.14895907 0 0.29054433 0.18071887 0.9396407 0 0 0 0 1 0.9430421 0.08530834 -0.32154948 16.968176 -0.13855228 0.9794607 -0.1464921 0 0.3024481 0.18269962 0.9354924 0 0 0 0 1 0.93824434 0.08550887 -0.33523983 16.968176 -0.14091364 0.9794105 -0.14456256 0 0.31597602 0.18287487 0.9309758 0 0 0 0 1 0.937025 0.06518248 -0.3431259 16.968176 -0.114700735 0.9853715 -0.12604268 0 0.3298907 0.15746193 0.93079424 0 0 0 0 1 0.93733925 0.027976707 -0.34729305 16.968176 -0.061256178 0.9944775 -0.08521799 0 0.34299102 0.10115201 0.9338766 0 0 0 0 1 0.9358953 -0.012063183 -0.3520716 16.968176 -0.0061215777 0.99870574 -0.05049179 0 0.35222504 0.049410265 0.9346102 0 0 0 0 1 0.9331964 -0.037439477 -0.35741112 16.968176 0.028483953 0.9991352 -0.030289987 0 0.3582361 0.018086025 0.9334558 0 0 0 0 1 0.93162996 -0.041212983 -0.36106387 16.968176 0.03762623 0.99914795 -0.016961383 0 0.36145523 0.0022162586 0.9323868 0 0 0 0 1 0.93180156 -0.028117716 -0.36187735 16.968176 0.02800338 0.99959236 -0.0055617183 0 0.36188623 -0.0049513713 0.93220913 0 0 0 0 1 0.9330479 -0.008856662 -0.35964316 16.968176 0.010617375 0.9999394 0.0029206611 0 0.35959548 -0.0065435832 0.9330853 0 0 0 0 1 0.9330479 -0.008856662 -0.35964316 16.968176 0.010617375 0.9999394 0.0029206611 0 0.35959548 -0.0065435832 0.9330853 0 0 0 0 1</float_array>
        <technique_common>
          <accessor source="#Motion_31_Neck_transform_pose_array_id" count="17" stride="16">
            <param name="TRANSFORM" type="float4x4" />
          </accessor>
        </technique_common>
      </source>
      <sampler id="Motion_31_Neck_transform_samp_id">
        <input semantic="INPUT" source="#Motion_31_Neck_transform_frame_id" />
        <input semantic="INTERPOLATION" source="#Motion_31_Neck_transform_interp_id" />
        <input semantic="OUTPUT" source="#Motion_31_Neck_transform_pose_id" />
      </sampler>
      <channel source="#Motion_31_Neck_transform_samp_id" target="Neck_bone_id/transform" />
    </animation>
    <animation id="Motion_31_Head_transform_id" name="Motion_31_Head_transform">
      <source id="Motion_31_Head_transform_frame_id" name="Motion_31_Head_transform_frame">
        <float_array id="Motion_31_Head_transform_frame_array_id" count="17">0 0.033333335 0.06666667 0.1 0.13333334 0.16666667 0.2 0.23333333 0.26666668 0.3 0.33333334 0.36666667 0.4 0.43333334 0.46666667 0.5 0.53333336</float_array>
        <technique_common>
          <accessor source="#Motion_31_Head_transform_frame_array_id" count="17" stride="1">
            <param name="TIME" type="float" />
          </accessor>
        </technique_common>
      </source>
      <source id="Motion_31_Head_transform_interp_id" name="Motion_31_Head_transform_interp">
        <Name_array id="Motion_31_Head_transform_interp_array_id" count="17">LINEAR LINEAR LINEAR LINEAR LINEAR LINEAR LINEAR LINEAR LINEAR LINEAR LINEAR LINEAR LINEAR LINEAR LINEAR LINEAR LINEAR</Name_array>
        <technique_common>
          <accessor source="#Motion_31_Head_transform_interp_array_id" count="17" stride="1">
            <param name="INTERPOLATION" type="Name" />
          </accessor>
        </technique_common>
      </source>
      <source id="Motion_31_Head_transform_pose_id" name="Motion_31_Head_transform_pose">
        <float_array id="Motion_31_Head_transform_pose_array_id" count="272">0.9905535 0.12320036 0.060211446 5.171403 -0.05817662 0.7751849 -0.6290499 0 -0.12417418 0.6196047 0.77502954 0 0 0 0 1 0.9909167 0.100578144 0.089263916 5.171403 -0.027911857 0.80315894 -0.5951106 0 -0.13154824 0.5872136 0.79867095 0 0 0 0 1 0.98865855 0.065875344 0.13496204 5.171403 0.015993113 0.84737074 -0.5307608 0 -0.14932694 0.52689964 0.83670676 0 0 0 0 1 0.98534113 0.04368881 0.16490643 5.171403 0.044131607 0.8684679 -0.49377713 0 -0.16478847 0.49381652 0.8538091 0 0 0 0 1 0.9836222 0.056407563 0.17118853 5.171403 0.04717928 0.83607864 -0.5465772 0 -0.17395815 0.5457021 0.8197242 0 0 0 0 1 0.9818562 0.08646589 0.16876628 5.171403 0.042201273 0.76803476 -0.63901615 0 -0.18487145 0.63454413 0.75045073 0 0 0 0 1 0.9796622 0.10407058 0.17155577 5.171403 0.042698212 0.7272779 -0.68501365 0 -0.1960585 0.6784071 0.708043 0 0 0 0 1 0.9768323 0.09910705 0.18967488 5.171403 0.05204206 0.7496904 -0.6597393 0 -0.20758227 0.65432566 0.72716403 0 0 0 0 1 0.97544515 0.0940344 0.19915889 5.171403 0.04893129 0.7891433 -0.6122569 0 -0.21473812 0.60696816 0.76516485 0 0 0 0 1 0.97789544 0.10406916 0.18135636 5.171403 0.022595242 0.8096672 -0.5864541 0 -0.20787008 0.5775886 0.78941846 0 0 0 0 1 0.9812208 0.1321973 0.14046228 5.171403 -0.021864459 0.7997415 -0.5999462 0 -0.19164479 0.58560854 0.7876134 0 0 0 0 1 0.9823453 0.16012767 0.09673088 5.171403 -0.06702071 0.7839757 -0.6171631 0 -0.17465955 0.5997843 0.78086674 0 0 0 0 1 0.9823631 0.17359538 0.06947918 5.171403 -0.092210844 0.77302015 -0.627644 0 -0.1626649 0.61016756 0.77539384 0 0 0 0 1 0.98410046 0.16704705 0.0603455 5.171403 -0.091611825 0.7684742 -0.63328874 0 -0.15216298 0.6176914 0.77155936 0 0 0 0 1 0.9869882 0.14978217 0.058477536 5.171403 -0.07899906 0.76847327 -0.6349866 0 -0.14004809 0.6221046 0.7703067 0 0 0 0 1 0.98932934 0.13295771 0.059579726 5.171403 -0.065477446 0.7710475 -0.63340235 0 -0.13015452 0.6227424 0.77152556 0 0 0 0 1 0.98932934 0.13295771 0.059579726 5.171403 -0.065477446 0.7710475 -0.63340235 0 -0.13015452 0.6227424 0.77152556 0 0 0 0 1</float_array>
        <technique_common>
          <accessor source="#Motion_31_Head_transform_pose_array_id" count="17" stride="16">
            <param name="TRANSFORM" type="float4x4" />
          </accessor>
        </technique_common>
      </source>
      <sampler id="Motion_31_Head_transform_samp_id">
        <input semantic="INPUT" source="#Motion_31_Head_transform_frame_id" />
        <input semantic="INTERPOLATION" source="#Motion_31_Head_transform_interp_id" />
        <input semantic="OUTPUT" source="#Motion_31_Head_transform_pose_id" />
      </sampler>
      <channel source="#Motion_31_Head_transform_samp_id" target="Head_bone_id/transform" />
    </animation>
    <animation id="Motion_31_Hair1_transform_id" name="Motion_31_Hair1_transform">
      <source id="Motion_31_Hair1_transform_frame_id" name="Motion_31_Hair1_transform_frame">
        <float_array id="Motion_31_Hair1_transform_frame_array_id" count="17">0 0.033333335 0.06666667 0.1 0.13333334 0.16666667 0.2 0.23333333 0.26666668 0.3 0.33333334 0.36666667 0.4 0.43333334 0.46666667 0.5 0.53333336</float_array>
        <technique_common>
          <accessor source="#Motion_31_Hair1_transform_frame_array_id" count="17" stride="1">
            <param name="TIME" type="float" />
          </accessor>
        </technique_common>
      </source>
      <source id="Motion_31_Hair1_transform_interp_id" name="Motion_31_Hair1_transform_interp">
        <Name_array id="Motion_31_Hair1_transform_interp_array_id" count="17">LINEAR LINEAR LINEAR LINEAR LINEAR LINEAR LINEAR LINEAR LINEAR LINEAR LINEAR LINEAR LINEAR LINEAR LINEAR LINEAR LINEAR</Name_array>
        <technique_common>
          <accessor source="#Motion_31_Hair1_transform_interp_array_id" count="17" stride="1">
            <param name="INTERPOLATION" type="Name" />
          </accessor>
        </technique_common>
      </source>
      <source id="Motion_31_Hair1_transform_pose_id" name="Motion_31_Hair1_transform_pose">
        <float_array id="Motion_31_Hair1_transform_pose_array_id" count="272">-0.9402702 0.12797043 0.3154605 -2.222287 -0.16886479 0.62929076 -0.75860256 0 -0.29559505 -0.7665617 -0.57009363 -13.816095 0 0 0 1 -0.93647933 0.122752756 0.32853866 -2.222287 -0.18894574 0.6126095 -0.7674692 0 -0.2954749 -0.7807953 -0.5505024 -13.816095 0 0 0 1 -0.9304472 0.09330818 0.3543467 -2.222287 -0.23874086 0.5792361 -0.77941537 0 -0.2779762 -0.80980194 -0.51667213 -13.816095 0 0 0 1 -0.9230281 0.048639186 0.38164538 -2.222287 -0.29780462 0.53770995 -0.78878415 0 -0.24358034 -0.8417257 -0.48183644 -13.816095 0 0 0 1 -0.8976822 0.025826722 0.4398861 -2.222287 -0.37493378 0.47969246 -0.7932968 0 -0.2314983 -0.8770565 -0.420928 -13.816095 0 0 0 1 -0.87469625 0.035948202 0.48333663 -2.222287 -0.42673653 0.41568315 -0.8031833 0 -0.2297879 -0.9087988 -0.3482561 -13.816095 0 0 0 1 -0.86812043 0.07933283 0.48997226 -2.222287 -0.42123103 0.40439922 -0.8118039 0 -0.26254705 -0.91113526 -0.3176496 -13.816095 0 0 0 1 -0.86588264 0.1590054 0.47430453 -2.222287 -0.37312406 0.4262547 -0.8240664 0 -0.33320555 -0.89051914 -0.30975795 -13.816095 0 0 0 1 -0.8328953 0.2822467 0.47604898 -2.222287 -0.3221985 0.45207834 -0.83175313 0 -0.44997105 -0.8461454 -0.28559446 -13.816095 0 0 0 1 -0.77886915 0.38998923 0.49119353 -2.222287 -0.2701293 0.49821603 -0.82389975 0 -0.5660325 -0.77439594 -0.28269756 -13.816095 0 0 0 1 -0.7446995 0.4333879 0.5075407 -2.222287 -0.23382255 0.5428525 -0.80662143 0 -0.6250998 -0.719365 -0.30292618 -13.816095 0 0 0 1 -0.751479 0.4164242 0.511732 -2.222287 -0.21140033 0.58276045 -0.7846656 0 -0.6249709 -0.6978402 -0.3499 -13.816095 0 0 0 1 -0.78553283 0.36730438 0.49802154 -2.222287 -0.20566778 0.6040805 -0.7699269 0 -0.58364266 -0.70723 -0.3989823 -13.816095 0 0 0 1 -0.84597373 0.28503487 0.45064765 -2.222287 -0.20206805 0.6107335 -0.7656194 0 -0.49345386 -0.73875546 -0.45906806 -13.816095 0 0 0 1 -0.89693904 0.20823471 0.39004895 -2.222287 -0.18939914 0.61618054 -0.7644929 0 -0.39953455 -0.75957865 -0.5132369 -13.816095 0 0 0 1 -0.9283726 0.15215203 0.33907863 -2.222287 -0.17627218 0.6229429 -0.7621485 0 -0.32718906 -0.7673278 -0.55150294 -13.816095 0 0 0 1 -0.9283726 0.15215203 0.33907863 -2.222287 -0.17627218 0.6229429 -0.7621485 0 -0.32718906 -0.7673278 -0.55150294 -13.816095 0 0 0 1</float_array>
        <technique_common>
          <accessor source="#Motion_31_Hair1_transform_pose_array_id" count="17" stride="16">
            <param name="TRANSFORM" type="float4x4" />
          </accessor>
        </technique_common>
      </source>
      <sampler id="Motion_31_Hair1_transform_samp_id">
        <input semantic="INPUT" source="#Motion_31_Hair1_transform_frame_id" />
        <input semantic="INTERPOLATION" source="#Motion_31_Hair1_transform_interp_id" />
        <input semantic="OUTPUT" source="#Motion_31_Hair1_transform_pose_id" />
      </sampler>
      <channel source="#Motion_31_Hair1_transform_samp_id" target="Hair1_bone_id/transform" />
    </animation>
    <animation id="Motion_31_Hair2_transform_id" name="Motion_31_Hair2_transform">
      <source id="Motion_31_Hair2_transform_frame_id" name="Motion_31_Hair2_transform_frame">
        <float_array id="Motion_31_Hair2_transform_frame_array_id" count="17">0 0.033333335 0.06666667 0.1 0.13333334 0.16666667 0.2 0.23333333 0.26666668 0.3 0.33333334 0.36666667 0.4 0.43333334 0.46666667 0.5 0.53333336</float_array>
        <technique_common>
          <accessor source="#Motion_31_Hair2_transform_frame_array_id" count="17" stride="1">
            <param name="TIME" type="float" />
          </accessor>
        </technique_common>
      </source>
      <source id="Motion_31_Hair2_transform_interp_id" name="Motion_31_Hair2_transform_interp">
        <Name_array id="Motion_31_Hair2_transform_interp_array_id" count="17">LINEAR LINEAR LINEAR LINEAR LINEAR LINEAR LINEAR LINEAR LINEAR LINEAR LINEAR LINEAR LINEAR LINEAR LINEAR LINEAR LINEAR</Name_array>
        <technique_common>
          <accessor source="#Motion_31_Hair2_transform_interp_array_id" count="17" stride="1">
            <param name="INTERPOLATION" type="Name" />
          </accessor>
        </technique_common>
      </source>
      <source id="Motion_31_Hair2_transform_pose_id" name="Motion_31_Hair2_transform_pose">
        <float_array id="Motion_31_Hair2_transform_pose_array_id" count="272">0.98691183 0.080508776 0.1397261 32.509106 -0.079713844 0.9967539 -0.0112856645 0 -0.14018112 -1.4808029E-07 0.9901259 0 0 0 0 1 0.98052096 0.12984027 0.14737739 32.509106 -0.12920599 0.9915202 -0.013910424 0 -0.1479338 -0.005402576 0.9889825 0 0 0 0 1 0.95649534 0.23862867 0.16784826 32.509106 -0.23821737 0.97094226 -0.022882968 0 -0.16843149 -0.018096916 0.98554724 0 0 0 0 1 0.9165011 0.34783107 0.19758351 32.509106 -0.3477589 0.9368842 -0.03621784 0 -0.19771056 -0.035517737 0.97961676 0 0 0 0 1 0.8810515 0.41186076 0.23263495 32.509106 -0.41225672 0.90973395 -0.049280334 0 -0.23193254 -0.052486803 0.9713148 0 0 0 0 1 0.8550295 0.44367728 0.26846778 32.509106 -0.44435403 0.8937183 -0.06178281 0 -0.2673462 -0.06646861 0.9613053 0 0 0 0 1 0.83864474 0.45428982 0.3004924 32.509106 -0.45448902 0.88770527 -0.07361466 0 -0.3001911 -0.07483396 0.9509391 0 0 0 0 1 0.8331245 0.44629902 0.3266813 32.509106 -0.44484776 0.89168596 -0.08370546 0 -0.3286548 -0.07558637 0.94142056 0 0 0 0 1 0.83541346 0.42214358 0.3519648 32.509106 -0.41781312 0.90382874 -0.092335336 0 -0.35709468 -0.06991733 0.9314478 0 0 0 0 1 0.8534316 0.38337392 0.35309908 32.509106 -0.379205 0.92149436 -0.08397463 0 -0.35757247 -0.062230334 0.93180966 0 0 0 0 1 0.88582516 0.33088526 0.32531324 32.509106 -0.32917735 0.9422291 -0.062020645 0 -0.3270413 -0.0521463 0.9435702 0 0 0 0 1 0.92329913 0.26075777 0.28200024 32.509106 -0.26163527 0.9645231 -0.035245523 0 -0.28118628 -0.041239053 0.9587667 0 0 0 0 1 0.9537686 0.18359268 0.23794788 32.509106 -0.18579784 0.98249763 -0.013327419 0 -0.23623005 -0.031498928 0.97118646 0 0 0 0 1 0.9746011 0.12035343 0.18885922 32.509106 -0.122123286 0.99251235 -0.002280931 0 -0.18771961 -0.02084111 0.98200154 0 0 0 0 1 0.9842819 0.09075521 0.15150122 32.509106 -0.09111749 0.9958297 -0.0045638736 0 -0.1512836 -0.009312272 0.98844653 0 0 0 0 1 0.9864775 0.081609264 0.14213388 32.509106 -0.0809965 0.9966632 -0.010101179 0 -0.14248396 -0.0015477617 0.9897959 0 0 0 0 1 0.9864775 0.081609264 0.14213388 32.509106 -0.0809965 0.9966632 -0.010101179 0 -0.14248396 -0.0015477617 0.9897959 0 0 0 0 1</float_array>
        <technique_common>
          <accessor source="#Motion_31_Hair2_transform_pose_array_id" count="17" stride="16">
            <param name="TRANSFORM" type="float4x4" />
          </accessor>
        </technique_common>
      </source>
      <sampler id="Motion_31_Hair2_transform_samp_id">
        <input semantic="INPUT" source="#Motion_31_Hair2_transform_frame_id" />
        <input semantic="INTERPOLATION" source="#Motion_31_Hair2_transform_interp_id" />
        <input semantic="OUTPUT" source="#Motion_31_Hair2_transform_pose_id" />
      </sampler>
      <channel source="#Motion_31_Hair2_transform_samp_id" target="Hair2_bone_id/transform" />
    </animation>
    <animation id="Motion_31_Hair3_transform_id" name="Motion_31_Hair3_transform">
      <source id="Motion_31_Hair3_transform_frame_id" name="Motion_31_Hair3_transform_frame">
        <float_array id="Motion_31_Hair3_transform_frame_array_id" count="17">0 0.033333335 0.06666667 0.1 0.13333334 0.16666667 0.2 0.23333333 0.26666668 0.3 0.33333334 0.36666667 0.4 0.43333334 0.46666667 0.5 0.53333336</float_array>
        <technique_common>
          <accessor source="#Motion_31_Hair3_transform_frame_array_id" count="17" stride="1">
            <param name="TIME" type="float" />
          </accessor>
        </technique_common>
      </source>
      <source id="Motion_31_Hair3_transform_interp_id" name="Motion_31_Hair3_transform_interp">
        <Name_array id="Motion_31_Hair3_transform_interp_array_id" count="17">LINEAR LINEAR LINEAR LINEAR LINEAR LINEAR LINEAR LINEAR LINEAR LINEAR LINEAR LINEAR LINEAR LINEAR LINEAR LINEAR LINEAR</Name_array>
        <technique_common>
          <accessor source="#Motion_31_Hair3_transform_interp_array_id" count="17" stride="1">
            <param name="INTERPOLATION" type="Name" />
          </accessor>
        </technique_common>
      </source>
      <source id="Motion_31_Hair3_transform_pose_id" name="Motion_31_Hair3_transform_pose">
        <float_array id="Motion_31_Hair3_transform_pose_array_id" count="272">0.9470664 -0.24886797 0.20280516 34.610847 0.20328824 0.9538198 0.22113714 0 -0.24847353 -0.16820365 0.9539226 0 0 0 0 1 0.93769175 -0.31652638 0.14333615 34.610847 0.27918723 0.9319118 0.23150563 0 -0.20685428 -0.17706329 0.96221614 0 0 0 0 1 0.9078817 -0.41624215 0.049932957 34.610847 0.39457878 0.88865966 0.23364854 0 -0.14162777 -0.19242275 0.97103816 0 0 0 0 1 0.9071993 -0.4189348 0.038509734 34.610847 0.39819816 0.8846056 0.24271621 0 -0.13574818 -0.20485748 0.9693327 0 0 0 0 1 0.94607633 -0.3045228 0.11047797 34.610847 0.268583 0.9280439 0.25806528 0 -0.18111517 -0.21447697 0.95979005 0 0 0 0 1 0.96655273 -0.10541236 0.23380339 34.610847 0.04691691 0.9689188 0.2428893 0 -0.25214002 -0.223796 0.94145674 0 0 0 0 1 0.9224154 0.13446003 0.36203644 34.610847 -0.20702621 0.9635188 0.16962217 0 -0.32602152 -0.23141314 0.9166013 0 0 0 0 1 0.8168807 0.35970226 0.45091045 34.610847 -0.43004027 0.90078044 0.060497187 0 -0.38441038 -0.24332863 0.89051664 0 0 0 0 1 0.70280576 0.5215872 0.48374665 34.610847 -0.58299047 0.8119788 -0.028503872 0 -0.4076593 -0.26198703 0.8747438 0 0 0 0 1 0.58403707 0.66637814 0.4635093 34.610847 -0.7129427 0.69411504 -0.099584 0 -0.3880894 -0.27229482 0.8804784 0 0 0 0 1 0.48528123 0.7619765 0.42882863 34.610847 -0.8025353 0.5828342 -0.12744169 0 -0.34704354 -0.28230506 0.89435154 0 0 0 0 1 0.54339814 0.7259001 0.42164856 34.610847 -0.7786588 0.6235342 -0.069967836 0 -0.313702 -0.29029998 0.90405583 0 0 0 0 1 0.7328087 0.5414255 0.4121284 34.610847 -0.6136945 0.7875093 0.05664009 0 -0.29388857 -0.29442728 0.90936357 0 0 0 0 1 0.8892769 0.2895973 0.35400558 34.610847 -0.36436066 0.91641426 0.1656088 0 -0.27645588 -0.27625778 0.9204639 0 0 0 0 1 0.96082675 0.02892708 0.27563584 34.610847 -0.0912416 0.9721131 0.21603495 0 -0.26169997 -0.23272163 0.9366716 0 0 0 0 1 0.96016634 -0.17105804 0.2209518 34.610847 0.12068011 0.9670334 0.22423825 0 -0.2520255 -0.18864155 0.9491562 0 0 0 0 1 0.96016634 -0.17105804 0.2209518 34.610847 0.12068011 0.9670334 0.22423825 0 -0.2520255 -0.18864155 0.9491562 0 0 0 0 1</float_array>
        <technique_common>
          <accessor source="#Motion_31_Hair3_transform_pose_array_id" count="17" stride="16">
            <param name="TRANSFORM" type="float4x4" />
          </accessor>
        </technique_common>
      </source>
      <sampler id="Motion_31_Hair3_transform_samp_id">
        <input semantic="INPUT" source="#Motion_31_Hair3_transform_frame_id" />
        <input semantic="INTERPOLATION" source="#Motion_31_Hair3_transform_interp_id" />
        <input semantic="OUTPUT" source="#Motion_31_Hair3_transform_pose_id" />
      </sampler>
      <channel source="#Motion_31_Hair3_transform_samp_id" target="Hair3_bone_id/transform" />
    </animation>
    <animation id="Motion_31_Loc_Eye_transform_id" name="Motion_31_Loc_Eye_transform">
      <source id="Motion_31_Loc_Eye_transform_frame_id" name="Motion_31_Loc_Eye_transform_frame">
        <float_array id="Motion_31_Loc_Eye_transform_frame_array_id" count="17">0 0.033333335 0.06666667 0.1 0.13333334 0.16666667 0.2 0.23333333 0.26666668 0.3 0.33333334 0.36666667 0.4 0.43333334 0.46666667 0.5 0.53333336</float_array>
        <technique_common>
          <accessor source="#Motion_31_Loc_Eye_transform_frame_array_id" count="17" stride="1">
            <param name="TIME" type="float" />
          </accessor>
        </technique_common>
      </source>
      <source id="Motion_31_Loc_Eye_transform_interp_id" name="Motion_31_Loc_Eye_transform_interp">
        <Name_array id="Motion_31_Loc_Eye_transform_interp_array_id" count="17">LINEAR LINEAR LINEAR LINEAR LINEAR LINEAR LINEAR LINEAR LINEAR LINEAR LINEAR LINEAR LINEAR LINEAR LINEAR LINEAR LINEAR</Name_array>
        <technique_common>
          <accessor source="#Motion_31_Loc_Eye_transform_interp_array_id" count="17" stride="1">
            <param name="INTERPOLATION" type="Name" />
          </accessor>
        </technique_common>
      </source>
      <source id="Motion_31_Loc_Eye_transform_pose_id" name="Motion_31_Loc_Eye_transform_pose">
        <float_array id="Motion_31_Loc_Eye_transform_pose_array_id" count="272">7.1525574E-06 50 0 10.198426 -20 1.7881393E-05 0 0 0 0 400 13.610632 0 0 0 1 7.1535587E-06 50.0028 0 10.198426 -20.0028 1.7882394E-05 0 0 0 0 400.0028 13.610632 0 0 0 1 7.155054E-06 50.00698 0 10.198426 -20.00698 1.7883889E-05 0 0 0 0 400.007 13.610632 0 0 0 1 7.156971E-06 50.012344 0 10.198426 -20.012342 1.7885808E-05 0 0 0 0 400.01233 13.610632 0 0 0 1 7.159242E-06 50.018692 0 10.198426 -20.018692 1.7888078E-05 0 0 0 0 400.01868 13.610632 0 0 0 1 7.1617947E-06 50.02583 0 10.198426 -20.02583 1.789063E-05 0 0 0 0 400.02582 13.610632 0 0 0 1 7.1645586E-06 50.033554 0 10.198426 -20.033558 1.7893393E-05 0 0 0 0 400.03357 13.610632 0 0 0 1 7.167464E-06 50.04168 0 10.198426 -20.041681 1.7896298E-05 0 0 0 0 400.0417 13.610632 0 0 0 1 7.1704385E-06 50.05 0 10.198426 -20.05 1.7899274E-05 0 0 0 0 400.05 13.610632 0 0 0 1 7.173414E-06 50.05832 0 10.198426 -20.05832 1.790225E-05 0 0 0 0 400.05832 13.610632 0 0 0 1 7.176319E-06 50.066444 0 10.198426 -20.066442 1.7905157E-05 0 0 0 0 400.06644 13.610632 0 0 0 1 7.179083E-06 50.07417 0 10.198426 -20.074171 1.7907918E-05 0 0 0 0 400.0742 13.610632 0 0 0 1 7.1816357E-06 50.081306 0 10.198426 -20.081308 1.7910472E-05 0 0 0 0 400.0813 13.610632 0 0 0 1 7.1839063E-06 50.087654 0 10.198426 -20.087658 1.7912742E-05 0 0 0 0 400.08768 13.610632 0 0 0 1 7.185824E-06 50.093018 0 10.198426 -20.09302 1.791466E-05 0 0 0 0 400.09302 13.610632 0 0 0 1 7.187319E-06 50.0972 0 10.198426 -20.0972 1.7916154E-05 0 0 0 0 400.0972 13.610632 0 0 0 1 7.187319E-06 50.0972 0 10.198426 -20.0972 1.7916154E-05 0 0 0 0 400.0972 13.610632 0 0 0 1</float_array>
        <technique_common>
          <accessor source="#Motion_31_Loc_Eye_transform_pose_array_id" count="17" stride="16">
            <param name="TRANSFORM" type="float4x4" />
          </accessor>
        </technique_common>
      </source>
      <sampler id="Motion_31_Loc_Eye_transform_samp_id">
        <input semantic="INPUT" source="#Motion_31_Loc_Eye_transform_frame_id" />
        <input semantic="INTERPOLATION" source="#Motion_31_Loc_Eye_transform_interp_id" />
        <input semantic="OUTPUT" source="#Motion_31_Loc_Eye_transform_pose_id" />
      </sampler>
      <channel source="#Motion_31_Loc_Eye_transform_samp_id" target="Loc_Eye_bone_id/transform" />
    </animation>
  </library_animations>
  <library_visual_scenes>
    <visual_scene id="tr0031_00_fi_00_clip_id" name="tr0031_00_fi_00_clip">
      <node id="tr0031_00_fi_bone_id" name="tr0031_00_fi" sid="tr0031_00_fi" type="JOINT">
        <matrix sid="transform">1 0 0 0 0 1 0 0 0 0 1 0 0 0 0 1</matrix>
        <node id="Origin_bone_id" name="Origin" sid="Origin" type="JOINT">
          <matrix sid="transform">1 0 0 0 0 1 0 0 0 0 1 0 0 0 0 1</matrix>
          <node id="Waist_bone_id" name="Waist" sid="Waist" type="JOINT">
            <matrix sid="transform">3.1391647E-07 -1 0 0 1 3.1391647E-07 0 91.506 0 0 1 0 0 0 0 1</matrix>
            <node id="Spine2_bone_id" name="Spine2" sid="Spine2" type="JOINT">
              <matrix sid="transform">1 0 0 13.635002 0 1 0 0 0 0 1 0 0 0 0 1</matrix>
              <node id="Spine3_bone_id" name="Spine3" sid="Spine3" type="JOINT">
                <matrix sid="transform">0.99582267 0 0.091308646 13.635002 0 1 0 0 -0.091308646 0 0.99582267 0 0 0 0 1</matrix>
                <node id="Neck_bone_id" name="Neck" sid="Neck" type="JOINT">
                  <matrix sid="transform">0.93443465 0 -0.3561346 16.968176 0 1 0 0 0.3561346 0 0.93443465 0 0 0 0 1</matrix>
                  <node id="Head_bone_id" name="Head" sid="Head" type="JOINT">
                    <matrix sid="transform">0.96304935 0 0.26932493 5.171403 0 1 0 0 -0.26932493 0 0.96304935 0 0 0 0 1</matrix>
                    <node id="Hair1_bone_id" name="Hair1" sid="Hair1" type="JOINT">
                      <matrix sid="transform">-0.8840112 0 0.46746567 -2.222287 0 1 0 0 -0.46746567 0 -0.8840112 -13.816095 0 0 0 1</matrix>
                      <node id="Hair2_bone_id" name="Hair2" sid="Hair2" type="JOINT">
                        <matrix sid="transform">0.961415 0 0.2751022 32.509106 0 1 0 0 -0.2751022 0 0.961415 0 0 0 0 1</matrix>
                        <node id="Hair3_bone_id" name="Hair3" sid="Hair3" type="JOINT">
                          <matrix sid="transform">0.9358996 0 0.35226673 34.610847 0 1 0 0 -0.35226673 0 0.9358996 0 0 0 0 1</matrix>
                        </node>
                      </node>
                    </node>
                    <node id="Loc_Mouth_bone_id" name="Loc_Mouth" sid="Loc_Mouth" type="JOINT">
                      <matrix sid="transform">3.1391647E-07 1 0 0.599749 -1 3.1391647E-07 0 0 0 0 1 13.260361 0 0 0 1</matrix>
                    </node>
                    <node id="Loc_Head_bone_id" name="Loc_Head" sid="Loc_Head" type="JOINT">
                      <matrix sid="transform">3.1391647E-07 1 0 39.177013 -1 3.1391647E-07 0 0 0 0 1 0 0 0 0 1</matrix>
                    </node>
                    <node id="Loc_Eye_bone_id" name="Loc_Eye" sid="Loc_Eye" type="JOINT">
                      <matrix sid="transform">3.1391647E-07 1 0 10.198426 -1 3.1391647E-07 0 0 0 0 1 13.610632 0 0 0 1</matrix>
                    </node>
                  </node>
                </node>
                <node id="LShoulder_bone_id" name="LShoulder" sid="LShoulder" type="JOINT">
                  <matrix sid="transform">-0.4150638 0.90519875 -0.09130846 14.321973 -0.908996 -0.41680494 1.0251185E-08 -4.545 -0.038057808 0.08299903 0.99582267 -0.242635 0 0 0 1</matrix>
                  <node id="LArm_bone_id" name="LArm" sid="LArm" type="JOINT">
                    <matrix sid="transform">0.90899575 -0.41680536 0 13.56992 0.41680536 0.90899575 0 0 0 0 1 0 0 0 0 1</matrix>
                    <node id="LForeArm_bone_id" name="LForeArm" sid="LForeArm" type="JOINT">
                      <matrix sid="transform">1 0 0 24.525 0 1 0 0 0 0 1 0 0 0 0 1</matrix>
                      <node id="LHand_bone_id" name="LHand" sid="LHand" type="JOINT">
                        <matrix sid="transform">1 0 0 24.525002 0 1 0 0 0 0 1 0 0 0 0 1</matrix>
                        <node id="LFingerA_bone_id" name="LFingerA" sid="LFingerA" type="JOINT">
                          <matrix sid="transform">0.70405006 0.69044644 -0.16612428 6.811211 -0.67199326 0.72338355 0.15856032 -3.458549 0.22964898 0 0.9732735 5.721983 0 0 0 1</matrix>
                        </node>
                        <node id="LFingerB1_bone_id" name="LFingerB1" sid="LFingerB1" type="JOINT">
                          <matrix sid="transform">0.9993683 0.035538517 0 9.726463 -0.035538517 0.9993683 0 0 0 0 1 0 0 0 0 1</matrix>
                          <node id="LFingerB2_bone_id" name="LFingerB2" sid="LFingerB2" type="JOINT">
                            <matrix sid="transform">0.8036642 0.59508306 0 4.799448 -0.59508306 0.8036642 0 0 0 0 1 0 0 0 0 1</matrix>
                          </node>
                        </node>
                      </node>
                      <node id="LForeArmEX_bone_id" name="LForeArmEX" sid="LForeArmEX" type="JOINT">
                        <matrix sid="transform">1 0 0 24.515 0 1 0 0 0 0 1 0 0 0 0 1</matrix>
                      </node>
                    </node>
                  </node>
                </node>
                <node id="RShoulder_bone_id" name="RShoulder" sid="RShoulder" type="JOINT">
                  <matrix sid="transform">-0.4150638 -0.90519875 -0.09130846 14.32198 0.908996 -0.41680494 -1.0251185E-08 4.545 -0.038057808 -0.08299903 0.99582267 -0.242634 0 0 0 1</matrix>
                  <node id="RArm_bone_id" name="RArm" sid="RArm" type="JOINT">
                    <matrix sid="transform">0.90899575 0.41680536 0 13.569921 -0.41680536 0.90899575 0 0 0 0 1 0 0 0 0 1</matrix>
                    <node id="RForeArm_bone_id" name="RForeArm" sid="RForeArm" type="JOINT">
                      <matrix sid="transform">1 0 0 24.525 0 1 0 0 0 0 1 0 0 0 0 1</matrix>
                      <node id="RHand_bone_id" name="RHand" sid="RHand" type="JOINT">
                        <matrix sid="transform">1 0 0 24.525002 0 1 0 0 0 0 1 0 0 0 0 1</matrix>
                        <node id="RFingerA_bone_id" name="RFingerA" sid="RFingerA" type="JOINT">
                          <matrix sid="transform">0.70408916 -0.6904023 -0.16614169 6.811203 0.67194855 0.7234256 -0.15855758 3.459 0.22965968 0 0.973271 5.721981 0 0 0 1</matrix>
                        </node>
                        <node id="RFingerB1_bone_id" name="RFingerB1" sid="RFingerB1" type="JOINT">
                          <matrix sid="transform">0.9993651 -0.035628457 0 9.726501 0.035628457 0.9993651 0 0 0 0 1 0 0 0 0 1</matrix>
                          <node id="RFingerB2_bone_id" name="RFingerB2" sid="RFingerB2" type="JOINT">
                            <matrix sid="transform">0.8037374 -0.59498423 0 4.799449 0.59498423 0.8037374 0 0 0 0 1 0 0 0 0 1</matrix>
                          </node>
                        </node>
                      </node>
                      <node id="RForeArmEX_bone_id" name="RForeArmEX" sid="RForeArmEX" type="JOINT">
                        <matrix sid="transform">1 0 0 24.515 0 1 0 0 0 0 1 0 0 0 0 1</matrix>
                      </node>
                    </node>
                  </node>
                </node>
              </node>
            </node>
            <node id="Hips_bone_id" name="Hips" sid="Hips" type="JOINT">
              <matrix sid="transform">-1 -3.2584137E-07 0 -0.010101 3.2584137E-07 -1 0 0 0 0 1 0 0 0 0 1</matrix>
              <node id="LThigh_bone_id" name="LThigh" sid="LThigh" type="JOINT">
                <matrix sid="transform">1 0 0 11.413002 0 1 0 9.7364 0 0 1 0 0 0 0 1</matrix>
                <node id="LLeg_bone_id" name="LLeg" sid="LLeg" type="JOINT">
                  <matrix sid="transform">1 0 0 34.643005 0 1 0 0 0 0 1 0 0 0 0 1</matrix>
                  <node id="LFoot_bone_id" name="LFoot" sid="LFoot" type="JOINT">
                    <matrix sid="transform">3.1391647E-07 0 -1 34.643 0 1 0 0 1 0 3.1391647E-07 0 0 0 0 1</matrix>
                    <node id="LToe_bone_id" name="LToe" sid="LToe" type="JOINT">
                      <matrix sid="transform">1 0 0 11.14927 0 1 0 0 0 0 1 -8.328848 0 0 0 1</matrix>
                    </node>
                  </node>
                </node>
              </node>
              <node id="RThigh_bone_id" name="RThigh" sid="RThigh" type="JOINT">
                <matrix sid="transform">1 0 0 11.412994 0 1 0 -9.7364 0 0 1 0 0 0 0 1</matrix>
                <node id="RLeg_bone_id" name="RLeg" sid="RLeg" type="JOINT">
                  <matrix sid="transform">1 0 0 34.643 0 1 0 0 0 0 1 0 0 0 0 1</matrix>
                  <node id="RFoot_bone_id" name="RFoot" sid="RFoot" type="JOINT">
                    <matrix sid="transform">3.1391647E-07 0 -1 34.643005 0 1 0 0 1 0 3.1391647E-07 0 0 0 0 1</matrix>
                    <node id="RToe_bone_id" name="RToe" sid="RToe" type="JOINT">
                      <matrix sid="transform">1 0 0 11.1493 0 1 0 0 0 0 1 -8.32885 0 0 0 1</matrix>
                    </node>
                  </node>
                </node>
              </node>
            </node>
          </node>
          <node id="CamTgtHead_bone_id" name="CamTgtHead" sid="CamTgtHead" type="JOINT">
            <matrix sid="transform">1 0 0 0 0 1 0 150.85204 0 0 1 0 0 0 0 1</matrix>
          </node>
          <node id="CamTgtBust_bone_id" name="CamTgtBust" sid="CamTgtBust" type="JOINT">
            <matrix sid="transform">1 0 0 0 0 1 0 118.776 0 0 1 0 0 0 0 1</matrix>
          </node>
          <node id="CamTgtBody_bone_id" name="CamTgtBody" sid="CamTgtBody" type="JOINT">
            <matrix sid="transform">1 0 0 0 0 1 0 91.506 0 0 1 0 0 0 0 1</matrix>
          </node>
          <node id="CamTgtFoot_bone_id" name="CamTgtFoot" sid="CamTgtFoot" type="JOINT">
            <matrix sid="transform">1 0 0 0 0 1 0 0 0 0 1 0 0 0 0 1</matrix>
          </node>
        </node>
        <node id="tr0031_00_fi_PartsSkin_bone_id" name="tr0031_00_fi_PartsSkin" sid="tr0031_00_fi_PartsSkin" type="JOINT">
          <matrix sid="transform">1 0 0 0 0 1 0 0 0 0 1 0 0 0 0 1</matrix>
        </node>
        <node id="tr0031_00_fi_FaceSkin_bone_id" name="tr0031_00_fi_FaceSkin" sid="tr0031_00_fi_FaceSkin" type="JOINT">
          <matrix sid="transform">1 0 0 0 0 1 0 0 0 0 1 0 0 0 0 1</matrix>
        </node>
        <node id="tr0031_00_fi_HairSkin_bone_id" name="tr0031_00_fi_HairSkin" sid="tr0031_00_fi_HairSkin" type="JOINT">
          <matrix sid="transform">1 0 0 0 0 1 0 0 0 0 1 0 0 0 0 1</matrix>
        </node>
        <node id="tr0031_00_fi_BottomSkin_bone_id" name="tr0031_00_fi_BottomSkin" sid="tr0031_00_fi_BottomSkin" type="JOINT">
          <matrix sid="transform">1 0 0 0 0 1 0 0 0 0 1 0 0 0 0 1</matrix>
        </node>
        <node id="tr0031_00_fi_BodySkin_bone_id" name="tr0031_00_fi_BodySkin" sid="tr0031_00_fi_BodySkin" type="JOINT">
          <matrix sid="transform">1 0 0 0 0 1 0 0 0 0 1 0 0 0 0 1</matrix>
        </node>
      </node>
    </visual_scene>
  </library_visual_scenes>
  <scene>
    <instance_visual_scene url="#tr0031_00_fi_00_clip_id" />
  </scene>
</COLLADA>