<?xml version="1.0" encoding="utf-8"?>
<COLLADA xmlns:xsi="http://www.w3.org/2001/XMLSchema-instance" xmlns:xsd="http://www.w3.org/2001/XMLSchema" version="1.4.1" xmlns="http://www.collada.org/2005/11/COLLADASchema">
  <asset>
    <created>2026-02-17T05:46:45.5184015-05:00</created>
    <modified>2026-02-17T05:46:45.5184021-05:00</modified>
    <up_axis>Y_UP</up_axis>
  </asset>
  <library_animations>
    <animation id="Motion_54_Waist_transform_id" name="Motion_54_Waist_transform">
      <source id="Motion_54_Waist_transform_frame_id" name="Motion_54_Waist_transform_frame">
        <float_array id="Motion_54_Waist_transform_frame_array_id" count="16">0 0.033333335 0.06666667 0.1 0.13333334 0.16666667 0.2 0.23333333 0.26666668 0.3 0.33333334 0.36666667 0.4 0.43333334 0.46666667 0.5</float_array>
        <technique_common>
          <accessor source="#Motion_54_Waist_transform_frame_array_id" count="16" stride="1">
            <param name="TIME" type="float" />
          </accessor>
        </technique_common>
      </source>
      <source id="Motion_54_Waist_transform_interp_id" name="Motion_54_Waist_transform_interp">
        <Name_array id="Motion_54_Waist_transform_interp_array_id" count="16">LINEAR LINEAR LINEAR LINEAR LINEAR LINEAR LINEAR LINEAR LINEAR LINEAR LINEAR LINEAR LINEAR LINEAR LINEAR LINEAR</Name_array>
        <technique_common>
          <accessor source="#Motion_54_Waist_transform_interp_array_id" count="16" stride="1">
            <param name="INTERPOLATION" type="Name" />
          </accessor>
        </technique_common>
      </source>
      <source id="Motion_54_Waist_transform_pose_id" name="Motion_54_Waist_transform_pose">
        <float_array id="Motion_54_Waist_transform_pose_array_id" count="256">-0.005024314 -0.9999854 -0.002020738 3.7252903E-09 0.9995319 -0.004961014 -0.030190233 47.3399 0.030179765 -0.0021714745 0.9995421 0 0 0 0 1 -0.005024314 -0.99998534 -0.002033134 -0.00018839544 0.99953115 -0.004960656 -0.03021548 47.3399 0.030204952 -0.0021839924 0.99954134 0 0 0 0 1 -0.005024433 -0.9999853 -0.0020511905 -0.00048348145 0.99953 -0.00496006 -0.030252945 47.3399 0.030242324 -0.0022022286 0.99954015 0 0 0 0 1 -0.0050245523 -0.99998534 -0.002073817 -0.0008797471 0.99952865 -0.004959464 -0.030300744 47.3399 0.030290011 -0.0022250824 0.99953866 0 0 0 0 1 -0.005024314 -0.99998516 -0.0020999294 -0.0013716859 0.9995268 -0.004958272 -0.030356992 47.3399 0.030346131 -0.0022514611 0.99953693 0 0 0 0 1 -0.0050245523 -0.9999851 -0.0021284427 -0.00195379 0.99952495 -0.0049574375 -0.030419827 47.3399 0.03040882 -0.0022802763 0.99953496 0 0 0 0 1 -0.005024314 -0.99998504 -0.0021582665 -0.0026205527 0.99952286 -0.0049562454 -0.030487351 47.3399 0.030476201 -0.0023104167 0.9995328 0 0 0 0 1 -0.005024314 -0.9999851 -0.0021883138 -0.0033664675 0.9995208 -0.0049551725 -0.030557703 47.3399 0.0305464 -0.0023407973 0.9995306 0 0 0 0 1 -0.005024433 -0.9999849 -0.0022174986 -0.0041860268 0.9995186 -0.0049540997 -0.030628987 47.3399 0.030617539 -0.002370325 0.99952835 0 0 0 0 1 -0.0050241947 -0.9999849 -0.002244738 -0.0050737243 0.9995164 -0.004953027 -0.030699331 47.3399 0.03068775 -0.002397892 0.99952614 0 0 0 0 1 -0.0050241947 -0.9999849 -0.0022689402 -0.0060240515 0.9995144 -0.004952073 -0.030766856 47.3399 0.030755155 -0.0024224138 0.999524 0 0 0 0 1 -0.0050240755 -0.9999847 -0.0022890195 -0.007031502 0.99951226 -0.0049511194 -0.030829677 47.3399 0.030817874 -0.0024427976 0.99952203 0 0 0 0 1 -0.0050240755 -0.99998474 -0.0023038853 -0.008090569 0.99951065 -0.0049505234 -0.030885924 47.3399 0.03087405 -0.0024579307 0.99952024 0 0 0 0 1 -0.0050241947 -0.99998474 -0.0023124553 -0.009195748 0.9995092 -0.0049501657 -0.03093371 47.3399 0.03092179 -0.0024667364 0.99951875 0 0 0 0 1 -0.0050239563 -0.9999846 -0.0023136465 -0.010341527 0.9995079 -0.0049499273 -0.030971158 47.3399 0.03095923 -0.00246811 0.9995176 0 0 0 0 1 -0.0050239563 -0.9999846 -0.0023136465 -0.010341527 0.9995079 -0.0049499273 -0.030971158 47.3399 0.03095923 -0.00246811 0.9995176 0 0 0 0 1</float_array>
        <technique_common>
          <accessor source="#Motion_54_Waist_transform_pose_array_id" count="16" stride="16">
            <param name="TRANSFORM" type="float4x4" />
          </accessor>
        </technique_common>
      </source>
      <sampler id="Motion_54_Waist_transform_samp_id">
        <input semantic="INPUT" source="#Motion_54_Waist_transform_frame_id" />
        <input semantic="INTERPOLATION" source="#Motion_54_Waist_transform_interp_id" />
        <input semantic="OUTPUT" source="#Motion_54_Waist_transform_pose_id" />
      </sampler>
      <channel source="#Motion_54_Waist_transform_samp_id" target="Waist_bone_id/transform" />
    </animation>
    <animation id="Motion_54_Hips_transform_id" name="Motion_54_Hips_transform">
      <source id="Motion_54_Hips_transform_frame_id" name="Motion_54_Hips_transform_frame">
        <float_array id="Motion_54_Hips_transform_frame_array_id" count="16">0 0.033333335 0.06666667 0.1 0.13333334 0.16666667 0.2 0.23333333 0.26666668 0.3 0.33333334 0.36666667 0.4 0.43333334 0.46666667 0.5</float_array>
        <technique_common>
          <accessor source="#Motion_54_Hips_transform_frame_array_id" count="16" stride="1">
            <param name="TIME" type="float" />
          </accessor>
        </technique_common>
      </source>
      <source id="Motion_54_Hips_transform_interp_id" name="Motion_54_Hips_transform_interp">
        <Name_array id="Motion_54_Hips_transform_interp_array_id" count="16">LINEAR LINEAR LINEAR LINEAR LINEAR LINEAR LINEAR LINEAR LINEAR LINEAR LINEAR LINEAR LINEAR LINEAR LINEAR LINEAR</Name_array>
        <technique_common>
          <accessor source="#Motion_54_Hips_transform_interp_array_id" count="16" stride="1">
            <param name="INTERPOLATION" type="Name" />
          </accessor>
        </technique_common>
      </source>
      <source id="Motion_54_Hips_transform_pose_id" name="Motion_54_Hips_transform_pose">
        <float_array id="Motion_54_Hips_transform_pose_array_id" count="256">-0.9866806 -3.902855E-07 0.16266891 -0.008562 3.859455E-07 -0.9999999 -5.828093E-08 0 0.16266891 5.2766715E-09 0.9866807 0 0 0 0 1 -0.9866806 -3.902855E-07 0.16266891 -0.008562 3.859455E-07 -0.9999999 -5.828093E-08 0 0.16266891 5.2766715E-09 0.9866807 0 0 0 0 1 -0.9866806 -3.902855E-07 0.16266891 -0.008562 3.859455E-07 -0.9999999 -5.828093E-08 0 0.16266891 5.2766715E-09 0.9866807 0 0 0 0 1 -0.9866806 -3.902855E-07 0.16266891 -0.008562 3.859455E-07 -0.9999999 -5.828093E-08 0 0.16266891 5.2766715E-09 0.9866807 0 0 0 0 1 -0.9866806 -3.902855E-07 0.16266891 -0.008562 3.859455E-07 -0.9999999 -5.828093E-08 0 0.16266891 5.2766715E-09 0.9866807 0 0 0 0 1 -0.9866806 -3.902855E-07 0.16266891 -0.008562 3.859455E-07 -0.9999999 -5.828093E-08 0 0.16266891 5.2766715E-09 0.9866807 0 0 0 0 1 -0.9866806 -3.902855E-07 0.16266891 -0.008562 3.859455E-07 -0.9999999 -5.828093E-08 0 0.16266891 5.2766715E-09 0.9866807 0 0 0 0 1 -0.9866806 -3.902855E-07 0.16266891 -0.008562 3.859455E-07 -0.9999999 -5.828093E-08 0 0.16266891 5.2766715E-09 0.9866807 0 0 0 0 1 -0.9866806 -3.902855E-07 0.16266891 -0.008562 3.859455E-07 -0.9999999 -5.828093E-08 0 0.16266891 5.2766715E-09 0.9866807 0 0 0 0 1 -0.9866806 -3.902855E-07 0.16266891 -0.008562 3.859455E-07 -0.9999999 -5.828093E-08 0 0.16266891 5.2766715E-09 0.9866807 0 0 0 0 1 -0.9866806 -3.902855E-07 0.16266891 -0.008562 3.859455E-07 -0.9999999 -5.828093E-08 0 0.16266891 5.2766715E-09 0.9866807 0 0 0 0 1 -0.9866806 -3.902855E-07 0.16266891 -0.008562 3.859455E-07 -0.9999999 -5.828093E-08 0 0.16266891 5.2766715E-09 0.9866807 0 0 0 0 1 -0.9866806 -3.902855E-07 0.16266891 -0.008562 3.859455E-07 -0.9999999 -5.828093E-08 0 0.16266891 5.2766715E-09 0.9866807 0 0 0 0 1 -0.9866806 -3.902855E-07 0.16266891 -0.008562 3.859455E-07 -0.9999999 -5.828093E-08 0 0.16266891 5.2766715E-09 0.9866807 0 0 0 0 1 -0.9866806 -3.902855E-07 0.16266891 -0.008562 3.859455E-07 -0.9999999 -5.828093E-08 0 0.16266891 5.2766715E-09 0.9866807 0 0 0 0 1 -0.9866806 -3.902855E-07 0.16266891 -0.008562 3.859455E-07 -0.9999999 -5.828093E-08 0 0.16266891 5.2766715E-09 0.9866807 0 0 0 0 1</float_array>
        <technique_common>
          <accessor source="#Motion_54_Hips_transform_pose_array_id" count="16" stride="16">
            <param name="TRANSFORM" type="float4x4" />
          </accessor>
        </technique_common>
      </source>
      <sampler id="Motion_54_Hips_transform_samp_id">
        <input semantic="INPUT" source="#Motion_54_Hips_transform_frame_id" />
        <input semantic="INTERPOLATION" source="#Motion_54_Hips_transform_interp_id" />
        <input semantic="OUTPUT" source="#Motion_54_Hips_transform_pose_id" />
      </sampler>
      <channel source="#Motion_54_Hips_transform_samp_id" target="Hips_bone_id/transform" />
    </animation>
    <animation id="Motion_54_Parts_transform_id" name="Motion_54_Parts_transform">
      <source id="Motion_54_Parts_transform_frame_id" name="Motion_54_Parts_transform_frame">
        <float_array id="Motion_54_Parts_transform_frame_array_id" count="16">0 0.033333335 0.06666667 0.1 0.13333334 0.16666667 0.2 0.23333333 0.26666668 0.3 0.33333334 0.36666667 0.4 0.43333334 0.46666667 0.5</float_array>
        <technique_common>
          <accessor source="#Motion_54_Parts_transform_frame_array_id" count="16" stride="1">
            <param name="TIME" type="float" />
          </accessor>
        </technique_common>
      </source>
      <source id="Motion_54_Parts_transform_interp_id" name="Motion_54_Parts_transform_interp">
        <Name_array id="Motion_54_Parts_transform_interp_array_id" count="16">LINEAR LINEAR LINEAR LINEAR LINEAR LINEAR LINEAR LINEAR LINEAR LINEAR LINEAR LINEAR LINEAR LINEAR LINEAR LINEAR</Name_array>
        <technique_common>
          <accessor source="#Motion_54_Parts_transform_interp_array_id" count="16" stride="1">
            <param name="INTERPOLATION" type="Name" />
          </accessor>
        </technique_common>
      </source>
      <source id="Motion_54_Parts_transform_pose_id" name="Motion_54_Parts_transform_pose">
        <float_array id="Motion_54_Parts_transform_pose_array_id" count="256">0.60525846 0.00085482 -0.79602855 0.734978 -0.36263323 0.89050436 -0.27477106 6.29256 0.70863205 0.4549739 0.53929526 7.000466 0 0 0 1 0.60525846 0.00085482 -0.79602855 0.734978 -0.36263323 0.89050436 -0.27477106 6.29256 0.70863205 0.4549739 0.53929526 7.000466 0 0 0 1 0.60525846 0.00085482 -0.79602855 0.734978 -0.36263323 0.89050436 -0.27477106 6.29256 0.70863205 0.4549739 0.53929526 7.000466 0 0 0 1 0.60525846 0.00085482 -0.79602855 0.734978 -0.36263323 0.89050436 -0.27477106 6.29256 0.70863205 0.4549739 0.53929526 7.000466 0 0 0 1 0.60525846 0.00085482 -0.79602855 0.734978 -0.36263323 0.89050436 -0.27477106 6.29256 0.70863205 0.4549739 0.53929526 7.000466 0 0 0 1 0.60525846 0.00085482 -0.79602855 0.734978 -0.36263323 0.89050436 -0.27477106 6.29256 0.70863205 0.4549739 0.53929526 7.000466 0 0 0 1 0.60525846 0.00085482 -0.79602855 0.734978 -0.36263323 0.89050436 -0.27477106 6.29256 0.70863205 0.4549739 0.53929526 7.000466 0 0 0 1 0.60525846 0.00085482 -0.79602855 0.734978 -0.36263323 0.89050436 -0.27477106 6.29256 0.70863205 0.4549739 0.53929526 7.000466 0 0 0 1 0.60525846 0.00085482 -0.79602855 0.734978 -0.36263323 0.89050436 -0.27477106 6.29256 0.70863205 0.4549739 0.53929526 7.000466 0 0 0 1 0.60525846 0.00085482 -0.79602855 0.734978 -0.36263323 0.89050436 -0.27477106 6.29256 0.70863205 0.4549739 0.53929526 7.000466 0 0 0 1 0.60525846 0.00085482 -0.79602855 0.734978 -0.36263323 0.89050436 -0.27477106 6.29256 0.70863205 0.4549739 0.53929526 7.000466 0 0 0 1 0.60525846 0.00085482 -0.79602855 0.734978 -0.36263323 0.89050436 -0.27477106 6.29256 0.70863205 0.4549739 0.53929526 7.000466 0 0 0 1 0.60525846 0.00085482 -0.79602855 0.734978 -0.36263323 0.89050436 -0.27477106 6.29256 0.70863205 0.4549739 0.53929526 7.000466 0 0 0 1 0.60525846 0.00085482 -0.79602855 0.734978 -0.36263323 0.89050436 -0.27477106 6.29256 0.70863205 0.4549739 0.53929526 7.000466 0 0 0 1 0.60525846 0.00085482 -0.79602855 0.734978 -0.36263323 0.89050436 -0.27477106 6.29256 0.70863205 0.4549739 0.53929526 7.000466 0 0 0 1 0.60525846 0.00085482 -0.79602855 0.734978 -0.36263323 0.89050436 -0.27477106 6.29256 0.70863205 0.4549739 0.53929526 7.000466 0 0 0 1</float_array>
        <technique_common>
          <accessor source="#Motion_54_Parts_transform_pose_array_id" count="16" stride="16">
            <param name="TRANSFORM" type="float4x4" />
          </accessor>
        </technique_common>
      </source>
      <sampler id="Motion_54_Parts_transform_samp_id">
        <input semantic="INPUT" source="#Motion_54_Parts_transform_frame_id" />
        <input semantic="INTERPOLATION" source="#Motion_54_Parts_transform_interp_id" />
        <input semantic="OUTPUT" source="#Motion_54_Parts_transform_pose_id" />
      </sampler>
      <channel source="#Motion_54_Parts_transform_samp_id" target="Parts_bone_id/transform" />
    </animation>
    <animation id="Motion_54_RThigh_transform_id" name="Motion_54_RThigh_transform">
      <source id="Motion_54_RThigh_transform_frame_id" name="Motion_54_RThigh_transform_frame">
        <float_array id="Motion_54_RThigh_transform_frame_array_id" count="16">0 0.033333335 0.06666667 0.1 0.13333334 0.16666667 0.2 0.23333333 0.26666668 0.3 0.33333334 0.36666667 0.4 0.43333334 0.46666667 0.5</float_array>
        <technique_common>
          <accessor source="#Motion_54_RThigh_transform_frame_array_id" count="16" stride="1">
            <param name="TIME" type="float" />
          </accessor>
        </technique_common>
      </source>
      <source id="Motion_54_RThigh_transform_interp_id" name="Motion_54_RThigh_transform_interp">
        <Name_array id="Motion_54_RThigh_transform_interp_array_id" count="16">LINEAR LINEAR LINEAR LINEAR LINEAR LINEAR LINEAR LINEAR LINEAR LINEAR LINEAR LINEAR LINEAR LINEAR LINEAR LINEAR</Name_array>
        <technique_common>
          <accessor source="#Motion_54_RThigh_transform_interp_array_id" count="16" stride="1">
            <param name="INTERPOLATION" type="Name" />
          </accessor>
        </technique_common>
      </source>
      <source id="Motion_54_RThigh_transform_pose_id" name="Motion_54_RThigh_transform_pose">
        <float_array id="Motion_54_RThigh_transform_pose_array_id" count="256">0.05935043 0.05819056 -0.9965398 5.358562 0.05628182 0.99651647 0.061541162 -6.0776 0.99664944 -0.059739567 0.055868566 0 0 0 0 1 0.05939722 0.058095872 -0.9965425 5.358562 0.056443326 0.9965124 0.06145834 -6.0776 0.9966375 -0.05989863 0.055910945 0 0 0 0 1 0.059482217 0.05794013 -0.99654645 5.358562 0.05668856 0.9965069 0.061321482 -6.0776 0.99661845 -0.06014032 0.05598986 0 0 0 0 1 0.059597254 0.057732448 -0.9965517 5.358562 0.05700499 0.99650013 0.061138563 -6.0776 0.99659353 -0.060452104 0.056097627 0 0 0 0 1 0.059735656 0.05748191 -0.99655783 5.358562 0.05738003 0.99649215 0.060917594 -6.0776 0.9965637 -0.060821466 0.056227803 0 0 0 0 1 0.059889555 0.05719767 -0.9965649 5.358562 0.057801176 0.9964831 0.06066659 -6.0776 0.9965301 -0.06123592 0.05637282 0 0 0 0 1 0.06005138 0.05688885 -0.99657285 5.358562 0.058255874 0.9964732 0.06039353 -6.0776 0.9964938 -0.061682936 0.05652547 0 0 0 0 1 0.060214102 0.056564555 -0.9965815 5.358562 0.058731534 0.99646264 0.0601064 -6.0776 0.9964561 -0.062150013 0.05667901 0 0 0 0 1 0.060370028 0.056233976 -0.99659073 5.358562 0.05921563 0.9964517 0.0598132 -6.0776 0.996418 -0.06262467 0.056825876 0 0 0 0 1 0.06051171 0.055906266 -0.99660075 5.358562 0.059695564 0.9964405 0.059521887 -6.0776 0.9963809 -0.063094415 0.056958973 0 0 0 0 1 0.06063205 0.05559059 -0.996611 5.358562 0.06015875 0.9964294 0.05924041 -6.0776 0.99634564 -0.06354673 0.05707133 0 0 0 0 1 0.060723484 0.055296145 -0.9966218 5.358562 0.060592607 0.9964187 0.058976747 -6.0776 0.99631375 -0.06396919 0.05715549 0 0 0 0 1 0.060778916 0.055032127 -0.996633 5.358562 0.06098453 0.9964089 0.058738846 -6.0776 0.99628645 -0.06434928 0.057204545 0 0 0 0 1 0.060790837 0.05480773 -0.9966446 5.358562 0.06132193 0.9964002 0.058534645 -6.0776 0.99626505 -0.06467454 0.05721104 0 0 0 0 1 0.060752153 0.054632142 -0.99665666 5.358562 0.06159219 0.996393 0.0583721 -6.0776 0.99625075 -0.064932495 0.057168126 0 0 0 0 1 0.060752153 0.054632142 -0.99665666 5.358562 0.06159219 0.996393 0.0583721 -6.0776 0.99625075 -0.064932495 0.057168126 0 0 0 0 1</float_array>
        <technique_common>
          <accessor source="#Motion_54_RThigh_transform_pose_array_id" count="16" stride="16">
            <param name="TRANSFORM" type="float4x4" />
          </accessor>
        </technique_common>
      </source>
      <sampler id="Motion_54_RThigh_transform_samp_id">
        <input semantic="INPUT" source="#Motion_54_RThigh_transform_frame_id" />
        <input semantic="INTERPOLATION" source="#Motion_54_RThigh_transform_interp_id" />
        <input semantic="OUTPUT" source="#Motion_54_RThigh_transform_pose_id" />
      </sampler>
      <channel source="#Motion_54_RThigh_transform_samp_id" target="RThigh_bone_id/transform" />
    </animation>
    <animation id="Motion_54_RLeg_transform_id" name="Motion_54_RLeg_transform">
      <source id="Motion_54_RLeg_transform_frame_id" name="Motion_54_RLeg_transform_frame">
        <float_array id="Motion_54_RLeg_transform_frame_array_id" count="16">0 0.033333335 0.06666667 0.1 0.13333334 0.16666667 0.2 0.23333333 0.26666668 0.3 0.33333334 0.36666667 0.4 0.43333334 0.46666667 0.5</float_array>
        <technique_common>
          <accessor source="#Motion_54_RLeg_transform_frame_array_id" count="16" stride="1">
            <param name="TIME" type="float" />
          </accessor>
        </technique_common>
      </source>
      <source id="Motion_54_RLeg_transform_interp_id" name="Motion_54_RLeg_transform_interp">
        <Name_array id="Motion_54_RLeg_transform_interp_array_id" count="16">LINEAR LINEAR LINEAR LINEAR LINEAR LINEAR LINEAR LINEAR LINEAR LINEAR LINEAR LINEAR LINEAR LINEAR LINEAR LINEAR</Name_array>
        <technique_common>
          <accessor source="#Motion_54_RLeg_transform_interp_array_id" count="16" stride="1">
            <param name="INTERPOLATION" type="Name" />
          </accessor>
        </technique_common>
      </source>
      <source id="Motion_54_RLeg_transform_pose_id" name="Motion_54_RLeg_transform_pose">
        <float_array id="Motion_54_RLeg_transform_pose_array_id" count="256">-0.009021282 0 0.9999593 28.076803 0 1 0 0 -0.9999593 0 -0.009021282 0 0 0 0 1 -0.007887483 0 0.9999689 28.076803 0 1 0 0 -0.9999689 0 -0.007887483 0 0 0 0 1 -0.0060147047 0 0.9999819 28.076803 0 1 0 0 -0.9999819 0 -0.0060147047 0 0 0 0 1 -0.0034458637 0 0.99999404 28.076803 0 1 0 0 -0.99999404 0 -0.0034458637 0 0 0 0 1 -0.00022351742 0 0.99999994 28.076803 0 1 0 0 -0.99999994 0 -0.00022351742 0 0 0 0 1 0.0036095977 0 0.9999935 28.076803 0 1 0 0 -0.9999935 0 0.0036095977 0 0 0 0 1 0.008011043 0 0.99996793 28.076803 0 1 0 0 -0.99996793 0 0.008011043 0 0 0 0 1 0.012794077 0 0.99991816 28.076803 0 1 0 0 -0.99991816 0 0.012794077 0 0 0 0 1 0.017677844 0 0.9998438 28.076803 0 1 0 0 -0.9998438 0 0.017677844 0 0 0 0 1 0.022476315 0 0.9997474 28.076803 0 1 0 0 -0.9997474 0 0.022476315 0 0 0 0 1 0.027003825 0 0.9996354 28.076803 0 1 0 0 -0.9996354 0 0.027003825 0 0 0 0 1 0.03107512 0 0.999517 28.076803 0 1 0 0 -0.999517 0 0.03107512 0 0 0 0 1 0.03450471 0 0.99940455 28.076803 0 1 0 0 -0.99940455 0 0.03450471 0 0 0 0 1 0.03710717 0 0.9993113 28.076803 0 1 0 0 -0.9993113 0 0.03710717 0 0 0 0 1 0.03869748 0 0.99925095 28.076803 0 1 0 0 -0.99925095 0 0.03869748 0 0 0 0 1 0.03869748 0 0.99925095 28.076803 0 1 0 0 -0.99925095 0 0.03869748 0 0 0 0 1</float_array>
        <technique_common>
          <accessor source="#Motion_54_RLeg_transform_pose_array_id" count="16" stride="16">
            <param name="TRANSFORM" type="float4x4" />
          </accessor>
        </technique_common>
      </source>
      <sampler id="Motion_54_RLeg_transform_samp_id">
        <input semantic="INPUT" source="#Motion_54_RLeg_transform_frame_id" />
        <input semantic="INTERPOLATION" source="#Motion_54_RLeg_transform_interp_id" />
        <input semantic="OUTPUT" source="#Motion_54_RLeg_transform_pose_id" />
      </sampler>
      <channel source="#Motion_54_RLeg_transform_samp_id" target="RLeg_bone_id/transform" />
    </animation>
    <animation id="Motion_54_RFoot_transform_id" name="Motion_54_RFoot_transform">
      <source id="Motion_54_RFoot_transform_frame_id" name="Motion_54_RFoot_transform_frame">
        <float_array id="Motion_54_RFoot_transform_frame_array_id" count="16">0 0.033333335 0.06666667 0.1 0.13333334 0.16666667 0.2 0.23333333 0.26666668 0.3 0.33333334 0.36666667 0.4 0.43333334 0.46666667 0.5</float_array>
        <technique_common>
          <accessor source="#Motion_54_RFoot_transform_frame_array_id" count="16" stride="1">
            <param name="TIME" type="float" />
          </accessor>
        </technique_common>
      </source>
      <source id="Motion_54_RFoot_transform_interp_id" name="Motion_54_RFoot_transform_interp">
        <Name_array id="Motion_54_RFoot_transform_interp_array_id" count="16">LINEAR LINEAR LINEAR LINEAR LINEAR LINEAR LINEAR LINEAR LINEAR LINEAR LINEAR LINEAR LINEAR LINEAR LINEAR LINEAR</Name_array>
        <technique_common>
          <accessor source="#Motion_54_RFoot_transform_interp_array_id" count="16" stride="1">
            <param name="INTERPOLATION" type="Name" />
          </accessor>
        </technique_common>
      </source>
      <source id="Motion_54_RFoot_transform_pose_id" name="Motion_54_RFoot_transform_pose">
        <float_array id="Motion_54_RFoot_transform_pose_array_id" count="256">0.42358774 -0.064885646 -0.9035283 28.0768 0.08657187 0.99576557 -0.030923333 0 0.9017088 -0.06512138 0.42741138 0 0 0 0 1 0.42526186 -0.065021016 -0.9027317 28.0768 0.08618329 0.995793 -0.031124428 0 0.90095764 -0.06456436 0.4290765 0 0 0 0 1 0.42819965 -0.06528225 -0.9013231 28.0768 0.08548937 0.99584055 -0.031513892 0 0.8996314 -0.0635593 0.4319995 0 0 0 0 1 0.4323312 -0.06567348 -0.8993201 28.0768 0.084548794 0.9959028 -0.032081254 0 0.8977423 -0.062166706 0.43611246 0 0 0 0 1 0.4375838 -0.06619804 -0.8967375 28.0768 0.08342076 0.99597394 -0.03281668 0 0.8952996 -0.060446486 0.44134432 0 0 0 0 1 0.44388407 -0.06685904 -0.8935865 28.0768 0.08216496 0.99604845 -0.033710353 0 0.8923093 -0.058458008 0.44762355 0 0 0 0 1 0.45093477 -0.06765109 -0.88998944 28.0768 0.08083524 0.9961211 -0.034761377 0 0.8888889 -0.05626739 0.45465428 0 0 0 0 1 0.45828676 -0.06856479 -0.88615584 28.0768 0.079480976 0.9961871 -0.035973664 0 0.88524354 -0.053946275 0.46198893 0 0 0 0 1 0.46563923 -0.069598876 -0.8822336 28.0768 0.07815508 0.99624157 -0.037342966 0 0.8815168 -0.05156269 0.46932864 0 0 0 0 1 0.4726969 -0.07075466 -0.87838 28.0768 0.076909825 0.9962804 -0.03886296 0 0.8778625 -0.04918564 0.4763804 0 0 0 0 1 0.479169 -0.07203588 -0.87476164 28.0768 0.075796425 0.99629945 -0.040525343 0 0.8744438 -0.046885315 0.48285586 0 0 0 0 1 0.48476905 -0.07344853 -0.87155277 28.0768 0.07486492 0.9962953 -0.042320136 0 0.87143224 -0.044733237 0.48847187 0 0 0 0 1 0.48921394 -0.075000316 -0.8689331 28.0768 0.074163735 0.99626446 -0.04423611 0 0.86900485 -0.0428024 0.49294877 0 0 0 0 1 0.49222177 -0.07669998 -0.8670841 28.0768 0.073739566 0.99620396 -0.046261486 0 0.86734086 -0.041167494 0.4960091 0 0 0 0 1 0.4935091 -0.07855626 -0.8661858 28.0768 0.073637046 0.9961107 -0.04838475 0 0.8666178 -0.03990504 0.49737436 0 0 0 0 1 0.4935091 -0.07855626 -0.8661858 28.0768 0.073637046 0.9961107 -0.04838475 0 0.8666178 -0.03990504 0.49737436 0 0 0 0 1</float_array>
        <technique_common>
          <accessor source="#Motion_54_RFoot_transform_pose_array_id" count="16" stride="16">
            <param name="TRANSFORM" type="float4x4" />
          </accessor>
        </technique_common>
      </source>
      <sampler id="Motion_54_RFoot_transform_samp_id">
        <input semantic="INPUT" source="#Motion_54_RFoot_transform_frame_id" />
        <input semantic="INTERPOLATION" source="#Motion_54_RFoot_transform_interp_id" />
        <input semantic="OUTPUT" source="#Motion_54_RFoot_transform_pose_id" />
      </sampler>
      <channel source="#Motion_54_RFoot_transform_samp_id" target="RFoot_bone_id/transform" />
    </animation>
    <animation id="Motion_54_RToe_transform_id" name="Motion_54_RToe_transform">
      <source id="Motion_54_RToe_transform_frame_id" name="Motion_54_RToe_transform_frame">
        <float_array id="Motion_54_RToe_transform_frame_array_id" count="16">0 0.033333335 0.06666667 0.1 0.13333334 0.16666667 0.2 0.23333333 0.26666668 0.3 0.33333334 0.36666667 0.4 0.43333334 0.46666667 0.5</float_array>
        <technique_common>
          <accessor source="#Motion_54_RToe_transform_frame_array_id" count="16" stride="1">
            <param name="TIME" type="float" />
          </accessor>
        </technique_common>
      </source>
      <source id="Motion_54_RToe_transform_interp_id" name="Motion_54_RToe_transform_interp">
        <Name_array id="Motion_54_RToe_transform_interp_array_id" count="16">LINEAR LINEAR LINEAR LINEAR LINEAR LINEAR LINEAR LINEAR LINEAR LINEAR LINEAR LINEAR LINEAR LINEAR LINEAR LINEAR</Name_array>
        <technique_common>
          <accessor source="#Motion_54_RToe_transform_interp_array_id" count="16" stride="1">
            <param name="INTERPOLATION" type="Name" />
          </accessor>
        </technique_common>
      </source>
      <source id="Motion_54_RToe_transform_pose_id" name="Motion_54_RToe_transform_pose">
        <float_array id="Motion_54_RToe_transform_pose_array_id" count="256">1 0 0 7.3706 0 1 0 0 0 0 1 -4.972262 0 0 0 1 1 0 0 7.3706 0 1 0 0 0 0 1 -4.972262 0 0 0 1 1 0 0 7.3706 0 1 0 0 0 0 1 -4.972262 0 0 0 1 1 0 0 7.3706 0 1 0 0 0 0 1 -4.972262 0 0 0 1 1 0 0 7.3706 0 1 0 0 0 0 1 -4.972262 0 0 0 1 1 0 0 7.3706 0 1 0 0 0 0 1 -4.972262 0 0 0 1 1 0 0 7.3706 0 1 0 0 0 0 1 -4.972262 0 0 0 1 1 0 0 7.3706 0 1 0 0 0 0 1 -4.972262 0 0 0 1 1 0 0 7.3706 0 1 0 0 0 0 1 -4.972262 0 0 0 1 1 0 0 7.3706 0 1 0 0 0 0 1 -4.972262 0 0 0 1 1 0 0 7.3706 0 1 0 0 0 0 1 -4.972262 0 0 0 1 1 0 0 7.3706 0 1 0 0 0 0 1 -4.972262 0 0 0 1 1 0 0 7.3706 0 1 0 0 0 0 1 -4.972262 0 0 0 1 1 0 0 7.3706 0 1 0 0 0 0 1 -4.972262 0 0 0 1 1 0 0 7.3706 0 1 0 0 0 0 1 -4.972262 0 0 0 1 1 0 0 7.3706 0 1 0 0 0 0 1 -4.972262 0 0 0 1</float_array>
        <technique_common>
          <accessor source="#Motion_54_RToe_transform_pose_array_id" count="16" stride="16">
            <param name="TRANSFORM" type="float4x4" />
          </accessor>
        </technique_common>
      </source>
      <sampler id="Motion_54_RToe_transform_samp_id">
        <input semantic="INPUT" source="#Motion_54_RToe_transform_frame_id" />
        <input semantic="INTERPOLATION" source="#Motion_54_RToe_transform_interp_id" />
        <input semantic="OUTPUT" source="#Motion_54_RToe_transform_pose_id" />
      </sampler>
      <channel source="#Motion_54_RToe_transform_samp_id" target="RToe_bone_id/transform" />
    </animation>
    <animation id="Motion_54_LThigh_transform_id" name="Motion_54_LThigh_transform">
      <source id="Motion_54_LThigh_transform_frame_id" name="Motion_54_LThigh_transform_frame">
        <float_array id="Motion_54_LThigh_transform_frame_array_id" count="16">0 0.033333335 0.06666667 0.1 0.13333334 0.16666667 0.2 0.23333333 0.26666668 0.3 0.33333334 0.36666667 0.4 0.43333334 0.46666667 0.5</float_array>
        <technique_common>
          <accessor source="#Motion_54_LThigh_transform_frame_array_id" count="16" stride="1">
            <param name="TIME" type="float" />
          </accessor>
        </technique_common>
      </source>
      <source id="Motion_54_LThigh_transform_interp_id" name="Motion_54_LThigh_transform_interp">
        <Name_array id="Motion_54_LThigh_transform_interp_array_id" count="16">LINEAR LINEAR LINEAR LINEAR LINEAR LINEAR LINEAR LINEAR LINEAR LINEAR LINEAR LINEAR LINEAR LINEAR LINEAR LINEAR</Name_array>
        <technique_common>
          <accessor source="#Motion_54_LThigh_transform_interp_array_id" count="16" stride="1">
            <param name="INTERPOLATION" type="Name" />
          </accessor>
        </technique_common>
      </source>
      <source id="Motion_54_LThigh_transform_pose_id" name="Motion_54_LThigh_transform_pose">
        <float_array id="Motion_54_LThigh_transform_pose_array_id" count="256">0.09148538 -0.06478278 -0.9936969 5.358562 -0.029995818 0.99724954 -0.06777597 6.0776 0.99535453 0.036007263 0.08929056 0 0 0 0 1 0.0914914 -0.06482079 -0.9936938 5.358562 -0.02992931 0.99724936 -0.06780837 6.0776 0.99535596 0.035944454 0.08929974 0 0 0 0 1 0.09152299 -0.064883836 -0.99368685 5.358562 -0.02981627 0.99724907 -0.06786264 6.0776 0.9953565 0.03583903 0.08933663 0 0 0 0 1 0.091572285 -0.06496929 -0.9936768 5.358562 -0.02966221 0.9972486 -0.067936346 6.0776 0.99535656 0.035695735 0.0893932 0 0 0 0 1 0.09163064 -0.06507457 -0.99366444 5.358562 -0.029472696 0.99724805 -0.06802707 6.0776 0.99535674 0.03551933 0.08946055 0 0 0 0 1 0.0916903 -0.06519705 -0.99365103 5.358562 -0.029253243 0.99724734 -0.0681324 6.0776 0.9953579 0.035314597 0.08953071 0 0 0 0 1 0.091742754 -0.06533411 -0.9936371 5.358562 -0.029009402 0.9972464 -0.068249874 6.0776 0.99536 0.03508625 0.08959484 0 0 0 0 1 0.09177959 -0.06548315 -0.99362385 5.358562 -0.028746735 0.9972453 -0.06837711 6.0776 0.9953643 0.034839064 0.08964431 0 0 0 0 1 0.09179276 -0.06564152 -0.9936121 5.358562 -0.02847078 0.997244 -0.068511665 6.0776 0.9953709 0.034577787 0.089670956 0 0 0 0 1 0.09177369 -0.065806635 -0.99360317 5.358562 -0.028187111 0.99724245 -0.06865117 6.0776 0.99538094 0.034307178 0.08966571 0 0 0 0 1 0.09171468 -0.0659758 -0.9935972 5.358562 -0.02790127 0.9972407 -0.06879316 6.0776 0.9953943 0.034031965 0.08962083 0 0 0 0 1 0.091607094 -0.0661464 -0.99359584 5.358562 -0.027618822 0.99723876 -0.068935305 6.0776 0.9954121 0.033756904 0.08952725 0 0 0 0 1 0.091442525 -0.06631581 -0.9935998 5.358562 -0.02734536 0.9972366 -0.06907518 6.0776 0.9954349 0.033486754 0.08937639 0 0 0 0 1 0.091213405 -0.06648132 -0.9936098 5.358562 -0.027086413 0.9972343 -0.06921037 6.0776 0.995463 0.033226237 0.08916038 0 0 0 0 1 0.09091085 -0.06664033 -0.99362683 5.358562 -0.026847579 0.99723184 -0.0693385 6.0776 0.9954971 0.0329801 0.08887011 0 0 0 0 1 0.09091085 -0.06664033 -0.99362683 5.358562 -0.026847579 0.99723184 -0.0693385 6.0776 0.9954971 0.0329801 0.08887011 0 0 0 0 1</float_array>
        <technique_common>
          <accessor source="#Motion_54_LThigh_transform_pose_array_id" count="16" stride="16">
            <param name="TRANSFORM" type="float4x4" />
          </accessor>
        </technique_common>
      </source>
      <sampler id="Motion_54_LThigh_transform_samp_id">
        <input semantic="INPUT" source="#Motion_54_LThigh_transform_frame_id" />
        <input semantic="INTERPOLATION" source="#Motion_54_LThigh_transform_interp_id" />
        <input semantic="OUTPUT" source="#Motion_54_LThigh_transform_pose_id" />
      </sampler>
      <channel source="#Motion_54_LThigh_transform_samp_id" target="LThigh_bone_id/transform" />
    </animation>
    <animation id="Motion_54_LLeg_transform_id" name="Motion_54_LLeg_transform">
      <source id="Motion_54_LLeg_transform_frame_id" name="Motion_54_LLeg_transform_frame">
        <float_array id="Motion_54_LLeg_transform_frame_array_id" count="16">0 0.033333335 0.06666667 0.1 0.13333334 0.16666667 0.2 0.23333333 0.26666668 0.3 0.33333334 0.36666667 0.4 0.43333334 0.46666667 0.5</float_array>
        <technique_common>
          <accessor source="#Motion_54_LLeg_transform_frame_array_id" count="16" stride="1">
            <param name="TIME" type="float" />
          </accessor>
        </technique_common>
      </source>
      <source id="Motion_54_LLeg_transform_interp_id" name="Motion_54_LLeg_transform_interp">
        <Name_array id="Motion_54_LLeg_transform_interp_array_id" count="16">LINEAR LINEAR LINEAR LINEAR LINEAR LINEAR LINEAR LINEAR LINEAR LINEAR LINEAR LINEAR LINEAR LINEAR LINEAR LINEAR</Name_array>
        <technique_common>
          <accessor source="#Motion_54_LLeg_transform_interp_array_id" count="16" stride="1">
            <param name="INTERPOLATION" type="Name" />
          </accessor>
        </technique_common>
      </source>
      <source id="Motion_54_LLeg_transform_pose_id" name="Motion_54_LLeg_transform_pose">
        <float_array id="Motion_54_LLeg_transform_pose_array_id" count="256">-0.06509769 0 0.99787885 28.076803 0 1 0 0 -0.99787885 0 -0.06509769 0 0 0 0 1 -0.06634438 0 0.99779683 28.076803 0 1 0 0 -0.99779683 0 -0.06634438 0 0 0 0 1 -0.06837487 0 0.9976597 28.076803 0 1 0 0 -0.9976597 0 -0.06837487 0 0 0 0 1 -0.07115555 0 0.9974652 28.076803 0 1 0 0 -0.9974652 0 -0.07115555 0 0 0 0 1 -0.07465243 0 0.9972096 28.076803 0 1 0 0 -0.9972096 0 -0.07465243 0 0 0 0 1 -0.078831434 0 0.9968879 28.076803 0 1 0 0 -0.9968879 0 -0.078831434 0 0 0 0 1 -0.08365834 0 0.9964944 28.076803 0 1 0 0 -0.9964944 0 -0.08365834 0 0 0 0 1 -0.089054585 0 0.99602675 28.076803 0 1 0 0 -0.99602675 0 -0.089054585 0 0 0 0 1 -0.09429109 0 0.9955447 28.076803 0 1 0 0 -0.9955447 0 -0.09429109 0 0 0 0 1 -0.09836042 0 0.9951508 28.076803 0 1 0 0 -0.9951508 0 -0.09836042 0 0 0 0 1 -0.100256205 0 0.9949617 28.076803 0 1 0 0 -0.9949617 0 -0.100256205 0 0 0 0 1 -0.09961057 0 0.99502647 28.076803 0 1 0 0 -0.99502647 0 -0.09961057 0 0 0 0 1 -0.09701979 0 0.99528253 28.076803 0 1 0 0 -0.99528253 0 -0.09701979 0 0 0 0 1 -0.09292197 0 0.99567336 28.076803 0 1 0 0 -0.99567336 0 -0.09292197 0 0 0 0 1 -0.08775699 0 0.99614197 28.076803 0 1 0 0 -0.99614197 0 -0.08775699 0 0 0 0 1 -0.08775699 0 0.99614197 28.076803 0 1 0 0 -0.99614197 0 -0.08775699 0 0 0 0 1</float_array>
        <technique_common>
          <accessor source="#Motion_54_LLeg_transform_pose_array_id" count="16" stride="16">
            <param name="TRANSFORM" type="float4x4" />
          </accessor>
        </technique_common>
      </source>
      <sampler id="Motion_54_LLeg_transform_samp_id">
        <input semantic="INPUT" source="#Motion_54_LLeg_transform_frame_id" />
        <input semantic="INTERPOLATION" source="#Motion_54_LLeg_transform_interp_id" />
        <input semantic="OUTPUT" source="#Motion_54_LLeg_transform_pose_id" />
      </sampler>
      <channel source="#Motion_54_LLeg_transform_samp_id" target="LLeg_bone_id/transform" />
    </animation>
    <animation id="Motion_54_LFoot_transform_id" name="Motion_54_LFoot_transform">
      <source id="Motion_54_LFoot_transform_frame_id" name="Motion_54_LFoot_transform_frame">
        <float_array id="Motion_54_LFoot_transform_frame_array_id" count="16">0 0.033333335 0.06666667 0.1 0.13333334 0.16666667 0.2 0.23333333 0.26666668 0.3 0.33333334 0.36666667 0.4 0.43333334 0.46666667 0.5</float_array>
        <technique_common>
          <accessor source="#Motion_54_LFoot_transform_frame_array_id" count="16" stride="1">
            <param name="TIME" type="float" />
          </accessor>
        </technique_common>
      </source>
      <source id="Motion_54_LFoot_transform_interp_id" name="Motion_54_LFoot_transform_interp">
        <Name_array id="Motion_54_LFoot_transform_interp_array_id" count="16">LINEAR LINEAR LINEAR LINEAR LINEAR LINEAR LINEAR LINEAR LINEAR LINEAR LINEAR LINEAR LINEAR LINEAR LINEAR LINEAR</Name_array>
        <technique_common>
          <accessor source="#Motion_54_LFoot_transform_interp_array_id" count="16" stride="1">
            <param name="INTERPOLATION" type="Name" />
          </accessor>
        </technique_common>
      </source>
      <source id="Motion_54_LFoot_transform_pose_id" name="Motion_54_LFoot_transform_pose">
        <float_array id="Motion_54_LFoot_transform_pose_array_id" count="256">0.27405393 0.07150705 -0.95905226 28.0768 -0.10737944 0.9932715 0.043374248 0 0.95570093 0.091095604 0.27988833 0 0 0 0 1 0.27384436 0.07086852 -0.95915955 28.0768 -0.1077631 0.9932626 0.042621404 0 0.95571774 0.09169036 0.27963638 0 0 0 0 1 0.27346593 0.06967458 -0.9593549 28.0768 -0.10843782 0.99324805 0.041225716 0 0.95574975 0.092756525 0.2791748 0 0 0 0 1 0.27290273 0.06798932 -0.9596361 28.0768 -0.10935153 0.99322706 0.03927166 0 0.9558066 0.09422033 0.2784891 0 0 0 0 1 0.27213877 0.06587662 -0.9600004 28.0768 -0.110452384 0.9931983 0.03684391 0 0.9558979 0.096007675 0.277564 0 0 0 0 1 0.27115852 0.0634003 -0.9604444 28.0768 -0.11168881 0.9931605 0.034027264 0 0.9560328 0.09804411 0.276385 0 0 0 0 1 0.2699461 0.06062413 -0.96096504 28.0768 -0.113009445 0.9931131 0.030906603 0 0.9562206 0.10025501 0.2749381 0 0 0 0 1 0.26848495 0.057611965 -0.9615595 28.0768 -0.11436311 0.9930565 0.027566846 0 0.956471 0.102565646 0.2732094 0 0 0 0 1 0.2670539 0.05444576 -0.96214235 28.0768 -0.115706354 0.9929916 0.024075806 0 0.9567101 0.10489644 0.271482 0 0 0 0 1 0.26657414 0.051248353 -0.9624509 28.0768 -0.11700931 0.99292 0.020462196 0 0.95668536 0.10716103 0.27068335 0 0 0 0 1 0.2679928 0.048147157 -0.9622171 28.0768 -0.118236065 0.9928442 0.01674905 0 0.95613813 0.10928014 0.27176785 0 0 0 0 1 0.27146655 0.045221936 -0.9613849 28.0768 -0.11932744 0.9927698 0.013003711 0 0.955022 0.11118953 0.27490002 0 0 0 0 1 0.27619857 0.042490833 -0.9601609 28.0768 -0.12020565 0.9927049 0.0093528405 0 0.95355386 0.112833515 0.27929133 0 0 0 0 1 0.28170645 0.039988905 -0.9586669 28.0768 -0.1208048 0.9926587 0.0059080496 0 0.9518653 0.114147246 0.2844692 0 0 0 0 1 0.287508 0.037748978 -0.95703405 28.0768 -0.12106371 0.99264085 0.0027839988 0 0.9500962 0.11506167 0.28996223 0 0 0 0 1 0.287508 0.037748978 -0.95703405 28.0768 -0.12106371 0.99264085 0.0027839988 0 0.9500962 0.11506167 0.28996223 0 0 0 0 1</float_array>
        <technique_common>
          <accessor source="#Motion_54_LFoot_transform_pose_array_id" count="16" stride="16">
            <param name="TRANSFORM" type="float4x4" />
          </accessor>
        </technique_common>
      </source>
      <sampler id="Motion_54_LFoot_transform_samp_id">
        <input semantic="INPUT" source="#Motion_54_LFoot_transform_frame_id" />
        <input semantic="INTERPOLATION" source="#Motion_54_LFoot_transform_interp_id" />
        <input semantic="OUTPUT" source="#Motion_54_LFoot_transform_pose_id" />
      </sampler>
      <channel source="#Motion_54_LFoot_transform_samp_id" target="LFoot_bone_id/transform" />
    </animation>
    <animation id="Motion_54_Spine2_transform_id" name="Motion_54_Spine2_transform">
      <source id="Motion_54_Spine2_transform_frame_id" name="Motion_54_Spine2_transform_frame">
        <float_array id="Motion_54_Spine2_transform_frame_array_id" count="16">0 0.033333335 0.06666667 0.1 0.13333334 0.16666667 0.2 0.23333333 0.26666668 0.3 0.33333334 0.36666667 0.4 0.43333334 0.46666667 0.5</float_array>
        <technique_common>
          <accessor source="#Motion_54_Spine2_transform_frame_array_id" count="16" stride="1">
            <param name="TIME" type="float" />
          </accessor>
        </technique_common>
      </source>
      <source id="Motion_54_Spine2_transform_interp_id" name="Motion_54_Spine2_transform_interp">
        <Name_array id="Motion_54_Spine2_transform_interp_array_id" count="16">LINEAR LINEAR LINEAR LINEAR LINEAR LINEAR LINEAR LINEAR LINEAR LINEAR LINEAR LINEAR LINEAR LINEAR LINEAR LINEAR</Name_array>
        <technique_common>
          <accessor source="#Motion_54_Spine2_transform_interp_array_id" count="16" stride="1">
            <param name="INTERPOLATION" type="Name" />
          </accessor>
        </technique_common>
      </source>
      <source id="Motion_54_Spine2_transform_pose_id" name="Motion_54_Spine2_transform_pose">
        <float_array id="Motion_54_Spine2_transform_pose_array_id" count="256">0.99960846 -0.01181229 -0.025365539 10.956802 0.012116836 0.99985594 0.011886333 0 0.025221478 -0.01218903 0.99960756 0 0 0 0 1 0.999612 -0.011826353 -0.025219366 10.956802 0.01212927 0.9998557 0.011892329 0 0.025075085 -0.012193606 0.9996112 0 0 0 0 1 0.99961704 -0.011844172 -0.025009528 10.956802 0.0121447975 0.9998554 0.011902914 0 0.02486493 -0.012202092 0.9996163 0 0 0 0 1 0.99962336 -0.011863083 -0.024746224 10.956802 0.012160866 0.99985504 0.011917875 0 0.024601255 -0.012214323 0.9996227 0 0 0 0 1 0.9996307 -0.011880419 -0.024439666 10.956802 0.012174924 0.9998546 0.011936992 0 0.024294298 -0.0122301355 0.99963003 0 0 0 0 1 0.9996388 -0.01189351 -0.024100075 10.956802 0.012184416 0.99985427 0.011960049 0 0.023954315 -0.012249374 0.999638 0 0 0 0 1 0.9996474 -0.01189969 -0.023737656 10.956802 0.012186787 0.9998539 0.011986822 0 0.023591546 -0.012271881 0.99964637 0 0 0 0 1 0.99965626 -0.011896294 -0.023362624 10.956802 0.01217949 0.9998536 0.012017092 0 0.023216246 -0.0122975055 0.9996548 0 0 0 0 1 0.9996652 -0.011880651 -0.02298519 10.956802 0.012159968 0.99985343 0.012050625 0 0.022838652 -0.01232609 0.9996632 0 0 0 0 1 0.999674 -0.011850094 -0.022615561 10.956802 0.012125669 0.99985343 0.0120872 0 0.022469012 -0.012357488 0.99967116 0 0 0 0 1 0.9996825 -0.011801953 -0.022263963 10.956802 0.012074045 0.99985355 0.012126588 0 0.022117585 -0.012391553 0.99967855 0 0 0 0 1 0.9996904 -0.011733557 -0.021940595 10.956802 0.012002544 0.9998539 0.0121685555 0 0.021794608 -0.012428132 0.9996852 0 0 0 0 1 0.9996977 -0.011642237 -0.021655673 10.956802 0.0119086215 0.9998545 0.012212881 0 0.021510338 -0.012467078 0.9996909 0 0 0 0 1 0.9997041 -0.011525316 -0.02141941 10.956802 0.011789724 0.99985534 0.012259335 0 0.021275017 -0.012508237 0.9996954 0 0 0 0 1 0.9997096 -0.011380124 -0.021242019 10.956802 0.011643312 0.9998565 0.0123077 0 0.021098908 -0.012551453 0.9996986 0 0 0 0 1 0.9997096 -0.011380124 -0.021242019 10.956802 0.011643312 0.9998565 0.0123077 0 0.021098908 -0.012551453 0.9996986 0 0 0 0 1</float_array>
        <technique_common>
          <accessor source="#Motion_54_Spine2_transform_pose_array_id" count="16" stride="16">
            <param name="TRANSFORM" type="float4x4" />
          </accessor>
        </technique_common>
      </source>
      <sampler id="Motion_54_Spine2_transform_samp_id">
        <input semantic="INPUT" source="#Motion_54_Spine2_transform_frame_id" />
        <input semantic="INTERPOLATION" source="#Motion_54_Spine2_transform_interp_id" />
        <input semantic="OUTPUT" source="#Motion_54_Spine2_transform_pose_id" />
      </sampler>
      <channel source="#Motion_54_Spine2_transform_samp_id" target="Spine2_bone_id/transform" />
    </animation>
    <animation id="Motion_54_Spine3_transform_id" name="Motion_54_Spine3_transform">
      <source id="Motion_54_Spine3_transform_frame_id" name="Motion_54_Spine3_transform_frame">
        <float_array id="Motion_54_Spine3_transform_frame_array_id" count="16">0 0.033333335 0.06666667 0.1 0.13333334 0.16666667 0.2 0.23333333 0.26666668 0.3 0.33333334 0.36666667 0.4 0.43333334 0.46666667 0.5</float_array>
        <technique_common>
          <accessor source="#Motion_54_Spine3_transform_frame_array_id" count="16" stride="1">
            <param name="TIME" type="float" />
          </accessor>
        </technique_common>
      </source>
      <source id="Motion_54_Spine3_transform_interp_id" name="Motion_54_Spine3_transform_interp">
        <Name_array id="Motion_54_Spine3_transform_interp_array_id" count="16">LINEAR LINEAR LINEAR LINEAR LINEAR LINEAR LINEAR LINEAR LINEAR LINEAR LINEAR LINEAR LINEAR LINEAR LINEAR LINEAR</Name_array>
        <technique_common>
          <accessor source="#Motion_54_Spine3_transform_interp_array_id" count="16" stride="1">
            <param name="INTERPOLATION" type="Name" />
          </accessor>
        </technique_common>
      </source>
      <source id="Motion_54_Spine3_transform_pose_id" name="Motion_54_Spine3_transform_pose">
        <float_array id="Motion_54_Spine3_transform_pose_array_id" count="256">0.99651206 0.047006376 0.068950385 10.956802 -0.04733584 0.99887407 0.0031512962 0 -0.06872462 -0.0064041293 0.9976151 0 0 0 0 1 0.99651605 0.046922274 0.068949535 10.956802 -0.047251083 0.9988781 0.003144739 0 -0.06872462 -0.0063917227 0.9976152 0 0 0 0 1 0.9965221 0.046794567 0.06894827 10.956802 -0.047122415 0.9988842 0.00313534 0 -0.06872462 -0.0063734446 0.99761534 0 0 0 0 1 0.99653006 0.046627853 0.06894666 10.956802 -0.046954487 0.9988921 0.0031236012 0 -0.06872463 -0.0063501177 0.99761546 0 0 0 0 1 0.9965396 0.04642673 0.068944745 10.956802 -0.04675194 0.99890167 0.0031100195 0 -0.06872464 -0.006322558 0.99761564 0 0 0 0 1 0.9965505 0.046195813 0.06894259 10.956802 -0.046519436 0.9989126 0.0030950974 0 -0.06872465 -0.006291591 0.9976158 0 0 0 0 1 0.9965625 0.04593972 0.06894025 10.956802 -0.04626163 0.9989246 0.0030793326 0 -0.06872465 -0.006258036 0.99761605 0 0 0 0 1 0.99657536 0.045663048 0.068937786 10.956802 -0.045983177 0.99893755 0.0030632257 0 -0.06872467 -0.0062227133 0.99761623 0 0 0 0 1 0.9965889 0.04537042 0.06893523 10.956802 -0.045688745 0.9989511 0.0030472765 0 -0.06872466 -0.006186446 0.99761647 0 0 0 0 1 0.9966029 0.04506642 0.06893265 10.956802 -0.04538295 0.9989651 0.0030319837 0 -0.06872468 -0.006150051 0.9976167 0 0 0 0 1 0.9966171 0.044755675 0.06893008 10.956802 -0.045070484 0.9989793 0.0030178498 0 -0.068724655 -0.006114353 0.99761695 0 0 0 0 1 0.99663126 0.04444279 0.0689276 10.956802 -0.044755984 0.99899346 0.0030053721 0 -0.06872465 -0.00608017 0.9976171 0 0 0 0 1 0.9966452 0.044132378 0.068925224 10.956802 -0.04444411 0.9990074 0.0029950533 0 -0.068724625 -0.0060483254 0.9976173 0 0 0 0 1 0.99665874 0.043829046 0.06892304 10.956802 -0.04413952 0.99902093 0.0029873908 0 -0.06872463 -0.0060196393 0.9976175 0 0 0 0 1 0.9966717 0.0435374 0.068921074 10.956802 -0.043846853 0.9990338 0.0029828865 0 -0.06872462 -0.005994931 0.99761766 0 0 0 0 1 0.9966717 0.0435374 0.068921074 10.956802 -0.043846853 0.9990338 0.0029828865 0 -0.06872462 -0.005994931 0.99761766 0 0 0 0 1</float_array>
        <technique_common>
          <accessor source="#Motion_54_Spine3_transform_pose_array_id" count="16" stride="16">
            <param name="TRANSFORM" type="float4x4" />
          </accessor>
        </technique_common>
      </source>
      <sampler id="Motion_54_Spine3_transform_samp_id">
        <input semantic="INPUT" source="#Motion_54_Spine3_transform_frame_id" />
        <input semantic="INTERPOLATION" source="#Motion_54_Spine3_transform_interp_id" />
        <input semantic="OUTPUT" source="#Motion_54_Spine3_transform_pose_id" />
      </sampler>
      <channel source="#Motion_54_Spine3_transform_samp_id" target="Spine3_bone_id/transform" />
    </animation>
    <animation id="Motion_54_RShoulder_transform_id" name="Motion_54_RShoulder_transform">
      <source id="Motion_54_RShoulder_transform_frame_id" name="Motion_54_RShoulder_transform_frame">
        <float_array id="Motion_54_RShoulder_transform_frame_array_id" count="16">0 0.033333335 0.06666667 0.1 0.13333334 0.16666667 0.2 0.23333333 0.26666668 0.3 0.33333334 0.36666667 0.4 0.43333334 0.46666667 0.5</float_array>
        <technique_common>
          <accessor source="#Motion_54_RShoulder_transform_frame_array_id" count="16" stride="1">
            <param name="TIME" type="float" />
          </accessor>
        </technique_common>
      </source>
      <source id="Motion_54_RShoulder_transform_interp_id" name="Motion_54_RShoulder_transform_interp">
        <Name_array id="Motion_54_RShoulder_transform_interp_array_id" count="16">LINEAR LINEAR LINEAR LINEAR LINEAR LINEAR LINEAR LINEAR LINEAR LINEAR LINEAR LINEAR LINEAR LINEAR LINEAR LINEAR</Name_array>
        <technique_common>
          <accessor source="#Motion_54_RShoulder_transform_interp_array_id" count="16" stride="1">
            <param name="INTERPOLATION" type="Name" />
          </accessor>
        </technique_common>
      </source>
      <source id="Motion_54_RShoulder_transform_pose_id" name="Motion_54_RShoulder_transform_pose">
        <float_array id="Motion_54_RShoulder_transform_pose_array_id" count="256">-0.63601184 -0.7684188 -0.070863746 10.965816 0.7716073 -0.6345209 -0.04478518 3.287042 -0.010550745 -0.08316288 0.9964801 -0.09356 0 0 0 1 -0.6359756 -0.7684491 -0.07085942 10.965816 0.77162987 -0.6345407 -0.044108175 3.287042 -0.011068298 -0.08272896 0.9965106 -0.09356 0 0 0 1 -0.6359223 -0.76849234 -0.07086709 10.965816 0.7716621 -0.63457024 -0.043105282 3.287042 -0.011844065 -0.08209706 0.99655396 -0.09356 0 0 0 1 -0.63585484 -0.76854753 -0.07087518 10.965816 0.77170193 -0.6346077 -0.041822627 3.287042 -0.012835264 -0.08128763 0.996608 -0.09356 0 0 0 1 -0.63577664 -0.76861256 -0.0708721 10.965816 0.7717462 -0.634652 -0.04030633 3.287042 -0.013999168 -0.08032109 0.9966707 -0.09356 0 0 0 1 -0.63568985 -0.76868683 -0.07084628 10.965816 0.7717932 -0.634701 -0.03860251 3.287042 -0.015292959 -0.07921789 0.99674 -0.09356 0 0 0 1 -0.63559794 -0.76876855 -0.07078616 10.965816 0.77184045 -0.6347532 -0.036757298 3.287042 -0.016673882 -0.077998474 0.996814 -0.09356 0 0 0 1 -0.63550305 -0.76885617 -0.07068019 10.965816 0.771886 -0.63480663 -0.03481683 3.287042 -0.018099131 -0.07668326 0.9968912 -0.09356 0 0 0 1 -0.63541126 -0.7689449 -0.0705439 10.965816 0.7719278 -0.6348592 -0.03288492 3.287042 -0.019498747 -0.07535024 0.9969665 -0.09356 0 0 0 1 -0.63532674 -0.7690267 -0.07040964 10.965816 0.7719634 -0.63490534 -0.031101128 3.287042 -0.020785874 -0.074113056 0.9970332 -0.09356 0 0 0 1 -0.63525486 -0.76909727 -0.070291236 10.965816 0.7719924 -0.6349441 -0.029565427 3.287042 -0.021892304 -0.073045865 0.99708825 -0.09356 0 0 0 1 -0.63519824 -0.7691522 -0.07020248 10.965816 0.7720142 -0.63497174 -0.02837771 3.287042 -0.022749798 -0.07222277 0.997129 -0.09356 0 0 0 1 -0.6351609 -0.76918674 -0.07015719 10.965816 0.77202845 -0.63498664 -0.027637953 3.287042 -0.02329014 -0.0717179 0.997153 -0.09356 0 0 0 1 -0.6351464 -0.76919764 -0.07016925 10.965816 0.77203566 -0.63498604 -0.027446035 3.287042 -0.023445075 -0.07160543 0.99715745 -0.09356 0 0 0 1 -0.6351594 -0.7691797 -0.0702524 10.965816 0.7720344 -0.63496816 -0.02790191 3.287042 -0.023146452 -0.07195942 0.997139 -0.09356 0 0 0 1 -0.6351594 -0.7691797 -0.0702524 10.965816 0.7720344 -0.63496816 -0.02790191 3.287042 -0.023146452 -0.07195942 0.997139 -0.09356 0 0 0 1</float_array>
        <technique_common>
          <accessor source="#Motion_54_RShoulder_transform_pose_array_id" count="16" stride="16">
            <param name="TRANSFORM" type="float4x4" />
          </accessor>
        </technique_common>
      </source>
      <sampler id="Motion_54_RShoulder_transform_samp_id">
        <input semantic="INPUT" source="#Motion_54_RShoulder_transform_frame_id" />
        <input semantic="INTERPOLATION" source="#Motion_54_RShoulder_transform_interp_id" />
        <input semantic="OUTPUT" source="#Motion_54_RShoulder_transform_pose_id" />
      </sampler>
      <channel source="#Motion_54_RShoulder_transform_samp_id" target="RShoulder_bone_id/transform" />
    </animation>
    <animation id="Motion_54_RArm_transform_id" name="Motion_54_RArm_transform">
      <source id="Motion_54_RArm_transform_frame_id" name="Motion_54_RArm_transform_frame">
        <float_array id="Motion_54_RArm_transform_frame_array_id" count="16">0 0.033333335 0.06666667 0.1 0.13333334 0.16666667 0.2 0.23333333 0.26666668 0.3 0.33333334 0.36666667 0.4 0.43333334 0.46666667 0.5</float_array>
        <technique_common>
          <accessor source="#Motion_54_RArm_transform_frame_array_id" count="16" stride="1">
            <param name="TIME" type="float" />
          </accessor>
        </technique_common>
      </source>
      <source id="Motion_54_RArm_transform_interp_id" name="Motion_54_RArm_transform_interp">
        <Name_array id="Motion_54_RArm_transform_interp_array_id" count="16">LINEAR LINEAR LINEAR LINEAR LINEAR LINEAR LINEAR LINEAR LINEAR LINEAR LINEAR LINEAR LINEAR LINEAR LINEAR LINEAR</Name_array>
        <technique_common>
          <accessor source="#Motion_54_RArm_transform_interp_array_id" count="16" stride="1">
            <param name="INTERPOLATION" type="Name" />
          </accessor>
        </technique_common>
      </source>
      <source id="Motion_54_RArm_transform_pose_id" name="Motion_54_RArm_transform_pose">
        <float_array id="Motion_54_RArm_transform_pose_array_id" count="256">0.8195631 -0.5349811 -0.20521113 5.738265 0.5651199 0.81384146 0.13528326 0 0.09463536 -0.22684208 0.96932286 0 0 0 0 1 0.8194318 -0.5349257 -0.20587876 5.738265 0.5652529 0.81369376 0.13561584 0 0.094977856 -0.2275015 0.9691348 0 0 0 0 1 0.8192345 -0.5348252 -0.20692235 5.738265 0.5654501 0.8134664 0.13615654 0 0.09550443 -0.2285484 0.96883667 0 0 0 0 1 0.8189827 -0.53468764 -0.20826998 5.738265 0.56570053 0.8131727 0.13686867 0 0.09617748 -0.22991152 0.9684475 0 0 0 0 1 0.8186879 -0.5345215 -0.20984979 5.738265 0.56599385 0.81282556 0.1377156 0 0.09695934 -0.23151977 0.9679863 0 0 0 0 1 0.8183615 -0.53433526 -0.21158996 5.738265 0.566319 0.8124383 0.13866073 0 0.097812496 -0.233302 0.96747243 0 0 0 0 1 0.8180155 -0.5341377 -0.21341875 5.738265 0.5666648 0.8120246 0.13966759 0 0.09869954 -0.23518716 0.96692574 0 0 0 0 1 0.8176619 -0.53393835 -0.21526453 5.738265 0.5670205 0.81159806 0.14069986 0 0.09958321 -0.23710433 0.96636677 0 0 0 0 1 0.81731325 -0.53374696 -0.21705578 5.738265 0.5673742 0.81117284 0.14172152 0 0.10042633 -0.23898274 0.9658166 0 0 0 0 1 0.8169822 -0.5335739 -0.21872118 5.738265 0.567715 0.8107635 0.14269647 0 0.101192035 -0.24075174 0.9652972 0 0 0 0 1 0.81668115 -0.533441 -0.22016492 5.738265 0.5680267 0.8104021 0.14350623 0 0.10187002 -0.2422584 0.9648489 0 0 0 0 1 0.81642294 -0.53336775 -0.2212971 5.738265 0.56829464 0.81011736 0.14405209 0 0.10244389 -0.2433694 0.9645085 0 0 0 0 1 0.8162209 -0.5333619 -0.22205533 5.738265 0.5685084 0.8099183 0.14432801 0 0.10286762 -0.24404384 0.96429294 0 0 0 0 1 0.8160885 -0.5334304 -0.22237706 5.738265 0.5686571 0.8098139 0.14432776 0 0.10309523 -0.24424052 0.96421885 0 0 0 0 1 0.81603897 -0.5335802 -0.22219966 5.738265 0.56873095 0.8098124 0.14404501 0 0.103080496 -0.24391817 0.964302 0 0 0 0 1 0.81603897 -0.5335802 -0.22219966 5.738265 0.56873095 0.8098124 0.14404501 0 0.103080496 -0.24391817 0.964302 0 0 0 0 1</float_array>
        <technique_common>
          <accessor source="#Motion_54_RArm_transform_pose_array_id" count="16" stride="16">
            <param name="TRANSFORM" type="float4x4" />
          </accessor>
        </technique_common>
      </source>
      <sampler id="Motion_54_RArm_transform_samp_id">
        <input semantic="INPUT" source="#Motion_54_RArm_transform_frame_id" />
        <input semantic="INTERPOLATION" source="#Motion_54_RArm_transform_interp_id" />
        <input semantic="OUTPUT" source="#Motion_54_RArm_transform_pose_id" />
      </sampler>
      <channel source="#Motion_54_RArm_transform_samp_id" target="RArm_bone_id/transform" />
    </animation>
    <animation id="Motion_54_RForeArm_transform_id" name="Motion_54_RForeArm_transform">
      <source id="Motion_54_RForeArm_transform_frame_id" name="Motion_54_RForeArm_transform_frame">
        <float_array id="Motion_54_RForeArm_transform_frame_array_id" count="16">0 0.033333335 0.06666667 0.1 0.13333334 0.16666667 0.2 0.23333333 0.26666668 0.3 0.33333334 0.36666667 0.4 0.43333334 0.46666667 0.5</float_array>
        <technique_common>
          <accessor source="#Motion_54_RForeArm_transform_frame_array_id" count="16" stride="1">
            <param name="TIME" type="float" />
          </accessor>
        </technique_common>
      </source>
      <source id="Motion_54_RForeArm_transform_interp_id" name="Motion_54_RForeArm_transform_interp">
        <Name_array id="Motion_54_RForeArm_transform_interp_array_id" count="16">LINEAR LINEAR LINEAR LINEAR LINEAR LINEAR LINEAR LINEAR LINEAR LINEAR LINEAR LINEAR LINEAR LINEAR LINEAR LINEAR</Name_array>
        <technique_common>
          <accessor source="#Motion_54_RForeArm_transform_interp_array_id" count="16" stride="1">
            <param name="INTERPOLATION" type="Name" />
          </accessor>
        </technique_common>
      </source>
      <source id="Motion_54_RForeArm_transform_pose_id" name="Motion_54_RForeArm_transform_pose">
        <float_array id="Motion_54_RForeArm_transform_pose_array_id" count="256">0.23949397 1.7484555E-07 -0.97089785 18.2756 -4.1874436E-08 1 1.6975717E-07 0 0.97089785 -1.4210855E-14 0.23949397 0 0 0 0 1 0.23977947 1.7485141E-07 -0.97082734 18.2756 -4.1900797E-08 1 1.697567E-07 0 0.97082734 -2.5721647E-11 0.23977947 0 0 0 0 1 0.24025375 1.7486116E-07 -0.97071016 18.2756 -4.194461E-08 1 1.6975594E-07 0 0.97071016 -6.844658E-11 0.24025375 0 0 0 0 1 0.2408818 1.7487402E-07 -0.9705544 18.2756 -4.2002625E-08 1 1.6975487E-07 0 0.9705544 -1.2501289E-10 0.2408818 0 0 0 0 1 0.24162883 1.748893E-07 -0.9703687 18.2756 -4.2071647E-08 1 1.6975358E-07 0 0.9703687 -1.9233681E-10 0.24162883 0 0 0 0 1 0.24246001 1.7490629E-07 -0.97016144 18.2756 -4.214847E-08 1 1.6975213E-07 0 0.97016144 -2.6728486E-10 0.24246001 0 0 0 0 1 0.24334085 1.7492421E-07 -0.96994084 18.2756 -4.22299E-08 1 1.697505E-07 0 0.96994084 -3.4673064E-10 0.24334085 0 0 0 0 1 0.24423605 1.7494241E-07 -0.9697158 18.2756 -4.2312685E-08 1 1.6974883E-07 0 0.9697158 -4.2750514E-10 0.24423605 0 0 0 0 1 0.24511135 1.7496015E-07 -0.96949494 18.2756 -4.239366E-08 1 1.6974714E-07 0 0.96949494 -5.065175E-10 0.24511135 0 0 0 0 1 0.2459318 1.7497672E-07 -0.96928716 18.2756 -4.246956E-08 1 1.6974548E-07 0 0.96928716 -5.806271E-10 0.2459318 0 0 0 0 1 0.24666274 1.749915E-07 -0.9691014 18.2756 -4.2537216E-08 1 1.69744E-07 0 0.9691014 -6.4665073E-10 0.24666274 0 0 0 0 1 0.24726987 1.7500369E-07 -0.96894664 18.2756 -4.25934E-08 1 1.697427E-07 0 0.96894664 -7.0151884E-10 0.24726987 0 0 0 0 1 0.24771798 1.7501273E-07 -0.9688322 18.2756 -4.2634888E-08 1 1.6974177E-07 0 0.9688322 -7.42034E-10 0.24771798 0 0 0 0 1 0.24797267 1.7501786E-07 -0.96876705 18.2756 -4.2658485E-08 1 1.6974124E-07 0 0.96876705 -7.650556E-10 0.24797267 0 0 0 0 1 0.24799955 1.7501839E-07 -0.9687602 18.2756 -4.266097E-08 1 1.6974118E-07 0 0.9687602 -7.6749274E-10 0.24799955 0 0 0 0 1 0.24799955 1.7501839E-07 -0.9687602 18.2756 -4.266097E-08 1 1.6974118E-07 0 0.9687602 -7.6749274E-10 0.24799955 0 0 0 0 1</float_array>
        <technique_common>
          <accessor source="#Motion_54_RForeArm_transform_pose_array_id" count="16" stride="16">
            <param name="TRANSFORM" type="float4x4" />
          </accessor>
        </technique_common>
      </source>
      <sampler id="Motion_54_RForeArm_transform_samp_id">
        <input semantic="INPUT" source="#Motion_54_RForeArm_transform_frame_id" />
        <input semantic="INTERPOLATION" source="#Motion_54_RForeArm_transform_interp_id" />
        <input semantic="OUTPUT" source="#Motion_54_RForeArm_transform_pose_id" />
      </sampler>
      <channel source="#Motion_54_RForeArm_transform_samp_id" target="RForeArm_bone_id/transform" />
    </animation>
    <animation id="Motion_54_RForeArmEX_transform_id" name="Motion_54_RForeArmEX_transform">
      <source id="Motion_54_RForeArmEX_transform_frame_id" name="Motion_54_RForeArmEX_transform_frame">
        <float_array id="Motion_54_RForeArmEX_transform_frame_array_id" count="16">0 0.033333335 0.06666667 0.1 0.13333334 0.16666667 0.2 0.23333333 0.26666668 0.3 0.33333334 0.36666667 0.4 0.43333334 0.46666667 0.5</float_array>
        <technique_common>
          <accessor source="#Motion_54_RForeArmEX_transform_frame_array_id" count="16" stride="1">
            <param name="TIME" type="float" />
          </accessor>
        </technique_common>
      </source>
      <source id="Motion_54_RForeArmEX_transform_interp_id" name="Motion_54_RForeArmEX_transform_interp">
        <Name_array id="Motion_54_RForeArmEX_transform_interp_array_id" count="16">LINEAR LINEAR LINEAR LINEAR LINEAR LINEAR LINEAR LINEAR LINEAR LINEAR LINEAR LINEAR LINEAR LINEAR LINEAR LINEAR</Name_array>
        <technique_common>
          <accessor source="#Motion_54_RForeArmEX_transform_interp_array_id" count="16" stride="1">
            <param name="INTERPOLATION" type="Name" />
          </accessor>
        </technique_common>
      </source>
      <source id="Motion_54_RForeArmEX_transform_pose_id" name="Motion_54_RForeArmEX_transform_pose">
        <float_array id="Motion_54_RForeArmEX_transform_pose_array_id" count="256">1 0 0 18.2756 0 0.9055252 0.4242925 0.0028126831 0 -0.4242925 0.9055252 0 0 0 0 1 1 0 0 18.2756 0 0.9055458 0.42424855 0.0028126831 0 -0.42424855 0.9055458 0 0 0 0 1 1 0 0 18.2756 0 0.9055774 0.42418095 0.0028126831 0 -0.42418095 0.9055774 0 0 0 0 1 1 0 0 18.2756 0 0.9056199 0.42409027 0.0028126831 0 -0.42409027 0.9056199 0 0 0 0 1 1 0 0 18.2756 0 0.9056731 0.42397678 0.0028126831 0 -0.42397678 0.9056731 0 0 0 0 1 1 0 0 18.2756 0 0.9057366 0.423841 0.0028126831 0 -0.423841 0.9057366 0 0 0 0 1 1 0 0 18.2756 0 0.9058104 0.42368323 0.0028126831 0 -0.42368323 0.9058104 0 0 0 0 1 1 0 0 18.2756 0 0.9058942 0.423504 0.0028126831 0 -0.423504 0.9058942 0 0 0 0 1 1 0 0 18.2756 0 0.90598786 0.42330363 0.0028126831 0 -0.42330363 0.90598786 0 0 0 0 1 1 0 0 18.2756 0 0.90609115 0.42308256 0.0028126831 0 -0.42308256 0.90609115 0 0 0 0 1 1 0 0 18.2756 0 0.9062038 0.42284113 0.0028126831 0 -0.42284113 0.9062038 0 0 0 0 1 1 0 0 18.2756 0 0.9063257 0.42257985 0.0028126831 0 -0.42257985 0.9063257 0 0 0 0 1 1 0 0 18.2756 0 0.9064566 0.42229903 0.0028126831 0 -0.42229903 0.9064566 0 0 0 0 1 1 0 0 18.2756 0 0.90659624 0.42199916 0.0028126831 0 -0.42199916 0.90659624 0 0 0 0 1 1 0 0 18.2756 0 0.9067445 0.42168054 0.0028126831 0 -0.42168054 0.9067445 0 0 0 0 1 1 0 0 18.2756 0 0.9067445 0.42168054 0.0028126831 0 -0.42168054 0.9067445 0 0 0 0 1</float_array>
        <technique_common>
          <accessor source="#Motion_54_RForeArmEX_transform_pose_array_id" count="16" stride="16">
            <param name="TRANSFORM" type="float4x4" />
          </accessor>
        </technique_common>
      </source>
      <sampler id="Motion_54_RForeArmEX_transform_samp_id">
        <input semantic="INPUT" source="#Motion_54_RForeArmEX_transform_frame_id" />
        <input semantic="INTERPOLATION" source="#Motion_54_RForeArmEX_transform_interp_id" />
        <input semantic="OUTPUT" source="#Motion_54_RForeArmEX_transform_pose_id" />
      </sampler>
      <channel source="#Motion_54_RForeArmEX_transform_samp_id" target="RForeArmEX_bone_id/transform" />
    </animation>
    <animation id="Motion_54_RHand_transform_id" name="Motion_54_RHand_transform">
      <source id="Motion_54_RHand_transform_frame_id" name="Motion_54_RHand_transform_frame">
        <float_array id="Motion_54_RHand_transform_frame_array_id" count="16">0 0.033333335 0.06666667 0.1 0.13333334 0.16666667 0.2 0.23333333 0.26666668 0.3 0.33333334 0.36666667 0.4 0.43333334 0.46666667 0.5</float_array>
        <technique_common>
          <accessor source="#Motion_54_RHand_transform_frame_array_id" count="16" stride="1">
            <param name="TIME" type="float" />
          </accessor>
        </technique_common>
      </source>
      <source id="Motion_54_RHand_transform_interp_id" name="Motion_54_RHand_transform_interp">
        <Name_array id="Motion_54_RHand_transform_interp_array_id" count="16">LINEAR LINEAR LINEAR LINEAR LINEAR LINEAR LINEAR LINEAR LINEAR LINEAR LINEAR LINEAR LINEAR LINEAR LINEAR LINEAR</Name_array>
        <technique_common>
          <accessor source="#Motion_54_RHand_transform_interp_array_id" count="16" stride="1">
            <param name="INTERPOLATION" type="Name" />
          </accessor>
        </technique_common>
      </source>
      <source id="Motion_54_RHand_transform_pose_id" name="Motion_54_RHand_transform_pose">
        <float_array id="Motion_54_RHand_transform_pose_array_id" count="256">0.9853103 0.1367405 -0.102301545 18.2756 -0.00968346 0.6428207 0.7659555 0 0.1704987 -0.7537132 0.63470197 0 0 0 0 1 0.98530155 0.13676763 -0.10234945 18.2756 -0.009681381 0.6428976 0.7658909 0 0.1705493 -0.7536426 0.6347722 0 0 0 0 1 0.98528326 0.1368313 -0.10244067 18.2756 -0.009679034 0.64301634 0.7657913 0 0.17065524 -0.7535298 0.6348776 0 0 0 0 1 0.9852568 0.13692471 -0.10257012 18.2756 -0.009675786 0.64317596 0.76565725 0 0.17080805 -0.75337654 0.63501835 0 0 0 0 1 0.98522365 0.13704124 -0.102732874 18.2756 -0.0096709505 0.64337564 0.7654896 0 0.17099947 -0.7531849 0.6351942 0 0 0 0 1 0.98518527 0.13717405 -0.102923855 18.2756 -0.00966385 0.64361423 0.76528907 0 0.17122106 -0.75295687 0.6354048 0 0 0 0 1 0.985143 0.13731648 -0.103138 18.2756 -0.009653807 0.6438906 0.7650566 0 0.17146447 -0.7526945 0.63565004 0 0 0 0 1 0.98509836 0.13746181 -0.10337039 18.2756 -0.009640165 0.644204 0.7647929 0 0.17172143 -0.7523998 0.6359295 0 0 0 0 1 0.9850528 0.13760325 -0.10361594 18.2756 -0.009622216 0.6445534 0.7644987 0 0.17198351 -0.7520746 0.6362432 0 0 0 0 1 0.9850078 0.13773412 -0.10386962 18.2756 -0.009599298 0.6449377 0.7641749 0 0.17224237 -0.7517212 0.63659084 0 0 0 0 1 0.98496485 0.13784766 -0.10412635 18.2756 -0.009570703 0.64535594 0.763822 0 0.17248963 -0.7513413 0.6369722 0 0 0 0 1 0.9849253 0.13793719 -0.10438113 18.2756 -0.009535737 0.64580715 0.763441 0 0.17271699 -0.75093704 0.63738716 0 0 0 0 1 0.9848908 0.137996 -0.10462889 18.2756 -0.009493664 0.6462903 0.7630326 0 0.17291608 -0.7505105 0.63783544 0 0 0 0 1 0.98486274 0.13801739 -0.10486452 18.2756 -0.009443738 0.6468042 0.7625976 0 0.17307855 -0.7500637 0.63831675 0 0 0 0 1 0.98484266 0.13799462 -0.105082974 18.2756 -0.009385243 0.64734817 0.76213664 0 0.17319603 -0.74959844 0.63883126 0 0 0 0 1 0.98484266 0.13799462 -0.105082974 18.2756 -0.009385243 0.64734817 0.76213664 0 0.17319603 -0.74959844 0.63883126 0 0 0 0 1</float_array>
        <technique_common>
          <accessor source="#Motion_54_RHand_transform_pose_array_id" count="16" stride="16">
            <param name="TRANSFORM" type="float4x4" />
          </accessor>
        </technique_common>
      </source>
      <sampler id="Motion_54_RHand_transform_samp_id">
        <input semantic="INPUT" source="#Motion_54_RHand_transform_frame_id" />
        <input semantic="INTERPOLATION" source="#Motion_54_RHand_transform_interp_id" />
        <input semantic="OUTPUT" source="#Motion_54_RHand_transform_pose_id" />
      </sampler>
      <channel source="#Motion_54_RHand_transform_samp_id" target="RHand_bone_id/transform" />
    </animation>
    <animation id="Motion_54_RFingerB1_transform_id" name="Motion_54_RFingerB1_transform">
      <source id="Motion_54_RFingerB1_transform_frame_id" name="Motion_54_RFingerB1_transform_frame">
        <float_array id="Motion_54_RFingerB1_transform_frame_array_id" count="16">0 0.033333335 0.06666667 0.1 0.13333334 0.16666667 0.2 0.23333333 0.26666668 0.3 0.33333334 0.36666667 0.4 0.43333334 0.46666667 0.5</float_array>
        <technique_common>
          <accessor source="#Motion_54_RFingerB1_transform_frame_array_id" count="16" stride="1">
            <param name="TIME" type="float" />
          </accessor>
        </technique_common>
      </source>
      <source id="Motion_54_RFingerB1_transform_interp_id" name="Motion_54_RFingerB1_transform_interp">
        <Name_array id="Motion_54_RFingerB1_transform_interp_array_id" count="16">LINEAR LINEAR LINEAR LINEAR LINEAR LINEAR LINEAR LINEAR LINEAR LINEAR LINEAR LINEAR LINEAR LINEAR LINEAR LINEAR</Name_array>
        <technique_common>
          <accessor source="#Motion_54_RFingerB1_transform_interp_array_id" count="16" stride="1">
            <param name="INTERPOLATION" type="Name" />
          </accessor>
        </technique_common>
      </source>
      <source id="Motion_54_RFingerB1_transform_pose_id" name="Motion_54_RFingerB1_transform_pose">
        <float_array id="Motion_54_RFingerB1_transform_pose_array_id" count="256">0.9892723 -0.14608335 -1.7296986E-07 6.898677 0.14608335 0.9892723 -2.5542025E-08 -0.130927 1.7484555E-07 0 1 -0.002947 0 0 0 1 0.9892723 -0.14608335 -1.7296986E-07 6.898677 0.14608335 0.9892723 -2.5542025E-08 -0.130927 1.7484555E-07 0 1 -0.002947 0 0 0 1 0.9892723 -0.14608335 -1.7296986E-07 6.898677 0.14608335 0.9892723 -2.5542025E-08 -0.130927 1.7484555E-07 0 1 -0.002947 0 0 0 1 0.9892723 -0.14608335 0 6.898677 0.14608335 0.9892723 0 -0.130927 0 0 1 -0.002947 0 0 0 1 0.9892723 -0.14608335 -1.7296986E-07 6.898677 0.14608335 0.9892723 -2.5542025E-08 -0.130927 1.7484555E-07 0 1 -0.002947 0 0 0 1 0.9892723 -0.14608335 -1.7296986E-07 6.898677 0.14608335 0.9892723 -2.5542025E-08 -0.130927 1.7484555E-07 0 1 -0.002947 0 0 0 1 0.9892723 -0.14608335 -1.7296986E-07 6.898677 0.14608335 0.9892723 -2.5542025E-08 -0.130927 1.7484555E-07 0 1 -0.002947 0 0 0 1 0.9892723 -0.14608335 -1.7296986E-07 6.898677 0.14608335 0.9892723 -2.5542025E-08 -0.130927 1.7484555E-07 0 1 -0.002947 0 0 0 1 0.9892723 -0.14608335 0 6.898677 0.14608335 0.9892723 0 -0.130927 0 0 1 -0.002947 0 0 0 1 0.9892723 -0.14608335 -1.7296986E-07 6.898677 0.14608335 0.9892723 -2.5542025E-08 -0.130927 1.7484555E-07 0 1 -0.002947 0 0 0 1 0.9892723 -0.14608335 -1.7296986E-07 6.898677 0.14608335 0.9892723 -2.5542025E-08 -0.130927 1.7484555E-07 0 1 -0.002947 0 0 0 1 0.9892723 -0.14608335 -1.7296986E-07 6.898677 0.14608335 0.9892723 -2.5542025E-08 -0.130927 1.7484555E-07 0 1 -0.002947 0 0 0 1 0.9892723 -0.14608335 -1.7296986E-07 6.898677 0.14608335 0.9892723 -2.5542025E-08 -0.130927 1.7484555E-07 0 1 -0.002947 0 0 0 1 0.9892723 -0.14608335 0 6.898677 0.14608335 0.9892723 0 -0.130927 0 0 1 -0.002947 0 0 0 1 0.9892723 -0.14608335 -1.7296986E-07 6.898677 0.14608335 0.9892723 -2.5542025E-08 -0.130927 1.7484555E-07 0 1 -0.002947 0 0 0 1 0.9892723 -0.14608335 -1.7296986E-07 6.898677 0.14608335 0.9892723 -2.5542025E-08 -0.130927 1.7484555E-07 0 1 -0.002947 0 0 0 1</float_array>
        <technique_common>
          <accessor source="#Motion_54_RFingerB1_transform_pose_array_id" count="16" stride="16">
            <param name="TRANSFORM" type="float4x4" />
          </accessor>
        </technique_common>
      </source>
      <sampler id="Motion_54_RFingerB1_transform_samp_id">
        <input semantic="INPUT" source="#Motion_54_RFingerB1_transform_frame_id" />
        <input semantic="INTERPOLATION" source="#Motion_54_RFingerB1_transform_interp_id" />
        <input semantic="OUTPUT" source="#Motion_54_RFingerB1_transform_pose_id" />
      </sampler>
      <channel source="#Motion_54_RFingerB1_transform_samp_id" target="RFingerB1_bone_id/transform" />
    </animation>
    <animation id="Motion_54_RFingerB2_transform_id" name="Motion_54_RFingerB2_transform">
      <source id="Motion_54_RFingerB2_transform_frame_id" name="Motion_54_RFingerB2_transform_frame">
        <float_array id="Motion_54_RFingerB2_transform_frame_array_id" count="16">0 0.033333335 0.06666667 0.1 0.13333334 0.16666667 0.2 0.23333333 0.26666668 0.3 0.33333334 0.36666667 0.4 0.43333334 0.46666667 0.5</float_array>
        <technique_common>
          <accessor source="#Motion_54_RFingerB2_transform_frame_array_id" count="16" stride="1">
            <param name="TIME" type="float" />
          </accessor>
        </technique_common>
      </source>
      <source id="Motion_54_RFingerB2_transform_interp_id" name="Motion_54_RFingerB2_transform_interp">
        <Name_array id="Motion_54_RFingerB2_transform_interp_array_id" count="16">LINEAR LINEAR LINEAR LINEAR LINEAR LINEAR LINEAR LINEAR LINEAR LINEAR LINEAR LINEAR LINEAR LINEAR LINEAR LINEAR</Name_array>
        <technique_common>
          <accessor source="#Motion_54_RFingerB2_transform_interp_array_id" count="16" stride="1">
            <param name="INTERPOLATION" type="Name" />
          </accessor>
        </technique_common>
      </source>
      <source id="Motion_54_RFingerB2_transform_pose_id" name="Motion_54_RFingerB2_transform_pose">
        <float_array id="Motion_54_RFingerB2_transform_pose_array_id" count="256">0.9429073 -0.3330553 0 3.808191 0.3330553 0.9429073 0 0 0 0 1 0 0 0 0 1 0.9429073 -0.3330553 0 3.808191 0.3330553 0.9429073 0 0 0 0 1 0 0 0 0 1 0.9429073 -0.3330553 0 3.808191 0.3330553 0.9429073 0 0 0 0 1 0 0 0 0 1 0.9429073 -0.3330553 -1.6486314E-07 3.808191 0.3330553 0.9429073 -5.8233233E-08 0 1.7484555E-07 -1.7763568E-15 1 0 0 0 0 1 0.9429073 -0.3330553 0 3.808191 0.3330553 0.9429073 0 0 0 0 1 0 0 0 0 1 0.9429073 -0.3330553 -1.6486314E-07 3.808191 0.3330553 0.9429073 -5.8233233E-08 0 1.7484555E-07 -1.7763568E-15 1 0 0 0 0 1 0.9429073 -0.3330553 0 3.808191 0.3330553 0.9429073 0 0 0 0 1 0 0 0 0 1 0.9429073 -0.3330553 0 3.808191 0.3330553 0.9429073 0 0 0 0 1 0 0 0 0 1 0.9429073 -0.3330553 -2.9653398E-05 3.808191 0.3330553 0.9429073 -1.0474223E-05 0 3.14489E-05 -4.5474735E-13 1 0 0 0 0 1 0.9429073 -0.3330553 -3.3889595E-05 3.808191 0.3330553 0.9429073 -1.197054E-05 0 3.5941597E-05 0 1 0 0 0 0 1 0.9429073 -0.3330553 -2.1180998E-05 3.808191 0.3330553 0.9429073 -7.4815875E-06 0 2.2463499E-05 0 1 0 0 0 0 1 0.9429073 -0.3330553 0 3.808191 0.3330553 0.9429073 0 0 0 0 1 0 0 0 0 1 0.9429073 -0.3330553 2.1180998E-05 3.808191 0.3330553 0.9429073 7.4815875E-06 0 -2.2463499E-05 0 1 0 0 0 0 1 0.9429073 -0.3330553 3.3889595E-05 3.808191 0.3330553 0.9429073 1.197054E-05 0 -3.5941597E-05 0 1 0 0 0 0 1 0.9429073 -0.3330553 2.9653398E-05 3.808191 0.3330553 0.9429073 1.0474223E-05 0 -3.14489E-05 4.5474735E-13 1 0 0 0 0 1 0.9429073 -0.3330553 2.9653398E-05 3.808191 0.3330553 0.9429073 1.0474223E-05 0 -3.14489E-05 4.5474735E-13 1 0 0 0 0 1</float_array>
        <technique_common>
          <accessor source="#Motion_54_RFingerB2_transform_pose_array_id" count="16" stride="16">
            <param name="TRANSFORM" type="float4x4" />
          </accessor>
        </technique_common>
      </source>
      <sampler id="Motion_54_RFingerB2_transform_samp_id">
        <input semantic="INPUT" source="#Motion_54_RFingerB2_transform_frame_id" />
        <input semantic="INTERPOLATION" source="#Motion_54_RFingerB2_transform_interp_id" />
        <input semantic="OUTPUT" source="#Motion_54_RFingerB2_transform_pose_id" />
      </sampler>
      <channel source="#Motion_54_RFingerB2_transform_samp_id" target="RFingerB2_bone_id/transform" />
    </animation>
    <animation id="Motion_54_RFingerA_transform_id" name="Motion_54_RFingerA_transform">
      <source id="Motion_54_RFingerA_transform_frame_id" name="Motion_54_RFingerA_transform_frame">
        <float_array id="Motion_54_RFingerA_transform_frame_array_id" count="16">0 0.033333335 0.06666667 0.1 0.13333334 0.16666667 0.2 0.23333333 0.26666668 0.3 0.33333334 0.36666667 0.4 0.43333334 0.46666667 0.5</float_array>
        <technique_common>
          <accessor source="#Motion_54_RFingerA_transform_frame_array_id" count="16" stride="1">
            <param name="TIME" type="float" />
          </accessor>
        </technique_common>
      </source>
      <source id="Motion_54_RFingerA_transform_interp_id" name="Motion_54_RFingerA_transform_interp">
        <Name_array id="Motion_54_RFingerA_transform_interp_array_id" count="16">LINEAR LINEAR LINEAR LINEAR LINEAR LINEAR LINEAR LINEAR LINEAR LINEAR LINEAR LINEAR LINEAR LINEAR LINEAR LINEAR</Name_array>
        <technique_common>
          <accessor source="#Motion_54_RFingerA_transform_interp_array_id" count="16" stride="1">
            <param name="INTERPOLATION" type="Name" />
          </accessor>
        </technique_common>
      </source>
      <source id="Motion_54_RFingerA_transform_pose_id" name="Motion_54_RFingerA_transform_pose">
        <float_array id="Motion_54_RFingerA_transform_pose_array_id" count="256">0.393099 -0.8748456 -0.28305194 4.600656 0.7513497 0.48306662 -0.44957787 2.807727 0.5300442 -0.03594233 0.84720796 4.080627 0 0 0 1 0.393099 -0.8748456 -0.28305194 4.600656 0.7513497 0.48306662 -0.44957787 2.807727 0.5300442 -0.03594233 0.84720796 4.080627 0 0 0 1 0.393099 -0.8748456 -0.28305194 4.600656 0.7513497 0.48306662 -0.44957787 2.807727 0.5300442 -0.03594233 0.84720796 4.080627 0 0 0 1 0.393099 -0.8748456 -0.28305194 4.600656 0.7513497 0.48306662 -0.44957787 2.807727 0.5300442 -0.03594233 0.84720796 4.080627 0 0 0 1 0.393099 -0.8748456 -0.28305194 4.600656 0.7513497 0.48306662 -0.44957787 2.807727 0.5300442 -0.03594233 0.84720796 4.080627 0 0 0 1 0.393099 -0.8748456 -0.28305194 4.600656 0.7513497 0.48306662 -0.44957787 2.807727 0.5300442 -0.03594233 0.84720796 4.080627 0 0 0 1 0.393099 -0.8748456 -0.28305194 4.600656 0.7513497 0.48306662 -0.44957787 2.807727 0.5300442 -0.03594233 0.84720796 4.080627 0 0 0 1 0.393099 -0.8748456 -0.28305194 4.600656 0.7513497 0.48306662 -0.44957787 2.807727 0.5300442 -0.03594233 0.84720796 4.080627 0 0 0 1 0.393099 -0.8748456 -0.28305194 4.600656 0.7513497 0.48306662 -0.44957787 2.807727 0.5300442 -0.03594233 0.84720796 4.080627 0 0 0 1 0.393099 -0.8748456 -0.28305194 4.600656 0.7513497 0.48306662 -0.44957787 2.807727 0.5300442 -0.03594233 0.84720796 4.080627 0 0 0 1 0.393099 -0.8748456 -0.28305194 4.600656 0.7513497 0.48306662 -0.44957787 2.807727 0.5300442 -0.03594233 0.84720796 4.080627 0 0 0 1 0.393099 -0.8748456 -0.28305194 4.600656 0.7513497 0.48306662 -0.44957787 2.807727 0.5300442 -0.03594233 0.84720796 4.080627 0 0 0 1 0.393099 -0.8748456 -0.28305194 4.600656 0.7513497 0.48306662 -0.44957787 2.807727 0.5300442 -0.03594233 0.84720796 4.080627 0 0 0 1 0.393099 -0.8748456 -0.28305194 4.600656 0.7513497 0.48306662 -0.44957787 2.807727 0.5300442 -0.03594233 0.84720796 4.080627 0 0 0 1 0.393099 -0.8748456 -0.28305194 4.600656 0.7513497 0.48306662 -0.44957787 2.807727 0.5300442 -0.03594233 0.84720796 4.080627 0 0 0 1 0.393099 -0.8748456 -0.28305194 4.600656 0.7513497 0.48306662 -0.44957787 2.807727 0.5300442 -0.03594233 0.84720796 4.080627 0 0 0 1</float_array>
        <technique_common>
          <accessor source="#Motion_54_RFingerA_transform_pose_array_id" count="16" stride="16">
            <param name="TRANSFORM" type="float4x4" />
          </accessor>
        </technique_common>
      </source>
      <sampler id="Motion_54_RFingerA_transform_samp_id">
        <input semantic="INPUT" source="#Motion_54_RFingerA_transform_frame_id" />
        <input semantic="INTERPOLATION" source="#Motion_54_RFingerA_transform_interp_id" />
        <input semantic="OUTPUT" source="#Motion_54_RFingerA_transform_pose_id" />
      </sampler>
      <channel source="#Motion_54_RFingerA_transform_samp_id" target="RFingerA_bone_id/transform" />
    </animation>
    <animation id="Motion_54_LShoulder_transform_id" name="Motion_54_LShoulder_transform">
      <source id="Motion_54_LShoulder_transform_frame_id" name="Motion_54_LShoulder_transform_frame">
        <float_array id="Motion_54_LShoulder_transform_frame_array_id" count="16">0 0.033333335 0.06666667 0.1 0.13333334 0.16666667 0.2 0.23333333 0.26666668 0.3 0.33333334 0.36666667 0.4 0.43333334 0.46666667 0.5</float_array>
        <technique_common>
          <accessor source="#Motion_54_LShoulder_transform_frame_array_id" count="16" stride="1">
            <param name="TIME" type="float" />
          </accessor>
        </technique_common>
      </source>
      <source id="Motion_54_LShoulder_transform_interp_id" name="Motion_54_LShoulder_transform_interp">
        <Name_array id="Motion_54_LShoulder_transform_interp_array_id" count="16">LINEAR LINEAR LINEAR LINEAR LINEAR LINEAR LINEAR LINEAR LINEAR LINEAR LINEAR LINEAR LINEAR LINEAR LINEAR LINEAR</Name_array>
        <technique_common>
          <accessor source="#Motion_54_LShoulder_transform_interp_array_id" count="16" stride="1">
            <param name="INTERPOLATION" type="Name" />
          </accessor>
        </technique_common>
      </source>
      <source id="Motion_54_LShoulder_transform_pose_id" name="Motion_54_LShoulder_transform_pose">
        <float_array id="Motion_54_LShoulder_transform_pose_array_id" count="256">-0.559181 0.82619274 -0.06872047 10.965816 -0.82902503 -0.5578295 0.03929423 -3.287042 -0.0058696866 0.078943565 0.9968618 -0.09356 0 0 0 1 -0.559126 0.8262349 -0.0686591 10.965816 -0.82905835 -0.5578234 0.038668673 -3.287042 -0.0063502453 0.07854307 0.9968905 -0.09356 0 0 0 1 -0.5590453 0.82629544 -0.06858439 10.965816 -0.82910687 -0.5578134 0.037757263 -3.287042 -0.007058652 0.077971816 0.9969306 -0.09356 0 0 0 1 -0.5589453 0.8263714 -0.06848734 10.965816 -0.82916623 -0.557804 0.036580347 -3.287042 -0.007973559 0.0772338 0.99698114 -0.09356 0 0 0 1 -0.5588299 0.82646 -0.068358906 10.965816 -0.8292326 -0.5577967 0.03515815 -3.287042 -0.0090735685 0.07633287 0.9970411 -0.09356 0 0 0 1 -0.55870557 0.8265579 -0.06819008 10.965816 -0.8293015 -0.5577955 0.033511017 -3.287042 -0.010337336 0.07527293 0.9971094 -0.09356 0 0 0 1 -0.55857706 0.8266628 -0.06797186 10.965816 -0.8293694 -0.5578028 0.031659156 -3.287042 -0.011743449 0.07405787 0.9971848 -0.09356 0 0 0 1 -0.5584456 0.8267718 -0.06772582 10.965816 -0.8294354 -0.5578134 0.029680224 -3.287042 -0.0132396035 0.07274899 0.9972624 -0.09356 0 0 0 1 -0.55831003 0.82688206 -0.06749658 10.965816 -0.8295012 -0.5578178 0.027695155 -3.287042 -0.014750168 0.07145098 0.997335 -0.09356 0 0 0 1 -0.5581765 0.82699025 -0.06727592 10.965816 -0.82956433 -0.5578145 0.025807466 -3.287042 -0.016184961 0.07021482 0.9974006 -0.09356 0 0 0 1 -0.5580523 0.82709205 -0.06705554 10.965816 -0.82962227 -0.557804 0.024120705 -3.287042 -0.017453795 0.06909138 0.9974576 -0.09356 0 0 0 1 -0.55794024 0.8271832 -0.06686108 10.965816 -0.8296748 -0.5577843 0.022720214 -3.287042 -0.018500287 0.06814948 0.9975036 -0.09356 0 0 0 1 -0.5578464 0.8272581 -0.06671822 10.965816 -0.8297205 -0.5577574 0.021691438 -3.287042 -0.019268166 0.067457974 0.99753606 -0.09356 0 0 0 1 -0.5577742 0.8273122 -0.06665265 10.965816 -0.82975894 -0.55772233 0.02111971 -3.287042 -0.019701071 0.06708565 0.9975527 -0.09356 0 0 0 1 -0.5577271 0.8273407 -0.06668999 10.965816 -0.8297894 -0.55767775 0.021090342 -3.287042 -0.01974263 0.06710131 0.99755085 -0.09356 0 0 0 1 -0.5577271 0.8273407 -0.06668999 10.965816 -0.8297894 -0.55767775 0.021090342 -3.287042 -0.01974263 0.06710131 0.99755085 -0.09356 0 0 0 1</float_array>
        <technique_common>
          <accessor source="#Motion_54_LShoulder_transform_pose_array_id" count="16" stride="16">
            <param name="TRANSFORM" type="float4x4" />
          </accessor>
        </technique_common>
      </source>
      <sampler id="Motion_54_LShoulder_transform_samp_id">
        <input semantic="INPUT" source="#Motion_54_LShoulder_transform_frame_id" />
        <input semantic="INTERPOLATION" source="#Motion_54_LShoulder_transform_interp_id" />
        <input semantic="OUTPUT" source="#Motion_54_LShoulder_transform_pose_id" />
      </sampler>
      <channel source="#Motion_54_LShoulder_transform_samp_id" target="LShoulder_bone_id/transform" />
    </animation>
    <animation id="Motion_54_LArm_transform_id" name="Motion_54_LArm_transform">
      <source id="Motion_54_LArm_transform_frame_id" name="Motion_54_LArm_transform_frame">
        <float_array id="Motion_54_LArm_transform_frame_array_id" count="16">0 0.033333335 0.06666667 0.1 0.13333334 0.16666667 0.2 0.23333333 0.26666668 0.3 0.33333334 0.36666667 0.4 0.43333334 0.46666667 0.5</float_array>
        <technique_common>
          <accessor source="#Motion_54_LArm_transform_frame_array_id" count="16" stride="1">
            <param name="TIME" type="float" />
          </accessor>
        </technique_common>
      </source>
      <source id="Motion_54_LArm_transform_interp_id" name="Motion_54_LArm_transform_interp">
        <Name_array id="Motion_54_LArm_transform_interp_array_id" count="16">LINEAR LINEAR LINEAR LINEAR LINEAR LINEAR LINEAR LINEAR LINEAR LINEAR LINEAR LINEAR LINEAR LINEAR LINEAR LINEAR</Name_array>
        <technique_common>
          <accessor source="#Motion_54_LArm_transform_interp_array_id" count="16" stride="1">
            <param name="INTERPOLATION" type="Name" />
          </accessor>
        </technique_common>
      </source>
      <source id="Motion_54_LArm_transform_pose_id" name="Motion_54_LArm_transform_pose">
        <float_array id="Motion_54_LArm_transform_pose_array_id" count="256">0.83907205 0.47027102 -0.27350187 5.738265 -0.5299987 0.8200356 -0.21596985 0 0.12271692 0.3261699 0.937312 0 0 0 0 1 0.8389392 0.4701231 -0.2741628 5.738265 -0.5301178 0.8198811 -0.21626405 0 0.12311015 0.326771 0.937051 0 0 0 0 1 0.8387372 0.46988565 -0.27518612 5.738265 -0.5302966 0.8196419 -0.21673165 0 0.123715 0.32771116 0.93664294 0 0 0 0 1 0.83847916 0.46957272 -0.2765035 5.738265 -0.5305229 0.8193343 -0.21734026 0 0.12449174 0.3289267 0.9361138 0 0 0 0 1 0.83817816 0.4691987 -0.27804664 5.738265 -0.5307843 0.8189743 -0.21805751 0 0.12540075 0.33035386 0.9354897 0 0 0 0 1 0.83784753 0.46877816 -0.27974728 5.738265 -0.5310687 0.8185782 -0.21885112 0 0.12640241 0.33192888 0.9347971 0 0 0 0 1 0.8375008 0.46832585 -0.28153732 5.738265 -0.53136337 0.81816244 -0.21968889 0 0.12745726 0.33358824 0.9340629 0 0 0 0 1 0.83715177 0.46785712 -0.28334886 5.738265 -0.53165585 0.81774366 -0.22053891 0 0.128526 0.33526862 0.93331456 0 0 0 0 1 0.83681464 0.46738768 -0.28511402 5.738265 -0.53193325 0.81733876 -0.22136933 0 0.12956947 0.33690673 0.9325801 0 0 0 0 1 0.83650386 0.46693352 -0.28676534 5.738265 -0.5321826 0.816965 -0.22214845 0 0.13054866 0.33843955 0.9318882 0 0 0 0 1 0.8362342 0.46651125 -0.28823528 5.738265 -0.5323907 0.81663966 -0.22284482 0 0.13142475 0.33980426 0.9312683 0 0 0 0 1 0.8360207 0.46613756 -0.28945655 5.738265 -0.5325442 0.81638044 -0.223427 0 0.13215896 0.34093803 0.93074983 0 0 0 0 1 0.8358785 0.4658294 -0.29036197 5.738265 -0.5326298 0.816205 -0.22386365 0 0.13271263 0.34177825 0.9303628 0 0 0 0 1 0.8358227 0.46560356 -0.29088426 5.738265 -0.53263384 0.81613106 -0.22412333 0 0.13304706 0.34226218 0.9301371 0 0 0 0 1 0.83586824 0.4654769 -0.29095623 5.738265 -0.53254336 0.816176 -0.22417474 0 0.13312334 0.34232736 0.9301022 0 0 0 0 1 0.83586824 0.4654769 -0.29095623 5.738265 -0.53254336 0.816176 -0.22417474 0 0.13312334 0.34232736 0.9301022 0 0 0 0 1</float_array>
        <technique_common>
          <accessor source="#Motion_54_LArm_transform_pose_array_id" count="16" stride="16">
            <param name="TRANSFORM" type="float4x4" />
          </accessor>
        </technique_common>
      </source>
      <sampler id="Motion_54_LArm_transform_samp_id">
        <input semantic="INPUT" source="#Motion_54_LArm_transform_frame_id" />
        <input semantic="INTERPOLATION" source="#Motion_54_LArm_transform_interp_id" />
        <input semantic="OUTPUT" source="#Motion_54_LArm_transform_pose_id" />
      </sampler>
      <channel source="#Motion_54_LArm_transform_samp_id" target="LArm_bone_id/transform" />
    </animation>
    <animation id="Motion_54_LForeArm_transform_id" name="Motion_54_LForeArm_transform">
      <source id="Motion_54_LForeArm_transform_frame_id" name="Motion_54_LForeArm_transform_frame">
        <float_array id="Motion_54_LForeArm_transform_frame_array_id" count="16">0 0.033333335 0.06666667 0.1 0.13333334 0.16666667 0.2 0.23333333 0.26666668 0.3 0.33333334 0.36666667 0.4 0.43333334 0.46666667 0.5</float_array>
        <technique_common>
          <accessor source="#Motion_54_LForeArm_transform_frame_array_id" count="16" stride="1">
            <param name="TIME" type="float" />
          </accessor>
        </technique_common>
      </source>
      <source id="Motion_54_LForeArm_transform_interp_id" name="Motion_54_LForeArm_transform_interp">
        <Name_array id="Motion_54_LForeArm_transform_interp_array_id" count="16">LINEAR LINEAR LINEAR LINEAR LINEAR LINEAR LINEAR LINEAR LINEAR LINEAR LINEAR LINEAR LINEAR LINEAR LINEAR LINEAR</Name_array>
        <technique_common>
          <accessor source="#Motion_54_LForeArm_transform_interp_array_id" count="16" stride="1">
            <param name="INTERPOLATION" type="Name" />
          </accessor>
        </technique_common>
      </source>
      <source id="Motion_54_LForeArm_transform_pose_id" name="Motion_54_LForeArm_transform_pose">
        <float_array id="Motion_54_LForeArm_transform_pose_array_id" count="256">0.3028552 -0.002068295 -0.95303434 18.2756 0.0015563766 0.9999974 -0.0016756298 0 0.9530353 -0.0009758072 0.30285758 0 0 0 0 1 0.30324024 -0.0020670248 -0.9529119 18.2756 0.0015555685 0.9999974 -0.0016741406 0 0.95291287 -0.0009746529 0.30324262 0 0 0 0 1 0.3038686 -0.0020651133 -0.9527117 18.2756 0.0015545241 0.9999974 -0.001671793 0 0.95271266 -0.000973008 0.30387098 0 0 0 0 1 0.3047123 -0.0020626958 -0.95244217 18.2756 0.001553306 0.9999974 -0.0016687405 0 0.9524431 -0.0009709485 0.30471468 0 0 0 0 1 0.30574304 -0.002059907 -0.95211184 18.2756 0.0015519763 0.99999744 -0.0016651361 0 0.9521128 -0.00096855126 0.30574542 0 0 0 0 1 0.30693257 -0.002056883 -0.951729 18.2756 0.0015505978 0.99999744 -0.0016611331 0 0.95172995 -0.00096589315 0.30693495 0 0 0 0 1 0.30825263 -0.0020537593 -0.9513023 18.2756 0.0015492339 0.99999744 -0.0016568851 0 0.95130324 -0.0009630505 0.30825502 0 0 0 0 1 0.30967516 -0.0020506724 -0.9508402 18.2756 0.0015479481 0.99999744 -0.0016525448 0 0.9508411 -0.0009600993 0.30967748 0 0 0 0 1 0.3111719 -0.0020477585 -0.9503514 18.2756 0.0015468049 0.99999744 -0.0016482652 0 0.9503524 -0.0009571146 0.3111742 0 0 0 0 1 0.31250733 -0.002045003 -0.9499131 18.2756 0.0015456537 0.99999744 -0.0016443289 0 0.94991404 -0.0009543721 0.31250966 0 0 0 0 1 0.31347764 -0.0020424156 -0.94959337 18.2756 0.001544379 0.99999744 -0.0016409992 0 0.9495943 -0.00095211575 0.31347996 0 0 0 0 1 0.3141023 -0.0020401701 -0.9493869 18.2756 0.0015430984 0.9999975 -0.0016383986 0 0.94938785 -0.00095037266 0.31410462 0 0 0 0 1 0.31440037 -0.0020384404 -0.94928825 18.2756 0.0015419279 0.9999975 -0.00163665 0 0.9492892 -0.00094917096 0.3144027 0 0 0 0 1 0.31439143 -0.0020373997 -0.94929117 18.2756 0.0015409846 0.9999975 -0.0016358754 0 0.9492921 -0.0009485382 0.31439376 0 0 0 0 1 0.31409407 -0.0020372197 -0.94938964 18.2756 0.0015403824 0.9999975 -0.0016361981 0 0.9493906 -0.00094850303 0.3140964 0 0 0 0 1 0.31409407 -0.0020372197 -0.94938964 18.2756 0.0015403824 0.9999975 -0.0016361981 0 0.9493906 -0.00094850303 0.3140964 0 0 0 0 1</float_array>
        <technique_common>
          <accessor source="#Motion_54_LForeArm_transform_pose_array_id" count="16" stride="16">
            <param name="TRANSFORM" type="float4x4" />
          </accessor>
        </technique_common>
      </source>
      <sampler id="Motion_54_LForeArm_transform_samp_id">
        <input semantic="INPUT" source="#Motion_54_LForeArm_transform_frame_id" />
        <input semantic="INTERPOLATION" source="#Motion_54_LForeArm_transform_interp_id" />
        <input semantic="OUTPUT" source="#Motion_54_LForeArm_transform_pose_id" />
      </sampler>
      <channel source="#Motion_54_LForeArm_transform_samp_id" target="LForeArm_bone_id/transform" />
    </animation>
    <animation id="Motion_54_LForeArmEX_transform_id" name="Motion_54_LForeArmEX_transform">
      <source id="Motion_54_LForeArmEX_transform_frame_id" name="Motion_54_LForeArmEX_transform_frame">
        <float_array id="Motion_54_LForeArmEX_transform_frame_array_id" count="16">0 0.033333335 0.06666667 0.1 0.13333334 0.16666667 0.2 0.23333333 0.26666668 0.3 0.33333334 0.36666667 0.4 0.43333334 0.46666667 0.5</float_array>
        <technique_common>
          <accessor source="#Motion_54_LForeArmEX_transform_frame_array_id" count="16" stride="1">
            <param name="TIME" type="float" />
          </accessor>
        </technique_common>
      </source>
      <source id="Motion_54_LForeArmEX_transform_interp_id" name="Motion_54_LForeArmEX_transform_interp">
        <Name_array id="Motion_54_LForeArmEX_transform_interp_array_id" count="16">LINEAR LINEAR LINEAR LINEAR LINEAR LINEAR LINEAR LINEAR LINEAR LINEAR LINEAR LINEAR LINEAR LINEAR LINEAR LINEAR</Name_array>
        <technique_common>
          <accessor source="#Motion_54_LForeArmEX_transform_interp_array_id" count="16" stride="1">
            <param name="INTERPOLATION" type="Name" />
          </accessor>
        </technique_common>
      </source>
      <source id="Motion_54_LForeArmEX_transform_pose_id" name="Motion_54_LForeArmEX_transform_pose">
        <float_array id="Motion_54_LForeArmEX_transform_pose_array_id" count="256">1 0 0 18.2756 0 0.9247649 -0.3805389 -0.07027998 0 0.3805389 0.9247649 0 0 0 0 1 1 0 0 18.2756 0 0.9247974 -0.38045993 -0.07027998 0 0.38045993 0.9247974 0 0 0 0 1 1 0 0 18.2756 0 0.9248471 -0.380339 -0.07027998 0 0.380339 0.9248471 0 0 0 0 1 1 0 0 18.2756 0 0.92491305 -0.38017878 -0.07027998 0 0.38017878 0.92491305 0 0 0 0 1 1 0 0 18.2756 0 0.9249939 -0.379982 -0.07027998 0 0.379982 0.9249939 0 0 0 0 1 1 0 0 18.2756 0 0.92508864 -0.37975127 -0.07027998 0 0.37975127 0.92508864 0 0 0 0 1 1 0 0 18.2756 0 0.9251962 -0.37948924 -0.07027998 0 0.37948924 0.9251962 0 0 0 0 1 1 0 0 18.2756 0 0.9253153 -0.37919858 -0.07027998 0 0.37919858 0.9253153 0 0 0 0 1 1 0 0 18.2756 0 0.925445 -0.37888193 -0.07027998 0 0.37888193 0.925445 0 0 0 0 1 1 0 0 18.2756 0 0.92558414 -0.37854198 -0.07027998 0 0.37854198 0.92558414 0 0 0 0 1 1 0 0 18.2756 0 0.92573154 -0.37818128 -0.07027998 0 0.37818128 0.92573154 0 0 0 0 1 1 0 0 18.2756 0 0.92588615 -0.3778026 -0.07027998 0 0.3778026 0.92588615 0 0 0 0 1 1 0 0 18.2756 0 0.92604685 -0.3774085 -0.07027998 0 0.3774085 0.92604685 0 0 0 0 1 1 0 0 18.2756 0 0.92621255 -0.37700173 -0.07027998 0 0.37700173 0.92621255 0 0 0 0 1 1 0 0 18.2756 0 0.9263821 -0.3765849 -0.07027998 0 0.3765849 0.9263821 0 0 0 0 1 1 0 0 18.2756 0 0.9263821 -0.3765849 -0.07027998 0 0.3765849 0.9263821 0 0 0 0 1</float_array>
        <technique_common>
          <accessor source="#Motion_54_LForeArmEX_transform_pose_array_id" count="16" stride="16">
            <param name="TRANSFORM" type="float4x4" />
          </accessor>
        </technique_common>
      </source>
      <sampler id="Motion_54_LForeArmEX_transform_samp_id">
        <input semantic="INPUT" source="#Motion_54_LForeArmEX_transform_frame_id" />
        <input semantic="INTERPOLATION" source="#Motion_54_LForeArmEX_transform_interp_id" />
        <input semantic="OUTPUT" source="#Motion_54_LForeArmEX_transform_pose_id" />
      </sampler>
      <channel source="#Motion_54_LForeArmEX_transform_samp_id" target="LForeArmEX_bone_id/transform" />
    </animation>
    <animation id="Motion_54_LHand_transform_id" name="Motion_54_LHand_transform">
      <source id="Motion_54_LHand_transform_frame_id" name="Motion_54_LHand_transform_frame">
        <float_array id="Motion_54_LHand_transform_frame_array_id" count="16">0 0.033333335 0.06666667 0.1 0.13333334 0.16666667 0.2 0.23333333 0.26666668 0.3 0.33333334 0.36666667 0.4 0.43333334 0.46666667 0.5</float_array>
        <technique_common>
          <accessor source="#Motion_54_LHand_transform_frame_array_id" count="16" stride="1">
            <param name="TIME" type="float" />
          </accessor>
        </technique_common>
      </source>
      <source id="Motion_54_LHand_transform_interp_id" name="Motion_54_LHand_transform_interp">
        <Name_array id="Motion_54_LHand_transform_interp_array_id" count="16">LINEAR LINEAR LINEAR LINEAR LINEAR LINEAR LINEAR LINEAR LINEAR LINEAR LINEAR LINEAR LINEAR LINEAR LINEAR LINEAR</Name_array>
        <technique_common>
          <accessor source="#Motion_54_LHand_transform_interp_array_id" count="16" stride="1">
            <param name="INTERPOLATION" type="Name" />
          </accessor>
        </technique_common>
      </source>
      <source id="Motion_54_LHand_transform_pose_id" name="Motion_54_LHand_transform_pose">
        <float_array id="Motion_54_LHand_transform_pose_array_id" count="256">0.95207226 -0.3040607 0.033249393 18.2756 0.23836684 0.6694338 -0.7035905 0 0.19167598 0.6777946 0.7098273 0 0 0 0 1 0.9520466 -0.30416128 0.033064067 18.2756 0.23834535 0.66956663 -0.7034714 0 0.19183017 0.67761827 0.709954 0 0 0 0 1 0.95200175 -0.3043345 0.032759316 18.2756 0.23831168 0.6697691 -0.70329 0 0.19209424 0.67734027 0.71014786 0 0 0 0 1 0.95194274 -0.30456275 0.032350853 18.2756 0.23826323 0.6700382 -0.7030501 0 0.19244657 0.6769714 0.71040416 0 0 0 0 1 0.9518743 -0.30482873 0.0318544 18.2756 0.23819754 0.6703708 -0.7027553 0 0.1928657 0.6765223 0.7107182 0 0 0 0 1 0.95180154 -0.3051148 0.03128571 18.2756 0.23811196 0.67076373 -0.70240927 0 0.19333014 0.6760037 0.71108544 0 0 0 0 1 0.95172924 -0.3054036 0.030660525 18.2756 0.23800395 0.671214 -0.70201564 0 0.19381833 0.6754261 0.71150124 0 0 0 0 1 0.9516625 -0.30567765 0.029994637 18.2756 0.23787093 0.67171824 -0.70157826 0 0.19430883 0.6748005 0.7119609 0 0 0 0 1 0.9516063 -0.30591956 0.029303849 18.2756 0.23771028 0.67227364 -0.70110047 0 0.19478016 0.6741375 0.71246004 0 0 0 0 1 0.95156574 -0.30611193 0.028603986 18.2756 0.23751932 0.67287695 -0.70058626 0 0.19521086 0.6734479 0.71299416 0 0 0 0 1 0.9515459 -0.3062374 0.02791091 18.2756 0.23729527 0.6735252 -0.7000391 0 0.19557944 0.6727424 0.7135589 0 0 0 0 1 0.95155203 -0.30627874 0.027240597 18.2756 0.23703547 0.67421526 -0.6994626 0 0.1958645 0.67203206 0.71414983 0 0 0 0 1 0.9515893 -0.3062186 0.026609011 18.2756 0.23673698 0.6749439 -0.6988607 0 0.19604456 0.67132765 0.7147627 0 0 0 0 1 0.9516628 -0.30603978 0.026032113 18.2756 0.236397 0.6757084 -0.6982368 0 0.19609812 0.6706399 0.71539336 0 0 0 0 1 0.95177764 -0.30572495 0.025525987 18.2756 0.23601243 0.6765054 -0.6975949 0 0.19600369 0.6699797 0.7160376 0 0 0 0 1 0.95177764 -0.30572495 0.025525987 18.2756 0.23601243 0.6765054 -0.6975949 0 0.19600369 0.6699797 0.7160376 0 0 0 0 1</float_array>
        <technique_common>
          <accessor source="#Motion_54_LHand_transform_pose_array_id" count="16" stride="16">
            <param name="TRANSFORM" type="float4x4" />
          </accessor>
        </technique_common>
      </source>
      <sampler id="Motion_54_LHand_transform_samp_id">
        <input semantic="INPUT" source="#Motion_54_LHand_transform_frame_id" />
        <input semantic="INTERPOLATION" source="#Motion_54_LHand_transform_interp_id" />
        <input semantic="OUTPUT" source="#Motion_54_LHand_transform_pose_id" />
      </sampler>
      <channel source="#Motion_54_LHand_transform_samp_id" target="LHand_bone_id/transform" />
    </animation>
    <animation id="Motion_54_LFingerA_transform_id" name="Motion_54_LFingerA_transform">
      <source id="Motion_54_LFingerA_transform_frame_id" name="Motion_54_LFingerA_transform_frame">
        <float_array id="Motion_54_LFingerA_transform_frame_array_id" count="16">0 0.033333335 0.06666667 0.1 0.13333334 0.16666667 0.2 0.23333333 0.26666668 0.3 0.33333334 0.36666667 0.4 0.43333334 0.46666667 0.5</float_array>
        <technique_common>
          <accessor source="#Motion_54_LFingerA_transform_frame_array_id" count="16" stride="1">
            <param name="TIME" type="float" />
          </accessor>
        </technique_common>
      </source>
      <source id="Motion_54_LFingerA_transform_interp_id" name="Motion_54_LFingerA_transform_interp">
        <Name_array id="Motion_54_LFingerA_transform_interp_array_id" count="16">LINEAR LINEAR LINEAR LINEAR LINEAR LINEAR LINEAR LINEAR LINEAR LINEAR LINEAR LINEAR LINEAR LINEAR LINEAR LINEAR</Name_array>
        <technique_common>
          <accessor source="#Motion_54_LFingerA_transform_interp_array_id" count="16" stride="1">
            <param name="INTERPOLATION" type="Name" />
          </accessor>
        </technique_common>
      </source>
      <source id="Motion_54_LFingerA_transform_pose_id" name="Motion_54_LFingerA_transform_pose">
        <float_array id="Motion_54_LFingerA_transform_pose_array_id" count="256">0.38941252 0.8238246 -0.4119115 4.600651 -0.8238246 0.5115296 0.24423473 -2.807651 0.4119115 0.24423473 0.8778829 4.080631 0 0 0 1 0.38941252 0.8238246 -0.4119115 4.600651 -0.8238246 0.5115296 0.24423473 -2.807651 0.4119115 0.24423473 0.8778829 4.080631 0 0 0 1 0.38941252 0.8238246 -0.4119115 4.600651 -0.8238246 0.5115296 0.24423473 -2.807651 0.4119115 0.24423473 0.8778829 4.080631 0 0 0 1 0.38941252 0.8238246 -0.4119115 4.600651 -0.8238246 0.5115296 0.24423473 -2.807651 0.4119115 0.24423473 0.8778829 4.080631 0 0 0 1 0.38941252 0.8238246 -0.4119115 4.600651 -0.8238246 0.5115296 0.24423473 -2.807651 0.4119115 0.24423473 0.8778829 4.080631 0 0 0 1 0.38941252 0.8238246 -0.4119115 4.600651 -0.8238246 0.5115296 0.24423473 -2.807651 0.4119115 0.24423473 0.8778829 4.080631 0 0 0 1 0.38941252 0.8238246 -0.4119115 4.600651 -0.8238246 0.5115296 0.24423473 -2.807651 0.4119115 0.24423473 0.8778829 4.080631 0 0 0 1 0.38941252 0.8238246 -0.4119115 4.600651 -0.8238246 0.5115296 0.24423473 -2.807651 0.4119115 0.24423473 0.8778829 4.080631 0 0 0 1 0.38941252 0.8238246 -0.4119115 4.600651 -0.8238246 0.5115296 0.24423473 -2.807651 0.4119115 0.24423473 0.8778829 4.080631 0 0 0 1 0.38941252 0.8238246 -0.4119115 4.600651 -0.8238246 0.5115296 0.24423473 -2.807651 0.4119115 0.24423473 0.8778829 4.080631 0 0 0 1 0.38941252 0.8238246 -0.4119115 4.600651 -0.8238246 0.5115296 0.24423473 -2.807651 0.4119115 0.24423473 0.8778829 4.080631 0 0 0 1 0.38941252 0.8238246 -0.4119115 4.600651 -0.8238246 0.5115296 0.24423473 -2.807651 0.4119115 0.24423473 0.8778829 4.080631 0 0 0 1 0.38941252 0.8238246 -0.4119115 4.600651 -0.8238246 0.5115296 0.24423473 -2.807651 0.4119115 0.24423473 0.8778829 4.080631 0 0 0 1 0.38941252 0.8238246 -0.4119115 4.600651 -0.8238246 0.5115296 0.24423473 -2.807651 0.4119115 0.24423473 0.8778829 4.080631 0 0 0 1 0.38941252 0.8238246 -0.4119115 4.600651 -0.8238246 0.5115296 0.24423473 -2.807651 0.4119115 0.24423473 0.8778829 4.080631 0 0 0 1 0.38941252 0.8238246 -0.4119115 4.600651 -0.8238246 0.5115296 0.24423473 -2.807651 0.4119115 0.24423473 0.8778829 4.080631 0 0 0 1</float_array>
        <technique_common>
          <accessor source="#Motion_54_LFingerA_transform_pose_array_id" count="16" stride="16">
            <param name="TRANSFORM" type="float4x4" />
          </accessor>
        </technique_common>
      </source>
      <sampler id="Motion_54_LFingerA_transform_samp_id">
        <input semantic="INPUT" source="#Motion_54_LFingerA_transform_frame_id" />
        <input semantic="INTERPOLATION" source="#Motion_54_LFingerA_transform_interp_id" />
        <input semantic="OUTPUT" source="#Motion_54_LFingerA_transform_pose_id" />
      </sampler>
      <channel source="#Motion_54_LFingerA_transform_samp_id" target="LFingerA_bone_id/transform" />
    </animation>
    <animation id="Motion_54_Neck_transform_id" name="Motion_54_Neck_transform">
      <source id="Motion_54_Neck_transform_frame_id" name="Motion_54_Neck_transform_frame">
        <float_array id="Motion_54_Neck_transform_frame_array_id" count="16">0 0.033333335 0.06666667 0.1 0.13333334 0.16666667 0.2 0.23333333 0.26666668 0.3 0.33333334 0.36666667 0.4 0.43333334 0.46666667 0.5</float_array>
        <technique_common>
          <accessor source="#Motion_54_Neck_transform_frame_array_id" count="16" stride="1">
            <param name="TIME" type="float" />
          </accessor>
        </technique_common>
      </source>
      <source id="Motion_54_Neck_transform_interp_id" name="Motion_54_Neck_transform_interp">
        <Name_array id="Motion_54_Neck_transform_interp_array_id" count="16">LINEAR LINEAR LINEAR LINEAR LINEAR LINEAR LINEAR LINEAR LINEAR LINEAR LINEAR LINEAR LINEAR LINEAR LINEAR LINEAR</Name_array>
        <technique_common>
          <accessor source="#Motion_54_Neck_transform_interp_array_id" count="16" stride="1">
            <param name="INTERPOLATION" type="Name" />
          </accessor>
        </technique_common>
      </source>
      <source id="Motion_54_Neck_transform_pose_id" name="Motion_54_Neck_transform_pose">
        <float_array id="Motion_54_Neck_transform_pose_array_id" count="256">0.97379017 -0.05186021 -0.22145714 12.198097 0.04420984 0.9982463 -0.03936724 0 0.22311036 0.028544847 0.9743752 0 0 0 0 1 0.97383857 -0.051623307 -0.22129941 12.198097 0.043986626 0.99825877 -0.03930216 0 0.22294298 0.028539743 0.97441363 0 0 0 0 1 0.9739104 -0.05126272 -0.22106716 12.198097 0.04364644 0.99827754 -0.039203946 0 0.2226961 0.028532337 0.9744703 0 0 0 0 1 0.9740027 -0.050789278 -0.22076936 12.198097 0.043199334 0.998302 -0.039075933 0 0.22237913 0.028522976 0.974543 0 0 0 0 1 0.97411287 -0.050213818 -0.22041495 12.198097 0.042655382 0.9983314 -0.038921498 0 0.22200157 0.028512046 0.97462934 0 0 0 0 1 0.97423786 -0.049547173 -0.22001281 12.198097 0.042024635 0.9983651 -0.03874398 0 0.22157276 0.028499894 0.9747273 0 0 0 0 1 0.974375 -0.048800156 -0.21957201 12.198097 0.041317157 0.99840224 -0.038546726 0 0.22110227 0.028486878 0.9748345 0 0 0 0 1 0.9745215 -0.04798361 -0.2191014 12.198097 0.040543005 0.99844223 -0.038333084 0 0.22059944 0.028473387 0.97494876 0 0 0 0 1 0.9746745 -0.04710837 -0.21861002 12.198097 0.03971226 0.99848425 -0.038106367 0 0.22007379 0.02845981 0.975068 0 0 0 0 1 0.97483146 -0.046185266 -0.21810679 12.198097 0.038835015 0.99852777 -0.03786988 0 0.21953471 0.028446572 0.97518986 0 0 0 0 1 0.97498953 -0.045225136 -0.21760075 12.198097 0.037921347 0.99857205 -0.037626896 0 0.21899171 0.028434116 0.97531235 0 0 0 0 1 0.97514623 -0.044238813 -0.21710086 12.198097 0.036981367 0.9986166 -0.037380666 0 0.21845418 0.02842293 0.9754332 0 0 0 0 1 0.97529894 -0.043237142 -0.21661618 12.198097 0.03602518 0.99866074 -0.0371344 0 0.21793166 0.028413504 0.97555035 0 0 0 0 1 0.97544515 -0.042230956 -0.21615571 12.198097 0.035062924 0.99870396 -0.036891304 0 0.21743351 0.028406395 0.9756617 0 0 0 0 1 0.9755825 -0.041231114 -0.21572854 12.198097 0.034104723 0.99874586 -0.036654543 0 0.2169693 0.028402168 0.97576517 0 0 0 0 1 0.9755825 -0.041231114 -0.21572854 12.198097 0.034104723 0.99874586 -0.036654543 0 0.2169693 0.028402168 0.97576517 0 0 0 0 1</float_array>
        <technique_common>
          <accessor source="#Motion_54_Neck_transform_pose_array_id" count="16" stride="16">
            <param name="TRANSFORM" type="float4x4" />
          </accessor>
        </technique_common>
      </source>
      <sampler id="Motion_54_Neck_transform_samp_id">
        <input semantic="INPUT" source="#Motion_54_Neck_transform_frame_id" />
        <input semantic="INTERPOLATION" source="#Motion_54_Neck_transform_interp_id" />
        <input semantic="OUTPUT" source="#Motion_54_Neck_transform_pose_id" />
      </sampler>
      <channel source="#Motion_54_Neck_transform_samp_id" target="Neck_bone_id/transform" />
    </animation>
    <animation id="Motion_54_Head_transform_id" name="Motion_54_Head_transform">
      <source id="Motion_54_Head_transform_frame_id" name="Motion_54_Head_transform_frame">
        <float_array id="Motion_54_Head_transform_frame_array_id" count="16">0 0.033333335 0.06666667 0.1 0.13333334 0.16666667 0.2 0.23333333 0.26666668 0.3 0.33333334 0.36666667 0.4 0.43333334 0.46666667 0.5</float_array>
        <technique_common>
          <accessor source="#Motion_54_Head_transform_frame_array_id" count="16" stride="1">
            <param name="TIME" type="float" />
          </accessor>
        </technique_common>
      </source>
      <source id="Motion_54_Head_transform_interp_id" name="Motion_54_Head_transform_interp">
        <Name_array id="Motion_54_Head_transform_interp_array_id" count="16">LINEAR LINEAR LINEAR LINEAR LINEAR LINEAR LINEAR LINEAR LINEAR LINEAR LINEAR LINEAR LINEAR LINEAR LINEAR LINEAR</Name_array>
        <technique_common>
          <accessor source="#Motion_54_Head_transform_interp_array_id" count="16" stride="1">
            <param name="INTERPOLATION" type="Name" />
          </accessor>
        </technique_common>
      </source>
      <source id="Motion_54_Head_transform_pose_id" name="Motion_54_Head_transform_pose">
        <float_array id="Motion_54_Head_transform_pose_array_id" count="256">0.98627913 0 0.16508634 4.879059 0 1 0 0 -0.16508634 0 0.98627913 0 0 0 0 1 0.98625046 -0.00030924732 0.16525714 4.879059 0.00031880088 0.99999994 -3.1285796E-05 0 -0.16525711 8.353975E-05 0.9862505 0 0 0 0 1 0.986208 -0.000768255 0.16550878 4.879059 0.00079191977 0.9999997 -7.699206E-05 0 -0.16550866 0.00020699986 0.9862083 0 0 0 0 1 0.9861531 -0.0013626666 0.1658317 4.879059 0.0014045617 0.999999 -0.0001353641 0 -0.16583134 0.00036641056 0.9861541 0 0 0 0 1 0.98608714 -0.0020781232 0.16621628 4.879059 0.0021419327 0.9999977 -0.00020463581 0 -0.16621548 0.00055781286 0.9860893 0 0 0 0 1 0.9860113 -0.0029002645 0.16665302 4.879059 0.0029892365 0.99999547 -0.00028304156 0 -0.16665144 0.0007772474 0.98601556 0 0 0 0 1 0.9859271 -0.0038147348 0.16713229 4.879059 0.003931678 0.9999922 -0.00036882565 0 -0.16712958 0.0010207455 0.98593444 0 0 0 0 1 0.9858358 -0.0048071817 0.1676445 4.879059 0.0049544564 0.9999876 -0.00046025106 0 -0.16764021 0.0012843194 0.9858474 0 0 0 0 1 0.9857389 -0.005863263 0.16818005 4.879059 0.0060427734 0.9999816 -0.000555607 0 -0.1681737 0.0015639574 0.98575616 0 0 0 0 1 0.9856378 -0.006968641 0.16872942 4.879059 0.0071818237 0.999974 -0.0006532137 0 -0.16872048 0.001855617 0.98566216 0 0 0 0 1 0.98553413 -0.008108992 0.16928296 4.879059 0.008356798 0.9999648 -0.00075142784 0 -0.16927092 0.0021552215 0.9855672 0 0 0 0 1 0.9854296 -0.009270002 0.1698311 4.879059 0.009552891 0.999954 -0.00084864424 0 -0.16981542 0.0024586571 0.9854728 0 0 0 0 1 0.9853259 -0.010437373 0.17036422 4.879059 0.010755293 0.9999417 -0.0009432974 0 -0.17034443 0.0027617724 0.9853807 0 0 0 0 1 0.98522484 -0.011596812 0.17087273 4.879059 0.011949187 0.99992806 -0.0010338625 0 -0.17084844 0.0030603772 0.98529255 0 0 0 0 1 0.98512846 -0.012734044 0.171347 4.879059 0.013119763 0.99991333 -0.0011188523 0 -0.17131789 0.0033502453 0.9852101 0 0 0 0 1 0.98512846 -0.012734044 0.171347 4.879059 0.013119763 0.99991333 -0.0011188523 0 -0.17131789 0.0033502453 0.9852101 0 0 0 0 1</float_array>
        <technique_common>
          <accessor source="#Motion_54_Head_transform_pose_array_id" count="16" stride="16">
            <param name="TRANSFORM" type="float4x4" />
          </accessor>
        </technique_common>
      </source>
      <sampler id="Motion_54_Head_transform_samp_id">
        <input semantic="INPUT" source="#Motion_54_Head_transform_frame_id" />
        <input semantic="INTERPOLATION" source="#Motion_54_Head_transform_interp_id" />
        <input semantic="OUTPUT" source="#Motion_54_Head_transform_pose_id" />
      </sampler>
      <channel source="#Motion_54_Head_transform_samp_id" target="Head_bone_id/transform" />
    </animation>
  </library_animations>
  <library_visual_scenes>
    <visual_scene id="tr0021_00_fi_00_clip_id" name="tr0021_00_fi_00_clip">
      <node id="tr0021_00_fi_bone_id" name="tr0021_00_fi" sid="tr0021_00_fi" type="JOINT">
        <matrix sid="transform">1 0 0 0 0 1 0 0 0 0 1 0 0 0 0 1</matrix>
        <node id="Origin_bone_id" name="Origin" sid="Origin" type="JOINT">
          <matrix sid="transform">1 0 0 0 0 1 0 0 0 0 1 0 0 0 0 1</matrix>
          <node id="Waist_bone_id" name="Waist" sid="Waist" type="JOINT">
            <matrix sid="transform">3.1391647E-07 -1 0 0 1 3.1391647E-07 0 69.0364 0 0 1 0 0 0 0 1</matrix>
            <node id="Spine2_bone_id" name="Spine2" sid="Spine2" type="JOINT">
              <matrix sid="transform">1 0 0 10.956802 0 1 0 0 0 0 1 0 0 0 0 1</matrix>
              <node id="Spine3_bone_id" name="Spine3" sid="Spine3" type="JOINT">
                <matrix sid="transform">0.9971689 0 0.07519396 10.956802 0 1 0 0 -0.07519396 0 0.9971689 0 0 0 0 1</matrix>
                <node id="Neck_bone_id" name="Neck" sid="Neck" type="JOINT">
                  <matrix sid="transform">0.97107327 0 -0.23878163 12.198097 0 1 0 0 0.23878163 0 0.97107327 0 0 0 0 1</matrix>
                  <node id="Head_bone_id" name="Head" sid="Head" type="JOINT">
                    <matrix sid="transform">0.9862791 0 0.16508679 4.879059 0 1 0 0 -0.16508679 0 0.9862791 0 0 0 0 1</matrix>
                    <node id="Loc_Head_bone_id" name="Loc_Head" sid="Loc_Head" type="JOINT">
                      <matrix sid="transform">3.1391647E-07 1 0 31.466173 -1 3.1391647E-07 0 0 0 0 1 0.111761 0 0 0 1</matrix>
                    </node>
                    <node id="Loc_Eye_bone_id" name="Loc_Eye" sid="Loc_Eye" type="JOINT">
                      <matrix sid="transform">3.1391647E-07 1 0 6.627965 -1 3.1391647E-07 0 0 0 0 1 10.987463 0 0 0 1</matrix>
                    </node>
                    <node id="Loc_Mouth_bone_id" name="Loc_Mouth" sid="Loc_Mouth" type="JOINT">
                      <matrix sid="transform">3.1391647E-07 1 0 0.049154 -1 3.1391647E-07 0 0 0 0 1 11.385613 0 0 0 1</matrix>
                    </node>
                  </node>
                </node>
                <node id="LShoulder_bone_id" name="LShoulder" sid="LShoulder" type="JOINT">
                  <matrix sid="transform">-0.65748256 0.74970824 -0.075194746 10.965816 -0.7518368 -0.65934926 -8.489264E-08 -3.287042 -0.049579665 0.05653412 0.99716884 -0.09356 0 0 0 1</matrix>
                  <node id="LArm_bone_id" name="LArm" sid="LArm" type="JOINT">
                    <matrix sid="transform">0.7518374 -0.65934855 0 5.738265 0.65934855 0.7518374 0 0 0 0 1 0 0 0 0 1</matrix>
                    <node id="LForeArm_bone_id" name="LForeArm" sid="LForeArm" type="JOINT">
                      <matrix sid="transform">1 0 0 18.2756 0 1 0 0 0 0 1 0 0 0 0 1</matrix>
                      <node id="LHand_bone_id" name="LHand" sid="LHand" type="JOINT">
                        <matrix sid="transform">1 0 0 18.2756 0 1 0 0 0 0 1 0 0 0 0 1</matrix>
                        <node id="LFingerA_bone_id" name="LFingerA" sid="LFingerA" type="JOINT">
                          <matrix sid="transform">0.83651626 0.50000024 -0.22414352 4.600651 -0.4829632 0.86602527 0.1294094 -2.807651 0.2588187 0 0.96592593 4.080631 0 0 0 1</matrix>
                        </node>
                        <node id="LFingerB1_bone_id" name="LFingerB1" sid="LFingerB1" type="JOINT">
                          <matrix sid="transform">0.9892724 0.14608237 0 6.8987 -0.14608237 0.9892724 0 0.130828 0 0 1 -0.002945 0 0 0 1</matrix>
                          <node id="LFingerB2_bone_id" name="LFingerB2" sid="LFingerB2" type="JOINT">
                            <matrix sid="transform">0.942836 0.33325705 0 3.80794 -0.33325705 0.942836 0 0 0 0 1 0 0 0 0 1</matrix>
                          </node>
                        </node>
                      </node>
                      <node id="LForeArmEX_bone_id" name="LForeArmEX" sid="LForeArmEX" type="JOINT">
                        <matrix sid="transform">1 0 0 18.2656 0 1 0 0 0 0 1 0 0 0 0 1</matrix>
                      </node>
                    </node>
                  </node>
                </node>
                <node id="RShoulder_bone_id" name="RShoulder" sid="RShoulder" type="JOINT">
                  <matrix sid="transform">-0.65748256 -0.74970824 -0.075194746 10.965816 0.7518368 -0.65934926 8.489264E-08 3.287042 -0.049579665 -0.05653412 0.99716884 -0.09356 0 0 0 1</matrix>
                  <node id="RArm_bone_id" name="RArm" sid="RArm" type="JOINT">
                    <matrix sid="transform">0.7518374 0.65934855 0 5.738265 -0.65934855 0.7518374 0 0 0 0 1 0 0 0 0 1</matrix>
                    <node id="RForeArm_bone_id" name="RForeArm" sid="RForeArm" type="JOINT">
                      <matrix sid="transform">1 0 0 18.2756 0 1 0 0 0 0 1 0 0 0 0 1</matrix>
                      <node id="RHand_bone_id" name="RHand" sid="RHand" type="JOINT">
                        <matrix sid="transform">1 0 0 18.2756 0 1 0 0 0 0 1 0 0 0 0 1</matrix>
                        <node id="RFingerA_bone_id" name="RFingerA" sid="RFingerA" type="JOINT">
                          <matrix sid="transform">0.83651626 -0.50000024 -0.22414352 4.600656 0.4829632 0.86602527 -0.1294094 2.807727 0.2588187 0 0.96592593 4.080627 0 0 0 1</matrix>
                        </node>
                        <node id="RFingerB1_bone_id" name="RFingerB1" sid="RFingerB1" type="JOINT">
                          <matrix sid="transform">0.9892723 -0.14608337 0 6.898677 0.14608337 0.9892723 0 -0.130927 0 0 1 -0.002947 0 0 0 1</matrix>
                          <node id="RFingerB2_bone_id" name="RFingerB2" sid="RFingerB2" type="JOINT">
                            <matrix sid="transform">0.9429073 -0.3330553 0 3.808191 0.3330553 0.9429073 0 0 0 0 1 0 0 0 0 1</matrix>
                          </node>
                        </node>
                      </node>
                      <node id="RForeArmEX_bone_id" name="RForeArmEX" sid="RForeArmEX" type="JOINT">
                        <matrix sid="transform">1 0 0 18.2656 0 1 0 0 0 0 1 0 0 0 0 1</matrix>
                      </node>
                    </node>
                  </node>
                </node>
              </node>
            </node>
            <node id="Hips_bone_id" name="Hips" sid="Hips" type="JOINT">
              <matrix sid="transform">-1 -3.2584137E-07 0 -0.008562 3.2584137E-07 -1 0 0 0 0 1 0 0 0 0 1</matrix>
              <node id="LThigh_bone_id" name="LThigh" sid="LThigh" type="JOINT">
                <matrix sid="transform">1 0 0 5.358562 0 1 0 6.0776 0 0 1 0 0 0 0 1</matrix>
                <node id="LLeg_bone_id" name="LLeg" sid="LLeg" type="JOINT">
                  <matrix sid="transform">1 0 0 28.076803 0 1 0 0 0 0 1 0 0 0 0 1</matrix>
                  <node id="LFoot_bone_id" name="LFoot" sid="LFoot" type="JOINT">
                    <matrix sid="transform">3.1391647E-07 0 -1 28.0768 0 1 0 0 1 0 3.1391647E-07 0 0 0 0 1</matrix>
                    <node id="LToe_bone_id" name="LToe" sid="LToe" type="JOINT">
                      <matrix sid="transform">1 0 0 7.3706 0 1 0 0 0 0 1 -4.972262 0 0 0 1</matrix>
                    </node>
                  </node>
                </node>
              </node>
              <node id="RThigh_bone_id" name="RThigh" sid="RThigh" type="JOINT">
                <matrix sid="transform">1 0 0 5.358562 0 1 0 -6.0776 0 0 1 0 0 0 0 1</matrix>
                <node id="RLeg_bone_id" name="RLeg" sid="RLeg" type="JOINT">
                  <matrix sid="transform">1 0 0 28.076803 0 1 0 0 0 0 1 0 0 0 0 1</matrix>
                  <node id="RFoot_bone_id" name="RFoot" sid="RFoot" type="JOINT">
                    <matrix sid="transform">3.1391647E-07 0 -1 28.0768 0 1 0 0 1 0 3.1391647E-07 0 0 0 0 1</matrix>
                    <node id="RToe_bone_id" name="RToe" sid="RToe" type="JOINT">
                      <matrix sid="transform">1 0 0 7.3706 0 1 0 0 0 0 1 -4.972262 0 0 0 1</matrix>
                    </node>
                  </node>
                </node>
              </node>
              <node id="Parts_bone_id" name="Parts" sid="Parts" type="JOINT">
                <matrix sid="transform">0.97193676 -0.18468337 -0.14570838 0.734978 0.18202591 0.9827896 -0.03148216 6.29256 0.14901492 0.0040759663 0.9888265 7.000466 0 0 0 1</matrix>
              </node>
            </node>
          </node>
          <node id="CamTgtHead_bone_id" name="CamTgtHead" sid="CamTgtHead" type="JOINT">
            <matrix sid="transform">1 0 0 0 0 1 0 114.554 0 0 1 0 0 0 0 1</matrix>
          </node>
          <node id="CamTgtBust_bone_id" name="CamTgtBust" sid="CamTgtBust" type="JOINT">
            <matrix sid="transform">1 0 0 0 0 1 0 90.950005 0 0 1 0 0 0 0 1</matrix>
          </node>
          <node id="CamTgtBody_bone_id" name="CamTgtBody" sid="CamTgtBody" type="JOINT">
            <matrix sid="transform">1 0 0 0 0 1 0 69.0364 0 0 1 0 0 0 0 1</matrix>
          </node>
          <node id="CamTgtFoot_bone_id" name="CamTgtFoot" sid="CamTgtFoot" type="JOINT">
            <matrix sid="transform">1 0 0 0 0 1 0 0 0 0 1 0 0 0 0 1</matrix>
          </node>
        </node>
        <node id="tr0021_00_fi_FaceSkin_bone_id" name="tr0021_00_fi_FaceSkin" sid="tr0021_00_fi_FaceSkin" type="JOINT">
          <matrix sid="transform">1 0 0 0 0 1 0 0 0 0 1 0 0 0 0 1</matrix>
        </node>
        <node id="tr0021_00_fi_HeadSkin_bone_id" name="tr0021_00_fi_HeadSkin" sid="tr0021_00_fi_HeadSkin" type="JOINT">
          <matrix sid="transform">1 0 0 0 0 1 0 0 0 0 1 0 0 0 0 1</matrix>
        </node>
        <node id="tr0021_00_fi_BodySkin_bone_id" name="tr0021_00_fi_BodySkin" sid="tr0021_00_fi_BodySkin" type="JOINT">
          <matrix sid="transform">1 0 0 0 0 1 0 0 0 0 1 0 0 0 0 1</matrix>
        </node>
        <node id="tr0021_00_fi_BottomSkin_bone_id" name="tr0021_00_fi_BottomSkin" sid="tr0021_00_fi_BottomSkin" type="JOINT">
          <matrix sid="transform">1 0 0 0 0 1 0 0 0 0 1 0 0 0 0 1</matrix>
        </node>
      </node>
    </visual_scene>
  </library_visual_scenes>
  <scene>
    <instance_visual_scene url="#tr0021_00_fi_00_clip_id" />
  </scene>
</COLLADA>