<?xml version="1.0" encoding="utf-8"?>
<COLLADA xmlns:xsi="http://www.w3.org/2001/XMLSchema-instance" xmlns:xsd="http://www.w3.org/2001/XMLSchema" version="1.4.1" xmlns="http://www.collada.org/2005/11/COLLADASchema">
  <asset>
    <created>2026-02-17T05:46:45.898354-05:00</created>
    <modified>2026-02-17T05:46:45.8983542-05:00</modified>
    <up_axis>Y_UP</up_axis>
  </asset>
  <library_animations>
    <animation id="Motion_55_Waist_transform_id" name="Motion_55_Waist_transform">
      <source id="Motion_55_Waist_transform_frame_id" name="Motion_55_Waist_transform_frame">
        <float_array id="Motion_55_Waist_transform_frame_array_id" count="86">0 0.033333335 0.06666667 0.1 0.13333334 0.16666667 0.2 0.23333333 0.26666668 0.3 0.33333334 0.36666667 0.4 0.43333334 0.46666667 0.5 0.53333336 0.56666666 0.6 0.6333333 0.6666667 0.7 0.73333335 0.76666665 0.8 0.8333333 0.8666667 0.9 0.93333334 0.96666664 1 1.0333333 1.0666667 1.1 1.1333333 1.1666666 1.2 1.2333333 1.2666667 1.3 1.3333334 1.3666667 1.4 1.4333333 1.4666667 1.5 1.5333333 1.5666667 1.6 1.6333333 1.6666666 1.7 1.7333333 1.7666667 1.8 1.8333334 1.8666667 1.9 1.9333333 1.9666667 2 2.0333333 2.0666666 2.1 2.1333334 2.1666667 2.2 2.2333333 2.2666667 2.3 2.3333333 2.3666666 2.4 2.4333334 2.4666667 2.5 2.5333333 2.5666666 2.6 2.6333334 2.6666667 2.7 2.7333333 2.7666667 2.8 2.8333333</float_array>
        <technique_common>
          <accessor source="#Motion_55_Waist_transform_frame_array_id" count="86" stride="1">
            <param name="TIME" type="float" />
          </accessor>
        </technique_common>
      </source>
      <source id="Motion_55_Waist_transform_interp_id" name="Motion_55_Waist_transform_interp">
        <Name_array id="Motion_55_Waist_transform_interp_array_id" count="86">LINEAR LINEAR LINEAR LINEAR LINEAR LINEAR LINEAR LINEAR LINEAR LINEAR LINEAR LINEAR LINEAR LINEAR LINEAR LINEAR LINEAR LINEAR LINEAR LINEAR LINEAR LINEAR LINEAR LINEAR LINEAR LINEAR LINEAR LINEAR LINEAR LINEAR LINEAR LINEAR LINEAR LINEAR LINEAR LINEAR LINEAR LINEAR LINEAR LINEAR LINEAR LINEAR LINEAR LINEAR LINEAR LINEAR LINEAR LINEAR LINEAR LINEAR LINEAR LINEAR LINEAR LINEAR LINEAR LINEAR LINEAR LINEAR LINEAR LINEAR LINEAR LINEAR LINEAR LINEAR LINEAR LINEAR LINEAR LINEAR LINEAR LINEAR LINEAR LINEAR LINEAR LINEAR LINEAR LINEAR LINEAR LINEAR LINEAR LINEAR LINEAR LINEAR LINEAR LINEAR LINEAR LINEAR</Name_array>
        <technique_common>
          <accessor source="#Motion_55_Waist_transform_interp_array_id" count="86" stride="1">
            <param name="INTERPOLATION" type="Name" />
          </accessor>
        </technique_common>
      </source>
      <source id="Motion_55_Waist_transform_pose_id" name="Motion_55_Waist_transform_pose">
        <float_array id="Motion_55_Waist_transform_pose_array_id" count="1376">0.00031661987 -0.99999386 -0.0035171527 0.005372823 0.99896485 0.00015628338 0.045490604 59.222576 -0.045489773 -0.0035279207 0.9989586 0.48061094 0 0 0 1 0.00037527084 -0.99999374 -0.0035130288 0.005372823 0.9988217 0.00020432472 0.048530877 59.242485 -0.048529856 -0.003527103 0.9988155 0.4819286 0 0 0 1 0.00045502186 -0.9999938 -0.0035070553 0.005372823 0.99867237 0.00027376413 0.05151335 59.2693 -0.05151207 -0.0035258457 0.99866617 0.4855656 0 0 0 1 0.00055372715 -0.9999937 -0.00349956 0.005372823 0.9985299 0.0003632307 0.054200627 59.300766 -0.054199014 -0.0035244208 0.99852395 0.49282762 0 0 0 1 0.0006687641 -0.9999936 -0.0034909341 0.005372823 0.99841064 0.0004709363 0.056355417 59.33465 -0.05635342 -0.0035230685 0.9984047 0.5050204 0 0 0 1 0.0007982254 -0.99999356 -0.0034816638 0.005372823 0.9983314 0.00059586763 0.057740506 59.36868 -0.057738062 -0.0035219416 0.9983255 0.52344966 0 0 0 1 0.0009405613 -0.99999356 -0.0034722965 0.005372823 0.9983095 0.00073719025 0.058118645 59.39838 -0.058115713 -0.003521096 0.99830365 0.549421 0 0 0 1 0.0010950565 -0.99999344 -0.0034635812 0.005372823 0.99836445 0.00089526176 0.05716303 59.419582 -0.05715955 -0.003520513 0.99835885 0.5796405 0 0 0 1 0.001272738 -0.9999932 -0.0034588706 0.005372823 0.99856603 0.0010857582 0.053523146 59.43052 -0.053519025 -0.003522031 0.9985606 0.6079333 0 0 0 1 0.0014483929 -0.999993 -0.0034585334 0.005372823 0.99884325 0.0012804866 0.048069198 59.429436 -0.04806443 -0.0035241581 0.998838 0.63128406 0 0 0 1 0.0015953183 -0.9999927 -0.003461836 0.005372823 0.999115 0.0014483929 0.042036295 59.414562 -0.042030975 -0.0035258327 0.9991101 0.64667743 0 0 0 1 0.0016930103 -0.99999255 -0.003467178 0.005372823 0.9993265 0.0015648007 0.036661085 59.387634 -0.03665539 -0.0035269111 0.99932176 0.65109795 0 0 0 1 0.0017315745 -0.9999926 -0.0034724874 0.005372823 0.99945843 0.001616478 0.032872718 59.35424 -0.032866854 -0.0035275333 0.9994535 0.6463852 0 0 0 1 0.0017104745 -0.99999255 -0.0034771543 0.005372823 0.99952966 0.0016031861 0.030626535 59.31841 -0.03062073 -0.0035279058 0.99952483 0.6369874 0 0 0 1 0.0016276836 -0.99999255 -0.0034814756 0.005372823 0.9995577 0.0015235543 0.029699098 59.284157 -0.029693576 -0.0035282774 0.99955285 0.62380254 0 0 0 1 0.0014795065 -0.9999929 -0.0034860251 0.005372823 0.999553 0.0013747215 0.029866684 59.255505 -0.029861677 -0.0035286546 0.99954784 0.60772854 0 0 0 1 0.0012595654 -0.9999931 -0.0034913523 0.005372823 0.99951375 0.0011501908 0.031160824 59.23648 -0.031156592 -0.0035289014 0.99950826 0.5896634 0 0 0 1 0.00095814466 -0.9999935 -0.0034987023 0.005372823 0.99942714 0.0008392334 0.033834722 59.23111 -0.033831563 -0.0035291193 0.9994213 0.5705049 0 0 0 1 0.00056529045 -0.99999374 -0.0035101287 0.005372823 0.9992779 0.00043147802 0.037996642 59.24341 -0.037994888 -0.0035290755 0.9992717 0.55115116 0 0 0 1 9.059906E-05 -0.99999374 -0.0035280343 0.005372823 0.99905854 -6.258488E-05 0.043382794 59.27313 -0.04338275 -0.0035286415 0.9990523 0.53249997 0 0 0 1 -0.00043916702 -0.9999936 -0.0035533644 0.005372823 0.9987902 -0.0006133318 0.049171537 59.309673 -0.0491734 -0.0035274755 0.998784 0.51544935 0 0 0 1 -0.0010071993 -0.999993 -0.0035857074 0.005372823 0.99850565 -0.0012016296 0.054634593 59.34156 -0.054638524 -0.0035253204 0.9985 0.5008972 0 0 0 1 -0.001593113 -0.9999922 -0.0036234967 0.005372823 0.99825376 -0.0018042326 0.05904486 59.3573 -0.059050936 -0.0035231095 0.99824876 0.48974153 0 0 0 1 -0.0021754503 -0.99999094 -0.0036638025 0.005372823 0.9980831 -0.0023978949 0.061841924 59.35641 -0.061850145 -0.0035222434 0.99807924 0.48288018 0 0 0 1 -0.0027154684 -0.9999895 -0.0036964826 0.005372823 0.99811316 -0.0029370785 0.061331674 59.347507 -0.061341885 -0.0035229623 0.9981106 0.48121113 0 0 0 1 -0.003219366 -0.9999879 -0.0037199184 0.005372823 0.9982881 -0.0034310818 0.058387734 59.33273 -0.058399793 -0.0035255793 0.998287 0.48918664 0 0 0 1 -0.003704071 -0.9999862 -0.0037356932 0.005372823 0.9985107 -0.0039019585 0.054415975 59.31423 -0.0544298 -0.0035285726 0.9985114 0.50832003 0 0 0 1 -0.004175663 -0.9999844 -0.0037451517 0.005372823 0.9987246 -0.0043587685 0.05030272 59.29415 -0.050318256 -0.003530329 0.998727 0.5351005 0 0 0 1 -0.004627228 -0.9999823 -0.0037486013 0.005372823 0.99892503 -0.0047951937 0.046108194 59.274647 -0.046125352 -0.003531225 0.99892944 0.5660176 0 0 0 1 -0.0050519705 -0.99998033 -0.0037471596 0.005372823 0.99910414 -0.005204916 0.04199946 59.25785 -0.04201813 -0.0035316255 0.9991106 0.5975607 0 0 0 1 -0.0054432154 -0.9999782 -0.0037421212 0.005372823 0.99925673 -0.005582094 0.038143624 59.24575 -0.03816368 -0.0035317168 0.99926525 0.626219 0 0 0 1 -0.0057929754 -0.9999762 -0.0037349276 0.005372823 0.99937993 -0.005919218 0.034707863 59.23892 -0.034729145 -0.00353155 0.99939054 0.64848197 0 0 0 1 -0.0060931444 -0.9999745 -0.0037271501 0.005372823 0.9994731 -0.0062088966 0.03185934 59.237392 -0.03188167 -0.003531063 0.99948543 0.66083896 0 0 0 1 -0.0063335896 -0.99997306 -0.003719721 0.005372823 0.9995414 -0.006440997 0.029588524 59.241203 -0.029611684 -0.003530614 0.99955523 0.6648509 0 0 0 1 -0.0065042973 -0.99997187 -0.0037128525 0.005372823 0.99959207 -0.006605029 0.027784893 59.250397 -0.02780864 -0.0035306122 0.999607 0.66473407 0 0 0 1 -0.0066167116 -0.9999712 -0.0037072701 0.005372823 0.9996272 -0.006712556 0.026464 59.262627 -0.026488125 -0.0035307826 0.9996429 0.6609607 0 0 0 1 -0.0066883564 -0.9999709 -0.0037036547 0.005372823 0.99964833 -0.006781101 0.02564136 59.275085 -0.025665727 -0.0035308572 0.99966437 0.6540027 0 0 0 1 -0.006720066 -0.99997056 -0.0037024096 0.005372823 0.99965584 -0.006811738 0.025332578 59.28711 -0.02535705 -0.0035308963 0.99967223 0.6443327 0 0 0 1 -0.0067147017 -0.9999707 -0.0037038727 0.005372823 0.99965036 -0.006807208 0.025553264 59.29802 -0.025577728 -0.003530995 0.9996666 0.6324226 0 0 0 1 -0.00667274 -0.9999708 -0.0037083207 0.005372823 0.9996306 -0.0067681074 0.026319016 59.307148 -0.02634335 -0.0035313303 0.9996467 0.6187448 0 0 0 1 -0.0065984726 -0.99997133 -0.0037170984 0.005372823 0.99959 -0.006699443 0.027838724 59.31383 -0.027862828 -0.0035318788 0.99960554 0.60377127 0 0 0 1 -0.0064959526 -0.99997187 -0.0037321104 0.005372823 0.99951386 -0.006606698 0.0304683 59.317387 -0.0304921 -0.0035323724 0.99952877 0.5879744 0 0 0 1 -0.006372452 -0.99997264 -0.0037544202 0.005372823 0.99938554 -0.006497979 0.03444375 59.317154 -0.034467205 -0.0035326239 0.9993996 0.5718264 0 0 0 1 -0.0062321424 -0.9999735 -0.003782723 0.005372823 0.9991928 -0.00637722 0.039663643 59.314243 -0.03968671 -0.0035324804 0.99920595 0.5557993 0 0 0 1 -0.006075144 -0.99997425 -0.0038122125 0.005372823 0.9989457 -0.0062422752 0.045479715 59.310326 -0.045502346 -0.0035318974 0.998958 0.54036546 0 0 0 1 -0.0058990717 -0.99997526 -0.0038386583 0.005372823 0.9986643 -0.006088257 0.051307786 59.305557 -0.051329885 -0.0035308674 0.9986755 0.52599704 0 0 0 1 -0.005700588 -0.9999764 -0.0038596317 0.005372823 0.99836695 -0.005910754 0.05682159 59.3001 -0.056843054 -0.0035294145 0.9983769 0.5131662 0 0 0 1 -0.005482793 -0.9999774 -0.0038759 0.005372823 0.9980481 -0.0057132244 0.062186755 59.29411 -0.0622075 -0.0035273787 0.998057 0.5024957 0 0 0 1 -0.0052444935 -0.99997866 -0.0038864315 0.005372823 0.9977187 -0.0054941177 0.067284614 59.287758 -0.06730453 -0.0035246946 0.99772626 0.49437124 0 0 0 1 -0.004962325 -0.9999801 -0.0038839653 0.005372823 0.997476 -0.005224943 0.070812106 59.281197 -0.070831 -0.0035227574 0.9974821 0.48890907 0 0 0 1 -0.004619956 -0.9999818 -0.003865108 0.005372823 0.9973883 -0.004886508 0.0720603 59.274593 -0.072077885 -0.003522087 0.9973928 0.48622578 0 0 0 1 -0.0042443275 -0.9999836 -0.0038379505 0.005372823 0.99738485 -0.0045101643 0.07213171 59.268097 -0.07214784 -0.003521759 0.9973877 0.48643783 0 0 0 1 -0.0038559437 -0.99998534 -0.003807906 0.005372823 0.997424 -0.0041188 0.071612746 59.26188 -0.07162738 -0.0035219602 0.99742526 0.48966163 0 0 0 1 -0.0034571886 -0.9999869 -0.0037755556 0.005372823 0.9975101 -0.0037145615 0.07042673 59.2561 -0.07043983 -0.0035226755 0.99750984 0.49601358 0 0 0 1 -0.003053546 -0.99998814 -0.0037420988 0.005372823 0.9976335 -0.0033032894 0.06867427 59.25091 -0.06868582 -0.0035235323 0.99763215 0.50561017 0 0 0 1 -0.0026510954 -0.9999896 -0.0037086345 0.005372823 0.9977852 -0.0028916597 0.06645599 59.24648 -0.06646603 -0.0035242476 0.99778247 0.51856786 0 0 0 1 -0.002254963 -0.99999064 -0.0036761705 0.005372823 0.9979549 -0.0024852753 0.06387256 59.24296 -0.06388111 -0.00352462 0.99795127 0.53500307 0 0 0 1 -0.0018713474 -0.99999154 -0.0036456026 0.005372823 0.998134 -0.002090454 0.06102472 59.240524 -0.06103183 -0.0035245977 0.9981296 0.55381006 0 0 0 1 -0.0015053749 -0.99999225 -0.0036176704 0.005372823 0.99831426 -0.0017126799 0.058013327 59.239326 -0.05801908 -0.00352424 0.99830925 0.57345694 0 0 0 1 -0.0011621714 -0.99999285 -0.003593022 0.005372823 0.9984888 -0.0013577938 0.05493934 59.23952 -0.05494383 -0.0035237446 0.99848324 0.5934212 0 0 0 1 -0.0008460283 -0.99999315 -0.0035721622 0.005372823 0.99865144 -0.0010303259 0.051903807 59.24128 -0.05190714 -0.0035234224 0.9986457 0.6131804 0 0 0 1 -0.0005623102 -0.99999356 -0.0035555195 0.005372823 0.99879813 -0.00073587894 0.0490079 59.24565 -0.049010202 -0.003523687 0.99879205 0.6322117 0 0 0 1 -0.00031387806 -0.9999936 -0.0035428982 0.005372823 0.9989255 -0.00047767162 0.046340276 59.252907 -0.046341673 -0.0035245456 0.9989194 0.64999264 0 0 0 1 -0.000104665756 -0.9999938 -0.003533585 0.005372823 0.9990349 -0.00025987625 0.0439253 59.26205 -0.04392594 -0.0035255756 0.99902856 0.6660006 0 0 0 1 6.330013E-05 -0.9999938 -0.0035271216 0.005372823 0.9991274 -8.404255E-05 0.041767683 59.27208 -0.041767716 -0.0035266876 0.9991211 0.67971313 0 0 0 1 0.00018697977 -0.9999936 -0.0035230704 0.005372823 0.9992047 4.6372414E-05 0.039872106 59.281994 -0.039871693 -0.0035277195 0.99919856 0.6906075 0 0 0 1 0.0002631545 -0.99999374 -0.003521027 0.005372823 0.9992685 0.0001282692 0.038243253 59.290783 -0.038242564 -0.003528513 0.9992623 0.6981611 0 0 0 1 0.00028908253 -0.9999938 -0.0035206098 0.005372823 0.99931955 0.00015902519 0.03688577 59.297447 -0.03688498 -0.003528878 0.9993133 0.70185155 0 0 0 1 0.00028812885 -0.99999374 -0.0035210103 0.005372823 0.99935883 0.00016188622 0.03580445 59.300987 -0.035803657 -0.00352907 0.99935263 0.70115614 0 0 0 1 0.00028562546 -0.9999938 -0.0035214592 0.005372823 0.99938715 0.00016218424 0.035004094 59.300404 -0.035003304 -0.0035292972 0.99938095 0.6955523 0 0 0 1 0.00028210878 -0.9999938 -0.0035217796 0.005372823 0.9994073 0.00016069412 0.03442701 59.29698 -0.034426227 -0.0035294062 0.99940103 0.686117 0 0 0 1 0.00027871132 -0.99999374 -0.0035219863 0.005372823 0.99942154 0.00015878677 0.03400911 59.292774 -0.03400834 -0.0035294294 0.99941534 0.67450976 0 0 0 1 0.00027555227 -0.99999374 -0.003522099 0.005372823 0.9994305 0.0001565218 0.033745427 59.287907 -0.033744667 -0.0035293894 0.9994243 0.6610821 0 0 0 1 0.00027304888 -0.9999938 -0.0035221279 0.005372823 0.99943435 0.00015443563 0.033630982 59.282505 -0.033630226 -0.0035293195 0.9994281 0.64618534 0 0 0 1 0.00027120113 -0.99999374 -0.0035221037 0.005372823 0.99943334 0.00015246868 0.033660796 59.2767 -0.033660047 -0.0035292385 0.9994271 0.6301709 0 0 0 1 0.00027036667 -0.9999938 -0.0035220329 0.005372823 0.9994277 0.00015109777 0.033829886 59.27062 -0.033829145 -0.003529165 0.9994214 0.6133902 0 0 0 1 0.0002706647 -0.9999937 -0.0035219444 0.005372823 0.9994172 0.00015026331 0.034133267 59.264385 -0.03413252 -0.0035291277 0.9994111 0.59619457 0 0 0 1 0.0002722144 -0.9999938 -0.0035218485 0.005372823 0.9994024 0.00015032291 0.03456596 59.25813 -0.034565214 -0.0035291547 0.9993962 0.5789355 0 0 0 1 0.00027519464 -0.99999374 -0.003521679 0.005372823 0.9993816 0.00015121698 0.035160925 59.25198 -0.035160176 -0.003529176 0.99937546 0.56196433 0 0 0 1 0.00027906895 -0.9999937 -0.003521366 0.005372823 0.9993532 0.00015228987 0.035959877 59.24606 -0.035959117 -0.003529122 0.99934703 0.5456325 0 0 0 1 0.00028383732 -0.9999937 -0.0035209246 0.005372823 0.9993162 0.00015342236 0.03697092 59.240505 -0.03697015 -0.0035290066 0.99931014 0.5302914 0 0 0 1 0.00028938055 -0.99999374 -0.003520351 0.005372823 0.99927 0.00015473366 0.038202144 59.235435 -0.038201362 -0.0035288353 0.9992638 0.51629233 0 0 0 1 0.00029563904 -0.99999374 -0.0035196766 0.005372823 0.99921316 0.00015580654 0.039661653 59.23098 -0.039660856 -0.0035286322 0.99920696 0.50398684 0 0 0 1 0.00030249357 -0.9999938 -0.003518911 0.005372823 0.99914443 0.00015670061 0.041357525 59.22727 -0.041356713 -0.0035284068 0.99913824 0.49372625 0 0 0 1 0.00030964613 -0.9999938 -0.0035180617 0.005372823 0.9990622 0.00015699863 0.04329782 59.224422 -0.043297 -0.0035281666 0.99905604 0.48586196 0 0 0 1 0.00030964613 -0.9999938 -0.0035180617 0.005372823 0.9990622 0.00015699863 0.04329782 59.224422 -0.043297 -0.0035281666 0.99905604 0.48586196 0 0 0 1</float_array>
        <technique_common>
          <accessor source="#Motion_55_Waist_transform_pose_array_id" count="86" stride="16">
            <param name="TRANSFORM" type="float4x4" />
          </accessor>
        </technique_common>
      </source>
      <sampler id="Motion_55_Waist_transform_samp_id">
        <input semantic="INPUT" source="#Motion_55_Waist_transform_frame_id" />
        <input semantic="INTERPOLATION" source="#Motion_55_Waist_transform_interp_id" />
        <input semantic="OUTPUT" source="#Motion_55_Waist_transform_pose_id" />
      </sampler>
      <channel source="#Motion_55_Waist_transform_samp_id" target="Waist_bone_id/transform" />
    </animation>
    <animation id="Motion_55_Spine2_transform_id" name="Motion_55_Spine2_transform">
      <source id="Motion_55_Spine2_transform_frame_id" name="Motion_55_Spine2_transform_frame">
        <float_array id="Motion_55_Spine2_transform_frame_array_id" count="86">0 0.033333335 0.06666667 0.1 0.13333334 0.16666667 0.2 0.23333333 0.26666668 0.3 0.33333334 0.36666667 0.4 0.43333334 0.46666667 0.5 0.53333336 0.56666666 0.6 0.6333333 0.6666667 0.7 0.73333335 0.76666665 0.8 0.8333333 0.8666667 0.9 0.93333334 0.96666664 1 1.0333333 1.0666667 1.1 1.1333333 1.1666666 1.2 1.2333333 1.2666667 1.3 1.3333334 1.3666667 1.4 1.4333333 1.4666667 1.5 1.5333333 1.5666667 1.6 1.6333333 1.6666666 1.7 1.7333333 1.7666667 1.8 1.8333334 1.8666667 1.9 1.9333333 1.9666667 2 2.0333333 2.0666666 2.1 2.1333334 2.1666667 2.2 2.2333333 2.2666667 2.3 2.3333333 2.3666666 2.4 2.4333334 2.4666667 2.5 2.5333333 2.5666666 2.6 2.6333334 2.6666667 2.7 2.7333333 2.7666667 2.8 2.8333333</float_array>
        <technique_common>
          <accessor source="#Motion_55_Spine2_transform_frame_array_id" count="86" stride="1">
            <param name="TIME" type="float" />
          </accessor>
        </technique_common>
      </source>
      <source id="Motion_55_Spine2_transform_interp_id" name="Motion_55_Spine2_transform_interp">
        <Name_array id="Motion_55_Spine2_transform_interp_array_id" count="86">LINEAR LINEAR LINEAR LINEAR LINEAR LINEAR LINEAR LINEAR LINEAR LINEAR LINEAR LINEAR LINEAR LINEAR LINEAR LINEAR LINEAR LINEAR LINEAR LINEAR LINEAR LINEAR LINEAR LINEAR LINEAR LINEAR LINEAR LINEAR LINEAR LINEAR LINEAR LINEAR LINEAR LINEAR LINEAR LINEAR LINEAR LINEAR LINEAR LINEAR LINEAR LINEAR LINEAR LINEAR LINEAR LINEAR LINEAR LINEAR LINEAR LINEAR LINEAR LINEAR LINEAR LINEAR LINEAR LINEAR LINEAR LINEAR LINEAR LINEAR LINEAR LINEAR LINEAR LINEAR LINEAR LINEAR LINEAR LINEAR LINEAR LINEAR LINEAR LINEAR LINEAR LINEAR LINEAR LINEAR LINEAR LINEAR LINEAR LINEAR LINEAR LINEAR LINEAR LINEAR LINEAR LINEAR</Name_array>
        <technique_common>
          <accessor source="#Motion_55_Spine2_transform_interp_array_id" count="86" stride="1">
            <param name="INTERPOLATION" type="Name" />
          </accessor>
        </technique_common>
      </source>
      <source id="Motion_55_Spine2_transform_pose_id" name="Motion_55_Spine2_transform_pose">
        <float_array id="Motion_55_Spine2_transform_pose_array_id" count="1376">0.9976844 -0.027717812 -0.062108774 16.055712 0.026588554 0.99946713 -0.0189354 0 0.06260052 0.017240172 0.99788976 0 0 0 0 1 0.9974474 -0.02810288 -0.06564276 16.055712 0.026932253 0.99946326 -0.018650841 0 0.06613167 0.016835324 0.99766886 0 0 0 0 1 0.9972342 -0.028499015 -0.06864223 16.055712 0.027300633 0.99945915 -0.018333819 0 0.069127604 0.016409133 0.9974729 0 0 0 0 1 0.9970689 -0.028900513 -0.07084033 16.055712 0.027691284 0.99945456 -0.01799301 0 0.071321696 0.015978612 0.99732536 0 0 0 0 1 0.996957 -0.029304007 -0.07223588 16.055712 0.0280991 0.9994495 -0.017640533 0 0.07271305 0.01555709 0.99723154 0 0 0 0 1 0.99688375 -0.029708015 -0.07307701 16.055712 0.028516708 0.9994437 -0.017291987 0 0.073550075 0.015154185 0.9971764 0 0 0 0 1 0.99684274 -0.030109845 -0.0734707 16.055712 0.028938122 0.9994373 -0.01696112 0 0.07394005 0.014781465 0.99715316 0 0 0 0 1 0.99682677 -0.030506684 -0.073523864 16.055712 0.02935742 0.9994301 -0.016661765 0 0.073990256 0.014450422 0.99715424 0 0 0 0 1 0.99683225 -0.030895233 -0.07328641 16.055712 0.029769272 0.99942213 -0.016407 0 0.07375095 0.014173345 0.997176 0 0 0 0 1 0.9970783 -0.031250887 -0.06970135 16.055712 0.030194173 0.9994134 -0.016163237 0 0.07016558 0.014011438 0.99743694 0 0 0 0 1 0.99744457 -0.03157917 -0.064086735 16.055712 0.030615684 0.9994038 -0.015961085 0 0.06455256 0.013958238 0.9978167 0 0 0 0 1 0.99779844 -0.031887334 -0.05815045 16.055712 0.03101526 0.9993934 -0.01583843 0 0.058620226 0.014000009 0.9981822 0 0 0 0 1 0.9980799 -0.03217773 -0.05292519 16.055712 0.031380616 0.99938226 -0.015824053 0 0.05340168 0.014132845 0.9984731 0 0 0 0 1 0.99827194 -0.032449856 -0.048991486 16.055712 0.031703264 0.9993702 -0.01594038 0 0.049477898 0.014359643 0.998672 0 0 0 0 1 0.99836826 -0.032702826 -0.04681197 16.055712 0.03197524 0.9993572 -0.016208228 0 0.047311936 0.014684956 0.9987722 0 0 0 0 1 0.9984009 -0.03292985 -0.045948017 16.055712 0.0321954 0.99934316 -0.016634012 0 0.046465594 0.0151280975 0.99880534 0 0 0 0 1 0.9983884 -0.03312359 -0.046080295 16.055712 0.032362856 0.9993289 -0.017158294 0 0.046617713 0.015639352 0.9987904 0 0 0 0 1 0.9983257 -0.033279665 -0.04731077 16.055712 0.032473296 0.9993157 -0.017711874 0 0.047867835 0.016145881 0.99872315 0 0 0 0 1 0.9981917 -0.033397112 -0.049979664 16.055712 0.032518614 0.9993038 -0.018288495 0 0.050555654 0.016630156 0.9985828 0 0 0 0 1 0.99797297 -0.033472657 -0.05412541 16.055712 0.032493167 0.9992937 -0.018876785 0 0.054719035 0.017079817 0.9983557 0 0 0 0 1 0.9976685 -0.033500075 -0.05945798 16.055712 0.032394633 0.9992857 -0.019459765 0 0.060067415 0.017488275 0.9980411 0 0 0 0 1 0.99731207 -0.0334682 -0.06518051 16.055712 0.03222634 0.9992802 -0.020012075 0 0.065803364 0.017857755 0.9976728 0 0 0 0 1 0.99694854 -0.03336582 -0.07057158 16.055712 0.03199194 0.99927765 -0.020509679 0 0.07120492 0.01818937 0.99729586 0 0 0 0 1 0.99663806 -0.033181164 -0.07491082 16.055712 0.03169598 0.9992784 -0.020928893 0 0.07555121 0.01848416 0.9969706 0 0 0 0 1 0.9964526 -0.032849077 -0.07747928 16.055712 0.031290557 0.9992845 -0.021244572 0 0.078121714 0.01874484 0.9967676 0 0 0 0 1 0.9964638 -0.032322377 -0.07755787 16.055712 0.03074609 0.9992974 -0.02143305 0 0.078196146 0.018972656 0.99675745 0 0 0 0 1 0.9967086 -0.03161952 -0.07464752 16.055712 0.03009079 0.99931556 -0.02151617 0 0.07527677 0.019199148 0.9969778 0 0 0 0 1 0.9970442 -0.03077954 -0.070395455 16.055712 0.029328432 0.9993374 -0.021555398 0 0.07101227 0.019427095 0.99728626 0 0 0 0 1 0.99735516 -0.029839307 -0.066273995 16.055712 0.028465834 0.99936193 -0.02157291 0 0.066875435 0.01962931 0.99756825 0 0 0 0 1 0.9976495 -0.028820848 -0.06216776 16.055712 0.027527178 0.9993884 -0.021566559 0 0.0627513 0.019804563 0.99783266 0 0 0 0 1 0.9979195 -0.02774851 -0.05819561 16.055712 0.026534129 0.9994159 -0.021537317 0 0.058759246 0.01994834 0.99807286 0 0 0 0 1 0.99815947 -0.026646664 -0.05447645 16.055712 0.025508324 0.9994437 -0.021485705 0 0.055018667 0.020056557 0.99828386 0 0 0 0 1 0.9983654 -0.02553975 -0.051129345 16.055712 0.024471475 0.9994712 -0.02141182 0 0.051649157 0.02012561 0.9984625 0 0 0 0 1 0.9985348 -0.024452185 -0.04827331 16.055712 0.023445295 0.9994979 -0.02131534 0 0.04877028 0.020152327 0.9986067 0 0 0 0 1 0.99866587 -0.023408374 -0.046027467 16.055712 0.022451589 0.9995232 -0.02119558 0 0.046501674 0.020133913 0.9987153 0 0 0 0 1 0.99876606 -0.022430638 -0.04430813 16.055712 0.021514362 0.99954695 -0.021049393 0 0.04476021 0.02007016 0.9987961 0 0 0 0 1 0.99884355 -0.021540754 -0.042982932 16.055712 0.020658158 0.9995687 -0.020873306 0 0.043414023 0.019961221 0.99885774 0 0 0 0 1 0.99889773 -0.02076224 -0.04209785 16.055712 0.019905644 0.99958825 -0.02066585 0 0.042509586 0.019805085 0.99889976 0 0 0 0 1 0.99892765 -0.020118535 -0.041698843 16.055712 0.019279547 0.9996055 -0.020425592 0 0.04209332 0.019599754 0.9989214 0 0 0 0 1 0.99893177 -0.019633008 -0.04183189 16.055712 0.018802674 0.99962014 -0.020151183 0 0.042211622 0.019343104 0.99892145 0 0 0 0 1 0.9989076 -0.01932892 -0.042542953 16.055712 0.018497897 0.999632 -0.019841466 0 0.04291081 0.019032836 0.9988976 0 0 0 0 1 0.99884176 -0.01921333 -0.044113513 16.055712 0.018367615 0.9996412 -0.019497309 0 0.044472296 0.018664464 0.9988363 0 0 0 0 1 0.9987156 -0.019264877 -0.04686213 16.055712 0.018383242 0.9996472 -0.019172177 0 0.047214944 0.018286075 0.99871737 0 0 0 0 1 0.9985146 -0.01946365 -0.05089035 16.055712 0.018521562 0.99964947 -0.018918669 0 0.051240735 0.017947996 0.998525 0 0 0 0 1 0.99823576 -0.019785931 -0.05598069 16.055712 0.018763306 0.9996484 -0.018734505 0 0.056331687 0.017651072 0.9982561 0 0 0 0 1 0.9978961 -0.02020559 -0.06160481 16.055712 0.01909183 0.99964446 -0.018614542 0 0.061959025 0.01739923 0.997927 0 0 0 0 1 0.99751145 -0.02069829 -0.06739843 16.055712 0.019488726 0.9996379 -0.018554837 0 0.06775808 0.01719515 0.9975536 0 0 0 0 1 0.9971059 -0.021239873 -0.07299774 16.055712 0.019935511 0.99962914 -0.018551001 0 0.0733647 0.017042065 0.99715954 0 0 0 0 1 0.99667567 -0.021810157 -0.078498036 16.055712 0.02040941 0.99961865 -0.018602714 0 0.07887383 0.016938772 0.9967407 0 0 0 0 1 0.99625736 -0.022384686 -0.08348788 16.055712 0.020892499 0.9996067 -0.018704245 0 0.083873734 0.016889973 0.99633324 0 0 0 0 1 0.99595785 -0.022933101 -0.08684511 16.055712 0.021373877 0.999594 -0.018841721 0 0.08724194 0.016909342 0.9960436 0 0 0 0 1 0.995839 -0.023430003 -0.088066876 16.055712 0.02183718 0.99958086 -0.019006774 0 0.08847529 0.017004553 0.99593323 0 0 0 0 1 0.99582374 -0.023861943 -0.08812284 16.055712 0.022251995 0.99956787 -0.019206908 0 0.088543065 0.017165788 0.9959244 0 0 0 0 1 0.9958618 -0.024211284 -0.08759563 16.055712 0.02259243 0.999556 -0.019425588 0 0.08802706 0.017366203 0.9959667 0 0 0 0 1 0.9959595 -0.024454772 -0.08640962 16.055712 0.022839025 0.99954623 -0.01963822 0 0.086850666 0.017585361 0.9960661 0 0 0 0 1 0.9961065 -0.024571517 -0.08466458 16.055712 0.022969672 0.99953926 -0.019842478 0 0.08511314 0.017820502 0.99621195 0 0 0 0 1 0.9962922 -0.024540655 -0.08246029 16.055712 0.022962198 0.99953556 -0.020036325 0 0.08291369 0.018068563 0.9963929 0 0 0 0 1 0.9965059 -0.024341358 -0.07989653 16.055712 0.022794353 0.99953574 -0.020218022 0 0.08035157 0.01832619 0.9965981 0 0 0 0 1 0.99673593 -0.024026867 -0.07707236 16.055712 0.022517856 0.99953854 -0.020388938 0 0.07752668 0.018586885 0.996817 0 0 0 0 1 0.9969708 -0.023674643 -0.07408666 16.055712 0.022208514 0.9995421 -0.0205511 0 0.07453928 0.01884349 0.99704003 0 0 0 0 1 0.9972014 -0.023300277 -0.07103906 16.055712 0.021880155 0.99954623 -0.020703843 0 0.07148922 0.019091556 0.99725866 0 0 0 0 1 0.99742 -0.022919444 -0.06802924 16.055712 0.021546567 0.99955046 -0.020846376 0 0.06847645 0.019326797 0.9974655 0 0 0 0 1 0.99763393 -0.022545857 -0.064947724 16.055712 0.021223722 0.9995547 -0.020975532 0 0.06539172 0.019547472 0.9976682 0 0 0 0 1 0.9978499 -0.022193052 -0.061669298 16.055712 0.020927772 0.99955857 -0.021087967 0 0.06211008 0.019752026 0.99787384 0 0 0 0 1 0.9980611 -0.021876521 -0.05826998 16.055712 0.020672724 0.9995619 -0.021182366 0 0.058707852 0.019936696 0.9980761 0 0 0 0 1 0.998262 -0.02161182 -0.05482593 16.055712 0.020472538 0.9995644 -0.021257248 0 0.055261455 0.020097878 0.9982696 0 0 0 0 1 0.99844784 -0.02141456 -0.05141332 16.055712 0.020341165 0.99956596 -0.021311011 0 0.05184737 0.020232126 0.99845004 0 0 0 0 1 0.99861497 -0.02130038 -0.048108406 16.055712 0.02029252 0.99956626 -0.021341918 0 0.048542134 0.02033612 0.9986141 0 0 0 0 1 0.99876076 -0.021284964 -0.044987485 16.055712 0.020340513 0.9995652 -0.02134816 0 0.045422316 0.020406637 0.99875945 0 0 0 0 1 0.9988834 -0.021383997 -0.042126898 16.055712 0.02049905 0.9995624 -0.021327881 0 0.042564537 0.020440506 0.9988846 0 0 0 0 1 0.9989824 -0.021578755 -0.039603356 16.055712 0.020747632 0.99955827 -0.02127857 0 0.040045027 0.020435242 0.99898887 0 0 0 0 1 0.9990602 -0.021834955 -0.037442498 16.055712 0.021051321 0.9995537 -0.021197125 0 0.037888624 0.02038899 0.9990739 0 0 0 0 1 0.99911916 -0.022144927 -0.035643503 16.055712 0.021402387 0.9995487 -0.021080878 0 0.03609425 0.020299453 0.9991422 0 0 0 0 1 0.9991602 -0.022501599 -0.034243595 16.055712 0.021792471 0.99954313 -0.020942569 0 0.03469919 0.020178728 0.9991941 0 0 0 0 1 0.9991837 -0.022897841 -0.033279963 16.055712 0.022213252 0.99953693 -0.020796819 0 0.03374075 0.020040588 0.99922967 0 0 0 0 1 0.99919003 -0.023326242 -0.032789946 16.055712 0.022656707 0.99953014 -0.020644343 0 0.03325609 0.019884707 0.99924904 0 0 0 0 1 0.99917865 -0.023779342 -0.032810815 16.055712 0.023114821 0.9995229 -0.020485919 0 0.033282302 0.019710679 0.9992516 0 0 0 0 1 0.9991485 -0.024249654 -0.03337985 16.055712 0.023579624 0.99951535 -0.020322395 0 0.033856485 0.019518008 0.9992361 0 0 0 0 1 0.9990975 -0.024729656 -0.03453431 16.055712 0.024043152 0.9995077 -0.02015467 0 0.03501573 0.019306168 0.9992003 0 0 0 0 1 0.9990224 -0.025211763 -0.036311362 16.055712 0.024497475 0.99950016 -0.019983647 0 0.036797035 0.019074576 0.9991407 0 0 0 0 1 0.9989188 -0.025688352 -0.038748138 16.055712 0.024934674 0.99949276 -0.019810243 0 0.03923738 0.01882265 0.99905264 0 0 0 0 1 0.99878025 -0.026151752 -0.041881703 16.055712 0.025346862 0.99948585 -0.019635336 0 0.042373665 0.018549817 0.9989296 0 0 0 0 1 0.99859893 -0.02659423 -0.04574898 16.055712 0.025726171 0.9994796 -0.019459749 0 0.04624269 0.018255537 0.9987634 0 0 0 0 1 0.9983645 -0.027007995 -0.05038677 16.055712 0.026064755 0.9994742 -0.019284215 0 0.05088111 0.017939359 0.99854356 0 0 0 0 1 0.9980646 -0.027385196 -0.05583167 16.055712 0.026354784 0.99947 -0.019109335 0 0.05632539 0.01760092 0.99825734 0 0 0 0 1 0.9980646 -0.027385196 -0.05583167 16.055712 0.026354784 0.99947 -0.019109335 0 0.05632539 0.01760092 0.99825734 0 0 0 0 1</float_array>
        <technique_common>
          <accessor source="#Motion_55_Spine2_transform_pose_array_id" count="86" stride="16">
            <param name="TRANSFORM" type="float4x4" />
          </accessor>
        </technique_common>
      </source>
      <sampler id="Motion_55_Spine2_transform_samp_id">
        <input semantic="INPUT" source="#Motion_55_Spine2_transform_frame_id" />
        <input semantic="INTERPOLATION" source="#Motion_55_Spine2_transform_interp_id" />
        <input semantic="OUTPUT" source="#Motion_55_Spine2_transform_pose_id" />
      </sampler>
      <channel source="#Motion_55_Spine2_transform_samp_id" target="Spine2_bone_id/transform" />
    </animation>
    <animation id="Motion_55_Spine3_transform_id" name="Motion_55_Spine3_transform">
      <source id="Motion_55_Spine3_transform_frame_id" name="Motion_55_Spine3_transform_frame">
        <float_array id="Motion_55_Spine3_transform_frame_array_id" count="86">0 0.033333335 0.06666667 0.1 0.13333334 0.16666667 0.2 0.23333333 0.26666668 0.3 0.33333334 0.36666667 0.4 0.43333334 0.46666667 0.5 0.53333336 0.56666666 0.6 0.6333333 0.6666667 0.7 0.73333335 0.76666665 0.8 0.8333333 0.8666667 0.9 0.93333334 0.96666664 1 1.0333333 1.0666667 1.1 1.1333333 1.1666666 1.2 1.2333333 1.2666667 1.3 1.3333334 1.3666667 1.4 1.4333333 1.4666667 1.5 1.5333333 1.5666667 1.6 1.6333333 1.6666666 1.7 1.7333333 1.7666667 1.8 1.8333334 1.8666667 1.9 1.9333333 1.9666667 2 2.0333333 2.0666666 2.1 2.1333334 2.1666667 2.2 2.2333333 2.2666667 2.3 2.3333333 2.3666666 2.4 2.4333334 2.4666667 2.5 2.5333333 2.5666666 2.6 2.6333334 2.6666667 2.7 2.7333333 2.7666667 2.8 2.8333333</float_array>
        <technique_common>
          <accessor source="#Motion_55_Spine3_transform_frame_array_id" count="86" stride="1">
            <param name="TIME" type="float" />
          </accessor>
        </technique_common>
      </source>
      <source id="Motion_55_Spine3_transform_interp_id" name="Motion_55_Spine3_transform_interp">
        <Name_array id="Motion_55_Spine3_transform_interp_array_id" count="86">LINEAR LINEAR LINEAR LINEAR LINEAR LINEAR LINEAR LINEAR LINEAR LINEAR LINEAR LINEAR LINEAR LINEAR LINEAR LINEAR LINEAR LINEAR LINEAR LINEAR LINEAR LINEAR LINEAR LINEAR LINEAR LINEAR LINEAR LINEAR LINEAR LINEAR LINEAR LINEAR LINEAR LINEAR LINEAR LINEAR LINEAR LINEAR LINEAR LINEAR LINEAR LINEAR LINEAR LINEAR LINEAR LINEAR LINEAR LINEAR LINEAR LINEAR LINEAR LINEAR LINEAR LINEAR LINEAR LINEAR LINEAR LINEAR LINEAR LINEAR LINEAR LINEAR LINEAR LINEAR LINEAR LINEAR LINEAR LINEAR LINEAR LINEAR LINEAR LINEAR LINEAR LINEAR LINEAR LINEAR LINEAR LINEAR LINEAR LINEAR LINEAR LINEAR LINEAR LINEAR LINEAR LINEAR</Name_array>
        <technique_common>
          <accessor source="#Motion_55_Spine3_transform_interp_array_id" count="86" stride="1">
            <param name="INTERPOLATION" type="Name" />
          </accessor>
        </technique_common>
      </source>
      <source id="Motion_55_Spine3_transform_pose_id" name="Motion_55_Spine3_transform_pose">
        <float_array id="Motion_55_Spine3_transform_pose_array_id" count="1376">0.98699886 -0.007110875 -0.16056998 16.055712 0.0022918254 0.99954194 -0.03017743 0 0.160711 0.02941709 0.986563 0 0 0 0 1 0.9880578 -0.0069824266 -0.15392552 16.055712 0.002259742 0.9995219 -0.030835258 0 0.15406723 0.030119186 0.9876012 0 0 0 0 1 0.9890268 -0.006823301 -0.14757867 16.055712 0.0021959716 0.99950147 -0.031495236 0 0.14772 0.030825553 0.98854876 0 0 0 0 1 0.98982745 -0.00665569 -0.14211729 16.055712 0.0021117576 0.99948245 -0.032100026 0 0.14225739 0.031473372 0.9893292 0 0 0 0 1 0.9903927 -0.006503137 -0.13813071 16.055712 0.0020170987 0.9994667 -0.032591946 0 0.13826899 0.0320002 0.9898776 0 0 0 0 1 0.9906596 -0.0063899006 -0.13620858 16.055712 0.0019213376 0.99945635 -0.032913018 0 0.13634484 0.03234389 0.9901333 0 0 0 0 1 0.9905591 -0.006339954 -0.13693966 16.055712 0.0018340962 0.9994535 -0.03300511 0 0.13707407 0.032442354 0.9900294 0 0 0 0 1 0.9899859 -0.0063574095 -0.14102319 16.055712 0.0017847507 0.9994692 -0.032527678 0 0.14115512 0.03195025 0.9894718 0 0 0 0 1 0.9883421 -0.006466072 -0.1521122 16.055712 0.0017815337 0.9995205 -0.030912753 0 0.15223916 0.030281384 0.9878797 0 0 0 0 1 0.98599476 -0.0065629166 -0.16664715 16.055712 0.001961845 0.9996127 -0.027759286 0 0.16676478 0.027043575 0.98562574 0 0 0 0 1 0.98345584 -0.006536437 -0.18103005 16.055712 0.0024717648 0.99973994 -0.02266953 0 0.18113114 0.021847019 0.9832163 0 0 0 0 1 0.9805396 -0.006379757 -0.1962177 16.055712 0.0033504777 0.99987006 -0.015766427 0 0.1962928 0.014802182 0.9804336 0 0 0 0 1 0.9782963 -0.0062009343 -0.20711823 16.055712 0.0045261453 0.99995315 -0.008559036 0 0.20716159 0.0074358257 0.97827846 0 0 0 0 1 0.9771471 -0.0061085783 -0.21247634 16.055712 0.0056606047 0.9999803 -0.0027166032 0 0.21248874 0.0014517764 0.9771624 0 0 0 0 1 0.97652954 -0.0061574467 -0.21529554 16.055712 0.006444026 0.999979 0.00062919984 0 0.21528716 -0.0020018022 0.97654873 0 0 0 0 1 0.97652537 -0.006295139 -0.21531051 16.055712 0.0069295196 0.9999736 0.0021916216 0 0.21529102 -0.0036321727 0.9765432 0 0 0 0 1 0.97725505 -0.0064126058 -0.21197046 16.055712 0.007226779 0.9999692 0.0030664576 0 0.21194427 -0.0045285746 0.97727126 0 0 0 0 1 0.9788064 -0.0064556655 -0.20468608 16.055712 0.007390219 0.9999655 0.0038016776 0 0.20465446 -0.0052337814 0.97882026 0 0 0 0 1 0.9813043 -0.0064463113 -0.1923547 16.055712 0.007397947 0.9999637 0.004229475 0 0.19232045 -0.005573432 0.9813163 0 0 0 0 1 0.9842274 -0.006373338 -0.176793 16.055712 0.00725791 0.9999642 0.0043572127 0 0.1767589 -0.005571636 0.9842384 0 0 0 0 1 0.98703396 -0.006220585 -0.16039096 16.055712 0.0069828187 0.99996686 0.004189141 0 0.16035958 -0.005254806 0.9870447 0 0 0 0 1 0.9893305 -0.005972539 -0.14556639 16.055712 0.0065856567 0.99997133 0.0037304168 0 0.14553992 -0.004649265 0.98934144 0 0 0 0 1 0.99101186 -0.005620174 -0.1336558 16.055712 0.0060745617 0.99997705 0.0029921464 0 0.13363592 -0.003777153 0.9910233 0 0 0 0 1 0.9920965 -0.005160242 -0.12537135 16.055712 0.005452696 0.99998313 0.0019896482 0 0.12535898 -0.002657535 0.99210787 0 0 0 0 1 0.99208385 -0.004591161 -0.12549333 16.055712 0.0047201742 0.9999886 0.0007307163 0 0.12548853 -0.0013172821 0.9920942 0 0 0 0 1 0.99094945 -0.0039288877 -0.13417818 16.055712 0.0038620918 0.99999225 -0.0007580924 0 0.13418011 0.00023302276 0.99095696 0 0 0 0 1 0.9892386 -0.003190288 -0.14627625 16.055712 0.00286432 0.9999929 -0.0024390116 0 0.14628299 0.0019937826 0.98924077 0 0 0 0 1 0.9876412 -0.0023770416 -0.15671363 16.055712 0.0017271875 0.99998933 -0.004282809 0 0.15672216 0.003959205 0.9876348 0 0 0 0 1 0.9857388 -0.0014943727 -0.16827568 16.055712 0.00044501194 0.9999802 -0.0062735006 0 0.16828173 0.0061091483 0.98572 0 0 0 0 1 0.98363614 -0.0005442313 -0.18016554 16.055712 -0.0009834032 0.9999643 -0.008389633 0 0.1801637 0.008429522 0.9836005 0 0 0 0 1 0.98147905 0.00044078496 -0.19156906 16.055712 -0.002521005 0.99994045 -0.010615257 0 0.19155297 0.010901599 0.9814217 0 0 0 0 1 0.97945064 0.0014166654 -0.20167904 16.055712 -0.0041106557 0.99990785 -0.01293962 0 0.20164211 0.0135027515 0.9793662 0 0 0 0 1 0.977764 0.002371136 -0.20969482 16.055712 -0.0057174396 0.9998658 -0.015353213 0 0.20963027 0.016210737 0.97764635 0 0 0 0 1 0.9764717 0.0032895848 -0.21562035 16.055712 -0.0073090605 0.99981403 -0.017846731 0 0.21552153 0.019002812 0.9763142 0 0 0 0 1 0.9754449 0.004139067 -0.2202047 16.055712 -0.008870985 0.99975044 -0.020504206 0 0.22006486 0.021954156 0.97523814 0 0 0 0 1 0.9746304 0.0048891464 -0.2237669 16.055712 -0.01038616 0.99967235 -0.023395428 0 0.2235792 0.025125975 0.97436184 0 0 0 0 1 0.97404146 0.005524181 -0.2263023 16.055712 -0.011822959 0.99957925 -0.026487567 0 0.22606075 0.02847555 0.9736969 0 0 0 0 1 0.9737806 0.006035944 -0.22740935 16.055712 -0.013142932 0.99947095 -0.029750677 0 0.22710945 0.031959455 0.9733447 0 0 0 0 1 0.97391814 0.0064175087 -0.22680894 16.055712 -0.014306249 0.9993478 -0.033154745 0 0.22644824 0.035534795 0.9733748 0 0 0 0 1 0.9745158 0.006664465 -0.22421978 16.055712 -0.01527045 0.9992108 -0.036669776 0 0.22379844 0.039159216 0.97384846 0 0 0 0 1 0.97562104 0.006774606 -0.21935734 16.055712 -0.015990555 0.99906105 -0.040265247 0 0.2188786 0.04279127 0.97481334 0 0 0 0 1 0.9772217 0.0067671696 -0.21211292 16.055712 -0.016399391 0.9989108 -0.043684483 0 0.21158625 0.046167947 0.9762683 0 0 0 0 1 0.97922266 0.0066609653 -0.2026785 16.055712 -0.016429134 0.9987808 -0.04655124 0 0.20212132 0.048913863 0.9781382 0 0 0 0 1 0.9815267 0.0064476253 -0.19121678 16.055712 -0.016038548 0.998687 -0.048652124 0 0.19065203 0.050820198 0.9803413 0 0 0 0 1 0.9839691 0.006179934 -0.17823207 16.055712 -0.01528544 0.99864423 -0.049760096 0 0.1776829 0.05168675 0.9827295 0 0 0 0 1 0.98623216 0.00586511 -0.16526273 16.055712 -0.01432539 0.9986441 -0.05004759 0 0.16474512 0.051726 0.9849789 0 0 0 0 1 0.98805064 0.00542875 -0.15403393 16.055712 -0.013262128 0.99866754 -0.049873028 0 0.15355793 0.051319893 0.9868061 0 0 0 0 1 0.9893524 0.004852985 -0.14545873 16.055712 -0.012144842 0.998711 -0.04928408 0 0.14503205 0.050525896 0.98813605 0 0 0 0 1 0.99030566 0.0041655526 -0.13884272 16.055712 -0.010978741 0.99877053 -0.0483416 0 0.13847063 0.04939728 0.98913383 0 0 0 0 1 0.9910424 0.0033952415 -0.1335047 16.055712 -0.009767594 0.9988422 -0.04710537 0 0.1331902 0.047987435 0.98992807 0 0 0 0 1 0.99160564 0.0025588344 -0.12927373 16.055712 -0.008526603 0.99892193 -0.04563148 0 0.1290176 0.0463507 0.99055845 0 0 0 0 1 0.99197733 0.0016642786 -0.12640494 16.055712 -0.007279577 0.99900615 -0.043974157 0 0.12620613 0.04454154 0.9910036 0 0 0 0 1 0.992175 0.00072796503 -0.12485287 16.055712 -0.006042076 0.9990913 -0.0421896 0 0.12470872 0.042613838 0.9912779 0 0 0 0 1 0.9922106 -0.0002331729 -0.12457115 16.055712 -0.004829084 0.9991746 -0.040333968 0 0.12447774 0.04062136 0.9913905 0 0 0 0 1 0.9920913 -0.0012000897 -0.1255126 16.055712 -0.0036534616 0.9992545 -0.038432494 0 0.12546515 0.0385871 0.9913473 0 0 0 0 1 0.9918772 -0.002144526 -0.12718098 16.055712 -0.0025188334 0.99933064 -0.036494955 0 0.12717412 0.036518864 0.9912079 0 0 0 0 1 0.9915976 -0.003045966 -0.12932472 16.055712 -0.0014364008 0.99940187 -0.034552373 0 0.12935261 0.03444781 0.9910001 0 0 0 0 1 0.991207 -0.0038943714 -0.13226297 16.055712 -0.00042782957 0.99946725 -0.032634716 0 0.1323196 0.032404345 0.9906773 0 0 0 0 1 0.99065465 -0.0046785995 -0.1363139 16.055712 0.0004862179 0.9995263 -0.030772423 0 0.1363933 0.030418565 0.99018764 0 0 0 0 1 0.98988146 -0.005386643 -0.14179455 16.055712 0.0012858952 0.9995787 -0.02899611 0 0.14189099 0.02852038 0.9894713 0 0 0 0 1 0.9888595 -0.0060020536 -0.14873104 16.055712 0.0019558538 0.9996244 -0.027336156 0 0.14883925 0.02674072 0.98849976 0 0 0 0 1 0.9876395 -0.00650239 -0.15660767 16.055712 0.0024870716 0.9996635 -0.02582167 0 0.15672286 0.025113009 0.9873233 0 0 0 0 1 0.98628145 -0.006904788 -0.16492784 16.055712 0.0029045134 0.999696 -0.024483563 0 0.16504675 0.023668649 0.98600173 0 0 0 0 1 0.98486054 -0.0072424365 -0.17319718 16.055712 0.0032447781 0.999722 -0.02335355 0 0.17331818 0.022438005 0.98461026 0 0 0 0 1 0.98346823 -0.0075205625 -0.18092446 16.055712 0.0035129949 0.99974155 -0.022460755 0 0.18104662 0.021453854 0.9832405 0 0 0 0 1 0.9822109 -0.007745593 -0.18762128 16.055712 0.003713203 0.9997547 -0.021834115 0 0.18774436 0.02074903 0.98199874 0 0 0 0 1 0.98115814 -0.007926852 -0.19304386 16.055712 0.003846423 0.9997614 -0.021502946 0 0.19316825 0.020355262 0.98095447 0 0 0 0 1 0.9803009 -0.008066235 -0.19734518 16.055712 0.0039207716 0.99976355 -0.02138786 0 0.19747104 0.020192795 0.98010075 0 0 0 0 1 0.9796325 -0.00816083 -0.20063289 16.055712 0.0039491244 0.99976355 -0.021383382 0 0.20075996 0.02015553 0.9794331 0 0 0 0 1 0.9791415 -0.008216376 -0.20301358 16.055712 0.003935638 0.9997615 -0.021480687 0 0.20314167 0.020233642 0.97894025 0 0 0 0 1 0.97881246 -0.008238237 -0.20459299 16.055712 0.0038847884 0.9997576 -0.021671131 0 0.20472194 0.020417172 0.97860724 0 0 0 0 1 0.97862744 -0.008231503 -0.20547633 16.055712 0.0038012827 0.9997519 -0.021946182 0 0.205606 0.020696064 0.97841597 0 0 0 0 1 0.97856635 -0.008201088 -0.20576848 16.055712 0.0036899818 0.9997446 -0.022297397 0 0.20589878 0.021060202 0.97834665 0 0 0 0 1 0.97860765 -0.008151805 -0.20557398 16.055712 0.003555825 0.99973565 -0.02271636 0 0.20570481 0.02149942 0.9783779 0 0 0 0 1 0.9787291 -0.008088442 -0.20499718 16.055712 0.003403773 0.99972516 -0.023194693 0 0.20512846 0.022003558 0.9784877 0 0 0 0 1 0.97890836 -0.008015813 -0.20414247 16.055712 0.003238755 0.9997133 -0.023723977 0 0.2042741 0.022562431 0.97865367 0 0 0 0 1 0.97917956 -0.007935625 -0.20284075 16.055712 0.0030690322 0.9997001 -0.024295468 0 0.20297271 0.0231671 0.97891027 0 0 0 0 1 0.9795946 -0.007848229 -0.20083047 16.055712 0.002904271 0.9996857 -0.02490038 0 0.20096277 0.023809012 0.9793095 0 0 0 0 1 0.98015577 -0.00775641 -0.19807692 16.055712 0.0027515094 0.99967027 -0.02553021 0 0.19820963 0.024478571 0.9798539 0 0 0 0 1 0.98086363 -0.0076629007 -0.19454508 16.055712 0.0026178507 0.99965394 -0.026176427 0 0.19467832 0.025166214 0.98054427 0 0 0 0 1 0.9817163 -0.0075704055 -0.19019946 16.055712 0.002510423 0.9996368 -0.026830425 0 0.19033352 0.025862383 0.9813788 0 0 0 0 1 0.9826885 -0.0074831177 -0.18511455 16.055712 0.0024348055 0.9996193 -0.0274836 0 0.18524973 0.026557097 0.9823326 0 0 0 0 1 0.9837344 -0.007397224 -0.1794766 16.055712 0.0023822885 0.9996011 -0.028141463 0 0.17961319 0.027256163 0.98335963 0 0 0 0 1 0.98482126 -0.00730558 -0.17341791 16.055712 0.0023414653 0.9995821 -0.028812492 0 0.17355593 0.027969101 0.9844268 0 0 0 0 1 0.98591846 -0.007209584 -0.16707125 16.055712 0.002311623 0.9995623 -0.029492546 0 0.16721076 0.028691038 0.9855036 0 0 0 0 1 0.98591846 -0.007209584 -0.16707125 16.055712 0.002311623 0.9995623 -0.029492546 0 0.16721076 0.028691038 0.9855036 0 0 0 0 1</float_array>
        <technique_common>
          <accessor source="#Motion_55_Spine3_transform_pose_array_id" count="86" stride="16">
            <param name="TRANSFORM" type="float4x4" />
          </accessor>
        </technique_common>
      </source>
      <sampler id="Motion_55_Spine3_transform_samp_id">
        <input semantic="INPUT" source="#Motion_55_Spine3_transform_frame_id" />
        <input semantic="INTERPOLATION" source="#Motion_55_Spine3_transform_interp_id" />
        <input semantic="OUTPUT" source="#Motion_55_Spine3_transform_pose_id" />
      </sampler>
      <channel source="#Motion_55_Spine3_transform_samp_id" target="Spine3_bone_id/transform" />
    </animation>
    <animation id="Motion_55_Neck_transform_id" name="Motion_55_Neck_transform">
      <source id="Motion_55_Neck_transform_frame_id" name="Motion_55_Neck_transform_frame">
        <float_array id="Motion_55_Neck_transform_frame_array_id" count="86">0 0.033333335 0.06666667 0.1 0.13333334 0.16666667 0.2 0.23333333 0.26666668 0.3 0.33333334 0.36666667 0.4 0.43333334 0.46666667 0.5 0.53333336 0.56666666 0.6 0.6333333 0.6666667 0.7 0.73333335 0.76666665 0.8 0.8333333 0.8666667 0.9 0.93333334 0.96666664 1 1.0333333 1.0666667 1.1 1.1333333 1.1666666 1.2 1.2333333 1.2666667 1.3 1.3333334 1.3666667 1.4 1.4333333 1.4666667 1.5 1.5333333 1.5666667 1.6 1.6333333 1.6666666 1.7 1.7333333 1.7666667 1.8 1.8333334 1.8666667 1.9 1.9333333 1.9666667 2 2.0333333 2.0666666 2.1 2.1333334 2.1666667 2.2 2.2333333 2.2666667 2.3 2.3333333 2.3666666 2.4 2.4333334 2.4666667 2.5 2.5333333 2.5666666 2.6 2.6333334 2.6666667 2.7 2.7333333 2.7666667 2.8 2.8333333</float_array>
        <technique_common>
          <accessor source="#Motion_55_Neck_transform_frame_array_id" count="86" stride="1">
            <param name="TIME" type="float" />
          </accessor>
        </technique_common>
      </source>
      <source id="Motion_55_Neck_transform_interp_id" name="Motion_55_Neck_transform_interp">
        <Name_array id="Motion_55_Neck_transform_interp_array_id" count="86">LINEAR LINEAR LINEAR LINEAR LINEAR LINEAR LINEAR LINEAR LINEAR LINEAR LINEAR LINEAR LINEAR LINEAR LINEAR LINEAR LINEAR LINEAR LINEAR LINEAR LINEAR LINEAR LINEAR LINEAR LINEAR LINEAR LINEAR LINEAR LINEAR LINEAR LINEAR LINEAR LINEAR LINEAR LINEAR LINEAR LINEAR LINEAR LINEAR LINEAR LINEAR LINEAR LINEAR LINEAR LINEAR LINEAR LINEAR LINEAR LINEAR LINEAR LINEAR LINEAR LINEAR LINEAR LINEAR LINEAR LINEAR LINEAR LINEAR LINEAR LINEAR LINEAR LINEAR LINEAR LINEAR LINEAR LINEAR LINEAR LINEAR LINEAR LINEAR LINEAR LINEAR LINEAR LINEAR LINEAR LINEAR LINEAR LINEAR LINEAR LINEAR LINEAR LINEAR LINEAR LINEAR LINEAR</Name_array>
        <technique_common>
          <accessor source="#Motion_55_Neck_transform_interp_array_id" count="86" stride="1">
            <param name="INTERPOLATION" type="Name" />
          </accessor>
        </technique_common>
      </source>
      <source id="Motion_55_Neck_transform_pose_id" name="Motion_55_Neck_transform_pose">
        <float_array id="Motion_55_Neck_transform_pose_array_id" count="1376">0.77483815 -0.03757225 -0.6310422 24.5 0.0069789942 0.99867976 -0.05089209 0 0.63212115 0.035029095 0.7740774 0 0 0 0 1 0.7750285 -0.036725484 -0.6308581 24.5 0.005364498 0.9986562 -0.05154644 0 0.63190347 0.03656572 0.77418405 0 0 0 0 1 0.77676415 -0.03560219 -0.6287845 24.5 0.0034828559 0.99862844 -0.05224048 0 0.6297819 0.03838857 0.7758228 0 0 0 0 1 0.7803313 -0.03429153 -0.6244254 24.5 0.001526922 0.99859697 -0.052931715 0 0.6253644 0.04035083 0.7792888 0 0 0 0 1 0.78476787 -0.032919064 -0.61891496 24.5 -0.000363281 0.9985639 -0.053572595 0 0.6197897 0.04226689 0.7836289 0 0 0 0 1 0.7894449 -0.031608544 -0.61300707 24.5 -0.0020360425 0.99853295 -0.054109517 0 0.61381805 0.04396459 0.7882224 0 0 0 0 1 0.79375565 -0.030490147 -0.60747206 24.5 -0.0033409912 0.9985091 -0.054482546 0 0.6082276 0.045275386 0.79247046 0 0 0 0 1 0.7975279 -0.02968428 -0.60255134 24.5 -0.004110113 0.9984982 -0.05463042 0 0.603268 0.04604584 0.7962082 0 0 0 0 1 0.7931613 -0.029980034 -0.60827327 24.5 -0.0041036895 0.99850184 -0.054564305 0 0.6089978 0.04577446 0.79185 0 0 0 0 1 0.7788961 -0.031513594 -0.6263608 24.5 -0.0032111183 0.99852324 -0.054231025 0 0.6271448 0.04425165 0.7776447 0 0 0 0 1 0.760021 -0.03352855 -0.64903307 24.5 -0.0015994217 0.99856883 -0.05345823 0 0.6498965 0.041667454 0.7588796 0 0 0 0 1 0.73197216 -0.035707712 -0.6803982 24.5 2.2275373E-05 0.998627 -0.052384585 0 0.6813346 0.0383289 0.73096794 0 0 0 0 1 0.71379316 -0.037230566 -0.6993663 24.5 0.0018023308 0.99868035 -0.05132496 0 0.7003543 0.035374913 0.7129183 0 0 0 0 1 0.70900536 -0.037699815 -0.70419466 24.5 0.0033412501 0.9987384 -0.05010445 0 0.7051952 0.033171434 0.7082368 0 0 0 0 1 0.705701 -0.037846193 -0.70749825 24.5 0.0045650974 0.9987945 -0.048874997 0 0.7084951 0.03126134 0.70502305 0 0 0 0 1 0.70312464 -0.038236745 -0.71003777 24.5 0.0059432145 0.9988343 -0.047903575 0 0.71104175 0.029462278 0.7025323 0 0 0 0 1 0.7008695 -0.03863088 -0.71224266 24.5 0.007160669 0.9988631 -0.047130384 0 0.71325356 0.027932115 0.70034933 0 0 0 0 1 0.7036959 -0.03870822 -0.70944613 24.5 0.008076955 0.99888617 -0.046488922 0 0.7104555 0.026983898 0.70322466 0 0 0 0 1 0.7150319 -0.038169622 -0.698049 24.5 0.008504993 0.9989094 -0.045908887 0 0.6990401 0.026889417 0.7145767 0 0 0 0 1 0.7306948 -0.036806453 -0.6817114 24.5 0.008005615 0.9989389 -0.04535312 0 0.6826573 0.027681772 0.7302141 0 0 0 0 1 0.7480875 -0.034931026 -0.6626801 24.5 0.0067569306 0.9989628 -0.0450293 0 0.6635657 0.029208172 0.7475476 0 0 0 0 1 0.764621 -0.033101168 -0.6436296 24.5 0.0054598292 0.998977 -0.044890117 0 0.64445704 0.030809818 0.76401955 0 0 0 0 1 0.7759192 -0.031574912 -0.6300416 24.5 0.004365743 0.99899143 -0.044688486 0 0.6308172 0.031924054 0.7752745 0 0 0 0 1 0.7787747 -0.030752134 -0.62654954 24.5 0.0036219321 0.99900144 -0.044530813 0 0.6272933 0.03241015 0.7781084 0 0 0 0 1 0.7763519 -0.030871527 -0.6295432 24.5 0.0036111418 0.99900126 -0.04453575 0 0.6302893 0.032302044 0.77568805 0 0 0 0 1 0.77222854 -0.03163074 -0.63455707 24.5 0.0042203963 0.9989933 -0.044660743 0 0.63533086 0.03181022 0.77158463 0 0 0 0 1 0.7667524 -0.03257465 -0.64111596 24.5 0.00499605 0.9989843 -0.044782586 0 0.6419235 0.031134106 0.76613635 0 0 0 0 1 0.7604804 -0.03364291 -0.64848876 24.5 0.0058905873 0.9989733 -0.044917807 0 0.6493342 0.030339131 0.7598978 0 0 0 0 1 0.7539922 -0.03477736 -0.6559621 24.5 0.006856709 0.99895984 -0.045080774 0 0.6568476 0.02949281 0.7534464 0 0 0 0 1 0.7478943 -0.03592273 -0.66284513 24.5 0.007847508 0.9989434 -0.04528308 0 0.6637714 0.028665274 0.747386 0 0 0 0 1 0.742818 -0.037026666 -0.6684688 24.5 0.008816683 0.9989239 -0.045533363 0 0.66943544 0.027929325 0.7423451 0 0 0 0 1 0.7394107 -0.03803912 -0.67217916 24.5 0.009718771 0.9989016 -0.04583775 0 0.67318445 0.027360167 0.73896825 0 0 0 0 1 0.73832214 -0.038911052 -0.6733248 24.5 0.010509352 0.99887687 -0.046200678 0 0.67436635 0.027034774 0.73790187 0 0 0 0 1 0.73934686 -0.039606158 -0.67215896 24.5 0.011115366 0.9988504 -0.04662962 0 0.67323303 0.027004171 0.73893714 0 0 0 0 1 0.74130726 -0.04010107 -0.6699668 24.5 0.011429363 0.998823 -0.047138456 0 0.67106855 0.027286787 0.740893 0 0 0 0 1 0.7433835 -0.040531702 -0.6676362 24.5 0.01154145 0.998791 -0.047784958 0 0.66876584 0.02781706 0.7429525 0 0 0 0 1 0.7447659 -0.0409988 -0.6660652 24.5 0.011539439 0.99875295 -0.048574064 0 0.6672261 0.028490286 0.74431026 0 0 0 0 1 0.74526274 -0.041409418 -0.66548383 24.5 0.011345537 0.9987127 -0.04943878 0 0.6666744 0.029294614 0.74477327 0 0 0 0 1 0.7469256 -0.041629106 -0.6636032 24.5 0.010968207 0.99867374 -0.050303344 0 0.6648172 0.030294318 0.74639153 0 0 0 0 1 0.75228804 -0.0415065 -0.6575256 24.5 0.010440731 0.9986393 -0.05109395 0 0.65875167 0.03157232 0.7516977 0 0 0 0 1 0.7622991 -0.040907953 -0.64593077 24.5 0.009740553 0.99861264 -0.05174855 0 0.6471516 0.03315615 0.76164 0 0 0 0 1 0.77393126 -0.039779887 -0.632019 24.5 0.008681629 0.9985978 -0.05222173 0 0.6332101 0.034929074 0.7731914 0 0 0 0 1 0.7853593 -0.038056564 -0.61786926 24.5 0.007113795 0.99859744 -0.052464664 0 0.61899924 0.036808215 0.78452855 0 0 0 0 1 0.7966793 -0.035905663 -0.6033348 24.5 0.0052345023 0.9986063 -0.052517116 0 0.60437953 0.038681142 0.79575694 0 0 0 0 1 0.8074162 -0.03368546 -0.58901983 24.5 0.0033873422 0.99861693 -0.052466612 0 0.58997256 0.040367182 0.8064136 0 0 0 0 1 0.8171452 -0.03157407 -0.5755664 24.5 0.0017305743 0.9986286 -0.052325223 0 0.57642925 0.041761246 0.81607926 0 0 0 0 1 0.82548255 -0.02975494 -0.56364286 24.5 0.00042426307 0.9986419 -0.052097373 0 0.5644275 0.04276634 0.8243741 0 0 0 0 1 0.8320751 -0.028414402 -0.55393475 24.5 -0.0003698822 0.9986583 -0.051782366 0 0.5546629 0.043291707 0.83094823 0 0 0 0 1 0.8365847 -0.02773856 -0.547135 24.5 -0.0004886817 0.99867916 -0.051378082 0 0.5478375 0.04324949 0.8354661 0 0 0 0 1 0.83920383 -0.027889736 -0.5431014 24.5 0.0002574306 0.9987043 -0.050888404 0 0.543817 0.042565934 0.8381237 0 0 0 0 1 0.8405141 -0.028573185 -0.54103565 24.5 0.0015174178 0.9987286 -0.050387517 0 0.5417875 0.041530445 0.83948886 0 0 0 0 1 0.84074485 -0.029384434 -0.54063356 24.5 0.002791847 0.9987482 -0.049942184 0 0.5414243 0.04047927 0.8397745 0 0 0 0 1 0.84010696 -0.030296344 -0.54157394 24.5 0.0040745707 0.99876326 -0.049551494 0 0.5424054 0.03942188 0.83919144 0 0 0 0 1 0.8383757 -0.03129657 -0.5441936 24.5 0.0053393235 0.998774 -0.04921381 0 0.5450667 0.03835404 0.83751494 0 0 0 0 1 0.8353679 -0.03237012 -0.5487372 24.5 0.0065621864 0.9987807 -0.048928354 0 0.54965204 0.037272263 0.8345618 0 0 0 0 1 0.8313494 -0.033487476 -0.55474037 24.5 0.007739803 0.99878377 -0.048693538 0 0.5556963 0.03618776 0.8305974 0 0 0 0 1 0.82658905 -0.03462054 -0.5617401 24.5 0.008868484 0.9987835 -0.04850612 0 0.5627361 0.035112843 0.82589054 0 0 0 0 1 0.82136655 -0.035742663 -0.56927973 24.5 0.009944385 0.9987804 -0.04836126 0 0.570314 0.034061182 0.82072026 0 0 0 0 1 0.8159754 -0.036828708 -0.5769122 24.5 0.010963653 0.998775 -0.048252605 0 0.5779826 0.033047877 0.8153797 0 0 0 0 1 0.8104464 -0.037861656 -0.584588 24.5 0.011910739 0.9987679 -0.048174083 0 0.58569175 0.032079637 0.8098988 0 0 0 0 1 0.8047484 -0.038826242 -0.5923449 24.5 0.012767613 0.99876 -0.048119567 0 0.5934787 0.031161316 0.80424625 0 0 0 0 1 0.7991043 -0.03970173 -0.5998801 24.5 0.013526892 0.9987518 -0.048080903 0 0.60104024 0.03030714 0.79864395 0 0 0 0 1 0.79374766 -0.040468268 -0.6068994 24.5 0.014181384 0.9987443 -0.048049163 0 0.6080818 0.029532235 0.7933248 0 0 0 0 1 0.7889224 -0.041106746 -0.6131163 24.5 0.014724126 0.9987381 -0.048014835 0 0.6143164 0.028852375 0.78853214 0 0 0 0 1 0.7848794 -0.04159853 -0.61825067 24.5 0.015148249 0.998734 -0.04796811 0 0.6194634 0.028283764 0.78451586 0 0 0 0 1 0.78160405 -0.041930176 -0.62236404 24.5 0.015436206 0.9987328 -0.047901288 0 0.6235839 0.027832901 0.7812608 0 0 0 0 1 0.7788895 -0.04209122 -0.6257471 24.5 0.015563006 0.99873525 -0.04780865 0 0.626968 0.02749915 0.77855945 0 0 0 0 1 0.7767001 -0.042067386 -0.6284643 24.5 0.0155106755 0.99874204 -0.047683418 0 0.6296796 0.027287805 0.77637553 0 0 0 0 1 0.77499723 -0.04184407 -0.6305778 24.5 0.015261183 0.9987537 -0.04751919 0 0.6317804 0.027203877 0.77466995 0 0 0 0 1 0.77373636 -0.041533116 -0.6321448 24.5 0.014923207 0.99876666 -0.047355074 0 0.6333319 0.027206715 0.7734019 0 0 0 0 1 0.77287114 -0.041252647 -0.6332207 24.5 0.014611895 0.99877703 -0.047233272 0 0.63439476 0.027252678 0.7725287 0 0 0 0 1 0.77235746 -0.0409972 -0.6338637 24.5 0.014318953 0.9987851 -0.04715216 0 0.6350267 0.027342064 0.77200615 0 0 0 0 1 0.77215064 -0.04076125 -0.6341308 24.5 0.014036193 0.9987911 -0.04711003 0 0.6352845 0.02747526 0.7717893 0 0 0 0 1 0.772205 -0.040539272 -0.6340789 24.5 0.013755489 0.9987952 -0.047105134 0 0.63522464 0.027652754 0.7718323 0 0 0 0 1 0.7724745 -0.04032568 -0.6337641 24.5 0.013468788 0.9987977 -0.047135673 0 0.6349029 0.027875073 0.7720889 0 0 0 0 1 0.772913 -0.040114902 -0.63324267 24.5 0.01316805 0.99879867 -0.047199838 0 0.6343754 0.028142795 0.7725127 0 0 0 0 1 0.77347416 -0.03990137 -0.6325707 24.5 0.012845273 0.9987983 -0.0472958 0 0.6336977 0.028456539 0.7730572 0 0 0 0 1 0.77411175 -0.039679524 -0.63180417 24.5 0.012492464 0.9987968 -0.047421686 0 0.6329257 0.028816894 0.77367604 0 0 0 0 1 0.7747798 -0.039443836 -0.6309996 24.5 0.0121016065 0.9987943 -0.047575623 0 0.6321154 0.029224522 0.774323 0 0 0 0 1 0.77543247 -0.03920743 -0.6302121 24.5 0.011646033 0.99878865 -0.047808066 0 0.63132316 0.029732456 0.7749497 0 0 0 0 1 0.7760242 -0.03897885 -0.6294974 24.5 0.011103711 0.9987781 -0.04815662 0 0.63060534 0.030380948 0.7755088 0 0 0 0 1 0.77650964 -0.038745865 -0.62891304 24.5 0.010473487 0.9987634 -0.04860003 0 0.63001835 0.031151477 0.7759552 0 0 0 0 1 0.7767102 -0.03849934 -0.62868047 24.5 0.009748778 0.99874544 -0.04911727 0 0.6297827 0.03202102 0.7761111 0 0 0 0 1 0.77648854 -0.038229853 -0.6289706 24.5 0.008924317 0.998725 -0.049686708 0 0.6300682 0.032968022 0.7758397 0 0 0 0 1 0.7758598 -0.037924953 -0.6297645 24.5 0.008000817 0.9987028 -0.050285857 0 0.63085467 0.03397614 0.7751568 0 0 0 0 1 0.7758598 -0.037924953 -0.6297645 24.5 0.008000817 0.9987028 -0.050285857 0 0.63085467 0.03397614 0.7751568 0 0 0 0 1</float_array>
        <technique_common>
          <accessor source="#Motion_55_Neck_transform_pose_array_id" count="86" stride="16">
            <param name="TRANSFORM" type="float4x4" />
          </accessor>
        </technique_common>
      </source>
      <sampler id="Motion_55_Neck_transform_samp_id">
        <input semantic="INPUT" source="#Motion_55_Neck_transform_frame_id" />
        <input semantic="INTERPOLATION" source="#Motion_55_Neck_transform_interp_id" />
        <input semantic="OUTPUT" source="#Motion_55_Neck_transform_pose_id" />
      </sampler>
      <channel source="#Motion_55_Neck_transform_samp_id" target="Neck_bone_id/transform" />
    </animation>
    <animation id="Motion_55_Head_transform_id" name="Motion_55_Head_transform">
      <source id="Motion_55_Head_transform_frame_id" name="Motion_55_Head_transform_frame">
        <float_array id="Motion_55_Head_transform_frame_array_id" count="86">0 0.033333335 0.06666667 0.1 0.13333334 0.16666667 0.2 0.23333333 0.26666668 0.3 0.33333334 0.36666667 0.4 0.43333334 0.46666667 0.5 0.53333336 0.56666666 0.6 0.6333333 0.6666667 0.7 0.73333335 0.76666665 0.8 0.8333333 0.8666667 0.9 0.93333334 0.96666664 1 1.0333333 1.0666667 1.1 1.1333333 1.1666666 1.2 1.2333333 1.2666667 1.3 1.3333334 1.3666667 1.4 1.4333333 1.4666667 1.5 1.5333333 1.5666667 1.6 1.6333333 1.6666666 1.7 1.7333333 1.7666667 1.8 1.8333334 1.8666667 1.9 1.9333333 1.9666667 2 2.0333333 2.0666666 2.1 2.1333334 2.1666667 2.2 2.2333333 2.2666667 2.3 2.3333333 2.3666666 2.4 2.4333334 2.4666667 2.5 2.5333333 2.5666666 2.6 2.6333334 2.6666667 2.7 2.7333333 2.7666667 2.8 2.8333333</float_array>
        <technique_common>
          <accessor source="#Motion_55_Head_transform_frame_array_id" count="86" stride="1">
            <param name="TIME" type="float" />
          </accessor>
        </technique_common>
      </source>
      <source id="Motion_55_Head_transform_interp_id" name="Motion_55_Head_transform_interp">
        <Name_array id="Motion_55_Head_transform_interp_array_id" count="86">LINEAR LINEAR LINEAR LINEAR LINEAR LINEAR LINEAR LINEAR LINEAR LINEAR LINEAR LINEAR LINEAR LINEAR LINEAR LINEAR LINEAR LINEAR LINEAR LINEAR LINEAR LINEAR LINEAR LINEAR LINEAR LINEAR LINEAR LINEAR LINEAR LINEAR LINEAR LINEAR LINEAR LINEAR LINEAR LINEAR LINEAR LINEAR LINEAR LINEAR LINEAR LINEAR LINEAR LINEAR LINEAR LINEAR LINEAR LINEAR LINEAR LINEAR LINEAR LINEAR LINEAR LINEAR LINEAR LINEAR LINEAR LINEAR LINEAR LINEAR LINEAR LINEAR LINEAR LINEAR LINEAR LINEAR LINEAR LINEAR LINEAR LINEAR LINEAR LINEAR LINEAR LINEAR LINEAR LINEAR LINEAR LINEAR LINEAR LINEAR LINEAR LINEAR LINEAR LINEAR LINEAR LINEAR</Name_array>
        <technique_common>
          <accessor source="#Motion_55_Head_transform_interp_array_id" count="86" stride="1">
            <param name="INTERPOLATION" type="Name" />
          </accessor>
        </technique_common>
      </source>
      <source id="Motion_55_Head_transform_pose_id" name="Motion_55_Head_transform_pose">
        <float_array id="Motion_55_Head_transform_pose_array_id" count="1376">0.7120117 -0.033853423 0.70135105 3.962155 -0.033830848 0.9960231 0.082421996 0 -0.7013521 -0.08241273 0.7080349 0 0 0 0 1 0.70488167 -0.035981502 0.7084117 3.962155 -0.031038005 0.99619144 0.0814817 0 -0.70864546 -0.079422645 0.7010803 0 0 0 0 1 0.70045763 -0.03864734 0.7126468 3.962155 -0.027303176 0.9963507 0.08086898 0 -0.71317154 -0.076102816 0.69684625 0 0 0 0 1 0.70000505 -0.04148549 0.71293193 3.962155 -0.022879267 0.99649596 0.0804505 0 -0.7137713 -0.07262712 0.69660306 0 0 0 0 1 0.70238304 -0.044253327 0.71042216 3.962155 -0.018143367 0.99662817 0.08001961 0 -0.7115679 -0.06909387 0.69921184 0 0 0 0 1 0.70656073 -0.04669098 0.70611036 3.962155 -0.013466142 0.99675316 0.07938424 0 -0.7075242 -0.06559837 0.7036379 0 0 0 0 1 0.71151537 -0.048525922 0.70099294 3.962155 -0.009221861 0.9968818 0.07836898 0 -0.70261 -0.062225193 0.7088492 0 0 0 0 1 0.71633875 -0.048957165 0.696033 3.962155 -0.0058445707 0.9970795 0.07614707 0 -0.69772816 -0.05861511 0.7139605 0 0 0 0 1 0.7118297 -0.047471084 0.70074594 3.962155 -0.0040710885 0.9974176 0.07170418 0 -0.70234025 -0.05389397 0.7097983 0 0 0 0 1 0.7007147 -0.043568186 0.71211 3.962155 -0.003782956 0.9978927 0.06477531 0 -0.71343154 -0.04808289 0.6990733 0 0 0 0 1 0.693112 -0.036580995 0.7199011 3.962155 -0.0045465156 0.99846977 0.05511349 0 -0.72081554 -0.041472863 0.69188505 0 0 0 0 1 0.68029034 -0.027456425 0.73242825 3.962155 -0.006566086 0.9990297 0.043549147 0 -0.7329133 -0.034435254 0.67945004 0 0 0 0 1 0.68213904 -0.018179115 0.73099643 3.962155 -0.00862347 0.9994214 0.032901667 0 -0.73117155 -0.028747238 0.68158764 0 0 0 0 1 0.6954199 -0.011093195 0.718518 3.962155 -0.010333433 0.99962306 0.02543442 0 -0.71852934 -0.02511236 0.69504315 0 0 0 0 1 0.7021489 -0.0066915853 0.7119987 3.962155 -0.011955704 0.99970406 0.021185838 0 -0.7119298 -0.023388058 0.70186114 0 0 0 0 1 0.70400167 -0.0036200867 0.7101891 3.962155 -0.013740502 0.9997304 0.018716773 0 -0.71006536 -0.022934994 0.7037622 0 0 0 0 1 0.7020228 -0.001785852 0.7121522 3.962155 -0.015547514 0.9997201 0.017833354 0 -0.7119847 -0.023591617 0.70179856 0 0 0 0 1 0.70378363 -0.0009946991 0.7104137 3.962155 -0.017193714 0.99968225 0.018432979 0 -0.7102063 -0.025187477 0.70354295 0 0 0 0 1 0.71153843 -0.0011153845 0.7026464 3.962155 -0.018548165 0.99962044 0.020369695 0 -0.70240235 -0.027526619 0.7112477 0 0 0 0 1 0.7151986 -0.0022547431 0.6989177 3.962155 -0.019624231 0.99953574 0.023305919 0 -0.6986458 -0.030384082 0.7148223 0 0 0 0 1 0.71912634 -0.0039793765 0.6948679 3.962155 -0.020551525 0.99942434 0.026992511 0 -0.69457537 -0.033691622 0.7186307 0 0 0 0 1 0.7178465 -0.0056043584 0.69617873 3.962155 -0.022096679 0.9992804 0.030828789 0 -0.69585055 -0.037513576 0.7172061 0 0 0 0 1 0.71229213 -0.006365452 0.7018543 3.962155 -0.024893712 0.9991006 0.034325253 0 -0.7014416 -0.041921366 0.7114931 0 0 0 0 1 0.70318484 -0.0055072783 0.7109858 3.962155 -0.029556956 0.9988792 0.03696995 0 -0.7103925 -0.047011282 0.7022339 0 0 0 0 1 0.6908258 -0.0033242572 0.7230136 3.962155 -0.03564828 0.99861664 0.038652673 0 -0.7221419 -0.05247645 0.6897516 0 0 0 0 1 0.6792151 -0.00089533627 0.73393875 3.962155 -0.04197478 0.9983151 0.04006292 0 -0.7327381 -0.058018252 0.67803305 0 0 0 0 1 0.67485386 0.0014664382 0.7379499 3.962155 -0.04796414 0.9979707 0.04187997 0 -0.736391 -0.06365799 0.6735547 0 0 0 0 1 0.6817404 0.003559148 0.7315855 3.962155 -0.052966386 0.9976041 0.044504307 0 -0.72967434 -0.06908982 0.68029547 0 0 0 0 1 0.6954731 0.0048134755 0.718536 3.962155 -0.056501597 0.99724764 0.048007496 0 -0.7163273 -0.07398636 0.69383085 0 0 0 0 1 0.7101848 0.004901238 0.7039982 3.962155 -0.05854637 0.99692315 0.052120283 0 -0.7015767 -0.07823157 0.70828664 0 0 0 0 1 0.7218642 0.003936542 0.6920236 3.962155 -0.059511214 0.9966326 0.056408092 0 -0.6894712 -0.08190215 0.7196677 0 0 0 0 1 0.7310486 0.0020717233 0.68232226 3.962155 -0.059502073 0.9963794 0.060725972 0 -0.679726 -0.08499323 0.728525 0 0 0 0 1 0.7388898 -0.00048682466 0.6738261 3.962155 -0.058598 0.99616486 0.06497585 0 -0.67127347 -0.08749486 0.73602754 0 0 0 0 1 0.74528354 -0.0036006738 0.666738 3.962155 -0.0569238 0.9959907 0.06900854 0 -0.66431326 -0.089384176 0.7420905 0 0 0 0 1 0.7494782 -0.007171992 0.6619901 3.962155 -0.05464078 0.9958595 0.07265119 0 -0.6597702 -0.09062214 0.7459832 0 0 0 0 1 0.7515846 -0.011135517 0.65954274 3.962155 -0.05196871 0.99575007 0.07603309 0 -0.6575864 -0.09142088 0.7478117 0 0 0 0 1 0.75169194 -0.015441481 0.6593336 3.962155 -0.049146134 0.99563473 0.079348035 0 -0.65768063 -0.09204898 0.74765176 0 0 0 0 1 0.7496812 -0.019966312 0.66149795 3.962155 -0.046337627 0.995508 0.08256272 0 -0.66017497 -0.09254796 0.74538845 0 0 0 0 1 0.74830353 -0.02438945 0.66290796 3.962155 -0.043533254 0.9953641 0.08576225 0 -0.6619265 -0.09303473 0.74377275 0 0 0 0 1 0.75044304 -0.028383004 0.6603254 3.962155 -0.0406861 0.9951989 0.08901571 0 -0.6596817 -0.09366728 0.7456853 0 0 0 0 1 0.75501144 -0.031885877 0.65493584 3.962155 -0.03797975 0.99501354 0.09222587 0 -0.65461075 -0.0945059 0.75003564 0 0 0 0 1 0.7604668 -0.034866247 0.64844006 3.962155 -0.035642322 0.99481124 0.09529043 0 -0.64839786 -0.09557713 0.7552782 0 0 0 0 1 0.76531047 -0.037152912 0.64258814 3.962155 -0.0337794 0.99463874 0.09773827 0 -0.64277434 -0.096506365 0.7599524 0 0 0 0 1 0.76840425 -0.038575534 0.6388011 3.962155 -0.03250717 0.9945404 0.09916009 0 -0.6391386 -0.09696065 0.76295507 0 0 0 0 1 0.7693255 -0.039061766 0.6376617 3.962155 -0.03203954 0.9945139 0.09957679 0 -0.63805306 -0.09703735 0.76385343 0 0 0 0 1 0.76767004 -0.038533367 0.63968575 3.962155 -0.032578126 0.9945534 0.09900603 0 -0.6400167 -0.09684372 0.7622335 0 0 0 0 1 0.7641379 -0.037133418 0.6439832 3.962155 -0.033924006 0.99464667 0.09760698 0 -0.6441602 -0.09643168 0.7587875 0 0 0 0 1 0.75968695 -0.03516875 0.6493373 3.962155 -0.035672557 0.99477917 0.09561305 0 -0.64930975 -0.095799506 0.75446624 0 0 0 0 1 0.7542677 -0.03280514 0.655747 3.962155 -0.037707087 0.9949382 0.093146175 0 -0.6554834 -0.09498346 0.74921274 0 0 0 0 1 0.7480855 -0.030190414 0.6629153 3.962155 -0.039894007 0.99511176 0.0903388 0 -0.6624021 -0.09402749 0.74322426 0 0 0 0 1 0.7435738 -0.027324084 0.66809535 3.962155 -0.041966733 0.9952877 0.087413706 0 -0.6673356 -0.09303632 0.7389232 0 0 0 0 1 0.74212205 -0.024284717 0.6698247 3.962155 -0.0437502 0.9954572 0.084563 0 -0.6688354 -0.09206103 0.7376883 0 0 0 0 1 0.7419455 -0.021362437 0.67011976 3.962155 -0.045262396 0.99561614 0.081852555 0 -0.66893065 -0.09106137 0.737726 0 0 0 0 1 0.7416152 -0.018819502 0.67056155 3.962155 -0.046484053 0.99576193 0.07935592 0 -0.6692132 -0.090021975 0.73759735 0 0 0 0 1 0.74106324 -0.016826797 0.67122436 3.962155 -0.047311928 0.9958924 0.07720044 0 -0.6697663 -0.08896732 0.73722315 0 0 0 0 1 0.74131316 -0.015446469 0.6709815 3.962155 -0.04754772 0.99601454 0.07546058 0 -0.66947293 -0.08784357 0.7376242 0 0 0 0 1 0.7425622 -0.014518479 0.66961974 3.962155 -0.047284625 0.99613416 0.07403325 0 -0.6681059 -0.08663701 0.7390051 0 0 0 0 1 0.74499947 -0.013805291 0.66692215 3.962155 -0.046754643 0.99624634 0.07285056 0 -0.6654245 -0.085455336 0.74155754 0 0 0 0 1 0.74800956 -0.013326537 0.66355413 3.962155 -0.04602239 0.9963502 0.07189027 0 -0.66209036 -0.08431295 0.74466616 0 0 0 0 1 0.7506042 -0.0131232105 0.66062176 3.962155 -0.045169093 0.9964448 0.071115844 0 -0.6592064 -0.083219536 0.74734294 0 0 0 0 1 0.7524139 -0.01319605 0.65855837 3.962155 -0.044244282 0.9965288 0.070518054 0 -0.65720296 -0.08219621 0.74921834 0 0 0 0 1 0.7530712 -0.013544596 0.65779954 3.962155 -0.043297578 0.9966006 0.070089296 0 -0.6565128 -0.08126336 0.7499248 0 0 0 0 1 0.75265574 -0.014140508 0.65826243 3.962155 -0.042356964 0.9966585 0.06984065 0 -0.65705043 -0.080447964 0.74954176 0 0 0 0 1 0.75162303 -0.014933568 0.6594239 3.962155 -0.04143271 0.9967004 0.06979739 0 -0.6582903 -0.079783045 0.7485242 0 0 0 0 1 0.75016713 -0.015890408 0.66105735 3.962155 -0.04054859 0.99672437 0.069973625 0 -0.6600039 -0.07929685 0.74706554 0 0 0 0 1 0.74848306 -0.016978486 0.6629365 3.962155 -0.039728746 0.9967286 0.070382655 0 -0.6619628 -0.07901786 0.7453599 0 0 0 0 1 0.7467677 -0.018165877 0.6648368 3.962155 -0.038997322 0.9967111 0.07103709 0 -0.6639406 -0.07897506 0.7436032 0 0 0 0 1 0.7452205 -0.019421007 0.66653526 3.962155 -0.038378134 0.9966697 0.07194894 0 -0.66571283 -0.079198204 0.7419933 0 0 0 0 1 0.74404275 -0.020712262 0.6678109 3.962155 -0.03789428 0.99660224 0.07312976 0 -0.66705656 -0.079717875 0.7407298 0 0 0 0 1 0.7434366 -0.021959884 0.6684458 3.962155 -0.037520215 0.99651736 0.07446722 0 -0.6677532 -0.080441885 0.7400235 0 0 0 0 1 0.74329984 -0.02309145 0.66855973 3.962155 -0.037235685 0.99642646 0.075814046 0 -0.66792125 -0.081246845 0.7397839 0 0 0 0 1 0.7433237 -0.024089528 0.668498 3.962155 -0.03707473 0.9963317 0.07712765 0 -0.6679037 -0.08211519 0.7397038 0 0 0 0 1 0.74339885 -0.024925297 0.66838384 3.962155 -0.037061594 0.996235 0.078372635 0 -0.6678208 -0.083033495 0.7396762 0 0 0 0 1 0.7434161 -0.02557019 0.66834027 3.962155 -0.037220974 0.99613863 0.07951357 0 -0.66779274 -0.083987944 0.73959374 0 0 0 0 1 0.74326634 -0.02599591 0.6684904 3.962155 -0.037577875 0.9960448 0.080514945 0 -0.6679394 -0.08496449 0.7393497 0 0 0 0 1 0.742841 -0.026337111 0.66894954 3.962155 -0.037994985 0.9959568 0.08140353 0 -0.6683888 -0.08588662 0.7388369 0 0 0 0 1 0.7423774 -0.026730845 0.66944855 3.962155 -0.038291298 0.9958777 0.082227744 0 -0.66888684 -0.086678065 0.7382935 0 0 0 0 1 0.74202037 -0.027168611 0.6698266 3.962155 -0.038441263 0.9958099 0.082975164 0 -0.66927433 -0.08731824 0.7378668 0 0 0 0 1 0.7415228 -0.02766639 0.67035705 3.962155 -0.038442127 0.99575603 0.083619155 0 -0.6698255 -0.08777546 0.7373122 0 0 0 0 1 0.74063647 -0.028240353 0.6713122 3.962155 -0.03829155 0.99571854 0.08413308 0 -0.6708139 -0.08801762 0.73638415 0 0 0 0 1 0.7391114 -0.028906446 0.67296267 3.962155 -0.037987392 0.9956999 0.084490664 0 -0.6725112 -0.08801211 0.734835 0 0 0 0 1 0.73669326 -0.02967982 0.67557544 3.962155 -0.03752742 0.99570245 0.08466628 0 -0.675185 -0.087725684 0.7324134 0 0 0 0 1 0.73312044 -0.0305742 0.6794113 3.962155 -0.036908936 0.99572814 0.08463547 0 -0.6790966 -0.08712433 0.7288602 0 0 0 0 1 0.72779846 -0.031574987 0.68506384 3.962155 -0.03610172 0.9957904 0.08425033 0 -0.6848402 -0.086049244 0.7235948 0 0 0 0 1 0.72061086 -0.032665133 0.69256985 3.962155 -0.03507629 0.99589294 0.08346787 0 -0.69245195 -0.08444063 0.71650547 0 0 0 0 1 0.72061086 -0.032665133 0.69256985 3.962155 -0.03507629 0.99589294 0.08346787 0 -0.69245195 -0.08444063 0.71650547 0 0 0 0 1</float_array>
        <technique_common>
          <accessor source="#Motion_55_Head_transform_pose_array_id" count="86" stride="16">
            <param name="TRANSFORM" type="float4x4" />
          </accessor>
        </technique_common>
      </source>
      <sampler id="Motion_55_Head_transform_samp_id">
        <input semantic="INPUT" source="#Motion_55_Head_transform_frame_id" />
        <input semantic="INTERPOLATION" source="#Motion_55_Head_transform_interp_id" />
        <input semantic="OUTPUT" source="#Motion_55_Head_transform_pose_id" />
      </sampler>
      <channel source="#Motion_55_Head_transform_samp_id" target="Head_bone_id/transform" />
    </animation>
    <animation id="Motion_55_LShoulder_transform_id" name="Motion_55_LShoulder_transform">
      <source id="Motion_55_LShoulder_transform_frame_id" name="Motion_55_LShoulder_transform_frame">
        <float_array id="Motion_55_LShoulder_transform_frame_array_id" count="86">0 0.033333335 0.06666667 0.1 0.13333334 0.16666667 0.2 0.23333333 0.26666668 0.3 0.33333334 0.36666667 0.4 0.43333334 0.46666667 0.5 0.53333336 0.56666666 0.6 0.6333333 0.6666667 0.7 0.73333335 0.76666665 0.8 0.8333333 0.8666667 0.9 0.93333334 0.96666664 1 1.0333333 1.0666667 1.1 1.1333333 1.1666666 1.2 1.2333333 1.2666667 1.3 1.3333334 1.3666667 1.4 1.4333333 1.4666667 1.5 1.5333333 1.5666667 1.6 1.6333333 1.6666666 1.7 1.7333333 1.7666667 1.8 1.8333334 1.8666667 1.9 1.9333333 1.9666667 2 2.0333333 2.0666666 2.1 2.1333334 2.1666667 2.2 2.2333333 2.2666667 2.3 2.3333333 2.3666666 2.4 2.4333334 2.4666667 2.5 2.5333333 2.5666666 2.6 2.6333334 2.6666667 2.7 2.7333333 2.7666667 2.8 2.8333333</float_array>
        <technique_common>
          <accessor source="#Motion_55_LShoulder_transform_frame_array_id" count="86" stride="1">
            <param name="TIME" type="float" />
          </accessor>
        </technique_common>
      </source>
      <source id="Motion_55_LShoulder_transform_interp_id" name="Motion_55_LShoulder_transform_interp">
        <Name_array id="Motion_55_LShoulder_transform_interp_array_id" count="86">LINEAR LINEAR LINEAR LINEAR LINEAR LINEAR LINEAR LINEAR LINEAR LINEAR LINEAR LINEAR LINEAR LINEAR LINEAR LINEAR LINEAR LINEAR LINEAR LINEAR LINEAR LINEAR LINEAR LINEAR LINEAR LINEAR LINEAR LINEAR LINEAR LINEAR LINEAR LINEAR LINEAR LINEAR LINEAR LINEAR LINEAR LINEAR LINEAR LINEAR LINEAR LINEAR LINEAR LINEAR LINEAR LINEAR LINEAR LINEAR LINEAR LINEAR LINEAR LINEAR LINEAR LINEAR LINEAR LINEAR LINEAR LINEAR LINEAR LINEAR LINEAR LINEAR LINEAR LINEAR LINEAR LINEAR LINEAR LINEAR LINEAR LINEAR LINEAR LINEAR LINEAR LINEAR LINEAR LINEAR LINEAR LINEAR LINEAR LINEAR LINEAR LINEAR LINEAR LINEAR LINEAR LINEAR</Name_array>
        <technique_common>
          <accessor source="#Motion_55_LShoulder_transform_interp_array_id" count="86" stride="1">
            <param name="INTERPOLATION" type="Name" />
          </accessor>
        </technique_common>
      </source>
      <source id="Motion_55_LShoulder_transform_pose_id" name="Motion_55_LShoulder_transform_pose">
        <float_array id="Motion_55_LShoulder_transform_pose_array_id" count="1376">-0.3723942 0.906834 -0.19741902 20.00505 -0.84596086 -0.2441963 0.4740445 -7.197387 0.38167068 0.3435403 0.8580836 -0.2071 0 0 0 1 -0.37248075 0.9067842 -0.19748536 20.00505 -0.84599507 -0.24429405 0.4739333 -7.197387 0.38151076 0.3436027 0.8581298 -0.2071 0 0 0 1 -0.37262678 0.90672886 -0.19746321 20.00505 -0.84580934 -0.24431014 0.4742561 -7.197387 0.3817795 0.34373683 0.8579565 -0.2071 0 0 0 1 -0.37277734 0.9066786 -0.19741027 20.00505 -0.8455563 -0.24428701 0.4747191 -7.197387 0.38219285 0.34388608 0.8577126 -0.2071 0 0 0 1 -0.37287784 0.90664315 -0.19738436 20.00505 -0.8453883 -0.24426734 0.47502884 -7.197387 0.3824671 0.34399405 0.8575471 -0.2071 0 0 0 1 -0.37287247 0.90663254 -0.19744319 20.00505 -0.8454579 -0.24429286 0.47489184 -7.197387 0.38231844 0.34400392 0.85760945 -0.2071 0 0 0 1 -0.37270665 0.9066568 -0.19764438 20.00505 -0.8459173 -0.24440646 0.4740143 -7.197387 0.38146272 0.34385905 0.85804844 -0.2071 0 0 0 1 -0.37230015 0.906725 -0.19809666 20.00505 -0.8469836 -0.24465525 0.47197717 -7.197387 0.37948814 0.34350187 0.8590665 -0.2071 0 0 0 1 -0.37061787 0.90711474 -0.19946244 20.00505 -0.8507451 -0.24538898 0.46477637 -7.197387 0.3726596 0.34194615 0.86266893 -0.2071 0 0 0 1 -0.36784554 0.90779865 -0.20147252 20.00505 -0.85644996 -0.24635708 0.45365357 -7.197387 0.36219192 0.33942562 0.86810553 -0.2071 0 0 0 1 -0.36437523 0.9086982 -0.20371105 20.00505 -0.8629383 -0.24723113 0.4406975 -7.197387 0.3500973 0.3363694 0.8742354 -0.2071 0 0 0 1 -0.3607608 0.9096833 -0.20573789 20.00505 -0.8691004 -0.24785554 0.42805636 -7.197387 0.33840245 0.33323282 0.8800225 -0.2071 0 0 0 1 -0.35751617 0.9106667 -0.20704672 20.00505 -0.87394035 -0.24807215 0.41795763 -7.197387 0.32925758 0.33037308 0.88455814 -0.2071 0 0 0 1 -0.35498655 0.91155696 -0.2074818 20.00505 -0.8769239 -0.24775708 0.4118508 -7.197387 0.3240204 0.32814717 0.8873163 -0.2071 0 0 0 1 -0.35358214 0.91217285 -0.20717207 20.00505 -0.8780702 -0.24732018 0.4096651 -7.197387 0.32244757 0.3267619 0.88839984 -0.2071 0 0 0 1 -0.35364926 0.91224194 -0.2067524 20.00505 -0.87810826 -0.24763036 0.40939575 -7.197387 0.32226983 0.32633358 0.8886217 -0.2071 0 0 0 1 -0.35535336 0.9116726 -0.20634271 20.00505 -0.8775009 -0.24930942 0.40967947 -7.197387 0.3220504 0.3266468 0.88858616 -0.2071 0 0 0 1 -0.3584323 0.9106565 -0.20550211 20.00505 -0.8762335 -0.25222445 0.41060644 -7.197387 0.32208878 0.32724243 0.8883531 -0.2071 0 0 0 1 -0.3629079 0.90940195 -0.20318875 20.00505 -0.87207884 -0.2546432 0.41789356 -7.197387 0.32829258 0.32885358 0.8854825 -0.2071 0 0 0 1 -0.36867678 0.9080743 -0.19869149 20.00505 -0.8631554 -0.25509226 0.43576422 -7.197387 0.34502167 0.33215782 0.877856 -0.2071 0 0 0 1 -0.37430322 0.9069567 -0.19320104 20.00505 -0.85168326 -0.2538247 0.45848504 -7.197387 0.36678687 0.33615854 0.8674473 -0.2071 0 0 0 1 -0.37892807 0.90617436 -0.1877805 20.00505 -0.84077746 -0.25232494 0.47898358 -7.197387 0.38666093 0.33938193 0.85750407 -0.2071 0 0 0 1 -0.38185942 0.9056001 -0.18458566 20.00505 -0.83367884 -0.2512988 0.4917605 -7.197387 0.39895222 0.34166855 0.8509405 -0.2071 0 0 0 1 -0.38269913 0.9051771 -0.18492052 20.00505 -0.8328401 -0.25137067 0.49314302 -7.197387 0.3998982 0.3427347 0.85006726 -0.2071 0 0 0 1 -0.38249326 0.9050378 -0.1860254 20.00505 -0.8352979 -0.25265026 0.48830855 -7.197387 0.39493835 0.34216136 0.8526132 -0.2071 0 0 0 1 -0.38191855 0.9047713 -0.18848601 20.00505 -0.839674 -0.25449157 0.47977245 -7.197387 0.3861163 0.34150082 0.856908 -0.2071 0 0 0 1 -0.38092947 0.9045292 -0.19162397 20.00505 -0.8453692 -0.25678134 0.46841687 -7.197387 0.37449127 0.34042674 0.8624766 -0.2071 0 0 0 1 -0.379642 0.9043533 -0.19497973 20.00505 -0.85164684 -0.25931633 0.4554698 -7.197387 0.36134416 0.33896935 0.86863697 -0.2071 0 0 0 1 -0.37818003 0.90422225 -0.19839847 20.00505 -0.8579508 -0.26184893 0.44199044 -7.197387 0.34770715 0.33736807 0.87480426 -0.2071 0 0 0 1 -0.376657 0.9041105 -0.20177667 20.00505 -0.8638101 -0.2641158 0.4290397 -7.197387 0.3346069 0.33589748 0.88046074 -0.2071 0 0 0 1 -0.37516427 0.9040637 -0.20474555 20.00505 -0.8687265 -0.26585937 0.41789135 -7.197387 0.32336688 0.33464578 0.8851249 -0.2071 0 0 0 1 -0.37378883 0.90413266 -0.20694491 20.00505 -0.87226444 -0.26680636 0.40984043 -7.197387 0.3153359 0.33370444 0.8883719 -0.2071 0 0 0 1 -0.37273312 0.90428853 -0.20816435 20.00505 -0.87419343 -0.26695836 0.40560976 -7.197387 0.31121707 0.33316007 0.89002717 -0.2071 0 0 0 1 -0.37201607 0.9044505 -0.20874254 20.00505 -0.87500995 -0.2666551 0.4040453 -7.197387 0.3097767 0.33296314 0.8906031 -0.2071 0 0 0 1 -0.37145114 0.9045905 -0.2091416 20.00505 -0.87536407 -0.26613212 0.40362296 -7.197387 0.30945417 0.33300123 0.89070106 -0.2071 0 0 0 1 -0.37099802 0.904694 -0.20949721 20.00505 -0.87554175 -0.26558304 0.40359908 -7.197387 0.3094948 0.33315802 0.8906283 -0.2071 0 0 0 1 -0.37084627 0.9047322 -0.20960155 20.00505 -0.87533844 -0.2651229 0.40434223 -7.197387 0.31025127 0.33342105 0.8902666 -0.2071 0 0 0 1 -0.37089264 0.90474415 -0.2094674 20.00505 -0.8747394 -0.26460004 0.40597743 -7.197387 0.3118806 0.33380347 0.88955367 -0.2071 0 0 0 1 -0.37096024 0.90480787 -0.209073 20.00505 -0.8736393 -0.26369107 0.40892744 -7.197387 0.31487006 0.33435017 0.88829434 -0.2071 0 0 0 1 -0.37125123 0.90490675 -0.20812581 20.00505 -0.87147224 -0.26220798 0.41446725 -7.197387 0.32048196 0.3352473 0.88594615 -0.2071 0 0 0 1 -0.37183487 0.9050361 -0.20651485 20.00505 -0.86792386 -0.2600199 0.42319947 -7.197387 0.32931286 0.33659947 0.88218695 -0.2071 0 0 0 1 -0.37245524 0.9052435 -0.20447883 20.00505 -0.8633175 -0.257115 0.43425217 -7.197387 0.34052935 0.33826956 0.8772762 -0.2071 0 0 0 1 -0.373026 0.9055277 -0.2021654 20.00505 -0.8579154 -0.25365925 0.4468086 -7.197387 0.35331646 0.34011212 0.8714879 -0.2071 0 0 0 1 -0.37362063 0.9058347 -0.19967812 20.00505 -0.8519641 -0.24998534 0.46007034 -7.197387 0.36683106 0.3420103 0.8651381 -0.2071 0 0 0 1 -0.37421143 0.9061445 -0.1971491 20.00505 -0.84578884 -0.24632144 0.47325134 -7.197387 0.3802721 0.34384263 0.85858333 -0.2071 0 0 0 1 -0.37476325 0.90644264 -0.1947153 20.00505 -0.83976877 -0.24288726 0.48558635 -7.197387 0.39286226 0.34549582 0.85222757 -0.2071 0 0 0 1 -0.37523067 0.9067184 -0.19251847 20.00505 -0.83433104 -0.23989129 0.4963301 -7.197387 0.40384817 0.34686252 0.84651816 -0.2071 0 0 0 1 -0.37556267 0.9069646 -0.1907042 20.00505 -0.82993966 -0.23753452 0.50475496 -7.197387 0.412496 0.34784007 0.84193486 -0.2071 0 0 0 1 -0.3757112 0.9071701 -0.18942884 20.00505 -0.8270678 -0.23600924 0.5101552 -7.197387 0.4180906 0.34834158 0.8389627 -0.2071 0 0 0 1 -0.37591076 0.9071841 -0.18896568 20.00505 -0.82575464 -0.23540366 0.5125567 -7.197387 0.4205001 0.34871483 0.8376023 -0.2071 0 0 0 1 -0.37612247 0.90708476 -0.18902132 20.00505 -0.8255865 -0.23547101 0.51279646 -7.197387 0.4206408 0.34892774 0.837443 -0.2071 0 0 0 1 -0.37617826 0.9070312 -0.18916696 20.00505 -0.8260845 -0.23586512 0.5118124 -7.197387 0.41961193 0.34880066 0.83801186 -0.2071 0 0 0 1 -0.37624133 0.90698516 -0.18926312 20.00505 -0.8268416 -0.23651218 0.51028925 -7.197387 0.4180618 0.34848246 0.83891857 -0.2071 0 0 0 1 -0.37638927 0.9068676 -0.18953177 20.00505 -0.82779753 -0.2373271 0.5083572 -7.197387 0.4160317 0.34823415 0.84003013 -0.2071 0 0 0 1 -0.3765645 0.906719 -0.1898936 20.00505 -0.82896584 -0.2383039 0.50599086 -7.197387 0.41353917 0.34795356 0.84137607 -0.2071 0 0 0 1 -0.3767606 0.9065451 -0.1903345 20.00505 -0.83030576 -0.23941231 0.5032633 -7.197387 0.41066247 0.34764564 0.8429109 -0.2071 0 0 0 1 -0.37697017 0.9063518 -0.19084047 20.00505 -0.83177733 -0.24062157 0.5002479 -7.197387 0.40748024 0.34731525 0.8445898 -0.2071 0 0 0 1 -0.37718606 0.9061445 -0.19139716 20.00505 -0.833341 -0.24190044 0.49701807 -7.197387 0.40407112 0.34696737 0.8463688 -0.2071 0 0 0 1 -0.37740088 0.90592945 -0.19199072 20.00505 -0.8349589 -0.24321795 0.49364817 -7.197387 0.40051478 0.34660763 0.8482046 -0.2071 0 0 0 1 -0.37760735 0.9057126 -0.19260675 20.00505 -0.83659434 -0.2445432 0.49021268 -7.197387 0.39689112 0.34624165 0.8500554 -0.2071 0 0 0 1 -0.37779725 0.90550035 -0.19323131 20.00505 -0.83821195 -0.24584389 0.48678687 -7.197387 0.39328095 0.34587553 0.8518804 -0.2071 0 0 0 1 -0.3779627 0.905299 -0.19385004 20.00505 -0.839778 -0.2470882 0.48344624 -7.197387 0.38976532 0.34551567 0.8536404 -0.2071 0 0 0 1 -0.37809515 0.9051153 -0.19444895 20.00505 -0.84126025 -0.24824345 0.48026693 -7.197387 0.38642627 0.34516877 0.8552972 -0.2071 0 0 0 1 -0.37818587 0.90495586 -0.1950137 20.00505 -0.8426275 -0.24927711 0.47732553 -7.197387 0.38334608 0.3448417 0.85681385 -0.2071 0 0 0 1 -0.3782264 0.9048276 -0.19553028 20.00505 -0.84385 -0.25015628 0.47469902 -7.197387 0.3806076 0.34454185 0.8581543 -0.2071 0 0 0 1 -0.37823546 0.9047273 -0.19597575 20.00505 -0.844889 -0.25087702 0.47246525 -7.197387 0.3782864 0.34428087 0.85928464 -0.2071 0 0 0 1 -0.37825608 0.904644 -0.19632033 20.00505 -0.8456987 -0.2514603 0.4707032 -7.197387 0.37645206 0.34407416 0.86017257 -0.2071 0 0 0 1 -0.37831283 0.90457237 -0.1965397 20.00505 -0.8462386 -0.2519083 0.4694912 -7.197387 0.3751788 0.34393415 0.8607846 -0.2071 0 0 0 1 -0.37839758 0.90451646 -0.19663459 20.00505 -0.8465383 -0.25223494 0.4687754 -7.197387 0.37441695 0.3438422 0.861153 -0.2071 0 0 0 1 -0.37847948 0.90448034 -0.19664311 20.00505 -0.84668005 -0.25245833 0.46839893 -7.197387 0.37401342 0.3437732 0.8613559 -0.2071 0 0 0 1 -0.37855172 0.90446 -0.19659731 20.00505 -0.84670323 -0.25258958 0.4682861 -7.197387 0.37388763 0.34373015 0.86142766 -0.2071 0 0 0 1 -0.3786075 0.9044517 -0.19652933 20.00505 -0.84664726 -0.25263953 0.46836102 -7.197387 0.37395883 0.3437159 0.86140245 -0.2071 0 0 0 1 -0.37863946 0.9044508 -0.19647115 20.00505 -0.84655 -0.2526188 0.46854752 -7.197387 0.37414587 0.34373325 0.8613143 -0.2071 0 0 0 1 -0.37864172 0.9044535 -0.19645484 20.00505 -0.8464509 -0.2525388 0.46876994 -7.197387 0.37436813 0.3437852 0.861197 -0.2071 0 0 0 1 -0.3786068 0.90445554 -0.19651252 20.00505 -0.84638834 -0.25240982 0.46895206 -7.197387 0.37454462 0.34387434 0.86108464 -0.2071 0 0 0 1 -0.3785218 0.90448487 -0.19654104 20.00505 -0.8463477 -0.25225627 0.4691081 -7.197387 0.3747225 0.34390968 0.86099315 -0.2071 0 0 0 1 -0.37843347 0.9045319 -0.19649449 20.00505 -0.8462383 -0.25207496 0.46940273 -7.197387 0.37505844 0.34391886 0.8608432 -0.2071 0 0 0 1 -0.37828708 0.90459716 -0.19647628 20.00505 -0.8460548 -0.2517419 0.46991208 -7.197387 0.37561977 0.34399137 0.8605694 -0.2071 0 0 0 1 -0.37798023 0.9047209 -0.19649763 20.00505 -0.8458514 -0.2511797 0.47057882 -7.197387 0.37638628 0.3440772 0.86020017 -0.2071 0 0 0 1 -0.37752438 0.904903 -0.19653454 20.00505 -0.8456444 -0.2504301 0.47134924 -7.197387 0.37730715 0.34414423 0.85976976 -0.2071 0 0 0 1 -0.3769318 0.9051438 -0.19656341 20.00505 -0.84545094 -0.24953604 0.47217014 -7.197387 0.3783322 0.34416065 0.85931265 -0.2071 0 0 0 1 -0.37621355 0.9054433 -0.19656026 20.00505 -0.84528744 -0.24853909 0.47298795 -7.197387 0.37941086 0.3440944 0.8588635 -0.2071 0 0 0 1 -0.37538624 0.9057769 -0.19660461 20.00505 -0.845213 -0.2474711 0.47368035 -7.197387 0.38039476 0.3439859 0.85847163 -0.2071 0 0 0 1 -0.37446618 0.9061201 -0.19677743 20.00505 -0.84528786 -0.2463634 0.47412395 -7.197387 0.38113448 0.34387696 0.8581871 -0.2071 0 0 0 1 -0.37346506 0.90647244 -0.19705632 20.00505 -0.84553075 -0.24525797 0.47426367 -7.197387 0.38157734 0.3437382 0.85804594 -0.2071 0 0 0 1 -0.37346506 0.90647244 -0.19705632 20.00505 -0.84553075 -0.24525797 0.47426367 -7.197387 0.38157734 0.3437382 0.85804594 -0.2071 0 0 0 1</float_array>
        <technique_common>
          <accessor source="#Motion_55_LShoulder_transform_pose_array_id" count="86" stride="16">
            <param name="TRANSFORM" type="float4x4" />
          </accessor>
        </technique_common>
      </source>
      <sampler id="Motion_55_LShoulder_transform_samp_id">
        <input semantic="INPUT" source="#Motion_55_LShoulder_transform_frame_id" />
        <input semantic="INTERPOLATION" source="#Motion_55_LShoulder_transform_interp_id" />
        <input semantic="OUTPUT" source="#Motion_55_LShoulder_transform_pose_id" />
      </sampler>
      <channel source="#Motion_55_LShoulder_transform_samp_id" target="LShoulder_bone_id/transform" />
    </animation>
    <animation id="Motion_55_LArm_transform_id" name="Motion_55_LArm_transform">
      <source id="Motion_55_LArm_transform_frame_id" name="Motion_55_LArm_transform_frame">
        <float_array id="Motion_55_LArm_transform_frame_array_id" count="86">0 0.033333335 0.06666667 0.1 0.13333334 0.16666667 0.2 0.23333333 0.26666668 0.3 0.33333334 0.36666667 0.4 0.43333334 0.46666667 0.5 0.53333336 0.56666666 0.6 0.6333333 0.6666667 0.7 0.73333335 0.76666665 0.8 0.8333333 0.8666667 0.9 0.93333334 0.96666664 1 1.0333333 1.0666667 1.1 1.1333333 1.1666666 1.2 1.2333333 1.2666667 1.3 1.3333334 1.3666667 1.4 1.4333333 1.4666667 1.5 1.5333333 1.5666667 1.6 1.6333333 1.6666666 1.7 1.7333333 1.7666667 1.8 1.8333334 1.8666667 1.9 1.9333333 1.9666667 2 2.0333333 2.0666666 2.1 2.1333334 2.1666667 2.2 2.2333333 2.2666667 2.3 2.3333333 2.3666666 2.4 2.4333334 2.4666667 2.5 2.5333333 2.5666666 2.6 2.6333334 2.6666667 2.7 2.7333333 2.7666667 2.8 2.8333333</float_array>
        <technique_common>
          <accessor source="#Motion_55_LArm_transform_frame_array_id" count="86" stride="1">
            <param name="TIME" type="float" />
          </accessor>
        </technique_common>
      </source>
      <source id="Motion_55_LArm_transform_interp_id" name="Motion_55_LArm_transform_interp">
        <Name_array id="Motion_55_LArm_transform_interp_array_id" count="86">LINEAR LINEAR LINEAR LINEAR LINEAR LINEAR LINEAR LINEAR LINEAR LINEAR LINEAR LINEAR LINEAR LINEAR LINEAR LINEAR LINEAR LINEAR LINEAR LINEAR LINEAR LINEAR LINEAR LINEAR LINEAR LINEAR LINEAR LINEAR LINEAR LINEAR LINEAR LINEAR LINEAR LINEAR LINEAR LINEAR LINEAR LINEAR LINEAR LINEAR LINEAR LINEAR LINEAR LINEAR LINEAR LINEAR LINEAR LINEAR LINEAR LINEAR LINEAR LINEAR LINEAR LINEAR LINEAR LINEAR LINEAR LINEAR LINEAR LINEAR LINEAR LINEAR LINEAR LINEAR LINEAR LINEAR LINEAR LINEAR LINEAR LINEAR LINEAR LINEAR LINEAR LINEAR LINEAR LINEAR LINEAR LINEAR LINEAR LINEAR LINEAR LINEAR LINEAR LINEAR LINEAR LINEAR</Name_array>
        <technique_common>
          <accessor source="#Motion_55_LArm_transform_interp_array_id" count="86" stride="1">
            <param name="INTERPOLATION" type="Name" />
          </accessor>
        </technique_common>
      </source>
      <source id="Motion_55_LArm_transform_pose_id" name="Motion_55_LArm_transform_pose">
        <float_array id="Motion_55_LArm_transform_pose_array_id" count="1376">0.68780565 0.5450166 -0.4794583 17.0399 -0.63475806 0.77200484 -0.033026382 0 0.3521442 0.32705575 0.876943 0 0 0 0 1 0.68235385 0.5474263 -0.48447677 17.0399 -0.6377335 0.76973104 -0.028461456 0 0.35733625 0.32838786 0.874341 0 0 0 0 1 0.67669845 0.5497936 -0.4897002 17.0399 -0.64079785 0.7673345 -0.023996979 0 0.36257046 0.33003753 0.8715606 0 0 0 0 1 0.6712438 0.5518903 -0.49482214 17.0399 -0.64359313 0.7651142 -0.01970163 0 0.36772233 0.33168873 0.8687709 0 0 0 0 1 0.66640496 0.5534977 -0.49954456 17.0399 -0.6457689 0.76337254 -0.015651688 0 0.37267542 0.3330207 0.8661468 0 0 0 0 1 0.6627223 0.55445576 -0.50336665 17.0399 -0.6469848 0.76240814 -0.012018427 0 0.37710714 0.33363545 0.86398935 0 0 0 0 1 0.66095304 0.55473167 -0.5053848 17.0399 -0.6471719 0.7622827 -0.009671658 0 0.37988093 0.3334634 0.8628398 0 0 0 0 1 0.6625613 0.55313325 -0.5050308 17.0399 -0.6454054 0.7637721 -0.0102030635 0 0.38008478 0.3327098 0.863041 0 0 0 0 1 0.66676074 0.5475185 -0.50562197 17.0399 -0.6405382 0.7678122 -0.013239801 0 0.38097367 0.332698 0.8626535 0 0 0 0 1 0.6693196 0.539224 -0.51112485 17.0399 -0.6348361 0.7724732 -0.016379729 0 0.38599792 0.3354438 0.8593504 0 0 0 0 1 0.6694928 0.5311756 -0.5192609 17.0399 -0.6304251 0.7760176 -0.01899515 0 0.3928658 0.3400722 0.8544047 0 0 0 0 1 0.66959417 0.5232735 -0.5270944 17.0399 -0.62625927 0.77930695 -0.021910444 0 0.3993032 0.34476888 0.8495242 0 0 0 0 1 0.6689117 0.517807 -0.5333226 17.0399 -0.62396777 0.7810737 -0.02425158 0 0.4040066 0.34899828 0.84556425 0 0 0 0 1 0.6677643 0.5163458 -0.5361696 17.0399 -0.62431294 0.78075296 -0.025654897 0 0.40536922 0.35186905 0.8437203 0 0 0 0 1 0.667887 0.51788116 -0.53453356 17.0399 -0.62566566 0.7796445 -0.026398256 0 0.40307498 0.35207033 0.8447349 0 0 0 0 1 0.66759956 0.51986927 -0.5329604 17.0399 -0.6267006 0.77884924 -0.02530244 0 0.40194184 0.35089847 0.8457618 0 0 0 0 1 0.6676756 0.5211858 -0.5315774 17.0399 -0.6270334 0.77861714 -0.02417463 0 0.40129584 0.34945762 0.84666467 0 0 0 0 1 0.6669906 0.52298677 -0.53066784 17.0399 -0.6280812 0.77781147 -0.022875205 0 0.40079612 0.34856004 0.8472711 0 0 0 0 1 0.66826195 0.52958685 -0.5224593 17.0399 -0.63119036 0.7753319 -0.021427348 0 0.39373177 0.34409034 0.85239494 0 0 0 0 1 0.6743983 0.5435878 -0.49969918 17.0399 -0.63677037 0.77076954 -0.020924538 0 0.37377858 0.3323051 0.86594623 0 0 0 0 1 0.682294 0.56093395 -0.46885815 17.0399 -0.6435435 0.76511794 -0.02112633 0 0.3468813 0.31614497 0.8830208 0 0 0 0 1 0.68838644 0.57730174 -0.43914336 17.0399 -0.6502423 0.7594384 -0.020933688 0 0.32141727 0.29996008 0.8981731 0 0 0 0 1 0.6903184 0.58888435 -0.42032814 17.0399 -0.6555518 0.7549113 -0.018994793 0 0.30612475 0.28865933 0.90717334 0 0 0 0 1 0.6871244 0.5933235 -0.41931763 17.0399 -0.6583312 0.75260043 -0.013879374 0 0.3073437 0.2855867 0.9077335 0 0 0 0 1 0.68551636 0.5932748 -0.42200994 17.0399 -0.6579016 0.75303674 -0.010058135 0 0.31182176 0.28453603 0.9065354 0 0 0 0 1 0.686457 0.5893857 -0.42591232 17.0399 -0.6538827 0.75656414 -0.006936401 0 0.31814176 0.28325823 0.90473783 0 0 0 0 1 0.68667114 0.5841315 -0.43275064 17.0399 -0.6487336 0.76101255 -0.00216116 0 0.32806623 0.28222388 0.9015111 0 0 0 0 1 0.6838525 0.5790631 -0.4438825 17.0399 -0.64426094 0.7647885 0.0051395744 0 0.34245238 0.28246146 0.89607024 0 0 0 0 1 0.6808103 0.5741805 -0.45476833 17.0399 -0.6396135 0.7685889 0.012870893 0 0.3569201 0.2821133 0.89051676 0 0 0 0 1 0.6778639 0.56966746 -0.46473598 17.0399 -0.6348231 0.772377 0.020816922 0 0.3708101 0.28091413 0.88520455 0 0 0 0 1 0.6752324 0.5663676 -0.4725346 17.0399 -0.6305021 0.77565604 0.02871953 0 0.38279015 0.27854168 0.88084406 0 0 0 0 1 0.67346406 0.5647782 -0.47693998 17.0399 -0.62695765 0.77821016 0.03623672 0 0.39162523 0.27461702 0.87818855 0 0 0 0 1 0.6728372 0.56518745 -0.47733974 17.0399 -0.6245589 0.77979547 0.04295502 0 0.396505 0.26922506 0.8776683 0 0 0 0 1 0.6730064 0.5666588 -0.47535264 17.0399 -0.6229767 0.7807246 0.048673682 0 0.39870083 0.26337594 0.8784479 0 0 0 0 1 0.67359567 0.56783324 -0.4731113 17.0399 -0.62143904 0.7816434 0.05335831 0 0.40010294 0.2580679 0.87938535 0 0 0 0 1 0.67432535 0.5680537 -0.47180542 17.0399 -0.6197032 0.782781 0.056760915 0 0.40156356 0.25410402 0.87987375 0 0 0 0 1 0.6753219 0.56750005 -0.4710458 17.0399 -0.61792105 0.7840458 0.05870007 0 0.4026338 0.25142765 0.8801535 0 0 0 0 1 0.67623043 0.56694996 -0.47040427 17.0399 -0.6165161 0.7850596 0.059911355 0 0.40326214 0.24949794 0.8804149 0 0 0 0 1 0.67687976 0.5669409 -0.4694803 17.0399 -0.6157445 0.78558797 0.060912073 0 0.40335163 0.24784976 0.88083935 0 0 0 0 1 0.6787813 0.5683731 -0.46498173 17.0399 -0.6162454 0.7852459 0.06025345 0 0.39937145 0.24564394 0.8832675 0 0 0 0 1 0.68138766 0.5708006 -0.4581457 17.0399 -0.6179864 0.7840651 0.057747 0 0.3921781 0.24377972 0.8869993 0 0 0 0 1 0.68414927 0.5736351 -0.45042485 17.0399 -0.62051356 0.7823445 0.053852268 0 0.38327897 0.24265173 0.89118874 0 0 0 0 1 0.6867125 0.5767567 -0.44246763 17.0399 -0.62373984 0.7801058 0.048820212 0 0.37332898 0.24245928 0.89545465 0 0 0 0 1 0.6889932 0.58014125 -0.43442434 17.0399 -0.6276073 0.777357 0.04272256 0 0.3624879 0.24321231 0.89969456 0 0 0 0 1 0.69065046 0.5837193 -0.42693526 17.0399 -0.6319882 0.77413845 0.03606312 0 0.35155773 0.24491103 0.9035628 0 0 0 0 1 0.6917815 0.58693826 -0.4206445 17.0399 -0.6362605 0.7709174 0.029306658 0 0.34148338 0.24736568 0.9067521 0 0 0 0 1 0.69257236 0.5891741 -0.41619393 17.0399 -0.639764 0.76822966 0.022917531 0 0.33323494 0.25039387 0.908987 0 0 0 0 1 0.6928445 0.590261 -0.41419607 17.0399 -0.6423228 0.7662344 0.017500058 0 0.3277009 0.25392276 0.9100194 0 0 0 0 1 0.6926731 0.5899771 -0.41488683 17.0399 -0.64390236 0.7650003 0.01281976 0 0.3249519 0.2582667 0.9097827 0 0 0 0 1 0.6921783 0.5886701 -0.41756052 17.0399 -0.6448968 0.76422393 0.008363187 0 0.3240329 0.2634946 0.90861064 0 0 0 0 1 0.6912092 0.58705866 -0.42141667 17.0399 -0.64580965 0.7634862 0.0043225437 0 0.3242834 0.26916718 0.90685683 0 0 0 0 1 0.6898539 0.58558106 -0.42567182 17.0399 -0.6468487 0.762618 0.0008071959 0 0.32509768 0.27478838 0.90487725 0 0 0 0 1 0.6886103 0.58408433 -0.4297223 17.0399 -0.6478222 0.7617869 -0.0026744455 0 0.3257947 0.28022534 0.90295714 0 0 0 0 1 0.68811136 0.5822293 -0.43302628 17.0399 -0.6484142 0.7612572 -0.006823957 0 0.32567123 0.28547603 0.90135545 0 0 0 0 1 0.68830746 0.580036 -0.4356502 17.0399 -0.6486196 0.7610253 -0.011540532 0 0.3248469 0.29051468 0.90004206 0 0 0 0 1 0.68893135 0.57742584 -0.43812448 17.0399 -0.6484258 0.7610983 -0.016531914 0 0.32390988 0.29548058 0.8987623 0 0 0 0 1 0.6899517 0.5744226 -0.4404604 17.0399 -0.6478323 0.7614734 -0.021716967 0 0.32292417 0.30032808 0.89750934 0 0 0 0 1 0.6913368 0.57104945 -0.44266915 17.0399 -0.6468382 0.7621487 -0.027014524 0 0.32195306 0.30501142 0.896278 0 0 0 0 1 0.6933095 0.5670142 -0.44476604 17.0399 -0.6451322 0.7633821 -0.03243901 0 0.32113302 0.30942315 0.89505917 0 0 0 0 1 0.69596905 0.5622292 -0.44668257 17.0399 -0.642497 0.76535904 -0.03772427 0 0.32066286 0.31324714 0.8938968 0 0 0 0 1 0.6991006 0.556971 -0.4483766 17.0399 -0.639111 0.7679359 -0.042564407 0 0.32061732 0.31631917 0.8928307 0 0 0 0 1 0.7024956 0.55144095 -0.44990307 17.0399 -0.63520503 0.77091646 -0.046929717 0 0.32095873 0.31874862 0.8918435 0 0 0 0 1 0.70581067 0.54577726 -0.45161772 17.0399 -0.6310156 0.77411354 -0.050671056 0 0.3219483 0.320742 0.8907715 0 0 0 0 1 0.70876795 0.5401505 -0.45374593 17.0399 -0.6267841 0.77734077 -0.05369398 0 0.32371238 0.32245728 0.889512 0 0 0 0 1 0.711265 0.53481656 -0.4561505 17.0399 -0.62275225 0.78040904 -0.056047767 0 0.3260087 0.32393357 0.8881359 0 0 0 0 1 0.7132062 0.53003484 -0.4586938 17.0399 -0.6191631 0.78313386 -0.057778582 0 0.32859397 0.32521433 0.886714 0 0 0 0 1 0.71450144 0.526068 -0.46123767 17.0399 -0.6162611 0.78533405 -0.05892913 0 0.33122492 0.32634777 0.88531756 0 0 0 0 1 0.7152745 0.5230576 -0.46345782 17.0399 -0.6141275 0.78694856 -0.05966088 0 0.3335114 0.32729608 0.88410825 0 0 0 0 1 0.715716 0.5208819 -0.46522328 17.0399 -0.6126292 0.7880802 -0.060125545 0 0.33531496 0.32804215 0.883149 0 0 0 0 1 0.71583664 0.5194071 -0.46668416 17.0399 -0.6116889 0.788793 -0.060350552 0 0.3367707 0.3286667 0.8823626 0 0 0 0 1 0.71564233 0.5185216 -0.46796522 17.0399 -0.61121374 0.78916645 -0.060283452 0 0.3380442 0.32916814 0.8816884 0 0 0 0 1 0.7151364 0.5181167 -0.46918544 17.0399 -0.61110604 0.7892823 -0.05985646 0 0.33930716 0.32952762 0.88106877 0 0 0 0 1 0.71432143 0.51806253 -0.4704849 17.0399 -0.6112818 0.7892051 -0.05907549 0 0.34070426 0.32979774 0.8804283 0 0 0 0 1 0.71332127 0.51828545 -0.47175515 17.0399 -0.61165386 0.7889934 -0.058042675 0 0.34212905 0.32995394 0.87981707 0 0 0 0 1 0.7123027 0.518731 -0.47280338 17.0399 -0.6121342 0.7887045 -0.056893244 0 0.3433899 0.3299443 0.8793294 0 0 0 0 1 0.7113311 0.51929814 -0.47364274 17.0399 -0.61263806 0.78839964 -0.055683464 0 0.34450343 0.32978094 0.878955 0 0 0 0 1 0.71026397 0.5201688 -0.4742883 17.0399 -0.6133604 0.7879288 -0.054379985 0 0.34541866 0.32953382 0.87868845 0 0 0 0 1 0.7089291 0.5215628 -0.47475442 17.0399 -0.61453366 0.7871125 -0.05293733 0 0.34607497 0.3292814 0.87852484 0 0 0 0 1 0.7073472 0.52343464 -0.47505376 17.0399 -0.6161288 0.78596693 -0.05139339 0 0.34647545 0.32904726 0.8784547 0 0 0 0 1 0.70553845 0.52573913 -0.47519875 17.0399 -0.6181167 0.7845081 -0.049786508 0 0.3466226 0.3288546 0.8784688 0 0 0 0 1 0.7035223 0.5284306 -0.47520256 17.0399 -0.6204684 0.7827517 -0.04815507 0 0.346519 0.3287263 0.8785577 0 0 0 0 1 0.7012018 0.531459 -0.47525507 17.0399 -0.623122 0.78075415 -0.046281323 0 0.34646076 0.32859445 0.87863 0 0 0 0 1 0.6984414 0.53476995 -0.47560564 17.0399 -0.6260074 0.77858186 -0.043875113 0 0.3468348 0.32837683 0.87856376 0 0 0 0 1 0.6952659 0.5382291 -0.47635573 17.0399 -0.6289998 0.77632916 -0.04089202 0 0.3477996 0.32805854 0.87830126 0 0 0 0 1 0.69172263 0.54167557 -0.47760597 17.0399 -0.6319463 0.77411425 -0.03729604 0 0.34951922 0.32761985 0.87778217 0 0 0 0 1 0.69172263 0.54167557 -0.47760597 17.0399 -0.6319463 0.77411425 -0.03729604 0 0.34951922 0.32761985 0.87778217 0 0 0 0 1</float_array>
        <technique_common>
          <accessor source="#Motion_55_LArm_transform_pose_array_id" count="86" stride="16">
            <param name="TRANSFORM" type="float4x4" />
          </accessor>
        </technique_common>
      </source>
      <sampler id="Motion_55_LArm_transform_samp_id">
        <input semantic="INPUT" source="#Motion_55_LArm_transform_frame_id" />
        <input semantic="INTERPOLATION" source="#Motion_55_LArm_transform_interp_id" />
        <input semantic="OUTPUT" source="#Motion_55_LArm_transform_pose_id" />
      </sampler>
      <channel source="#Motion_55_LArm_transform_samp_id" target="LArm_bone_id/transform" />
    </animation>
    <animation id="Motion_55_LForeArm_transform_id" name="Motion_55_LForeArm_transform">
      <source id="Motion_55_LForeArm_transform_frame_id" name="Motion_55_LForeArm_transform_frame">
        <float_array id="Motion_55_LForeArm_transform_frame_array_id" count="86">0 0.033333335 0.06666667 0.1 0.13333334 0.16666667 0.2 0.23333333 0.26666668 0.3 0.33333334 0.36666667 0.4 0.43333334 0.46666667 0.5 0.53333336 0.56666666 0.6 0.6333333 0.6666667 0.7 0.73333335 0.76666665 0.8 0.8333333 0.8666667 0.9 0.93333334 0.96666664 1 1.0333333 1.0666667 1.1 1.1333333 1.1666666 1.2 1.2333333 1.2666667 1.3 1.3333334 1.3666667 1.4 1.4333333 1.4666667 1.5 1.5333333 1.5666667 1.6 1.6333333 1.6666666 1.7 1.7333333 1.7666667 1.8 1.8333334 1.8666667 1.9 1.9333333 1.9666667 2 2.0333333 2.0666666 2.1 2.1333334 2.1666667 2.2 2.2333333 2.2666667 2.3 2.3333333 2.3666666 2.4 2.4333334 2.4666667 2.5 2.5333333 2.5666666 2.6 2.6333334 2.6666667 2.7 2.7333333 2.7666667 2.8 2.8333333</float_array>
        <technique_common>
          <accessor source="#Motion_55_LForeArm_transform_frame_array_id" count="86" stride="1">
            <param name="TIME" type="float" />
          </accessor>
        </technique_common>
      </source>
      <source id="Motion_55_LForeArm_transform_interp_id" name="Motion_55_LForeArm_transform_interp">
        <Name_array id="Motion_55_LForeArm_transform_interp_array_id" count="86">LINEAR LINEAR LINEAR LINEAR LINEAR LINEAR LINEAR LINEAR LINEAR LINEAR LINEAR LINEAR LINEAR LINEAR LINEAR LINEAR LINEAR LINEAR LINEAR LINEAR LINEAR LINEAR LINEAR LINEAR LINEAR LINEAR LINEAR LINEAR LINEAR LINEAR LINEAR LINEAR LINEAR LINEAR LINEAR LINEAR LINEAR LINEAR LINEAR LINEAR LINEAR LINEAR LINEAR LINEAR LINEAR LINEAR LINEAR LINEAR LINEAR LINEAR LINEAR LINEAR LINEAR LINEAR LINEAR LINEAR LINEAR LINEAR LINEAR LINEAR LINEAR LINEAR LINEAR LINEAR LINEAR LINEAR LINEAR LINEAR LINEAR LINEAR LINEAR LINEAR LINEAR LINEAR LINEAR LINEAR LINEAR LINEAR LINEAR LINEAR LINEAR LINEAR LINEAR LINEAR LINEAR LINEAR</Name_array>
        <technique_common>
          <accessor source="#Motion_55_LForeArm_transform_interp_array_id" count="86" stride="1">
            <param name="INTERPOLATION" type="Name" />
          </accessor>
        </technique_common>
      </source>
      <source id="Motion_55_LForeArm_transform_pose_id" name="Motion_55_LForeArm_transform_pose">
        <float_array id="Motion_55_LForeArm_transform_pose_array_id" count="1376">0.8846066 2.6569198E-05 -0.46633804 25.1 -1.48884155E-05 1 2.8731965E-05 0 0.46633804 -1.847345E-05 0.8846066 0 0 0 0 1 0.89083594 2.6457923E-05 -0.4543251 25.1 -1.50906435E-05 1 2.8646082E-05 0 0.4543251 -1.86629E-05 0.89083594 0 0 0 0 1 0.8982939 2.6318281E-05 -0.43939507 25.1 -1.5339076E-05 1 2.8537605E-05 0 0.43939507 -1.8895244E-05 0.8982939 0 0 0 0 1 0.90601045 2.6165664E-05 -0.42325532 25.1 -1.5604131E-05 1 2.8418213E-05 0 0.42325532 -1.9142666E-05 0.90601045 0 0 0 0 1 0.9127054 2.6025775E-05 -0.40861818 25.1 -1.5841468E-05 1 2.8308044E-05 0 0.40861818 -1.9363793E-05 0.9127054 0 0 0 0 1 0.9172672 2.5926063E-05 -0.39827234 25.1 -1.6007536E-05 1 2.8229111E-05 0 0.39827234 -1.951828E-05 0.9172672 0 0 0 0 1 0.91866493 2.589474E-05 -0.39503762 25.1 -1.6059174E-05 1 2.8204251E-05 0 0.39503762 -1.9566278E-05 0.91866493 0 0 0 0 1 0.91598237 2.5954527E-05 -0.4012186 25.1 -1.5960384E-05 1 2.825168E-05 0 0.4012186 -1.9474437E-05 0.91598237 0 0 0 0 1 0.90632355 2.6159281E-05 -0.4225845 25.1 -1.5615069E-05 1 2.8413198E-05 0 0.4225845 -1.9152865E-05 0.90632355 0 0 0 0 1 0.897046 2.634216E-05 -0.44193712 25.1 -1.5296999E-05 1 2.855621E-05 0 0.44193712 -1.8855924E-05 0.897046 0 0 0 0 1 0.89087164 2.6457274E-05 -0.45425513 25.1 -1.5091817E-05 1 2.8645576E-05 0 0.45425513 -1.8663995E-05 0.89087164 0 0 0 0 1 0.8843584 2.6573536E-05 -0.4668085 25.1 -1.488045E-05 1 2.8735303E-05 0 0.4668085 -1.8465988E-05 0.8843584 0 0 0 0 1 0.88203293 2.6613847E-05 -0.47118774 25.1 -1.4806168E-05 1 2.876628E-05 0 0.47118774 -1.8396324E-05 0.88203293 0 0 0 0 1 0.8817707 2.6618354E-05 -0.4716784 25.1 -1.4797826E-05 1 2.876974E-05 0 0.4716784 -1.8388499E-05 0.8817707 0 0 0 0 1 0.88101256 2.6631342E-05 -0.47309288 25.1 -1.4773761E-05 1 2.8779705E-05 0 0.47309288 -1.8365921E-05 0.88101256 0 0 0 0 1 0.88222533 2.6610538E-05 -0.47082746 25.1 -1.4812293E-05 1 2.876374E-05 0 0.47082746 -1.8402066E-05 0.88222533 0 0 0 0 1 0.88520217 2.655876E-05 -0.4652066 25.1 -1.4907555E-05 1 2.872393E-05 0 0.4652066 -1.8491392E-05 0.88520217 0 0 0 0 1 0.8900095 2.6472959E-05 -0.45594198 25.1 -1.50635515E-05 1 2.8657716E-05 0 0.45594198 -1.8637533E-05 0.8900095 0 0 0 0 1 0.8963337 2.63557E-05 -0.44338018 25.1 -1.5273074E-05 1 2.8566747E-05 0 0.44338018 -1.883356E-05 0.8963337 0 0 0 0 1 0.8990538 2.6303635E-05 -0.43783814 25.1 -1.53648E-05 1 2.8526185E-05 0 0.43783814 -1.891928E-05 0.8990538 0 0 0 0 1 0.8993224 2.6298438E-05 -0.43728623 25.1 -1.5373911E-05 1 2.852213E-05 0 0.43728623 -1.892779E-05 0.8993224 0 0 0 0 1 0.8979223 2.6325415E-05 -0.44015405 25.1 -1.5326521E-05 1 2.8543167E-05 0 0.44015405 -1.8883515E-05 0.8979223 0 0 0 0 1 0.8975583 2.6332384E-05 -0.4408959 25.1 -1.5314245E-05 1 2.8548597E-05 0 0.4408959 -1.8872042E-05 0.8975583 0 0 0 0 1 0.90070957 2.6271437E-05 -0.43442178 25.1 -1.5421132E-05 1 2.850105E-05 0 0.43442178 -1.8971892E-05 0.90070957 0 0 0 0 1 0.8980288 2.6323374E-05 -0.4399367 25.1 -1.5330119E-05 1 2.8541575E-05 0 0.4399367 -1.8886874E-05 0.8980288 0 0 0 0 1 0.8901712 2.6470023E-05 -0.4556263 25.1 -1.5068841E-05 1 2.8655442E-05 0 0.4556263 -1.8642488E-05 0.8901712 0 0 0 0 1 0.883709 2.6584854E-05 -0.46803674 25.1 -1.4859645E-05 1 2.8744007E-05 0 0.46803674 -1.8446479E-05 0.883709 0 0 0 0 1 0.881508 2.6622862E-05 -0.47216916 25.1 -1.4789481E-05 1 2.87732E-05 0 0.47216916 -1.838067E-05 0.881508 0 0 0 0 1 0.87829816 2.6677326E-05 -0.4781133 25.1 -1.46880975E-05 1 2.8814922E-05 0 0.4781133 -1.828552E-05 0.87829816 0 0 0 0 1 0.8749794 2.6732487E-05 -0.48416024 25.1 -1.4584402E-05 1 2.8857048E-05 0 0.48416024 -1.8188133E-05 0.8749794 0 0 0 0 1 0.87162113 2.6787151E-05 -0.49018016 25.1 -1.4480606E-05 1 2.889866E-05 0 0.49018016 -1.8090577E-05 0.87162113 0 0 0 0 1 0.8682275 2.6841262E-05 -0.49616635 25.1 -1.4376819E-05 1 2.8939714E-05 0 0.49616635 -1.799296E-05 0.8682275 0 0 0 0 1 0.86533785 2.6886468E-05 -0.50118893 25.1 -1.4289293E-05 1 2.8973906E-05 0 0.50118893 -1.7910583E-05 0.86533785 0 0 0 0 1 0.86281335 2.6925334E-05 -0.50552267 25.1 -1.4213443E-05 1 2.9003224E-05 0 0.50552267 -1.7839151E-05 0.86281335 0 0 0 0 1 0.8605001 2.6960442E-05 -0.5094502 25.1 -1.414443E-05 1 2.9029643E-05 0 0.5094502 -1.777413E-05 0.8605001 0 0 0 0 1 0.85840005 2.699191E-05 -0.5129808 25.1 -1.4082174E-05 1 2.9053268E-05 0 0.5129808 -1.7715442E-05 0.85840005 0 0 0 0 1 0.85690373 2.7014099E-05 -0.51547647 25.1 -1.403804E-05 1 2.9069903E-05 0 0.51547647 -1.7673829E-05 0.85690373 0 0 0 0 1 0.85643905 2.7020955E-05 -0.51624817 25.1 -1.4024374E-05 1 2.9075034E-05 0 0.51624817 -1.7660937E-05 0.85643905 0 0 0 0 1 0.8568524 2.701486E-05 -0.51556176 25.1 -1.4036534E-05 1 2.907047E-05 0 0.51556176 -1.7672402E-05 0.8568524 0 0 0 0 1 0.85728955 2.7008397E-05 -0.5148345 25.1 -1.4049403E-05 1 2.9065628E-05 0 0.5148345 -1.7684542E-05 0.85728955 0 0 0 0 1 0.8578998 2.6999347E-05 -0.513817 25.1 -1.4067397E-05 1 2.9058849E-05 0 0.513817 -1.7701512E-05 0.8578998 0 0 0 0 1 0.8595439 2.6974816E-05 -0.51106185 25.1 -1.4116037E-05 1 2.9040442E-05 0 0.51106185 -1.7747367E-05 0.8595439 0 0 0 0 1 0.86265016 2.6927824E-05 -0.5058011 25.1 -1.42085555E-05 1 2.90051E-05 0 0.5058011 -1.7834547E-05 0.86265016 0 0 0 0 1 0.8671711 2.6857877E-05 -0.4980103 25.1 -1.4344732E-05 1 2.895229E-05 0 0.4980103 -1.7962764E-05 0.8671711 0 0 0 0 1 0.8723905 2.6774727E-05 -0.48880956 25.1 -1.45042895E-05 1 2.8889215E-05 0 0.48880956 -1.8112842E-05 0.8723905 0 0 0 0 1 0.877734 2.6686786E-05 -0.47914824 25.1 -1.467039E-05 1 2.8822156E-05 0 0.47914824 -1.8268893E-05 0.877734 0 0 0 0 1 0.8826668 2.660292E-05 -0.46999925 25.1 -1.4826357E-05 1 2.875789E-05 0 0.46999925 -1.8415258E-05 0.8826668 0 0 0 0 1 0.88707477 2.6525666E-05 -0.4616258 25.1 -1.4967996E-05 1 2.8698425E-05 0 0.4616258 -1.8548035E-05 0.88707477 0 0 0 0 1 0.8915476 2.6444908E-05 -0.45292693 25.1 -1.5114045E-05 1 2.8636003E-05 0 0.45292693 -1.8684803E-05 0.8915476 0 0 0 0 1 0.8938472 2.6402417E-05 -0.44837162 25.1 -1.51900895E-05 1 2.8603055E-05 0 0.44837162 -1.8755956E-05 0.8938472 0 0 0 0 1 0.89532924 2.6374672E-05 -0.44540495 25.1 -1.5239455E-05 1 2.85815E-05 0 0.44540495 -1.8802126E-05 0.89532924 0 0 0 0 1 0.89734054 2.6336544E-05 -0.4413388 25.1 -1.5306909E-05 1 2.8551836E-05 0 0.4413388 -1.8865187E-05 0.89734054 0 0 0 0 1 0.89852786 2.631378E-05 -0.4389165 25.1 -1.5346985E-05 1 2.8534096E-05 0 0.4389165 -1.8902634E-05 0.89852786 0 0 0 0 1 0.8977943 2.6327867E-05 -0.44041505 25.1 -1.5322203E-05 1 2.8545077E-05 0 0.44041505 -1.887948E-05 0.8977943 0 0 0 0 1 0.89581215 2.6365566E-05 -0.4444329 25.1 -1.52556E-05 1 2.857442E-05 0 0.4444329 -1.8817223E-05 0.89581215 0 0 0 0 1 0.89332587 2.6412112E-05 -0.44940954 25.1 -1.5172791E-05 1 2.8610579E-05 0 0.44940954 -1.8739775E-05 0.89332587 0 0 0 0 1 0.8906494 2.6461326E-05 -0.4546908 25.1 -1.5084522E-05 1 2.8648717E-05 0 0.4546908 -1.8657169E-05 0.8906494 0 0 0 0 1 0.8874636 2.6518741E-05 -0.46087775 25.1 -1.49806E-05 1 2.8693084E-05 0 0.46087775 -1.8559844E-05 0.8874636 0 0 0 0 1 0.88357174 2.6587242E-05 -0.46829587 25.1 -1.4855255E-05 1 2.8745844E-05 0 0.46829587 -1.844236E-05 0.88357174 0 0 0 0 1 0.8787611 2.6669539E-05 -0.4772619 25.1 -1.470265E-05 1 2.8808967E-05 0 0.4772619 -1.8299184E-05 0.8787611 0 0 0 0 1 0.8730638 2.6763806E-05 -0.48760602 25.1 -1.4525057E-05 1 2.8880906E-05 0 0.48760602 -1.8132367E-05 0.8730638 0 0 0 0 1 0.8670678 2.6859498E-05 -0.4981901 25.1 -1.4341602E-05 1 2.8953518E-05 0 0.4981901 -1.795982E-05 0.8670678 0 0 0 0 1 0.8614203 2.6946533E-05 -0.50789285 25.1 -1.4171825E-05 1 2.9019184E-05 0 0.50789285 -1.7799945E-05 0.8614203 0 0 0 0 1 0.85681653 2.701539E-05 -0.51562136 25.1 -1.4035479E-05 1 2.9070867E-05 0 0.51562136 -1.767141E-05 0.85681653 0 0 0 0 1 0.8536822 2.706124E-05 -0.5207943 25.1 -1.3943649E-05 1 2.9105147E-05 0 0.5207943 -1.7584774E-05 0.8536822 0 0 0 0 1 0.8517932 2.7088481E-05 -0.5238781 25.1 -1.3888686E-05 1 2.9125462E-05 0 0.5238781 -1.7532893E-05 0.8517932 0 0 0 0 1 0.8508808 2.7101538E-05 -0.5253588 25.1 -1.3862238E-05 1 2.9135186E-05 0 0.5253588 -1.7507922E-05 0.8508808 0 0 0 0 1 0.8506619 2.710466E-05 -0.5257132 25.1 -1.3855901E-05 1 2.913751E-05 0 0.5257132 -1.7501941E-05 0.8506619 0 0 0 0 1 0.8508465 2.7102025E-05 -0.52541435 25.1 -1.3861241E-05 1 2.913555E-05 0 0.52541435 -1.7506987E-05 0.8508465 0 0 0 0 1 0.8515159 2.7092457E-05 -0.5243288 25.1 -1.3880639E-05 1 2.9128427E-05 0 0.5243288 -1.7525297E-05 0.8515159 0 0 0 0 1 0.8528268 2.7073613E-05 -0.5221939 25.1 -1.3918725E-05 1 2.911438E-05 0 0.5221939 -1.7561251E-05 0.8528268 0 0 0 0 1 0.8545998 2.7047898E-05 -0.51928717 25.1 -1.3970448E-05 1 2.9095185E-05 0 0.51928717 -1.7610064E-05 0.8545998 0 0 0 0 1 0.8566566 2.7017748E-05 -0.515887 25.1 -1.4030771E-05 1 2.9072635E-05 0 0.515887 -1.7666971E-05 0.8566566 0 0 0 0 1 0.8588223 2.6985614E-05 -0.5122736 25.1 -1.4094661E-05 1 2.9048548E-05 0 0.5122736 -1.7727216E-05 0.8588223 0 0 0 0 1 0.86092615 2.6954012E-05 -0.50872993 25.1 -1.4157105E-05 1 2.9024808E-05 0 0.50872993 -1.7786073E-05 0.86092615 0 0 0 0 1 0.8628022 2.6925503E-05 -0.5055417 25.1 -1.4213109E-05 1 2.900335E-05 0 0.5055417 -1.7838836E-05 0.8628022 0 0 0 0 1 0.8645433 2.6898764E-05 -0.5025583 25.1 -1.4265363E-05 1 2.898319E-05 0 0.5025583 -1.788805E-05 0.8645433 0 0 0 0 1 0.8663554 2.6870635E-05 -0.499428 25.1 -1.4320026E-05 1 2.896194E-05 0 0.499428 -1.7939512E-05 0.8663554 0 0 0 0 1 0.8682443 2.6840997E-05 -0.49613696 25.1 -1.4377329E-05 1 2.8939512E-05 0 0.49613696 -1.7993441E-05 0.8682443 0 0 0 0 1 0.8702158 2.6809696E-05 -0.4926708 25.1 -1.44374935E-05 1 2.891578E-05 0 0.4926708 -1.8050036E-05 0.8702158 0 0 0 0 1 0.8722754 2.6776586E-05 -0.48901492 25.1 -1.4500739E-05 1 2.889063E-05 0 0.48901492 -1.810951E-05 0.8722754 0 0 0 0 1 0.8744282 2.6741538E-05 -0.48515493 25.1 -1.4567293E-05 1 2.886395E-05 0 0.48515493 -1.8172057E-05 0.8744282 0 0 0 0 1 0.87667894 2.6704383E-05 -0.48107585 25.1 -1.4637367E-05 1 2.8835602E-05 0 0.48107585 -1.8237883E-05 0.87667894 0 0 0 0 1 0.87903196 2.6664973E-05 -0.47676283 25.1 -1.4711178E-05 1 2.880547E-05 0 0.47676283 -1.8307188E-05 0.87903196 0 0 0 0 1 0.8816682 2.6620111E-05 -0.4718698 25.1 -1.479457E-05 1 2.8771088E-05 0 0.4718698 -1.8385444E-05 0.8816682 0 0 0 0 1 0.8816682 2.6620111E-05 -0.4718698 25.1 -1.479457E-05 1 2.8771088E-05 0 0.4718698 -1.8385444E-05 0.8816682 0 0 0 0 1</float_array>
        <technique_common>
          <accessor source="#Motion_55_LForeArm_transform_pose_array_id" count="86" stride="16">
            <param name="TRANSFORM" type="float4x4" />
          </accessor>
        </technique_common>
      </source>
      <sampler id="Motion_55_LForeArm_transform_samp_id">
        <input semantic="INPUT" source="#Motion_55_LForeArm_transform_frame_id" />
        <input semantic="INTERPOLATION" source="#Motion_55_LForeArm_transform_interp_id" />
        <input semantic="OUTPUT" source="#Motion_55_LForeArm_transform_pose_id" />
      </sampler>
      <channel source="#Motion_55_LForeArm_transform_samp_id" target="LForeArm_bone_id/transform" />
    </animation>
    <animation id="Motion_55_LHand_transform_id" name="Motion_55_LHand_transform">
      <source id="Motion_55_LHand_transform_frame_id" name="Motion_55_LHand_transform_frame">
        <float_array id="Motion_55_LHand_transform_frame_array_id" count="86">0 0.033333335 0.06666667 0.1 0.13333334 0.16666667 0.2 0.23333333 0.26666668 0.3 0.33333334 0.36666667 0.4 0.43333334 0.46666667 0.5 0.53333336 0.56666666 0.6 0.6333333 0.6666667 0.7 0.73333335 0.76666665 0.8 0.8333333 0.8666667 0.9 0.93333334 0.96666664 1 1.0333333 1.0666667 1.1 1.1333333 1.1666666 1.2 1.2333333 1.2666667 1.3 1.3333334 1.3666667 1.4 1.4333333 1.4666667 1.5 1.5333333 1.5666667 1.6 1.6333333 1.6666666 1.7 1.7333333 1.7666667 1.8 1.8333334 1.8666667 1.9 1.9333333 1.9666667 2 2.0333333 2.0666666 2.1 2.1333334 2.1666667 2.2 2.2333333 2.2666667 2.3 2.3333333 2.3666666 2.4 2.4333334 2.4666667 2.5 2.5333333 2.5666666 2.6 2.6333334 2.6666667 2.7 2.7333333 2.7666667 2.8 2.8333333</float_array>
        <technique_common>
          <accessor source="#Motion_55_LHand_transform_frame_array_id" count="86" stride="1">
            <param name="TIME" type="float" />
          </accessor>
        </technique_common>
      </source>
      <source id="Motion_55_LHand_transform_interp_id" name="Motion_55_LHand_transform_interp">
        <Name_array id="Motion_55_LHand_transform_interp_array_id" count="86">LINEAR LINEAR LINEAR LINEAR LINEAR LINEAR LINEAR LINEAR LINEAR LINEAR LINEAR LINEAR LINEAR LINEAR LINEAR LINEAR LINEAR LINEAR LINEAR LINEAR LINEAR LINEAR LINEAR LINEAR LINEAR LINEAR LINEAR LINEAR LINEAR LINEAR LINEAR LINEAR LINEAR LINEAR LINEAR LINEAR LINEAR LINEAR LINEAR LINEAR LINEAR LINEAR LINEAR LINEAR LINEAR LINEAR LINEAR LINEAR LINEAR LINEAR LINEAR LINEAR LINEAR LINEAR LINEAR LINEAR LINEAR LINEAR LINEAR LINEAR LINEAR LINEAR LINEAR LINEAR LINEAR LINEAR LINEAR LINEAR LINEAR LINEAR LINEAR LINEAR LINEAR LINEAR LINEAR LINEAR LINEAR LINEAR LINEAR LINEAR LINEAR LINEAR LINEAR LINEAR LINEAR LINEAR</Name_array>
        <technique_common>
          <accessor source="#Motion_55_LHand_transform_interp_array_id" count="86" stride="1">
            <param name="INTERPOLATION" type="Name" />
          </accessor>
        </technique_common>
      </source>
      <source id="Motion_55_LHand_transform_pose_id" name="Motion_55_LHand_transform_pose">
        <float_array id="Motion_55_LHand_transform_pose_array_id" count="1376">0.707817 -0.68142474 -0.1861597 25.1 0.5728767 0.70792246 -0.41310778 0 0.4132885 0.18575814 0.8914519 0 0 0 0 1 0.70788527 -0.6800132 -0.1909987 25.1 0.5696912 0.70953333 -0.4147461 0 0.4175528 0.18478237 0.8896657 0 0 0 0 1 0.70775545 -0.67847186 -0.19687112 25.1 0.5665552 0.7115823 -0.4155308 0 0.42201596 0.18255584 0.88801795 0 0 0 0 1 0.707387 -0.6769443 -0.20334706 25.1 0.5635683 0.7138072 -0.41577637 0 0.42660806 0.17951487 0.8864423 0 0 0 0 1 0.706819 -0.67561567 -0.20964342 25.1 0.56074905 0.7157885 -0.41618192 0 0.43123937 0.17660792 0.88478374 0 0 0 0 1 0.7064167 -0.6746026 -0.21421191 25.1 0.5583674 0.71713424 -0.4170663 0 0.43497273 0.17501369 0.8832717 0 0 0 0 1 0.7066506 -0.6739534 -0.21548016 25.1 0.5569011 0.7176235 -0.41818386 0 0.4364701 0.17550874 0.8824344 0 0 0 0 1 0.7075591 -0.6741922 -0.2117193 25.1 0.557336 0.71660787 -0.4193445 0 0.4344385 0.17871228 0.88279396 0 0 0 0 1 0.7089474 -0.6756475 -0.20222262 25.1 0.560444 0.71378005 -0.42002445 0 0.42813095 0.18444079 0.8846951 0 0 0 0 1 0.7090412 -0.6782387 -0.19300996 25.1 0.56582457 0.7105533 -0.41827813 0 0.42083627 0.18736663 0.8875756 0 0 0 0 1 0.7067575 -0.68193644 -0.188299 25.1 0.57319456 0.70797837 -0.41257074 0 0.41465867 0.18365547 0.89125127 0 0 0 0 1 0.7027674 -0.6864832 -0.18670501 25.1 0.58196944 0.70568615 -0.40412697 0 0.40918154 0.17535064 0.89544547 0 0 0 0 1 0.69775546 -0.69114566 -0.1882951 25.1 0.5906013 0.70380306 -0.39478007 0 0.4053732 0.16425261 0.899274 0 0 0 0 1 0.69276404 -0.69510937 -0.19209611 25.1 0.5976497 0.70244515 -0.38650447 0 0.40359986 0.15295023 0.9020606 0 0 0 0 1 0.68904835 -0.697579 -0.19645837 25.1 0.60180604 0.7018005 -0.38118964 0 0.40378448 0.14442825 0.90338176 0 0 0 0 1 0.6873101 -0.6980172 -0.20093986 25.1 0.6024501 0.70235467 -0.3791462 0 0.4057816 0.1395348 0.90325594 0 0 0 0 1 0.68748856 -0.696457 -0.20568693 25.1 0.6001903 0.7043831 -0.37896723 0 0.40881675 0.13708432 0.90226203 0 0 0 0 1 0.68920726 -0.69304496 -0.21138135 25.1 0.5953062 0.70792973 -0.3800606 0 0.41304222 0.13610391 0.9004842 0 0 0 0 1 0.69237006 -0.6879997 -0.21743995 25.1 0.5879352 0.7126325 -0.38273638 0 0.41827726 0.1371546 0.89790463 0 0 0 0 1 0.69687724 -0.68205076 -0.22174037 25.1 0.5788407 0.71743447 -0.3875968 0 0.42344487 0.14175504 0.8947625 0 0 0 0 1 0.702255 -0.67613155 -0.22289902 25.1 0.5692211 0.7213018 -0.39460248 0 0.42758065 0.15023278 0.8914061 0 0 0 0 1 0.70767367 -0.670899 -0.22156817 25.1 0.55951315 0.72363746 -0.40409636 0 0.43144286 0.16199808 0.887476 0 0 0 0 1 0.7120843 -0.6668218 -0.21973762 25.1 0.550615 0.724579 -0.41449767 0 0.43561336 0.17416644 0.88312346 0 0 0 0 1 0.71460325 -0.66446716 -0.21869075 25.1 0.5433344 0.7241297 -0.4247634 0 0.44060177 0.18471512 0.87849325 0 0 0 0 1 0.71734303 -0.6636294 -0.21216743 25.1 0.53878736 0.72146094 -0.43497393 0 0.441732 0.19771239 0.87509006 0 0 0 0 1 0.7200661 -0.66374797 -0.20234504 25.1 0.5355672 0.7170195 -0.44615108 0 0.4412172 0.21288888 0.871783 0 0 0 0 1 0.7217581 -0.6643056 -0.19432749 25.1 0.53281325 0.7124671 -0.45661882 0 0.4417864 0.22602811 0.86817974 0 0 0 0 1 0.7222389 -0.6648832 -0.1905291 25.1 0.52968365 0.7088538 -0.46579134 0 0.44475406 0.23549248 0.86413956 0 0 0 0 1 0.72271645 -0.6649771 -0.18837838 25.1 0.5261638 0.706098 -0.4738957 0 0.44814336 0.24337432 0.8601956 0 0 0 0 1 0.72352374 -0.6645551 -0.18676175 25.1 0.5225433 0.7040561 -0.4808883 0 0.4510675 0.25034302 0.85666007 0 0 0 0 1 0.724457 -0.6637618 -0.1859631 25.1 0.51868266 0.70259726 -0.4871605 0 0.45401567 0.25647104 0.8532833 0 0 0 0 1 0.72554946 -0.6626565 -0.18564598 25.1 0.51463395 0.70156735 -0.49290484 0 0.45686972 0.2620871 0.8500473 0 0 0 0 1 0.7268305 -0.6612733 -0.18556681 25.1 0.5105179 0.70090616 -0.49809846 0 0.45944414 0.267298 0.84703183 0 0 0 0 1 0.7283288 -0.6596289 -0.18554454 25.1 0.5065034 0.7006229 -0.5025752 0 0.46150988 0.27206105 0.8443882 0 0 0 0 1 0.7300776 -0.65775186 -0.18533534 25.1 0.50271744 0.70065963 -0.5063114 0 0.46288425 0.2764753 0.8421992 0 0 0 0 1 0.7321117 -0.65566796 -0.18469413 25.1 0.49928683 0.70095783 -0.5092846 0 0.4633844 0.2806379 0.84054583 0 0 0 0 1 0.7343053 -0.65346724 -0.18378331 25.1 0.4962016 0.70146716 -0.5115934 0 0.46322745 0.28447217 0.83934253 0 0 0 0 1 0.7364659 -0.65126956 -0.18293716 25.1 0.49339142 0.70214087 -0.513384 0 0.462799 0.28783017 0.83843356 0 0 0 0 1 0.73852813 -0.6491466 -0.18216704 25.1 0.49089342 0.70292425 -0.51470494 0 0.46216857 0.29069945 0.83779114 0 0 0 0 1 0.7402674 -0.64734685 -0.18151096 25.1 0.4890209 0.70372665 -0.51539046 0 0.4613705 0.29276407 0.8375121 0 0 0 0 1 0.7414843 -0.64602214 -0.18126348 25.1 0.48821822 0.7047812 -0.51471007 0 0.4602652 0.2931533 0.83798397 0 0 0 0 1 0.74215156 -0.64509857 -0.18182102 25.1 0.48871613 0.7065096 -0.51186 0 0.4586585 0.29101887 0.8396073 0 0 0 0 1 0.7422588 -0.6445617 -0.18328139 25.1 0.49051625 0.7089541 -0.5067325 0 0.4565585 0.2862242 0.8423954 0 0 0 0 1 0.7418151 -0.6444713 -0.18538383 25.1 0.49334955 0.7117137 -0.50006986 0 0.45422086 0.2795003 0.84590954 0 0 0 0 1 0.74082065 -0.64485985 -0.18799078 25.1 0.49703878 0.7145304 -0.4923401 0 0.4518155 0.27129698 0.84985924 0 0 0 0 1 0.73927367 -0.64576006 -0.19096689 25.1 0.50141 0.7171563 -0.4840194 0 0.4495135 0.26207006 0.8539654 0 0 0 0 1 0.7374482 -0.6469518 -0.19396776 25.1 0.50616074 0.71952283 -0.47548735 0 0.44718164 0.25246847 0.8580724 0 0 0 0 1 0.73559403 -0.64824474 -0.19667286 25.1 0.5109912 0.72157305 -0.46714053 0 0.44473523 0.24312767 0.8620322 0 0 0 0 1 0.7336705 -0.6497182 -0.19898199 25.1 0.51573926 0.7231036 -0.45949343 0 0.44242585 0.23449394 0.865605 0 0 0 0 1 0.7316363 -0.6514526 -0.2007931 25.1 0.5202474 0.7239281 -0.4530682 0 0.44051224 0.22701901 0.86856854 0 0 0 0 1 0.72943926 -0.65347534 -0.20220879 25.1 0.5245066 0.7240734 -0.44789562 0 0.43910274 0.22065279 0.8709197 0 0 0 0 1 0.727019 -0.655766 -0.20350485 25.1 0.5286292 0.7237272 -0.44358772 0 0.43817174 0.21491809 0.87282056 0 0 0 0 1 0.72457445 -0.658259 -0.20417409 25.1 0.5328329 0.7229364 -0.43983176 0 0.43712807 0.20990017 0.87456334 0 0 0 0 1 0.72230816 -0.66089207 -0.20369738 25.1 0.53733367 0.72174287 -0.43630248 0 0.43536597 0.20569135 0.8764403 0 0 0 0 1 0.72016907 -0.66367614 -0.20221397 25.1 0.5421556 0.72019714 -0.432878 0 0.43292472 0.2021139 0.8784795 0 0 0 0 1 0.71810377 -0.6666195 -0.19986346 25.1 0.5473239 0.71834654 -0.42943546 0 0.4298413 0.19898918 0.8807041 0 0 0 0 1 0.7161397 -0.669632 -0.19681689 25.1 0.5527641 0.7163174 -0.4258417 0 0.42614064 0.1961688 0.8831319 0 0 0 0 1 0.71435016 -0.6725727 -0.1932612 25.1 0.55834967 0.71428037 -0.4219588 0 0.4218406 0.19351901 0.885777 0 0 0 0 1 0.7127557 -0.6753923 -0.1892738 25.1 0.5639692 0.7122712 -0.4178617 0 0.4170349 0.19108872 0.88857585 0 0 0 0 1 0.71138006 -0.6780477 -0.18490478 25.1 0.5694968 0.7103064 -0.41368848 0 0.41183957 0.18898708 0.89144385 0 0 0 0 1 0.7102464 -0.68047786 -0.18027753 25.1 0.57485676 0.7084677 -0.4094058 0 0.4063124 0.1871452 0.894364 0 0 0 0 1 0.7093806 -0.68262255 -0.1755152 25.1 0.5799742 0.7068373 -0.40498272 0 0.400511 0.1854926 0.89732015 0 0 0 0 1 0.70864445 -0.6844698 -0.17124274 25.1 0.5846431 0.7055067 -0.4005655 0 0.3949879 0.18374264 0.90012395 0 0 0 0 1 0.70794225 -0.68599856 -0.16799966 25.1 0.5886867 0.70456517 -0.3962775 0 0.3902125 0.1816424 0.9026296 0 0 0 0 1 0.7073639 -0.6871342 -0.16577965 25.1 0.59207267 0.7040913 -0.39205283 0 0.38611692 0.17917043 0.90488213 0 0 0 0 1 0.70690644 -0.68790096 -0.16454673 25.1 0.5948681 0.704073 -0.38783136 0 0.38264245 0.17627689 0.90692407 0 0 0 0 1 0.7065121 -0.68840355 -0.16413768 25.1 0.59713656 0.7043568 -0.38380897 0 0.37982696 0.17315306 0.9087076 0 0 0 0 1 0.7061831 -0.68868554 -0.16437049 25.1 0.59885037 0.7048242 -0.38026452 0 0.37773502 0.17010301 0.9101545 0 0 0 0 1 0.705915 -0.6887731 -0.16515347 25.1 0.6000336 0.705428 -0.37726784 0 0.3763558 0.16722138 0.9112592 0 0 0 0 1 0.7057015 -0.68869305 -0.16639516 25.1 0.6007093 0.70612144 -0.3748877 0 0.37567773 0.1646037 0.91201526 0 0 0 0 1 0.7055344 -0.68847346 -0.16800448 25.1 0.60089886 0.7068578 -0.37319237 0 0.37568834 0.16234636 0.91241544 0 0 0 0 1 0.7054045 -0.6881436 -0.16989064 25.1 0.6006224 0.7075898 -0.37224907 0 0.3763737 0.16054606 0.9124515 0 0 0 0 1 0.70534885 -0.68772215 -0.17181765 25.1 0.5999333 0.708267 -0.37207237 0 0.37757516 0.15936169 0.9121627 0 0 0 0 1 0.7053975 -0.6872312 -0.1735731 25.1 0.59887826 0.7088376 -0.37268502 0 0.3791559 0.15894192 0.9115801 0 0 0 0 1 0.7055311 -0.68670595 -0.17510213 25.1 0.5974642 0.7092508 -0.37416542 0 0.38113296 0.1593681 0.9106808 0 0 0 0 1 0.705726 -0.6861594 -0.1764544 25.1 0.59575856 0.70953023 -0.37634906 0 0.38343516 0.1604751 0.9095192 0 0 0 0 1 0.7059573 -0.68559504 -0.17771849 25.1 0.5938519 0.7097279 -0.3789805 0 0.38595888 0.16200557 0.90817946 0 0 0 0 1 0.70620334 -0.6850346 -0.1788978 25.1 0.5917862 0.70983374 -0.3820015 0 0.38867193 0.16390148 0.906681 0 0 0 0 1 0.7064434 -0.6844992 -0.17999572 25.1 0.5896035 0.70983803 -0.38535398 0 0.39154232 0.16610469 0.90504354 0 0 0 0 1 0.70665675 -0.68401 -0.18101516 25.1 0.5873462 0.7097315 -0.38898015 0 0.3945385 0.16855687 0.9032873 0 0 0 0 1 0.70682275 -0.683588 -0.18195885 25.1 0.5850575 0.70950556 -0.39282247 0 0.39762956 0.17119947 0.901433 0 0 0 0 1 0.70692134 -0.6832538 -0.18282904 25.1 0.582781 0.7091525 -0.39682364 0 0.40078497 0.1739738 0.8995024 0 0 0 0 1 0.7070196 -0.68292993 -0.18365696 25.1 0.58046097 0.70875275 -0.40091717 0 0.40396574 0.17685062 0.8975163 0 0 0 0 1 0.70719993 -0.68252134 -0.18447995 25.1 0.5780246 0.7084025 -0.40503508 0 0.40713114 0.17980684 0.89549637 0 0 0 0 1 0.7074648 -0.682022 -0.1853092 25.1 0.5754906 0.70811903 -0.40911856 0 0.41024885 0.18279329 0.8934666 0 0 0 0 1 0.7074648 -0.682022 -0.1853092 25.1 0.5754906 0.70811903 -0.40911856 0 0.41024885 0.18279329 0.8934666 0 0 0 0 1</float_array>
        <technique_common>
          <accessor source="#Motion_55_LHand_transform_pose_array_id" count="86" stride="16">
            <param name="TRANSFORM" type="float4x4" />
          </accessor>
        </technique_common>
      </source>
      <sampler id="Motion_55_LHand_transform_samp_id">
        <input semantic="INPUT" source="#Motion_55_LHand_transform_frame_id" />
        <input semantic="INTERPOLATION" source="#Motion_55_LHand_transform_interp_id" />
        <input semantic="OUTPUT" source="#Motion_55_LHand_transform_pose_id" />
      </sampler>
      <channel source="#Motion_55_LHand_transform_samp_id" target="LHand_bone_id/transform" />
    </animation>
    <animation id="Motion_55_LFingerA_transform_id" name="Motion_55_LFingerA_transform">
      <source id="Motion_55_LFingerA_transform_frame_id" name="Motion_55_LFingerA_transform_frame">
        <float_array id="Motion_55_LFingerA_transform_frame_array_id" count="86">0 0.033333335 0.06666667 0.1 0.13333334 0.16666667 0.2 0.23333333 0.26666668 0.3 0.33333334 0.36666667 0.4 0.43333334 0.46666667 0.5 0.53333336 0.56666666 0.6 0.6333333 0.6666667 0.7 0.73333335 0.76666665 0.8 0.8333333 0.8666667 0.9 0.93333334 0.96666664 1 1.0333333 1.0666667 1.1 1.1333333 1.1666666 1.2 1.2333333 1.2666667 1.3 1.3333334 1.3666667 1.4 1.4333333 1.4666667 1.5 1.5333333 1.5666667 1.6 1.6333333 1.6666666 1.7 1.7333333 1.7666667 1.8 1.8333334 1.8666667 1.9 1.9333333 1.9666667 2 2.0333333 2.0666666 2.1 2.1333334 2.1666667 2.2 2.2333333 2.2666667 2.3 2.3333333 2.3666666 2.4 2.4333334 2.4666667 2.5 2.5333333 2.5666666 2.6 2.6333334 2.6666667 2.7 2.7333333 2.7666667 2.8 2.8333333</float_array>
        <technique_common>
          <accessor source="#Motion_55_LFingerA_transform_frame_array_id" count="86" stride="1">
            <param name="TIME" type="float" />
          </accessor>
        </technique_common>
      </source>
      <source id="Motion_55_LFingerA_transform_interp_id" name="Motion_55_LFingerA_transform_interp">
        <Name_array id="Motion_55_LFingerA_transform_interp_array_id" count="86">LINEAR LINEAR LINEAR LINEAR LINEAR LINEAR LINEAR LINEAR LINEAR LINEAR LINEAR LINEAR LINEAR LINEAR LINEAR LINEAR LINEAR LINEAR LINEAR LINEAR LINEAR LINEAR LINEAR LINEAR LINEAR LINEAR LINEAR LINEAR LINEAR LINEAR LINEAR LINEAR LINEAR LINEAR LINEAR LINEAR LINEAR LINEAR LINEAR LINEAR LINEAR LINEAR LINEAR LINEAR LINEAR LINEAR LINEAR LINEAR LINEAR LINEAR LINEAR LINEAR LINEAR LINEAR LINEAR LINEAR LINEAR LINEAR LINEAR LINEAR LINEAR LINEAR LINEAR LINEAR LINEAR LINEAR LINEAR LINEAR LINEAR LINEAR LINEAR LINEAR LINEAR LINEAR LINEAR LINEAR LINEAR LINEAR LINEAR LINEAR LINEAR LINEAR LINEAR LINEAR LINEAR LINEAR</Name_array>
        <technique_common>
          <accessor source="#Motion_55_LFingerA_transform_interp_array_id" count="86" stride="1">
            <param name="INTERPOLATION" type="Name" />
          </accessor>
        </technique_common>
      </source>
      <source id="Motion_55_LFingerA_transform_pose_id" name="Motion_55_LFingerA_transform_pose">
        <float_array id="Motion_55_LFingerA_transform_pose_array_id" count="1376">1 0 0 4.177428 0 1 0 -3.154637 0 0 1 4.612516 0 0 0 1 1 -2.648838E-07 -2.5721345E-06 4.177428 2.648838E-07 1 -3.4065836E-13 -3.154637 2.5721345E-06 -3.4065836E-13 1 4.612516 0 0 0 1 1 -1.060552E-06 -1.0064874E-05 4.177428 1.060552E-06 1 -5.3371613E-12 -3.154637 1.0064874E-05 -5.3371613E-12 1 4.612516 0 0 0 1 1 -2.38853E-06 -2.2142724E-05 4.177428 2.38853E-06 1 -2.6444279E-11 -3.154637 2.2142724E-05 -2.6444279E-11 1 4.612516 0 0 0 1 1 -4.2503443E-06 -3.8470185E-05 4.177428 4.2503443E-06 1 -8.175577E-11 -3.154637 3.8470185E-05 -8.175577E-11 1 4.612516 0 0 0 1 1 -6.647515E-06 -5.8711772E-05 4.177428 6.647515E-06 1 -1.9514369E-10 -3.154637 5.8711772E-05 -1.9514369E-10 1 4.612516 0 0 0 1 1 -9.581581E-06 -8.2531966E-05 4.177428 9.581581E-06 1 -3.9539336E-10 -3.154637 8.2531966E-05 -3.9539336E-10 1 4.612516 0 0 0 1 1 -1.3054045E-05 -0.0001095953 4.177428 1.3054045E-05 1 -7.1533096E-10 -3.154637 0.0001095953 -7.1533096E-10 1 4.612516 0 0 0 1 1 -1.7066453E-05 -0.00013956625 4.177428 1.7066453E-05 1 -1.1909504E-09 -3.154637 0.00013956625 -1.1909504E-09 1 4.612516 0 0 0 1 1 -2.1620319E-05 -0.00017210937 4.177428 2.1620319E-05 1 -1.8605297E-09 -3.154637 0.00017210937 -1.8605297E-09 1 4.612516 0 0 0 1 1 -2.6717189E-05 -0.00020688909 4.177428 2.6717189E-05 1 -2.7637475E-09 -3.154637 0.00020688909 -2.7637475E-09 1 4.612516 0 0 0 1 0.99999994 -3.2358563E-05 -0.00024356997 4.177428 3.2358563E-05 1 -3.9407873E-09 -3.154637 0.00024356997 -3.9407873E-09 1 4.612516 0 0 0 1 0.99999994 -3.854597E-05 -0.0002818165 4.177428 3.854597E-05 1 -5.431445E-09 -3.154637 0.0002818165 -5.431445E-09 0.99999994 4.612516 0 0 0 1 0.99999994 -4.5280944E-05 -0.00032129316 4.177428 4.5280944E-05 1 -7.2742288E-09 -3.154637 0.00032129316 -7.2742288E-09 0.99999994 4.612516 0 0 0 1 0.99999994 -5.2564996E-05 -0.0003616645 4.177428 5.2564996E-05 1 -9.505447E-09 -3.154637 0.0003616645 -9.505447E-09 0.99999994 4.612516 0 0 0 1 0.99999994 -6.0399674E-05 -0.00040259497 4.177428 6.0399674E-05 1 -1.2158303E-08 -3.154637 0.00040259497 -1.2158303E-08 0.99999994 4.612516 0 0 0 1 0.9999999 -6.878651E-05 -0.00044374913 4.177428 6.878651E-05 1 -1.5261977E-08 -3.154637 0.00044374913 -1.5261977E-08 0.9999999 4.612516 0 0 0 1 0.9999999 -7.772697E-05 -0.00048479144 4.177428 7.772697E-05 1 -1.8840687E-08 -3.154637 0.00048479144 -1.8840687E-08 0.9999999 4.612516 0 0 0 1 0.9999999 -8.7222645E-05 -0.00052538636 4.177428 8.7222645E-05 1 -2.2912799E-08 -3.154637 0.00052538636 -2.2912799E-08 0.9999999 4.612516 0 0 0 1 0.9999998 -9.727502E-05 -0.0005651986 4.177428 9.727502E-05 1 -2.7489858E-08 -3.154637 0.0005651986 -2.7489858E-08 0.9999998 4.612516 0 0 0 1 0.9999998 -0.00010788564 -0.00060389243 4.177428 0.00010788564 1 -3.2575667E-08 -3.154637 0.00060389243 -3.2575667E-08 0.9999998 4.612516 0 0 0 1 0.99999976 -0.00011905605 -0.0006411325 4.177428 0.00011905605 1 -3.8165357E-08 -3.154637 0.0006411325 -3.8165357E-08 0.9999998 4.612516 0 0 0 1 0.99999976 -0.00013078774 -0.00067658315 4.177428 0.00013078774 1 -4.42444E-08 -3.154637 0.00067658315 -4.42444E-08 0.99999976 4.612516 0 0 0 1 0.99999976 -0.00014308229 -0.0007099091 4.177428 0.00014308229 1 -5.0787715E-08 -3.154637 0.0007099091 -5.0787715E-08 0.99999976 4.612516 0 0 0 1 0.9999997 -0.0001559411 -0.0007407746 4.177428 0.0001559411 1 -5.7758616E-08 -3.154637 0.0007407746 -5.7758616E-08 0.9999997 4.612516 0 0 0 1 0.9999997 -0.0001693658 -0.0007688445 4.177428 0.0001693658 1 -6.510799E-08 -3.154637 0.0007688445 -6.510799E-08 0.9999997 4.612516 0 0 0 1 0.99999964 -0.00018335793 -0.000793783 4.177428 0.00018335793 1 -7.277321E-08 -3.154637 0.000793783 -7.277321E-08 0.9999997 4.612516 0 0 0 1 0.99999964 -0.00019791895 -0.00081525475 4.177428 0.00019791895 1 -8.06772E-08 -3.154637 0.00081525475 -8.06772E-08 0.99999964 4.612516 0 0 0 1 0.99999964 -0.00021305046 -0.00083292415 4.177428 0.00021305046 1 -8.872746E-08 -3.154637 0.00083292415 -8.872746E-08 0.99999964 4.612516 0 0 0 1 0.99999964 -0.00022875385 -0.00084645586 4.177428 0.00022875385 1 -9.681504E-08 -3.154637 0.00084645586 -9.681504E-08 0.99999964 4.612516 0 0 0 1 0.9999996 -0.00024503082 -0.0008555142 4.177428 0.00024503082 0.99999994 -1.048137E-07 -3.154637 0.0008555142 -1.048137E-07 0.99999964 4.612516 0 0 0 1 0.9999996 -0.00026188273 -0.0008597638 4.177428 0.00026188273 0.99999994 -1.12578675E-07 -3.154637 0.0008597638 -1.12578675E-07 0.99999964 4.612516 0 0 0 1 0.9999996 -0.0002793113 -0.0008588691 4.177428 0.0002793113 0.99999994 -1.1994595E-07 -3.154637 0.0008588691 -1.1994595E-07 0.99999964 4.612516 0 0 0 1 0.9999996 -0.00029731778 -0.00085249473 4.177428 0.00029731778 0.99999994 -1.2673095E-07 -3.154637 0.00085249473 -1.2673095E-07 0.99999964 4.612516 0 0 0 1 0.9999996 -0.000315904 -0.000840305 4.177428 0.000315904 0.99999994 -1.3272789E-07 -3.154637 0.000840305 -1.3272789E-07 0.99999964 4.612516 0 0 0 1 0.9999996 -0.0003350713 -0.00082196464 4.177428 0.0003350713 0.99999994 -1.3770841E-07 -3.154637 0.00082196464 -1.3770841E-07 0.99999964 4.612516 0 0 0 1 0.99999964 -0.00035482127 -0.0007971379 4.177428 0.00035482127 0.99999994 -1.4142077E-07 -3.154637 0.0007971379 -1.4142077E-07 0.9999997 4.612516 0 0 0 1 0.99999964 -0.00037515545 -0.00076548936 4.177428 0.00037515545 0.99999994 -1.4358879E-07 -3.154637 0.00076548936 -1.4358879E-07 0.9999997 4.612516 0 0 0 1 0.99999964 -0.00039607516 -0.0007266838 4.177428 0.00039607516 0.99999994 -1.4391073E-07 -3.154637 0.0007266838 -1.4391073E-07 0.99999976 4.612516 0 0 0 1 0.9999997 -0.00041758225 -0.0006803854 4.177428 0.00041758225 0.99999994 -1.4205845E-07 -3.154637 0.0006803854 -1.4205845E-07 0.99999976 4.612516 0 0 0 1 0.9999997 -0.00043967797 -0.0006262587 4.177428 0.00043967797 0.9999999 -1.3767611E-07 -3.154637 0.0006262587 -1.3767611E-07 0.9999998 4.612516 0 0 0 1 0.99999976 -0.00046236423 -0.0005639684 4.177428 0.00046236423 0.9999999 -1.3037942E-07 -3.154637 0.0005639684 -1.3037942E-07 0.9999998 4.612516 0 0 0 1 0.99999976 -0.00048564185 -0.0004931787 4.177428 0.00048564185 0.9999999 -1.1975413E-07 -3.154637 0.0004931787 -1.1975413E-07 0.9999999 4.612516 0 0 0 1 0.99999976 -0.00050951325 -0.0004135544 4.177428 0.00050951325 0.9999999 -1.05355745E-07 -3.154637 0.0004135544 -1.05355745E-07 0.99999994 4.612516 0 0 0 1 0.9999998 -0.00053397915 -0.0003247599 4.177428 0.00053397915 0.9999999 -8.670752E-08 -3.154637 0.0003247599 -8.670752E-08 0.99999994 4.612516 0 0 0 1 0.9999998 -0.0005590417 -0.00022645963 4.177428 0.0005590417 0.9999998 -6.33002E-08 -3.154637 0.00022645963 -6.33002E-08 1 4.612516 0 0 0 1 0.9999998 -0.000584702 -0.000118318174 4.177428 0.000584702 0.9999998 -3.4590443E-08 -3.154637 0.000118318174 -3.4590443E-08 1 4.612516 0 0 0 1 0.9999998 -0.00061096175 8.818798E-09 4.177428 0.00061096175 0.9999998 -2.8868573E-05 -3.154637 8.818798E-09 2.8868573E-05 1 4.612516 0 0 0 1 0.99999976 -0.00063781417 0.00014477641 4.177428 0.0006378307 0.99999976 -0.000113984715 -3.154637 -0.00014470368 0.00011407703 1 4.612516 0 0 0 1 0.9999997 -0.00066524366 0.00033091125 4.177428 0.0006653275 0.99999976 -0.00025321177 -3.154637 -0.00033074274 0.00025343185 0.99999994 4.612516 0 0 0 1 0.9999996 -0.000693229 0.00055677036 4.177428 0.0006934765 0.99999964 -0.00044438324 -3.154637 -0.0005564621 0.00044476916 0.99999976 4.612516 0 0 0 1 0.9999994 -0.00072174397 0.00082071056 4.177428 0.0007223065 0.9999995 -0.00068533275 -3.154637 -0.00082021556 0.0006859252 0.9999994 4.612516 0 0 0 1 0.9999991 -0.0007507588 0.0011210889 4.177428 0.0007518508 0.9999992 -0.0009738938 -3.154637 -0.0011203568 0.0009747358 0.9999989 4.612516 0 0 0 1 0.9999986 -0.0007802406 0.0014562615 4.177428 0.00078214536 0.99999887 -0.0013079001 -3.154637 -0.0014552394 0.0013090372 0.9999981 4.612516 0 0 0 1 0.99999803 -0.00081015355 0.001824586 4.177428 0.00081322854 0.9999983 -0.0016851851 -3.154637 -0.0018232176 0.0016866655 0.9999969 4.612516 0 0 0 1 0.9999972 -0.00084046094 0.002224418 4.177428 0.00084514037 0.99999744 -0.0021035816 -3.154637 -0.0022226444 0.0021054554 0.9999953 4.612516 0 0 0 1 0.9999961 -0.0008711246 0.002654115 4.177428 0.0008779219 0.99999636 -0.0025609247 -3.154637 -0.0026518742 0.0025632447 0.9999932 4.612516 0 0 0 1 0.99999475 -0.00090210635 0.0031120325 4.177428 0.000911614 0.99999493 -0.0030550456 -3.154637 -0.003109261 0.0030578666 0.99999046 4.612516 0 0 0 1 0.9999931 -0.0009333686 0.0035965263 4.177428 0.00094625785 0.99999315 -0.0035837798 -3.154637 -0.0035931568 0.0035871582 0.9999871 4.612516 0 0 0 1 0.9999911 -0.00096487405 0.0041059535 4.177428 0.000981893 0.99999094 -0.004144959 -3.154637 -0.004101917 0.0041489536 0.99998295 4.612516 0 0 0 1 0.99998873 -0.0009965876 0.00463867 4.177428 0.0010185579 0.99998826 -0.004736419 -3.154637 -0.004633895 0.0047410903 0.999978 4.612516 0 0 0 1 0.999986 -0.0010284756 0.0051930295 4.177428 0.0010562888 0.9999851 -0.0053559896 -3.154637 -0.0051874435 0.0053613996 0.99997216 4.612516 0 0 0 1 0.99998283 -0.0010605077 0.00576739 4.177428 0.0010951199 0.9999814 -0.006001506 -3.154637 -0.0057609184 0.006007719 0.99996537 4.612516 0 0 0 1 0.9999792 -0.0010926555 0.0063601043 4.177428 0.0011350812 0.9999771 -0.006670801 -3.154637 -0.0063526696 0.006677881 0.9999575 4.612516 0 0 0 1 0.9999751 -0.0011248948 0.0069695306 4.177428 0.0011762005 0.9999722 -0.0073617087 -3.154637 -0.0069610556 0.0073697227 0.9999486 4.612516 0 0 0 1 0.9999705 -0.0011572049 0.0075940215 4.177428 0.0012185017 0.9999667 -0.008072063 -3.154637 -0.007584427 0.0080810785 0.9999386 4.612516 0 0 0 1 0.9999654 -0.001189569 0.008231934 4.177428 0.0012620043 0.9999605 -0.008799696 -3.154637 -0.00822114 0.008809781 0.9999274 4.612516 0 0 0 1 0.9999598 -0.0012219748 0.008881621 4.177428 0.0013067231 0.9999536 -0.009542442 -3.154637 -0.008869549 0.009553664 0.999915 4.612516 0 0 0 1 0.9999537 -0.0012544153 0.009541437 4.177428 0.0013526693 0.99994606 -0.010298136 -3.154637 -0.009528004 0.010310565 0.9999015 4.612516 0 0 0 1 0.9999471 -0.0012868867 0.010209738 4.177428 0.0013998476 0.99993783 -0.011064606 -3.154637 -0.010194865 0.011078311 0.99988663 4.612516 0 0 0 1 0.99993986 -0.0013193925 0.010884876 4.177428 0.0014482593 0.99992883 -0.01183969 -3.154637 -0.010868481 0.011854742 0.99987066 4.612516 0 0 0 1 0.9999322 -0.0013519399 0.01156521 4.177428 0.0014978993 0.99991924 -0.012621222 -3.154637 -0.011547213 0.01263769 0.9998535 4.612516 0 0 0 1 0.999924 -0.0013845419 0.01224909 4.177428 0.0015487573 0.9999089 -0.013407038 -3.154637 -0.012229411 0.01342499 0.9998351 4.612516 0 0 0 1 0.99991536 -0.0014172172 0.012934871 4.177428 0.0016008181 0.99989796 -0.014194971 -3.154637 -0.012913434 0.014214475 0.9998156 4.612516 0 0 0 1 0.9999062 -0.0014499901 0.013620907 4.177428 0.0016540606 0.9998864 -0.014982856 -3.154637 -0.013597636 0.01500398 0.99979496 4.612516 0 0 0 1 0.9998966 -0.0014828895 0.0143055525 4.177428 0.0017084572 0.99987423 -0.015768522 -3.154637 -0.0142803695 0.015791332 0.9997733 4.612516 0 0 0 1 0.9998865 -0.0015159523 0.014987165 4.177428 0.0017639772 0.9998615 -0.016549814 -3.154637 -0.01496 0.016574375 0.99975073 4.612516 0 0 0 1 0.9998761 -0.0015492174 0.015664091 4.177428 0.0018205815 0.99984825 -0.017324565 -3.154637 -0.015634874 0.017350936 0.9997272 4.612516 0 0 0 1 0.99986535 -0.0015827317 0.01633469 4.177428 0.0018782273 0.9998346 -0.01809061 -3.154637 -0.016303357 0.018118855 0.99970293 4.612516 0 0 0 1 0.9998542 -0.0016165471 0.016997311 4.177428 0.0019368669 0.99982053 -0.018845782 -3.154637 -0.016963795 0.018875957 0.9996779 4.612516 0 0 0 1 0.9998429 -0.0016507196 0.017650316 4.177428 0.0019964464 0.99980617 -0.019587923 -3.154637 -0.01761456 0.019620083 0.9996523 4.612516 0 0 0 1 0.99983126 -0.0016853107 0.01829205 4.177428 0.0020569072 0.9997915 -0.020314872 -3.154637 -0.018254 0.02034907 0.9996263 4.612516 0 0 0 1 0.9998195 -0.0017203868 0.018920878 4.177428 0.0021181863 0.9997767 -0.02102446 -3.154637 -0.018880485 0.021060744 0.99959993 4.612516 0 0 0 1 0.99980766 -0.0017560191 0.019535143 4.177428 0.0021802168 0.9997618 -0.021714533 -3.154637 -0.019492358 0.021752948 0.99957335 4.612516 0 0 0 1 0.9997957 -0.0017922809 0.020133205 4.177428 0.0022429256 0.999747 -0.022382924 -3.154637 -0.020087995 0.022423508 0.9995467 4.612516 0 0 0 1 0.9997957 -0.0017922809 0.020133205 4.177428 0.0022429256 0.999747 -0.022382924 -3.154637 -0.020087995 0.022423508 0.9995467 4.612516 0 0 0 1</float_array>
        <technique_common>
          <accessor source="#Motion_55_LFingerA_transform_pose_array_id" count="86" stride="16">
            <param name="TRANSFORM" type="float4x4" />
          </accessor>
        </technique_common>
      </source>
      <sampler id="Motion_55_LFingerA_transform_samp_id">
        <input semantic="INPUT" source="#Motion_55_LFingerA_transform_frame_id" />
        <input semantic="INTERPOLATION" source="#Motion_55_LFingerA_transform_interp_id" />
        <input semantic="OUTPUT" source="#Motion_55_LFingerA_transform_pose_id" />
      </sampler>
      <channel source="#Motion_55_LFingerA_transform_samp_id" target="LFingerA_bone_id/transform" />
    </animation>
    <animation id="Motion_55_LFingerB1_transform_id" name="Motion_55_LFingerB1_transform">
      <source id="Motion_55_LFingerB1_transform_frame_id" name="Motion_55_LFingerB1_transform_frame">
        <float_array id="Motion_55_LFingerB1_transform_frame_array_id" count="86">0 0.033333335 0.06666667 0.1 0.13333334 0.16666667 0.2 0.23333333 0.26666668 0.3 0.33333334 0.36666667 0.4 0.43333334 0.46666667 0.5 0.53333336 0.56666666 0.6 0.6333333 0.6666667 0.7 0.73333335 0.76666665 0.8 0.8333333 0.8666667 0.9 0.93333334 0.96666664 1 1.0333333 1.0666667 1.1 1.1333333 1.1666666 1.2 1.2333333 1.2666667 1.3 1.3333334 1.3666667 1.4 1.4333333 1.4666667 1.5 1.5333333 1.5666667 1.6 1.6333333 1.6666666 1.7 1.7333333 1.7666667 1.8 1.8333334 1.8666667 1.9 1.9333333 1.9666667 2 2.0333333 2.0666666 2.1 2.1333334 2.1666667 2.2 2.2333333 2.2666667 2.3 2.3333333 2.3666666 2.4 2.4333334 2.4666667 2.5 2.5333333 2.5666666 2.6 2.6333334 2.6666667 2.7 2.7333333 2.7666667 2.8 2.8333333</float_array>
        <technique_common>
          <accessor source="#Motion_55_LFingerB1_transform_frame_array_id" count="86" stride="1">
            <param name="TIME" type="float" />
          </accessor>
        </technique_common>
      </source>
      <source id="Motion_55_LFingerB1_transform_interp_id" name="Motion_55_LFingerB1_transform_interp">
        <Name_array id="Motion_55_LFingerB1_transform_interp_array_id" count="86">LINEAR LINEAR LINEAR LINEAR LINEAR LINEAR LINEAR LINEAR LINEAR LINEAR LINEAR LINEAR LINEAR LINEAR LINEAR LINEAR LINEAR LINEAR LINEAR LINEAR LINEAR LINEAR LINEAR LINEAR LINEAR LINEAR LINEAR LINEAR LINEAR LINEAR LINEAR LINEAR LINEAR LINEAR LINEAR LINEAR LINEAR LINEAR LINEAR LINEAR LINEAR LINEAR LINEAR LINEAR LINEAR LINEAR LINEAR LINEAR LINEAR LINEAR LINEAR LINEAR LINEAR LINEAR LINEAR LINEAR LINEAR LINEAR LINEAR LINEAR LINEAR LINEAR LINEAR LINEAR LINEAR LINEAR LINEAR LINEAR LINEAR LINEAR LINEAR LINEAR LINEAR LINEAR LINEAR LINEAR LINEAR LINEAR LINEAR LINEAR LINEAR LINEAR LINEAR LINEAR LINEAR LINEAR</Name_array>
        <technique_common>
          <accessor source="#Motion_55_LFingerB1_transform_interp_array_id" count="86" stride="1">
            <param name="INTERPOLATION" type="Name" />
          </accessor>
        </technique_common>
      </source>
      <source id="Motion_55_LFingerB1_transform_pose_id" name="Motion_55_LFingerB1_transform_pose">
        <float_array id="Motion_55_LFingerB1_transform_pose_array_id" count="1376">1 0 0 9.312 0 1 0 0 0 0 1 0 0 0 0 1 1 -2.6463061E-07 0 9.312 2.6463061E-07 1 0 0 0 0 1 0 0 0 0 1 1 -1.0595477E-06 0 9.312 1.0595477E-06 1 0 0 0 0 1 0 0 0 0 1 1 -2.386288E-06 0 9.312 2.386288E-06 1 0 0 0 0 1 0 0 0 0 1 1 -4.246389E-06 0 9.312 4.246389E-06 1 0 0 0 0 1 0 0 0 0 1 1 -6.6413886E-06 0 9.312 6.6413886E-06 1 0 0 0 0 1 0 0 0 0 1 1 -9.572832E-06 0 9.312 9.572832E-06 1 0 0 0 0 1 0 0 0 0 1 1 -1.3042234E-05 0 9.312 1.3042234E-05 1 0 0 0 0 1 0 0 0 0 1 1 -1.7051156E-05 0 9.312 1.7051156E-05 1 0 0 0 0 1 0 0 0 0 1 1 -2.1601121E-05 0 9.312 2.1601121E-05 1 0 0 0 0 1 0 0 0 0 1 1 -2.6693688E-05 0 9.312 2.6693688E-05 1 0 0 0 0 1 0 0 0 0 1 1 -3.233036E-05 0 9.312 3.233036E-05 1 0 0 0 0 1 0 0 0 0 1 1 -3.8512713E-05 0 9.312 3.8512713E-05 1 0 0 0 0 1 0 0 0 0 1 1 -4.5242225E-05 0 9.312 4.5242225E-05 1 0 0 0 0 1 0 0 0 0 1 1 -5.2520518E-05 0 9.312 5.2520518E-05 1 0 0 0 0 1 0 0 0 0 1 1 -6.0349055E-05 0 9.312 6.0349055E-05 1 0 0 0 0 1 0 0 0 0 1 1 -6.872942E-05 0 9.312 6.872942E-05 1 0 0 0 0 1 0 0 0 0 1 1 -7.7663106E-05 0 9.312 7.7663106E-05 1 0 0 0 0 1 0 0 0 0 1 1 -8.7151726E-05 0 9.312 8.7151726E-05 1 0 0 0 0 1 0 0 0 0 1 1 -9.719674E-05 0 9.312 9.719674E-05 1 0 0 0 0 1 0 0 0 0 1 1 -0.00010779967 0 9.312 0.00010779967 1 0 0 0 0 1 0 0 0 0 1 1 -0.000118962154 0 9.312 0.000118962154 1 0 0 0 0 1 0 0 0 0 1 1 -0.00013068573 0 9.312 0.00013068573 1 0 0 0 0 1 0 0 0 0 1 1 -0.00014297174 0 9.312 0.00014297174 1 0 0 0 0 1 0 0 0 0 1 1 -0.00015582194 0 9.312 0.00015582194 1 0 0 0 0 1 0 0 0 0 1 1 -0.00016923781 0 9.312 0.00016923781 1 0 0 0 0 1 0 0 0 0 1 1 -0.00018322084 0 9.312 0.00018322084 1 0 0 0 0 1 0 0 0 0 1 1 -0.00019777255 0 9.312 0.00019777255 1 0 0 0 0 1 0 0 0 0 1 1 -0.00021289458 0 9.312 0.00021289458 1 0 0 0 0 1 0 0 0 0 1 1 -0.00022858838 0 9.312 0.00022858838 1 0 0 0 0 1 0 0 0 0 1 0.99999994 -0.0002448555 0 9.312 0.0002448555 0.99999994 0 0 0 0 1 0 0 0 0 1 0.99999994 -0.0002616975 0 9.312 0.0002616975 0.99999994 0 0 0 0 1 0 0 0 0 1 0.99999994 -0.00027911592 0 9.312 0.00027911592 0.99999994 0 0 0 0 1 0 0 0 0 1 0.99999994 -0.00029711233 0 9.312 0.00029711233 0.99999994 0 0 0 0 1 0 0 0 0 1 0.99999994 -0.00031568817 0 9.312 0.00031568817 0.99999994 0 0 0 0 1 0 0 0 0 1 0.99999994 -0.000334845 0 9.312 0.000334845 0.99999994 0 0 0 0 1 0 0 0 0 1 0.99999994 -0.00035458445 0 9.312 0.00035458445 0.99999994 0 0 0 0 1 0 0 0 0 1 0.99999994 -0.00037490804 0 9.312 0.00037490804 0.99999994 0 0 0 0 1 0 0 0 0 1 0.99999994 -0.00039581713 0 9.312 0.00039581713 0.99999994 0 0 0 0 1 0 0 0 0 1 0.99999994 -0.00041731348 0 9.312 0.00041731348 0.99999994 0 0 0 0 1 0 0 0 0 1 0.9999999 -0.00043939851 0 9.312 0.00043939851 0.9999999 0 0 0 0 1 0 0 0 0 1 0.9999999 -0.0004620739 0 9.312 0.0004620739 0.9999999 0 0 0 0 1 0 0 0 0 1 0.9999999 -0.00048534095 0 9.312 0.00048534095 0.9999999 0 0 0 0 1 0 0 0 0 1 0.9999999 -0.0005092013 0 9.312 0.0005092013 0.9999999 0 0 0 0 1 0 0 0 0 1 0.9999999 -0.00053365674 0 9.312 0.00053365674 0.9999999 0 0 0 0 1 0 0 0 0 1 0.9999998 -0.0005587083 0 9.312 0.0005587083 0.9999998 0 0 0 0 1 0 0 0 0 1 0.9999998 -0.0005843578 0 9.312 0.0005843578 0.9999998 0 0 0 0 1 0 0 0 0 1 0.9999998 -0.00061060657 2.5890562E-05 9.312 0.00061060727 0.9999998 -2.886061E-05 0 -2.5872936E-05 2.8876413E-05 1 0 0 0 0 1 0.9999998 -0.00063745124 0.00010227105 9.312 0.0006374629 0.99999976 -0.00011399809 0 -0.00010219836 0.00011406325 1 0 0 0 0 1 0.99999976 -0.0006648808 0.00022720461 9.312 0.0006649383 0.99999976 -0.00025324585 0 -0.00022703619 0.00025339684 0.99999994 0 0 0 0 1 0.9999997 -0.0006928777 0.00039875438 9.312 0.00069305487 0.99999964 -0.00044443723 0 -0.00039844628 0.00044471343 0.9999998 0 0 0 0 1 0.9999995 -0.0007214177 0.00061498344 9.312 0.00072183914 0.9999995 -0.00068540586 0 -0.0006144887 0.0006858495 0.9999996 0 0 0 0 1 0.99999934 -0.0007504724 0.00087395485 9.312 0.00075132353 0.9999992 -0.0009739851 0 -0.0008732233 0.0009746411 0.99999917 0 0 0 0 1 0.999999 -0.00078000827 0.0011737314 9.312 0.00078154344 0.99999887 -0.0013080084 0 -0.0011727097 0.0013089244 0.99999845 0 0 0 0 1 0.9999985 -0.0008099897 0.001512376 9.312 0.00081253826 0.9999983 -0.0016853093 0 -0.0015110084 0.0016865357 0.99999744 0 0 0 0 1 0.99999785 -0.00084037794 0.0018879515 9.312 0.0008443493 0.99999744 -0.0021037203 0 -0.0018861787 0.00210531 0.999996 0 0 0 0 1 0.99999696 -0.00087113364 0.002298521 9.312 0.00087701983 0.99999636 -0.0025610768 0 -0.0022962817 0.0025630847 0.9999941 0 0 0 0 1 0.9999958 -0.0009022155 0.0027421461 9.312 0.0009105925 0.99999493 -0.0030552102 0 -0.002739376 0.0030576945 0.9999916 0 0 0 0 1 0.9999944 -0.0009335837 0.0032168895 9.312 0.00094511174 0.99999315 -0.0035839549 0 -0.0032135213 0.0035869752 0.9999884 0 0 0 0 1 0.9999926 -0.00096519815 0.0037208134 9.312 0.0009806199 0.99999094 -0.004145142 0 -0.003716779 0.0041487603 0.9999845 0 0 0 0 1 0.99999046 -0.0009970203 0.0042519798 9.312 0.0010171583 0.99998826 -0.0047366098 0 -0.0042472077 0.004740889 0.99997973 0 0 0 0 1 0.9999879 -0.0010290141 0.0048084506 9.312 0.0010547666 0.9999851 -0.0053561865 0 -0.0048028673 0.0053611933 0.9999741 0 0 0 0 1 0.9999849 -0.0010611453 0.005388287 9.312 0.0010934811 0.9999814 -0.006001707 0 -0.005381818 0.0060075084 0.99996746 0 0 0 0 1 0.99998146 -0.0010933834 0.005989551 9.312 0.0011333358 0.9999771 -0.0066710045 0 -0.00598212 0.006677669 0.9999598 0 0 0 0 1 0.9999775 -0.0011257014 0.006610305 9.312 0.0011743609 0.9999722 -0.0073619126 0 -0.0066018337 0.0073695104 0.99995106 0 0 0 0 1 0.99997306 -0.0011580754 0.007248606 9.312 0.0012165823 0.9999667 -0.008072266 0 -0.0072390162 0.008080868 0.9999412 0 0 0 0 1 0.99996805 -0.0011904873 0.007902522 9.312 0.0012600219 0.9999605 -0.008799898 0 -0.007891733 0.008809575 0.99993 0 0 0 0 1 0.9999625 -0.0012229235 0.008570108 9.312 0.0013046971 0.9999536 -0.0095426375 0 -0.00855804 0.009553461 0.99991775 0 0 0 0 1 0.9999564 -0.0012553738 0.009249426 9.312 0.0013506185 0.99994606 -0.010298323 0 -0.009235999 0.010310367 0.9999042 0 0 0 0 1 0.99994975 -0.0012878358 0.009938538 9.312 0.0013977938 0.99993783 -0.0110647855 0 -0.00992367 0.011078122 0.9998894 0 0 0 0 1 0.99994254 -0.001320311 0.010635503 9.312 0.001446223 0.99992883 -0.011839863 0 -0.010619113 0.011854565 0.99987334 0 0 0 0 1 0.9999348 -0.0013528075 0.011338381 9.312 0.0014959017 0.99991924 -0.012621386 0 -0.011320392 0.012637524 0.99985605 0 0 0 0 1 0.9999265 -0.001385339 0.012045236 9.312 0.0015468191 0.9999089 -0.013407187 0 -0.012025565 0.013424833 0.9998376 0 0 0 0 1 0.9999177 -0.0014179253 0.012754124 9.312 0.0015989584 0.99989796 -0.014195103 0 -0.012732694 0.014214328 0.9998179 0 0 0 0 1 0.9999083 -0.0014505922 0.013463109 9.312 0.0016522962 0.9998864 -0.014982975 0 -0.013439844 0.015003846 0.9997971 0 0 0 0 1 0.9998985 -0.001483372 0.014170245 9.312 0.0017068039 0.99987423 -0.01576863 0 -0.014145072 0.015791217 0.99977523 0 0 0 0 1 0.99988824 -0.001516303 0.0148736 9.312 0.0017624467 0.9998615 -0.016549908 0 -0.014846444 0.016574271 0.9997524 0 0 0 0 1 0.9998776 -0.0015494291 0.015571228 9.312 0.0018191828 0.99984825 -0.017324641 0 -0.015542022 0.017350849 0.9997287 0 0 0 0 1 0.99986655 -0.0015828003 0.016261192 9.312 0.0018769648 0.9998346 -0.018090669 0 -0.01622987 0.018118776 0.9997041 0 0 0 0 1 0.99985516 -0.0016164732 0.016941555 9.312 0.001935741 0.99982053 -0.018845828 0 -0.01690805 0.018875895 0.99967885 0 0 0 0 1 0.99984354 -0.0016505086 0.017610375 9.312 0.001995452 0.99980617 -0.019587958 0 -0.01757463 0.019620033 0.99965304 0 0 0 0 1 0.99983174 -0.001684974 0.018265707 9.312 0.0020560345 0.9997915 -0.020314889 0 -0.018227668 0.020349028 0.99962676 0 0 0 0 1 0.9998198 -0.0017199414 0.01890562 9.312 0.0021174196 0.9997767 -0.021024473 0 -0.018865237 0.021060716 0.9996002 0 0 0 0 1 0.9998078 -0.0017554875 0.019528165 9.312 0.0021795335 0.9997618 -0.021714535 0 -0.019485395 0.021752924 0.99957347 0 0 0 0 1 0.99979573 -0.0017916933 0.020131413 9.312 0.0022422979 0.999747 -0.022382924 0 -0.020086214 0.022423493 0.99954677 0 0 0 0 1 0.99979573 -0.0017916933 0.020131413 9.312 0.0022422979 0.999747 -0.022382924 0 -0.020086214 0.022423493 0.99954677 0 0 0 0 1</float_array>
        <technique_common>
          <accessor source="#Motion_55_LFingerB1_transform_pose_array_id" count="86" stride="16">
            <param name="TRANSFORM" type="float4x4" />
          </accessor>
        </technique_common>
      </source>
      <sampler id="Motion_55_LFingerB1_transform_samp_id">
        <input semantic="INPUT" source="#Motion_55_LFingerB1_transform_frame_id" />
        <input semantic="INTERPOLATION" source="#Motion_55_LFingerB1_transform_interp_id" />
        <input semantic="OUTPUT" source="#Motion_55_LFingerB1_transform_pose_id" />
      </sampler>
      <channel source="#Motion_55_LFingerB1_transform_samp_id" target="LFingerB1_bone_id/transform" />
    </animation>
    <animation id="Motion_55_LForeArmEX_transform_id" name="Motion_55_LForeArmEX_transform">
      <source id="Motion_55_LForeArmEX_transform_frame_id" name="Motion_55_LForeArmEX_transform_frame">
        <float_array id="Motion_55_LForeArmEX_transform_frame_array_id" count="86">0 0.033333335 0.06666667 0.1 0.13333334 0.16666667 0.2 0.23333333 0.26666668 0.3 0.33333334 0.36666667 0.4 0.43333334 0.46666667 0.5 0.53333336 0.56666666 0.6 0.6333333 0.6666667 0.7 0.73333335 0.76666665 0.8 0.8333333 0.8666667 0.9 0.93333334 0.96666664 1 1.0333333 1.0666667 1.1 1.1333333 1.1666666 1.2 1.2333333 1.2666667 1.3 1.3333334 1.3666667 1.4 1.4333333 1.4666667 1.5 1.5333333 1.5666667 1.6 1.6333333 1.6666666 1.7 1.7333333 1.7666667 1.8 1.8333334 1.8666667 1.9 1.9333333 1.9666667 2 2.0333333 2.0666666 2.1 2.1333334 2.1666667 2.2 2.2333333 2.2666667 2.3 2.3333333 2.3666666 2.4 2.4333334 2.4666667 2.5 2.5333333 2.5666666 2.6 2.6333334 2.6666667 2.7 2.7333333 2.7666667 2.8 2.8333333</float_array>
        <technique_common>
          <accessor source="#Motion_55_LForeArmEX_transform_frame_array_id" count="86" stride="1">
            <param name="TIME" type="float" />
          </accessor>
        </technique_common>
      </source>
      <source id="Motion_55_LForeArmEX_transform_interp_id" name="Motion_55_LForeArmEX_transform_interp">
        <Name_array id="Motion_55_LForeArmEX_transform_interp_array_id" count="86">LINEAR LINEAR LINEAR LINEAR LINEAR LINEAR LINEAR LINEAR LINEAR LINEAR LINEAR LINEAR LINEAR LINEAR LINEAR LINEAR LINEAR LINEAR LINEAR LINEAR LINEAR LINEAR LINEAR LINEAR LINEAR LINEAR LINEAR LINEAR LINEAR LINEAR LINEAR LINEAR LINEAR LINEAR LINEAR LINEAR LINEAR LINEAR LINEAR LINEAR LINEAR LINEAR LINEAR LINEAR LINEAR LINEAR LINEAR LINEAR LINEAR LINEAR LINEAR LINEAR LINEAR LINEAR LINEAR LINEAR LINEAR LINEAR LINEAR LINEAR LINEAR LINEAR LINEAR LINEAR LINEAR LINEAR LINEAR LINEAR LINEAR LINEAR LINEAR LINEAR LINEAR LINEAR LINEAR LINEAR LINEAR LINEAR LINEAR LINEAR LINEAR LINEAR LINEAR LINEAR LINEAR LINEAR</Name_array>
        <technique_common>
          <accessor source="#Motion_55_LForeArmEX_transform_interp_array_id" count="86" stride="1">
            <param name="INTERPOLATION" type="Name" />
          </accessor>
        </technique_common>
      </source>
      <source id="Motion_55_LForeArmEX_transform_pose_id" name="Motion_55_LForeArmEX_transform_pose">
        <float_array id="Motion_55_LForeArmEX_transform_pose_array_id" count="1376">1 0 0 25.1 0 0.9769699 -0.21337728 -0.19492637 0 0.21337728 0.9769699 0 0 0 0 1 1 0 0 25.1 0 0.9767585 -0.214343 -0.19492637 0 0.214343 0.9767585 0 0 0 0 1 1 0 0 25.1 0 0.9765883 -0.21511692 -0.19492637 0 0.21511692 0.9765883 0 0 0 0 1 1 0 0 25.1 0 0.976452 -0.21573488 -0.19492637 0 0.21573488 0.976452 0 0 0 0 1 1 0 0 25.1 0 0.97634184 -0.21623267 -0.19492637 0 0.21623267 0.97634184 0 0 0 0 1 1 0 0 25.1 0 0.97625023 -0.21664602 -0.19492637 0 0.21664602 0.97625023 0 0 0 0 1 1 0 0 25.1 0 0.9761692 -0.21701065 -0.19492637 0 0.21701065 0.9761692 0 0 0 0 1 1 0 0 25.1 0 0.976091 -0.21736227 -0.19492637 0 0.21736227 0.976091 0 0 0 0 1 1 0 0 25.1 0 0.97614306 -0.21712829 -0.19492637 0 0.21712829 0.97614306 0 0 0 0 1 1 0 0 25.1 0 0.97646743 -0.215665 -0.19492637 0 0.215665 0.97646743 0 0 0 0 1 1 0 0 25.1 0 0.97707385 -0.21290062 -0.19492637 0 0.21290062 0.97707385 0 0 0 0 1 1 0 0 25.1 0 0.9779665 -0.20876203 -0.19492637 0 0.20876203 0.9779665 0 0 0 0 1 1 0 0 25.1 0 0.97901267 -0.20379937 -0.19492637 0 0.20379937 0.97901267 0 0 0 0 1 1 0 0 25.1 0 0.97992986 -0.19934255 -0.19492637 0 0.19934255 0.97992986 0 0 0 0 1 1 0 0 25.1 0 0.98050576 -0.19649021 -0.19492637 0 0.19649021 0.98050576 0 0 0 0 1 1 0 0 25.1 0 0.9807418 -0.19530894 -0.19492637 0 0.19530894 0.9807418 0 0 0 0 1 1 0 0 25.1 0 0.98077697 -0.19513217 -0.19492637 0 0.19513217 0.98077697 0 0 0 0 1 1 0 0 25.1 0 0.9806119 -0.19595996 -0.19492637 0 0.19595996 0.9806119 0 0 0 0 1 1 0 0 25.1 0 0.98024404 -0.19779174 -0.19492637 0 0.19779174 0.98024404 0 0 0 0 1 1 0 0 25.1 0 0.97966784 -0.2006263 -0.19492637 0 0.2006263 0.97966784 0 0 0 0 1 1 0 0 25.1 0 0.97887456 -0.20446175 -0.19492637 0 0.20446175 0.97887456 0 0 0 0 1 1 0 0 25.1 0 0.9778524 -0.20929554 -0.19492637 0 0.20929554 0.9778524 0 0 0 0 1 1 0 0 25.1 0 0.9766773 -0.21471238 -0.19492637 0 0.21471238 0.9766773 0 0 0 0 1 1 0 0 25.1 0 0.9754462 -0.22023776 -0.19492637 0 0.22023776 0.9754462 0 0 0 0 1 1 0 0 25.1 0 0.9741783 -0.22578 -0.19492637 0 0.22578 0.9741783 0 0 0 0 1 1 0 0 25.1 0 0.9728949 -0.23124778 -0.19492637 0 0.23124778 0.9728949 0 0 0 0 1 1 0 0 25.1 0 0.97161925 -0.23655038 -0.19492637 0 0.23655038 0.97161925 0 0 0 0 1 1 0 0 25.1 0 0.97037655 -0.24159753 -0.19492637 0 0.24159753 0.97037655 0 0 0 0 1 1 0 0 25.1 0 0.9691938 -0.2462994 -0.19492637 0 0.2462994 0.9691938 0 0 0 0 1 1 0 0 25.1 0 0.96809936 -0.2505666 -0.19492637 0 0.2505666 0.96809936 0 0 0 0 1 1 0 0 25.1 0 0.96712273 -0.25431 -0.19492637 0 0.25431 0.96712273 0 0 0 0 1 1 0 0 25.1 0 0.9662573 -0.25757894 -0.19492637 0 0.25757894 0.9662573 0 0 0 0 1 1 0 0 25.1 0 0.96547914 -0.2604803 -0.19492637 0 0.2604803 0.96547914 0 0 0 0 1 1 0 0 25.1 0 0.96479267 -0.2630116 -0.19492637 0 0.2630116 0.96479267 0 0 0 0 1 1 0 0 25.1 0 0.96420157 -0.26517043 -0.19492637 0 0.26517043 0.96420157 0 0 0 0 1 1 0 0 25.1 0 0.96370924 -0.2669541 -0.19492637 0 0.2669541 0.96370924 0 0 0 0 1 1 0 0 25.1 0 0.9633187 -0.26835987 -0.19492637 0 0.26835987 0.9633187 0 0 0 0 1 1 0 0 25.1 0 0.96303254 -0.269385 -0.19492637 0 0.269385 0.96303254 0 0 0 0 1 1 0 0 25.1 0 0.9628529 -0.27002653 -0.19492637 0 0.27002653 0.9628529 0 0 0 0 1 1 0 0 25.1 0 0.96278137 -0.27028137 -0.19492637 0 0.27028137 0.96278137 0 0 0 0 1 1 0 0 25.1 0 0.9629516 -0.26967424 -0.19492637 0 0.26967424 0.9629516 0 0 0 0 1 1 0 0 25.1 0 0.9634541 -0.2678733 -0.19492637 0 0.2678733 0.9634541 0 0 0 0 1 1 0 0 25.1 0 0.9642237 -0.2650899 -0.19492637 0 0.2650899 0.9642237 0 0 0 0 1 1 0 0 25.1 0 0.9651939 -0.26153523 -0.19492637 0 0.26153523 0.9651939 0 0 0 0 1 1 0 0 25.1 0 0.9662994 -0.25742063 -0.19492637 0 0.25742063 0.9662994 0 0 0 0 1 1 0 0 25.1 0 0.9674772 -0.2529583 -0.19492637 0 0.2529583 0.9674772 0 0 0 0 1 1 0 0 25.1 0 0.96866745 -0.2483613 -0.19492637 0 0.2483613 0.96866745 0 0 0 0 1 1 0 0 25.1 0 0.96981454 -0.24384372 -0.19492637 0 0.24384372 0.96981454 0 0 0 0 1 1 0 0 25.1 0 0.9708666 -0.23962064 -0.19492637 0 0.23962064 0.9708666 0 0 0 0 1 1 0 0 25.1 0 0.97177535 -0.23590808 -0.19492637 0 0.23590808 0.97177535 0 0 0 0 1 1 0 0 25.1 0 0.9724953 -0.23292254 -0.19492637 0 0.23292254 0.9724953 0 0 0 0 1 1 0 0 25.1 0 0.97308445 -0.23044883 -0.19492637 0 0.23044883 0.97308445 0 0 0 0 1 1 0 0 25.1 0 0.9736354 -0.22811005 -0.19492637 0 0.22811005 0.9736354 0 0 0 0 1 1 0 0 25.1 0 0.974155 -0.22588056 -0.19492637 0 0.22588056 0.974155 0 0 0 0 1 1 0 0 25.1 0 0.9746501 -0.2237347 -0.19492637 0 0.2237347 0.9746501 0 0 0 0 1 1 0 0 25.1 0 0.97512704 -0.22164673 -0.19492637 0 0.22164673 0.97512704 0 0 0 0 1 1 0 0 25.1 0 0.9755921 -0.2195908 -0.19492637 0 0.2195908 0.9755921 0 0 0 0 1 1 0 0 25.1 0 0.97605115 -0.21754102 -0.19492637 0 0.21754102 0.97605115 0 0 0 0 1 1 0 0 25.1 0 0.9765101 -0.21547154 -0.19492637 0 0.21547154 0.9765101 0 0 0 0 1 1 0 0 25.1 0 0.9769744 -0.21335638 -0.19492637 0 0.21335638 0.9769744 0 0 0 0 1 1 0 0 25.1 0 0.9774495 -0.21116948 -0.19492637 0 0.21116948 0.9774495 0 0 0 0 1 1 0 0 25.1 0 0.97794026 -0.20888484 -0.19492637 0 0.20888484 0.97794026 0 0 0 0 1 1 0 0 25.1 0 0.9784516 -0.20647629 -0.19492637 0 0.20647629 0.9784516 0 0 0 0 1 1 0 0 25.1 0 0.9789612 -0.20404644 -0.19492637 0 0.20404644 0.9789612 0 0 0 0 1 1 0 0 25.1 0 0.9794398 -0.20173663 -0.19492637 0 0.20173663 0.9794398 0 0 0 0 1 1 0 0 25.1 0 0.9798818 -0.19957858 -0.19492637 0 0.19957858 0.9798818 0 0 0 0 1 1 0 0 25.1 0 0.9802819 -0.19760424 -0.19492637 0 0.19760424 0.9802819 0 0 0 0 1 1 0 0 25.1 0 0.98063475 -0.19584547 -0.19492637 0 0.19584547 0.98063475 0 0 0 0 1 1 0 0 25.1 0 0.9809354 -0.19433418 -0.19492637 0 0.19433418 0.9809354 0 0 0 0 1 1 0 0 25.1 0 0.98117864 -0.19310232 -0.19492637 0 0.19310232 0.98117864 0 0 0 0 1 1 0 0 25.1 0 0.98135936 -0.19218175 -0.19492637 0 0.19218175 0.98135936 0 0 0 0 1 1 0 0 25.1 0 0.98147225 -0.19160438 -0.19492637 0 0.19160438 0.98147225 0 0 0 0 1 1 0 0 25.1 0 0.9815117 -0.19140194 -0.19492637 0 0.19140194 0.9815117 0 0 0 0 1 1 0 0 25.1 0 0.9814719 -0.19160624 -0.19492637 0 0.19160624 0.9814719 0 0 0 0 1 1 0 0 25.1 0 0.9813462 -0.1922489 -0.19492637 0 0.1922489 0.9813462 0 0 0 0 1 1 0 0 25.1 0 0.9811276 -0.19336142 -0.19492637 0 0.19336142 0.9811276 0 0 0 0 1 1 0 0 25.1 0 0.9808374 -0.1948282 -0.19492637 0 0.1948282 0.9808374 0 0 0 0 1 1 0 0 25.1 0 0.9805052 -0.1964929 -0.19492637 0 0.1964929 0.9805052 0 0 0 0 1 1 0 0 25.1 0 0.98013616 -0.19832583 -0.19492637 0 0.19832583 0.98013616 0 0 0 0 1 1 0 0 25.1 0 0.97973514 -0.20029731 -0.19492637 0 0.20029731 0.97973514 0 0 0 0 1 1 0 0 25.1 0 0.97930753 -0.20237768 -0.19492637 0 0.20237768 0.97930753 0 0 0 0 1 1 0 0 25.1 0 0.97885877 -0.20453735 -0.19492637 0 0.20453735 0.97885877 0 0 0 0 1 1 0 0 25.1 0 0.9783945 -0.20674676 -0.19492637 0 0.20674676 0.9783945 0 0 0 0 1 1 0 0 25.1 0 0.9779207 -0.20897636 -0.19492637 0 0.20897636 0.9779207 0 0 0 0 1 1 0 0 25.1 0 0.9774436 -0.2111967 -0.19492637 0 0.2111967 0.9774436 0 0 0 0 1 1 0 0 25.1 0 0.9774436 -0.2111967 -0.19492637 0 0.2111967 0.9774436 0 0 0 0 1</float_array>
        <technique_common>
          <accessor source="#Motion_55_LForeArmEX_transform_pose_array_id" count="86" stride="16">
            <param name="TRANSFORM" type="float4x4" />
          </accessor>
        </technique_common>
      </source>
      <sampler id="Motion_55_LForeArmEX_transform_samp_id">
        <input semantic="INPUT" source="#Motion_55_LForeArmEX_transform_frame_id" />
        <input semantic="INTERPOLATION" source="#Motion_55_LForeArmEX_transform_interp_id" />
        <input semantic="OUTPUT" source="#Motion_55_LForeArmEX_transform_pose_id" />
      </sampler>
      <channel source="#Motion_55_LForeArmEX_transform_samp_id" target="LForeArmEX_bone_id/transform" />
    </animation>
    <animation id="Motion_55_RShoulder_transform_id" name="Motion_55_RShoulder_transform">
      <source id="Motion_55_RShoulder_transform_frame_id" name="Motion_55_RShoulder_transform_frame">
        <float_array id="Motion_55_RShoulder_transform_frame_array_id" count="86">0 0.033333335 0.06666667 0.1 0.13333334 0.16666667 0.2 0.23333333 0.26666668 0.3 0.33333334 0.36666667 0.4 0.43333334 0.46666667 0.5 0.53333336 0.56666666 0.6 0.6333333 0.6666667 0.7 0.73333335 0.76666665 0.8 0.8333333 0.8666667 0.9 0.93333334 0.96666664 1 1.0333333 1.0666667 1.1 1.1333333 1.1666666 1.2 1.2333333 1.2666667 1.3 1.3333334 1.3666667 1.4 1.4333333 1.4666667 1.5 1.5333333 1.5666667 1.6 1.6333333 1.6666666 1.7 1.7333333 1.7666667 1.8 1.8333334 1.8666667 1.9 1.9333333 1.9666667 2 2.0333333 2.0666666 2.1 2.1333334 2.1666667 2.2 2.2333333 2.2666667 2.3 2.3333333 2.3666666 2.4 2.4333334 2.4666667 2.5 2.5333333 2.5666666 2.6 2.6333334 2.6666667 2.7 2.7333333 2.7666667 2.8 2.8333333</float_array>
        <technique_common>
          <accessor source="#Motion_55_RShoulder_transform_frame_array_id" count="86" stride="1">
            <param name="TIME" type="float" />
          </accessor>
        </technique_common>
      </source>
      <source id="Motion_55_RShoulder_transform_interp_id" name="Motion_55_RShoulder_transform_interp">
        <Name_array id="Motion_55_RShoulder_transform_interp_array_id" count="86">LINEAR LINEAR LINEAR LINEAR LINEAR LINEAR LINEAR LINEAR LINEAR LINEAR LINEAR LINEAR LINEAR LINEAR LINEAR LINEAR LINEAR LINEAR LINEAR LINEAR LINEAR LINEAR LINEAR LINEAR LINEAR LINEAR LINEAR LINEAR LINEAR LINEAR LINEAR LINEAR LINEAR LINEAR LINEAR LINEAR LINEAR LINEAR LINEAR LINEAR LINEAR LINEAR LINEAR LINEAR LINEAR LINEAR LINEAR LINEAR LINEAR LINEAR LINEAR LINEAR LINEAR LINEAR LINEAR LINEAR LINEAR LINEAR LINEAR LINEAR LINEAR LINEAR LINEAR LINEAR LINEAR LINEAR LINEAR LINEAR LINEAR LINEAR LINEAR LINEAR LINEAR LINEAR LINEAR LINEAR LINEAR LINEAR LINEAR LINEAR LINEAR LINEAR LINEAR LINEAR LINEAR LINEAR</Name_array>
        <technique_common>
          <accessor source="#Motion_55_RShoulder_transform_interp_array_id" count="86" stride="1">
            <param name="INTERPOLATION" type="Name" />
          </accessor>
        </technique_common>
      </source>
      <source id="Motion_55_RShoulder_transform_pose_id" name="Motion_55_RShoulder_transform_pose">
        <float_array id="Motion_55_RShoulder_transform_pose_array_id" count="1376">-0.03431809 -0.96962655 -0.2421706 20.00505 0.97481203 0.020954669 -0.22204138 7.197387 0.22037184 -0.24369086 0.94448453 -0.2071 0 0 0 1 -0.026486874 -0.96996987 -0.24177842 20.00505 0.97493505 0.028382957 -0.22067147 7.197387 0.22090708 -0.24156317 0.944906 -0.2071 0 0 0 1 -0.019084811 -0.9702246 -0.24145444 20.00505 0.97502005 0.035391748 -0.21927968 7.197387 0.22129603 -0.23960778 0.94531274 -0.2071 0 0 0 1 -0.012797713 -0.9704121 -0.24111527 20.00505 0.97511786 0.041259587 -0.21781339 7.197387 0.22131705 -0.23790337 0.9457382 -0.2071 0 0 0 1 -0.008312225 -0.97056913 -0.2406792 20.00505 0.9752948 0.04526496 -0.21622016 7.197387 0.22075096 -0.23653044 0.94621474 -0.2071 0 0 0 1 -0.0064173937 -0.9706688 -0.24033502 20.00505 0.9755579 0.046714306 -0.21471958 7.197387 0.21964866 -0.2358387 0.9466438 -0.2071 0 0 0 1 -0.007512331 -0.9707006 -0.24017455 20.00505 0.9758451 0.045324743 -0.21370994 7.197387 0.21833421 -0.23597865 0.946913 -0.2071 0 0 0 1 -0.0108937025 -0.97069126 -0.24008346 20.00505 0.9760855 0.041809022 -0.21332945 7.197387 0.21711469 -0.23666586 0.9470219 -0.2071 0 0 0 1 -0.01575625 -0.97062147 -0.24009494 20.00505 0.97622883 0.03698039 -0.2135643 7.197387 0.2161689 -0.23775262 0.94696605 -0.2071 0 0 0 1 -0.02129519 -0.97048 -0.24023946 20.00505 0.9762328 0.03165269 -0.2144003 7.197387 0.21567543 -0.23909537 0.94674045 -0.2071 0 0 0 1 -0.02670598 -0.9702701 -0.24054676 20.00505 0.97606915 0.026640475 -0.21582237 7.197387 0.21581426 -0.24055403 0.94633925 -0.2071 0 0 0 1 -0.031164765 -0.9700252 -0.24099767 20.00505 0.97573686 0.022753298 -0.21776097 7.197387 0.21671712 -0.24193679 0.9457803 -0.2071 0 0 0 1 -0.033735037 -0.96981126 -0.24151228 20.00505 0.97536486 0.020763397 -0.21961868 7.197387 0.21800329 -0.24297142 0.9452193 -0.2071 0 0 0 1 -0.033114552 -0.9696439 -0.24226844 20.00505 0.9751728 0.021757603 -0.22037348 7.197387 0.21895498 -0.2435512 0.94485 -0.2071 0 0 0 1 -0.02862835 -0.9695171 -0.2433456 20.00505 0.9751514 0.026414275 -0.21995912 7.197387 0.21968193 -0.24359588 0.9446697 -0.2071 0 0 0 1 -0.021309733 -0.96936303 -0.2447063 20.00505 0.97473735 0.034287333 -0.2207065 7.197387 0.22233501 -0.2432276 0.9441438 -0.2071 0 0 0 1 -0.014027119 -0.96915156 -0.24606593 20.00505 0.9735934 0.042841017 -0.22423306 7.197387 0.22785755 -0.24271351 0.9429587 -0.2071 0 0 0 1 -0.009580135 -0.9689899 -0.24691455 20.00505 0.97184116 0.04911685 -0.23046088 7.197387 0.23544194 -0.24216959 0.94123375 -0.2071 0 0 0 1 -0.009369612 -0.96901375 -0.24682876 20.00505 0.96965736 0.051498115 -0.23898214 7.197387 0.2442882 -0.24157849 0.9391289 -0.2071 0 0 0 1 -0.011931539 -0.96911776 -0.24631004 20.00505 0.9676013 0.050938606 -0.24729194 7.197387 0.2522017 -0.24128042 0.93711156 -0.2071 0 0 0 1 -0.015799165 -0.96929026 -0.2454113 20.00505 0.96619284 0.04836893 -0.25324255 7.197387 0.2573358 -0.24111569 0.93575716 -0.2071 0 0 0 1 -0.020085216 -0.9695581 -0.2440362 20.00505 0.9659791 0.044128537 -0.25482735 7.197387 0.2578389 -0.24085215 0.9356866 -0.2071 0 0 0 1 -0.024755001 -0.9696335 -0.24330656 20.00505 0.96717066 0.038345158 -0.25121814 7.197387 0.25291917 -0.24153785 0.93685186 -0.2071 0 0 0 1 -0.029616714 -0.96959215 -0.24292792 20.00505 0.96919245 0.03159648 -0.24426979 7.197387 0.24451773 -0.24267834 0.93878555 -0.2071 0 0 0 1 -0.034457207 -0.9696396 -0.24209827 20.00505 0.97138673 0.024464726 -0.23623975 7.197387 0.2349903 -0.24331124 0.9410522 -0.2071 0 0 0 1 -0.03946781 -0.96971685 -0.24102226 20.00505 0.9729207 0.01768291 -0.23046218 7.197387 0.22774503 -0.24359135 0.9427595 -0.2071 0 0 0 1 -0.04478228 -0.96974766 -0.23996708 20.00505 0.9730935 0.012001634 -0.23009793 7.197387 0.22601691 -0.24381469 0.94311756 -0.2071 0 0 0 1 -0.049619675 -0.96979046 -0.23883992 20.00505 0.9722053 0.007885635 -0.23399737 7.197387 0.22881183 -0.2438123 0.942444 -0.2071 0 0 0 1 -0.053287745 -0.9698471 -0.23781729 20.00505 0.9708439 0.005422652 -0.23965123 7.197387 0.23371467 -0.24365392 0.94128114 -0.2071 0 0 0 1 -0.055621147 -0.9699102 -0.23702423 20.00505 0.9696122 0.004173577 -0.24461174 7.197387 0.23824067 -0.24342716 0.94020456 -0.2071 0 0 0 1 -0.056422472 -0.96996665 -0.23660378 20.00505 0.9691509 0.0037391186 -0.24644005 7.197387 0.23992331 -0.24320948 0.9398329 -0.2071 0 0 0 1 -0.05585122 -0.97000307 -0.2365897 20.00505 0.9696242 0.003822565 -0.2445695 7.197387 0.23813751 -0.24306263 0.94032496 -0.2071 0 0 0 1 -0.05455184 -0.9700207 -0.23682004 20.00505 0.9705214 0.004251957 -0.24097738 7.197387 0.23475999 -0.24298471 0.941194 -0.2071 0 0 0 1 -0.053047657 -0.9700248 -0.23714557 20.00505 0.97148705 0.0048233867 -0.23704381 7.197387 0.23108223 -0.24295841 0.94211054 -0.2071 0 0 0 1 -0.051540375 -0.9699853 -0.23763822 20.00505 0.9723025 0.0055809617 -0.23365903 7.197387 0.22797208 -0.24309915 0.94283164 -0.2071 0 0 0 1 -0.04986787 -0.96996796 -0.238066 20.00505 0.9729487 0.006656587 -0.23092568 7.197387 0.22557522 -0.24314174 0.943397 -0.2071 0 0 0 1 -0.048003435 -0.97008276 -0.23798126 20.00505 0.97341776 0.007984817 -0.22889745 7.197387 0.2239497 -0.24264309 0.9439125 -0.2071 0 0 0 1 -0.04591787 -0.97004217 -0.23855796 20.00505 0.97407335 0.009478807 -0.22603406 7.197387 0.22152382 -0.24275194 0.9444568 -0.2071 0 0 0 1 -0.043720365 -0.96996003 -0.23930347 20.00505 0.97472876 0.011110544 -0.22311538 7.197387 0.2190718 -0.24301064 0.9449621 -0.2071 0 0 0 1 -0.04160154 -0.9698746 -0.24002607 20.00505 0.97517693 0.012877464 -0.22105226 7.197387 0.2174839 -0.24326399 0.9452636 -0.2071 0 0 0 1 -0.039659142 -0.96983033 -0.24053344 20.00505 0.9753247 0.014749646 -0.22028202 7.197387 0.21718398 -0.24333441 0.94531447 -0.2071 0 0 0 1 -0.037876606 -0.9697623 -0.24109413 20.00505 0.9751761 0.016803443 -0.22079216 7.197387 0.21816714 -0.24347208 0.9450526 -0.2071 0 0 0 1 -0.03614664 -0.9696751 -0.24170955 20.00505 0.97478956 0.019077301 -0.22230886 7.197387 0.22017853 -0.2436517 0.9445397 -0.2071 0 0 0 1 -0.034421325 -0.969612 -0.24221398 20.00505 0.97425735 0.021473408 -0.22441348 7.197387 0.22279517 -0.2437034 0.94391257 -0.2071 0 0 0 1 -0.03272307 -0.9695689 -0.24262242 20.00505 0.97362965 0.023913324 -0.22687835 7.197387 0.22577612 -0.24364844 0.94321823 -0.2071 0 0 0 1 -0.03107214 -0.9695412 -0.24294892 20.00505 0.9729583 0.026320636 -0.22947575 7.197387 0.22888076 -0.24350955 0.94250554 -0.2071 0 0 0 1 -0.029490113 -0.96952605 -0.24320684 20.00505 0.97229993 0.02861756 -0.23197837 7.197387 0.23186906 -0.24331106 0.9418261 -0.2071 0 0 0 1 -0.027995944 -0.9695198 -0.24340846 20.00505 0.97171265 0.030728877 -0.2341588 7.197387 0.23450126 -0.24307854 0.9412343 -0.2071 0 0 0 1 -0.026752114 -0.96954554 -0.24344578 20.00505 0.97128314 0.032385528 -0.23571229 7.197387 0.23641792 -0.24276057 0.9408368 -0.2071 0 0 0 1 -0.026015043 -0.96953946 -0.24354973 20.00505 0.9709993 0.033414245 -0.23673604 7.197387 0.23766297 -0.24264531 0.94055283 -0.2071 0 0 0 1 -0.025945783 -0.96946204 -0.24386494 20.00505 0.9706781 0.03388548 -0.23798285 7.197387 0.23897885 -0.242889 0.9401564 -0.2071 0 0 0 1 -0.02670753 -0.9693139 -0.24437115 20.00505 0.9700902 0.03387016 -0.24037029 7.197387 0.24127117 -0.24348174 0.9394173 -0.2071 0 0 0 1 -0.028468609 -0.9690641 -0.24516167 20.00505 0.9690236 0.033437252 -0.244694 7.197387 0.2453217 -0.24453354 0.93809414 -0.2071 0 0 0 1 -0.03124988 -0.96860266 -0.2466423 20.00505 0.9675232 0.032614708 -0.25066963 7.197387 0.25084344 -0.24646553 0.93612623 -0.2071 0 0 0 1 -0.03468728 -0.96800166 -0.24853513 20.00505 0.9659448 0.03133142 -0.25684434 7.197387 0.2564127 -0.2489804 0.9339493 -0.2071 0 0 0 1 -0.038361788 -0.9673584 -0.25049165 20.00505 0.9647017 0.02950573 -0.26168674 7.197387 0.2605358 -0.25168854 0.93208045 -0.2071 0 0 0 1 -0.041952014 -0.9667439 -0.25228214 20.00505 0.96426505 0.026936114 -0.26356655 7.197387 0.26159686 -0.25432402 0.93106735 -0.2071 0 0 0 1 -0.04535377 -0.96624696 -0.2535938 20.00505 0.96476257 0.023496985 -0.26207078 7.197387 0.25918376 -0.2565437 0.9311332 -0.2071 0 0 0 1 -0.04880333 -0.965785 -0.2547104 20.00505 0.96587706 0.019309223 -0.25828004 7.197387 0.2543613 -0.2586239 0.9318873 -0.2071 0 0 0 1 -0.052525043 -0.9652831 -0.25587046 20.00505 0.9672964 0.014490962 -0.25323424 7.197387 0.24815054 -0.26080373 0.9329538 -0.2071 0 0 0 1 -0.05659449 -0.9647584 -0.2569791 20.00505 0.9688126 0.009126961 -0.24762619 7.197387 0.24124488 -0.2629789 0.9341536 -0.2071 0 0 0 1 -0.061451912 -0.9642882 -0.25762743 20.00505 0.9703348 0.0027505755 -0.2417494 7.197387 0.2338247 -0.26484084 0.9355134 -0.2071 0 0 0 1 -0.06736088 -0.9638509 -0.25778675 20.00505 0.97177094 -0.004827857 -0.2358769 7.197387 0.22610559 -0.26639855 0.9369675 -0.2071 0 0 0 1 -0.073949575 -0.96344066 -0.25751406 20.00505 0.9730474 -0.0131498575 -0.2302297 7.197387 0.21842636 -0.2675988 0.9384459 -0.2071 0 0 0 1 -0.08084345 -0.96306175 -0.25685865 20.00505 0.9741096 -0.021753788 -0.22502711 7.197387 0.21112737 -0.26840046 0.9398864 -0.2071 0 0 0 1 -0.08766425 -0.96273035 -0.25586188 20.00505 0.97492296 -0.030176163 -0.22048748 7.197387 0.20454906 -0.26877445 0.9412332 -0.2071 0 0 0 1 -0.09402788 -0.9624265 -0.25474328 20.00505 0.9755103 -0.03796041 -0.21665357 7.197387 0.19884294 -0.26887617 0.9424262 -0.2071 0 0 0 1 -0.09949911 -0.96215665 -0.2536819 20.00505 0.97595143 -0.0446707 -0.2133619 7.197387 0.1939554 -0.26881054 0.94346285 -0.2071 0 0 0 1 -0.10362458 -0.96199006 -0.25266033 20.00505 0.9763145 -0.049873352 -0.21052966 7.197387 0.18992639 -0.26849198 0.94437283 -0.2071 0 0 0 1 -0.10624707 -0.9619514 -0.25171605 20.00505 0.976627 -0.05338645 -0.20820537 7.197387 0.18684524 -0.26795393 0.94513994 -0.2071 0 0 0 1 -0.10756135 -0.96203494 -0.2508373 20.00505 0.9768833 -0.055386186 -0.20647398 7.197387 0.18474224 -0.26724738 0.9457532 -0.2071 0 0 0 1 -0.10767937 -0.96223265 -0.25002715 20.00505 0.97707397 -0.055965662 -0.20541252 7.197387 0.1836617 -0.26641372 0.94619876 -0.2071 0 0 0 1 -0.10671389 -0.96253103 -0.24929146 20.00505 0.97718245 -0.055218577 -0.20509854 7.197387 0.18364818 -0.26549008 0.94646096 -0.2071 0 0 0 1 -0.10477805 -0.9629124 -0.24863905 20.00505 0.97718483 -0.053239465 -0.20560986 7.197387 0.18474686 -0.2645097 0.94652164 -0.2071 0 0 0 1 -0.10198641 -0.96335584 -0.24808154 20.00505 0.97705096 -0.05012369 -0.20702434 7.197387 0.18700331 -0.26350194 0.9463596 -0.2071 0 0 0 1 -0.09842634 -0.96386 -0.24756077 20.00505 0.9767619 -0.045976758 -0.20933816 7.197387 0.19039065 -0.26241228 0.94598687 -0.2071 0 0 0 1 -0.09413564 -0.9644355 -0.24698724 20.00505 0.9763425 -0.04092312 -0.21232218 7.197387 0.19466354 -0.2611312 0.94547164 -0.2071 0 0 0 1 -0.0891552 -0.96505624 -0.2464097 20.00505 0.97584254 -0.035092354 -0.21563822 7.197387 0.19945593 -0.25968233 0.94487166 -0.2071 0 0 0 1 -0.08361542 -0.9656989 -0.24583396 20.00505 0.9753068 -0.02870214 -0.2189817 7.197387 0.20441443 -0.25807375 0.94425243 -0.2071 0 0 0 1 -0.07763195 -0.9663431 -0.2452636 20.00505 0.9747891 -0.02195406 -0.2220457 7.197387 0.2091878 -0.25631815 0.94368505 -0.2071 0 0 0 1 -0.07122159 -0.9669765 -0.24471252 20.00505 0.97435653 -0.014947653 -0.22451308 7.197387 0.21344097 -0.25442737 0.9432442 -0.2071 0 0 0 1 -0.064398885 -0.9675868 -0.24418968 20.00505 0.9740811 -0.007779002 -0.22606538 7.197387 0.21683833 -0.25241888 0.9430089 -0.2071 0 0 0 1 -0.057179213 -0.96816397 -0.24369854 20.00505 0.97403824 -0.0005428791 -0.2263826 7.197387 0.21904317 -0.2503161 0.94305986 -0.2071 0 0 0 1 -0.04964125 -0.96870124 -0.24321519 20.00505 0.97422504 0.0066874027 -0.22547887 7.197387 0.22004814 -0.2481394 0.9434011 -0.2071 0 0 0 1 -0.041965127 -0.9691912 -0.24270815 20.00505 0.9745176 0.013869524 -0.22388192 7.197387 0.22035062 -0.24591862 0.9439119 -0.2071 0 0 0 1 -0.041965127 -0.9691912 -0.24270815 20.00505 0.9745176 0.013869524 -0.22388192 7.197387 0.22035062 -0.24591862 0.9439119 -0.2071 0 0 0 1</float_array>
        <technique_common>
          <accessor source="#Motion_55_RShoulder_transform_pose_array_id" count="86" stride="16">
            <param name="TRANSFORM" type="float4x4" />
          </accessor>
        </technique_common>
      </source>
      <sampler id="Motion_55_RShoulder_transform_samp_id">
        <input semantic="INPUT" source="#Motion_55_RShoulder_transform_frame_id" />
        <input semantic="INTERPOLATION" source="#Motion_55_RShoulder_transform_interp_id" />
        <input semantic="OUTPUT" source="#Motion_55_RShoulder_transform_pose_id" />
      </sampler>
      <channel source="#Motion_55_RShoulder_transform_samp_id" target="RShoulder_bone_id/transform" />
    </animation>
    <animation id="Motion_55_RArm_transform_id" name="Motion_55_RArm_transform">
      <source id="Motion_55_RArm_transform_frame_id" name="Motion_55_RArm_transform_frame">
        <float_array id="Motion_55_RArm_transform_frame_array_id" count="86">0 0.033333335 0.06666667 0.1 0.13333334 0.16666667 0.2 0.23333333 0.26666668 0.3 0.33333334 0.36666667 0.4 0.43333334 0.46666667 0.5 0.53333336 0.56666666 0.6 0.6333333 0.6666667 0.7 0.73333335 0.76666665 0.8 0.8333333 0.8666667 0.9 0.93333334 0.96666664 1 1.0333333 1.0666667 1.1 1.1333333 1.1666666 1.2 1.2333333 1.2666667 1.3 1.3333334 1.3666667 1.4 1.4333333 1.4666667 1.5 1.5333333 1.5666667 1.6 1.6333333 1.6666666 1.7 1.7333333 1.7666667 1.8 1.8333334 1.8666667 1.9 1.9333333 1.9666667 2 2.0333333 2.0666666 2.1 2.1333334 2.1666667 2.2 2.2333333 2.2666667 2.3 2.3333333 2.3666666 2.4 2.4333334 2.4666667 2.5 2.5333333 2.5666666 2.6 2.6333334 2.6666667 2.7 2.7333333 2.7666667 2.8 2.8333333</float_array>
        <technique_common>
          <accessor source="#Motion_55_RArm_transform_frame_array_id" count="86" stride="1">
            <param name="TIME" type="float" />
          </accessor>
        </technique_common>
      </source>
      <source id="Motion_55_RArm_transform_interp_id" name="Motion_55_RArm_transform_interp">
        <Name_array id="Motion_55_RArm_transform_interp_array_id" count="86">LINEAR LINEAR LINEAR LINEAR LINEAR LINEAR LINEAR LINEAR LINEAR LINEAR LINEAR LINEAR LINEAR LINEAR LINEAR LINEAR LINEAR LINEAR LINEAR LINEAR LINEAR LINEAR LINEAR LINEAR LINEAR LINEAR LINEAR LINEAR LINEAR LINEAR LINEAR LINEAR LINEAR LINEAR LINEAR LINEAR LINEAR LINEAR LINEAR LINEAR LINEAR LINEAR LINEAR LINEAR LINEAR LINEAR LINEAR LINEAR LINEAR LINEAR LINEAR LINEAR LINEAR LINEAR LINEAR LINEAR LINEAR LINEAR LINEAR LINEAR LINEAR LINEAR LINEAR LINEAR LINEAR LINEAR LINEAR LINEAR LINEAR LINEAR LINEAR LINEAR LINEAR LINEAR LINEAR LINEAR LINEAR LINEAR LINEAR LINEAR LINEAR LINEAR LINEAR LINEAR LINEAR LINEAR</Name_array>
        <technique_common>
          <accessor source="#Motion_55_RArm_transform_interp_array_id" count="86" stride="1">
            <param name="INTERPOLATION" type="Name" />
          </accessor>
        </technique_common>
      </source>
      <source id="Motion_55_RArm_transform_pose_id" name="Motion_55_RArm_transform_pose">
        <float_array id="Motion_55_RArm_transform_pose_array_id" count="1376">0.44718826 -0.81517434 0.36812142 17.0399 0.6800239 0.04250598 -0.7319567 0 0.58102506 0.57765377 0.57334626 0 0 0 0 1 0.44944894 -0.82382566 0.34540844 17.0399 0.66377467 0.04922247 -0.7463111 0 0.5978284 0.5647021 0.56895757 0 0 0 0 1 0.4504174 -0.83297706 0.3213618 17.0399 0.64642465 0.05597967 -0.76092154 0 0.61584044 0.5504685 0.56367105 0 0 0 0 1 0.4506284 -0.8418825 0.29693088 17.0399 0.62977296 0.064058125 -0.7741335 0 0.63270855 0.5358456 0.55906117 0 0 0 0 1 0.4510734 -0.8494881 0.27368358 17.0399 0.61624354 0.07463324 -0.7840113 0 0.64558244 0.5223023 0.5571567 0 0 0 0 1 0.45286602 -0.8550014 0.25275493 17.0399 0.60780853 0.08865732 -0.78911895 0 0.65228915 0.51099175 0.55982697 0 0 0 0 1 0.45671254 -0.8582099 0.23428495 17.0399 0.6040321 0.105808854 -0.78990483 0 0.65311474 0.5022751 0.56671053 0 0 0 0 1 0.46269292 -0.85915077 0.21857537 17.0399 0.6038946 0.124952674 -0.78720915 0 0.6490198 0.49623263 0.57665116 0 0 0 0 1 0.46950853 -0.85841274 0.206614 17.0399 0.6069393 0.14383364 -0.7816243 0 0.6412382 0.49238145 0.58853555 0 0 0 0 1 0.47662437 -0.8562993 0.19894935 17.0399 0.612363 0.16101742 -0.7740059 0 0.63074636 0.49073932 0.6011107 0 0 0 0 1 0.4842829 -0.8528077 0.19542027 17.0399 0.61915904 0.17624903 -0.76523095 0 0.6181522 0.49158448 0.613378 0 0 0 0 1 0.4920293 -0.84829843 0.19569597 17.0399 0.62747467 0.18973625 -0.75516605 0 0.6034756 0.49435806 0.6256416 0 0 0 0 1 0.49896342 -0.84323704 0.1999672 17.0399 0.63811946 0.2013604 -0.74314034 0 0.5863779 0.49840283 0.63855743 0 0 0 0 1 0.50303805 -0.8386622 0.20880218 17.0399 0.6523697 0.20999032 -0.72822917 0 0.5668919 0.5025432 0.65275097 0 0 0 0 1 0.50308526 -0.83516526 0.22227044 17.0399 0.6703458 0.21476525 -0.71029043 0 0.54547393 0.50633466 0.6678947 0 0 0 0 1 0.49949944 -0.8333475 0.2367115 17.0399 0.68837315 0.21590543 -0.69247913 0 0.5259684 0.5088388 0.68149865 0 0 0 0 1 0.4926688 -0.83438903 0.24712825 17.0399 0.70239323 0.21363395 -0.67897296 0 0.5137326 0.50809 0.69132 0 0 0 0 1 0.48593068 -0.8377211 0.24918798 17.0399 0.7082652 0.21039021 -0.67386675 0 0.5120858 0.5039437 0.6955638 0 0 0 0 1 0.48247868 -0.84163165 0.24263223 17.0399 0.7047603 0.2085247 -0.67810786 0 0.5201223 0.49817014 0.6937574 0 0 0 0 1 0.47832018 -0.8479716 0.2283724 17.0399 0.6952012 0.20673716 -0.6884439 0 0.53656787 0.4880614 0.6883974 0 0 0 0 1 0.4758216 -0.85442317 0.20869833 17.0399 0.68301415 0.2094518 -0.6997297 0 0.55415297 0.47549042 0.6832447 0 0 0 0 1 0.47695392 -0.85987765 0.18200365 17.0399 0.66843516 0.22040844 -0.7103622 0 0.57070947 0.46046767 0.6798972 0 0 0 0 1 0.47979492 -0.8645189 0.14967915 17.0399 0.6528388 0.23779571 -0.7192041 0 0.5861726 0.44278687 0.6784847 0 0 0 0 1 0.48321205 -0.8678353 0.11562012 17.0399 0.6395376 0.25969595 -0.72356737 0 0.5979112 0.42357993 0.68050146 0 0 0 0 1 0.48837352 -0.8685711 0.0841167 17.0399 0.629518 0.28391695 -0.7232554 0 0.60431653 0.4061717 0.68543863 0 0 0 0 1 0.4956473 -0.8665722 0.058193 17.0399 0.6218628 0.30731153 -0.7203099 0 0.60631716 0.39320773 0.6912071 0 0 0 0 1 0.50561976 -0.8617708 0.0412291 17.0399 0.6166138 0.3275305 -0.7158989 0 0.60343695 0.38739502 0.69698566 0 0 0 0 1 0.51854396 -0.8543283 0.035147786 17.0399 0.6146544 0.34386533 -0.70989907 0 0.5944007 0.3897176 0.7034259 0 0 0 0 1 0.5319216 -0.84573394 0.042349488 17.0399 0.6154097 0.35173893 -0.7053727 0 0.5816617 0.40126526 0.7075704 0 0 0 0 1 0.54277456 -0.8374728 0.06352189 17.0399 0.6183362 0.34727407 -0.7050255 0 0.56838024 0.42194778 0.7063314 0 0 0 0 1 0.5507722 -0.8293491 0.09396802 17.0399 0.6236573 0.33410013 -0.70670265 0 0.55470854 0.44783598 0.7012427 0 0 0 0 1 0.5562317 -0.82092386 0.12919132 17.0399 0.63079685 0.31587017 -0.7087463 0 0.5410191 0.4757206 0.6935332 0 0 0 0 1 0.56003803 -0.8115321 0.16665292 17.0399 0.6386419 0.2947569 -0.7108129 0 0.52772534 0.50451386 0.6833534 0 0 0 0 1 0.5631068 -0.80103254 0.20311998 17.0399 0.64620435 0.27361363 -0.71242934 0 0.5151026 0.5324308 0.67170435 0 0 0 0 1 0.56637114 -0.7900656 0.23456365 17.0399 0.65196854 0.2554134 -0.7139334 0 0.50414354 0.5572794 0.6597568 0 0 0 0 1 0.5704337 -0.7798886 0.25764173 17.0399 0.65457374 0.24218774 -0.71615523 0 0.4961236 0.5771646 0.6486466 0 0 0 0 1 0.57227266 -0.7734671 0.2724933 17.0399 0.6550965 0.23129225 -0.71927226 0 0.4933079 0.59012926 0.63905776 0 0 0 0 1 0.5727688 -0.77101266 0.27834392 17.0399 0.652578 0.22339976 -0.7240404 0 0.4960624 0.5963489 0.6311023 0 0 0 0 1 0.57373905 -0.76988286 0.279471 17.0399 0.6469253 0.21671051 -0.73111176 0 0.50230604 0.6002642 0.6223918 0 0 0 0 1 0.5761939 -0.7685821 0.27799672 17.0399 0.6393461 0.21196532 -0.739126 0 0.5091533 0.60361606 0.6135231 0 0 0 0 1 0.5797112 -0.7673673 0.2740116 17.0399 0.6299831 0.20882559 -0.7480061 0 0.5167748 0.60625017 0.60448694 0 0 0 0 1 0.5837814 -0.76637274 0.2680897 17.0399 0.61931616 0.20680511 -0.7574161 0 0.5250208 0.6081978 0.595356 0 0 0 0 1 0.58791125 -0.7657256 0.26081526 17.0399 0.6078384 0.20542943 -0.7670275 0 0.5337535 0.60947764 0.5862117 0 0 0 0 1 0.5916315 -0.76555264 0.25278717 17.0399 0.5960624 0.20423508 -0.7765292 0 0.542846 0.6100961 0.57714903 0 0 0 0 1 0.5945028 -0.7659818 0.24461846 17.0399 0.58452094 0.2027713 -0.7856328 0 0.55217886 0.6100455 0.5682806 0 0 0 0 1 0.5966445 -0.76683784 0.2365903 17.0399 0.57345474 0.20116264 -0.7941556 0 0.5613955 0.60950243 0.5597695 0 0 0 0 1 0.59836423 -0.767861 0.22880055 17.0399 0.56305397 0.19982344 -0.80189824 0 0.5700267 0.60865426 0.5519144 0 0 0 0 1 0.59954333 -0.7690526 0.22159843 17.0399 0.5538 0.19874656 -0.8085822 0 0.5778004 0.60750127 0.5450586 0 0 0 0 1 0.60007954 -0.7704132 0.2153323 17.0399 0.54618436 0.19792652 -0.8139457 0 0.58445466 0.6060433 0.53955936 0 0 0 0 1 0.599881 -0.77194345 0.21034789 17.0399 0.5407026 0.19735682 -0.8177353 0 0.58973175 0.6042795 0.53578234 0 0 0 0 1 0.5995488 -0.7730857 0.2070741 17.0399 0.53738034 0.19711804 -0.8199798 0 0.5930966 0.6028955 0.5336229 0 0 0 0 1 0.5995427 -0.77335966 0.20606646 17.0399 0.5364578 0.1972444 -0.8205532 0 0.5939374 0.6025026 0.53313124 0 0 0 0 1 0.5995866 -0.77280474 0.20801157 17.0399 0.5388448 0.19765097 -0.81888974 0 0.59172815 0.6030812 0.5349307 0 0 0 0 1 0.59924674 -0.7716167 0.21333338 17.0399 0.544893 0.19789267 -0.81481904 0 0.58651084 0.60452145 0.5390351 0 0 0 0 1 0.5972824 -0.7708273 0.22153758 17.0399 0.5540035 0.19678855 -0.8089217 0 0.57994294 0.6058873 0.5445794 0 0 0 0 1 0.5924095 -0.77157795 0.2317723 17.0399 0.5654851 0.1933291 -0.80177957 0 0.57382715 0.60604566 0.5508458 0 0 0 0 1 0.5837485 -0.7748063 0.2427195 17.0399 0.57852787 0.18716991 -0.79389733 0 0.5696869 0.6038564 0.5575072 0 0 0 0 1 0.57138276 -0.78054047 0.2535317 17.0399 0.5924444 0.17852044 -0.7855827 0 0.5679185 0.5990718 0.5644303 0 0 0 0 1 0.5568595 -0.78723526 0.2648927 17.0399 0.60704803 0.1680572 -0.7766913 0 0.5669217 0.5933105 0.57147384 0 0 0 0 1 0.5413248 -0.79390925 0.27690363 17.0399 0.62183255 0.15634203 -0.76738614 0 0.5659433 0.5875928 0.5783104 0 0 0 0 1 0.52575845 -0.8001295 0.28874007 17.0399 0.6357115 0.14405155 -0.75836664 0 0.56519806 0.58227307 0.5843879 0 0 0 0 1 0.51124686 -0.80547297 0.2997331 17.0399 0.64805627 0.13223207 -0.75002515 0 0.5644906 0.5776919 0.5895951 0 0 0 0 1 0.49890214 -0.80965555 0.30911884 17.0399 0.6584238 0.12217188 -0.7426655 0 0.5635377 0.57404864 0.5940483 0 0 0 0 1 0.48954266 -0.81253 0.31645393 17.0399 0.666478 0.114643514 -0.73665726 0 0.5622767 0.57153475 0.5976562 0 0 0 0 1 0.48277158 -0.8143555 0.32211286 17.0399 0.67261684 0.10925448 -0.73188114 0 0.56081915 0.5699899 0.6004942 0 0 0 0 1 0.47791827 -0.81535447 0.32678923 17.0399 0.6774585 0.10531998 -0.727982 0 0.55914587 0.569302 0.60270315 0 0 0 0 1 0.47425753 -0.815784 0.3310231 17.0399 0.68149316 0.102139115 -0.7246618 0 0.5573571 0.5692663 0.60439146 0 0 0 0 1 0.47104597 -0.8158813 0.3353406 17.0399 0.6851873 0.09899765 -0.72160786 0 0.5555484 0.5696816 0.605664 0 0 0 0 1 0.4678111 -0.8157581 0.34013432 17.0399 0.6888703 0.095431566 -0.71857524 0 0.5537241 0.5704659 0.6065956 0 0 0 0 1 0.46463448 -0.81544083 0.34521165 17.0399 0.69239897 0.09154564 -0.71568376 0 0.55199504 0.57155555 0.60714555 0 0 0 0 1 0.46161616 -0.8149829 0.3503046 17.0399 0.6955794 0.08747035 -0.71310455 0 0.5505268 0.5728453 0.6072631 0 0 0 0 1 0.4589275 -0.8142371 0.35553262 17.0399 0.69832194 0.08316779 -0.7109357 0 0.54930145 0.5745442 0.6067676 0 0 0 0 1 0.45673168 -0.81307685 0.36097392 17.0399 0.7005702 0.078660905 -0.7092347 0 0.54826784 0.5768175 0.6055443 0 0 0 0 1 0.45516425 -0.8114457 0.36658078 17.0399 0.7023686 0.07415891 -0.7079399 0 0.5472695 0.57970375 0.60368836 0 0 0 0 1 0.45435882 -0.80928814 0.37230468 17.0399 0.7037623 0.06986928 -0.7069914 0 0.5461471 0.58324176 0.60129225 0 0 0 0 1 0.45428866 -0.8066071 0.37816244 17.0399 0.7048588 0.065855145 -0.7062841 0 0.54478985 0.587408 0.5984613 0 0 0 0 1 0.45456284 -0.8035962 0.38419512 17.0399 0.70581895 0.06186956 -0.70568544 0 0.5433161 0.5919506 0.5953169 0 0 0 0 1 0.454742 -0.8006052 0.3901807 17.0399 0.7066264 0.05766177 -0.70523334 0 0.54211503 0.5964112 0.59195006 0 0 0 0 1 0.4543916 -0.79799914 0.39588585 17.0399 0.70725095 0.052981794 -0.7049745 0 0.54159427 0.60032517 0.58846015 0 0 0 0 1 0.45308352 -0.7961464 0.40108135 17.0399 0.7076551 0.047582865 -0.7049541 0 0.542162 0.6032303 0.58495605 0 0 0 0 1 0.45062327 -0.79536283 0.40538448 17.0399 0.70774615 0.041530132 -0.705245 0 0.5440901 0.604709 0.58162946 0 0 0 0 1 0.44768697 -0.79580534 0.4077626 17.0399 0.70720863 0.036055326 -0.70608497 0 0.54720414 0.60447824 0.5789419 0 0 0 0 1 0.44508892 -0.7978759 0.40655854 17.0399 0.7053685 0.03267789 -0.708087 0 0.55168015 0.6019353 0.5773412 0 0 0 0 1 0.4436456 -0.8018813 0.40020612 17.0399 0.7011967 0.032479763 -0.71222776 0 0.55812347 0.5965999 0.576686 0 0 0 0 1 0.44419825 -0.8077275 0.3876391 17.0399 0.693183 0.035728455 -0.71987545 0 0.56761354 0.58847225 0.5757736 0 0 0 0 1 0.44419825 -0.8077275 0.3876391 17.0399 0.693183 0.035728455 -0.71987545 0 0.56761354 0.58847225 0.5757736 0 0 0 0 1</float_array>
        <technique_common>
          <accessor source="#Motion_55_RArm_transform_pose_array_id" count="86" stride="16">
            <param name="TRANSFORM" type="float4x4" />
          </accessor>
        </technique_common>
      </source>
      <sampler id="Motion_55_RArm_transform_samp_id">
        <input semantic="INPUT" source="#Motion_55_RArm_transform_frame_id" />
        <input semantic="INTERPOLATION" source="#Motion_55_RArm_transform_interp_id" />
        <input semantic="OUTPUT" source="#Motion_55_RArm_transform_pose_id" />
      </sampler>
      <channel source="#Motion_55_RArm_transform_samp_id" target="RArm_bone_id/transform" />
    </animation>
    <animation id="Motion_55_RForeArm_transform_id" name="Motion_55_RForeArm_transform">
      <source id="Motion_55_RForeArm_transform_frame_id" name="Motion_55_RForeArm_transform_frame">
        <float_array id="Motion_55_RForeArm_transform_frame_array_id" count="86">0 0.033333335 0.06666667 0.1 0.13333334 0.16666667 0.2 0.23333333 0.26666668 0.3 0.33333334 0.36666667 0.4 0.43333334 0.46666667 0.5 0.53333336 0.56666666 0.6 0.6333333 0.6666667 0.7 0.73333335 0.76666665 0.8 0.8333333 0.8666667 0.9 0.93333334 0.96666664 1 1.0333333 1.0666667 1.1 1.1333333 1.1666666 1.2 1.2333333 1.2666667 1.3 1.3333334 1.3666667 1.4 1.4333333 1.4666667 1.5 1.5333333 1.5666667 1.6 1.6333333 1.6666666 1.7 1.7333333 1.7666667 1.8 1.8333334 1.8666667 1.9 1.9333333 1.9666667 2 2.0333333 2.0666666 2.1 2.1333334 2.1666667 2.2 2.2333333 2.2666667 2.3 2.3333333 2.3666666 2.4 2.4333334 2.4666667 2.5 2.5333333 2.5666666 2.6 2.6333334 2.6666667 2.7 2.7333333 2.7666667 2.8 2.8333333</float_array>
        <technique_common>
          <accessor source="#Motion_55_RForeArm_transform_frame_array_id" count="86" stride="1">
            <param name="TIME" type="float" />
          </accessor>
        </technique_common>
      </source>
      <source id="Motion_55_RForeArm_transform_interp_id" name="Motion_55_RForeArm_transform_interp">
        <Name_array id="Motion_55_RForeArm_transform_interp_array_id" count="86">LINEAR LINEAR LINEAR LINEAR LINEAR LINEAR LINEAR LINEAR LINEAR LINEAR LINEAR LINEAR LINEAR LINEAR LINEAR LINEAR LINEAR LINEAR LINEAR LINEAR LINEAR LINEAR LINEAR LINEAR LINEAR LINEAR LINEAR LINEAR LINEAR LINEAR LINEAR LINEAR LINEAR LINEAR LINEAR LINEAR LINEAR LINEAR LINEAR LINEAR LINEAR LINEAR LINEAR LINEAR LINEAR LINEAR LINEAR LINEAR LINEAR LINEAR LINEAR LINEAR LINEAR LINEAR LINEAR LINEAR LINEAR LINEAR LINEAR LINEAR LINEAR LINEAR LINEAR LINEAR LINEAR LINEAR LINEAR LINEAR LINEAR LINEAR LINEAR LINEAR LINEAR LINEAR LINEAR LINEAR LINEAR LINEAR LINEAR LINEAR LINEAR LINEAR LINEAR LINEAR LINEAR LINEAR</Name_array>
        <technique_common>
          <accessor source="#Motion_55_RForeArm_transform_interp_array_id" count="86" stride="1">
            <param name="INTERPOLATION" type="Name" />
          </accessor>
        </technique_common>
      </source>
      <source id="Motion_55_RForeArm_transform_pose_id" name="Motion_55_RForeArm_transform_pose">
        <float_array id="Motion_55_RForeArm_transform_pose_array_id" count="1376">0.054583073 5.0550475E-06 -0.9985092 25.1 -4.8317247E-06 1 4.798471E-06 0 0.9985092 4.562606E-06 0.054583073 0 0 0 0 1 0.04898691 5.0385233E-06 -0.99879944 25.1 -4.814706E-06 1 4.808439E-06 0 0.99879944 4.5733746E-06 0.04898691 0 0 0 0 1 0.06577808 5.0880208E-06 -0.9978343 25.1 -4.8656975E-06 1 4.7783133E-06 0 0.9978343 4.5408515E-06 0.06577808 0 0 0 0 1 0.10267639 5.1959246E-06 -0.9947148 25.1 -4.9769956E-06 1 4.7097965E-06 0 0.9947148 4.467106E-06 0.10267639 0 0 0 0 1 0.14937705 5.330856E-06 -0.9887803 25.1 -5.1164443E-06 1 4.618394E-06 0 0.9887803 4.369157E-06 0.14937705 0 0 0 0 1 0.19606352 5.4640036E-06 -0.98059124 25.1 -5.254365E-06 1 4.5215725E-06 0 0.98059124 4.265869E-06 0.19606352 0 0 0 0 1 0.23917812 5.585489E-06 -0.97097564 25.1 -5.3804997E-06 1 4.427084E-06 0 0.97097564 4.1654735E-06 0.23917812 0 0 0 0 1 0.2744419 5.683843E-06 -0.9616037 25.1 -5.4828374E-06 1 4.3459922E-06 0 0.9616037 4.079594E-06 0.2744419 0 0 0 0 1 0.30763847 5.775628E-06 -0.95150334 25.1 -5.5785285E-06 1 4.2663623E-06 0 0.95150334 3.995491E-06 0.30763847 0 0 0 0 1 0.33440012 5.84907E-06 -0.9424312 25.1 -5.655235E-06 1 4.199732E-06 0 0.9424312 3.925279E-06 0.33440012 0 0 0 0 1 0.3489434 5.888778E-06 -0.9371438 25.1 -5.696763E-06 1 4.1625735E-06 0 0.9371438 3.8861826E-06 0.3489434 0 0 0 0 1 0.3476302 5.8851983E-06 -0.9376317 25.1 -5.6930166E-06 1 4.1659573E-06 0 0.9376317 3.889741E-06 0.3476302 0 0 0 0 1 0.31464052 5.79489E-06 -0.9492109 25.1 -5.5986347E-06 1 4.2491433E-06 0 0.9492109 3.9773327E-06 0.31464052 0 0 0 0 1 0.24537832 5.602847E-06 -0.96942735 25.1 -5.3985464E-06 1 4.41308E-06 0 0.96942735 4.1506246E-06 0.24537832 0 0 0 0 1 0.15482044 5.3464687E-06 -0.9879427 25.1 -5.1326E-06 1 4.6073906E-06 0 0.9879427 4.357396E-06 0.15482044 0 0 0 0 1 0.067275286 5.092422E-06 -0.9977344 25.1 -4.870233E-06 1 4.775595E-06 0 0.9977344 4.53792E-06 0.067275286 0 0 0 0 1 -0.00032126904 4.891687E-06 -0.99999994 25.1 -4.6636555E-06 1 4.893185E-06 0 0.99999994 4.6652276E-06 -0.00032126904 0 0 0 0 1 -0.04262805 4.763847E-06 -0.999091 25.1 -4.532406E-06 1 4.9615646E-06 0 0.999091 4.739788E-06 -0.04262805 0 0 0 0 1 -0.054403782 4.727945E-06 -0.998519 25.1 -4.495588E-06 1 4.9798964E-06 0 0.998519 4.759855E-06 -0.054403782 0 0 0 0 1 -0.042313457 4.7648045E-06 -0.99910444 25.1 -4.533388E-06 1 4.9610708E-06 0 0.99910444 4.7392477E-06 -0.042313457 0 0 0 0 1 -0.013005972 4.853541E-06 -0.9999154 25.1 -4.6244686E-06 1 4.9141026E-06 0 0.9999154 4.6879895E-06 -0.013005972 0 0 0 0 1 0.024227202 4.9650725E-06 -0.99970645 25.1 -4.7391068E-06 1 4.8516813E-06 0 0.99970645 4.620173E-06 0.024227202 0 0 0 0 1 0.06940895 5.098691E-06 -0.99758834 25.1 -4.876695E-06 1 4.7717126E-06 0 0.99758834 4.533734E-06 0.06940895 0 0 0 0 1 0.12950492 5.273658E-06 -0.99157876 25.1 -5.057293E-06 1 4.65794E-06 0 0.99157876 4.4114786E-06 0.12950492 0 0 0 0 1 0.20010072 5.4754382E-06 -0.9797753 25.1 -5.2662253E-06 1 4.5129354E-06 0 0.9797753 4.256676E-06 0.20010072 0 0 0 0 1 0.27494395 5.6852364E-06 -0.96146023 25.1 -5.484289E-06 1 4.344812E-06 0 0.96146023 4.0783457E-06 0.27494395 0 0 0 0 1 0.34955066 5.8904334E-06 -0.9369175 25.1 -5.6984945E-06 1 4.1610074E-06 0 0.9369175 3.8845355E-06 0.34955066 0 0 0 0 1 0.41441613 6.0658213E-06 -0.9100875 25.1 -5.8824135E-06 1 3.9864894E-06 0 0.9100875 3.7014456E-06 0.41441613 0 0 0 0 1 0.46131313 6.190952E-06 -0.88723737 25.1 -6.014166E-06 1 3.850759E-06 0 0.88723737 3.5595872E-06 0.46131313 0 0 0 0 1 0.4799558 6.2403137E-06 -0.8772927 25.1 -6.0662765E-06 1 3.7943655E-06 0 0.8772927 3.5007724E-06 0.4799558 0 0 0 0 1 0.4763009 6.230653E-06 -0.8792823 25.1 -6.056072E-06 1 3.805536E-06 0 0.8792823 3.5124172E-06 0.4763009 0 0 0 0 1 0.46387696 6.197753E-06 -0.8858996 25.1 -6.021342E-06 1 3.8430894E-06 0 0.8858996 3.5515836E-06 0.46387696 0 0 0 0 1 0.44553953 6.1490196E-06 -0.8952623 25.1 -5.969961E-06 1 3.8973667E-06 0 0.8952623 3.6082497E-06 0.44553953 0 0 0 0 1 0.423199 6.0893612E-06 -0.90603673 25.1 -5.907163E-06 1 3.961711E-06 0 0.90603673 3.6755152E-06 0.423199 0 0 0 0 1 0.3938536 6.010517E-06 -0.9191732 25.1 -5.82433E-06 1 4.0433993E-06 0 0.9191732 3.7610605E-06 0.3938536 0 0 0 0 1 0.3560136 5.9080307E-06 -0.9344808 25.1 -5.7169113E-06 1 4.1442613E-06 0 0.9344808 3.86693E-06 0.3560136 0 0 0 0 1 0.31480575 5.795345E-06 -0.9491561 25.1 -5.5991095E-06 1 4.2487354E-06 0 0.9491561 3.976903E-06 0.31480575 0 0 0 0 1 0.2746811 5.684507E-06 -0.96153533 25.1 -5.4835286E-06 1 4.3454306E-06 0 0.96153533 4.0789996E-06 0.2746811 0 0 0 0 1 0.23677182 5.578745E-06 -0.9715653 25.1 -5.3734902E-06 1 4.43249E-06 0 0.9715653 4.171208E-06 0.23677182 0 0 0 0 1 0.20284694 5.4832085E-06 -0.97921044 25.1 -5.2742867E-06 1 4.507035E-06 0 0.97921044 4.2503984E-06 0.20284694 0 0 0 0 1 0.17468625 5.4032475E-06 -0.9846242 25.1 -5.1913908E-06 1 4.5665984E-06 0 0.9846242 4.313847E-06 0.17468625 0 0 0 0 1 0.15405542 5.344276E-06 -0.9880622 25.1 -5.13033E-06 1 4.6089413E-06 0 0.9880622 4.359053E-06 0.15405542 0 0 0 0 1 0.14233309 5.310618E-06 -0.9898188 25.1 -5.0955077E-06 1 4.632523E-06 0 0.9898188 4.3842683E-06 0.14233309 0 0 0 0 1 0.13795608 5.298023E-06 -0.9904384 25.1 -5.082483E-06 1 4.6412415E-06 0 0.9904384 4.393598E-06 0.13795608 0 0 0 0 1 0.138232 5.2988166E-06 -0.9903999 25.1 -5.0833037E-06 1 4.6406926E-06 0 0.9903999 4.393011E-06 0.138232 0 0 0 0 1 0.1404534 5.3052104E-06 -0.99008733 25.1 -5.0899157E-06 1 4.6362725E-06 0 0.99008733 4.3882806E-06 0.1404534 0 0 0 0 1 0.14328521 5.313356E-06 -0.9896814 25.1 -5.0983404E-06 1 4.6306204E-06 0 0.9896814 4.382233E-06 0.14328521 0 0 0 0 1 0.14766377 5.3259373E-06 -0.98903763 25.1 -5.1113548E-06 1 4.6218415E-06 0 0.98903763 4.3728437E-06 0.14766377 0 0 0 0 1 0.15377688 5.343478E-06 -0.9881056 25.1 -5.1295046E-06 1 4.6095056E-06 0 0.9881056 4.3596565E-06 0.15377688 0 0 0 0 1 0.15683007 5.3522263E-06 -0.9876256 25.1 -5.1385587E-06 1 4.6033088E-06 0 0.9876256 4.353035E-06 0.15683007 0 0 0 0 1 0.15913957 5.35884E-06 -0.98725617 25.1 -5.1454044E-06 1 4.598606E-06 0 0.98725617 4.3480113E-06 0.15913957 0 0 0 0 1 0.16248608 5.368414E-06 -0.9867108 25.1 -5.1553156E-06 1 4.5917677E-06 0 0.9867108 4.340708E-06 0.16248608 0 0 0 0 1 0.16646558 5.3797894E-06 -0.98604727 25.1 -5.167094E-06 1 4.5836E-06 0 0.98604727 4.3319874E-06 0.16646558 0 0 0 0 1 0.1713031 5.3935996E-06 -0.98521835 25.1 -5.1813963E-06 1 4.5736156E-06 0 0.98521835 4.3213327E-06 0.1713031 0 0 0 0 1 0.17722255 5.4104744E-06 -0.9841708 25.1 -5.1988777E-06 1 4.561318E-06 0 0.9841708 4.3082155E-06 0.17722255 0 0 0 0 1 0.18444586 5.4310285E-06 -0.9828427 25.1 -5.2201776E-06 1 4.546189E-06 0 0.9828427 4.292088E-06 0.18444586 0 0 0 0 1 0.1927768 5.4546854E-06 -0.9812426 25.1 -5.244702E-06 1 4.5285724E-06 0 0.9812426 4.273322E-06 0.1927768 0 0 0 0 1 0.20125979 5.4787192E-06 -0.9795379 25.1 -5.269629E-06 1 4.5104475E-06 0 0.9795379 4.254029E-06 0.20125979 0 0 0 0 1 0.20898128 5.500548E-06 -0.97791964 25.1 -5.2922783E-06 1 4.4937856E-06 0 0.97791964 4.236306E-06 0.20898128 0 0 0 0 1 0.21503311 5.517626E-06 -0.9766068 25.1 -5.310004E-06 1 4.480615E-06 0 0.9766068 4.222305E-06 0.21503311 0 0 0 0 1 0.21975595 5.5309342E-06 -0.9755549 25.1 -5.3238214E-06 1 4.470269E-06 0 0.9755549 4.211312E-06 0.21975595 0 0 0 0 1 0.22421348 5.54348E-06 -0.9745401 25.1 -5.33685E-06 1 4.4604485E-06 0 0.9745401 4.2008814E-06 0.22421348 0 0 0 0 1 0.22858477 5.5557675E-06 -0.97352403 25.1 -5.349614E-06 1 4.4507656E-06 0 0.97352403 4.190601E-06 0.22858477 0 0 0 0 1 0.23304826 5.5683013E-06 -0.9724652 25.1 -5.3626372E-06 1 4.4408257E-06 0 0.9724652 4.180051E-06 0.23304826 0 0 0 0 1 0.23740721 5.5805267E-06 -0.9714103 25.1 -5.375342E-06 1 4.431065E-06 0 0.9714103 4.1696953E-06 0.23740721 0 0 0 0 1 0.24083316 5.5901255E-06 -0.9705666 25.1 -5.38532E-06 1 4.4233566E-06 0 0.9705666 4.1615203E-06 0.24083316 0 0 0 0 1 0.2425589 5.594958E-06 -0.9701367 25.1 -5.3903436E-06 1 4.419462E-06 0 0.9701367 4.1573903E-06 0.2425589 0 0 0 0 1 0.24181718 5.592881E-06 -0.97032183 25.1 -5.3881845E-06 1 4.421137E-06 0 0.97032183 4.159166E-06 0.24181718 0 0 0 0 1 0.23829895 5.5830255E-06 -0.9711918 25.1 -5.37794E-06 1 4.4290614E-06 0 0.9711918 4.1675708E-06 0.23829895 0 0 0 0 1 0.23227262 5.5661244E-06 -0.9726507 25.1 -5.360375E-06 1 4.4425565E-06 0 0.9726507 4.181888E-06 0.23227262 0 0 0 0 1 0.22383136 5.5424034E-06 -0.97462785 25.1 -5.3357326E-06 1 4.461292E-06 0 0.97462785 4.201777E-06 0.22383136 0 0 0 0 1 0.21306562 5.5120768E-06 -0.97703785 25.1 -5.3042436E-06 1 4.4849075E-06 0 0.97703785 4.2268675E-06 0.21306562 0 0 0 0 1 0.20107102 5.4781844E-06 -0.97957665 25.1 -5.2690743E-06 1 4.5108536E-06 0 0.97957665 4.2544607E-06 0.20107102 0 0 0 0 1 0.18887407 5.443609E-06 -0.9820013 25.1 -5.2332184E-06 1 4.536847E-06 0 0.9820013 4.282135E-06 0.18887407 0 0 0 0 1 0.1764605 5.408303E-06 -0.9843077 25.1 -5.196628E-06 1 4.562906E-06 0 0.9843077 4.309909E-06 0.1764605 0 0 0 0 1 0.1638158 5.3722165E-06 -0.98649096 25.1 -5.159253E-06 1 4.589043E-06 0 0.98649096 4.3377986E-06 0.1638158 0 0 0 0 1 0.15092593 5.3353006E-06 -0.98854506 25.1 -5.1210427E-06 1 4.6152704E-06 0 0.98854506 4.365818E-06 0.15092593 0 0 0 0 1 0.13807958 5.298378E-06 -0.9904212 25.1 -5.0828494E-06 1 4.640995E-06 0 0.9904212 4.393335E-06 0.13807958 0 0 0 0 1 0.1257171 5.26272E-06 -0.99206614 25.1 -5.0459876E-06 1 4.6653668E-06 0 0.99206614 4.4194367E-06 0.1257171 0 0 0 0 1 0.11405259 5.2289593E-06 -0.9934747 25.1 -5.011107E-06 1 4.68802E-06 0 0.9934747 4.443727E-06 0.11405259 0 0 0 0 1 0.103299916 5.197738E-06 -0.99465024 25.1 -4.9788673E-06 1 4.7086114E-06 0 0.99465024 4.4658327E-06 0.103299916 0 0 0 0 1 0.09449422 5.1720976E-06 -0.9955254 25.1 -4.952403E-06 1 4.725268E-06 0 0.9955254 4.4837325E-06 0.09449422 0 0 0 0 1 0.08715767 5.1506854E-06 -0.99619454 25.1 -4.9303103E-06 1 4.739005E-06 0 0.99619454 4.498507E-06 0.08715767 0 0 0 0 1 0.07922846 5.12749E-06 -0.9968565 25.1 -4.9063865E-06 1 4.7537083E-06 0 0.9968565 4.5143347E-06 0.07922846 0 0 0 0 1 0.068639874 5.096431E-06 -0.99764144 25.1 -4.874366E-06 1 4.7731132E-06 0 0.99764144 4.535244E-06 0.068639874 0 0 0 0 1 0.068639874 5.096431E-06 -0.99764144 25.1 -4.874366E-06 1 4.7731132E-06 0 0.99764144 4.535244E-06 0.068639874 0 0 0 0 1</float_array>
        <technique_common>
          <accessor source="#Motion_55_RForeArm_transform_pose_array_id" count="86" stride="16">
            <param name="TRANSFORM" type="float4x4" />
          </accessor>
        </technique_common>
      </source>
      <sampler id="Motion_55_RForeArm_transform_samp_id">
        <input semantic="INPUT" source="#Motion_55_RForeArm_transform_frame_id" />
        <input semantic="INTERPOLATION" source="#Motion_55_RForeArm_transform_interp_id" />
        <input semantic="OUTPUT" source="#Motion_55_RForeArm_transform_pose_id" />
      </sampler>
      <channel source="#Motion_55_RForeArm_transform_samp_id" target="RForeArm_bone_id/transform" />
    </animation>
    <animation id="Motion_55_RHand_transform_id" name="Motion_55_RHand_transform">
      <source id="Motion_55_RHand_transform_frame_id" name="Motion_55_RHand_transform_frame">
        <float_array id="Motion_55_RHand_transform_frame_array_id" count="86">0 0.033333335 0.06666667 0.1 0.13333334 0.16666667 0.2 0.23333333 0.26666668 0.3 0.33333334 0.36666667 0.4 0.43333334 0.46666667 0.5 0.53333336 0.56666666 0.6 0.6333333 0.6666667 0.7 0.73333335 0.76666665 0.8 0.8333333 0.8666667 0.9 0.93333334 0.96666664 1 1.0333333 1.0666667 1.1 1.1333333 1.1666666 1.2 1.2333333 1.2666667 1.3 1.3333334 1.3666667 1.4 1.4333333 1.4666667 1.5 1.5333333 1.5666667 1.6 1.6333333 1.6666666 1.7 1.7333333 1.7666667 1.8 1.8333334 1.8666667 1.9 1.9333333 1.9666667 2 2.0333333 2.0666666 2.1 2.1333334 2.1666667 2.2 2.2333333 2.2666667 2.3 2.3333333 2.3666666 2.4 2.4333334 2.4666667 2.5 2.5333333 2.5666666 2.6 2.6333334 2.6666667 2.7 2.7333333 2.7666667 2.8 2.8333333</float_array>
        <technique_common>
          <accessor source="#Motion_55_RHand_transform_frame_array_id" count="86" stride="1">
            <param name="TIME" type="float" />
          </accessor>
        </technique_common>
      </source>
      <source id="Motion_55_RHand_transform_interp_id" name="Motion_55_RHand_transform_interp">
        <Name_array id="Motion_55_RHand_transform_interp_array_id" count="86">LINEAR LINEAR LINEAR LINEAR LINEAR LINEAR LINEAR LINEAR LINEAR LINEAR LINEAR LINEAR LINEAR LINEAR LINEAR LINEAR LINEAR LINEAR LINEAR LINEAR LINEAR LINEAR LINEAR LINEAR LINEAR LINEAR LINEAR LINEAR LINEAR LINEAR LINEAR LINEAR LINEAR LINEAR LINEAR LINEAR LINEAR LINEAR LINEAR LINEAR LINEAR LINEAR LINEAR LINEAR LINEAR LINEAR LINEAR LINEAR LINEAR LINEAR LINEAR LINEAR LINEAR LINEAR LINEAR LINEAR LINEAR LINEAR LINEAR LINEAR LINEAR LINEAR LINEAR LINEAR LINEAR LINEAR LINEAR LINEAR LINEAR LINEAR LINEAR LINEAR LINEAR LINEAR LINEAR LINEAR LINEAR LINEAR LINEAR LINEAR LINEAR LINEAR LINEAR LINEAR LINEAR LINEAR</Name_array>
        <technique_common>
          <accessor source="#Motion_55_RHand_transform_interp_array_id" count="86" stride="1">
            <param name="INTERPOLATION" type="Name" />
          </accessor>
        </technique_common>
      </source>
      <source id="Motion_55_RHand_transform_pose_id" name="Motion_55_RHand_transform_pose">
        <float_array id="Motion_55_RHand_transform_pose_array_id" count="1376">0.99490464 0.09942132 -0.016738068 25.1 -0.039328918 0.22984922 -0.9724312 0 -0.092833176 0.96813464 0.23258817 0 0 0 0 1 0.99915344 -0.0006323494 -0.041133605 25.1 -0.03976974 0.24092615 -0.9697283 0 0.010523367 0.9705432 0.24069703 0 0 0 0 1 0.9937371 -0.090027064 -0.06619484 25.1 -0.04103357 0.25700212 -0.96553934 0 0.10393687 0.9622084 0.25169837 0 0 0 0 1 0.9857394 -0.14346656 -0.08794999 25.1 -0.045329798 0.27694553 -0.95981574 0 0.16205883 0.95011497 0.26649284 0 0 0 0 1 0.985467 -0.13725764 -0.10007545 25.1 -0.055066355 0.29919016 -0.95260316 0 0.16069365 0.94426984 0.28728372 0 0 0 0 1 0.9930928 -0.064363986 -0.09810212 25.1 -0.072479874 0.32097876 -0.944309 0 0.092268184 0.9448968 0.31409657 0 0 0 0 1 0.99489707 0.052647125 -0.08607051 25.1 -0.09885903 0.33814102 -0.9358886 0 -0.020167883 0.9396216 0.34162015 0 0 0 0 1 0.9798733 0.18770675 -0.06792994 25.1 -0.1306961 0.34603852 -0.9290726 0 -0.15088682 0.9192517 0.36360645 0 0 0 0 1 0.943638 0.328291 -0.04209917 25.1 -0.16039544 0.3423186 -0.9257924 0 -0.2895179 0.88036543 0.37568116 0 0 0 0 1 0.8885846 0.45852828 -0.013007551 25.1 -0.1831459 0.32863563 -0.92652917 0 -0.42056504 0.8256819 0.37599814 0 0 0 0 1 0.8243631 0.565888 0.014008909 25.1 -0.19667977 0.30954593 -0.93032175 0 -0.53079426 0.7641677 0.36647695 0 0 0 0 1 0.7663022 0.64158094 0.03398311 25.1 -0.2023031 0.2911572 -0.93504065 0 -0.60979867 0.7096488 0.3529082 0 0 0 0 1 0.7314121 0.6805378 0.043641984 25.1 -0.20391674 0.27933216 -0.93829185 0 -0.65073365 0.6773787 0.34307998 0 0 0 0 1 0.73004586 0.68204236 0.043026537 25.1 -0.20399252 0.27757382 -0.938797 0 -0.6522423 0.6765878 0.34177315 0 0 0 0 1 0.75158155 0.65857196 0.037524074 25.1 -0.19973795 0.28142434 -0.93856543 0 -0.6286731 0.69791347 0.3430552 0 0 0 0 1 0.8181417 0.57494485 0.009082556 25.1 -0.19770467 0.2960943 -0.9344736 0 -0.53996015 0.76273614 0.35591638 0 0 0 0 1 0.9034585 0.42697167 -0.038183495 25.1 -0.18941557 0.31771135 -0.92907554 0 -0.38455755 0.8466137 0.36791408 0 0 0 0 1 0.96849346 0.23213318 -0.09019223 25.1 -0.16680232 0.33572102 -0.92707515 0 -0.1849255 0.91291046 0.36386395 0 0 0 0 1 0.9911891 0.023285605 -0.13039145 25.1 -0.13050652 0.33989358 -0.93136483 0 0.022631824 0.9401756 0.33993775 0 0 0 0 1 0.9765122 -0.15839317 -0.14606683 25.1 -0.087993816 0.3256386 -0.9413908 0 0.19667487 0.93213254 0.3040524 0 0 0 0 1 0.95213556 -0.27570042 -0.1320121 25.1 -0.046572097 0.29598767 -0.9540558 0 0.3021075 0.9145385 0.26898044 0 0 0 0 1 0.9443315 -0.3150351 -0.09482008 25.1 -0.009511933 0.26194638 -0.9650356 0 0.32885787 0.91221553 0.24436766 0 0 0 0 1 0.9446308 -0.32345325 -0.055232942 25.1 0.023310155 0.23404574 -0.97194624 0 0.32730615 0.91684294 0.22862655 0 0 0 0 1 0.94884104 -0.31505814 -0.02095382 25.1 0.05069408 0.21750009 -0.97474307 0 0.31165814 0.923814 0.22234458 0 0 0 0 1 0.95874584 -0.28420386 0.005885601 25.1 0.07119114 0.22001135 -0.9728963 0 0.2752059 0.9331792 0.2311678 0 0 0 0 1 0.9785125 -0.20376 0.031544298 25.1 0.083292075 0.25067973 -0.96448016 0 0.18861496 0.94638336 0.26226485 0 0 0 0 1 0.9947089 -0.08546976 0.05700088 25.1 0.080268435 0.30030042 -0.95046127 0 0.06411831 0.9500077 0.30557203 0 0 0 0 1 0.99454755 0.058700636 0.086194046 25.1 0.059816204 0.3559395 -0.93259275 0 -0.085423656 0.9326637 0.35048753 0 0 0 0 1 0.970556 0.21045533 0.11717333 25.1 0.023621976 0.40094328 -0.91579837 0 -0.23971449 0.8916015 0.38416654 0 0 0 0 1 0.9253856 0.35050583 0.14424708 25.1 -0.01914452 0.42330992 -0.90578264 0 -0.3785433 0.83543664 0.39843518 0 0 0 0 1 0.8698399 0.46732882 0.15805778 25.1 -0.06081435 0.4195181 -0.9057075 0 -0.48957136 0.7782084 0.3933339 0 0 0 0 1 0.82186866 0.5502049 0.14766994 25.1 -0.097236305 0.39090025 -0.9152824 0 -0.5613172 0.73788303 0.3747686 0 0 0 0 1 0.800164 0.58881605 0.1141637 25.1 -0.12865886 0.35441625 -0.9261944 0 -0.58581954 0.7264192 0.35934752 0 0 0 0 1 0.7961099 0.60055286 0.07446697 25.1 -0.15280034 0.3185569 -0.9355071 0 -0.5855434 0.7333879 0.345371 0 0 0 0 1 0.7949057 0.6049883 0.04597953 25.1 -0.16354012 0.28662175 -0.94398236 0 -0.5842769 0.74285746 0.3267771 0 0 0 0 1 0.79831845 0.6013979 0.0317522 25.1 -0.15963548 0.26215512 -0.95173055 0 -0.58069277 0.75471526 0.30528772 0 0 0 0 1 0.80520904 0.59225315 0.029574454 25.1 -0.14448844 0.24432349 -0.95886874 0 -0.5751187 0.76781666 0.28230524 0 0 0 0 1 0.81812894 0.5738503 0.03689009 25.1 -0.12026259 0.23348486 -0.96489465 0 -0.5623183 0.7849717 0.2600335 0 0 0 0 1 0.842052 0.53710365 0.0496791 25.1 -0.08960532 0.23011005 -0.96903044 0 -0.53190154 0.81152254 0.24189198 0 0 0 0 1 0.87713325 0.47576872 0.06543228 25.1 -0.0537422 0.23263192 -0.9710788 0 -0.47723058 0.848249 0.22961807 0 0 0 0 1 0.9180815 0.3877797 0.08217847 25.1 -0.013722286 0.23828363 -0.9710987 0 -0.39615414 0.89042014 0.22408503 0 0 0 0 1 0.954814 0.28011447 0.099328294 25.1 0.028893963 0.24513721 -0.9690578 0 -0.29579616 0.9281399 0.22596687 0 0 0 0 1 0.9807317 0.15995322 0.11216163 25.1 0.069808796 0.2492876 -0.96591014 0 -0.18246093 0.9551286 0.23331809 0 0 0 0 1 0.99248797 0.037601836 0.11642051 25.1 0.10381154 0.24469203 -0.96402746 0 -0.064736366 0.9688714 0.23895037 0 0 0 0 1 0.99104816 -0.07663117 0.109321505 25.1 0.124516696 0.23518455 -0.963942 0 0.048157245 0.9689253 0.24262106 0 0 0 0 1 0.9801356 -0.17566973 0.092056036 25.1 0.13121656 0.22633511 -0.96517074 0 0.14871576 0.95807755 0.24488986 0 0 0 0 1 0.96533585 -0.25182915 0.06862095 25.1 0.12680888 0.22270632 -0.96660304 0 0.22813648 0.9417983 0.24692059 0 0 0 0 1 0.95348626 -0.29833966 0.04309717 25.1 0.114659116 0.22673148 -0.9671846 0 0.27877805 0.92713875 0.25039268 0 0 0 0 1 0.9493114 -0.3137929 0.018489838 25.1 0.09752974 0.23811513 -0.96632767 0 0.29882407 0.91914916 0.25664955 0 0 0 0 1 0.9510529 -0.3089803 -0.0054333657 25.1 0.0770286 0.25405073 -0.96411866 0 0.29927403 0.91650933 0.26541603 0 0 0 0 1 0.95484895 -0.29563063 -0.029428318 25.1 0.0545763 0.27191383 -0.96077275 0 0.29203582 0.91578674 0.27577102 0 0 0 0 1 0.95894974 -0.27866808 -0.052531093 25.1 0.031960137 0.2902717 -0.95641047 0 0.28176934 0.91547066 0.2872622 0 0 0 0 1 0.96450657 -0.25413644 -0.07170624 25.1 0.01056765 0.30848557 -0.9511703 0 0.2638474 0.9166522 0.30022198 0 0 0 0 1 0.97167546 -0.22011694 -0.085995875 25.1 -0.009793289 0.32607812 -0.9452922 0 0.23611617 0.9193594 0.31468642 0 0 0 0 1 0.97998226 -0.17338017 -0.09784723 25.1 -0.033019185 0.34312892 -0.9387077 0 0.19632754 0.9231478 0.3305354 0 0 0 0 1 0.9881004 -0.11205945 -0.10535796 25.1 -0.058728747 0.35821658 -0.9317895 0 0.1421568 0.9268892 0.34737283 0 0 0 0 1 0.993725 -0.034553207 -0.106379695 25.1 -0.08618616 0.36966115 -0.9251608 0 0.07129172 0.92852396 0.36436355 0 0 0 0 1 0.9933011 0.06023527 -0.098613515 25.1 -0.11408817 0.37567234 -0.9197034 0 -0.018352196 0.92479306 0.3800279 0 0 0 0 1 0.982265 0.16878693 -0.08164831 25.1 -0.14055322 0.3746338 -0.9164576 0 -0.12409782 0.91168016 0.3917132 0 0 0 0 1 0.9577784 0.28153047 -0.058319144 25.1 -0.16347787 0.3664134 -0.91597825 0 -0.23650688 0.886838 0.39696681 0 0 0 0 1 0.92016584 0.39023784 -0.03176929 25.1 -0.18114558 0.3523872 -0.9181555 0 -0.34710395 0.8506102 0.3949445 0 0 0 0 1 0.872959 0.48776418 -0.0053588897 25.1 -0.19275685 0.33484638 -0.9223463 0 -0.44809306 0.8062034 0.38632703 0 0 0 0 1 0.82236 0.56868684 0.017868608 25.1 -0.19873944 0.31653446 -0.92752814 0 -0.5331291 0.7592108 0.37332582 0 0 0 0 1 0.7762416 0.6294325 0.03554812 25.1 -0.20070074 0.30017823 -0.93253005 0 -0.5976355 0.71673405 0.3593384 0 0 0 0 1 0.74296075 0.66775095 0.04602164 25.1 -0.20100869 0.2881748 -0.9362429 0 -0.63843936 0.686341 0.34832633 0 0 0 0 1 0.7283167 0.6834881 0.048977405 25.1 -0.20156004 0.28199553 -0.9380042 0 -0.6549262 0.6732922 0.34314597 0 0 0 0 1 0.727152 0.6848266 0.047565103 25.1 -0.20177975 0.27945006 -0.9387185 0 -0.65615153 0.67299336 0.34138685 0 0 0 0 1 0.7302341 0.6816964 0.04525712 25.1 -0.20013896 0.27678537 -0.9398586 0 -0.6532247 0.677259 0.33855212 0 0 0 0 1 0.7333388 0.67838395 0.04482609 25.1 -0.19535027 0.27341086 -0.9418517 0 -0.6511931 0.68193954 0.33302534 0 0 0 0 1 0.73834807 0.67301655 0.04348287 25.1 -0.18996994 0.26940835 -0.94410294 0 -0.64711165 0.68881613 0.32677013 0 0 0 0 1 0.74604386 0.6645043 0.043041945 25.1 -0.18262881 0.2663411 -0.9464192 0 -0.6403634 0.6982096 0.32005972 0 0 0 0 1 0.7569171 0.65214807 0.042182803 25.1 -0.1743959 0.26377684 -0.94868743 0 -0.6298115 0.71072125 0.31338912 0 0 0 0 1 0.7706339 0.635958 0.04099691 25.1 -0.16523284 0.2615267 -0.95094776 0 -0.6154847 0.7260585 0.30662256 0 0 0 0 1 0.7862658 0.61660475 0.039808452 25.1 -0.15508778 0.2593041 -0.95326245 0 -0.5981086 0.74334383 0.29950976 0 0 0 0 1 0.8029152 0.59482205 0.038908303 25.1 -0.14397705 0.2568578 -0.95566446 0 -0.57844424 0.7617156 0.29187578 0 0 0 0 1 0.8197458 0.57142913 0.03854385 25.1 -0.1319997 0.25399 -0.9581571 0 -0.5573087 0.7803574 0.28363568 0 0 0 0 1 0.8360075 0.5473372 0.038904816 25.1 -0.11934483 0.2505759 -0.96071255 0 -0.5355823 0.79851973 0.2748052 0 0 0 0 1 0.8518901 0.52221537 0.039679542 25.1 -0.10639025 0.24674302 -0.96322334 0 -0.51280063 0.8163389 0.26575655 0 0 0 0 1 0.86853075 0.4940168 0.04002264 25.1 -0.09362021 0.24281687 -0.96554404 0 -0.48671314 0.83485776 0.25714386 0 0 0 0 1 0.8865147 0.46102977 0.039283738 25.1 -0.081414774 0.23900062 -0.96760017 0 -0.45548135 0.85459346 0.24941218 0 0 0 0 1 0.90613496 0.42138404 0.0368091 25.1 -0.0701264 0.23547363 -0.96934736 0 -0.41713512 0.8757782 0.24292105 0 0 0 0 1 0.9272614 0.3730526 0.0319072 25.1 -0.060105845 0.23242813 -0.97075456 0 -0.36955863 0.89822537 0.23794425 0 0 0 0 1 0.94840384 0.3161205 0.02445449 25.1 -0.05156298 0.22987658 -0.9718529 0 -0.3128441 0.92044806 0.23431593 0 0 0 0 1 0.9664722 0.2563029 0.015502498 25.1 -0.044866428 0.22801232 -0.9726241 0 -0.2528211 0.9393186 0.23186696 0 0 0 0 1 0.98232245 0.18717736 0.0026903972 25.1 -0.04071199 0.22764385 -0.972893 0 -0.18271598 0.9555851 0.23124003 0 0 0 0 1 0.98232245 0.18717736 0.0026903972 25.1 -0.04071199 0.22764385 -0.972893 0 -0.18271598 0.9555851 0.23124003 0 0 0 0 1</float_array>
        <technique_common>
          <accessor source="#Motion_55_RHand_transform_pose_array_id" count="86" stride="16">
            <param name="TRANSFORM" type="float4x4" />
          </accessor>
        </technique_common>
      </source>
      <sampler id="Motion_55_RHand_transform_samp_id">
        <input semantic="INPUT" source="#Motion_55_RHand_transform_frame_id" />
        <input semantic="INTERPOLATION" source="#Motion_55_RHand_transform_interp_id" />
        <input semantic="OUTPUT" source="#Motion_55_RHand_transform_pose_id" />
      </sampler>
      <channel source="#Motion_55_RHand_transform_samp_id" target="RHand_bone_id/transform" />
    </animation>
    <animation id="Motion_55_RFingerA_transform_id" name="Motion_55_RFingerA_transform">
      <source id="Motion_55_RFingerA_transform_frame_id" name="Motion_55_RFingerA_transform_frame">
        <float_array id="Motion_55_RFingerA_transform_frame_array_id" count="86">0 0.033333335 0.06666667 0.1 0.13333334 0.16666667 0.2 0.23333333 0.26666668 0.3 0.33333334 0.36666667 0.4 0.43333334 0.46666667 0.5 0.53333336 0.56666666 0.6 0.6333333 0.6666667 0.7 0.73333335 0.76666665 0.8 0.8333333 0.8666667 0.9 0.93333334 0.96666664 1 1.0333333 1.0666667 1.1 1.1333333 1.1666666 1.2 1.2333333 1.2666667 1.3 1.3333334 1.3666667 1.4 1.4333333 1.4666667 1.5 1.5333333 1.5666667 1.6 1.6333333 1.6666666 1.7 1.7333333 1.7666667 1.8 1.8333334 1.8666667 1.9 1.9333333 1.9666667 2 2.0333333 2.0666666 2.1 2.1333334 2.1666667 2.2 2.2333333 2.2666667 2.3 2.3333333 2.3666666 2.4 2.4333334 2.4666667 2.5 2.5333333 2.5666666 2.6 2.6333334 2.6666667 2.7 2.7333333 2.7666667 2.8 2.8333333</float_array>
        <technique_common>
          <accessor source="#Motion_55_RFingerA_transform_frame_array_id" count="86" stride="1">
            <param name="TIME" type="float" />
          </accessor>
        </technique_common>
      </source>
      <source id="Motion_55_RFingerA_transform_interp_id" name="Motion_55_RFingerA_transform_interp">
        <Name_array id="Motion_55_RFingerA_transform_interp_array_id" count="86">LINEAR LINEAR LINEAR LINEAR LINEAR LINEAR LINEAR LINEAR LINEAR LINEAR LINEAR LINEAR LINEAR LINEAR LINEAR LINEAR LINEAR LINEAR LINEAR LINEAR LINEAR LINEAR LINEAR LINEAR LINEAR LINEAR LINEAR LINEAR LINEAR LINEAR LINEAR LINEAR LINEAR LINEAR LINEAR LINEAR LINEAR LINEAR LINEAR LINEAR LINEAR LINEAR LINEAR LINEAR LINEAR LINEAR LINEAR LINEAR LINEAR LINEAR LINEAR LINEAR LINEAR LINEAR LINEAR LINEAR LINEAR LINEAR LINEAR LINEAR LINEAR LINEAR LINEAR LINEAR LINEAR LINEAR LINEAR LINEAR LINEAR LINEAR LINEAR LINEAR LINEAR LINEAR LINEAR LINEAR LINEAR LINEAR LINEAR LINEAR LINEAR LINEAR LINEAR LINEAR LINEAR LINEAR</Name_array>
        <technique_common>
          <accessor source="#Motion_55_RFingerA_transform_interp_array_id" count="86" stride="1">
            <param name="INTERPOLATION" type="Name" />
          </accessor>
        </technique_common>
      </source>
      <source id="Motion_55_RFingerA_transform_pose_id" name="Motion_55_RFingerA_transform_pose">
        <float_array id="Motion_55_RFingerA_transform_pose_array_id" count="1376">1 5.7612897E-07 -1.9407844E-07 4.177428 -6.0794E-07 0.9476741 -0.31923947 3.154637 7.1054274E-15 0.31923947 0.9476741 4.612516 0 0 0 1 1 5.7612897E-07 -1.9407844E-07 4.177428 -6.0794E-07 0.9476741 -0.31923947 3.154637 7.1054274E-15 0.31923947 0.9476741 4.612516 0 0 0 1 1 5.7612897E-07 -1.9407844E-07 4.177428 -6.0794E-07 0.9476741 -0.31923947 3.154637 7.1054274E-15 0.31923947 0.9476741 4.612516 0 0 0 1 1 5.7612897E-07 -1.9407844E-07 4.177428 -6.0794E-07 0.9476741 -0.31923947 3.154637 7.1054274E-15 0.31923947 0.9476741 4.612516 0 0 0 1 1 5.7612897E-07 -1.9407844E-07 4.177428 -6.0794E-07 0.9476741 -0.31923947 3.154637 7.1054274E-15 0.31923947 0.9476741 4.612516 0 0 0 1 1 5.7612897E-07 -1.9407844E-07 4.177428 -6.0794E-07 0.9476741 -0.31923947 3.154637 7.1054274E-15 0.31923947 0.9476741 4.612516 0 0 0 1 1 5.7612897E-07 -1.9407844E-07 4.177428 -6.0794E-07 0.9476741 -0.31923947 3.154637 7.1054274E-15 0.31923947 0.9476741 4.612516 0 0 0 1 1 5.7612897E-07 -1.9407844E-07 4.177428 -6.0794E-07 0.9476741 -0.31923947 3.154637 7.1054274E-15 0.31923947 0.9476741 4.612516 0 0 0 1 1 5.7612897E-07 -1.9407844E-07 4.177428 -6.0794E-07 0.9476741 -0.31923947 3.154637 7.1054274E-15 0.31923947 0.9476741 4.612516 0 0 0 1 1 5.7612897E-07 -1.9407844E-07 4.177428 -6.0794E-07 0.9476741 -0.31923947 3.154637 7.1054274E-15 0.31923947 0.9476741 4.612516 0 0 0 1 1 5.7612897E-07 -1.9407844E-07 4.177428 -6.0794E-07 0.9476741 -0.31923947 3.154637 7.1054274E-15 0.31923947 0.9476741 4.612516 0 0 0 1 1 5.7612897E-07 -1.9407844E-07 4.177428 -6.0794E-07 0.9476741 -0.31923947 3.154637 7.1054274E-15 0.31923947 0.9476741 4.612516 0 0 0 1 1 5.7612897E-07 -1.9407844E-07 4.177428 -6.0794E-07 0.9476741 -0.31923947 3.154637 7.1054274E-15 0.31923947 0.9476741 4.612516 0 0 0 1 1 5.7612897E-07 -1.9407844E-07 4.177428 -6.0794E-07 0.9476741 -0.31923947 3.154637 7.1054274E-15 0.31923947 0.9476741 4.612516 0 0 0 1 1 5.7612897E-07 -1.9407844E-07 4.177428 -6.0794E-07 0.9476741 -0.31923947 3.154637 7.1054274E-15 0.31923947 0.9476741 4.612516 0 0 0 1 1 5.7612897E-07 -1.9407844E-07 4.177428 -6.0794E-07 0.9476741 -0.31923947 3.154637 7.1054274E-15 0.31923947 0.9476741 4.612516 0 0 0 1 1 5.7612897E-07 -1.9407844E-07 4.177428 -6.0794E-07 0.9476741 -0.31923947 3.154637 7.1054274E-15 0.31923947 0.9476741 4.612516 0 0 0 1 1 5.7612897E-07 -1.9407844E-07 4.177428 -6.0794E-07 0.9476741 -0.31923947 3.154637 7.1054274E-15 0.31923947 0.9476741 4.612516 0 0 0 1 1 5.7612897E-07 -1.9407844E-07 4.177428 -6.0794E-07 0.9476741 -0.31923947 3.154637 7.1054274E-15 0.31923947 0.9476741 4.612516 0 0 0 1 1 5.7612897E-07 -1.9407844E-07 4.177428 -6.0794E-07 0.9476741 -0.31923947 3.154637 7.1054274E-15 0.31923947 0.9476741 4.612516 0 0 0 1 1 5.7612897E-07 -1.9407844E-07 4.177428 -6.0794E-07 0.9476741 -0.31923947 3.154637 7.1054274E-15 0.31923947 0.9476741 4.612516 0 0 0 1 1 5.7612897E-07 -1.9407844E-07 4.177428 -6.0794E-07 0.9476741 -0.31923947 3.154637 7.1054274E-15 0.31923947 0.9476741 4.612516 0 0 0 1 1 5.7612897E-07 -1.9407844E-07 4.177428 -6.0794E-07 0.9476741 -0.31923947 3.154637 7.1054274E-15 0.31923947 0.9476741 4.612516 0 0 0 1 1 5.7612897E-07 -1.9407844E-07 4.177428 -6.0794E-07 0.9476741 -0.31923947 3.154637 7.1054274E-15 0.31923947 0.9476741 4.612516 0 0 0 1 1 5.7612897E-07 -1.9407844E-07 4.177428 -6.0794E-07 0.9476741 -0.31923947 3.154637 7.1054274E-15 0.31923947 0.9476741 4.612516 0 0 0 1 1 5.7612897E-07 -1.9407844E-07 4.177428 -6.0794E-07 0.9476741 -0.31923947 3.154637 7.1054274E-15 0.31923947 0.9476741 4.612516 0 0 0 1 1 5.7612897E-07 -1.9407844E-07 4.177428 -6.0794E-07 0.9476741 -0.31923947 3.154637 7.1054274E-15 0.31923947 0.9476741 4.612516 0 0 0 1 1 5.7612897E-07 -1.9407844E-07 4.177428 -6.0794E-07 0.9476741 -0.31923947 3.154637 7.1054274E-15 0.31923947 0.9476741 4.612516 0 0 0 1 1 5.7612897E-07 -1.9407844E-07 4.177428 -6.0794E-07 0.9476741 -0.31923947 3.154637 7.1054274E-15 0.31923947 0.9476741 4.612516 0 0 0 1 1 5.7612897E-07 -1.9407844E-07 4.177428 -6.0794E-07 0.9476741 -0.31923947 3.154637 7.1054274E-15 0.31923947 0.9476741 4.612516 0 0 0 1 1 5.7612897E-07 -1.9407844E-07 4.177428 -6.0794E-07 0.9476741 -0.31923947 3.154637 7.1054274E-15 0.31923947 0.9476741 4.612516 0 0 0 1 1 5.7612897E-07 -1.9407844E-07 4.177428 -6.0794E-07 0.9476741 -0.31923947 3.154637 7.1054274E-15 0.31923947 0.9476741 4.612516 0 0 0 1 1 5.7612897E-07 -1.9407844E-07 4.177428 -6.0794E-07 0.9476741 -0.31923947 3.154637 7.1054274E-15 0.31923947 0.9476741 4.612516 0 0 0 1 1 5.7612897E-07 -1.9407844E-07 4.177428 -6.0794E-07 0.9476741 -0.31923947 3.154637 7.1054274E-15 0.31923947 0.9476741 4.612516 0 0 0 1 1 5.7612897E-07 -1.9407844E-07 4.177428 -6.0794E-07 0.9476741 -0.31923947 3.154637 7.1054274E-15 0.31923947 0.9476741 4.612516 0 0 0 1 1 5.7612897E-07 -1.9407844E-07 4.177428 -6.0794E-07 0.9476741 -0.31923947 3.154637 7.1054274E-15 0.31923947 0.9476741 4.612516 0 0 0 1 1 5.7612897E-07 -1.9407844E-07 4.177428 -6.0794E-07 0.9476741 -0.31923947 3.154637 7.1054274E-15 0.31923947 0.9476741 4.612516 0 0 0 1 1 5.7612897E-07 -1.9407844E-07 4.177428 -6.0794E-07 0.9476741 -0.31923947 3.154637 7.1054274E-15 0.31923947 0.9476741 4.612516 0 0 0 1 1 5.7612897E-07 -1.9407844E-07 4.177428 -6.0794E-07 0.9476741 -0.31923947 3.154637 7.1054274E-15 0.31923947 0.9476741 4.612516 0 0 0 1 1 5.7612897E-07 -1.9407844E-07 4.177428 -6.0794E-07 0.9476741 -0.31923947 3.154637 7.1054274E-15 0.31923947 0.9476741 4.612516 0 0 0 1 1 5.7612897E-07 -1.9407844E-07 4.177428 -6.0794E-07 0.9476741 -0.31923947 3.154637 7.1054274E-15 0.31923947 0.9476741 4.612516 0 0 0 1 1 5.7612897E-07 -1.9407844E-07 4.177428 -6.0794E-07 0.9476741 -0.31923947 3.154637 7.1054274E-15 0.31923947 0.9476741 4.612516 0 0 0 1 1 5.7612897E-07 -1.9407844E-07 4.177428 -6.0794E-07 0.9476741 -0.31923947 3.154637 7.1054274E-15 0.31923947 0.9476741 4.612516 0 0 0 1 1 5.7612897E-07 -1.9407844E-07 4.177428 -6.0794E-07 0.9476741 -0.31923947 3.154637 7.1054274E-15 0.31923947 0.9476741 4.612516 0 0 0 1 1 5.7612897E-07 -1.9407844E-07 4.177428 -6.0794E-07 0.9476741 -0.31923947 3.154637 7.1054274E-15 0.31923947 0.9476741 4.612516 0 0 0 1 1 5.7612897E-07 -1.9407844E-07 4.177428 -6.0794E-07 0.9476741 -0.31923947 3.154637 7.1054274E-15 0.31923947 0.9476741 4.612516 0 0 0 1 1 5.7612897E-07 -1.9407844E-07 4.177428 -6.0794E-07 0.9476741 -0.31923947 3.154637 7.1054274E-15 0.31923947 0.9476741 4.612516 0 0 0 1 1 5.7612897E-07 -1.9407844E-07 4.177428 -6.0794E-07 0.9476741 -0.31923947 3.154637 7.1054274E-15 0.31923947 0.9476741 4.612516 0 0 0 1 1 5.7612897E-07 -1.9407844E-07 4.177428 -6.0794E-07 0.9476741 -0.31923947 3.154637 7.1054274E-15 0.31923947 0.9476741 4.612516 0 0 0 1 1 5.7612897E-07 -1.9407844E-07 4.177428 -6.0794E-07 0.9476741 -0.31923947 3.154637 7.1054274E-15 0.31923947 0.9476741 4.612516 0 0 0 1 1 5.7612897E-07 -1.9407844E-07 4.177428 -6.0794E-07 0.9476741 -0.31923947 3.154637 7.1054274E-15 0.31923947 0.9476741 4.612516 0 0 0 1 1 5.7612897E-07 -1.9407844E-07 4.177428 -6.0794E-07 0.9476741 -0.31923947 3.154637 7.1054274E-15 0.31923947 0.9476741 4.612516 0 0 0 1 1 5.7612897E-07 -1.9407844E-07 4.177428 -6.0794E-07 0.9476741 -0.31923947 3.154637 7.1054274E-15 0.31923947 0.9476741 4.612516 0 0 0 1 1 5.7612897E-07 -1.9407844E-07 4.177428 -6.0794E-07 0.9476741 -0.31923947 3.154637 7.1054274E-15 0.31923947 0.9476741 4.612516 0 0 0 1 1 5.7612897E-07 -1.9407844E-07 4.177428 -6.0794E-07 0.9476741 -0.31923947 3.154637 7.1054274E-15 0.31923947 0.9476741 4.612516 0 0 0 1 1 5.7612897E-07 -1.9407844E-07 4.177428 -6.0794E-07 0.9476741 -0.31923947 3.154637 7.1054274E-15 0.31923947 0.9476741 4.612516 0 0 0 1 1 5.7612897E-07 -1.9407844E-07 4.177428 -6.0794E-07 0.9476741 -0.31923947 3.154637 7.1054274E-15 0.31923947 0.9476741 4.612516 0 0 0 1 1 5.7612897E-07 -1.9407844E-07 4.177428 -6.0794E-07 0.9476741 -0.31923947 3.154637 7.1054274E-15 0.31923947 0.9476741 4.612516 0 0 0 1 1 5.7612897E-07 -1.9407844E-07 4.177428 -6.0794E-07 0.9476741 -0.31923947 3.154637 7.1054274E-15 0.31923947 0.9476741 4.612516 0 0 0 1 1 5.7612897E-07 -1.9407844E-07 4.177428 -6.0794E-07 0.9476741 -0.31923947 3.154637 7.1054274E-15 0.31923947 0.9476741 4.612516 0 0 0 1 1 5.7612897E-07 -1.9407844E-07 4.177428 -6.0794E-07 0.9476741 -0.31923947 3.154637 7.1054274E-15 0.31923947 0.9476741 4.612516 0 0 0 1 1 5.7612897E-07 -1.9407844E-07 4.177428 -6.0794E-07 0.9476741 -0.31923947 3.154637 7.1054274E-15 0.31923947 0.9476741 4.612516 0 0 0 1 1 5.7612897E-07 -1.9407844E-07 4.177428 -6.0794E-07 0.9476741 -0.31923947 3.154637 7.1054274E-15 0.31923947 0.9476741 4.612516 0 0 0 1 1 5.7612897E-07 -1.9407844E-07 4.177428 -6.0794E-07 0.9476741 -0.31923947 3.154637 7.1054274E-15 0.31923947 0.9476741 4.612516 0 0 0 1 1 5.7612897E-07 -1.9407844E-07 4.177428 -6.0794E-07 0.9476741 -0.31923947 3.154637 7.1054274E-15 0.31923947 0.9476741 4.612516 0 0 0 1 1 5.7612897E-07 -1.9407844E-07 4.177428 -6.0794E-07 0.9476741 -0.31923947 3.154637 7.1054274E-15 0.31923947 0.9476741 4.612516 0 0 0 1 1 5.7612897E-07 -1.9407844E-07 4.177428 -6.0794E-07 0.9476741 -0.31923947 3.154637 7.1054274E-15 0.31923947 0.9476741 4.612516 0 0 0 1 1 5.7612897E-07 -1.9407844E-07 4.177428 -6.0794E-07 0.9476741 -0.31923947 3.154637 7.1054274E-15 0.31923947 0.9476741 4.612516 0 0 0 1 1 5.7612897E-07 -1.9407844E-07 4.177428 -6.0794E-07 0.9476741 -0.31923947 3.154637 7.1054274E-15 0.31923947 0.9476741 4.612516 0 0 0 1 1 5.7612897E-07 -1.9407844E-07 4.177428 -6.0794E-07 0.9476741 -0.31923947 3.154637 7.1054274E-15 0.31923947 0.9476741 4.612516 0 0 0 1 1 5.7612897E-07 -1.9407844E-07 4.177428 -6.0794E-07 0.9476741 -0.31923947 3.154637 7.1054274E-15 0.31923947 0.9476741 4.612516 0 0 0 1 1 5.7612897E-07 -1.9407844E-07 4.177428 -6.0794E-07 0.9476741 -0.31923947 3.154637 7.1054274E-15 0.31923947 0.9476741 4.612516 0 0 0 1 1 5.7612897E-07 -1.9407844E-07 4.177428 -6.0794E-07 0.9476741 -0.31923947 3.154637 7.1054274E-15 0.31923947 0.9476741 4.612516 0 0 0 1 1 5.7612897E-07 -1.9407844E-07 4.177428 -6.0794E-07 0.9476741 -0.31923947 3.154637 7.1054274E-15 0.31923947 0.9476741 4.612516 0 0 0 1 1 5.7612897E-07 -1.9407844E-07 4.177428 -6.0794E-07 0.9476741 -0.31923947 3.154637 7.1054274E-15 0.31923947 0.9476741 4.612516 0 0 0 1 1 5.7612897E-07 -1.9407844E-07 4.177428 -6.0794E-07 0.9476741 -0.31923947 3.154637 7.1054274E-15 0.31923947 0.9476741 4.612516 0 0 0 1 1 5.7612897E-07 -1.9407844E-07 4.177428 -6.0794E-07 0.9476741 -0.31923947 3.154637 7.1054274E-15 0.31923947 0.9476741 4.612516 0 0 0 1 1 5.7612897E-07 -1.9407844E-07 4.177428 -6.0794E-07 0.9476741 -0.31923947 3.154637 7.1054274E-15 0.31923947 0.9476741 4.612516 0 0 0 1 1 5.7612897E-07 -1.9407844E-07 4.177428 -6.0794E-07 0.9476741 -0.31923947 3.154637 7.1054274E-15 0.31923947 0.9476741 4.612516 0 0 0 1 1 5.7612897E-07 -1.9407844E-07 4.177428 -6.0794E-07 0.9476741 -0.31923947 3.154637 7.1054274E-15 0.31923947 0.9476741 4.612516 0 0 0 1 1 5.7612897E-07 -1.9407844E-07 4.177428 -6.0794E-07 0.9476741 -0.31923947 3.154637 7.1054274E-15 0.31923947 0.9476741 4.612516 0 0 0 1 1 5.7612897E-07 -1.9407844E-07 4.177428 -6.0794E-07 0.9476741 -0.31923947 3.154637 7.1054274E-15 0.31923947 0.9476741 4.612516 0 0 0 1 1 5.7612897E-07 -1.9407844E-07 4.177428 -6.0794E-07 0.9476741 -0.31923947 3.154637 7.1054274E-15 0.31923947 0.9476741 4.612516 0 0 0 1 1 5.7612897E-07 -1.9407844E-07 4.177428 -6.0794E-07 0.9476741 -0.31923947 3.154637 7.1054274E-15 0.31923947 0.9476741 4.612516 0 0 0 1 1 5.7612897E-07 -1.9407844E-07 4.177428 -6.0794E-07 0.9476741 -0.31923947 3.154637 7.1054274E-15 0.31923947 0.9476741 4.612516 0 0 0 1 1 5.7612897E-07 -1.9407844E-07 4.177428 -6.0794E-07 0.9476741 -0.31923947 3.154637 7.1054274E-15 0.31923947 0.9476741 4.612516 0 0 0 1</float_array>
        <technique_common>
          <accessor source="#Motion_55_RFingerA_transform_pose_array_id" count="86" stride="16">
            <param name="TRANSFORM" type="float4x4" />
          </accessor>
        </technique_common>
      </source>
      <sampler id="Motion_55_RFingerA_transform_samp_id">
        <input semantic="INPUT" source="#Motion_55_RFingerA_transform_frame_id" />
        <input semantic="INTERPOLATION" source="#Motion_55_RFingerA_transform_interp_id" />
        <input semantic="OUTPUT" source="#Motion_55_RFingerA_transform_pose_id" />
      </sampler>
      <channel source="#Motion_55_RFingerA_transform_samp_id" target="RFingerA_bone_id/transform" />
    </animation>
    <animation id="Motion_55_RForeArmEX_transform_id" name="Motion_55_RForeArmEX_transform">
      <source id="Motion_55_RForeArmEX_transform_frame_id" name="Motion_55_RForeArmEX_transform_frame">
        <float_array id="Motion_55_RForeArmEX_transform_frame_array_id" count="86">0 0.033333335 0.06666667 0.1 0.13333334 0.16666667 0.2 0.23333333 0.26666668 0.3 0.33333334 0.36666667 0.4 0.43333334 0.46666667 0.5 0.53333336 0.56666666 0.6 0.6333333 0.6666667 0.7 0.73333335 0.76666665 0.8 0.8333333 0.8666667 0.9 0.93333334 0.96666664 1 1.0333333 1.0666667 1.1 1.1333333 1.1666666 1.2 1.2333333 1.2666667 1.3 1.3333334 1.3666667 1.4 1.4333333 1.4666667 1.5 1.5333333 1.5666667 1.6 1.6333333 1.6666666 1.7 1.7333333 1.7666667 1.8 1.8333334 1.8666667 1.9 1.9333333 1.9666667 2 2.0333333 2.0666666 2.1 2.1333334 2.1666667 2.2 2.2333333 2.2666667 2.3 2.3333333 2.3666666 2.4 2.4333334 2.4666667 2.5 2.5333333 2.5666666 2.6 2.6333334 2.6666667 2.7 2.7333333 2.7666667 2.8 2.8333333</float_array>
        <technique_common>
          <accessor source="#Motion_55_RForeArmEX_transform_frame_array_id" count="86" stride="1">
            <param name="TIME" type="float" />
          </accessor>
        </technique_common>
      </source>
      <source id="Motion_55_RForeArmEX_transform_interp_id" name="Motion_55_RForeArmEX_transform_interp">
        <Name_array id="Motion_55_RForeArmEX_transform_interp_array_id" count="86">LINEAR LINEAR LINEAR LINEAR LINEAR LINEAR LINEAR LINEAR LINEAR LINEAR LINEAR LINEAR LINEAR LINEAR LINEAR LINEAR LINEAR LINEAR LINEAR LINEAR LINEAR LINEAR LINEAR LINEAR LINEAR LINEAR LINEAR LINEAR LINEAR LINEAR LINEAR LINEAR LINEAR LINEAR LINEAR LINEAR LINEAR LINEAR LINEAR LINEAR LINEAR LINEAR LINEAR LINEAR LINEAR LINEAR LINEAR LINEAR LINEAR LINEAR LINEAR LINEAR LINEAR LINEAR LINEAR LINEAR LINEAR LINEAR LINEAR LINEAR LINEAR LINEAR LINEAR LINEAR LINEAR LINEAR LINEAR LINEAR LINEAR LINEAR LINEAR LINEAR LINEAR LINEAR LINEAR LINEAR LINEAR LINEAR LINEAR LINEAR LINEAR LINEAR LINEAR LINEAR LINEAR LINEAR</Name_array>
        <technique_common>
          <accessor source="#Motion_55_RForeArmEX_transform_interp_array_id" count="86" stride="1">
            <param name="INTERPOLATION" type="Name" />
          </accessor>
        </technique_common>
      </source>
      <source id="Motion_55_RForeArmEX_transform_pose_id" name="Motion_55_RForeArmEX_transform_pose">
        <float_array id="Motion_55_RForeArmEX_transform_pose_array_id" count="1376">1 0 0 25.1 0 0.7850883 -0.6193838 0.011308564 0 0.6193838 0.7850883 0 0 0 0 1 1 0 0 25.1 0 0.78753394 -0.61627126 0.012812176 0 0.61627126 0.78753394 0 0 0 0 1 1 0 0 25.1 0 0.7912417 -0.61150354 0.015304142 0 0.61150354 0.7912417 0 0 0 0 1 1 0 0 25.1 0 0.7964621 -0.6046884 0.018598728 0 0.6046884 0.7964621 0 0 0 0 1 1 0 0 25.1 0 0.8034189 -0.5954143 0.022510208 0 0.5954143 0.8034189 0 0 0 0 1 1 0 0 25.1 0 0.81166375 -0.584125 0.026852846 0 0.584125 0.81166375 0 0 0 0 1 1 0 0 25.1 0 0.81966126 -0.5728485 0.031440906 0 0.5728485 0.81966126 0 0 0 0 1 1 0 0 25.1 0 0.82605636 -0.56358755 0.036088668 0 0.56358755 0.82605636 0 0 0 0 1 1 0 0 25.1 0 0.8295732 -0.55839795 0.040610388 0 0.55839795 0.8295732 0 0 0 0 1 1 0 0 25.1 0 0.8293557 -0.558721 0.04482034 0 0.558721 0.8293557 0 0 0 0 1 1 0 0 25.1 0 0.82654697 -0.5628677 0.048532788 0 0.5628677 0.82654697 0 0 0 0 1 1 0 0 25.1 0 0.8228861 -0.5682064 0.051562004 0 0.5682064 0.8228861 0 0 0 0 1 1 0 0 25.1 0 0.8201581 -0.57213694 0.053722255 0 0.57213694 0.8201581 0 0 0 0 1 1 0 0 25.1 0 0.81959903 -0.57293755 0.054827802 0 0.57293755 0.81959903 0 0 0 0 1 1 0 0 25.1 0 0.8196757 -0.57282794 0.05469293 0 0.57282794 0.8196757 0 0 0 0 1 1 0 0 25.1 0 0.8230943 -0.56790465 0.053131893 0 0.56790465 0.8230943 0 0 0 0 1 1 0 0 25.1 0 0.82687926 -0.5623795 0.04995896 0 0.5623795 0.82687926 0 0 0 0 1 1 0 0 25.1 0 0.8270295 -0.56215847 0.04498841 0 0.56215847 0.8270295 0 0 0 0 1 1 0 0 25.1 0 0.8210999 -0.57078457 0.03803449 0 0.57078457 0.8210999 0 0 0 0 1 1 0 0 25.1 0 0.81108147 -0.5849332 0.028911494 0 0.5849332 0.81108147 0 0 0 0 1 1 0 0 25.1 0 0.7997723 -0.6003035 0.01979803 0 0.6003035 0.7997723 0 0 0 0 1 1 0 0 25.1 0 0.79024565 -0.6127902 0.012852417 0 0.6127902 0.79024565 0 0 0 0 1 1 0 0 25.1 0 0.78396463 -0.62080556 0.007858468 0 0.62080556 0.78396463 0 0 0 0 1 1 0 0 25.1 0 0.7814658 -0.62394804 0.004599998 0 0.62394804 0.7814658 0 0 0 0 1 1 0 0 25.1 0 0.7845911 -0.6200136 0.0028608125 0 0.6200136 0.7845911 0 0 0 0 1 1 0 0 25.1 0 0.7945653 -0.6071787 0.0024247207 0 0.6071787 0.7945653 0 0 0 0 1 1 0 0 25.1 0 0.8086707 -0.5882616 0.0030755345 0 0.5882616 0.8086707 0 0 0 0 1 1 0 0 25.1 0 0.822949 -0.56811523 0.0045970725 0 0.56811523 0.822949 0 0 0 0 1 1 0 0 25.1 0 0.83389395 -0.55192465 0.0067731338 0 0.55192465 0.83389395 0 0 0 0 1 1 0 0 25.1 0 0.83905774 -0.54404235 0.00938754 0 0.54404235 0.83905774 0 0 0 0 1 1 0 0 25.1 0 0.83842134 -0.54502267 0.012224085 0 0.54502267 0.83842134 0 0 0 0 1 1 0 0 25.1 0 0.8323995 -0.55417603 0.015066596 0 0.55417603 0.8323995 0 0 0 0 1 1 0 0 25.1 0 0.8264951 -0.5629439 0.017698871 0 0.5629439 0.8264951 0 0 0 0 1 1 0 0 25.1 0 0.82063264 -0.5714561 0.019904733 0 0.5714561 0.82063264 0 0 0 0 1 1 0 0 25.1 0 0.8145502 -0.580093 0.021467984 0 0.580093 0.8145502 0 0 0 0 1 1 0 0 25.1 0 0.80797 -0.5892236 0.022172434 0 0.5892236 0.80797 0 0 0 0 1 1 0 0 25.1 0 0.8010359 -0.5986163 0.021801902 0 0.5986163 0.8010359 0 0 0 0 1 1 0 0 25.1 0 0.7944835 -0.60728574 0.02014019 0 0.60728574 0.7944835 0 0 0 0 1 1 0 0 25.1 0 0.7889331 -0.61447906 0.016971108 0 0.61447906 0.7889331 0 0 0 0 1 1 0 0 25.1 0 0.78502697 -0.6194616 0.01207847 0 0.6194616 0.78502697 0 0 0 0 1 1 0 0 25.1 0 0.78341186 -0.62150294 0.0052460954 0 0.62150294 0.78341186 0 0 0 0 1 1 0 0 25.1 0 0.78447723 -0.62015766 -0.0037422255 0 0.62015766 0.78447723 0 0 0 0 1 1 0 0 25.1 0 0.7869927 -0.61696225 -0.012943299 0 0.61696225 0.7869927 0 0 0 0 1 1 0 0 25.1 0 0.789179 -0.6141632 -0.020342365 0 0.6141632 0.789179 0 0 0 0 1 1 0 0 25.1 0 0.7900953 -0.612984 -0.026048243 0 0.612984 0.7900953 0 0 0 0 1 1 0 0 25.1 0 0.7903391 -0.61266965 -0.030169753 0 0.61266965 0.7903391 0 0 0 0 1 1 0 0 25.1 0 0.7904589 -0.61251503 -0.032815713 0 0.61251503 0.7904589 0 0 0 0 1 1 0 0 25.1 0 0.79100174 -0.6118139 -0.034094926 0 0.6118139 0.79100174 0 0 0 0 1 1 0 0 25.1 0 0.79251117 -0.6098574 -0.034116227 0 0.6098574 0.79251117 0 0 0 0 1 1 0 0 25.1 0 0.7950872 -0.6064951 -0.032988425 0 0.6064951 0.7950872 0 0 0 0 1 1 0 0 25.1 0 0.7983989 -0.60212886 -0.030820334 0 0.60212886 0.7983989 0 0 0 0 1 1 0 0 25.1 0 0.8023356 -0.59687316 -0.027720777 0 0.59687316 0.8023356 0 0 0 0 1 1 0 0 25.1 0 0.8067868 -0.59084266 -0.023798572 0 0.59084266 0.8067868 0 0 0 0 1 1 0 0 25.1 0 0.81164336 -0.58415323 -0.019162524 0 0.58415323 0.81164336 0 0 0 0 1 1 0 0 25.1 0 0.8167983 -0.5769233 -0.013921471 0 0.5769233 0.8167983 0 0 0 0 1 1 0 0 25.1 0 0.8221483 -0.56927335 -0.008184211 0 0.56927335 0.8221483 0 0 0 0 1 1 0 0 25.1 0 0.8273731 -0.5616527 -0.0020595752 0 0.5616527 0.8273731 0 0 0 0 1 1 0 0 25.1 0 0.8318198 -0.55504584 0.0043436326 0 0.55504584 0.8318198 0 0 0 0 1 1 0 0 25.1 0 0.8349071 -0.55039084 0.010916587 0 0.55039084 0.8349071 0 0 0 0 1 1 0 0 25.1 0 0.8360638 -0.54863226 0.017550468 0 0.54863226 0.8360638 0 0 0 0 1 1 0 0 25.1 0 0.83498865 -0.55026716 0.024136465 0 0.55026716 0.83498865 0 0 0 0 1 1 0 0 25.1 0 0.83226067 -0.5543845 0.030565757 0 0.5543845 0.83226067 0 0 0 0 1 1 0 0 25.1 0 0.82862085 -0.5598103 0.036729537 0 0.5598103 0.82862085 0 0 0 0 1 1 0 0 25.1 0 0.8248288 -0.56538254 0.042518973 0 0.56538254 0.8248288 0 0 0 0 1 1 0 0 25.1 0 0.82167315 -0.5699589 0.047825254 0 0.5699589 0.82167315 0 0 0 0 1 1 0 0 25.1 0 0.8199655 -0.5724129 0.05253957 0 0.5724129 0.8199655 0 0 0 0 1 1 0 0 25.1 0 0.8194313 -0.5731774 0.05655308 0 0.5731774 0.8194313 0 0 0 0 1 1 0 0 25.1 0 0.8184893 -0.5745217 0.059757 0 0.5745217 0.8184893 0 0 0 0 1 1 0 0 25.1 0 0.8168665 -0.57682675 0.062042493 0 0.57682675 0.8168665 0 0 0 0 1 1 0 0 25.1 0 0.8150638 -0.5793713 0.06330074 0 0.5793713 0.8150638 0 0 0 0 1 1 0 0 25.1 0 0.81309426 -0.58213204 0.06342294 0 0.58213204 0.81309426 0 0 0 0 1 1 0 0 25.1 0 0.81097114 -0.5850861 0.062300254 0 0.5850861 0.81097114 0 0 0 0 1 1 0 0 25.1 0 0.80870783 -0.5882105 0.059823886 0 0.5882105 0.80870783 0 0 0 0 1 1 0 0 25.1 0 0.8063178 -0.5914825 0.055885 0 0.5914825 0.8063178 0 0 0 0 1 1 0 0 25.1 0 0.803815 -0.5948793 0.051127687 0 0.5948793 0.803815 0 0 0 0 1 1 0 0 25.1 0 0.80121356 -0.5983785 0.04631713 0 0.5983785 0.80121356 0 0 0 0 1 1 0 0 25.1 0 0.79852784 -0.6019579 0.041526176 0 0.6019579 0.79852784 0 0 0 0 1 1 0 0 25.1 0 0.7957727 -0.6055954 0.036827665 0 0.6055954 0.7957727 0 0 0 0 1 1 0 0 25.1 0 0.7931386 -0.6090411 0.03229443 0 0.6090411 0.7931386 0 0 0 0 1 1 0 0 25.1 0 0.79082394 -0.61204374 0.02799933 0 0.61204374 0.79082394 0 0 0 0 1 1 0 0 25.1 0 0.78885514 -0.6145792 0.024015198 0 0.6145792 0.78885514 0 0 0 0 1 1 0 0 25.1 0 0.7872583 -0.6166233 0.020414876 0 0.6166233 0.7872583 0 0 0 0 1 1 0 0 25.1 0 0.786059 -0.6181515 0.01727121 0 0.6181515 0.786059 0 0 0 0 1 1 0 0 25.1 0 0.7852819 -0.6191384 0.014657041 0 0.6191384 0.7852819 0 0 0 0 1 1 0 0 25.1 0 0.78495073 -0.61955816 0.01264521 0 0.61955816 0.78495073 0 0 0 0 1 1 0 0 25.1 0 0.78495073 -0.61955816 0.01264521 0 0.61955816 0.78495073 0 0 0 0 1</float_array>
        <technique_common>
          <accessor source="#Motion_55_RForeArmEX_transform_pose_array_id" count="86" stride="16">
            <param name="TRANSFORM" type="float4x4" />
          </accessor>
        </technique_common>
      </source>
      <sampler id="Motion_55_RForeArmEX_transform_samp_id">
        <input semantic="INPUT" source="#Motion_55_RForeArmEX_transform_frame_id" />
        <input semantic="INTERPOLATION" source="#Motion_55_RForeArmEX_transform_interp_id" />
        <input semantic="OUTPUT" source="#Motion_55_RForeArmEX_transform_pose_id" />
      </sampler>
      <channel source="#Motion_55_RForeArmEX_transform_samp_id" target="RForeArmEX_bone_id/transform" />
    </animation>
    <animation id="Motion_55_Hips_transform_id" name="Motion_55_Hips_transform">
      <source id="Motion_55_Hips_transform_frame_id" name="Motion_55_Hips_transform_frame">
        <float_array id="Motion_55_Hips_transform_frame_array_id" count="86">0 0.033333335 0.06666667 0.1 0.13333334 0.16666667 0.2 0.23333333 0.26666668 0.3 0.33333334 0.36666667 0.4 0.43333334 0.46666667 0.5 0.53333336 0.56666666 0.6 0.6333333 0.6666667 0.7 0.73333335 0.76666665 0.8 0.8333333 0.8666667 0.9 0.93333334 0.96666664 1 1.0333333 1.0666667 1.1 1.1333333 1.1666666 1.2 1.2333333 1.2666667 1.3 1.3333334 1.3666667 1.4 1.4333333 1.4666667 1.5 1.5333333 1.5666667 1.6 1.6333333 1.6666666 1.7 1.7333333 1.7666667 1.8 1.8333334 1.8666667 1.9 1.9333333 1.9666667 2 2.0333333 2.0666666 2.1 2.1333334 2.1666667 2.2 2.2333333 2.2666667 2.3 2.3333333 2.3666666 2.4 2.4333334 2.4666667 2.5 2.5333333 2.5666666 2.6 2.6333334 2.6666667 2.7 2.7333333 2.7666667 2.8 2.8333333</float_array>
        <technique_common>
          <accessor source="#Motion_55_Hips_transform_frame_array_id" count="86" stride="1">
            <param name="TIME" type="float" />
          </accessor>
        </technique_common>
      </source>
      <source id="Motion_55_Hips_transform_interp_id" name="Motion_55_Hips_transform_interp">
        <Name_array id="Motion_55_Hips_transform_interp_array_id" count="86">LINEAR LINEAR LINEAR LINEAR LINEAR LINEAR LINEAR LINEAR LINEAR LINEAR LINEAR LINEAR LINEAR LINEAR LINEAR LINEAR LINEAR LINEAR LINEAR LINEAR LINEAR LINEAR LINEAR LINEAR LINEAR LINEAR LINEAR LINEAR LINEAR LINEAR LINEAR LINEAR LINEAR LINEAR LINEAR LINEAR LINEAR LINEAR LINEAR LINEAR LINEAR LINEAR LINEAR LINEAR LINEAR LINEAR LINEAR LINEAR LINEAR LINEAR LINEAR LINEAR LINEAR LINEAR LINEAR LINEAR LINEAR LINEAR LINEAR LINEAR LINEAR LINEAR LINEAR LINEAR LINEAR LINEAR LINEAR LINEAR LINEAR LINEAR LINEAR LINEAR LINEAR LINEAR LINEAR LINEAR LINEAR LINEAR LINEAR LINEAR LINEAR LINEAR LINEAR LINEAR LINEAR LINEAR</Name_array>
        <technique_common>
          <accessor source="#Motion_55_Hips_transform_interp_array_id" count="86" stride="1">
            <param name="INTERPOLATION" type="Name" />
          </accessor>
        </technique_common>
      </source>
      <source id="Motion_55_Hips_transform_pose_id" name="Motion_55_Hips_transform_pose">
        <float_array id="Motion_55_Hips_transform_pose_array_id" count="1376">-0.99545467 -0.004389097 0.0951353 -0.009229 -0.0014252412 -0.998139 -0.060962565 0 0.095225826 -0.060821064 0.9935959 0 0 0 0 1 -0.99547446 -0.0044695684 0.09492607 -0.009229 -0.0013366936 -0.99813616 -0.06101466 0 0.09502184 -0.06086541 0.9936127 0 0 0 0 1 -0.99579763 -0.0045483746 0.091471836 -0.009229 -0.0010495929 -0.998134 -0.061057795 0 0.09157884 -0.060897198 0.99393404 0 0 0 0 1 -0.9962574 -0.0045684613 0.086314656 -0.009229 -0.0007150079 -0.99813247 -0.061081886 0 0.08643251 -0.060915 0.9943937 0 0 0 0 1 -0.99664605 -0.004461837 0.0817119 -0.009229 -0.0005389571 -0.99813294 -0.061076246 0 0.08183186 -0.060915433 0.9947828 0 0 0 0 1 -0.9968549 -0.0042153858 0.07913684 -0.009229 -0.000624713 -0.9981353 -0.061036974 0 0.07924657 -0.060894445 0.9949934 0 0 0 0 1 -0.99709654 -0.0039456096 0.07604205 -0.009229 -0.00070048764 -0.9981388 -0.06097574 0 0.07614113 -0.06085198 0.9952384 0 0 0 0 1 -0.9973136 -0.0036560888 0.073159225 -0.009229 -0.0008075404 -0.99814427 -0.060890134 0 0.07324607 -0.06078564 0.99545974 0 0 0 0 1 -0.9974325 -0.00334884 0.071532704 -0.009229 -0.0010074726 -0.9981507 -0.060776863 0 0.07160396 -0.060692895 0.9955849 0 0 0 0 1 -0.99741626 -0.0030391426 0.071772955 -0.009229 -0.0013217455 -0.99815905 -0.060633954 0 0.07182511 -0.060572166 0.9955763 0 0 0 0 1 -0.99730015 -0.002766495 0.07337822 -0.009229 -0.0016797605 -0.9981688 -0.060462832 0 0.07341114 -0.06042286 0.9954697 0 0 0 0 1 -0.9971255 -0.0025710315 0.075724795 -0.009229 -0.002003007 -0.9981804 -0.060265627 0 0.07574195 -0.060244065 0.9953059 0 0 0 0 1 -0.99693525 -0.0024942176 0.07818951 -0.009229 -0.0022119724 -0.99819314 -0.0600452 0 0.078198 -0.060034137 0.99512863 0 0 0 0 1 -0.9967444 -0.002569072 0.080583856 -0.009229 -0.002262075 -0.99820757 -0.05980327 0 0.080593064 -0.059790865 0.99495214 0 0 0 0 1 -0.9965395 -0.0027544268 0.0830756 -0.009229 -0.0022041 -0.9982238 -0.059536215 0 0.08309202 -0.059513297 0.99476326 0 0 0 0 1 -0.9963273 -0.002993733 0.08557628 -0.009229 -0.0020929582 -0.9982388 -0.05928899 0 0.08560304 -0.059250336 0.994566 0 0 0 0 1 -0.9961153 -0.0032807207 0.0879972 -0.009229 -0.0019338246 -0.99824977 -0.059107464 0 0.0880371 -0.059048023 0.9943655 0 0 0 0 1 -0.99591255 -0.0036116368 0.09024975 -0.009229 -0.001725338 -0.99825716 -0.058987726 0 0.09030551 -0.058902334 0.9941707 0 0 0 0 1 -0.9957522 -0.0039932746 0.091989696 -0.009229 -0.0014404778 -0.99826145 -0.05892715 0 0.092065066 -0.058809333 0.99401486 0 0 0 0 1 -0.99566853 -0.004434213 0.09286922 -0.009229 -0.0010501754 -0.99826205 -0.058922995 0 0.09296909 -0.058765296 0.9939333 0 0 0 0 1 -0.99567306 -0.004931595 0.09279418 -0.009229 -0.00055152527 -0.99825954 -0.058970835 0 0.09292349 -0.058766853 0.9939375 0 0 0 0 1 -0.99577403 -0.0054800464 0.09167 -0.009229 5.616108E-05 -0.9982538 -0.05906572 0 0.09183363 -0.058810983 0.99403614 0 0 0 0 1 -0.99596095 -0.0060646506 0.089583345 -0.009229 0.00075359293 -0.99824584 -0.059201438 0 0.089785226 -0.05889481 0.9942183 0 0 0 0 1 -0.99619806 -0.00665826 0.086862765 -0.009229 0.0014950885 -0.99823487 -0.059370704 0 0.087104745 -0.05901511 0.9944496 0 0 0 0 1 -0.9964583 -0.0072379094 0.083776645 -0.009229 0.002242651 -0.9982219 -0.059567086 0 0.084058814 -0.059168234 0.9947026 0 0 0 0 1 -0.9967164 -0.0077823657 0.080593824 -0.009229 0.0029598414 -0.9982066 -0.059784822 0 0.08091457 -0.059349984 0.99495244 0 0 0 0 1 -0.9969518 -0.008274326 0.077583715 -0.009229 0.0036138804 -0.998191 -0.060018934 0 0.07793996 -0.05955559 0.9951776 0 0 0 0 1 -0.99714434 -0.008697106 0.075016186 -0.009229 0.004172291 -0.9981737 -0.060264923 0 0.07540332 -0.059779838 0.9953596 0 0 0 0 1 -0.9972789 -0.009064953 0.07316124 -0.009229 0.0046331026 -0.9981562 -0.06052035 0 0.07357495 -0.060016707 0.99548215 0 0 0 0 1 -0.99735487 -0.009402421 0.07207169 -0.009229 0.005017438 -0.99813807 -0.060783226 0 0.07250902 -0.06026085 0.9955456 0 0 0 0 1 -0.9973874 -0.009714544 0.07157977 -0.009229 0.0053402856 -0.9981202 -0.061050065 0 0.07203831 -0.06050832 0.99556476 0 0 0 0 1 -0.99738145 -0.010000485 0.07162449 -0.009229 0.005604388 -0.9981024 -0.06131697 0 0.07210179 -0.060755003 0.99554515 0 0 0 0 1 -0.9973413 -0.010260094 0.07214475 -0.009229 0.0058132317 -0.998085 -0.061579965 0 0.07263842 -0.060996853 0.9954914 0 0 0 0 1 -0.99727094 -0.010492945 0.07307937 -0.009229 0.0059701116 -0.9980686 -0.061834954 0 0.07358705 -0.061229907 0.9954074 0 0 0 0 1 -0.99717355 -0.010696416 0.07436707 -0.009229 0.0060762307 -0.99805284 -0.062077638 0 0.07488627 -0.061450306 0.9952969 0 0 0 0 1 -0.99705267 -0.010869747 0.07594658 -0.009229 0.006134747 -0.9980384 -0.062303778 0 0.07647482 -0.061654236 0.9951635 0 0 0 0 1 -0.9969114 -0.011011404 0.07775654 -0.009229 0.0061481623 -0.9980253 -0.06250904 0 0.07829131 -0.061837923 0.99501085 0 0 0 0 1 -0.9967537 -0.0111200465 0.07973565 -0.009229 0.0061192745 -0.9980141 -0.062689066 0 0.08027443 -0.061997652 0.9948428 0 0 0 0 1 -0.9965652 -0.01118693 0.08205326 -0.009229 0.006029156 -0.9980055 -0.06283932 0 0.08259258 -0.062128767 0.9946449 0 0 0 0 1 -0.9963316 -0.011203073 0.08484029 -0.009229 0.0058610328 -0.9979992 -0.06295506 0 0.08537582 -0.062226865 0.9944037 0 0 0 0 1 -0.9960599 -0.011167621 0.08797773 -0.009229 0.005622005 -0.99799573 -0.06303168 0 0.088505305 -0.062288713 0.9941262 0 0 0 0 1 -0.9957577 -0.011080116 0.091346614 -0.009229 0.0053197383 -0.9979955 -0.06306457 0 0.091862254 -0.062311076 0.99382025 0 0 0 0 1 -0.99543357 -0.010941469 0.09482804 -0.009229 0.0049633896 -0.9979981 -0.063049294 0 0.09532805 -0.062290717 0.99349505 0 0 0 0 1 -0.9951166 -0.010762319 0.09811833 -0.009229 0.0045814896 -0.9980029 -0.063002594 0 0.098600425 -0.062245395 0.9931785 0 0 0 0 1 -0.9948412 -0.010557879 0.10089081 -0.009229 0.004207989 -0.9980078 -0.06294493 0 0.10135441 -0.062195677 0.9929043 0 0 0 0 1 -0.9946284 -0.010336503 0.10299232 -0.009229 0.0038607698 -0.99801373 -0.06287791 0 0.103437684 -0.062142525 0.99269277 0 0 0 0 1 -0.99449754 -0.010106815 0.1042698 -0.009229 0.0035579016 -0.99801946 -0.06280317 0 0.10469805 -0.062086627 0.99256414 0 0 0 0 1 -0.99446833 -0.009877704 0.104570195 -0.009229 0.0033176478 -0.9980254 -0.0627225 0 0.10498327 -0.062028617 0.9925376 0 0 0 0 1 -0.9945327 -0.00964283 0.10397703 -0.009229 0.0031282038 -0.99803126 -0.06263638 0 0.10437635 -0.061968688 0.9926054 0 0 0 0 1 -0.99466324 -0.009386009 0.10274762 -0.009229 0.0029570889 -0.9980378 -0.06254436 0 0.10313305 -0.06190674 0.9927392 0 0 0 0 1 -0.9948462 -0.009097577 0.10098939 -0.009229 0.0027877262 -0.9980447 -0.062446453 0 0.10136001 -0.061843067 0.99292576 0 0 0 0 1 -0.9950676 -0.008768096 0.09880973 -0.009229 0.0026037872 -0.9980513 -0.062342696 0 0.09916381 -0.061777927 0.99315155 0 0 0 0 1 -0.9953153 -0.008388115 0.09631617 -0.009229 0.002388956 -0.9980587 -0.062233232 0 0.09665123 -0.061711602 0.9934034 0 0 0 0 1 -0.9955766 -0.007949361 0.093616284 -0.009229 0.0021281217 -0.99806654 -0.062118284 0 0.093929075 -0.061644286 0.9936686 0 0 0 0 1 -0.99583924 -0.007499339 0.09081755 -0.009229 0.0018617983 -0.9980742 -0.062001735 0 0.09110763 -0.061574683 0.9939356 0 0 0 0 1 -0.9960929 -0.007087454 0.088027425 -0.009229 0.0016324539 -0.9980819 -0.061887342 0 0.088297196 -0.061501835 0.99419373 0 0 0 0 1 -0.99632823 -0.00670847 0.08535341 -0.009229 0.0014281794 -0.9980892 -0.0617751 0 0.08560472 -0.061426368 0.9944338 0 0 0 0 1 -0.99653745 -0.006357848 0.08290309 -0.009229 0.001237805 -0.9980962 -0.06166508 0 0.0831373 -0.061348937 0.9946479 0 0 0 0 1 -0.9967135 -0.006031503 0.0807841 -0.009229 0.0010506567 -0.998103 -0.061557386 0 0.08100213 -0.061270196 0.99482894 0 0 0 0 1 -0.99684966 -0.0057258024 0.07910407 -0.009229 0.0008565611 -0.99810934 -0.061452143 0 0.0793064 -0.061190806 0.99497044 0 0 0 0 1 -0.9969411 -0.0054382896 0.07797069 -0.009229 0.0006465551 -0.9981164 -0.061349567 0 0.07815745 -0.061111476 0.9950662 0 0 0 0 1 -0.9969882 -0.005168157 0.077382505 -0.009229 0.0004200358 -0.99812245 -0.061250053 0 0.077553764 -0.06103307 0.99511826 0 0 0 0 1 -0.9970008 -0.004917841 0.07723355 -0.009229 0.0001860247 -0.9981282 -0.061154366 0 0.07738975 -0.06095659 0.9951357 0 0 0 0 1 -0.9969833 -0.0046874788 0.07747458 -0.009229 -5.226396E-05 -0.9981339 -0.061063103 0 0.07761623 -0.06088294 0.9951226 0 0 0 0 1 -0.9969388 -0.0044769803 0.07805625 -0.009229 -0.0002918681 -0.998139 -0.060976837 0 0.078184 -0.06081296 0.99508244 0 0 0 0 1 -0.99687135 -0.004285792 0.07892936 -0.009229 -0.00053031626 -0.99814427 -0.060896162 0 0.07904384 -0.06074748 0.9950185 0 0 0 0 1 -0.9967828 -0.004112654 0.08004455 -0.009229 -0.00076586567 -0.9981483 -0.060821634 0 0.08014648 -0.060687263 0.99493396 0 0 0 0 1 -0.9966773 -0.0039572776 0.08135264 -0.009229 -0.0009958372 -0.998152 -0.060753938 0 0.08144275 -0.060633097 0.994832 0 0 0 0 1 -0.9965583 -0.0038196207 0.08280442 -0.009229 -0.0012173258 -0.9981555 -0.060693767 0 0.08288353 -0.06058569 0.99471587 0 0 0 0 1 -0.9964293 -0.003699175 0.08435068 -0.009229 -0.0014279155 -0.9981586 -0.060641833 0 0.084419675 -0.060545743 0.99458915 0 0 0 0 1 -0.9962938 -0.0035956777 0.085942246 -0.009229 -0.0016249613 -0.99816096 -0.060598876 0 0.08600209 -0.060513925 0.99445546 0 0 0 0 1 -0.99615574 -0.0035091136 0.08752999 -0.009229 -0.0018055897 -0.9981626 -0.060565688 0 0.087581694 -0.0604909 0.994319 0 0 0 0 1 -0.9960201 -0.0034404239 0.08906482 -0.009229 -0.0019659828 -0.9981638 -0.06054315 0 0.089109555 -0.06047728 0.9941841 0 0 0 0 1 -0.9958906 -0.003389362 0.090497665 -0.009229 -0.0021035152 -0.9981638 -0.06053206 0 0.09053668 -0.06047369 0.99405533 0 0 0 0 1 -0.99577343 -0.0033578242 0.09177946 -0.009229 -0.002213421 -0.99816346 -0.060533408 0 0.0918142 -0.060480725 0.99393773 0 0 0 0 1 -0.9956734 -0.0033463591 0.09286122 -0.009229 -0.0022919683 -0.99816287 -0.060544793 0 0.09289323 -0.06049568 0.9938366 0 0 0 0 1 -0.99559534 -0.003355947 0.093693905 -0.009229 -0.0023349037 -0.99816155 -0.060563132 0 0.093724914 -0.060515143 0.9937573 0 0 0 0 1 -0.9955448 -0.0033876956 0.09422847 -0.009229 -0.0023381002 -0.99816 -0.06058833 0 0.09426036 -0.060538717 0.9937052 0 0 0 0 1 -0.99553823 -0.003447812 0.09429375 -0.009229 -0.0022849105 -0.9981581 -0.060620956 0 0.0943291 -0.06056595 0.99369705 0 0 0 0 1 -0.99557436 -0.003534457 0.09390892 -0.009229 -0.0021782534 -0.99815595 -0.0606604 0 0.09395017 -0.060596503 0.9937311 0 0 0 0 1 -0.9956305 -0.0036347646 0.093310446 -0.009229 -0.0020452559 -0.9981538 -0.060704596 0 0.093358815 -0.060630187 0.9937847 0 0 0 0 1 -0.99568367 -0.003737074 0.09273476 -0.009229 -0.0019118746 -0.99815094 -0.060751617 0 0.09279034 -0.060666703 0.99383575 0 0 0 0 1 -0.99571323 -0.0038297453 0.09241855 -0.009229 -0.0018040936 -0.9981488 -0.060799636 0 0.09248027 -0.060705714 0.9938623 0 0 0 0 1 -0.9956958 -0.003961967 0.09259827 -0.009229 -0.0016873237 -0.9981456 -0.060850818 0 0.09266763 -0.06074514 0.9938424 0 0 0 0 1 -0.99560964 -0.004160298 0.09351056 -0.009229 -0.0015495851 -0.99814236 -0.060905974 0 0.09359024 -0.060783472 0.9937536 0 0 0 0 1 -0.99560964 -0.004160298 0.09351056 -0.009229 -0.0015495851 -0.99814236 -0.060905974 0 0.09359024 -0.060783472 0.9937536 0 0 0 0 1</float_array>
        <technique_common>
          <accessor source="#Motion_55_Hips_transform_pose_array_id" count="86" stride="16">
            <param name="TRANSFORM" type="float4x4" />
          </accessor>
        </technique_common>
      </source>
      <sampler id="Motion_55_Hips_transform_samp_id">
        <input semantic="INPUT" source="#Motion_55_Hips_transform_frame_id" />
        <input semantic="INTERPOLATION" source="#Motion_55_Hips_transform_interp_id" />
        <input semantic="OUTPUT" source="#Motion_55_Hips_transform_pose_id" />
      </sampler>
      <channel source="#Motion_55_Hips_transform_samp_id" target="Hips_bone_id/transform" />
    </animation>
    <animation id="Motion_55_LThigh_transform_id" name="Motion_55_LThigh_transform">
      <source id="Motion_55_LThigh_transform_frame_id" name="Motion_55_LThigh_transform_frame">
        <float_array id="Motion_55_LThigh_transform_frame_array_id" count="86">0 0.033333335 0.06666667 0.1 0.13333334 0.16666667 0.2 0.23333333 0.26666668 0.3 0.33333334 0.36666667 0.4 0.43333334 0.46666667 0.5 0.53333336 0.56666666 0.6 0.6333333 0.6666667 0.7 0.73333335 0.76666665 0.8 0.8333333 0.8666667 0.9 0.93333334 0.96666664 1 1.0333333 1.0666667 1.1 1.1333333 1.1666666 1.2 1.2333333 1.2666667 1.3 1.3333334 1.3666667 1.4 1.4333333 1.4666667 1.5 1.5333333 1.5666667 1.6 1.6333333 1.6666666 1.7 1.7333333 1.7666667 1.8 1.8333334 1.8666667 1.9 1.9333333 1.9666667 2 2.0333333 2.0666666 2.1 2.1333334 2.1666667 2.2 2.2333333 2.2666667 2.3 2.3333333 2.3666666 2.4 2.4333334 2.4666667 2.5 2.5333333 2.5666666 2.6 2.6333334 2.6666667 2.7 2.7333333 2.7666667 2.8 2.8333333</float_array>
        <technique_common>
          <accessor source="#Motion_55_LThigh_transform_frame_array_id" count="86" stride="1">
            <param name="TIME" type="float" />
          </accessor>
        </technique_common>
      </source>
      <source id="Motion_55_LThigh_transform_interp_id" name="Motion_55_LThigh_transform_interp">
        <Name_array id="Motion_55_LThigh_transform_interp_array_id" count="86">LINEAR LINEAR LINEAR LINEAR LINEAR LINEAR LINEAR LINEAR LINEAR LINEAR LINEAR LINEAR LINEAR LINEAR LINEAR LINEAR LINEAR LINEAR LINEAR LINEAR LINEAR LINEAR LINEAR LINEAR LINEAR LINEAR LINEAR LINEAR LINEAR LINEAR LINEAR LINEAR LINEAR LINEAR LINEAR LINEAR LINEAR LINEAR LINEAR LINEAR LINEAR LINEAR LINEAR LINEAR LINEAR LINEAR LINEAR LINEAR LINEAR LINEAR LINEAR LINEAR LINEAR LINEAR LINEAR LINEAR LINEAR LINEAR LINEAR LINEAR LINEAR LINEAR LINEAR LINEAR LINEAR LINEAR LINEAR LINEAR LINEAR LINEAR LINEAR LINEAR LINEAR LINEAR LINEAR LINEAR LINEAR LINEAR LINEAR LINEAR LINEAR LINEAR LINEAR LINEAR LINEAR LINEAR</Name_array>
        <technique_common>
          <accessor source="#Motion_55_LThigh_transform_interp_array_id" count="86" stride="1">
            <param name="INTERPOLATION" type="Name" />
          </accessor>
        </technique_common>
      </source>
      <source id="Motion_55_LThigh_transform_pose_id" name="Motion_55_LThigh_transform_pose">
        <float_array id="Motion_55_LThigh_transform_pose_array_id" count="1376">0.41343826 0.04148411 -0.90958667 12.087925 0.23698151 0.95963156 0.15148276 14.994 0.8791522 -0.278184 0.3869174 0 0 0 0 1 0.41546214 0.03943076 -0.9087554 12.087925 0.23622987 0.96010315 0.1496576 14.994 0.8784001 -0.27685225 0.3895718 0 0 0 0 1 0.41613382 0.038071334 -0.90850604 12.087925 0.2353802 0.9605584 0.14806661 14.994 0.8783102 -0.27545986 0.3907596 0 0 0 0 1 0.41527736 0.037391447 -0.908926 12.087925 0.2345024 0.9609866 0.14667442 14.994 0.8789501 -0.27405593 0.3903076 0 0 0 0 1 0.4143629 0.03713122 -0.909354 12.087925 0.23357436 0.9613627 0.1456871 14.994 0.87962854 -0.2727691 0.38968015 0 0 0 0 1 0.41394407 0.037170485 -0.9095431 12.087925 0.23262896 0.9616697 0.14517301 14.994 0.8800761 -0.27167958 0.38943052 0 0 0 0 1 0.41299772 0.037622556 -0.90995467 12.087925 0.23178844 0.96190304 0.14497137 14.994 0.8807423 -0.2707898 0.3885433 0 0 0 0 1 0.41068965 0.03857054 -0.91095906 12.087925 0.23116405 0.96205646 0.14495027 14.994 0.8819849 -0.27011055 0.38619053 0 0 0 0 1 0.40663177 0.04003101 -0.9127147 12.087925 0.23084238 0.96211976 0.14504258 14.994 0.88394713 -0.26967216 0.38198757 0 0 0 0 1 0.40180957 0.041821346 -0.9147678 12.087925 0.23083363 0.96207136 0.14537713 14.994 0.88615173 -0.2695731 0.37691575 0 0 0 0 1 0.39745665 0.043726802 -0.91657853 12.087925 0.2311345 0.9618873 0.14611536 14.994 0.88803434 -0.26992744 0.37220174 0 0 0 0 1 0.39424086 0.04561662 -0.91787434 12.087925 0.23177251 0.9615474 0.14733687 14.994 0.8893007 -0.27082425 0.36850858 0 0 0 0 1 0.39205897 0.047470577 -0.9187146 12.087925 0.23281667 0.961037 0.14901128 14.994 0.8899923 -0.27231324 0.36573118 0 0 0 0 1 0.39098984 0.049155004 -0.91908145 12.087925 0.23424217 0.9603778 0.1510135 14.994 0.89008856 -0.27433237 0.3639838 0 0 0 0 1 0.39110512 0.05043947 -0.9189628 12.087925 0.23593166 0.9596363 0.15308306 14.994 0.8895915 -0.27668402 0.3634184 0 0 0 0 1 0.392475 0.051128946 -0.9183404 12.087925 0.23780346 0.9588637 0.15501615 14.994 0.88848907 -0.27922451 0.3641714 0 0 0 0 1 0.39517343 0.051081687 -0.9171851 12.087925 0.23972297 0.9581203 0.15664726 14.994 0.88677555 -0.28177318 0.36637825 0 0 0 0 1 0.39928472 0.050268553 -0.91544783 12.087925 0.24144635 0.9574839 0.15788686 14.994 0.8844633 -0.28407335 0.37017155 0 0 0 0 1 0.40488994 0.048664495 -0.9130695 12.087925 0.24273084 0.9570339 0.15864384 14.994 0.8815588 -0.28586343 0.37568104 0 0 0 0 1 0.41155046 0.046329074 -0.91020864 12.087925 0.24336952 0.9568553 0.15874279 14.994 0.8782924 -0.28684774 0.38251913 0 0 0 0 1 0.41783094 0.043485977 -0.9074835 12.087925 0.24322203 0.95704097 0.157847 14.994 0.87536305 -0.2866733 0.38930458 0 0 0 0 1 0.42233777 0.040515542 -0.9055326 12.087925 0.24229309 0.9576037 0.1558501 14.994 0.87345564 -0.2852257 0.39461553 0 0 0 0 1 0.42432678 0.037970543 -0.9047127 12.087925 0.24080363 0.9584122 0.15316562 14.994 0.87290347 -0.28285038 0.39753652 0 0 0 0 1 0.4238249 0.036257297 -0.90501815 12.087925 0.23890296 0.959339 0.15031308 14.994 0.8736692 -0.27991793 0.3979298 0 0 0 0 1 0.4206105 0.03581225 -0.90653425 12.087925 0.23675382 0.96026444 0.14778304 14.994 0.8758051 -0.27678454 0.39541858 0 0 0 0 1 0.41501182 0.03660807 -0.90907925 12.087925 0.23485747 0.9610153 0.1459164 14.994 0.8789808 -0.27406108 0.39023507 0 0 0 0 1 0.4083467 0.03809665 -0.9120316 12.087925 0.23348777 0.9615321 0.14470455 14.994 0.8824604 -0.27203786 0.3837434 0 0 0 0 1 0.40187192 0.039836712 -0.91482896 12.087925 0.23237726 0.9619118 0.14396714 14.994 0.88571995 -0.27044177 0.3773082 0 0 0 0 1 0.3962654 0.041642472 -0.91719115 12.087925 0.23144905 0.96217835 0.14368078 14.994 0.8884847 -0.26921874 0.37163985 0 0 0 0 1 0.39141858 0.04344274 -0.9191868 12.087925 0.23066793 0.9623617 0.14370894 14.994 0.8908332 -0.26827726 0.36666536 0 0 0 0 1 0.3874303 0.045134664 -0.9207934 12.087925 0.22998506 0.96248966 0.14394632 14.994 0.8927511 -0.26753792 0.36251736 0 0 0 0 1 0.38439918 0.04661441 -0.92198926 12.087925 0.22934997 0.96259 0.14428851 14.994 0.8942235 -0.26692262 0.3593278 0 0 0 0 1 0.38242286 0.047777407 -0.92275137 12.087925 0.22871122 0.9626904 0.14463188 14.994 0.89523405 -0.26635414 0.35722756 0 0 0 0 1 0.3816051 0.04863994 -0.92304486 12.087925 0.22813375 0.9627648 0.145048 14.994 0.8957302 -0.26592875 0.35629952 0 0 0 0 1 0.38167137 0.04930845 -0.9229819 12.087925 0.22773972 0.9627734 0.14560914 14.994 0.8958022 -0.2657745 0.3562336 0 0 0 0 1 0.38231128 0.04978989 -0.92269117 12.087925 0.22755386 0.9627224 0.14623556 14.994 0.89557654 -0.26586944 0.35672975 0 0 0 0 1 0.38357562 0.05003971 -0.92215276 12.087925 0.22758108 0.9626149 0.14689922 14.994 0.8950288 -0.26621148 0.3578475 0 0 0 0 1 0.38551384 0.05001282 -0.92134565 12.087925 0.22782639 0.9624539 0.14757247 14.994 0.89413327 -0.26679808 0.359645 0 0 0 0 1 0.3881746 0.049663417 -0.9202467 12.087925 0.22829485 0.9622421 0.14822818 14.994 0.8928616 -0.26762602 0.36218005 0 0 0 0 1 0.39160544 0.048945017 -0.9188306 12.087925 0.2289919 0.961982 0.14883995 14.994 0.89118344 -0.26869127 0.36550933 0 0 0 0 1 0.39585155 0.047810167 -0.9170691 12.087925 0.2299234 0.96167576 0.14938179 14.994 0.88906515 -0.26998866 0.3696882 0 0 0 0 1 0.40127087 0.046164893 -0.91479534 12.087925 0.23107749 0.9613225 0.149874 14.994 0.8863322 -0.2715287 0.37508303 0 0 0 0 1 0.40780646 0.04397271 -0.912009 12.087925 0.23246703 0.96092415 0.15027922 14.994 0.88297963 -0.27329683 0.38164884 0 0 0 0 1 0.41490924 0.041464947 -0.90891755 12.087925 0.23394564 0.9605131 0.15061195 14.994 0.87927234 -0.2751276 0.38882524 0 0 0 0 1 0.42204446 0.038926728 -0.90573907 12.087925 0.235318 0.9601303 0.15091473 14.994 0.8755021 -0.27682942 0.3960575 0 0 0 0 1 0.428666 0.03648036 -0.9027263 12.087925 0.2365543 0.95979476 0.1511161 14.994 0.8719448 -0.2783221 0.40280175 0 0 0 0 1 0.434237 0.034251183 -0.90014726 12.087925 0.23762473 0.9595262 0.15114236 14.994 0.86889166 -0.27952886 0.40852284 0 0 0 0 1 0.43862432 0.03235305 -0.898088 12.087925 0.23852143 0.95931786 0.15105218 14.994 0.86643887 -0.28046837 0.4130633 0 0 0 0 1 0.4418069 0.030892715 -0.8965781 12.087925 0.23923893 0.95915705 0.15093878 14.994 0.8646221 -0.28118217 0.41637146 0 0 0 0 1 0.4434203 0.02998685 -0.89581203 12.087925 0.23975164 0.9590541 0.1507791 14.994 0.86365366 -0.28163093 0.4180746 0 0 0 0 1 0.4430973 0.029751323 -0.89597964 12.087925 0.24003392 0.95901936 0.1505508 14.994 0.8637409 -0.28177416 0.41779757 0 0 0 0 1 0.44116402 0.030190349 -0.89691854 12.087925 0.24001837 0.9590565 0.15033887 14.994 0.8647344 -0.281601 0.415855 0 0 0 0 1 0.4383024 0.031074993 -0.8982903 12.087925 0.23978555 0.9591399 0.15017846 14.994 0.8662528 -0.28122061 0.412942 0 0 0 0 1 0.43467838 0.032207817 -0.90000963 12.087925 0.23949477 0.95924103 0.14999643 14.994 0.86815727 -0.2807478 0.4092477 0 0 0 0 1 0.43047833 0.03353919 -0.90197754 12.087925 0.239159 0.9593533 0.14981382 14.994 0.87033975 -0.28020763 0.40495962 0 0 0 0 1 0.42589033 0.035019793 -0.90409684 12.087925 0.23879132 0.9594703 0.14965138 14.994 0.87269473 -0.27962554 0.40026665 0 0 0 0 1 0.42110384 0.03660074 -0.9062736 12.087925 0.23840475 0.95958537 0.14952952 14.994 0.8751198 -0.2790274 0.39535934 0 0 0 0 1 0.41631013 0.038233824 -0.9084184 12.087925 0.23801255 0.9596923 0.14946827 14.994 0.87751687 -0.27844012 0.3904295 0 0 0 0 1 0.41170323 0.039871402 -0.9104453 12.087925 0.2376278 0.9597846 0.14948738 14.994 0.8797917 -0.27789155 0.38567185 0 0 0 0 1 0.4074787 0.041466497 -0.91227275 12.087925 0.23726353 0.9598562 0.14960626 14.994 0.88185436 -0.27741042 0.3812825 0 0 0 0 1 0.40383375 0.042972594 -0.9138226 12.087925 0.23693258 0.9599009 0.14984399 14.994 0.8836183 -0.27702639 0.37745875 0 0 0 0 1 0.40096658 0.04434348 -0.91501886 12.087925 0.23664749 0.95991254 0.15021943 14.994 0.88499933 -0.27676988 0.37439913 0 0 0 0 1 0.39886683 0.045564175 -0.9158761 12.087925 0.23643246 0.95988697 0.15072075 14.994 0.886005 -0.27666035 0.3720942 0 0 0 0 1 0.3973493 0.046645172 -0.9164812 12.087925 0.23632187 0.95982134 0.15131065 14.994 0.8867162 -0.2767077 0.3703611 0 0 0 0 1 0.39635277 0.047578044 -0.91686463 12.087925 0.23634249 0.9597121 0.15197033 14.994 0.8871565 -0.27692792 0.36913985 0 0 0 0 1 0.39581305 0.048341185 -0.9170579 12.087925 0.2365087 0.9595614 0.15266164 14.994 0.8873532 -0.27731764 0.3683738 0 0 0 0 1 0.39567423 0.048967406 -0.9170846 12.087925 0.23676328 0.9593845 0.153377 14.994 0.8873472 -0.27781928 0.36801004 0 0 0 0 1 0.39588106 0.04951375 -0.91696596 12.087925 0.23704237 0.95919454 0.15413214 14.994 0.88718045 -0.27837777 0.36799014 0 0 0 0 1 0.3963725 0.049981415 -0.91672826 12.087925 0.23733747 0.958997 0.15490532 14.994 0.88688207 -0.27897418 0.36825758 0 0 0 0 1 0.39708632 0.050371684 -0.916398 12.087925 0.23764038 0.9587974 0.1556747 14.994 0.8864816 -0.27958944 0.36875498 0 0 0 0 1 0.39796114 0.05068574 -0.9160011 12.087925 0.23794273 0.95860136 0.15641835 14.994 0.886008 -0.2802042 0.36942577 0 0 0 0 1 0.39893496 0.05092513 -0.915564 12.087925 0.2382366 0.9584145 0.15711442 14.994 0.88549095 -0.28079933 0.37021285 0 0 0 0 1 0.3999462 0.051091336 -0.9151135 12.087925 0.23851407 0.9582426 0.15774076 14.994 0.88496 -0.28135526 0.37105948 0 0 0 0 1 0.40093422 0.05118583 -0.9146758 12.087925 0.23876725 0.9580914 0.1582754 14.994 0.8844444 -0.28185263 0.3719101 0 0 0 0 1 0.40186846 0.051205732 -0.91426456 12.087925 0.23898664 0.9579663 0.15870084 14.994 0.8839611 -0.2822739 0.37273896 0 0 0 0 1 0.40273356 0.051145785 -0.91388714 12.087925 0.23916158 0.95787275 0.15900165 14.994 0.8835199 -0.282602 0.3735354 0 0 0 0 1 0.40351385 0.051000968 -0.91355103 12.087925 0.2392817 0.95781606 0.15916246 14.994 0.8831313 -0.28282028 0.37428844 0 0 0 0 1 0.40419352 0.050766185 -0.9132637 12.087925 0.23933648 0.95780146 0.15916781 14.994 0.8828056 -0.2829119 0.37498695 0 0 0 0 1 0.40475708 0.05043623 -0.91303223 12.087925 0.23931533 0.95783424 0.15900218 14.994 0.88255304 -0.28285986 0.37562007 0 0 0 0 1 0.40518886 0.050006047 -0.9128644 12.087925 0.23920773 0.9579195 0.15865017 14.994 0.8823841 -0.28264752 0.37617648 0 0 0 0 1 0.4054734 0.049470447 -0.91276723 12.087925 0.23900303 0.9580622 0.15809631 14.994 0.8823089 -0.28225797 0.37664515 0 0 0 0 1 0.4059168 0.048775353 -0.91260755 12.087925 0.23867047 0.9582641 0.15737326 14.994 0.882195 -0.28169292 0.37733424 0 0 0 0 1 0.40687078 0.04774323 -0.91223717 12.087925 0.23828992 0.95851064 0.15644571 14.994 0.8818582 -0.28103012 0.3786133 0 0 0 0 1 0.40839213 0.04618428 -0.9116375 12.087925 0.23789269 0.9588207 0.15514493 14.994 0.8812621 -0.28023186 0.38058788 0 0 0 0 1 0.4105534 0.044076413 -0.91077065 12.087925 0.23744091 0.95920485 0.15345299 14.994 0.8803793 -0.27925485 0.3833393 0 0 0 0 1 0.4105534 0.044076413 -0.91077065 12.087925 0.23744091 0.95920485 0.15345299 14.994 0.8803793 -0.27925485 0.3833393 0 0 0 0 1</float_array>
        <technique_common>
          <accessor source="#Motion_55_LThigh_transform_pose_array_id" count="86" stride="16">
            <param name="TRANSFORM" type="float4x4" />
          </accessor>
        </technique_common>
      </source>
      <sampler id="Motion_55_LThigh_transform_samp_id">
        <input semantic="INPUT" source="#Motion_55_LThigh_transform_frame_id" />
        <input semantic="INTERPOLATION" source="#Motion_55_LThigh_transform_interp_id" />
        <input semantic="OUTPUT" source="#Motion_55_LThigh_transform_pose_id" />
      </sampler>
      <channel source="#Motion_55_LThigh_transform_samp_id" target="LThigh_bone_id/transform" />
    </animation>
    <animation id="Motion_55_LLeg_transform_id" name="Motion_55_LLeg_transform">
      <source id="Motion_55_LLeg_transform_frame_id" name="Motion_55_LLeg_transform_frame">
        <float_array id="Motion_55_LLeg_transform_frame_array_id" count="86">0 0.033333335 0.06666667 0.1 0.13333334 0.16666667 0.2 0.23333333 0.26666668 0.3 0.33333334 0.36666667 0.4 0.43333334 0.46666667 0.5 0.53333336 0.56666666 0.6 0.6333333 0.6666667 0.7 0.73333335 0.76666665 0.8 0.8333333 0.8666667 0.9 0.93333334 0.96666664 1 1.0333333 1.0666667 1.1 1.1333333 1.1666666 1.2 1.2333333 1.2666667 1.3 1.3333334 1.3666667 1.4 1.4333333 1.4666667 1.5 1.5333333 1.5666667 1.6 1.6333333 1.6666666 1.7 1.7333333 1.7666667 1.8 1.8333334 1.8666667 1.9 1.9333333 1.9666667 2 2.0333333 2.0666666 2.1 2.1333334 2.1666667 2.2 2.2333333 2.2666667 2.3 2.3333333 2.3666666 2.4 2.4333334 2.4666667 2.5 2.5333333 2.5666666 2.6 2.6333334 2.6666667 2.7 2.7333333 2.7666667 2.8 2.8333333</float_array>
        <technique_common>
          <accessor source="#Motion_55_LLeg_transform_frame_array_id" count="86" stride="1">
            <param name="TIME" type="float" />
          </accessor>
        </technique_common>
      </source>
      <source id="Motion_55_LLeg_transform_interp_id" name="Motion_55_LLeg_transform_interp">
        <Name_array id="Motion_55_LLeg_transform_interp_array_id" count="86">LINEAR LINEAR LINEAR LINEAR LINEAR LINEAR LINEAR LINEAR LINEAR LINEAR LINEAR LINEAR LINEAR LINEAR LINEAR LINEAR LINEAR LINEAR LINEAR LINEAR LINEAR LINEAR LINEAR LINEAR LINEAR LINEAR LINEAR LINEAR LINEAR LINEAR LINEAR LINEAR LINEAR LINEAR LINEAR LINEAR LINEAR LINEAR LINEAR LINEAR LINEAR LINEAR LINEAR LINEAR LINEAR LINEAR LINEAR LINEAR LINEAR LINEAR LINEAR LINEAR LINEAR LINEAR LINEAR LINEAR LINEAR LINEAR LINEAR LINEAR LINEAR LINEAR LINEAR LINEAR LINEAR LINEAR LINEAR LINEAR LINEAR LINEAR LINEAR LINEAR LINEAR LINEAR LINEAR LINEAR LINEAR LINEAR LINEAR LINEAR LINEAR LINEAR LINEAR LINEAR LINEAR LINEAR</Name_array>
        <technique_common>
          <accessor source="#Motion_55_LLeg_transform_interp_array_id" count="86" stride="1">
            <param name="INTERPOLATION" type="Name" />
          </accessor>
        </technique_common>
      </source>
      <source id="Motion_55_LLeg_transform_pose_id" name="Motion_55_LLeg_transform_pose">
        <float_array id="Motion_55_LLeg_transform_pose_array_id" count="1376">0.42147213 0 0.9068414 27.682259 0 1 0 0 -0.9068414 0 0.42147213 0 0 0 0 1 0.42134607 0 0.90689987 27.682259 0 1 0 0 -0.90689987 0 0.42134607 0 0 0 0 1 0.42229635 0 0.90645784 27.682259 0 1 0 0 -0.90645784 0 0.42229635 0 0 0 0 1 0.42396265 0 0.90567964 27.682259 0 1 0 0 -0.90567964 0 0.42396265 0 0 0 0 1 0.4259848 0 0.9047303 27.682259 0 1 0 0 -0.9047303 0 0.4259848 0 0 0 0 1 0.4280042 0 0.9037767 27.682259 0 1 0 0 -0.9037767 0 0.4280042 0 0 0 0 1 0.42966306 0 0.90298927 27.682259 0 1 0 0 -0.90298927 0 0.42966306 0 0 0 0 1 0.4309939 0 0.9023548 27.682259 0 1 0 0 -0.9023548 0 0.4309939 0 0 0 0 1 0.43219292 0 0.9017812 27.682259 0 1 0 0 -0.9017812 0 0.43219292 0 0 0 0 1 0.4331498 0 0.90132195 27.682259 0 1 0 0 -0.90132195 0 0.4331498 0 0 0 0 1 0.43375462 0 0.901031 27.682259 0 1 0 0 -0.901031 0 0.43375462 0 0 0 0 1 0.43389732 0 0.90096235 27.682259 0 1 0 0 -0.90096235 0 0.43389732 0 0 0 0 1 0.4334672 0 0.9011693 27.682259 0 1 0 0 -0.9011693 0 0.4334672 0 0 0 0 1 0.43235373 0 0.90170413 27.682259 0 1 0 0 -0.90170413 0 0.43235373 0 0 0 0 1 0.4305882 0 0.90254855 27.682259 0 1 0 0 -0.90254855 0 0.4305882 0 0 0 0 1 0.4284715 0 0.9035553 27.682259 0 1 0 0 -0.9035553 0 0.4284715 0 0 0 0 1 0.42629683 0 0.90458333 27.682259 0 1 0 0 -0.90458333 0 0.42629683 0 0 0 0 1 0.42435807 0 0.90549445 27.682259 0 1 0 0 -0.90549445 0 0.42435807 0 0 0 0 1 0.4229511 0 0.90615255 27.682259 0 1 0 0 -0.90615255 0 0.4229511 0 0 0 0 1 0.42237145 0 0.90642285 27.682259 0 1 0 0 -0.90642285 0 0.42237145 0 0 0 0 1 0.4223284 0 0.9064429 27.682259 0 1 0 0 -0.9064429 0 0.4223284 0 0 0 0 1 0.42239606 0 0.90641135 27.682259 0 1 0 0 -0.90641135 0 0.42239606 0 0 0 0 1 0.42266816 0 0.9062845 27.682259 0 1 0 0 -0.9062845 0 0.42266816 0 0 0 0 1 0.42323834 0 0.90601844 27.682259 0 1 0 0 -0.90601844 0 0.42323834 0 0 0 0 1 0.42420024 0 0.9055684 27.682259 0 1 0 0 -0.9055684 0 0.42420024 0 0 0 0 1 0.42564654 0 0.90488946 27.682259 0 1 0 0 -0.90488946 0 0.42564654 0 0 0 0 1 0.42709333 0 0.9042075 27.682259 0 1 0 0 -0.9042075 0 0.42709333 0 0 0 0 1 0.42807943 0 0.9037411 27.682259 0 1 0 0 -0.9037411 0 0.42807943 0 0 0 0 1 0.42873085 0 0.90343225 27.682259 0 1 0 0 -0.90343225 0 0.42873085 0 0 0 0 1 0.42917407 0 0.9032218 27.682259 0 1 0 0 -0.9032218 0 0.42917407 0 0 0 0 1 0.4295346 0 0.9030504 27.682259 0 1 0 0 -0.9030504 0 0.4295346 0 0 0 0 1 0.42993796 0 0.90285844 27.682259 0 1 0 0 -0.90285844 0 0.42993796 0 0 0 0 1 0.4305098 0 0.90258586 27.682259 0 1 0 0 -0.90258586 0 0.4305098 0 0 0 0 1 0.4313755 0 0.9021725 27.682259 0 1 0 0 -0.9021725 0 0.4313755 0 0 0 0 1 0.43243968 0 0.9016629 27.682259 0 1 0 0 -0.9016629 0 0.43243968 0 0 0 0 1 0.43343765 0 0.90118355 27.682259 0 1 0 0 -0.90118355 0 0.43343765 0 0 0 0 1 0.43424064 0 0.90079695 27.682259 0 1 0 0 -0.90079695 0 0.43424064 0 0 0 0 1 0.43471998 0 0.9005657 27.682259 0 1 0 0 -0.9005657 0 0.43471998 0 0 0 0 1 0.4347474 0 0.90055245 27.682259 0 1 0 0 -0.90055245 0 0.4347474 0 0 0 0 1 0.43419397 0 0.90081936 27.682259 0 1 0 0 -0.90081936 0 0.43419397 0 0 0 0 1 0.4329301 0 0.9014275 27.682259 0 1 0 0 -0.9014275 0 0.4329301 0 0 0 0 1 0.4308254 0 0.9024353 27.682259 0 1 0 0 -0.9024353 0 0.4308254 0 0 0 0 1 0.42807126 0 0.903745 27.682259 0 1 0 0 -0.903745 0 0.42807126 0 0 0 0 1 0.4250589 0 0.9051657 27.682259 0 1 0 0 -0.9051657 0 0.4250589 0 0 0 0 1 0.42195803 0 0.9066154 27.682259 0 1 0 0 -0.9066154 0 0.42195803 0 0 0 0 1 0.41893876 0 0.9080145 27.682259 0 1 0 0 -0.9080145 0 0.41893876 0 0 0 0 1 0.4161728 0 0.90928555 27.682259 0 1 0 0 -0.90928555 0 0.4161728 0 0 0 0 1 0.4138322 0 0.91035324 27.682259 0 1 0 0 -0.91035324 0 0.4138322 0 0 0 0 1 0.41209024 0 0.91114306 27.682259 0 1 0 0 -0.91114306 0 0.41209024 0 0 0 0 1 0.41111958 0 0.9115814 27.682259 0 1 0 0 -0.9115814 0 0.41111958 0 0 0 0 1 0.41087103 0 0.9116935 27.682259 0 1 0 0 -0.9116935 0 0.41087103 0 0 0 0 1 0.41111994 0 0.9115813 27.682259 0 1 0 0 -0.9115813 0 0.41111994 0 0 0 0 1 0.41177553 0 0.9112853 27.682259 0 1 0 0 -0.9112853 0 0.41177553 0 0 0 0 1 0.41274685 0 0.9108458 27.682259 0 1 0 0 -0.9108458 0 0.41274685 0 0 0 0 1 0.4139428 0 0.9103029 27.682259 0 1 0 0 -0.9103029 0 0.4139428 0 0 0 0 1 0.41527277 0 0.90969694 27.682259 0 1 0 0 -0.90969694 0 0.41527277 0 0 0 0 1 0.41664624 0 0.9090687 27.682259 0 1 0 0 -0.9090687 0 0.41664624 0 0 0 0 1 0.4179724 0 0.9084597 27.682259 0 1 0 0 -0.9084597 0 0.4179724 0 0 0 0 1 0.41916144 0 0.9079117 27.682259 0 1 0 0 -0.9079117 0 0.41916144 0 0 0 0 1 0.42020482 0 0.9074293 27.682259 0 1 0 0 -0.9074293 0 0.42020482 0 0 0 0 1 0.42115372 0 0.9069893 27.682259 0 1 0 0 -0.9069893 0 0.42115372 0 0 0 0 1 0.42200804 0 0.9065921 27.682259 0 1 0 0 -0.9065921 0 0.42200804 0 0 0 0 1 0.42276758 0 0.90623814 27.682259 0 1 0 0 -0.90623814 0 0.42276758 0 0 0 0 1 0.423432 0 0.9059279 27.682259 0 1 0 0 -0.9059279 0 0.423432 0 0 0 0 1 0.42400128 0 0.9056615 27.682259 0 1 0 0 -0.9056615 0 0.42400128 0 0 0 0 1 0.42447484 0 0.9054398 27.682259 0 1 0 0 -0.9054398 0 0.42447484 0 0 0 0 1 0.42485255 0 0.90526253 27.682259 0 1 0 0 -0.90526253 0 0.42485255 0 0 0 0 1 0.42513418 0 0.9051303 27.682259 0 1 0 0 -0.9051303 0 0.42513418 0 0 0 0 1 0.42531943 0 0.9050433 27.682259 0 1 0 0 -0.9050433 0 0.42531943 0 0 0 0 1 0.4254077 0 0.9050018 27.682259 0 1 0 0 -0.9050018 0 0.4254077 0 0 0 0 1 0.425399 0 0.90500593 27.682259 0 1 0 0 -0.90500593 0 0.425399 0 0 0 0 1 0.42529297 0 0.90505576 27.682259 0 1 0 0 -0.90505576 0 0.42529297 0 0 0 0 1 0.4251737 0 0.90511173 27.682259 0 1 0 0 -0.90511173 0 0.4251737 0 0 0 0 1 0.42511642 0 0.9051387 27.682259 0 1 0 0 -0.9051387 0 0.42511642 0 0 0 0 1 0.42510748 0 0.90514284 27.682259 0 1 0 0 -0.90514284 0 0.42510748 0 0 0 0 1 0.42513305 0 0.9051309 27.682259 0 1 0 0 -0.9051309 0 0.42513305 0 0 0 0 1 0.4251793 0 0.9051091 27.682259 0 1 0 0 -0.9051091 0 0.4251793 0 0 0 0 1 0.42523247 0 0.90508413 27.682259 0 1 0 0 -0.90508413 0 0.42523247 0 0 0 0 1 0.42527878 0 0.9050624 27.682259 0 1 0 0 -0.9050624 0 0.42527878 0 0 0 0 1 0.4253046 0 0.9050502 27.682259 0 1 0 0 -0.9050502 0 0.4253046 0 0 0 0 1 0.42529577 0 0.90505445 27.682259 0 1 0 0 -0.90505445 0 0.42529577 0 0 0 0 1 0.4252389 0 0.90508115 27.682259 0 1 0 0 -0.90508115 0 0.4252389 0 0 0 0 1 0.42493135 0 0.9052256 27.682259 0 1 0 0 -0.9052256 0 0.42493135 0 0 0 0 1 0.42418998 0 0.90557325 27.682259 0 1 0 0 -0.90557325 0 0.42418998 0 0 0 0 1 0.42303085 0 0.9061153 27.682259 0 1 0 0 -0.9061153 0 0.42303085 0 0 0 0 1 0.42303085 0 0.9061153 27.682259 0 1 0 0 -0.9061153 0 0.42303085 0 0 0 0 1</float_array>
        <technique_common>
          <accessor source="#Motion_55_LLeg_transform_pose_array_id" count="86" stride="16">
            <param name="TRANSFORM" type="float4x4" />
          </accessor>
        </technique_common>
      </source>
      <sampler id="Motion_55_LLeg_transform_samp_id">
        <input semantic="INPUT" source="#Motion_55_LLeg_transform_frame_id" />
        <input semantic="INTERPOLATION" source="#Motion_55_LLeg_transform_interp_id" />
        <input semantic="OUTPUT" source="#Motion_55_LLeg_transform_pose_id" />
      </sampler>
      <channel source="#Motion_55_LLeg_transform_samp_id" target="LLeg_bone_id/transform" />
    </animation>
    <animation id="Motion_55_LFoot_transform_id" name="Motion_55_LFoot_transform">
      <source id="Motion_55_LFoot_transform_frame_id" name="Motion_55_LFoot_transform_frame">
        <float_array id="Motion_55_LFoot_transform_frame_array_id" count="86">0 0.033333335 0.06666667 0.1 0.13333334 0.16666667 0.2 0.23333333 0.26666668 0.3 0.33333334 0.36666667 0.4 0.43333334 0.46666667 0.5 0.53333336 0.56666666 0.6 0.6333333 0.6666667 0.7 0.73333335 0.76666665 0.8 0.8333333 0.8666667 0.9 0.93333334 0.96666664 1 1.0333333 1.0666667 1.1 1.1333333 1.1666666 1.2 1.2333333 1.2666667 1.3 1.3333334 1.3666667 1.4 1.4333333 1.4666667 1.5 1.5333333 1.5666667 1.6 1.6333333 1.6666666 1.7 1.7333333 1.7666667 1.8 1.8333334 1.8666667 1.9 1.9333333 1.9666667 2 2.0333333 2.0666666 2.1 2.1333334 2.1666667 2.2 2.2333333 2.2666667 2.3 2.3333333 2.3666666 2.4 2.4333334 2.4666667 2.5 2.5333333 2.5666666 2.6 2.6333334 2.6666667 2.7 2.7333333 2.7666667 2.8 2.8333333</float_array>
        <technique_common>
          <accessor source="#Motion_55_LFoot_transform_frame_array_id" count="86" stride="1">
            <param name="TIME" type="float" />
          </accessor>
        </technique_common>
      </source>
      <source id="Motion_55_LFoot_transform_interp_id" name="Motion_55_LFoot_transform_interp">
        <Name_array id="Motion_55_LFoot_transform_interp_array_id" count="86">LINEAR LINEAR LINEAR LINEAR LINEAR LINEAR LINEAR LINEAR LINEAR LINEAR LINEAR LINEAR LINEAR LINEAR LINEAR LINEAR LINEAR LINEAR LINEAR LINEAR LINEAR LINEAR LINEAR LINEAR LINEAR LINEAR LINEAR LINEAR LINEAR LINEAR LINEAR LINEAR LINEAR LINEAR LINEAR LINEAR LINEAR LINEAR LINEAR LINEAR LINEAR LINEAR LINEAR LINEAR LINEAR LINEAR LINEAR LINEAR LINEAR LINEAR LINEAR LINEAR LINEAR LINEAR LINEAR LINEAR LINEAR LINEAR LINEAR LINEAR LINEAR LINEAR LINEAR LINEAR LINEAR LINEAR LINEAR LINEAR LINEAR LINEAR LINEAR LINEAR LINEAR LINEAR LINEAR LINEAR LINEAR LINEAR LINEAR LINEAR LINEAR LINEAR LINEAR LINEAR LINEAR LINEAR</Name_array>
        <technique_common>
          <accessor source="#Motion_55_LFoot_transform_interp_array_id" count="86" stride="1">
            <param name="INTERPOLATION" type="Name" />
          </accessor>
        </technique_common>
      </source>
      <source id="Motion_55_LFoot_transform_pose_id" name="Motion_55_LFoot_transform_pose">
        <float_array id="Motion_55_LFoot_transform_pose_array_id" count="1376">0.17144173 -0.093109906 -0.98078454 27.682259 0.047940284 0.9951331 -0.086092085 0 0.98402715 -0.032259315 0.17507106 0 0 0 0 1 0.17091823 -0.09189424 -0.9809905 27.682259 0.049133033 0.9951974 -0.084664606 0 0.98405945 -0.03372831 0.1746124 0 0 0 0 1 0.17109889 -0.09082043 -0.98105896 27.682259 0.05031963 0.9952484 -0.08335814 0 0.983968 -0.035104048 0.17485595 0 0 0 0 1 0.17174965 -0.08989931 -0.98103017 27.682259 0.051453613 0.99528694 -0.08219773 0 0.98379606 -0.036360107 0.17556584 0 0 0 0 1 0.17263788 -0.089141026 -0.9809434 27.682259 0.052489188 0.995314 -0.08120926 0 0.9835858 -0.03746913 0.17650783 0 0 0 0 1 0.17352986 -0.088555224 -0.98083913 27.682259 0.053381078 0.9953307 -0.08041943 0 0.9833808 -0.03840308 0.17744672 0 0 0 0 1 0.17419219 -0.08815099 -0.98075813 27.682259 0.05408435 0.99533814 -0.07985555 0 0.9832253 -0.039133456 0.17814773 0 0 0 0 1 0.17484158 -0.087951094 -0.9806606 27.682259 0.054575413 0.99533683 -0.079537116 0 0.98308295 -0.039613552 0.17882621 0 0 0 0 1 0.175753 -0.087980255 -0.9804949 27.682259 0.054833308 0.995327 -0.07948232 0 0.9829059 -0.03979453 0.17975593 0 0 0 0 1 0.17678088 -0.08825013 -0.9802858 27.682259 0.054817345 0.9953091 -0.079717055 0 0.98272246 -0.039644223 0.18078929 0 0 0 0 1 0.17777973 -0.08877215 -0.98005813 27.682259 0.05448686 0.995283 -0.08026743 0 0.9825607 -0.03913036 0.18177807 0 0 0 0 1 0.17860532 -0.08955776 -0.97983646 27.682259 0.053801127 0.995248 -0.08115947 0 0.9824487 -0.038220793 0.18257493 0 0 0 0 1 0.17911261 -0.0906187 -0.9796464 27.682259 0.05271907 0.9952024 -0.082418814 0 0.98241514 -0.03688379 0.18303066 0 0 0 0 1 0.1791572 -0.09196725 -0.9795125 27.682259 0.05119913 0.99514365 -0.08407032 0 0.9824874 -0.035088375 0.1829958 0 0 0 0 1 0.17859334 -0.09344659 -0.97947544 27.682259 0.049369417 0.99507695 -0.085933246 0 0.9826836 -0.03300903 0.18232751 0 0 0 0 1 0.1774419 -0.09480365 -0.97955424 27.682259 0.047468446 0.9950152 -0.0877013 0 0.9829858 -0.030936038 0.18105757 0 0 0 0 1 0.1759327 -0.09590961 -0.9797189 27.682259 0.04562646 0.99496734 -0.089209005 0 0.9833443 -0.02900632 0.17942327 0 0 0 0 1 0.17423046 -0.09663288 -0.979952 27.682259 0.043971602 0.99494404 -0.09029332 0 0.9837227 -0.027358208 0.17759866 0 0 0 0 1 0.17248654 -0.09697157 -0.980227 27.682259 0.04276377 0.99494123 -0.090902254 0 0.9840832 -0.026238784 0.17576087 0 0 0 0 1 0.1708538 -0.09691723 -0.9805182 27.682259 0.04225783 0.99495566 -0.0909809 0 0.9843898 -0.025890138 0.17408746 0 0 0 0 1 0.16949809 -0.09632749 -0.9808117 27.682259 0.042575277 0.9949984 -0.09036319 0 0.98461056 -0.026441932 0.17275149 0 0 0 0 1 0.16858703 -0.09506028 -0.9810923 27.682259 0.04383745 0.99507695 -0.08888244 0 0.98471147 -0.028024158 0.1719243 0 0 0 0 1 0.16829109 -0.093306236 -0.98131144 27.682259 0.045831792 0.99517405 -0.086764365 0 0.98467135 -0.030373584 0.17175531 0 0 0 0 1 0.16878408 -0.09150405 -0.98139644 27.682259 0.048097357 0.9952599 -0.084524706 0 0.98447883 -0.03293615 0.17238516 0 0 0 0 1 0.17023522 -0.08988532 -0.9812953 27.682259 0.05038192 0.9953225 -0.08242993 0 0.9841146 -0.03540708 0.17396754 0 0 0 0 1 0.17227662 -0.088665806 -0.98105 27.682259 0.052408226 0.9953552 -0.08075558 0 0.9836534 -0.037502803 0.1761232 0 0 0 0 1 0.17431843 -0.08805183 -0.9807446 27.682259 0.05389098 0.9953543 -0.07978488 0 0.98321354 -0.038945317 0.17825377 0 0 0 0 1 0.17619318 -0.08790132 -0.98042303 27.682259 0.054926597 0.99533105 -0.07936698 0 0.982822 -0.039867375 0.18019867 0 0 0 0 1 0.1777336 -0.08790394 -0.98014474 27.682259 0.05577966 0.995301 -0.07914848 0 0.9824965 -0.0406048 0.18180168 0 0 0 0 1 0.17877364 -0.088024266 -0.97994477 27.682259 0.056438692 0.9952674 -0.07910439 0 0.9822702 -0.041165013 0.18289554 0 0 0 0 1 0.17954093 -0.0882394 -0.979785 27.682259 0.0569105 0.99523276 -0.07920204 0 0.98210293 -0.041540053 0.18370676 0 0 0 0 1 0.1803354 -0.088529155 -0.97961307 27.682259 0.05720532 0.9951995 -0.07940689 0 0.98194027 -0.0417192 0.18453401 0 0 0 0 1 0.18110174 -0.088862054 -0.9794416 27.682259 0.057316475 0.9951704 -0.0796911 0 0.98179275 -0.041705936 0.18532038 0 0 0 0 1 0.18178481 -0.089206696 -0.97928363 27.682259 0.0572373 0.995148 -0.08002686 0 0.98167115 -0.041503884 0.18600875 0 0 0 0 1 0.18232852 -0.0895412 -0.9791521 27.682259 0.05697052 0.99513376 -0.080394164 0 0.98158586 -0.041124646 0.18654245 0 0 0 0 1 0.18267459 -0.089861706 -0.97905815 27.682259 0.056536715 0.9951266 -0.08078781 0 0.9815465 -0.040594857 0.1868648 0 0 0 0 1 0.182765 -0.090163946 -0.9790134 27.682259 0.055955857 0.9951257 -0.08120184 0 0.9815629 -0.039940692 0.18691939 0 0 0 0 1 0.18254185 -0.09044383 -0.97902924 27.682259 0.055247925 0.99513024 -0.08163017 0 0.9816446 -0.039188422 0.18664974 0 0 0 0 1 0.18194675 -0.09069739 -0.9791166 27.682259 0.054432843 0.99513924 -0.082066484 0 0.9818006 -0.038364373 0.18599927 0 0 0 0 1 0.18092155 -0.090920866 -0.97928584 27.682259 0.053530544 0.995152 -0.08250426 0 0.9820396 -0.037494905 0.18491149 0 0 0 0 1 0.17940778 -0.0911106 -0.97954667 27.682259 0.05256095 0.99516773 -0.08293683 0 0.98236966 -0.0366064 0.18332964 0 0 0 0 1 0.17734677 -0.09126306 -0.97990775 27.682259 0.051544033 0.9951858 -0.08335737 0 0.98279774 -0.035725236 0.18119705 0 0 0 0 1 0.17467958 -0.09137465 -0.98037636 27.682259 0.050499737 0.99520564 -0.08375895 0 0.98332953 -0.03487777 0.17845649 0 0 0 0 1 0.17164868 -0.091450386 -0.98090446 27.682259 0.049462818 0.9952264 -0.08413012 0 0.9839157 -0.03407748 0.17535263 0 0 0 0 1 0.16862881 -0.091498435 -0.9814236 27.682259 0.04847459 0.9952472 -0.084458284 0 0.98448694 -0.033332013 0.17226273 0 0 0 0 1 0.1657604 -0.09151978 -0.9819102 27.682259 0.04756499 0.99526757 -0.084735125 0 0.9850184 -0.03265882 0.1693291 0 0 0 0 1 0.16318476 -0.09151507 -0.98234195 27.682259 0.046763964 0.995287 -0.08495269 0 0.98548657 -0.03207522 0.1666953 0 0 0 0 1 0.16104221 -0.091484755 -0.9826983 27.682259 0.046101436 0.995305 -0.08510339 0 0.98587024 -0.03159856 0.1645037 0 0 0 0 1 0.15947413 -0.091429174 -0.9829592 27.682259 0.0456073 0.9953213 -0.08517975 0 0.98614806 -0.031246146 0.16289783 0 0 0 0 1 0.15862131 -0.091348715 -0.9831047 27.682259 0.0453114 0.9953352 -0.08517429 0 0.9862993 -0.031035384 0.16202056 0 0 0 0 1 0.15862525 -0.09124389 -0.9831137 27.682259 0.045243476 0.9953464 -0.0850792 0 0.9863017 -0.030983783 0.16201526 0 0 0 0 1 0.15926182 -0.091105804 -0.9830236 27.682259 0.04541542 0.9953547 -0.08489078 0 0.9861912 -0.031124568 0.16265959 0 0 0 0 1 0.16017586 -0.09100318 -0.9828846 27.682259 0.045751423 0.9953554 -0.08470194 0 0.98602766 -0.031401165 0.16359544 0 0 0 0 1 0.1613096 -0.09102366 -0.9826973 27.682259 0.0461796 0.9953431 -0.08461461 0 0.98582286 -0.03173141 0.16476184 0 0 0 0 1 0.1626119 -0.091112725 -0.9824744 27.682259 0.046637364 0.9953242 -0.084585324 0 0.9855873 -0.03206543 0.16610086 0 0 0 0 1 0.16403127 -0.09120965 -0.9822294 27.682259 0.04705591 0.9953062 -0.08456568 0 0.9853322 -0.032348283 0.16755325 0 0 0 0 1 0.16551054 -0.09131713 -0.9819712 27.682259 0.04743004 0.9952888 -0.08456129 0 0.98506683 -0.032579146 0.16906196 0 0 0 0 1 0.16699278 -0.09143779 -0.98170894 27.682259 0.04775451 0.99527186 -0.084577814 0 0.9848009 -0.03275716 0.17056978 0 0 0 0 1 0.16842073 -0.09157422 -0.98145235 27.682259 0.048024118 0.99525523 -0.084621 0 0.98454463 -0.03288145 0.17201942 0 0 0 0 1 0.16973764 -0.091729 -0.981211 27.682259 0.048233613 0.99523866 -0.08469656 0 0.9843083 -0.032951154 0.17335385 0 0 0 0 1 0.17088622 -0.09190474 -0.9809952 27.682259 0.04837779 0.995222 -0.084810324 0 0.9841025 -0.03296545 0.1745159 0 0 0 0 1 0.17181027 -0.09210397 -0.98081505 27.682259 0.048451394 0.9952049 -0.08496799 0 0.98393786 -0.032923475 0.17544901 0 0 0 0 1 0.17245203 -0.09232939 -0.9806812 27.682259 0.048449136 0.99518734 -0.08517538 0 0.9838257 -0.032824486 0.17609537 0 0 0 0 1 0.17288244 -0.092587166 -0.9805811 27.682259 0.048372008 0.99516875 -0.08543626 0 0.983754 -0.032662243 0.17652583 0 0 0 0 1 0.17321736 -0.092884846 -0.9804938 27.682259 0.04822325 0.99514866 -0.08575386 0 0.9837023 -0.032428548 0.17685622 0 0 0 0 1 0.17346722 -0.09322701 -0.9804172 27.682259 0.048000924 0.99512666 -0.08613282 0 0.9836692 -0.032119714 0.17709684 0 0 0 0 1 0.17364311 -0.09361826 -0.9803488 27.682259 0.047703117 0.99510235 -0.08657779 0 0.9836527 -0.03173204 0.17725855 0 0 0 0 1 0.17375618 -0.09406317 -0.9802862 27.682259 0.047327884 0.9950753 -0.08709337 0 0.98365086 -0.031261846 0.17735231 0 0 0 0 1 0.1738168 -0.09453884 -0.9802297 27.682259 0.046900924 0.9950465 -0.08765127 0 0.9836605 -0.03073841 0.17738974 0 0 0 0 1 0.17383528 -0.09501207 -0.98018056 27.682259 0.046458278 0.9950178 -0.0882109 0 0.9836783 -0.030203337 0.17738324 0 0 0 0 1 0.17382276 -0.095472 -0.9801381 27.682259 0.046013556 0.9949898 -0.08875838 0 0.9837014 -0.029671412 0.17734486 0 0 0 0 1 0.17378932 -0.09590779 -0.9801015 27.682259 0.04558034 0.9949631 -0.089279875 0 0.9837275 -0.029157465 0.17728549 0 0 0 0 1 0.17374629 -0.096308604 -0.9800698 27.682259 0.04517226 0.9949384 -0.08976157 0 0.98375386 -0.028676225 0.1772173 0 0 0 0 1 0.17370397 -0.09666357 -0.98004234 27.682259 0.04480294 0.9949163 -0.09018969 0 0.98377824 -0.028242476 0.17715174 0 0 0 0 1 0.17367297 -0.09696181 -0.98001844 27.682259 0.044486005 0.9948978 -0.090550415 0 0.9837981 -0.027870946 0.1771003 0 0 0 0 1 0.17366403 -0.097192444 -0.9799971 27.682259 0.044235118 0.9948835 -0.090829976 0 0.98381096 -0.027576394 0.17707479 0 0 0 0 1 0.1736877 -0.09734462 -0.9799779 27.682259 0.04406391 0.99487424 -0.09101461 0 0.98381454 -0.027373541 0.17708683 0 0 0 0 1 0.17375481 -0.09740745 -0.9799598 27.682259 0.04398603 0.9948707 -0.091090515 0 0.9838062 -0.027277116 0.17714816 0 0 0 0 1 0.17387623 -0.09737004 -0.9799419 27.682259 0.044015095 0.9948737 -0.09104389 0 0.9837834 -0.027301867 0.17727065 0 0 0 0 1 0.17406225 -0.09722158 -0.97992355 27.682259 0.044164732 0.9948838 -0.090860926 0 0.9837437 -0.02746261 0.1774655 0 0 0 0 1 0.17432344 -0.09695123 -0.979904 27.682259 0.044448495 0.99490154 -0.09052776 0 0.9836847 -0.027774148 0.17774403 0 0 0 0 1 0.17447335 -0.096543 -0.9799176 27.682259 0.044869795 0.9949275 -0.09003278 0 0.98363906 -0.028260386 0.17792016 0 0 0 0 1 0.17429388 -0.095979944 -0.9800048 27.682259 0.045430616 0.9949623 -0.08936501 0 0.9836451 -0.028946452 0.17777628 0 0 0 0 1 0.17374974 -0.095249616 -0.9801727 27.682259 0.04614251 0.9950058 -0.088511616 0 0.9837082 -0.02984876 0.17727709 0 0 0 0 1 0.17280972 -0.09430156 -0.9804305 27.682259 0.046979494 0.9950624 -0.087428354 0 0.98383415 -0.030951671 0.17638665 0 0 0 0 1 0.17280972 -0.09430156 -0.9804305 27.682259 0.046979494 0.9950624 -0.087428354 0 0.98383415 -0.030951671 0.17638665 0 0 0 0 1</float_array>
        <technique_common>
          <accessor source="#Motion_55_LFoot_transform_pose_array_id" count="86" stride="16">
            <param name="TRANSFORM" type="float4x4" />
          </accessor>
        </technique_common>
      </source>
      <sampler id="Motion_55_LFoot_transform_samp_id">
        <input semantic="INPUT" source="#Motion_55_LFoot_transform_frame_id" />
        <input semantic="INTERPOLATION" source="#Motion_55_LFoot_transform_interp_id" />
        <input semantic="OUTPUT" source="#Motion_55_LFoot_transform_pose_id" />
      </sampler>
      <channel source="#Motion_55_LFoot_transform_samp_id" target="LFoot_bone_id/transform" />
    </animation>
    <animation id="Motion_55_RThigh_transform_id" name="Motion_55_RThigh_transform">
      <source id="Motion_55_RThigh_transform_frame_id" name="Motion_55_RThigh_transform_frame">
        <float_array id="Motion_55_RThigh_transform_frame_array_id" count="86">0 0.033333335 0.06666667 0.1 0.13333334 0.16666667 0.2 0.23333333 0.26666668 0.3 0.33333334 0.36666667 0.4 0.43333334 0.46666667 0.5 0.53333336 0.56666666 0.6 0.6333333 0.6666667 0.7 0.73333335 0.76666665 0.8 0.8333333 0.8666667 0.9 0.93333334 0.96666664 1 1.0333333 1.0666667 1.1 1.1333333 1.1666666 1.2 1.2333333 1.2666667 1.3 1.3333334 1.3666667 1.4 1.4333333 1.4666667 1.5 1.5333333 1.5666667 1.6 1.6333333 1.6666666 1.7 1.7333333 1.7666667 1.8 1.8333334 1.8666667 1.9 1.9333333 1.9666667 2 2.0333333 2.0666666 2.1 2.1333334 2.1666667 2.2 2.2333333 2.2666667 2.3 2.3333333 2.3666666 2.4 2.4333334 2.4666667 2.5 2.5333333 2.5666666 2.6 2.6333334 2.6666667 2.7 2.7333333 2.7666667 2.8 2.8333333</float_array>
        <technique_common>
          <accessor source="#Motion_55_RThigh_transform_frame_array_id" count="86" stride="1">
            <param name="TIME" type="float" />
          </accessor>
        </technique_common>
      </source>
      <source id="Motion_55_RThigh_transform_interp_id" name="Motion_55_RThigh_transform_interp">
        <Name_array id="Motion_55_RThigh_transform_interp_array_id" count="86">LINEAR LINEAR LINEAR LINEAR LINEAR LINEAR LINEAR LINEAR LINEAR LINEAR LINEAR LINEAR LINEAR LINEAR LINEAR LINEAR LINEAR LINEAR LINEAR LINEAR LINEAR LINEAR LINEAR LINEAR LINEAR LINEAR LINEAR LINEAR LINEAR LINEAR LINEAR LINEAR LINEAR LINEAR LINEAR LINEAR LINEAR LINEAR LINEAR LINEAR LINEAR LINEAR LINEAR LINEAR LINEAR LINEAR LINEAR LINEAR LINEAR LINEAR LINEAR LINEAR LINEAR LINEAR LINEAR LINEAR LINEAR LINEAR LINEAR LINEAR LINEAR LINEAR LINEAR LINEAR LINEAR LINEAR LINEAR LINEAR LINEAR LINEAR LINEAR LINEAR LINEAR LINEAR LINEAR LINEAR LINEAR LINEAR LINEAR LINEAR LINEAR LINEAR LINEAR LINEAR LINEAR LINEAR</Name_array>
        <technique_common>
          <accessor source="#Motion_55_RThigh_transform_interp_array_id" count="86" stride="1">
            <param name="INTERPOLATION" type="Name" />
          </accessor>
        </technique_common>
      </source>
      <source id="Motion_55_RThigh_transform_pose_id" name="Motion_55_RThigh_transform_pose">
        <float_array id="Motion_55_RThigh_transform_pose_array_id" count="1376">0.41202253 -0.012791961 -0.9110838 12.087918 -0.34909564 0.92138827 -0.17080931 -14.994 0.8416469 0.38843268 0.37516713 0 0 0 0 1 0.41450685 -0.011163428 -0.9099777 12.087918 -0.34802473 0.92197233 -0.16984046 -14.994 0.84087026 0.3870948 0.37827873 0 0 0 0 1 0.41549063 -0.010218486 -0.90954006 12.087918 -0.34694904 0.9225584 -0.1688559 -14.994 0.84082925 0.3857221 0.3797691 0 0 0 0 1 0.41476893 -0.009984389 -0.909872 12.087918 -0.34594196 0.92312384 -0.16782892 -14.994 0.84160024 0.38437313 0.3794291 0 0 0 0 1 0.4139549 -0.010091543 -0.9102415 12.087918 -0.34496906 0.9236158 -0.16712305 -14.994 0.84239995 0.38318655 0.37885404 0 0 0 0 1 0.41366494 -0.010391325 -0.9103698 12.087918 -0.34405804 0.9239988 -0.16688415 -14.994 0.84291476 0.3822542 0.37865072 0 0 0 0 1 0.41279054 -0.0111100525 -0.91075814 12.087918 -0.34333885 0.9242654 -0.16688918 -14.994 0.8436364 0.38158894 0.3777135 0 0 0 0 1 0.41042024 -0.012428999 -0.91181177 12.087918 -0.3429296 0.92440474 -0.16695845 -14.994 0.84495825 0.3812104 0.37513214 0 0 0 0 1 0.40610844 -0.014427811 -0.91371095 12.087918 -0.34292144 0.9243982 -0.16701159 -14.994 0.8470423 0.38115588 0.3704583 0 0 0 0 1 0.40091074 -0.016864926 -0.91596186 12.087918 -0.34331745 0.92420185 -0.16728449 -14.994 0.84935486 0.38153183 0.36473238 0 0 0 0 1 0.3961712 -0.019441515 -0.9179708 12.087918 -0.34410515 0.92376614 -0.16807067 -14.994 0.8512579 0.38246328 0.35927963 0 0 0 0 1 0.39265865 -0.021879151 -0.919424 12.087918 -0.3452102 0.92311156 -0.16939592 -14.994 0.8524372 0.38390934 0.35491484 0 0 0 0 1 0.39027947 -0.023972869 -0.9203843 12.087918 -0.3465076 0.9223374 -0.17095676 -14.994 0.85300314 0.38564107 0.35166258 0 0 0 0 1 0.38909894 -0.025552064 -0.9208416 12.087918 -0.34788764 0.9215172 -0.17256972 -14.994 0.85298085 0.38749608 0.34967208 0 0 0 0 1 0.38919073 -0.026497722 -0.920776 12.087918 -0.349188 0.920739 -0.17409034 -14.994 0.85240734 0.3892783 0.3490904 0 0 0 0 1 0.39062655 -0.026697397 -0.920162 12.087918 -0.3502408 0.92009425 -0.17537943 -14.994 0.85131794 0.39078614 0.35006273 0 0 0 0 1 0.39347625 -0.026039481 -0.9189659 12.087918 -0.35087973 0.9196754 -0.17629671 -14.994 0.84974104 0.39181507 0.35273367 0 0 0 0 1 0.39780605 -0.024414942 -0.91714466 12.087918 -0.35094118 0.9195749 -0.1766983 -14.994 0.84769726 0.39215544 0.35724425 0 0 0 0 1 0.40368038 -0.021719202 -0.9146422 12.087918 -0.35026485 0.91988343 -0.17643417 -14.994 0.84519625 0.39159006 0.36373138 0 0 0 0 1 0.41051292 -0.01814866 -0.91167414 12.087918 -0.34887338 0.92060614 -0.17541881 -14.994 0.84247637 0.39007056 0.37158912 0 0 0 0 1 0.4169786 -0.0143485665 -0.9088031 12.087918 -0.34709185 0.9215853 -0.17380369 -14.994 0.8400334 0.38791054 0.37930107 0 0 0 0 1 0.42203933 -0.010885626 -0.9065122 12.087918 -0.34521106 0.9226673 -0.17179745 -14.994 0.8382793 0.38544333 0.38564408 0 0 0 0 1 0.42466438 -0.008317158 -0.90531266 12.087918 -0.34351355 0.92370284 -0.16962159 -14.994 0.83765066 0.38301945 0.38940668 0 0 0 0 1 0.42401528 -0.0071505755 -0.90562683 12.087918 -0.34226394 0.92454475 -0.16754825 -14.994 0.83849066 0.38100642 0.38957375 0 0 0 0 1 0.4204567 -0.00762856 -0.90728056 12.087918 -0.34165376 0.92503005 -0.16610883 -14.994 0.84052896 0.37981737 0.38632876 0 0 0 0 1 0.41473758 -0.00963442 -0.90989006 12.087918 -0.34160602 0.9251561 -0.16550371 -14.994 0.84338486 0.37946454 0.38040578 0 0 0 0 1 0.40817726 -0.012405857 -0.91281843 12.087918 -0.34195662 0.9250305 -0.16548167 -14.994 0.84643793 0.3796901 0.37333417 0 0 0 0 1 0.4017648 -0.015362978 -0.91561395 12.087918 -0.34270465 0.92468023 -0.16589141 -14.994 0.84919876 0.3804345 0.366239 0 0 0 0 1 0.3957277 -0.018303797 -0.9181854 12.087918 -0.34369147 0.92419535 -0.16655079 -14.994 0.8516312 0.38148126 0.35943884 0 0 0 0 1 0.39029616 -0.021022886 -0.9204494 12.087918 -0.3447555 0.9236668 -0.16728231 -14.994 0.8537053 0.3826196 0.35325587 0 0 0 0 1 0.3857087 -0.02341725 -0.9223234 12.087918 -0.3458292 0.92312396 -0.16806072 -14.994 0.85535437 0.38378882 0.34795856 0 0 0 0 1 0.3822108 -0.025472 -0.923724 12.087918 -0.34692627 0.92254287 -0.16898766 -14.994 0.85647947 0.38505307 0.34376895 0 0 0 0 1 0.3800435 -0.02711071 -0.9245712 12.087918 -0.34800446 0.9219358 -0.17008014 -14.994 0.8570064 0.38639277 0.34094107 0 0 0 0 1 0.37900805 -0.028349847 -0.924959 12.087918 -0.3490463 0.9213229 -0.17126244 -14.994 0.8570412 0.38776338 0.33929342 0 0 0 0 1 0.37873733 -0.029241443 -0.9250422 12.087918 -0.3500447 0.9207275 -0.17242289 -14.994 0.85675365 0.38910908 0.3384781 0 0 0 0 1 0.3792194 -0.029761732 -0.9248281 12.087918 -0.35097206 0.92016715 -0.17352545 -14.994 0.8561608 0.39039302 0.33849972 0 0 0 0 1 0.38044035 -0.029887185 -0.92432237 12.087918 -0.35180116 0.9196597 -0.17453367 -14.994 0.8552784 0.39157736 0.3393613 0 0 0 0 1 0.38238674 -0.029594198 -0.9235283 12.087918 -0.3525054 0.919223 -0.17541105 -14.994 0.85411966 0.39262354 0.3410666 0 0 0 0 1 0.38504356 -0.028859869 -0.922447 12.087918 -0.35305846 0.9188751 -0.17612016 -14.994 0.85269636 0.3934917 0.34361774 0 0 0 0 1 0.38837725 -0.027578413 -0.92108774 12.087918 -0.3535171 0.9186133 -0.17656504 -14.994 0.8509929 0.39419407 0.34701908 0 0 0 0 1 0.3927803 -0.025586754 -0.91927636 12.087918 -0.353878 0.9184359 -0.17676523 -14.994 0.84881926 0.39474156 0.35168892 0 0 0 0 1 0.39848185 -0.022862881 -0.9168912 12.087918 -0.35405135 0.918368 -0.17677075 -14.994 0.8460851 0.3950665 0.3578583 0 0 0 0 1 0.4052059 -0.01959318 -0.9140155 12.087918 -0.35406628 0.91838485 -0.17665327 -14.994 0.8428791 0.395203 0.36519766 0 0 0 0 1 0.41268152 -0.016003877 -0.9107348 12.087918 -0.35398647 0.9184371 -0.17654125 -14.994 0.839278 0.3952431 0.37335688 0 0 0 0 1 0.42021918 -0.012340277 -0.90733874 12.087918 -0.35383275 0.91853034 -0.17636439 -14.994 0.83559453 0.39515784 0.38161767 0 0 0 0 1 0.4271301 -0.008851334 -0.9041468 12.087918 -0.35362542 0.9186704 -0.17605048 -14.994 0.8321712 0.39492577 0.38926172 0 0 0 0 1 0.43314368 -0.005693853 -0.9013069 12.087918 -0.35335726 0.9188562 -0.17561862 -14.994 0.82917136 0.39455143 0.39598477 0 0 0 0 1 0.43799287 -0.003024593 -0.89897335 12.087918 -0.35301983 0.91908705 -0.17508866 -14.994 0.82676435 0.39404303 0.4014858 0 0 0 0 1 0.44141227 -0.0009994507 -0.89730394 12.087918 -0.35260338 0.9193624 -0.1744808 -14.994 0.8251219 0.39341033 0.40546548 0 0 0 0 1 0.44313574 0.00022664666 -0.8964546 12.087918 -0.3520973 0.9196822 -0.17381635 -14.994 0.8244139 0.39266345 0.40762383 0 0 0 0 1 0.44289285 0.00050000846 -0.89657444 12.087918 -0.35149103 0.92004585 -0.17311762 -14.994 0.82480305 0.39181042 0.40765744 0 0 0 0 1 0.44102222 -2.9146671E-05 -0.8974962 12.087918 -0.35088414 0.9204025 -0.17245147 -14.994 0.8260628 0.3909721 0.4059077 0 0 0 0 1 0.4381703 -0.0010300428 -0.89889145 12.087918 -0.35035807 0.92071736 -0.17183933 -14.994 0.82780194 0.39022872 0.40307015 0 0 0 0 1 0.43452287 -0.0023858845 -0.9006576 12.087918 -0.34987673 0.92101234 -0.1712381 -14.994 0.82992536 0.38952604 0.3993662 0 0 0 0 1 0.4302696 -0.0040225536 -0.9026915 12.087918 -0.34944278 0.9212829 -0.17066795 -14.994 0.8323207 0.38887227 0.39499438 0 0 0 0 1 0.42560095 -0.0058664978 -0.9048919 12.087918 -0.3490591 0.9215244 -0.1701485 -14.994 0.83487815 0.38827616 0.39015394 0 0 0 0 1 0.4207101 -0.007844567 -0.9071612 12.087918 -0.34872866 0.9217324 -0.16969886 -14.994 0.8374911 0.38774714 0.38504648 0 0 0 0 1 0.41579157 -0.009884328 -0.90940624 12.087918 -0.3484547 0.9219024 -0.16933787 -14.994 0.84005755 0.38729614 0.379875 0 0 0 0 1 0.41104347 -0.011913687 -0.911538 12.087918 -0.34824032 0.92203 -0.16908422 -14.994 0.8424797 0.3869352 0.37484556 0 0 0 0 1 0.40666497 -0.01386112 -0.91347224 12.087918 -0.34808862 0.9221107 -0.16895635 -14.994 0.8446644 0.38667792 0.37016523 0 0 0 0 1 0.40285796 -0.0156551 -0.91512865 12.087918 -0.34800255 0.9221401 -0.16897276 -14.994 0.84652215 0.38653913 0.3660435 0 0 0 0 1 0.3998248 -0.01722458 -0.9164297 12.087918 -0.34798467 0.922114 -0.16915196 -14.994 0.84796625 0.38653463 0.36269015 0 0 0 0 1 0.39755976 -0.018543258 -0.91738886 12.087918 -0.34804958 0.9220315 -0.1694679 -14.994 0.849004 0.38667044 0.3601086 0 0 0 0 1 0.39587814 -0.01962334 -0.9180934 12.087918 -0.34822202 0.9218949 -0.16985653 -14.994 0.84971875 0.3869428 0.35812473 0 0 0 0 1 0.39472222 -0.020485267 -0.91857207 12.087918 -0.3484853 0.9217129 -0.17030388 -14.994 0.85014844 0.3873316 0.3566817 0 0 0 0 1 0.3940379 -0.021169081 -0.9188504 12.087918 -0.3488031 0.92149895 -0.1708101 -14.994 0.8503356 0.3878035 0.3557217 0 0 0 0 1 0.39376485 -0.02169004 -0.9189552 12.087918 -0.34916362 0.9212606 -0.17135823 -14.994 0.850314 0.3883406 0.3551867 0 0 0 0 1 0.3938424 -0.022063062 -0.9189132 12.087918 -0.3495552 0.92100537 -0.17193118 -14.994 0.85011727 0.38892463 0.35501868 0 0 0 0 1 0.39420974 -0.022303194 -0.91874987 12.087918 -0.34996614 0.9207406 -0.17251214 -14.994 0.8497779 0.3895373 0.35515952 0 0 0 0 1 0.39480573 -0.022425503 -0.91849095 12.087918 -0.35038495 0.92047393 -0.17308402 -14.994 0.84932846 0.39015996 0.35555083 0 0 0 0 1 0.39556944 -0.022445157 -0.91816175 12.087918 -0.35080022 0.920213 -0.17362973 -14.994 0.8488015 0.39077392 0.3561344 0 0 0 0 1 0.3964401 -0.022377327 -0.9177878 12.087918 -0.35120058 0.9199653 -0.17413212 -14.994 0.8482295 0.39136058 0.35685217 0 0 0 0 1 0.3973564 -0.02223751 -0.91739494 12.087918 -0.35157496 0.91973853 -0.17457399 -14.994 0.8476456 0.39190117 0.35764587 0 0 0 0 1 0.39829862 -0.022032127 -0.9169912 12.087918 -0.35190964 0.9195397 -0.17494667 -14.994 0.8470642 0.39237905 0.3584981 0 0 0 0 1 0.39925402 -0.02176623 -0.9165819 12.087918 -0.35219055 0.91937566 -0.17524324 -14.994 0.8464975 0.39277804 0.35939854 0 0 0 0 1 0.40017283 -0.021453008 -0.91618854 12.087918 -0.35240602 0.9192539 -0.1754487 -14.994 0.8459738 0.39308017 0.36030024 0 0 0 0 1 0.40100628 -0.021105632 -0.9158321 12.087918 -0.35254437 0.91918194 -0.17554793 -14.994 0.8455214 0.3932673 0.36115706 0 0 0 0 1 0.40170538 -0.02073729 -0.91553414 12.087918 -0.35259384 0.91916716 -0.17552581 -14.994 0.8451688 0.39332137 0.3619225 0 0 0 0 1 0.40222096 -0.020361185 -0.9153162 12.087918 -0.35254267 0.9192171 -0.17536718 -14.994 0.84494495 0.39322436 0.3625502 0 0 0 0 1 0.40250438 -0.019990548 -0.91519976 12.087918 -0.35237896 0.91933894 -0.17505702 -14.994 0.8448783 0.39295837 0.36299372 0 0 0 0 1 0.40268272 -0.019599348 -0.9151298 12.087918 -0.35207978 0.91953695 -0.17461869 -14.994 0.844918 0.39251462 0.3633811 0 0 0 0 1 0.40308338 -0.019046709 -0.91496503 12.087918 -0.35167533 0.9197945 -0.17407611 -14.994 0.84489536 0.39193782 0.36405563 0 0 0 0 1 0.4039622 -0.018194214 -0.9145947 12.087918 -0.35121328 0.9200933 -0.173429 -14.994 0.84466785 0.39127654 0.36529285 0 0 0 0 1 0.40558386 -0.016911969 -0.9139013 12.087918 -0.35063303 0.9204625 -0.17264217 -14.994 0.8441316 0.3904649 0.3673948 0 0 0 0 1 0.4082144 -0.015109852 -0.912761 12.087918 -0.3499108 0.92090684 -0.17173538 -14.994 0.84316266 0.3894898 0.37064034 0 0 0 0 1 0.4082144 -0.015109852 -0.912761 12.087918 -0.3499108 0.92090684 -0.17173538 -14.994 0.84316266 0.3894898 0.37064034 0 0 0 0 1</float_array>
        <technique_common>
          <accessor source="#Motion_55_RThigh_transform_pose_array_id" count="86" stride="16">
            <param name="TRANSFORM" type="float4x4" />
          </accessor>
        </technique_common>
      </source>
      <sampler id="Motion_55_RThigh_transform_samp_id">
        <input semantic="INPUT" source="#Motion_55_RThigh_transform_frame_id" />
        <input semantic="INTERPOLATION" source="#Motion_55_RThigh_transform_interp_id" />
        <input semantic="OUTPUT" source="#Motion_55_RThigh_transform_pose_id" />
      </sampler>
      <channel source="#Motion_55_RThigh_transform_samp_id" target="RThigh_bone_id/transform" />
    </animation>
    <animation id="Motion_55_RLeg_transform_id" name="Motion_55_RLeg_transform">
      <source id="Motion_55_RLeg_transform_frame_id" name="Motion_55_RLeg_transform_frame">
        <float_array id="Motion_55_RLeg_transform_frame_array_id" count="86">0 0.033333335 0.06666667 0.1 0.13333334 0.16666667 0.2 0.23333333 0.26666668 0.3 0.33333334 0.36666667 0.4 0.43333334 0.46666667 0.5 0.53333336 0.56666666 0.6 0.6333333 0.6666667 0.7 0.73333335 0.76666665 0.8 0.8333333 0.8666667 0.9 0.93333334 0.96666664 1 1.0333333 1.0666667 1.1 1.1333333 1.1666666 1.2 1.2333333 1.2666667 1.3 1.3333334 1.3666667 1.4 1.4333333 1.4666667 1.5 1.5333333 1.5666667 1.6 1.6333333 1.6666666 1.7 1.7333333 1.7666667 1.8 1.8333334 1.8666667 1.9 1.9333333 1.9666667 2 2.0333333 2.0666666 2.1 2.1333334 2.1666667 2.2 2.2333333 2.2666667 2.3 2.3333333 2.3666666 2.4 2.4333334 2.4666667 2.5 2.5333333 2.5666666 2.6 2.6333334 2.6666667 2.7 2.7333333 2.7666667 2.8 2.8333333</float_array>
        <technique_common>
          <accessor source="#Motion_55_RLeg_transform_frame_array_id" count="86" stride="1">
            <param name="TIME" type="float" />
          </accessor>
        </technique_common>
      </source>
      <source id="Motion_55_RLeg_transform_interp_id" name="Motion_55_RLeg_transform_interp">
        <Name_array id="Motion_55_RLeg_transform_interp_array_id" count="86">LINEAR LINEAR LINEAR LINEAR LINEAR LINEAR LINEAR LINEAR LINEAR LINEAR LINEAR LINEAR LINEAR LINEAR LINEAR LINEAR LINEAR LINEAR LINEAR LINEAR LINEAR LINEAR LINEAR LINEAR LINEAR LINEAR LINEAR LINEAR LINEAR LINEAR LINEAR LINEAR LINEAR LINEAR LINEAR LINEAR LINEAR LINEAR LINEAR LINEAR LINEAR LINEAR LINEAR LINEAR LINEAR LINEAR LINEAR LINEAR LINEAR LINEAR LINEAR LINEAR LINEAR LINEAR LINEAR LINEAR LINEAR LINEAR LINEAR LINEAR LINEAR LINEAR LINEAR LINEAR LINEAR LINEAR LINEAR LINEAR LINEAR LINEAR LINEAR LINEAR LINEAR LINEAR LINEAR LINEAR LINEAR LINEAR LINEAR LINEAR LINEAR LINEAR LINEAR LINEAR LINEAR LINEAR</Name_array>
        <technique_common>
          <accessor source="#Motion_55_RLeg_transform_interp_array_id" count="86" stride="1">
            <param name="INTERPOLATION" type="Name" />
          </accessor>
        </technique_common>
      </source>
      <source id="Motion_55_RLeg_transform_pose_id" name="Motion_55_RLeg_transform_pose">
        <float_array id="Motion_55_RLeg_transform_pose_array_id" count="1376">0.38662618 0 0.9222365 27.682259 0 1 0 0 -0.9222365 0 0.38662618 0 0 0 0 1 0.38681418 0 0.92215765 27.682259 0 1 0 0 -0.92215765 0 0.38681418 0 0 0 0 1 0.3879432 0 0.9216833 27.682259 0 1 0 0 -0.9216833 0 0.3879432 0 0 0 0 1 0.3896802 0 0.9209503 27.682259 0 1 0 0 -0.9209503 0 0.3896802 0 0 0 0 1 0.39169228 0 0.9200963 27.682259 0 1 0 0 -0.9200963 0 0.39169228 0 0 0 0 1 0.39364702 0 0.9192617 27.682259 0 1 0 0 -0.9192617 0 0.39364702 0 0 0 0 1 0.3952142 0 0.91858894 27.682259 0 1 0 0 -0.91858894 0 0.3952142 0 0 0 0 1 0.39634216 0 0.91810286 27.682259 0 1 0 0 -0.91810286 0 0.39634216 0 0 0 0 1 0.39718592 0 0.91773814 27.682259 0 1 0 0 -0.91773814 0 0.39718592 0 0 0 0 1 0.39772516 0 0.9175046 27.682259 0 1 0 0 -0.9175046 0 0.39772516 0 0 0 0 1 0.39793932 0 0.91741174 27.682259 0 1 0 0 -0.91741174 0 0.39793932 0 0 0 0 1 0.3978076 0 0.91746885 27.682259 0 1 0 0 -0.91746885 0 0.3978076 0 0 0 0 1 0.39730906 0 0.91768485 27.682259 0 1 0 0 -0.91768485 0 0.39730906 0 0 0 0 1 0.39642256 0 0.9180682 27.682259 0 1 0 0 -0.9180682 0 0.39642256 0 0 0 0 1 0.39512688 0 0.91862655 27.682259 0 1 0 0 -0.91862655 0 0.39512688 0 0 0 0 1 0.39350575 0 0.9193222 27.682259 0 1 0 0 -0.9193222 0 0.39350575 0 0 0 0 1 0.39184886 0 0.9200296 27.682259 0 1 0 0 -0.9200296 0 0.39184886 0 0 0 0 1 0.39044422 0 0.9206266 27.682259 0 1 0 0 -0.9206266 0 0.39044422 0 0 0 0 1 0.38958085 0 0.92099226 27.682259 0 1 0 0 -0.92099226 0 0.38958085 0 0 0 0 1 0.3895474 0 0.9210064 27.682259 0 1 0 0 -0.9210064 0 0.3895474 0 0 0 0 1 0.38996953 0 0.92082775 27.682259 0 1 0 0 -0.92082775 0 0.38996953 0 0 0 0 1 0.3903309 0 0.9206747 27.682259 0 1 0 0 -0.9206747 0 0.3903309 0 0 0 0 1 0.3907073 0 0.920515 27.682259 0 1 0 0 -0.920515 0 0.3907073 0 0 0 0 1 0.3911745 0 0.92031646 27.682259 0 1 0 0 -0.92031646 0 0.3911745 0 0 0 0 1 0.39180785 0 0.92004704 27.682259 0 1 0 0 -0.92004704 0 0.39180785 0 0 0 0 1 0.39268303 0 0.91967386 27.682259 0 1 0 0 -0.91967386 0 0.39268303 0 0 0 0 1 0.39342684 0 0.9193559 27.682259 0 1 0 0 -0.9193559 0 0.39342684 0 0 0 0 1 0.39370924 0 0.91923505 27.682259 0 1 0 0 -0.91923505 0 0.39370924 0 0 0 0 1 0.3936693 0 0.91925216 27.682259 0 1 0 0 -0.91925216 0 0.3936693 0 0 0 0 1 0.39344585 0 0.9193478 27.682259 0 1 0 0 -0.9193478 0 0.39344585 0 0 0 0 1 0.3931781 0 0.9194623 27.682259 0 1 0 0 -0.9194623 0 0.3931781 0 0 0 0 1 0.39300466 0 0.9195365 27.682259 0 1 0 0 -0.9195365 0 0.39300466 0 0 0 0 1 0.39306468 0 0.91951084 27.682259 0 1 0 0 -0.91951084 0 0.39306468 0 0 0 0 1 0.39349693 0 0.9193259 27.682259 0 1 0 0 -0.9193259 0 0.39349693 0 0 0 0 1 0.39420754 0 0.9190215 27.682259 0 1 0 0 -0.9190215 0 0.39420754 0 0 0 0 1 0.3949327 0 0.91871005 27.682259 0 1 0 0 -0.91871005 0 0.3949327 0 0 0 0 1 0.3955561 0 0.9184418 27.682259 0 1 0 0 -0.9184418 0 0.3955561 0 0 0 0 1 0.39596224 0 0.9182668 27.682259 0 1 0 0 -0.9182668 0 0.39596224 0 0 0 0 1 0.39603478 0 0.91823554 27.682259 0 1 0 0 -0.91823554 0 0.39603478 0 0 0 0 1 0.39565808 0 0.9183979 27.682259 0 1 0 0 -0.9183979 0 0.39565808 0 0 0 0 1 0.39471567 0 0.91880333 27.682259 0 1 0 0 -0.91880333 0 0.39471567 0 0 0 0 1 0.39309067 0 0.91949975 27.682259 0 1 0 0 -0.91949975 0 0.39309067 0 0 0 0 1 0.39097637 0 0.9204007 27.682259 0 1 0 0 -0.9204007 0 0.39097637 0 0 0 0 1 0.38871902 0 0.9213563 27.682259 0 1 0 0 -0.9213563 0 0.38871902 0 0 0 0 1 0.3864305 0 0.9223185 27.682259 0 1 0 0 -0.9223185 0 0.3864305 0 0 0 0 1 0.38422388 0 0.9232399 27.682259 0 1 0 0 -0.9232399 0 0.38422388 0 0 0 0 1 0.38221174 0 0.92407477 27.682259 0 1 0 0 -0.92407477 0 0.38221174 0 0 0 0 1 0.38050812 0 0.9247776 27.682259 0 1 0 0 -0.9247776 0 0.38050812 0 0 0 0 1 0.37922633 0 0.92530394 27.682259 0 1 0 0 -0.92530394 0 0.37922633 0 0 0 0 1 0.37848014 0 0.9256094 27.682259 0 1 0 0 -0.9256094 0 0.37848014 0 0 0 0 1 0.37838322 0 0.925649 27.682259 0 1 0 0 -0.925649 0 0.37838322 0 0 0 0 1 0.3787483 0 0.92549974 27.682259 0 1 0 0 -0.92549974 0 0.3787483 0 0 0 0 1 0.37929177 0 0.9252771 27.682259 0 1 0 0 -0.9252771 0 0.37929177 0 0 0 0 1 0.37998176 0 0.924994 27.682259 0 1 0 0 -0.924994 0 0.37998176 0 0 0 0 1 0.38078636 0 0.92466307 27.682259 0 1 0 0 -0.92466307 0 0.38078636 0 0 0 0 1 0.3816738 0 0.9242971 27.682259 0 1 0 0 -0.9242971 0 0.3816738 0 0 0 0 1 0.3826124 0 0.92390895 27.682259 0 1 0 0 -0.92390895 0 0.3826124 0 0 0 0 1 0.38357055 0 0.9235116 27.682259 0 1 0 0 -0.9235116 0 0.38357055 0 0 0 0 1 0.38451672 0 0.923118 27.682259 0 1 0 0 -0.923118 0 0.38451672 0 0 0 0 1 0.3854192 0 0.9227416 27.682259 0 1 0 0 -0.9227416 0 0.3854192 0 0 0 0 1 0.38624638 0 0.92239565 27.682259 0 1 0 0 -0.92239565 0 0.38624638 0 0 0 0 1 0.38696694 0 0.92209363 27.682259 0 1 0 0 -0.92209363 0 0.38696694 0 0 0 0 1 0.38757515 0 0.9218381 27.682259 0 1 0 0 -0.9218381 0 0.38757515 0 0 0 0 1 0.38808948 0 0.9216217 27.682259 0 1 0 0 -0.9216217 0 0.38808948 0 0 0 0 1 0.38851374 0 0.9214429 27.682259 0 1 0 0 -0.9214429 0 0.38851374 0 0 0 0 1 0.3888529 0 0.9212999 27.682259 0 1 0 0 -0.9212999 0 0.3888529 0 0 0 0 1 0.3891111 0 0.9211908 27.682259 0 1 0 0 -0.9211908 0 0.3891111 0 0 0 0 1 0.38929236 0 0.92111427 27.682259 0 1 0 0 -0.92111427 0 0.38929236 0 0 0 0 1 0.38940144 0 0.92106813 27.682259 0 1 0 0 -0.92106813 0 0.38940144 0 0 0 0 1 0.38944244 0 0.9210508 27.682259 0 1 0 0 -0.9210508 0 0.38944244 0 0 0 0 1 0.3894198 0 0.9210604 27.682259 0 1 0 0 -0.9210604 0 0.3894198 0 0 0 0 1 0.38933754 0 0.92109513 27.682259 0 1 0 0 -0.92109513 0 0.38933754 0 0 0 0 1 0.38920027 0 0.9211532 27.682259 0 1 0 0 -0.9211532 0 0.38920027 0 0 0 0 1 0.38909197 0 0.9211989 27.682259 0 1 0 0 -0.9211989 0 0.38909197 0 0 0 0 1 0.3890763 0 0.9212055 27.682259 0 1 0 0 -0.9212055 0 0.3890763 0 0 0 0 1 0.3891273 0 0.921184 27.682259 0 1 0 0 -0.921184 0 0.3891273 0 0 0 0 1 0.38921928 0 0.92114514 27.682259 0 1 0 0 -0.92114514 0 0.38921928 0 0 0 0 1 0.38932556 0 0.9211002 27.682259 0 1 0 0 -0.9211002 0 0.38932556 0 0 0 0 1 0.38942057 0 0.92106 27.682259 0 1 0 0 -0.92106 0 0.38942057 0 0 0 0 1 0.3894785 0 0.9210356 27.682259 0 1 0 0 -0.9210356 0 0.3894785 0 0 0 0 1 0.38947314 0 0.9210378 27.682259 0 1 0 0 -0.9210378 0 0.38947314 0 0 0 0 1 0.38937813 0 0.921078 27.682259 0 1 0 0 -0.921078 0 0.38937813 0 0 0 0 1 0.38916802 0 0.9211668 27.682259 0 1 0 0 -0.9211668 0 0.38916802 0 0 0 0 1 0.38867116 0 0.9213766 27.682259 0 1 0 0 -0.9213766 0 0.38867116 0 0 0 0 1 0.38779312 0 0.92174643 27.682259 0 1 0 0 -0.92174643 0 0.38779312 0 0 0 0 1 0.38779312 0 0.92174643 27.682259 0 1 0 0 -0.92174643 0 0.38779312 0 0 0 0 1</float_array>
        <technique_common>
          <accessor source="#Motion_55_RLeg_transform_pose_array_id" count="86" stride="16">
            <param name="TRANSFORM" type="float4x4" />
          </accessor>
        </technique_common>
      </source>
      <sampler id="Motion_55_RLeg_transform_samp_id">
        <input semantic="INPUT" source="#Motion_55_RLeg_transform_frame_id" />
        <input semantic="INTERPOLATION" source="#Motion_55_RLeg_transform_interp_id" />
        <input semantic="OUTPUT" source="#Motion_55_RLeg_transform_pose_id" />
      </sampler>
      <channel source="#Motion_55_RLeg_transform_samp_id" target="RLeg_bone_id/transform" />
    </animation>
    <animation id="Motion_55_RFoot_transform_id" name="Motion_55_RFoot_transform">
      <source id="Motion_55_RFoot_transform_frame_id" name="Motion_55_RFoot_transform_frame">
        <float_array id="Motion_55_RFoot_transform_frame_array_id" count="86">0 0.033333335 0.06666667 0.1 0.13333334 0.16666667 0.2 0.23333333 0.26666668 0.3 0.33333334 0.36666667 0.4 0.43333334 0.46666667 0.5 0.53333336 0.56666666 0.6 0.6333333 0.6666667 0.7 0.73333335 0.76666665 0.8 0.8333333 0.8666667 0.9 0.93333334 0.96666664 1 1.0333333 1.0666667 1.1 1.1333333 1.1666666 1.2 1.2333333 1.2666667 1.3 1.3333334 1.3666667 1.4 1.4333333 1.4666667 1.5 1.5333333 1.5666667 1.6 1.6333333 1.6666666 1.7 1.7333333 1.7666667 1.8 1.8333334 1.8666667 1.9 1.9333333 1.9666667 2 2.0333333 2.0666666 2.1 2.1333334 2.1666667 2.2 2.2333333 2.2666667 2.3 2.3333333 2.3666666 2.4 2.4333334 2.4666667 2.5 2.5333333 2.5666666 2.6 2.6333334 2.6666667 2.7 2.7333333 2.7666667 2.8 2.8333333</float_array>
        <technique_common>
          <accessor source="#Motion_55_RFoot_transform_frame_array_id" count="86" stride="1">
            <param name="TIME" type="float" />
          </accessor>
        </technique_common>
      </source>
      <source id="Motion_55_RFoot_transform_interp_id" name="Motion_55_RFoot_transform_interp">
        <Name_array id="Motion_55_RFoot_transform_interp_array_id" count="86">LINEAR LINEAR LINEAR LINEAR LINEAR LINEAR LINEAR LINEAR LINEAR LINEAR LINEAR LINEAR LINEAR LINEAR LINEAR LINEAR LINEAR LINEAR LINEAR LINEAR LINEAR LINEAR LINEAR LINEAR LINEAR LINEAR LINEAR LINEAR LINEAR LINEAR LINEAR LINEAR LINEAR LINEAR LINEAR LINEAR LINEAR LINEAR LINEAR LINEAR LINEAR LINEAR LINEAR LINEAR LINEAR LINEAR LINEAR LINEAR LINEAR LINEAR LINEAR LINEAR LINEAR LINEAR LINEAR LINEAR LINEAR LINEAR LINEAR LINEAR LINEAR LINEAR LINEAR LINEAR LINEAR LINEAR LINEAR LINEAR LINEAR LINEAR LINEAR LINEAR LINEAR LINEAR LINEAR LINEAR LINEAR LINEAR LINEAR LINEAR LINEAR LINEAR LINEAR LINEAR LINEAR LINEAR</Name_array>
        <technique_common>
          <accessor source="#Motion_55_RFoot_transform_interp_array_id" count="86" stride="1">
            <param name="INTERPOLATION" type="Name" />
          </accessor>
        </technique_common>
      </source>
      <source id="Motion_55_RFoot_transform_pose_id" name="Motion_55_RFoot_transform_pose">
        <float_array id="Motion_55_RFoot_transform_pose_array_id" count="1376">0.13633251 0.065247625 -0.98851204 27.682259 -0.044724554 0.9972167 0.059653908 0 0.989653 0.036078 0.1388712 0 0 0 0 1 0.1358186 0.06399305 -0.98866487 27.682259 -0.0460678 0.9972403 0.05821951 0 0.98966205 0.037638325 0.13839185 0 0 0 0 1 0.13597113 0.06281917 -0.98871917 27.682259 -0.047405362 0.99725705 0.056842327 0 0.98957795 0.039141677 0.13857615 0 0 0 0 1 0.13656676 0.061774474 -0.98870295 27.682259 -0.048665088 0.9972671 0.055587593 0 0.9894349 0.04052389 0.13919985 0 0 0 0 1 0.13738257 0.06090677 -0.98864377 27.682259 -0.049775448 0.9972712 0.05452145 0 0.98926663 0.041719884 0.14003938 0 0 0 0 1 0.13819575 0.06026326 -0.9885698 27.682259 -0.050665475 0.99727035 0.053710934 0 0.98910815 0.042663734 0.14087176 0 0 0 0 1 0.13878244 0.059890646 -0.9885104 27.682259 -0.051264603 0.9972659 0.053223792 0 0.9889952 0.043289054 0.14147323 0 0 0 0 1 0.1393655 0.05984856 -0.98843074 27.682259 -0.051517155 0.9972584 0.053119313 0 0.98889995 0.043518145 0.14206666 0 0 0 0 1 0.14022523 0.060198423 -0.988288 27.682259 -0.051369403 0.99724805 0.05345555 0 0.98878616 0.043271948 0.1429317 0 0 0 0 1 0.14122754 0.060989145 -0.9880967 27.682259 -0.050753985 0.997234 0.05429893 0 0.98867524 0.04248134 0.14393234 0 0 0 0 1 0.14223886 0.062269427 -0.98787177 27.682259 -0.04960365 0.9972137 0.055716097 0 0.9885887 0.041077048 0.14493132 0 0 0 0 1 0.14312494 0.06391655 -0.9876386 27.682259 -0.04802247 0.9971855 0.05757516 0 0.98853886 0.0391884 0.14579153 0 0 0 0 1 0.1437515 0.06567095 -0.98743236 27.682259 -0.046251617 0.9971512 0.05958396 0 0.9885323 0.037105065 0.14637941 0 0 0 0 1 0.14398366 0.06737662 -0.9872837 27.682259 -0.044428848 0.9971136 0.061568033 0 0.98858225 0.034999084 0.14656156 0 0 0 0 1 0.14368677 0.068878174 -0.98722345 27.682259 -0.04269145 0.9970777 0.06335212 0 0.9887021 0.033043128 0.14620733 0 0 0 0 1 0.14285433 0.07002374 -0.9872637 27.682259 -0.0411816 0.9970508 0.06475905 0 0.9888867 0.031405978 0.14531666 0 0 0 0 1 0.14166737 0.07066552 -0.9873888 27.682259 -0.040049344 0.9970413 0.065610185 0 0.98910373 0.030249454 0.14407831 0 0 0 0 1 0.14026588 0.070729375 -0.9875843 27.682259 -0.03952001 0.9970503 0.06579431 0 0.98932475 0.029800653 0.14264733 0 0 0 0 1 0.13879007 0.070136115 -0.9878351 27.682259 -0.039815646 0.9970777 0.06519827 0 0.9895211 0.030282428 0.141177 0 0 0 0 1 0.13738728 0.068728454 -0.9881301 27.682259 -0.0410811 0.9971269 0.0636424 0 0.98966515 0.031849816 0.13981599 0 0 0 0 1 0.1362083 0.06673444 -0.98842996 27.682259 -0.043075055 0.997184 0.061389614 0 0.9897433 0.034214903 0.13869935 0 0 0 0 1 0.1354047 0.06464827 -0.98867893 27.682259 -0.04528992 0.9972298 0.05900471 0 0.9897547 0.036787674 0.13795751 0 0 0 0 1 0.13512594 0.06271276 -0.98884183 27.682259 -0.047470495 0.99725866 0.05675968 0 0.9896907 0.039271105 0.1377325 0 0 0 0 1 0.13552058 0.061171513 -0.98888427 27.682259 -0.049361136 0.99726963 0.054925572 0 0.9895441 0.041368905 0.13817006 0 0 0 0 1 0.13673562 0.060268197 -0.9887726 27.682259 -0.05070659 0.99726486 0.053773697 0 0.989309 0.0427845 0.13941759 0 0 0 0 1 0.1384272 0.060230684 -0.98853934 27.682259 -0.05123658 0.9972479 0.05358652 0 0.98904634 0.043231554 0.14113224 0 0 0 0 1 0.14006299 0.060816392 -0.9882731 27.682259 -0.051139392 0.9972241 0.054119494 0 0.9888211 0.042959552 0.1427843 0 0 0 0 1 0.14150769 0.061604504 -0.98801845 27.682259 -0.050806034 0.9971984 0.05490026 0 0.9886325 0.042428493 0.1442411 0 0 0 0 1 0.14262766 0.06254267 -0.9877985 27.682259 -0.050258797 0.99717176 0.05587931 0 0.9884996 0.041675627 0.14536756 0 0 0 0 1 0.14328873 0.06357886 -0.9876366 27.682259 -0.049519435 0.99714494 0.057006557 0 0.9884413 0.04073881 0.14602804 0 0 0 0 1 0.14372075 0.06467177 -0.98750293 27.682259 -0.048622258 0.9971187 0.058225047 0 0.9884231 0.039646465 0.14645112 0 0 0 0 1 0.14420807 0.06578135 -0.9873586 27.682259 -0.047603816 0.997094 0.059477203 0 0.98840183 0.03842493 0.14692044 0 0 0 0 1 0.14469963 0.06685794 -0.98721427 27.682259 -0.04648896 0.99707216 0.060711496 0 0.9883829 0.037109636 0.14738417 0 0 0 0 1 0.14514297 0.06785208 -0.9870813 27.682259 -0.045302395 0.9970552 0.061876297 0 0.9883729 0.03573624 0.14778942 0 0 0 0 1 0.14548427 0.068738736 -0.9869698 27.682259 -0.04409302 0.9970428 0.06294075 0 0.9883776 0.034361586 0.14808494 0 0 0 0 1 0.14566922 0.06950458 -0.98688877 27.682259 -0.04292123 0.9970339 0.063883714 0 0.9884018 0.033052593 0.14822036 0 0 0 0 1 0.14564401 0.070117906 -0.9868491 27.682259 -0.041828822 0.9970298 0.064667955 0 0.9884524 0.031860244 0.14814436 0 0 0 0 1 0.14535493 0.07054705 -0.98686117 27.682259 -0.040857635 0.99703175 0.06525618 0 0.9885356 0.030835511 0.14780587 0 0 0 0 1 0.14474916 0.07076039 -0.98693496 27.682259 -0.040049654 0.9970412 0.06561108 0 0.98865753 0.03002925 0.14715481 0 0 0 0 1 0.14377266 0.0707261 -0.9870801 27.682259 -0.039446946 0.9970597 0.06569553 0 0.9888241 0.02949208 0.14613986 0 0 0 0 1 0.1423719 0.070412226 -0.98730564 27.682259 -0.039091974 0.9970883 0.06547275 0 0.989041 0.029274244 0.14470994 0 0 0 0 1 0.14049411 0.06988932 -0.9876117 27.682259 -0.038924344 0.9971242 0.06502524 0 0.98931605 0.029306475 0.14281046 0 0 0 0 1 0.13808638 0.069262825 -0.9879953 27.682259 -0.038848758 0.9971628 0.06447584 0 0.98965794 0.029479155 0.14038539 0 0 0 0 1 0.13540876 0.06856005 -0.9884149 27.682259 -0.038867228 0.9972027 0.06384495 0 0.9900272 0.029771775 0.13769472 0 0 0 0 1 0.13281882 0.06781054 -0.988818 27.682259 -0.038984925 0.9972422 0.06315177 0 0.99037343 0.030161245 0.13509607 0 0 0 0 1 0.13040835 0.06703776 -0.9891915 27.682259 -0.039196793 0.99728006 0.06241849 0 0.9906853 0.030633235 0.13268131 0 0 0 0 1 0.12826908 0.066265255 -0.98952305 27.682259 -0.039497513 0.99731493 0.0616671 0 0.9909525 0.031173728 0.13054198 0 0 0 0 1 0.12649292 0.06551676 -0.98980165 27.682259 -0.039881587 0.9973456 0.0609194 0 0.9911655 0.03176898 0.12877011 0 0 0 0 1 0.1251725 0.06481613 -0.99001545 27.682259 -0.0403433 0.9973709 0.06019689 0 0.99131435 0.032405503 0.12745827 0 0 0 0 1 0.124399304 0.0641875 -0.99015397 27.682259 -0.040876877 0.99738973 0.059520952 0 0.99138993 0.033070035 0.12669837 0 0 0 0 1 0.12426573 0.06365508 -0.990205 27.682259 -0.041476443 0.9974011 0.058912586 0 0.9913817 0.033749368 0.12658292 0 0 0 0 1 0.12486297 0.063243315 -0.99015635 27.682259 -0.0421362 0.99740404 0.05839269 0 0.99127895 0.034430332 0.1272037 0 0 0 0 1 0.12591082 0.062967286 -0.99004114 27.682259 -0.042837597 0.99739784 0.057987202 0 0.99111617 0.035109777 0.12828052 0 0 0 0 1 0.1270473 0.06283971 -0.9899041 27.682259 -0.043559704 0.9973818 0.057723813 0 0.9909397 0.03578628 0.12945193 0 0 0 0 1 0.12824917 0.062820025 -0.9897504 27.682259 -0.044231728 0.99736106 0.057571657 0 0.9907551 0.036394857 0.13068938 0 0 0 0 1 0.12949222 0.062864184 -0.9895857 27.682259 -0.044779494 0.9973409 0.05749722 0 0.9905688 0.0368677 0.13196295 0 0 0 0 1 0.13074875 0.0629879 -0.98941255 27.682259 -0.04518876 0.9973211 0.05751978 0 0.99038506 0.037189692 0.13324487 0 0 0 0 1 0.13199037 0.06319296 -0.9892346 27.682259 -0.045459174 0.99730176 0.05764282 0 0.9902081 0.03736149 0.13450694 0 0 0 0 1 0.13318866 0.06346454 -0.9890566 27.682259 -0.04560697 0.9972829 0.057850853 0 0.9900408 0.0374028 0.1357212 0 0 0 0 1 0.13431567 0.06379342 -0.988883 27.682259 -0.045642786 0.9972648 0.058134675 0 0.9898869 0.037326984 0.13686001 0 0 0 0 1 0.13534313 0.064170465 -0.9887185 27.682259 -0.0455772 0.99724734 0.058485057 0 0.9897499 0.037147474 0.13789529 0 0 0 0 1 0.13624257 0.06458652 -0.9885678 27.682259 -0.04542073 0.99723047 0.058892675 0 0.9896337 0.03687779 0.13879883 0 0 0 0 1 0.13698614 0.06503259 -0.9884359 27.682259 -0.045183886 0.9972142 0.05934816 0 0.98954195 0.0365315 0.13954294 0 0 0 0 1 0.13754547 0.065499656 -0.9883274 27.682259 -0.044877112 0.9971986 0.059842028 0 0.98947823 0.036122277 0.14009959 0 0 0 0 1 0.13789266 0.065978795 -0.98824716 27.682259 -0.04451079 0.9971835 0.06036471 0 0.9894465 0.035663813 0.14044106 0 0 0 0 1 0.13809353 0.066463605 -0.98818654 27.682259 -0.044098713 0.9971689 0.060905196 0 0.9894369 0.035167143 0.14063352 0 0 0 0 1 0.13823932 0.06694832 -0.98813343 27.682259 -0.043655626 0.9971549 0.06145214 0 0.98943615 0.03464249 0.1407687 0 0 0 0 1 0.13833773 0.06742494 -0.98808736 27.682259 -0.043193303 0.99714136 0.06199546 0 0.98944277 0.03410244 0.1408546 0 0 0 0 1 0.13839751 0.06788552 -0.9880474 27.682259 -0.042723544 0.99712855 0.06252509 0 0.9894548 0.033559572 0.14090043 0 0 0 0 1 0.13842696 0.06832209 -0.9880133 27.682259 -0.042258162 0.9971165 0.06303095 0 0.9894708 0.033026434 0.14091498 0 0 0 0 1 0.13843441 0.068726666 -0.9879841 27.682259 -0.041808955 0.9971055 0.06350299 0 0.9894888 0.03251558 0.14090711 0 0 0 0 1 0.13842821 0.069091275 -0.98795944 27.682259 -0.041387744 0.9970957 0.063931145 0 0.98950726 0.032039553 0.14088571 0 0 0 0 1 0.13841647 0.06940792 -0.98793894 27.682259 -0.04100637 0.9970874 0.064305395 0 0.9895248 0.03161087 0.14085948 0 0 0 0 1 0.13840783 0.06966862 -0.98792183 27.682259 -0.040676672 0.99708086 0.06461571 0 0.9895396 0.03124205 0.14083767 0 0 0 0 1 0.13841033 0.06986537 -0.9879076 27.682259 -0.04041048 0.99707633 0.064852096 0 0.9895502 0.03094563 0.14082891 0 0 0 0 1 0.13843226 0.06999016 -0.9878957 27.682259 -0.04021964 0.9970741 0.06500451 0 0.9895549 0.03073408 0.1408422 0 0 0 0 1 0.13848239 0.07003498 -0.98788553 27.682259 -0.04011599 0.9970745 0.06506294 0 0.9895521 0.030619929 0.14088678 0 0 0 0 1 0.1385687 0.06999186 -0.9878764 27.682259 -0.04011137 0.99707764 0.06501738 0 0.9895402 0.030615702 0.14097118 0 0 0 0 1 0.1386993 0.06985278 -0.987868 27.682259 -0.040217582 0.9970838 0.06485777 0 0.9895176 0.03073393 0.1411041 0 0 0 0 1 0.13888305 0.06960976 -0.9878593 27.682259 -0.040446453 0.9970929 0.06457405 0 0.98948246 0.030987164 0.14129478 0 0 0 0 1 0.13912815 0.069254875 -0.9878497 27.682259 -0.040809765 0.99710506 0.064156115 0 0.98943305 0.031388 0.14155167 0 0 0 0 1 0.13926029 0.068775654 -0.98786455 27.682259 -0.04131245 0.99712026 0.06359618 0 0.98939365 0.03195469 0.1417005 0 0 0 0 1 0.1390779 0.06815878 -0.98793304 27.682259 -0.04195859 0.99713826 0.06288708 0 0.98939216 0.03270608 0.14153975 0 0 0 0 1 0.13854855 0.06739492 -0.9880598 27.682259 -0.04275882 0.9971586 0.062019777 0 0.98943216 0.03365552 0.14103663 0 0 0 0 1 0.13764298 0.0664338 -0.9882514 27.682259 -0.04368323 0.99718446 0.06095014 0 0.9895181 0.034780663 0.14015752 0 0 0 0 1 0.13764298 0.0664338 -0.9882514 27.682259 -0.04368323 0.99718446 0.06095014 0 0.9895181 0.034780663 0.14015752 0 0 0 0 1</float_array>
        <technique_common>
          <accessor source="#Motion_55_RFoot_transform_pose_array_id" count="86" stride="16">
            <param name="TRANSFORM" type="float4x4" />
          </accessor>
        </technique_common>
      </source>
      <sampler id="Motion_55_RFoot_transform_samp_id">
        <input semantic="INPUT" source="#Motion_55_RFoot_transform_frame_id" />
        <input semantic="INTERPOLATION" source="#Motion_55_RFoot_transform_interp_id" />
        <input semantic="OUTPUT" source="#Motion_55_RFoot_transform_pose_id" />
      </sampler>
      <channel source="#Motion_55_RFoot_transform_samp_id" target="RFoot_bone_id/transform" />
    </animation>
    <animation id="Motion_55_RToe_transform_id" name="Motion_55_RToe_transform">
      <source id="Motion_55_RToe_transform_frame_id" name="Motion_55_RToe_transform_frame">
        <float_array id="Motion_55_RToe_transform_frame_array_id" count="86">0 0.033333335 0.06666667 0.1 0.13333334 0.16666667 0.2 0.23333333 0.26666668 0.3 0.33333334 0.36666667 0.4 0.43333334 0.46666667 0.5 0.53333336 0.56666666 0.6 0.6333333 0.6666667 0.7 0.73333335 0.76666665 0.8 0.8333333 0.8666667 0.9 0.93333334 0.96666664 1 1.0333333 1.0666667 1.1 1.1333333 1.1666666 1.2 1.2333333 1.2666667 1.3 1.3333334 1.3666667 1.4 1.4333333 1.4666667 1.5 1.5333333 1.5666667 1.6 1.6333333 1.6666666 1.7 1.7333333 1.7666667 1.8 1.8333334 1.8666667 1.9 1.9333333 1.9666667 2 2.0333333 2.0666666 2.1 2.1333334 2.1666667 2.2 2.2333333 2.2666667 2.3 2.3333333 2.3666666 2.4 2.4333334 2.4666667 2.5 2.5333333 2.5666666 2.6 2.6333334 2.6666667 2.7 2.7333333 2.7666667 2.8 2.8333333</float_array>
        <technique_common>
          <accessor source="#Motion_55_RToe_transform_frame_array_id" count="86" stride="1">
            <param name="TIME" type="float" />
          </accessor>
        </technique_common>
      </source>
      <source id="Motion_55_RToe_transform_interp_id" name="Motion_55_RToe_transform_interp">
        <Name_array id="Motion_55_RToe_transform_interp_array_id" count="86">LINEAR LINEAR LINEAR LINEAR LINEAR LINEAR LINEAR LINEAR LINEAR LINEAR LINEAR LINEAR LINEAR LINEAR LINEAR LINEAR LINEAR LINEAR LINEAR LINEAR LINEAR LINEAR LINEAR LINEAR LINEAR LINEAR LINEAR LINEAR LINEAR LINEAR LINEAR LINEAR LINEAR LINEAR LINEAR LINEAR LINEAR LINEAR LINEAR LINEAR LINEAR LINEAR LINEAR LINEAR LINEAR LINEAR LINEAR LINEAR LINEAR LINEAR LINEAR LINEAR LINEAR LINEAR LINEAR LINEAR LINEAR LINEAR LINEAR LINEAR LINEAR LINEAR LINEAR LINEAR LINEAR LINEAR LINEAR LINEAR LINEAR LINEAR LINEAR LINEAR LINEAR LINEAR LINEAR LINEAR LINEAR LINEAR LINEAR LINEAR LINEAR LINEAR LINEAR LINEAR LINEAR LINEAR</Name_array>
        <technique_common>
          <accessor source="#Motion_55_RToe_transform_interp_array_id" count="86" stride="1">
            <param name="INTERPOLATION" type="Name" />
          </accessor>
        </technique_common>
      </source>
      <source id="Motion_55_RToe_transform_pose_id" name="Motion_55_RToe_transform_pose">
        <float_array id="Motion_55_RToe_transform_pose_array_id" count="1376">1 0 0 11.843395 0 1 0 0 0 0 1 -7.663373 0 0 0 1 1 0 0 11.843395 0 1 0 0 0 0 1 -7.663373 0 0 0 1 1 0 0 11.843395 0 1 0 0 0 0 1 -7.663373 0 0 0 1 1 0 0 11.843395 0 1 0 0 0 0 1 -7.663373 0 0 0 1 1 0 0 11.843395 0 1 0 0 0 0 1 -7.663373 0 0 0 1 1 0 0 11.843395 0 1 0 0 0 0 1 -7.663373 0 0 0 1 1 0 0 11.843395 0 1 0 0 0 0 1 -7.663373 0 0 0 1 1 0 0 11.843395 0 1 0 0 0 0 1 -7.663373 0 0 0 1 1 0 0 11.843395 0 1 0 0 0 0 1 -7.663373 0 0 0 1 1 0 0 11.843395 0 1 0 0 0 0 1 -7.663373 0 0 0 1 1 0 0 11.843395 0 1 0 0 0 0 1 -7.663373 0 0 0 1 1 0 0 11.843395 0 1 0 0 0 0 1 -7.663373 0 0 0 1 1 0 0 11.843395 0 1 0 0 0 0 1 -7.663373 0 0 0 1 1 0 0 11.843395 0 1 0 0 0 0 1 -7.663373 0 0 0 1 1 0 0 11.843395 0 1 0 0 0 0 1 -7.663373 0 0 0 1 1 0 0 11.843395 0 1 0 0 0 0 1 -7.663373 0 0 0 1 1 0 0 11.843395 0 1 0 0 0 0 1 -7.663373 0 0 0 1 1 0 0 11.843395 0 1 0 0 0 0 1 -7.663373 0 0 0 1 1 0 0 11.843395 0 1 0 0 0 0 1 -7.663373 0 0 0 1 1 0 0 11.843395 0 1 0 0 0 0 1 -7.663373 0 0 0 1 1 0 0 11.843395 0 1 0 0 0 0 1 -7.663373 0 0 0 1 1 0 0 11.843395 0 1 0 0 0 0 1 -7.663373 0 0 0 1 1 0 0 11.843395 0 1 0 0 0 0 1 -7.663373 0 0 0 1 1 0 0 11.843395 0 1 0 0 0 0 1 -7.663373 0 0 0 1 1 0 0 11.843395 0 1 0 0 0 0 1 -7.663373 0 0 0 1 1 0 0 11.843395 0 1 0 0 0 0 1 -7.663373 0 0 0 1 1 0 0 11.843395 0 1 0 0 0 0 1 -7.663373 0 0 0 1 1 0 0 11.843395 0 1 0 0 0 0 1 -7.663373 0 0 0 1 1 0 0 11.843395 0 1 0 0 0 0 1 -7.663373 0 0 0 1 1 0 0 11.843395 0 1 0 0 0 0 1 -7.663373 0 0 0 1 1 0 0 11.843395 0 1 0 0 0 0 1 -7.663373 0 0 0 1 1 0 0 11.843395 0 1 0 0 0 0 1 -7.663373 0 0 0 1 1 0 0 11.843395 0 1 0 0 0 0 1 -7.663373 0 0 0 1 1 0 0 11.843395 0 1 0 0 0 0 1 -7.663373 0 0 0 1 1 0 0 11.843395 0 1 0 0 0 0 1 -7.663373 0 0 0 1 1 0 0 11.843395 0 1 0 0 0 0 1 -7.663373 0 0 0 1 1 0 0 11.843395 0 1 0 0 0 0 1 -7.663373 0 0 0 1 1 0 0 11.843395 0 1 0 0 0 0 1 -7.663373 0 0 0 1 1 0 0 11.843395 0 1 0 0 0 0 1 -7.663373 0 0 0 1 1 0 0 11.843395 0 1 0 0 0 0 1 -7.663373 0 0 0 1 1 0 0 11.843395 0 1 0 0 0 0 1 -7.663373 0 0 0 1 1 0 0 11.843395 0 1 0 0 0 0 1 -7.663373 0 0 0 1 1 0 0 11.843395 0 1 0 0 0 0 1 -7.663373 0 0 0 1 1 0 0 11.843395 0 1 0 0 0 0 1 -7.663373 0 0 0 1 1 0 0 11.843395 0 1 0 0 0 0 1 -7.663373 0 0 0 1 1 0 0 11.843395 0 1 0 0 0 0 1 -7.663373 0 0 0 1 1 0 0 11.843395 0 1 0 0 0 0 1 -7.663373 0 0 0 1 1 0 0 11.843395 0 1 0 0 0 0 1 -7.663373 0 0 0 1 1 0 0 11.843395 0 1 0 0 0 0 1 -7.663373 0 0 0 1 1 0 0 11.843395 0 1 0 0 0 0 1 -7.663373 0 0 0 1 1 0 0 11.843395 0 1 0 0 0 0 1 -7.663373 0 0 0 1 1 0 0 11.843395 0 1 0 0 0 0 1 -7.663373 0 0 0 1 1 0 0 11.843395 0 1 0 0 0 0 1 -7.663373 0 0 0 1 1 0 0 11.843395 0 1 0 0 0 0 1 -7.663373 0 0 0 1 1 0 0 11.843395 0 1 0 0 0 0 1 -7.663373 0 0 0 1 1 0 0 11.843395 0 1 0 0 0 0 1 -7.663373 0 0 0 1 1 0 0 11.843395 0 1 0 0 0 0 1 -7.663373 0 0 0 1 1 0 0 11.843395 0 1 0 0 0 0 1 -7.663373 0 0 0 1 1 0 0 11.843395 0 1 0 0 0 0 1 -7.663373 0 0 0 1 1 0 0 11.843395 0 1 0 0 0 0 1 -7.663373 0 0 0 1 1 0 0 11.843395 0 1 0 0 0 0 1 -7.663373 0 0 0 1 1 0 0 11.843395 0 1 0 0 0 0 1 -7.663373 0 0 0 1 1 0 0 11.843395 0 1 0 0 0 0 1 -7.663373 0 0 0 1 1 0 0 11.843395 0 1 0 0 0 0 1 -7.663373 0 0 0 1 1 0 0 11.843395 0 1 0 0 0 0 1 -7.663373 0 0 0 1 1 0 0 11.843395 0 1 0 0 0 0 1 -7.663373 0 0 0 1 1 0 0 11.843395 0 1 0 0 0 0 1 -7.663373 0 0 0 1 1 0 0 11.843395 0 1 0 0 0 0 1 -7.663373 0 0 0 1 1 0 0 11.843395 0 1 0 0 0 0 1 -7.663373 0 0 0 1 1 0 0 11.843395 0 1 0 0 0 0 1 -7.663373 0 0 0 1 1 0 0 11.843395 0 1 0 0 0 0 1 -7.663373 0 0 0 1 1 0 0 11.843395 0 1 0 0 0 0 1 -7.663373 0 0 0 1 1 0 0 11.843395 0 1 0 0 0 0 1 -7.663373 0 0 0 1 1 0 0 11.843395 0 1 0 0 0 0 1 -7.663373 0 0 0 1 1 0 0 11.843395 0 1 0 0 0 0 1 -7.663373 0 0 0 1 1 0 0 11.843395 0 1 0 0 0 0 1 -7.663373 0 0 0 1 1 0 0 11.843395 0 1 0 0 0 0 1 -7.663373 0 0 0 1 1 0 0 11.843395 0 1 0 0 0 0 1 -7.663373 0 0 0 1 1 0 0 11.843395 0 1 0 0 0 0 1 -7.663373 0 0 0 1 1 0 0 11.843395 0 1 0 0 0 0 1 -7.663373 0 0 0 1 1 0 0 11.843395 0 1 0 0 0 0 1 -7.663373 0 0 0 1 1 0 0 11.843395 0 1 0 0 0 0 1 -7.663373 0 0 0 1 1 0 0 11.843395 0 1 0 0 0 0 1 -7.663373 0 0 0 1 1 0 0 11.843395 0 1 0 0 0 0 1 -7.663373 0 0 0 1 1 0 0 11.843395 0 1 0 0 0 0 1 -7.663373 0 0 0 1 1 0 0 11.843395 0 1 0 0 0 0 1 -7.663373 0 0 0 1</float_array>
        <technique_common>
          <accessor source="#Motion_55_RToe_transform_pose_array_id" count="86" stride="16">
            <param name="TRANSFORM" type="float4x4" />
          </accessor>
        </technique_common>
      </source>
      <sampler id="Motion_55_RToe_transform_samp_id">
        <input semantic="INPUT" source="#Motion_55_RToe_transform_frame_id" />
        <input semantic="INTERPOLATION" source="#Motion_55_RToe_transform_interp_id" />
        <input semantic="OUTPUT" source="#Motion_55_RToe_transform_pose_id" />
      </sampler>
      <channel source="#Motion_55_RToe_transform_samp_id" target="RToe_bone_id/transform" />
    </animation>
  </library_animations>
  <library_visual_scenes>
    <visual_scene id="tr0026_00_fi_00_clip_id" name="tr0026_00_fi_00_clip">
      <node id="tr0026_00_fi_bone_id" name="tr0026_00_fi" sid="tr0026_00_fi" type="JOINT">
        <matrix sid="transform">1 0 0 0 0 1 0 0 0 0 1 0 0 0 0 1</matrix>
        <node id="Origin_bone_id" name="Origin" sid="Origin" type="JOINT">
          <matrix sid="transform">1 0 0 0 0 1 0 0 0 0 1 0 0 0 0 1</matrix>
          <node id="Waist_bone_id" name="Waist" sid="Waist" type="JOINT">
            <matrix sid="transform">3.1391647E-07 -1 0 0 1 3.1391647E-07 0 79.35581 0 0 1 0 0 0 0 1</matrix>
            <node id="Spine2_bone_id" name="Spine2" sid="Spine2" type="JOINT">
              <matrix sid="transform">1 0 0 16.055712 0 1 0 0 0 0 1 0 0 0 0 1</matrix>
              <node id="Spine3_bone_id" name="Spine3" sid="Spine3" type="JOINT">
                <matrix sid="transform">0.9947531 0 0.1023047 16.055712 0 1 0 0 -0.1023047 0 0.9947531 0 0 0 0 1</matrix>
                <node id="Neck_bone_id" name="Neck" sid="Neck" type="JOINT">
                  <matrix sid="transform">0.825839 0 -0.563906 24.5 0 1 0 0 0.563906 0 0.825839 0 0 0 0 1</matrix>
                  <node id="Head_bone_id" name="Head" sid="Head" type="JOINT">
                    <matrix sid="transform">0.8791961 0 0.4764601 3.962155 0 1 0 0 -0.4764601 0 0.8791961 0 0 0 0 1</matrix>
                    <node id="Loc_Head_bone_id" name="Loc_Head" sid="Loc_Head" type="JOINT">
                      <matrix sid="transform">3.1391647E-07 1 0 31.679083 -1 3.1391647E-07 0 0 0 0 1 0.959224 0 0 0 1</matrix>
                    </node>
                    <node id="Loc_Eye_bone_id" name="Loc_Eye" sid="Loc_Eye" type="JOINT">
                      <matrix sid="transform">3.1391647E-07 1 0 12.96022 -1 3.1391647E-07 0 0 0 0 1 15.983492 0 0 0 1</matrix>
                    </node>
                    <node id="Loc_Mouth_bone_id" name="Loc_Mouth" sid="Loc_Mouth" type="JOINT">
                      <matrix sid="transform">3.1391647E-07 1 0 4.677495 -1 3.1391647E-07 0 0 0 0 1 15.736393 0 0 0 1</matrix>
                    </node>
                  </node>
                </node>
                <node id="LShoulder_bone_id" name="LShoulder" sid="LShoulder" type="JOINT">
                  <matrix sid="transform">-0.19636649 0.97517896 -0.10230453 20.00505 -0.98032266 -0.19740218 5.2161283E-07 -7.197387 -0.020194627 0.10029155 0.9947531 -0.2071 0 0 0 1</matrix>
                  <node id="LArm_bone_id" name="LArm" sid="LArm" type="JOINT">
                    <matrix sid="transform">0.98032266 -0.19740194 0 17.0399 0.19740194 0.98032266 0 0 0 0 1 0 0 0 0 1</matrix>
                    <node id="LForeArm_bone_id" name="LForeArm" sid="LForeArm" type="JOINT">
                      <matrix sid="transform">1 0 0 25.1 0 1 0 0 0 0 1 0 0 0 0 1</matrix>
                      <node id="LHand_bone_id" name="LHand" sid="LHand" type="JOINT">
                        <matrix sid="transform">1 0 0 25.1 0 1 0 0 0 0 1 0 0 0 0 1</matrix>
                        <node id="LFingerA_bone_id" name="LFingerA" sid="LFingerA" type="JOINT">
                          <matrix sid="transform">0.7001143 0.69465846 -0.16519563 4.177428 -0.6760927 0.7193397 0.1595276 -3.154637 0.22964898 0 0.9732735 4.612516 0 0 0 1</matrix>
                        </node>
                        <node id="LFingerB1_bone_id" name="LFingerB1" sid="LFingerB1" type="JOINT">
                          <matrix sid="transform">1 0 0 9.312 0 1 0 0 0 0 1 0 0 0 0 1</matrix>
                          <node id="LFingerB2_bone_id" name="LFingerB2" sid="LFingerB2" type="JOINT">
                            <matrix sid="transform">0.76604426 0.6427878 0 5.2 -0.6427878 0.76604426 0 3E-06 0 0 1 0 0 0 0 1</matrix>
                          </node>
                        </node>
                      </node>
                      <node id="LForeArmEX_bone_id" name="LForeArmEX" sid="LForeArmEX" type="JOINT">
                        <matrix sid="transform">1 0 0 25.09 0 1 0 0 0 0 1 0 0 0 0 1</matrix>
                      </node>
                    </node>
                  </node>
                </node>
                <node id="RShoulder_bone_id" name="RShoulder" sid="RShoulder" type="JOINT">
                  <matrix sid="transform">-0.19636649 -0.97517896 -0.10230453 20.00505 0.98032266 -0.19740218 -5.2161283E-07 7.197387 -0.020194627 -0.10029155 0.9947531 -0.2071 0 0 0 1</matrix>
                  <node id="RArm_bone_id" name="RArm" sid="RArm" type="JOINT">
                    <matrix sid="transform">0.98032266 0.19740194 0 17.0399 -0.19740194 0.98032266 0 0 0 0 1 0 0 0 0 1</matrix>
                    <node id="RForeArm_bone_id" name="RForeArm" sid="RForeArm" type="JOINT">
                      <matrix sid="transform">1 0 0 25.1 0 1 0 0 0 0 1 0 0 0 0 1</matrix>
                      <node id="RHand_bone_id" name="RHand" sid="RHand" type="JOINT">
                        <matrix sid="transform">1 0 0 25.1 0 1 0 0 0 0 1 0 0 0 0 1</matrix>
                        <node id="RFingerA_bone_id" name="RFingerA" sid="RFingerA" type="JOINT">
                          <matrix sid="transform">0.7001143 -0.69465846 -0.16519563 4.177428 0.6760927 0.7193397 -0.1595276 3.154637 0.22964898 0 0.9732735 4.612516 0 0 0 1</matrix>
                        </node>
                        <node id="RFingerB1_bone_id" name="RFingerB1" sid="RFingerB1" type="JOINT">
                          <matrix sid="transform">1 0 0 9.312 0 1 0 0 0 0 1 0 0 0 0 1</matrix>
                          <node id="RFingerB2_bone_id" name="RFingerB2" sid="RFingerB2" type="JOINT">
                            <matrix sid="transform">0.76604426 -0.6427878 0 5.2 0.6427878 0.76604426 0 0 0 0 1 0 0 0 0 1</matrix>
                          </node>
                        </node>
                      </node>
                      <node id="RForeArmEX_bone_id" name="RForeArmEX" sid="RForeArmEX" type="JOINT">
                        <matrix sid="transform">1 0 0 25.09 0 1 0 0 0 0 1 0 0 0 0 1</matrix>
                      </node>
                    </node>
                  </node>
                </node>
              </node>
            </node>
            <node id="Hips_bone_id" name="Hips" sid="Hips" type="JOINT">
              <matrix sid="transform">-1 -3.2584137E-07 0 -0.009229 3.2584137E-07 -1 0 0 0 0 1 0 0 0 0 1</matrix>
              <node id="LThigh_bone_id" name="LThigh" sid="LThigh" type="JOINT">
                <matrix sid="transform">1 0 0 12.087925 0 1 0 14.994 0 0 1 0 0 0 0 1</matrix>
                <node id="LLeg_bone_id" name="LLeg" sid="LLeg" type="JOINT">
                  <matrix sid="transform">1 0 0 27.682259 0 1 0 0 0 0 1 0 0 0 0 1</matrix>
                  <node id="LFoot_bone_id" name="LFoot" sid="LFoot" type="JOINT">
                    <matrix sid="transform">3.1391647E-07 0 -1 27.682259 0 1 0 0 1 0 3.1391647E-07 0 0 0 0 1</matrix>
                    <node id="LToe_bone_id" name="LToe" sid="LToe" type="JOINT">
                      <matrix sid="transform">1 0 0 11.843395 0 1 0 0 0 0 1 -7.663373 0 0 0 1</matrix>
                    </node>
                  </node>
                </node>
              </node>
              <node id="RThigh_bone_id" name="RThigh" sid="RThigh" type="JOINT">
                <matrix sid="transform">1 0 0 12.087918 0 1 0 -14.994 0 0 1 0 0 0 0 1</matrix>
                <node id="RLeg_bone_id" name="RLeg" sid="RLeg" type="JOINT">
                  <matrix sid="transform">1 0 0 27.682259 0 1 0 0 0 0 1 0 0 0 0 1</matrix>
                  <node id="RFoot_bone_id" name="RFoot" sid="RFoot" type="JOINT">
                    <matrix sid="transform">3.1391647E-07 0 -1 27.682259 0 1 0 0 1 0 3.1391647E-07 0 0 0 0 1</matrix>
                    <node id="RToe_bone_id" name="RToe" sid="RToe" type="JOINT">
                      <matrix sid="transform">1 0 0 11.843395 0 1 0 0 0 0 1 -7.663373 0 0 0 1</matrix>
                    </node>
                  </node>
                </node>
              </node>
            </node>
            <node id="LSkirtA_bone_id" name="LSkirtA" sid="LSkirtA" type="JOINT">
              <matrix sid="transform">-0.9967024 0.080582745 -0.009526638 3.074571 -0.01552165 -0.3045724 -0.9523627 -30.58 -0.07964555 -0.9490743 0.30481884 16.465 0 0 0 1</matrix>
            </node>
            <node id="LSkirtB_bone_id" name="LSkirtB" sid="LSkirtB" type="JOINT">
              <matrix sid="transform">-0.9980212 -0.056853913 -0.026859 3.038571 -0.03485208 0.8557045 -0.51628995 -19.4726 0.05233646 -0.5143322 -0.8559926 -18.9042 0 0 0 1</matrix>
            </node>
            <node id="RSkirtA_bone_id" name="RSkirtA" sid="RSkirtA" type="JOINT">
              <matrix sid="transform">-0.9967024 -0.080582745 -0.009526638 3.074571 0.01552165 -0.3045724 0.9523627 30.58 -0.07964555 0.9490743 0.30481884 16.465 0 0 0 1</matrix>
            </node>
            <node id="RSkirtB_bone_id" name="RSkirtB" sid="RSkirtB" type="JOINT">
              <matrix sid="transform">-0.9980212 0.056853306 -0.026858933 3.038571 0.03485162 0.8557047 0.5162895 19.4726 0.052336078 0.51433176 -0.85599285 -18.9042 0 0 0 1</matrix>
            </node>
          </node>
          <node id="CamTgtHead_bone_id" name="CamTgtHead" sid="CamTgtHead" type="JOINT">
            <matrix sid="transform">1 0 0 0 0 1 0 152.28241 0 0 1 0 0 0 0 1</matrix>
          </node>
          <node id="CamTgtBust_bone_id" name="CamTgtBust" sid="CamTgtBust" type="JOINT">
            <matrix sid="transform">1 0 0 0 0 1 0 111.46723 0 0 1 0 0 0 0 1</matrix>
          </node>
          <node id="CamTgtBody_bone_id" name="CamTgtBody" sid="CamTgtBody" type="JOINT">
            <matrix sid="transform">1 0 0 0 0 1 0 79.35581 0 0 1 0 0 0 0 1</matrix>
          </node>
          <node id="CamTgtFoot_bone_id" name="CamTgtFoot" sid="CamTgtFoot" type="JOINT">
            <matrix sid="transform">1 0 0 0 0 1 0 0 0 0 1 0 0 0 0 1</matrix>
          </node>
        </node>
        <node id="tr0026_00_fi_HairSkin_bone_id" name="tr0026_00_fi_HairSkin" sid="tr0026_00_fi_HairSkin" type="JOINT">
          <matrix sid="transform">1 0 0 0 0 1 0 0 0 0 1 0 0 0 0 1</matrix>
        </node>
        <node id="tr0026_00_fi_FaceSkin_bone_id" name="tr0026_00_fi_FaceSkin" sid="tr0026_00_fi_FaceSkin" type="JOINT">
          <matrix sid="transform">1 0 0 0 0 1 0 0 0 0 1 0 0 0 0 1</matrix>
        </node>
        <node id="tr0026_00_fi_BodySkin_bone_id" name="tr0026_00_fi_BodySkin" sid="tr0026_00_fi_BodySkin" type="JOINT">
          <matrix sid="transform">1 0 0 0 0 1 0 0 0 0 1 0 0 0 0 1</matrix>
        </node>
        <node id="tr0026_00_fi_BodyInSideSkin_bone_id" name="tr0026_00_fi_BodyInSideSkin" sid="tr0026_00_fi_BodyInSideSkin" type="JOINT">
          <matrix sid="transform">1 0 0 0 0 1 0 0 0 0 1 0 0 0 0 1</matrix>
        </node>
      </node>
    </visual_scene>
  </library_visual_scenes>
  <scene>
    <instance_visual_scene url="#tr0026_00_fi_00_clip_id" />
  </scene>
</COLLADA>